# ic  density_f1
      -2   0.0000000000E+00
      -1   1.4826325816E-01
       0   8.1913519666E-01
       1   1.0103831639E+00
       2   1.0087125726E+00
       3   1.0071080266E+00
       4   1.0055614156E+00
       5   1.0040561228E+00
       6   1.0025938870E+00
       7   1.0011863457E+00
       8   9.9983066394E-01
       9   9.9850539047E-01
      10   9.9719900408E-01
      11   9.9594989149E-01
      12   9.9485953866E-01
      13   9.9405469480E-01
      14   9.9362381702E-01
      15   9.9357305397E-01
      16   9.9382068493E-01
      17   9.9423190359E-01
      18   9.9464806367E-01
      19   9.9489855464E-01
      20   9.9481549838E-01
      21   9.9426752124E-01
      22   9.9322727097E-01
      23   9.9182058819E-01
      24   9.9029796626E-01
      25   9.8893125344E-01
      26   9.8789948924E-01
      27   9.8722719538E-01
      28   9.8683558381E-01
      29   9.8671345980E-01
      30   9.8674279850E-01
      31   9.8692621724E-01
      32   9.8721627464E-01
      33   9.8750513789E-01
      34   9.8766861243E-01
      35   9.8762719126E-01
      36   9.8736422172E-01
      37   9.8689487833E-01
      38   9.8621881308E-01
      39   9.8531660524E-01
      40   9.8419495431E-01
      41   9.8292131157E-01
      42   9.8160253413E-01
      43   9.8028456392E-01
      44   9.7899333007E-01
      45   9.7780653522E-01
      46   9.7652560638E-01
      47   9.7525095067E-01
      48   9.7407975537E-01
      49   9.7309606863E-01
      50   9.7232159901E-01
      51   9.7172039400E-01
      52   9.7124591271E-01
      53   9.7087580176E-01
      54   9.7048710494E-01
      55   9.7043015924E-01
      56   9.7049183201E-01
      57   9.7051712640E-01
      58   9.7051405028E-01
      59   9.7041183368E-01
      60   9.7014069266E-01
      61   9.6963082874E-01
      62   9.6883599094E-01
      63   9.6769431198E-01
      64   9.6629338762E-01
      65   9.6517132455E-01
      66   9.6397533831E-01
      67   9.6295136358E-01
      68   9.6213729044E-01
      69   9.6141058095E-01
      70   9.6068453175E-01
      71   9.6045035299E-01
      72   9.5995457076E-01
      73   9.5940490766E-01
      74   9.5886568675E-01
      75   9.5818932604E-01
      76   9.5788152557E-01
      77   9.5797199357E-01
      78   9.5789444494E-01
      79   9.5775397668E-01
      80   9.5746382631E-01
      81   9.5697851101E-01
      82   9.5604518883E-01
      83   9.5556921329E-01
      84   9.5480929627E-01
      85   9.5378439957E-01
      86   9.5263497200E-01
      87   9.5145813883E-01
      88   9.4998029396E-01
      89   9.4929959220E-01
      90   9.4890144406E-01
      91   9.4848177140E-01
      92   9.4800824503E-01
      93   9.4786288308E-01
      94   9.4855622592E-01
      95   9.4894570256E-01
      96   9.4923355344E-01
      97   9.4887947074E-01
      98   9.4900033431E-01
      99   9.4865854378E-01
     100   9.4802781334E-01
     101   9.4734198276E-01
     102   9.4630935220E-01
     103   9.4537417405E-01
     104   9.4501192117E-01
     105   9.4421650646E-01
     106   9.4346537603E-01
     107   9.4254019452E-01
     108   9.4143121504E-01
     109   9.4132173532E-01
     110   9.4071926142E-01
     111   9.3977375329E-01
     112   9.3954526277E-01
     113   9.4015492814E-01
     114   9.4049230876E-01
     115   9.4038720305E-01
     116   9.4095558178E-01
     117   9.4155107829E-01
     118   9.4152560046E-01
     119   9.4114779836E-01
     120   9.3978104020E-01
     121   9.3904117704E-01
     122   9.3796376707E-01
     123   9.3656446211E-01
     124   9.3503364727E-01
     125   9.3323305415E-01
     126   9.3304420709E-01
     127   9.3227831099E-01
     128   9.3079955479E-01
     129   9.3092869782E-01
     130   9.3073360260E-01
     131   9.2959092150E-01
     132   9.2893512346E-01
     133   9.2892850218E-01
     134   9.2824999651E-01
     135   9.2698290501E-01
     136   9.2650875026E-01
     137   9.2699653732E-01
     138   9.2683678899E-01
     139   9.2604857802E-01
     140   9.2594506490E-01
     141   9.2680809931E-01
     142   9.2629046538E-01
     143   9.2640826056E-01
     144   9.2716532957E-01
     145   9.2657295342E-01
     146   9.2581904876E-01
     147   9.2660870078E-01
     148   9.2664717119E-01
     149   9.2622263268E-01
     150   9.2607111389E-01
     151   9.2710783696E-01
     152   9.2729017849E-01
     153   9.2704016624E-01
     154   9.2702959503E-01
     155   9.2827629908E-01
     156   9.2804527422E-01
     157   9.2751129253E-01
     158   9.2807268811E-01
     159   9.2744537388E-01
     160   9.2621796823E-01
     161   9.2679842318E-01
     162   9.2653739960E-01
     163   9.2570716876E-01
     164   9.2432480196E-01
     165   9.2472846027E-01
     166   9.2435022893E-01
     167   9.2353085914E-01
     168   9.2253793649E-01
     169   9.2310311204E-01
     170   9.2183952261E-01
     171   9.2111753173E-01
     172   9.2171755563E-01
     173   9.2092798552E-01
     174   9.2099774513E-01
     175   9.2213896857E-01
     176   9.2225154566E-01
     177   9.2124822929E-01
     178   9.2197354689E-01
     179   9.2244627287E-01
     180   9.2222973109E-01
     181   9.2095151915E-01
     182   9.2149678777E-01
     183   9.2069036654E-01
     184   9.1922819174E-01
     185   9.1978463513E-01
     186   9.1877239363E-01
     187   9.1751008972E-01
     188   9.1787890966E-01
     189   9.1688496137E-01
     190   9.1454458923E-01
     191   9.1449364217E-01
     192   9.1434362305E-01
     193   9.1324161383E-01
     194   9.1242919942E-01
     195   9.1352003084E-01
     196   9.1217218486E-01
     197   9.1325076074E-01
     198   9.1342138494E-01
     199   9.1232574686E-01
     200   9.1355443127E-01
     201   9.1330949425E-01
     202   9.1141581003E-01
     203   9.1173943812E-01
     204   9.1188727087E-01
     205   9.1079785656E-01
     206   9.1035273866E-01
     207   9.1148075870E-01
     208   9.1026683911E-01
     209   9.1176131400E-01
     210   9.1168097596E-01
     211   9.1125221354E-01
     212   9.1301835436E-01
     213   9.1327760606E-01
     214   9.1237688313E-01
     215   9.1399864902E-01
     216   9.1472074127E-01
     217   9.1424201553E-01
     218   9.1464470240E-01
     219   9.1586193677E-01
     220   9.1477178463E-01
     221   9.1582516446E-01
     222   9.1551327383E-01
     223   9.1405513002E-01
     224   9.1492542596E-01
     225   9.1458552165E-01
     226   9.1278199404E-01
     227   9.1293476417E-01
     228   9.1280525895E-01
     229   9.1120380324E-01
     230   9.0950790821E-01
     231   9.0958770426E-01
     232   9.0697215946E-01
     233   9.0723852739E-01
     234   9.0570396170E-01
     235   9.0462659478E-01
     236   9.0589267297E-01
     237   9.0539253445E-01
     238   9.0536410340E-01
     239   9.0790335676E-01
     240   9.0859540125E-01
     241   9.0820026148E-01
     242   9.1030397263E-01
     243   9.0947849546E-01
     244   9.1013940231E-01
     245   9.1033960448E-01
     246   9.0855189971E-01
     247   9.0951236919E-01
     248   9.0929612691E-01
     249   9.0761721467E-01
     250   9.0885944160E-01
     251   9.0970650352E-01
     252   9.0890671097E-01
     253   9.0934331527E-01
     254   9.1005868709E-01
     255   9.0878242372E-01
     256   9.0991175206E-01
     257   9.0831730182E-01
     258   9.0775421969E-01
     259   9.0815477514E-01
     260   9.0665799766E-01
     261   9.0566139824E-01
     262   9.0705473791E-01
     263   9.0690379592E-01
     264   9.0641567636E-01
     265   9.0887645149E-01
     266   9.0876216266E-01
     267   9.1121229972E-01
     268   9.1278195884E-01
     269   9.1312451915E-01
     270   9.1574621522E-01
     271   9.1682260334E-01
     272   9.1622987469E-01
     273   9.1685644078E-01
     274   9.1732632878E-01
     275   9.1668299064E-01
     276   9.1525461672E-01
     277   9.1639350815E-01
     278   9.1584231206E-01
     279   9.1668013771E-01
     280   9.1890383690E-01
     281   9.1985098560E-01
     282   9.2276488902E-01
     283   9.2624532715E-01
     284   9.2919198395E-01
     285   9.3145431731E-01
     286   9.3473893759E-01
     287   9.3800405996E-01
     288   9.4079699686E-01
     289   9.4355649327E-01
     290   9.4581931819E-01
     291   9.4873234654E-01
     292   9.5143732041E-01
     293   9.5381583486E-01
     294   9.5596784470E-01
     295   9.5801773010E-01
     296   9.6022256440E-01
     297   9.6176451084E-01
     298   9.6294337630E-01
     299   9.6384571054E-01
     300   9.6449594077E-01
     301   9.6494591063E-01
     302   9.6562667637E-01
     303   9.6597419363E-01
     304   9.6618930117E-01
     305   9.6631226325E-01
     306   9.6632447003E-01
     307   9.6614243890E-01
     308   9.6564634861E-01
     309   9.6460674886E-01
     310   9.6369171659E-01
     311   9.6268128894E-01
     312   9.6177408280E-01
     313   9.6115100721E-01
     314   9.6080566219E-01
     315   9.6067260895E-01
     316   9.6061372578E-01
     317   9.6062180549E-01
     318   9.6130276952E-01
     319   9.6197326627E-01
     320   9.6286502726E-01
     321   9.6400272704E-01
     322   9.6525015573E-01
     323   9.6710013024E-01
     324   9.6932097354E-01
     325   9.7173853045E-01
     326   9.7437329846E-01
     327   9.7708803292E-01
     328   9.7973410897E-01
     329   9.8214962977E-01
     330   9.8413494143E-01
     331   9.8544618804E-01
     332   9.8582096717E-01
     333   9.8509021668E-01
     334   9.8332051507E-01
     335   9.8061565546E-01
     336   9.7734410684E-01
     337   9.7391973470E-01
     338   9.7074365064E-01
     339   9.6814805459E-01
     340   9.6636875904E-01
     341   9.6553839330E-01
     342   9.6567891510E-01
     343   9.6656209660E-01
     344   9.6847772430E-01
     345   9.7075483888E-01
     346   9.7302857667E-01
     347   9.7507563849E-01
     348   9.7667445654E-01
     349   9.7771460238E-01
     350   9.7818644086E-01
     351   9.7815179037E-01
     352   9.7771949188E-01
     353   9.7703463585E-01
     354   9.7625178981E-01
     355   9.7547578827E-01
     356   9.7511346972E-01
     357   9.7495314149E-01
     358   9.7501270367E-01
     359   9.7524141629E-01
     360   9.7556209445E-01
     361   9.7590586069E-01
     362   9.7620284733E-01
     363   9.7629447150E-01
     364   9.7633465571E-01
     365   9.7618775660E-01
     366   9.7584663803E-01
     367   9.7546048159E-01
     368   9.7512548067E-01
     369   9.7489695501E-01
     370   9.7479314712E-01
     371   9.7483536730E-01
     372   9.7504726814E-01
     373   9.7556093137E-01
     374   9.7667680140E-01
     375   9.7818061414E-01
     376   9.8013244395E-01
     377   9.8241304965E-01
     378   9.8482231967E-01
     379   9.8710434342E-01
     380   9.8897248672E-01
     381   9.9015624330E-01
     382   9.9047038732E-01
     383   9.8987805813E-01
     384   9.8850201461E-01
     385   9.8657047005E-01
     386   9.8432785613E-01
     387   9.8196352116E-01
     388   9.7959058004E-01
     389   9.7725077137E-01
     390   9.7488624466E-01
     391   9.7282876829E-01
     392   9.7084635556E-01
     393   9.6896559431E-01
     394   9.6722100634E-01
     395   9.6565847581E-01
     396   9.6436690263E-01
     397   9.6345916136E-01
     398   9.6299229182E-01
     399   9.6292931029E-01
     400   9.6392326194E-01
     401   9.6535021279E-01
     402   9.6732640605E-01
     403   9.6980505279E-01
     404   9.7262243030E-01
     405   9.7547886507E-01
     406   9.7829798581E-01
     407   9.8071931671E-01
     408   9.8250320399E-01
     409   9.8362980147E-01
     410   9.8409087947E-01
     411   9.8393887144E-01
     412   9.8327972382E-01
     413   9.8226952958E-01
     414   9.8109665262E-01
     415   9.7995091903E-01
     416   9.7899479389E-01
     417   9.7832938698E-01
     418   9.7805726233E-01
     419   9.7844592711E-01
     420   9.7931350579E-01
     421   9.8066605916E-01
     422   9.8230334487E-01
     423   9.8389030241E-01
     424   9.8505709975E-01
     425   9.8552035206E-01
     426   9.8516405611E-01
     427   9.8403829776E-01
     428   9.8229918464E-01
     429   9.8014834632E-01
     430   9.7779937335E-01
     431   9.7545814412E-01
     432   9.7321148648E-01
     433   9.7123186763E-01
     434   9.6969835721E-01
     435   9.6825058950E-01
     436   9.6696801856E-01
     437   9.6590934999E-01
     438   9.6520322276E-01
     439   9.6497781605E-01
     440   9.6529289158E-01
     441   9.6599300743E-01
     442   9.6732882772E-01
     443   9.6923012759E-01
     444   9.7139920744E-01
     445   9.7392653269E-01
     446   9.7667111832E-01
     447   9.7942490892E-01
     448   9.8198686824E-01
     449   9.8422935647E-01
     450   9.8613513834E-01
     451   9.8779191032E-01
     452   9.8912192793E-01
     453   9.9013676089E-01
     454   9.9080624928E-01
     455   9.9111770428E-01
     456   9.9107209156E-01
     457   9.9064913114E-01
     458   9.8979774705E-01
     459   9.8848112973E-01
     460   9.8674348996E-01
     461   9.8473676420E-01
     462   9.8267556398E-01
     463   9.8074900645E-01
     464   9.7905749924E-01
     465   9.7761334696E-01
     466   9.7632069217E-01
     467   9.7527375775E-01
     468   9.7455636451E-01
     469   9.7399426881E-01
     470   9.7365970322E-01
     471   9.7352075495E-01
     472   9.7354241624E-01
     473   9.7371234128E-01
     474   9.7403852185E-01
     475   9.7452455151E-01
     476   9.7515263695E-01
     477   9.7584936963E-01
     478   9.7665274422E-01
     479   9.7772582933E-01
     480   9.7889130726E-01
     481   9.8023755561E-01
     482   9.8168015137E-01
     483   9.8306157480E-01
     484   9.8422264967E-01
     485   9.8507321962E-01
     486   9.8560922146E-01
     487   9.8587282581E-01
     488   9.8589420959E-01
     489   9.8566496258E-01
     490   9.8515847545E-01
     491   9.8436529675E-01
     492   9.8330167282E-01
     493   9.8198927997E-01
     494   9.8038483467E-01
     495   9.7855719849E-01
     496   9.7664145075E-01
     497   9.7464026397E-01
     498   9.7282580733E-01
     499   9.7143002281E-01
     500   9.7063546664E-01
     501   9.7052127923E-01
     502   9.7102185841E-01
     503   9.7245994015E-01
     504   9.7429863593E-01
     505   9.7637611556E-01
     506   9.7843639857E-01
     507   9.8019458637E-01
     508   9.8145296187E-01
     509   9.8214343553E-01
     510   9.8229889256E-01
     511   9.8198269635E-01
     512   9.8123213556E-01
     513   9.8001165679E-01
     514   9.7857221505E-01
     515   9.7691733492E-01
     516   9.7520329711E-01
     517   9.7359692687E-01
     518   9.7220207156E-01
     519   9.7110871910E-01
     520   9.7043822906E-01
     521   9.7035107847E-01
     522   9.7100321651E-01
     523   9.7245194638E-01
     524   9.7464896967E-01
     525   9.7768464068E-01
     526   9.8099055899E-01
     527   9.8436041870E-01
     528   9.8742736018E-01
     529   9.8975122123E-01
     530   9.9092154170E-01
     531   9.9069946459E-01
     532   9.8911859131E-01
     533   9.8646512560E-01
     534   9.8315569804E-01
     535   9.7960008731E-01
     536   9.7613581771E-01
     537   9.7304166634E-01
     538   9.7057017158E-01
     539   9.6885611685E-01
     540   9.6817602797E-01
     541   9.6883519918E-01
     542   9.7037808516E-01
     543   9.7285665313E-01
     544   9.7613985538E-01
     545   9.8005167032E-01
     546   9.8434898076E-01
     547   9.8871970310E-01
     548   9.9283123626E-01
     549   9.9640811116E-01
     550   9.9928508317E-01
     551   1.0014037174E+00
     552   1.0027669364E+00
     553   1.0034061449E+00
     554   1.0033886548E+00
     555   1.0028387326E+00
     556   1.0019316392E+00
     557   1.0008467920E+00
     558   9.9971016943E-01
     559   9.9856897905E-01
     560   9.9741743746E-01
     561   9.9624854626E-01
     562   9.9509217990E-01
     563   9.9401144983E-01
     564   9.9310042632E-01
     565   9.9240771799E-01
     566   9.9191406980E-01
     567   9.9154328682E-01
     568   9.9115881664E-01
     569   9.9059664710E-01
     570   9.8970214823E-01
     571   9.8837325811E-01
     572   9.8660038280E-01
     573   9.8449198550E-01
     574   9.8227052038E-01
     575   9.8023282221E-01
     576   9.7868083499E-01
     577   9.7784827440E-01
     578   9.7785416626E-01
     579   9.7868637447E-01
     580   9.8021841706E-01
     581   9.8247397333E-01
     582   9.8510100606E-01
     583   9.8795344123E-01
     584   9.9083695948E-01
     585   9.9352317744E-01
     586   9.9580511623E-01
     587   9.9753991083E-01
     588   9.9866322212E-01
     589   9.9916471865E-01
     590   9.9905266321E-01
     591   9.9834345822E-01
     592   9.9708479980E-01
     593   9.9538118976E-01
     594   9.9338238774E-01
     595   9.9123213302E-01
     596   9.8901586247E-01
     597   9.8674624065E-01
     598   9.8439477623E-01
     599   9.8193978195E-01
     600   9.7939076829E-01
     601   9.7678801260E-01
     602   9.7419816161E-01
     603   9.7172354540E-01
     604   9.6937025671E-01
     605   9.6773248081E-01
     606   9.6691908430E-01
     607   9.6696386918E-01
     608   9.6802787657E-01
     609   9.7004733771E-01
     610   9.7285157111E-01
     611   9.7621490341E-01
     612   9.7989584931E-01
     613   9.8364461585E-01
     614   9.8718784752E-01
     615   9.9023334861E-01
     616   9.9251156766E-01
     617   9.9383539116E-01
     618   9.9414789934E-01
     619   9.9353216504E-01
     620   9.9216057445E-01
     621   9.9029966639E-01
     622   9.8825560292E-01
     623   9.8633086643E-01
     624   9.8475756551E-01
     625   9.8364079453E-01
     626   9.8294199990E-01
     627   9.8252409704E-01
     628   9.8223470756E-01
     629   9.8197956303E-01
     630   9.8175423494E-01
     631   9.8160699714E-01
     632   9.8166554844E-01
     633   9.8217327229E-01
     634   9.8310697615E-01
     635   9.8460289568E-01
     636   9.8666492327E-01
     637   9.8917793829E-01
     638   9.9191973515E-01
     639   9.9461037481E-01
     640   9.9697538900E-01
     641   9.9879545012E-01
     642   9.9993620271E-01
     643   1.0003644536E+00
     644   1.0001571423E+00
     645   9.9948625097E-01
     646   9.9856045626E-01
     647   9.9754921879E-01
     648   9.9654036071E-01
     649   9.9556111496E-01
     650   9.9464312233E-01
     651   9.9386651329E-01
     652   9.9333595429E-01
     653   9.9311883078E-01
     654   9.9321364727E-01
     655   9.9358403649E-01
     656   9.9422661555E-01
     657   9.9519327425E-01
     658   9.9652601384E-01
     659   9.9816065411E-01
     660   9.9989155529E-01
     661   1.0014426530E+00
     662   1.0025955186E+00
     663   1.0032642197E+00
     664   1.0034623358E+00
     665   1.0032210851E+00
     666   1.0025537055E+00
     667   1.0014951216E+00
     668   1.0001507558E+00
     669   9.9866770845E-01
     670   9.9713339802E-01
     671   9.9550725708E-01
     672   9.9367109833E-01
     673   9.9156656401E-01
     674   9.8929963255E-01
     675   9.8711047324E-01
     676   9.8523420399E-01
     677   9.8377655788E-01
     678   9.8270837411E-01
     679   9.8215736349E-01
     680   9.8204527637E-01
     681   9.8249489079E-01
     682   9.8355110296E-01
     683   9.8510696392E-01
     684   9.8694118944E-01
     685   9.8883710283E-01
     686   9.9068794881E-01
     687   9.9249283407E-01
     688   9.9425847489E-01
     689   9.9592164885E-01
     690   9.9737493859E-01
     691   9.9857421697E-01
     692   9.9961051598E-01
     693   1.0006613994E+00
     694   1.0018606689E+00
     695   1.0032075528E+00
     696   1.0045971143E+00
     697   1.0059285161E+00
     698   1.0071746792E+00
     699   1.0083428808E+00
     700   1.0093762802E+00
     701   1.0101194106E+00
     702   1.0104040202E+00
     703   1.0101827797E+00
     704   1.0095777544E+00
     705   1.0087930990E+00
     706   1.0079681631E+00
     707   1.0071034922E+00
     708   1.0061071194E+00
     709   1.0048974698E+00
     710   1.0034533805E+00
     711   1.0017760922E+00
     712   9.9982353107E-01
     713   9.9750550004E-01
     714   9.9475738251E-01
     715   9.9162277957E-01
     716   9.8826308589E-01
     717   9.8489031580E-01
     718   9.8168168653E-01
     719   9.7874963995E-01
     720   9.7616906013E-01
     721   9.7401456751E-01
     722   9.7235927901E-01
     723   9.7123618281E-01
     724   9.7060107785E-01
     725   9.7029599409E-01
     726   9.7019043953E-01
     727   9.7057705296E-01
     728   9.7110182666E-01
     729   9.7200273361E-01
     730   9.7339129159E-01
     731   9.7529414454E-01
     732   9.7765715321E-01
     733   9.8036672590E-01
     734   9.8327776156E-01
     735   9.8622557906E-01
     736   9.8903199537E-01
     737   9.9152763782E-01
     738   9.9358650088E-01
     739   9.9515050237E-01
     740   9.9622261392E-01
     741   9.9683077926E-01
     742   9.9699193023E-01
     743   9.9670402324E-01
     744   9.9596693512E-01
     745   9.9481079558E-01
     746   9.9331958300E-01
     747   9.9166751417E-01
     748   9.9004255394E-01
     749   9.8866777018E-01
     750   9.8773878630E-01
     751   9.8739021019E-01
     752   9.8768256537E-01
     753   9.8860731031E-01
     754   9.9009539260E-01
     755   9.9201170318E-01
     756   9.9413813716E-01
     757   9.9617547533E-01
     758   9.9779472327E-01
     759   9.9873133804E-01
     760   9.9887216589E-01
     761   9.9827362618E-01
     762   9.9710771951E-01
     763   9.9558743779E-01
     764   9.9393163452E-01
     765   9.9237303599E-01
     766   9.9116258297E-01
     767   9.9052537176E-01
     768   9.9058549004E-01
     769   9.9131709898E-01
     770   9.9256485006E-01
     771   9.9411301240E-01
     772   9.9574061326E-01
     773   9.9721638820E-01
     774   9.9826813897E-01
     775   9.9859665763E-01
     776   9.9797244082E-01
     777   9.9635861442E-01
     778   9.9395860716E-01
     779   9.9113658844E-01
     780   9.8827069352E-01
     781   9.8564853387E-01
     782   9.8345463496E-01
     783   9.8181213115E-01
     784   9.8080083612E-01
     785   9.8042457690E-01
     786   9.8057300595E-01
     787   9.8103576475E-01
     788   9.8158010207E-01
     789   9.8204779568E-01
     790   9.8239180111E-01
     791   9.8263226492E-01
     792   9.8274239905E-01
     793   9.8280522510E-01
     794   9.8275486024E-01
     795   9.8258216484E-01
     796   9.8241107807E-01
     797   9.8234171497E-01
     798   9.8241748079E-01
     799   9.8261725659E-01
     800   9.8291030098E-01
     801   9.8332267935E-01
     802   9.8394509518E-01
     803   9.8486988520E-01
     804   9.8610949055E-01
     805   9.8756987484E-01
     806   9.8909744315E-01
     807   9.9055967879E-01
     808   9.9189610335E-01
     809   9.9310942251E-01
     810   9.9423088447E-01
     811   9.9531479588E-01
     812   9.9646530361E-01
     813   9.9785086537E-01
     814   9.9966271176E-01
     815   1.0020211405E+00
     816   1.0048961844E+00
     817   1.0081047933E+00
     818   1.0113810732E+00
     819   1.0144603261E+00
     820   1.0171194961E+00
     821   1.0191637451E+00
     822   1.0204183244E+00
     823   1.0207691384E+00
     824   1.0202232060E+00
     825   1.0189295350E+00
     826   1.0171232000E+00
     827   1.0150263258E+00
     828   1.0127849296E+00
     829   1.0104746402E+00
     830   1.0081386064E+00
     831   1.0058065689E+00
     832   1.0034817115E+00
     833   1.0011267552E+00
     834   9.9868955177E-01
     835   9.9615924045E-01
     836   9.9360040710E-01
     837   9.9113798643E-01
     838   9.8890934423E-01
     839   9.8702346824E-01
     840   9.8556138684E-01
     841   9.8460021803E-01
     842   9.8422171322E-01
     843   9.8449077400E-01
     844   9.8541892049E-01
     845   9.8694299280E-01
     846   9.8893575817E-01
     847   9.9124030244E-01
     848   9.9369639144E-01
     849   9.9614794957E-01
     850   9.9844293185E-01
     851   1.0004428836E+00
     852   1.0020512780E+00
     853   1.0032428874E+00
     854   1.0040662756E+00
     855   1.0046213948E+00
     856   1.0050358914E+00
     857   1.0054537515E+00
     858   1.0060309166E+00
     859   1.0069148155E+00
     860   1.0081969501E+00
     861   1.0098666265E+00
     862   1.0118019678E+00
     863   1.0138078432E+00
     864   1.0156776768E+00
     865   1.0172445551E+00
     866   1.0183985682E+00
     867   1.0190864833E+00
     868   1.0193131109E+00
     869   1.0191770751E+00
     870   1.0187123866E+00
     871   1.0179922810E+00
     872   1.0171863771E+00
     873   1.0162486180E+00
     874   1.0151621222E+00
     875   1.0139260842E+00
     876   1.0125659919E+00
     877   1.0111181906E+00
     878   1.0096167362E+00
     879   1.0081040960E+00
     880   1.0066530207E+00
     881   1.0053671471E+00
     882   1.0043478553E+00
     883   1.0036530487E+00
     884   1.0032863640E+00
     885   1.0032224928E+00
     886   1.0034399460E+00
     887   1.0039240579E+00
     888   1.0046323046E+00
     889   1.0054646841E+00
     890   1.0062758718E+00
     891   1.0069219986E+00
     892   1.0073025614E+00
     893   1.0073611742E+00
     894   1.0070559957E+00
     895   1.0063529329E+00
     896   1.0052611186E+00
     897   1.0038736955E+00
     898   1.0023616225E+00
     899   1.0009093914E+00
     900   9.9963555072E-01
     901   9.9857224576E-01
     902   9.9771559801E-01
     903   9.9708913941E-01
     904   9.9675928929E-01
     905   9.9678897584E-01
     906   9.9717513509E-01
     907   9.9783969645E-01
     908   9.9868338022E-01
     909   9.9964469328E-01
     910   1.0007056470E+00
     911   1.0018352632E+00
     912   1.0029222701E+00
     913   1.0037742374E+00
     914   1.0041877010E+00
     915   1.0040258467E+00
     916   1.0032440791E+00
     917   1.0018580107E+00
     918   9.9990947030E-01
     919   9.9748561960E-01
     920   9.9476814174E-01
     921   9.9204358862E-01
     922   9.8964371871E-01
     923   9.8785289685E-01
     924   9.8685203794E-01
     925   9.8673726441E-01
     926   9.8757742178E-01
     927   9.8943390735E-01
     928   9.9230574772E-01
     929   9.9603796007E-01
     930   1.0002760477E+00
     931   1.0045340024E+00
     932   1.0083496123E+00
     933   1.0114187062E+00
     934   1.0136188388E+00
     935   1.0149382420E+00
     936   1.0154031460E+00
     937   1.0150871351E+00
     938   1.0141793239E+00
     939   1.0130062780E+00
     940   1.0118527942E+00
     941   1.0110450310E+00
     942   1.0106264284E+00
     943   1.0105099005E+00
     944   1.0105852596E+00
     945   1.0107855358E+00
     946   1.0110601674E+00
     947   1.0113045857E+00
     948   1.0113435849E+00
     949   1.0110115595E+00
     950   1.0102640953E+00
     951   1.0092038340E+00
     952   1.0079822595E+00
     953   1.0066750264E+00
     954   1.0052515849E+00
     955   1.0036677156E+00
     956   1.0019881316E+00
     957   1.0004073477E+00
     958   9.9914318677E-01
     959   9.9830734303E-01
     960   9.9787217460E-01
     961   9.9775478219E-01
     962   9.9792778131E-01
     963   9.9843914003E-01
     964   9.9932438853E-01
     965   1.0005157186E+00
     966   1.0018554304E+00
     967   1.0032186109E+00
     968   1.0046297426E+00
     969   1.0062445122E+00
     970   1.0081949609E+00
     971   1.0104380931E+00
     972   1.0127600879E+00
     973   1.0148992515E+00
     974   1.0166023946E+00
     975   1.0179245027E+00
     976   1.0188148823E+00
     977   1.0191492324E+00
     978   1.0187604371E+00
     979   1.0175908826E+00
     980   1.0157926014E+00
     981   1.0136634710E+00
     982   1.0114753163E+00
     983   1.0093635914E+00
     984   1.0073685483E+00
     985   1.0055582241E+00
     986   1.0040870889E+00
     987   1.0031255633E+00
     988   1.0027358768E+00
     989   1.0028341719E+00
     990   1.0032876163E+00
     991   1.0040521846E+00
     992   1.0052104213E+00
     993   1.0068694196E+00
     994   1.0090137877E+00
     995   1.0114602293E+00
     996   1.0139534188E+00
     997   1.0163289554E+00
     998   1.0184882610E+00
     999   1.0202737441E+00
    1000   1.0216951551E+00
    1001   1.0225615610E+00
    1002   1.0228117661E+00
    1003   1.0225594525E+00
    1004   1.0220262692E+00
    1005   1.0213774464E+00
    1006   1.0206052498E+00
    1007   1.0195643060E+00
    1008   1.0181119098E+00
    1009   1.0162122552E+00
    1010   1.0139248244E+00
    1011   1.0113322668E+00
    1012   1.0084884167E+00
    1013   1.0055039536E+00
    1014   1.0026514164E+00
    1015   1.0002597174E+00
    1016   9.9867393240E-01
    1017   9.9810775597E-01
    1018   9.9858680833E-01
    1019   9.9998771804E-01
    1020   1.0021094704E+00
    1021   1.0047107860E+00
    1022   1.0075062647E+00
    1023   1.0101747502E+00
    1024   1.0124185178E+00
    1025   1.0140556863E+00
    1026   1.0150674437E+00
    1027   1.0155555196E+00
    1028   1.0156469643E+00
    1029   1.0154272236E+00
    1030   1.0149374286E+00
    1031   1.0142072864E+00
    1032   1.0132623986E+00
    1033   1.0120917674E+00
    1034   1.0106250780E+00
    1035   1.0087703896E+00
    1036   1.0064938264E+00
    1037   1.0038796761E+00
    1038   1.0011197834E+00
    1039   9.9844544937E-01
    1040   9.9606174035E-01
    1041   9.9412653597E-01
    1042   9.9275868099E-01
    1043   9.9203907422E-01
    1044   9.9198936900E-01
    1045   9.9255308794E-01
    1046   9.9361200244E-01
    1047   9.9503492187E-01
    1048   9.9671487798E-01
    1049   9.9856499500E-01
    1050   1.0004844217E+00
    1051   1.0023410104E+00
    1052   1.0040086797E+00
    1053   1.0054380767E+00
    1054   1.0066924488E+00
    1055   1.0079108583E+00
    1056   1.0092246555E+00
    1057   1.0106902987E+00
    1058   1.0122818535E+00
    1059   1.0139227779E+00
    1060   1.0155111047E+00
    1061   1.0169618046E+00
    1062   1.0179948975E+00
    1063   1.0185269995E+00
    1064   1.0185229047E+00
    1065   1.0180179802E+00
    1066   1.0171593812E+00
    1067   1.0161151732E+00
    1068   1.0150306377E+00
    1069   1.0140424485E+00
    1070   1.0133120141E+00
    1071   1.0130134527E+00
    1072   1.0132586102E+00
    1073   1.0140125471E+00
    1074   1.0151091560E+00
    1075   1.0161626563E+00
    1076   1.0169224211E+00
    1077   1.0172384355E+00
    1078   1.0170187908E+00
    1079   1.0162754880E+00
    1080   1.0150879311E+00
    1081   1.0136060586E+00
    1082   1.0120383822E+00
    1083   1.0106073103E+00
    1084   1.0094983322E+00
    1085   1.0088433804E+00
    1086   1.0087479295E+00
    1087   1.0093258682E+00
    1088   1.0106916486E+00
    1089   1.0129079783E+00
    1090   1.0159328364E+00
    1091   1.0196120100E+00
    1092   1.0237804670E+00
    1093   1.0282208788E+00
    1094   1.0324411080E+00
    1095   1.0365256737E+00
    1096   1.0401884564E+00
    1097   1.0432327074E+00
    1098   1.0455043840E+00
    1099   1.0471794463E+00
    1100   1.0476013769E+00
    1101   1.0468430462E+00
    1102   1.0454922243E+00
    1103   1.0434873885E+00
    1104   1.0411085038E+00
    1105   1.0387832577E+00
    1106   1.0361055598E+00
    1107   1.0337795540E+00
    1108   1.0318956711E+00
    1109   1.0305390753E+00
    1110   1.0298443934E+00
    1111   1.0299517218E+00
    1112   1.0305602141E+00
    1113   1.0314437819E+00
    1114   1.0326213517E+00
    1115   1.0337788613E+00
    1116   1.0347014125E+00
    1117   1.0351625531E+00
    1118   1.0349976306E+00
    1119   1.0343323757E+00
    1120   1.0328358553E+00
    1121   1.0311070666E+00
    1122   1.0293567345E+00
    1123   1.0275952048E+00
    1124   1.0258708844E+00
    1125   1.0242764034E+00
    1126   1.0229594995E+00
    1127   1.0220489780E+00
    1128   1.0215781317E+00
    1129   1.0215558388E+00
    1130   1.0218157817E+00
    1131   1.0224088833E+00
    1132   1.0235347117E+00
    1133   1.0252031029E+00
    1134   1.0273696157E+00
    1135   1.0299079142E+00
    1136   1.0326947348E+00
    1137   1.0356473907E+00
    1138   1.0388948335E+00
    1139   1.0417444652E+00
    1140   1.0439675516E+00
    1141   1.0455769535E+00
    1142   1.0463709939E+00
    1143   1.0466225502E+00
    1144   1.0455978223E+00
    1145   1.0443390753E+00
    1146   1.0427651103E+00
    1147   1.0409727941E+00
    1148   1.0392683767E+00
    1149   1.0380684966E+00
    1150   1.0369612646E+00
    1151   1.0365311601E+00
    1152   1.0365009132E+00
    1153   1.0366718353E+00
    1154   1.0369239897E+00
    1155   1.0371399234E+00
    1156   1.0373206372E+00
    1157   1.0366848888E+00
    1158   1.0355951061E+00
    1159   1.0341715907E+00
    1160   1.0325692151E+00
    1161   1.0310326701E+00
    1162   1.0297164251E+00
    1163   1.0287020048E+00
    1164   1.0281092390E+00
    1165   1.0276259266E+00
    1166   1.0275368960E+00
    1167   1.0276694761E+00
    1168   1.0277864183E+00
    1169   1.0276807597E+00
    1170   1.0272185747E+00
    1171   1.0264045468E+00
    1172   1.0251617826E+00
    1173   1.0234173419E+00
    1174   1.0215214043E+00
    1175   1.0195845011E+00
    1176   1.0178875291E+00
    1177   1.0166829087E+00
    1178   1.0160877269E+00
    1179   1.0160541276E+00
    1180   1.0164300366E+00
    1181   1.0170528293E+00
    1182   1.0178092893E+00
    1183   1.0186331302E+00
    1184   1.0194812398E+00
    1185   1.0203804684E+00
    1186   1.0211327086E+00
    1187   1.0218341269E+00
    1188   1.0224903502E+00
    1189   1.0230311691E+00
    1190   1.0234025688E+00
    1191   1.0235703752E+00
    1192   1.0235382884E+00
    1193   1.0233317272E+00
    1194   1.0229700820E+00
    1195   1.0224713101E+00
    1196   1.0219120155E+00
    1197   1.0214903083E+00
    1198   1.0212384410E+00
    1199   1.0215618280E+00
    1200   1.0225168783E+00
    1201   1.0240372780E+00
    1202   1.0259526654E+00
    1203   1.0280285789E+00
    1204   1.0300054921E+00
    1205   1.0316192054E+00
    1206   1.0327013036E+00
    1207   1.0331156725E+00
    1208   1.0325209051E+00
    1209   1.0315603021E+00
    1210   1.0303113979E+00
    1211   1.0289584048E+00
    1212   1.0276494493E+00
    1213   1.0265507590E+00
    1214   1.0258022592E+00
    1215   1.0252856092E+00
    1216   1.0252886619E+00
    1217   1.0256016509E+00
    1218   1.0260531608E+00
    1219   1.0265272406E+00
    1220   1.0269961344E+00
    1221   1.0274745882E+00
    1222   1.0279471799E+00
    1223   1.0284622388E+00
    1224   1.0286680049E+00
    1225   1.0286545700E+00
    1226   1.0285338532E+00
    1227   1.0281870433E+00
    1228   1.0275013021E+00
    1229   1.0263439753E+00
    1230   1.0246568378E+00
    1231   1.0225034445E+00
    1232   1.0200316643E+00
    1233   1.0174039993E+00
    1234   1.0147801722E+00
    1235   1.0122457268E+00
    1236   1.0101264687E+00
    1237   1.0086481430E+00
    1238   1.0079779944E+00
    1239   1.0081369156E+00
    1240   1.0089874762E+00
    1241   1.0103051849E+00
    1242   1.0118554487E+00
    1243   1.0134125511E+00
    1244   1.0147338339E+00
    1245   1.0155567788E+00
    1246   1.0156626100E+00
    1247   1.0149649687E+00
    1248   1.0135425327E+00
    1249   1.0115825392E+00
    1250   1.0092904499E+00
    1251   1.0068472083E+00
    1252   1.0044354489E+00
    1253   1.0022766403E+00
    1254   1.0006131754E+00
    1255   9.9963484583E-01
    1256   9.9941430139E-01
    1257   9.9990912910E-01
    1258   1.0010195579E+00
    1259   1.0026404204E+00
    1260   1.0046542321E+00
    1261   1.0068850315E+00
    1262   1.0090818621E+00
    1263   1.0109769697E+00
    1264   1.0123866397E+00
    1265   1.0132917604E+00
    1266   1.0136781442E+00
    1267   1.0137078295E+00
    1268   1.0134741841E+00
    1269   1.0130689287E+00
    1270   1.0126381267E+00
    1271   1.0123569017E+00
    1272   1.0123602679E+00
    1273   1.0126866227E+00
    1274   1.0132956136E+00
    1275   1.0141406430E+00
    1276   1.0152193991E+00
    1277   1.0165545110E+00
    1278   1.0181298187E+00
    1279   1.0198889776E+00
    1280   1.0217531799E+00
    1281   1.0234872988E+00
    1282   1.0252912382E+00
    1283   1.0271035139E+00
    1284   1.0288197586E+00
    1285   1.0302652566E+00
    1286   1.0312884052E+00
    1287   1.0318493532E+00
    1288   1.0321029947E+00
    1289   1.0319875597E+00
    1290   1.0313401589E+00
    1291   1.0304973930E+00
    1292   1.0293474611E+00
    1293   1.0280388916E+00
    1294   1.0267894184E+00
    1295   1.0257845307E+00
    1296   1.0251267580E+00
    1297   1.0248819190E+00
    1298   1.0251838034E+00
    1299   1.0258104254E+00
    1300   1.0269776871E+00
    1301   1.0284903097E+00
    1302   1.0300786258E+00
    1303   1.0315292323E+00
    1304   1.0327397699E+00
    1305   1.0336900432E+00
    1306   1.0344366114E+00
    1307   1.0348049108E+00
    1308   1.0343886542E+00
    1309   1.0336796158E+00
    1310   1.0326598684E+00
    1311   1.0315265541E+00
    1312   1.0304319544E+00
    1313   1.0295509094E+00
    1314   1.0285748542E+00
    1315   1.0278697625E+00
    1316   1.0275807449E+00
    1317   1.0277344523E+00
    1318   1.0283110574E+00
    1319   1.0292272604E+00
    1320   1.0304239033E+00
    1321   1.0319718067E+00
    1322   1.0338204681E+00
    1323   1.0354609715E+00
    1324   1.0370477727E+00
    1325   1.0381174951E+00
    1326   1.0384492250E+00
    1327   1.0379748916E+00
    1328   1.0367708281E+00
    1329   1.0348572626E+00
    1330   1.0318866805E+00
    1331   1.0285660260E+00
    1332   1.0249915022E+00
    1333   1.0214579897E+00
    1334   1.0181886350E+00
    1335   1.0152607421E+00
    1336   1.0126580702E+00
    1337   1.0103642951E+00
    1338   1.0084008238E+00
    1339   1.0067836068E+00
    1340   1.0054718229E+00
    1341   1.0043886673E+00
    1342   1.0035106197E+00
    1343   1.0029364741E+00
    1344   1.0028561007E+00
    1345   1.0034342356E+00
    1346   1.0047056820E+00
    1347   1.0065648904E+00
    1348   1.0088449787E+00
    1349   1.0114028258E+00
    1350   1.0141688275E+00
    1351   1.0169232187E+00
    1352   1.0195252145E+00
    1353   1.0218032331E+00
    1354   1.0236350358E+00
    1355   1.0250317880E+00
    1356   1.0260740148E+00
    1357   1.0268217161E+00
    1358   1.0272794507E+00
    1359   1.0275408275E+00
    1360   1.0273581179E+00
    1361   1.0269840274E+00
    1362   1.0265764179E+00
    1363   1.0261137779E+00
    1364   1.0256085854E+00
    1365   1.0251059100E+00
    1366   1.0247099107E+00
    1367   1.0245262619E+00
    1368   1.0245976827E+00
    1369   1.0248290240E+00
    1370   1.0248027874E+00
    1371   1.0246578028E+00
    1372   1.0243172631E+00
    1373   1.0238694517E+00
    1374   1.0234270053E+00
    1375   1.0230544938E+00
    1376   1.0227653844E+00
    1377   1.0225516525E+00
    1378   1.0224032415E+00
    1379   1.0223181118E+00
    1380   1.0223454656E+00
    1381   1.0222850300E+00
    1382   1.0223991949E+00
    1383   1.0227570494E+00
    1384   1.0233944347E+00
    1385   1.0242653660E+00
    1386   1.0252161342E+00
    1387   1.0260512527E+00
    1388   1.0266177360E+00
    1389   1.0268484767E+00
    1390   1.0267764344E+00
    1391   1.0264499129E+00
    1392   1.0256384867E+00
    1393   1.0246888107E+00
    1394   1.0235549099E+00
    1395   1.0222711652E+00
    1396   1.0208732418E+00
    1397   1.0193870177E+00
    1398   1.0178430370E+00
    1399   1.0162877604E+00
    1400   1.0147751592E+00
    1401   1.0133755541E+00
    1402   1.0121125397E+00
    1403   1.0110869840E+00
    1404   1.0104891857E+00
    1405   1.0104751467E+00
    1406   1.0111840380E+00
    1407   1.0126493637E+00
    1408   1.0147719424E+00
    1409   1.0173398102E+00
    1410   1.0200654533E+00
    1411   1.0226171845E+00
    1412   1.0246541646E+00
    1413   1.0258903574E+00
    1414   1.0261772272E+00
    1415   1.0256242106E+00
    1416   1.0242361976E+00
    1417   1.0222824617E+00
    1418   1.0200774514E+00
    1419   1.0176583261E+00
    1420   1.0151352729E+00
    1421   1.0126612402E+00
    1422   1.0104119413E+00
    1423   1.0085145994E+00
    1424   1.0070063959E+00
    1425   1.0058651754E+00
    1426   1.0050812047E+00
    1427   1.0046901275E+00
    1428   1.0047287734E+00
    1429   1.0051527651E+00
    1430   1.0058060164E+00
    1431   1.0064790498E+00
    1432   1.0070088427E+00
    1433   1.0073255665E+00
    1434   1.0074154424E+00
    1435   1.0072536592E+00
    1436   1.0068024867E+00
    1437   1.0060870588E+00
    1438   1.0052664770E+00
    1439   1.0046019004E+00
    1440   1.0043217262E+00
    1441   1.0044855207E+00
    1442   1.0049658530E+00
    1443   1.0055573700E+00
    1444   1.0061109518E+00
    1445   1.0065780406E+00
    1446   1.0069476322E+00
    1447   1.0071342276E+00
    1448   1.0070576269E+00
    1449   1.0066716074E+00
    1450   1.0060616811E+00
    1451   1.0054025730E+00
    1452   1.0048281268E+00
    1453   1.0043392332E+00
    1454   1.0038423049E+00
    1455   1.0032823258E+00
    1456   1.0027374512E+00
    1457   1.0023809512E+00
    1458   1.0023494846E+00
    1459   1.0026504975E+00
    1460   1.0032007145E+00
    1461   1.0039529165E+00
    1462   1.0049769096E+00
    1463   1.0064058366E+00
    1464   1.0082948110E+00
    1465   1.0105287569E+00
    1466   1.0128692694E+00
    1467   1.0150936536E+00
    1468   1.0170869851E+00
    1469   1.0188051192E+00
    1470   1.0201664463E+00
    1471   1.0210129951E+00
    1472   1.0212074465E+00
    1473   1.0207781566E+00
    1474   1.0199899859E+00
    1475   1.0191178174E+00
    1476   1.0183350741E+00
    1477   1.0178623571E+00
    1478   1.0176696128E+00
    1479   1.0178369261E+00
    1480   1.0184950684E+00
    1481   1.0196898138E+00
    1482   1.0212528097E+00
    1483   1.0228189599E+00
    1484   1.0239930660E+00
    1485   1.0246057132E+00
    1486   1.0244059398E+00
    1487   1.0234495862E+00
    1488   1.0218434811E+00
    1489   1.0195148310E+00
    1490   1.0165958520E+00
    1491   1.0134235316E+00
    1492   1.0104355948E+00
    1493   1.0079677625E+00
    1494   1.0061213403E+00
    1495   1.0048064768E+00
    1496   1.0038972512E+00
    1497   1.0033477449E+00
    1498   1.0031672437E+00
    1499   1.0033071660E+00
    1500   1.0036000600E+00
    1501   1.0038262549E+00
    1502   1.0038495089E+00
    1503   1.0036832862E+00
    1504   1.0034181679E+00
    1505   1.0030891972E+00
    1506   1.0026226905E+00
    1507   1.0019185237E+00
    1508   1.0009801080E+00
    1509   9.9994514580E-01
    1510   9.9897381932E-01
    1511   9.9810242121E-01
    1512   9.9721029740E-01
    1513   9.9614157625E-01
    1514   9.9487187284E-01
    1515   9.9356194848E-01
    1516   9.9245363203E-01
    1517   9.9171368750E-01
    1518   9.9136984880E-01
    1519   9.9137889855E-01
    1520   9.9173541590E-01
    1521   9.9249479472E-01
    1522   9.9368410283E-01
    1523   9.9519845105E-01
    1524   9.9680175073E-01
    1525   9.9825404079E-01
    1526   9.9945133696E-01
    1527   1.0004381545E+00
    1528   1.0012796894E+00
    1529   1.0019236098E+00
    1530   1.0021901163E+00
    1531   1.0019066907E+00
    1532   1.0010530681E+00
    1533   9.9977537127E-01
    1534   9.9826515496E-01
    1535   9.9663445360E-01
    1536   9.9490625288E-01
    1537   9.9311424237E-01
    1538   9.9138492919E-01
    1539   9.8990267334E-01
    1540   9.8879293056E-01
    1541   9.8804311355E-01
    1542   9.8754449021E-01
    1543   9.8721777354E-01
    1544   9.8709296214E-01
    1545   9.8724935595E-01
    1546   9.8771777603E-01
    1547   9.8841913947E-01
    1548   9.8907842452E-01
    1549   9.8958245202E-01
    1550   9.8995480418E-01
    1551   9.9032438015E-01
    1552   9.9078614071E-01
    1553   9.9131060885E-01
    1554   9.9179003462E-01
    1555   9.9216528632E-01
    1556   9.9249263504E-01
    1557   9.9287600026E-01
    1558   9.9333231762E-01
    1559   9.9372682816E-01
    1560   9.9384670693E-01
    1561   9.9354132137E-01
    1562   9.9279108691E-01
    1563   9.9164748462E-01
    1564   9.9012754572E-01
    1565   9.8818543959E-01
    1566   9.8579864148E-01
    1567   9.8307414498E-01
    1568   9.8018004597E-01
    1569   9.7751159666E-01
    1570   9.7519037983E-01
    1571   9.7310818177E-01
    1572   9.7123334948E-01
    1573   9.6956084518E-01
    1574   9.6817824841E-01
    1575   9.6718062010E-01
    1576   9.6656763848E-01
    1577   9.6616497215E-01
    1578   9.6581405171E-01
    1579   9.6593284968E-01
    1580   9.6609045252E-01
    1581   9.6658476977E-01
    1582   9.6747590649E-01
    1583   9.6865571500E-01
    1584   9.6992608682E-01
    1585   9.7110443982E-01
    1586   9.7198516576E-01
    1587   9.7284614988E-01
    1588   9.7336132049E-01
    1589   9.7339622551E-01
    1590   9.7295248019E-01
    1591   9.7213200181E-01
    1592   9.7120070486E-01
    1593   9.7047746464E-01
    1594   9.7015979810E-01
    1595   9.7029015717E-01
    1596   9.7124575658E-01
    1597   9.7260768060E-01
    1598   9.7451280886E-01
    1599   9.7697103295E-01
    1600   9.7985127687E-01
    1601   9.8290292917E-01
    1602   9.8585867421E-01
    1603   9.8855830331E-01
    1604   9.9098171089E-01
    1605   9.9315977320E-01
    1606   9.9506003777E-01
    1607   9.9656159592E-01
    1608   9.9755027256E-01
    1609   9.9803405201E-01
    1610   9.9815885435E-01
    1611   9.9810318902E-01
    1612   9.9795526191E-01
    1613   9.9768145036E-01
    1614   9.9720113454E-01
    1615   9.9648421765E-01
    1616   9.9555987408E-01
    1617   9.9446354289E-01
    1618   9.9319822661E-01
    1619   9.9176136549E-01
    1620   9.9022001911E-01
    1621   9.8873825027E-01
    1622   9.8751224578E-01
    1623   9.8666160304E-01
    1624   9.8617326825E-01
    1625   9.8594311916E-01
    1626   9.8587537945E-01
    1627   9.8594714460E-01
    1628   9.8619085826E-01
    1629   9.8662999021E-01
    1630   9.8724410197E-01
    1631   9.8799657230E-01
    1632   9.8888771504E-01
    1633   9.8996428204E-01
    1634   9.9126748544E-01
    1635   9.9276845497E-01
    1636   9.9435725291E-01
    1637   9.9589716428E-01
    1638   9.9729055977E-01
    1639   9.9849235321E-01
    1640   9.9947149468E-01
    1641   1.0001767111E+00
    1642   1.0005562698E+00
    1643   1.0006129090E+00
    1644   1.0004285143E+00
    1645   1.0001190698E+00
    1646   9.9975920672E-01
    1647   9.9934657494E-01
    1648   9.9883767830E-01
    1649   9.9820974290E-01
    1650   9.9748089047E-01
    1651   9.9666980339E-01
    1652   9.9575186397E-01
    1653   9.9466829281E-01
    1654   9.9338871980E-01
    1655   9.9196364044E-01
    1656   9.9049931100E-01
    1657   9.8912865869E-01
    1658   9.8796377764E-01
    1659   9.8703292244E-01
    1660   9.8645143578E-01
    1661   9.8635922219E-01
    1662   9.8686200828E-01
    1663   9.8794057837E-01
    1664   9.8942965010E-01
    1665   9.9109398043E-01
    1666   9.9273924738E-01
    1667   9.9425834058E-01
    1668   9.9557475594E-01
    1669   9.9655604635E-01
    1670   9.9700745406E-01
    1671   9.9676925031E-01
    1672   9.9582865921E-01
    1673   9.9432795630E-01
    1674   9.9245378027E-01
    1675   9.9031804293E-01
    1676   9.8794897401E-01
    1677   9.8538940954E-01
    1678   9.8278892205E-01
    1679   9.8038399416E-01
    1680   9.7837888003E-01
    1681   9.7676516889E-01
    1682   9.7574926033E-01
    1683   9.7518988369E-01
    1684   9.7510419651E-01
    1685   9.7566453966E-01
    1686   9.7692508440E-01
    1687   9.7876624741E-01
    1688   9.8092159461E-01
    1689   9.8311236102E-01
    1690   9.8516467940E-01
    1691   9.8699856768E-01
    1692   9.8851040316E-01
    1693   9.8949368936E-01
    1694   9.8969348353E-01
    1695   9.8905053197E-01
    1696   9.8766370148E-01
    1697   9.8581962300E-01
    1698   9.8377449345E-01
    1699   9.8163727777E-01
    1700   9.7944122864E-01
    1701   9.7730158325E-01
    1702   9.7549254634E-01
    1703   9.7435587236E-01
    1704   9.7412233081E-01
    1705   9.7476364412E-01
    1706   9.7621019349E-01
    1707   9.7844471675E-01
    1708   9.8118555173E-01
    1709   9.8452893454E-01
    1710   9.8835252964E-01
    1711   9.9233441241E-01
    1712   9.9605608537E-01
    1713   9.9919810685E-01
    1714   1.0016454872E+00
    1715   1.0034050765E+00
    1716   1.0044405882E+00
    1717   1.0046254278E+00
    1718   1.0038803280E+00
    1719   1.0023521720E+00
    1720   1.0004244420E+00
    1721   9.9851666896E-01
    1722   9.9684924123E-01
    1723   9.9538406841E-01
    1724   9.9397284372E-01
    1725   9.9255183460E-01
    1726   9.9119087273E-01
    1727   9.8997050485E-01
    1728   9.8883686091E-01
    1729   9.8759758201E-01
    1730   9.8606483029E-01
    1731   9.8419964944E-01
    1732   9.8211385205E-01
    1733   9.7994414417E-01
    1734   9.7774487356E-01
    1735   9.7552023956E-01
    1736   9.7324311973E-01
    1737   9.7145673093E-01
    1738   9.7049096723E-01
    1739   9.7052308734E-01
    1740   9.7171208116E-01
    1741   9.7392121230E-01
    1742   9.7692072657E-01
    1743   9.8052087827E-01
    1744   9.8459050360E-01
    1745   9.8896505361E-01
    1746   9.9336312730E-01
    1747   9.9743101245E-01
    1748   1.0009033619E+00
    1749   1.0037317404E+00
    1750   1.0060494876E+00
    1751   1.0080047650E+00
    1752   1.0096259858E+00
    1753   1.0108415644E+00
    1754   1.0116113329E+00
    1755   1.0120118388E+00
    1756   1.0121758504E+00
    1757   1.0121516170E+00
    1758   1.0118312167E+00
    1759   1.0110222716E+00
    1760   1.0095878167E+00
    1761   1.0075138775E+00
    1762   1.0048515982E+00
    1763   1.0016206415E+00
    1764   9.9779323292E-01
    1765   9.9338266126E-01
    1766   9.8854096456E-01
    1767   9.8356124681E-01
    1768   9.7877915161E-01
    1769   9.7446354889E-01
    1770   9.7078234560E-01
    1771   9.6784502787E-01
    1772   9.6557648066E-01
    1773   9.6447985936E-01
    1774   9.6452090920E-01
    1775   9.6535988043E-01
    1776   9.6695491695E-01
    1777   9.6909056611E-01
    1778   9.7158217277E-01
    1779   9.7429024653E-01
    1780   9.7705987143E-01
    1781   9.7997362885E-01
    1782   9.8262859188E-01
    1783   9.8492295818E-01
    1784   9.8679424041E-01
    1785   9.8823249381E-01
    1786   9.8927638455E-01
    1787   9.8997792189E-01
    1788   9.9040398627E-01
    1789   9.9067028275E-01
    1790   9.9096425304E-01
    1791   9.9151702771E-01
    1792   9.9252975947E-01
    1793   9.9409718933E-01
    1794   9.9617129939E-01
    1795   9.9857639870E-01
    1796   1.0010539731E+00
    1797   1.0033074802E+00
    1798   1.0050338895E+00
    1799   1.0059528482E+00
    1800   1.0058445980E+00
    1801   1.0045932168E+00
    1802   1.0022163314E+00
    1803   9.9886749030E-01
    1804   9.9481197935E-01
    1805   9.9038494467E-01
    1806   9.8593993091E-01
    1807   9.8179286617E-01
    1808   9.7816851545E-01
    1809   9.7505838494E-01
    1810   9.7268049812E-01
    1811   9.7084904473E-01
    1812   9.6928888495E-01
    1813   9.6792078890E-01
    1814   9.6666381403E-01
    1815   9.6551295562E-01
    1816   9.6453529293E-01
    1817   9.6382265379E-01
    1818   9.6333472952E-01
    1819   9.6381406190E-01
    1820   9.6475830493E-01
    1821   9.6620602977E-01
    1822   9.6815574346E-01
    1823   9.7051346729E-01
    1824   9.7317387248E-01
    1825   9.7602336301E-01
    1826   9.7893409595E-01
    1827   9.8176627988E-01
    1828   9.8456207554E-01
    1829   9.8713586356E-01
    1830   9.8956681863E-01
    1831   9.9195036224E-01
    1832   9.9437420396E-01
    1833   9.9689466062E-01
    1834   9.9951928791E-01
    1835   1.0022077768E+00
    1836   1.0048780761E+00
    1837   1.0074050518E+00
    1838   1.0096223447E+00
    1839   1.0113414835E+00
    1840   1.0123929354E+00
    1841   1.0126843806E+00
    1842   1.0121839708E+00
    1843   1.0109279399E+00
    1844   1.0091084920E+00
    1845   1.0068758205E+00
    1846   1.0044521321E+00
    1847   1.0021082933E+00
    1848   1.0001318532E+00
    1849   9.9876354364E-01
    1850   9.9813458497E-01
    1851   9.9823804815E-01
    1852   9.9895053844E-01
    1853   1.0000823095E+00
    1854   1.0014175297E+00
    1855   1.0027237382E+00
    1856   1.0037488591E+00
    1857   1.0042348690E+00
    1858   1.0039654282E+00
    1859   1.0028243169E+00
    1860   1.0008229983E+00
    1861   9.9808031934E-01
    1862   9.9478105942E-01
    1863   9.9114685295E-01
    1864   9.8743528100E-01
    1865   9.8393809759E-01
    1866   9.8089325173E-01
    1867   9.7874054749E-01
    1868   9.7752752196E-01
    1869   9.7724469500E-01
    1870   9.7783417431E-01
    1871   9.7916544379E-01
    1872   9.8108114259E-01
    1873   9.8338709447E-01
    1874   9.8583552202E-01
    1875   9.8813987989E-01
    1876   9.9003489336E-01
    1877   9.9134602633E-01
    1878   9.9201689100E-01
    1879   9.9208230575E-01
    1880   9.9162436029E-01
    1881   9.9076224127E-01
    1882   9.8966228691E-01
    1883   9.8863504355E-01
    1884   9.8799227559E-01
    1885   9.8798515933E-01
    1886   9.8876588301E-01
    1887   9.9032478487E-01
    1888   9.9254174442E-01
    1889   9.9523193224E-01
    1890   9.9814770781E-01
    1891   1.0009456849E+00
    1892   1.0031842101E+00
    1893   1.0044071530E+00
    1894   1.0042873660E+00
    1895   1.0027327682E+00
    1896   9.9988201181E-01
    1897   9.9601116637E-01
    1898   9.9144562677E-01
    1899   9.8654139098E-01
    1900   9.8170402065E-01
    1901   9.7736806189E-01
    1902   9.7391216089E-01
    1903   9.7156312255E-01
    1904   9.7035069638E-01
    1905   9.7006896818E-01
    1906   9.7100469227E-01
    1907   9.7266382561E-01
    1908   9.7489370989E-01
    1909   9.7749676461E-01
    1910   9.8015014591E-01
    1911   9.8255507364E-01
    1912   9.8456938618E-01
    1913   9.8626101557E-01
    1914   9.8783310608E-01
    1915   9.8948197406E-01
    1916   9.9130381842E-01
    1917   9.9331191086E-01
    1918   9.9550637265E-01
    1919   9.9789199145E-01
    1920   1.0004117651E+00
    1921   1.0028723703E+00
    1922   1.0049696069E+00
    1923   1.0064359895E+00
    1924   1.0071919567E+00
    1925   1.0073604443E+00
    1926   1.0071360512E+00
    1927   1.0066415316E+00
    1928   1.0059072360E+00
    1929   1.0049776921E+00
    1930   1.0040091014E+00
    1931   1.0032325497E+00
    1932   1.0028093621E+00
    1933   1.0027230033E+00
    1934   1.0028161516E+00
    1935   1.0029421574E+00
    1936   1.0030786337E+00
    1937   1.0032890343E+00
    1938   1.0035831257E+00
    1939   1.0038299935E+00
    1940   1.0038173058E+00
    1941   1.0034016112E+00
    1942   1.0025901087E+00
    1943   1.0014688044E+00
    1944   1.0000641244E+00
    1945   9.9829557271E-01
    1946   9.9607875751E-01
    1947   9.9348417829E-01
    1948   9.9078669086E-01
    1949   9.8834812943E-01
    1950   9.8644185198E-01
    1951   9.8516976314E-01
    1952   9.8451730411E-01
    1953   9.8446514673E-01
    1954   9.8502870179E-01
    1955   9.8618548838E-01
    1956   9.8777703518E-01
    1957   9.8950427948E-01
    1958   9.9104807355E-01
    1959   9.9222086771E-01
    1960   9.9304913448E-01
    1961   9.9359562623E-01
    1962   9.9389953181E-01
    1963   9.9390495351E-01
    1964   9.9355036661E-01
    1965   9.9288933577E-01
    1966   9.9210708222E-01
    1967   9.9141945248E-01
    1968   9.9095924257E-01
    1969   9.9076143976E-01
    1970   9.9085477792E-01
    1971   9.9135703811E-01
    1972   9.9246480988E-01
    1973   9.9433294829E-01
    1974   9.9694501457E-01
    1975   1.0000824090E+00
    1976   1.0034138178E+00
    1977   1.0066193673E+00
    1978   1.0094454456E+00
    1979   1.0116702404E+00
    1980   1.0130574224E+00
    1981   1.0133807122E+00
    1982   1.0125175407E+00
    1983   1.0105229416E+00
    1984   1.0076097057E+00
    1985   1.0040563567E+00
    1986   1.0001313470E+00
    1987   9.9609077572E-01
    1988   9.9222386958E-01
    1989   9.8886970866E-01
    1990   9.8636357990E-01
    1991   9.8494631210E-01
    1992   9.8470431076E-01
    1993   9.8557477038E-01
    1994   9.8740104795E-01
    1995   9.8998767366E-01
    1996   9.9311879678E-01
    1997   9.9654540589E-01
    1998   9.9997763532E-01
    1999   1.0031096799E+00
    2000   1.0056751662E+00
    2001   1.0074975977E+00
    2002   1.0085054243E+00
    2003   1.0087121108E+00
    2004   1.0081839707E+00
    2005   1.0070193046E+00
    2006   1.0053466160E+00
    2007   1.0033313269E+00
    2008   1.0011750374E+00
    2009   9.9910106441E-01
    2010   9.9732966010E-01
    2011   9.9605219442E-01
    2012   9.9541416972E-01
    2013   9.9550895796E-01
    2014   9.9637325918E-01
    2015   9.9797694286E-01
    2016   1.0002067622E+00
    2017   1.0028579709E+00
    2018   1.0056550461E+00
    2019   1.0083080199E+00
    2020   1.0105811649E+00
    2021   1.0123354325E+00
    2022   1.0135208813E+00
    2023   1.0141330477E+00
    2024   1.0141774557E+00
    2025   1.0136906585E+00
    2026   1.0126399650E+00
    2027   1.0111633680E+00
    2028   1.0093556277E+00
    2029   1.0072613117E+00
    2030   1.0049055619E+00
    2031   1.0023151090E+00
    2032   9.9955616097E-01
    2033   9.9672969504E-01
    2034   9.9392176377E-01
    2035   9.9115310803E-01
    2036   9.8837895208E-01
    2037   9.8553408954E-01
    2038   9.8259512978E-01
    2039   9.7980734413E-01
    2040   9.7720589627E-01
    2041   9.7495455608E-01
    2042   9.7315465861E-01
    2043   9.7186487029E-01
    2044   9.7113288171E-01
    2045   9.7100019173E-01
    2046   9.7147673582E-01
    2047   9.7247120880E-01
    2048   9.7386096090E-01
    2049   9.7572908557E-01
    2050   9.7761297303E-01
    2051   9.7954034323E-01
    2052   9.8148356311E-01
    2053   9.8341777659E-01
    2054   9.8531818401E-01
    2055   9.8717473020E-01
    2056   9.8901252429E-01
    2057   9.9088673064E-01
    2058   9.9284548182E-01
    2059   9.9488842518E-01
    2060   9.9695745441E-01
    2061   9.9896753906E-01
    2062   1.0008461580E+00
    2063   1.0025475246E+00
    2064   1.0040358641E+00
    2065   1.0052665788E+00
    2066   1.0061942472E+00
    2067   1.0068054598E+00
    2068   1.0071430429E+00
    2069   1.0072995748E+00
    2070   1.0073878585E+00
    2071   1.0075171806E+00
    2072   1.0077898817E+00
    2073   1.0083055972E+00
    2074   1.0091460101E+00
    2075   1.0103369631E+00
    2076   1.0118124479E+00
    2077   1.0134109906E+00
    2078   1.0149107335E+00
    2079   1.0160832531E+00
    2080   1.0167387527E+00
    2081   1.0167861371E+00
    2082   1.0161344230E+00
    2083   1.0148816815E+00
    2084   1.0133442268E+00
    2085   1.0118269142E+00
    2086   1.0107000868E+00
    2087   1.0102800970E+00
    2088   1.0107739433E+00
    2089   1.0122588330E+00
    2090   1.0146720506E+00
    2091   1.0177930221E+00
    2092   1.0212287262E+00
    2093   1.0244413460E+00
    2094   1.0268427659E+00
    2095   1.0279425704E+00
    2096   1.0275081067E+00
    2097   1.0251248197E+00
    2098   1.0212494342E+00
    2099   1.0161553524E+00
    2100   1.0102580934E+00
    2101   1.0041264189E+00
    2102   9.9837251266E-01
    2103   9.9354190651E-01
    2104   9.9001704346E-01
    2105   9.8798036850E-01
    2106   9.8743901130E-01
    2107   9.8827379311E-01
    2108   9.9026650781E-01
    2109   9.9309645842E-01
    2110   9.9633886316E-01
    2111   9.9951012277E-01
    2112   1.0021667451E+00
    2113   1.0040097187E+00
    2114   1.0049264317E+00
    2115   1.0049516643E+00
    2116   1.0041956614E+00
    2117   1.0028042453E+00
    2118   1.0009670926E+00
    2119   9.9893325458E-01
    2120   9.9698661473E-01
    2121   9.9538404373E-01
    2122   9.9430570965E-01
    2123   9.9386043600E-01
    2124   9.9413649887E-01
    2125   9.9523929322E-01
    2126   9.9726271181E-01
    2127   1.0001987538E+00
    2128   1.0038497130E+00
    2129   1.0078170960E+00
    2130   1.0115893740E+00
    2131   1.0146736638E+00
    2132   1.0166911802E+00
    2133   1.0174021459E+00
    2134   1.0166975689E+00
    2135   1.0146119238E+00
    2136   1.0113565222E+00
    2137   1.0073162521E+00
    2138   1.0029676915E+00
    2139   9.9874713444E-01
    2140   9.9495013494E-01
    2141   9.9171943818E-01
    2142   9.8910515489E-01
    2143   9.8713013976E-01
    2144   9.8580795243E-01
    2145   9.8511547257E-01
    2146   9.8496867827E-01
    2147   9.8524234056E-01
    2148   9.8582551846E-01
    2149   9.8665333410E-01
    2150   9.8768430867E-01
    2151   9.8889294081E-01
    2152   9.9001385301E-01
    2153   9.9079738016E-01
    2154   9.9100629789E-01
    2155   9.9053877736E-01
    2156   9.8946468337E-01
    2157   9.8796253605E-01
    2158   9.8622494614E-01
    2159   9.8440972994E-01
    2160   9.8265121700E-01
    2161   9.8108274329E-01
    2162   9.7981552769E-01
    2163   9.7887456209E-01
    2164   9.7815055696E-01
    2165   9.7743017931E-01
    2166   9.7642634098E-01
    2167   9.7518056391E-01
    2168   9.7379455721E-01
    2169   9.7227825022E-01
    2170   9.7085654960E-01
    2171   9.6961356889E-01
    2172   9.6858234409E-01
    2173   9.6779786333E-01
    2174   9.6723627831E-01
    2175   9.6700464741E-01
    2176   9.6742518232E-01
    2177   9.6798417071E-01
    2178   9.6883650886E-01
    2179   9.7007376272E-01
    2180   9.7186132220E-01
    2181   9.7434848198E-01
    2182   9.7751607035E-01
    2183   9.8125580602E-01
    2184   9.8527038793E-01
    2185   9.8909688548E-01
    2186   9.9257840281E-01
    2187   9.9557244022E-01
    2188   9.9797972535E-01
    2189   9.9973240840E-01
    2190   1.0008513840E+00
    2191   1.0015112678E+00
    2192   1.0020150468E+00
    2193   1.0026584951E+00
    2194   1.0035739482E+00
    2195   1.0046722736E+00
    2196   1.0057218970E+00
    2197   1.0064859188E+00
    2198   1.0068003532E+00
    2199   1.0065560807E+00
    2200   1.0056529037E+00
    2201   1.0040171798E+00
    2202   1.0016906422E+00
    2203   9.9889466806E-01
    2204   9.9597805681E-01
    2205   9.9327013371E-01
    2206   9.9095510409E-01
    2207   9.8906090697E-01
    2208   9.8754802474E-01
    2209   9.8639658261E-01
    2210   9.8560974252E-01
    2211   9.8515216569E-01
    2212   9.8491234132E-01
    2213   9.8474995007E-01
    2214   9.8460178719E-01
    2215   9.8454715160E-01
    2216   9.8476094106E-01
    2217   9.8538979330E-01
    2218   9.8645463799E-01
    2219   9.8785395296E-01
    2220   9.8945010433E-01
    2221   9.9114166548E-01
    2222   9.9284692554E-01
    2223   9.9442635692E-01
    2224   9.9564153193E-01
    2225   9.9621646332E-01
    2226   9.9596297499E-01
    2227   9.9485533525E-01
    2228   9.9298551478E-01
    2229   9.9045536140E-01
    2230   9.8729095109E-01
    2231   9.8356510982E-01
    2232   9.7950053116E-01
    2233   9.7532157083E-01
    2234   9.7140850033E-01
    2235   9.6806606266E-01
    2236   9.6548857160E-01
    2237   9.6378734360E-01
    2238   9.6302979586E-01
    2239   9.6313374129E-01
    2240   9.6476149756E-01
    2241   9.6721351480E-01
    2242   9.7021766818E-01
    2243   9.7341829237E-01
    2244   9.7640897386E-01
    2245   9.7890454990E-01
    2246   9.8074933206E-01
    2247   9.8186174689E-01
    2248   9.8218050019E-01
    2249   9.8173980938E-01
    2250   9.8083278528E-01
    2251   9.7962952201E-01
    2252   9.7849883366E-01
    2253   9.7764795632E-01
    2254   9.7710689032E-01
    2255   9.7679275994E-01
    2256   9.7662203397E-01
    2257   9.7657742931E-01
    2258   9.7668417268E-01
    2259   9.7687575708E-01
    2260   9.7734905917E-01
    2261   9.7793073244E-01
    2262   9.7865961719E-01
    2263   9.7972321871E-01
    2264   9.8127169622E-01
    2265   9.8335737433E-01
    2266   9.8589902452E-01
    2267   9.8873710438E-01
    2268   9.9172414923E-01
    2269   9.9476702492E-01
    2270   9.9779173141E-01
    2271   1.0006851216E+00
    2272   1.0032951875E+00
    2273   1.0055041471E+00
    2274   1.0072998687E+00
    2275   1.0087594494E+00
    2276   1.0099449970E+00
    2277   1.0108039911E+00
    2278   1.0111686757E+00
    2279   1.0108549213E+00
    2280   1.0097669019E+00
    2281   1.0079195131E+00
    2282   1.0053842347E+00
    2283   1.0022386553E+00
    2284   9.9858402512E-01
    2285   9.9460578567E-01
    2286   9.9059551425E-01
    2287   9.8689163068E-01
    2288   9.8378213047E-01
    2289   9.8144797280E-01
    2290   9.7998107718E-01
    2291   9.7943991093E-01
    2292   9.7987612130E-01
    2293   9.8130426824E-01
    2294   9.8364994048E-01
    2295   9.8673224646E-01
    2296   9.9030651296E-01
    2297   9.9413794637E-01
    2298   9.9804191536E-01
    2299   1.0018595057E+00
    2300   1.0054068142E+00
    2301   1.0084635738E+00
    2302   1.0108275369E+00
    2303   1.0123933847E+00
    2304   1.0131822858E+00
    2305   1.0132979118E+00
    2306   1.0128584044E+00
    2307   1.0119676147E+00
    2308   1.0107409816E+00
    2309   1.0093429502E+00
    2310   1.0079807737E+00
    2311   1.0068498901E+00
    2312   1.0060774392E+00
    2313   1.0057058168E+00
    2314   1.0057158633E+00
    2315   1.0060559148E+00
    2316   1.0066469665E+00
    2317   1.0073732135E+00
    2318   1.0080927838E+00
    2319   1.0086821970E+00
    2320   1.0090894670E+00
    2321   1.0093547460E+00
    2322   1.0095799851E+00
    2323   1.0098748964E+00
    2324   1.0103260894E+00
    2325   1.0110057186E+00
    2326   1.0119974487E+00
    2327   1.0134240780E+00
    2328   1.0152642207E+00
    2329   1.0175354330E+00
    2330   1.0200936868E+00
    2331   1.0226818702E+00
    2332   1.0250063394E+00
    2333   1.0267773387E+00
    2334   1.0277402619E+00
    2335   1.0276952151E+00
    2336   1.0265417278E+00
    2337   1.0242990991E+00
    2338   1.0208773488E+00
    2339   1.0168428499E+00
    2340   1.0124950562E+00
    2341   1.0082345342E+00
    2342   1.0044645363E+00
    2343   1.0015255159E+00
    2344   9.9965715472E-01
    2345   9.9897066266E-01
    2346   9.9943360878E-01
    2347   1.0008722667E+00
    2348   1.0029957001E+00
    2349   1.0054390706E+00
    2350   1.0078159419E+00
    2351   1.0097647244E+00
    2352   1.0109822595E+00
    2353   1.0112502663E+00
    2354   1.0104650169E+00
    2355   1.0086698907E+00
    2356   1.0060735269E+00
    2357   1.0030294867E+00
    2358   9.9996647784E-01
    2359   9.9728929703E-01
    2360   9.9529067292E-01
    2361   9.9410928523E-01
    2362   9.9373974816E-01
    2363   9.9407190397E-01
    2364   9.9492790185E-01
    2365   9.9608596584E-01
    2366   9.9730304237E-01
    2367   9.9835527672E-01
    2368   9.9909250341E-01
    2369   9.9947624467E-01
    2370   9.9956841509E-01
    2371   9.9947241680E-01
    2372   9.9926547162E-01
    2373   9.9896610361E-01
    2374   9.9854575583E-01
    2375   9.9795550111E-01
    2376   9.9713415394E-01
    2377   9.9599671806E-01
    2378   9.9443438632E-01
    2379   9.9235530726E-01
    2380   9.8975333059E-01
    2381   9.8675559813E-01
    2382   9.8360858844E-01
    2383   9.8060915029E-01
    2384   9.7798811032E-01
    2385   9.7595689489E-01
    2386   9.7486638226E-01
    2387   9.7453949632E-01
    2388   9.7502868283E-01
    2389   9.7619636316E-01
    2390   9.7777205864E-01
    2391   9.7941444791E-01
    2392   9.8081718840E-01
    2393   9.8180345156E-01
    2394   9.8235558799E-01
    2395   9.8253099814E-01
    2396   9.8256301812E-01
    2397   9.8258971142E-01
    2398   9.8270342638E-01
    2399   9.8309153152E-01
    2400   9.8386285364E-01
    2401   9.8502880552E-01
    2402   9.8648260485E-01
    2403   9.8804521163E-01
    2404   9.8955699823E-01
    2405   9.9094523632E-01
    2406   9.9221699060E-01
    2407   9.9339204157E-01
    2408   9.9444502895E-01
    2409   9.9531488553E-01
    2410   9.9597152260E-01
    2411   9.9646432611E-01
    2412   9.9689679032E-01
    2413   9.9734399450E-01
    2414   9.9778784453E-01
    2415   9.9813032602E-01
    2416   9.9827233000E-01
    2417   9.9818078241E-01
    2418   9.9788514714E-01
    2419   9.9741788579E-01
    2420   9.9676459579E-01
    2421   9.9587439157E-01
    2422   9.9471614961E-01
    2423   9.9331613076E-01
    2424   9.9173741167E-01
    2425   9.9002840552E-01
    2426   9.8819720039E-01
    2427   9.8624121174E-01
    2428   9.8419785815E-01
    2429   9.8212897972E-01
    2430   9.8033596953E-01
    2431   9.7881184676E-01
    2432   9.7759770599E-01
    2433   9.7669809156E-01
    2434   9.7611039932E-01
    2435   9.7585878565E-01
    2436   9.7596024903E-01
    2437   9.7637114521E-01
    2438   9.7696732609E-01
    2439   9.7757229161E-01
    2440   9.7802167183E-01
    2441   9.7849984199E-01
    2442   9.7884707140E-01
    2443   9.7919364278E-01
    2444   9.7961583457E-01
    2445   9.8015782375E-01
    2446   9.8088378083E-01
    2447   9.8190120249E-01
    2448   9.8333870089E-01
    2449   9.8529713667E-01
    2450   9.8781491454E-01
    2451   9.9087426723E-01
    2452   9.9442964186E-01
    2453   9.9841702612E-01
    2454   1.0027172433E+00
    2455   1.0071006381E+00
    2456   1.0112076827E+00
    2457   1.0146003294E+00
    2458   1.0168627208E+00
    2459   1.0176982747E+00
    2460   1.0169798479E+00
    2461   1.0147598044E+00
    2462   1.0112666267E+00
    2463   1.0068942812E+00
    2464   1.0021612795E+00
    2465   9.9762348510E-01
    2466   9.9375948871E-01
    2467   9.9088229219E-01
    2468   9.8911614137E-01
    2469   9.8843325750E-01
    2470   9.8870968729E-01
    2471   9.8976422210E-01
    2472   9.9136788704E-01
    2473   9.9324705740E-01
    2474   9.9510750743E-01
    2475   9.9668335630E-01
    2476   9.9778839977E-01
    2477   9.9834424418E-01
    2478   9.9837212249E-01
    2479   9.9796456951E-01
    2480   9.9725746682E-01
    2481   9.9640939491E-01
    2482   9.9558279357E-01
    2483   9.9492514090E-01
    2484   9.9455145612E-01
    2485   9.9453720690E-01
    2486   9.9492128123E-01
    2487   9.9570779189E-01
    2488   9.9685920807E-01
    2489   9.9828924772E-01
    2490   9.9986770475E-01
    2491   1.0014480557E+00
    2492   1.0029095685E+00
    2493   1.0041888845E+00
    2494   1.0052837083E+00
    2495   1.0062322833E+00
    2496   1.0070836523E+00
    2497   1.0078745345E+00
    2498   1.0086153420E+00
    2499   1.0092767687E+00
    2500   1.0097781615E+00
    2501   1.0099910729E+00
    2502   1.0097663702E+00
    2503   1.0089801831E+00
    2504   1.0075803450E+00
    2505   1.0056117604E+00
    2506   1.0032156689E+00
    2507   1.0006127142E+00
    2508   9.9807435830E-01
    2509   9.9588216003E-01
    2510   9.9427792917E-01
    2511   9.9341482144E-01
    2512   9.9333036512E-01
    2513   9.9395922954E-01
    2514   9.9517541009E-01
    2515   9.9683649019E-01
    2516   9.9880484202E-01
    2517   1.0009381405E+00
    2518   1.0030700884E+00
    2519   1.0050111136E+00
    2520   1.0065728627E+00
    2521   1.0075990141E+00
    2522   1.0079833107E+00
    2523   1.0076721548E+00
    2524   1.0066690091E+00
    2525   1.0050544921E+00
    2526   1.0030031283E+00
    2527   1.0007671662E+00
    2528   9.9861988362E-01
    2529   9.9678286381E-01
    2530   9.9537811895E-01
    2531   9.9442859322E-01
    2532   9.9388882170E-01
    2533   9.9367139928E-01
    2534   9.9365480655E-01
    2535   9.9368611952E-01
    2536   9.9360461407E-01
    2537   9.9329404963E-01
    2538   9.9273283924E-01
    2539   9.9200178280E-01
    2540   9.9124174479E-01
    2541   9.9059184258E-01
    2542   9.9015119532E-01
    2543   9.8998243834E-01
    2544   9.9013319177E-01
    2545   9.9063919784E-01
    2546   9.9150185072E-01
    2547   9.9266464642E-01
    2548   9.9401837960E-01
    2549   9.9546010053E-01
    2550   9.9690540454E-01
    2551   9.9831593063E-01
    2552   9.9965997417E-01
    2553   1.0008604652E+00
    2554   1.0018001360E+00
    2555   1.0023696889E+00
    2556   1.0025238067E+00
    2557   1.0022973741E+00
    2558   1.0017770633E+00
    2559   1.0010747804E+00
    2560   1.0003268742E+00
    2561   9.9971611851E-01
    2562   9.9947928168E-01
    2563   9.9985818717E-01
    2564   1.0010185089E+00
    2565   1.0029879166E+00
    2566   1.0056525111E+00
    2567   1.0088001294E+00
    2568   1.0121638300E+00
    2569   1.0154291071E+00
    2570   1.0182248008E+00
    2571   1.0201489418E+00
    2572   1.0208541277E+00
    2573   1.0201529634E+00
    2574   1.0180713788E+00
    2575   1.0148155739E+00
    2576   1.0106931346E+00
    2577   1.0060571190E+00
    2578   1.0012958549E+00
    2579   9.9683147801E-01
    2580   9.9307834993E-01
    2581   9.9036032032E-01
    2582   9.8883802223E-01
    2583   9.8849630263E-01
    2584   9.8919258894E-01
    2585   9.9072127569E-01
    2586   9.9284727293E-01
    2587   9.9530236600E-01
    2588   9.9778497029E-01
    2589   1.0000052568E+00
    2590   1.0017674040E+00
    2591   1.0030263185E+00
    2592   1.0038647089E+00
    2593   1.0044013421E+00
    2594   1.0047037456E+00
    2595   1.0047719273E+00
    2596   1.0045891436E+00
    2597   1.0041731473E+00
    2598   1.0035737459E+00
    2599   1.0028281837E+00
    2600   1.0019343923E+00
    2601   1.0008840891E+00
    2602   9.9972641000E-01
    2603   9.9859082923E-01
    2604   9.9763301035E-01
    2605   9.9694421714E-01
    2606   9.9650079611E-01
    2607   9.9619578334E-01
    2608   9.9591671658E-01
    2609   9.9559537350E-01
    2610   9.9519281189E-01
    2611   9.9465591551E-01
    2612   9.9391098519E-01
    2613   9.9291930139E-01
    2614   9.9174591514E-01
    2615   9.9056501180E-01
    2616   9.8958252789E-01
    2617   9.8893537278E-01
    2618   9.8864810196E-01
    2619   9.8867558963E-01
    2620   9.8898205743E-01
    2621   9.8957599728E-01
    2622   9.9047010997E-01
    2623   9.9161024989E-01
    2624   9.9289622529E-01
    2625   9.9414551671E-01
    2626   9.9527180286E-01
    2627   9.9627656136E-01
    2628   9.9719546872E-01
    2629   9.9802655920E-01
    2630   9.9870576721E-01
    2631   9.9915648631E-01
    2632   9.9935946638E-01
    2633   9.9936619553E-01
    2634   9.9924048369E-01
    2635   9.9899144212E-01
    2636   9.9856998207E-01
    2637   9.9793460043E-01
    2638   9.9711913744E-01
    2639   9.9622751393E-01
    2640   9.9535391594E-01
    2641   9.9450591537E-01
    2642   9.9360474995E-01
    2643   9.9256315764E-01
    2644   9.9136883428E-01
    2645   9.9009838163E-01
    2646   9.8885594911E-01
    2647   9.8770483290E-01
    2648   9.8665645291E-01
    2649   9.8571691112E-01
    2650   9.8493250164E-01
    2651   9.8437813234E-01
    2652   9.8409233958E-01
    2653   9.8402434170E-01
    2654   9.8404947040E-01
    2655   9.8402142045E-01
    2656   9.8394305463E-01
    2657   9.8392053433E-01
    2658   9.8398410172E-01
    2659   9.8427927484E-01
    2660   9.8489023166E-01
    2661   9.8590704884E-01
    2662   9.8745366968E-01
    2663   9.8966470476E-01
    2664   9.9261470075E-01
    2665   9.9625789244E-01
    2666   1.0004332352E+00
    2667   1.0049320585E+00
    2668   1.0095735768E+00
    2669   1.0142248114E+00
    2670   1.0187568292E+00
    2671   1.0229960412E+00
    2672   1.0267357791E+00
    2673   1.0299423233E+00
    2674   1.0321758011E+00
    2675   1.0335538551E+00
    2676   1.0342267710E+00
    2677   1.0341201269E+00
    2678   1.0332561321E+00
    2679   1.0317355874E+00
    2680   1.0298634069E+00
    2681   1.0275672954E+00
    2682   1.0252758966E+00
    2683   1.0231806420E+00
    2684   1.0212749583E+00
    2685   1.0196131320E+00
    2686   1.0182561181E+00
    2687   1.0172536092E+00
    2688   1.0166151069E+00
    2689   1.0163113350E+00
    2690   1.0163083360E+00
    2691   1.0165990364E+00
    2692   1.0172246907E+00
    2693   1.0181890040E+00
    2694   1.0193562418E+00
    2695   1.0207730751E+00
    2696   1.0222970685E+00
    2697   1.0238344380E+00
    2698   1.0253035841E+00
    2699   1.0266156619E+00
    2700   1.0276636029E+00
    2701   1.0283386771E+00
    2702   1.0286598821E+00
    2703   1.0284078833E+00
    2704   1.0276192909E+00
    2705   1.0265852547E+00
    2706   1.0253103671E+00
    2707   1.0239053012E+00
    2708   1.0224708488E+00
    2709   1.0210821049E+00
    2710   1.0197761872E+00
    2711   1.0185470847E+00
    2712   1.0173481302E+00
    2713   1.0161034228E+00
    2714   1.0147245660E+00
    2715   1.0131466917E+00
    2716   1.0113183760E+00
    2717   1.0092641655E+00
    2718   1.0071509217E+00
    2719   1.0051217017E+00
    2720   1.0033693567E+00
    2721   1.0020883989E+00
    2722   1.0014600984E+00
    2723   1.0016327250E+00
    2724   1.0026826157E+00
    2725   1.0045670875E+00
    2726   1.0070984493E+00
    2727   1.0099689103E+00
    2728   1.0128239435E+00
    2729   1.0153433684E+00
    2730   1.0172845870E+00
    2731   1.0184836610E+00
    2732   1.0188467125E+00
    2733   1.0183665451E+00
    2734   1.0171571944E+00
    2735   1.0154575339E+00
    2736   1.0135706335E+00
    2737   1.0117680760E+00
    2738   1.0102350189E+00
    2739   1.0090232418E+00
    2740   1.0082070394E+00
    2741   1.0078604239E+00
    2742   1.0080312015E+00
    2743   1.0087109399E+00
    2744   1.0097893005E+00
    2745   1.0110838741E+00
    2746   1.0124120180E+00
    2747   1.0136384761E+00
    2748   1.0146615054E+00
    2749   1.0153710136E+00
    2750   1.0156457265E+00
    2751   1.0154150496E+00
    2752   1.0147358127E+00
    2753   1.0138027519E+00
    2754   1.0128681934E+00
    2755   1.0121327165E+00
    2756   1.0116928413E+00
    2757   1.0115699522E+00
    2758   1.0117716634E+00
    2759   1.0123132487E+00
    2760   1.0130687138E+00
    2761   1.0139378664E+00
    2762   1.0146791674E+00
    2763   1.0150851666E+00
    2764   1.0150754859E+00
    2765   1.0147002903E+00
    2766   1.0140687730E+00
    2767   1.0132790395E+00
    2768   1.0124188084E+00
    2769   1.0116185048E+00
    2770   1.0110761535E+00
    2771   1.0109974965E+00
    2772   1.0114845944E+00
    2773   1.0124659638E+00
    2774   1.0137307896E+00
    2775   1.0150355838E+00
    2776   1.0162166655E+00
    2777   1.0171288579E+00
    2778   1.0175841283E+00
    2779   1.0175827102E+00
    2780   1.0170240593E+00
    2781   1.0159723319E+00
    2782   1.0146326553E+00
    2783   1.0132682293E+00
    2784   1.0120865844E+00
    2785   1.0111826724E+00
    2786   1.0105685209E+00
    2787   1.0102351058E+00
    2788   1.0101722192E+00
    2789   1.0103291588E+00
    2790   1.0105724695E+00
    2791   1.0107054103E+00
    2792   1.0105517745E+00
    2793   1.0100374083E+00
    2794   1.0092013621E+00
    2795   1.0081361275E+00
    2796   1.0069238863E+00
    2797   1.0056301562E+00
    2798   1.0043476246E+00
    2799   1.0032258741E+00
    2800   1.0024382749E+00
    2801   1.0021034934E+00
    2802   1.0022282089E+00
    2803   1.0027185518E+00
    2804   1.0034451837E+00
    2805   1.0043026553E+00
    2806   1.0052257317E+00
    2807   1.0061531030E+00
    2808   1.0070165340E+00
    2809   1.0077871089E+00
    2810   1.0084774711E+00
    2811   1.0091625804E+00
    2812   1.0099278183E+00
    2813   1.0108048585E+00
    2814   1.0117440179E+00
    2815   1.0126409314E+00
    2816   1.0133865441E+00
    2817   1.0138957640E+00
    2818   1.0141062835E+00
    2819   1.0139758711E+00
    2820   1.0135045896E+00
    2821   1.0127701209E+00
    2822   1.0119337956E+00
    2823   1.0111917064E+00
    2824   1.0106976105E+00
    2825   1.0105116124E+00
    2826   1.0106048178E+00
    2827   1.0109110536E+00
    2828   1.0113411481E+00
    2829   1.0117535989E+00
    2830   1.0120686218E+00
    2831   1.0121125970E+00
    2832   1.0117482982E+00
    2833   1.0109156422E+00
    2834   1.0096572111E+00
    2835   1.0081016928E+00
    2836   1.0064297143E+00
    2837   1.0048537768E+00
    2838   1.0036114847E+00
    2839   1.0029483136E+00
    2840   1.0030733235E+00
    2841   1.0041020405E+00
    2842   1.0060233102E+00
    2843   1.0087155819E+00
    2844   1.0119985289E+00
    2845   1.0156815543E+00
    2846   1.0195805286E+00
    2847   1.0235067283E+00
    2848   1.0272670526E+00
    2849   1.0308321206E+00
    2850   1.0336384462E+00
    2851   1.0358199092E+00
    2852   1.0373970732E+00
    2853   1.0382717440E+00
    2854   1.0384338923E+00
    2855   1.0380509024E+00
    2856   1.0370701014E+00
    2857   1.0354639602E+00
    2858   1.0339382293E+00
    2859   1.0324721772E+00
    2860   1.0312101890E+00
    2861   1.0302695547E+00
    2862   1.0297288857E+00
    2863   1.0296129580E+00
    2864   1.0299496266E+00
    2865   1.0301714556E+00
    2866   1.0303900537E+00
    2867   1.0303853204E+00
    2868   1.0299878301E+00
    2869   1.0291324883E+00
    2870   1.0278111461E+00
    2871   1.0260864727E+00
    2872   1.0241632141E+00
    2873   1.0220189692E+00
    2874   1.0200906845E+00
    2875   1.0185360744E+00
    2876   1.0173880492E+00
    2877   1.0166147758E+00
    2878   1.0161249391E+00
    2879   1.0158119279E+00
    2880   1.0155780900E+00
    2881   1.0153415624E+00
    2882   1.0150461933E+00
    2883   1.0146795689E+00
    2884   1.0142890842E+00
    2885   1.0139727877E+00
    2886   1.0138462970E+00
    2887   1.0140230079E+00
    2888   1.0144501540E+00
    2889   1.0151708838E+00
    2890   1.0161257610E+00
    2891   1.0172223751E+00
    2892   1.0183674858E+00
    2893   1.0194732066E+00
    2894   1.0204841848E+00
    2895   1.0213985457E+00
    2896   1.0222654821E+00
    2897   1.0231539387E+00
    2898   1.0241135394E+00
    2899   1.0252396817E+00
    2900   1.0262264231E+00
    2901   1.0270965332E+00
    2902   1.0277845997E+00
    2903   1.0281008703E+00
    2904   1.0279241384E+00
    2905   1.0271819870E+00
    2906   1.0258764751E+00
    2907   1.0240862013E+00
    2908   1.0219410281E+00
    2909   1.0195891578E+00
    2910   1.0171917017E+00
    2911   1.0147408136E+00
    2912   1.0124278959E+00
    2913   1.0102668586E+00
    2914   1.0082219099E+00
    2915   1.0062306130E+00
    2916   1.0042102859E+00
    2917   1.0020881522E+00
    2918   9.9982115502E-01
    2919   9.9739900802E-01
    2920   9.9483958180E-01
    2921   9.9218981236E-01
    2922   9.8953237655E-01
    2923   9.8698468320E-01
    2924   9.8467195875E-01
    2925   9.8266293334E-01
    2926   9.8117529636E-01
    2927   9.8011052506E-01
    2928   9.7945476428E-01
    2929   9.7917893696E-01
    2930   9.7922250150E-01
    2931   9.7949437844E-01
    2932   9.7986891444E-01
    2933   9.8020772956E-01
    2934   9.8040197905E-01
    2935   9.8040923678E-01
    2936   9.8026091095E-01
    2937   9.8003684695E-01
    2938   9.7981543005E-01
    2939   9.7963976576E-01
    2940   9.7976877266E-01
    2941   9.8008157348E-01
    2942   9.8066057652E-01
    2943   9.8152091127E-01
    2944   9.8260950613E-01
    2945   9.8383678146E-01
    2946   9.8511892593E-01
    2947   9.8641732457E-01
    2948   9.8774704185E-01
    2949   9.8915307662E-01
    2950   9.9067736016E-01
    2951   9.9234599084E-01
    2952   9.9417714912E-01
    2953   9.9618950671E-01
    2954   9.9838868031E-01
    2955   1.0007386158E+00
    2956   1.0031460454E+00
    2957   1.0054860628E+00
    2958   1.0076578540E+00
    2959   1.0096305338E+00
    2960   1.0114406987E+00
    2961   1.0131442531E+00
    2962   1.0147600617E+00
    2963   1.0162475715E+00
    2964   1.0175231575E+00
    2965   1.0184895021E+00
    2966   1.0190505249E+00
    2967   1.0191110097E+00
    2968   1.0185820125E+00
    2969   1.0174168916E+00
    2970   1.0156135907E+00
    2971   1.0131592738E+00
    2972   1.0102833806E+00
    2973   1.0070636861E+00
    2974   1.0036151896E+00
    2975   1.0000732339E+00
    2976   9.9660127258E-01
    2977   9.9337728498E-01
    2978   9.9055691671E-01
    2979   9.8823910863E-01
    2980   9.8642730127E-01
    2981   9.8516866501E-01
    2982   9.8442095329E-01
    2983   9.8407368161E-01
    2984   9.8405714311E-01
    2985   9.8425286889E-01
    2986   9.8453807840E-01
    2987   9.8482432592E-01
    2988   9.8508545279E-01
    2989   9.8535603395E-01
    2990   9.8570607133E-01
    2991   9.8621432532E-01
    2992   9.8695938047E-01
    2993   9.8802057688E-01
    2994   9.8946821478E-01
    2995   9.9132985557E-01
    2996   9.9354752681E-01
    2997   9.9595493673E-01
    2998   9.9829679460E-01
    2999   1.0002806858E+00
    3000   1.0016349140E+00
    3001   1.0021499944E+00
    3002   1.0017060963E+00
    3003   1.0002967770E+00
    3004   9.9804791954E-01
    3005   9.9520932957E-01
    3006   9.9210312993E-01
    3007   9.8901610980E-01
    3008   9.8622428613E-01
    3009   9.8387162784E-01
    3010   9.8196966307E-01
    3011   9.8053706370E-01
    3012   9.7956381732E-01
    3013   9.7902765318E-01
    3014   9.7889113905E-01
    3015   9.7910683741E-01
    3016   9.7963033473E-01
    3017   9.8042102216E-01
    3018   9.8142124114E-01
    3019   9.8252685403E-01
    3020   9.8356718677E-01
    3021   9.8437185899E-01
    3022   9.8489831552E-01
    3023   9.8502255905E-01
    3024   9.8487668814E-01
    3025   9.8462512513E-01
    3026   9.8444911355E-01
    3027   9.8451913401E-01
    3028   9.8498119255E-01
    3029   9.8593454029E-01
    3030   9.8738995343E-01
    3031   9.8922958131E-01
    3032   9.9120813195E-01
    3033   9.9301656183E-01
    3034   9.9438625011E-01
    3035   9.9517478897E-01
    3036   9.9538888921E-01
    3037   9.9514884195E-01
    3038   9.9463752486E-01
    3039   9.9406989248E-01
    3040   9.9367958800E-01
    3041   9.9369174387E-01
    3042   9.9426880198E-01
    3043   9.9545584392E-01
    3044   9.9716833074E-01
    3045   9.9924092952E-01
    3046   1.0015070093E+00
    3047   1.0038497388E+00
    3048   1.0061902233E+00
    3049   1.0084354076E+00
    3050   1.0104413489E+00
    3051   1.0120282620E+00
    3052   1.0130284298E+00
    3053   1.0133179153E+00
    3054   1.0128087892E+00
    3055   1.0114325165E+00
    3056   1.0091606052E+00
    3057   1.0060697483E+00
    3058   1.0023991996E+00
    3059   9.9853854036E-01
    3060   9.9493552898E-01
    3061   9.9198034039E-01
    3062   9.8993228268E-01
    3063   9.8891263350E-01
    3064   9.8893145664E-01
    3065   9.8990400067E-01
    3066   9.9164091160E-01
    3067   9.9384206886E-01
    3068   9.9613175102E-01
    3069   9.9814476689E-01
    3070   9.9962211906E-01
    3071   1.0004602278E+00
    3072   1.0006907819E+00
    3073   1.0004269345E+00
    3074   9.9982641861E-01
    3075   9.9909197300E-01
    3076   9.9847650227E-01
    3077   9.9825140519E-01
    3078   9.9863049856E-01
    3079   9.9969280420E-01
    3080   1.0013535231E+00
    3081   1.0034011609E+00
    3082   1.0055659505E+00
    3083   1.0075707658E+00
    3084   1.0091426640E+00
    3085   1.0100143377E+00
    3086   1.0099563322E+00
    3087   1.0088501249E+00
    3088   1.0067559034E+00
    3089   1.0039208833E+00
    3090   1.0007118851E+00
    3091   9.9751553057E-01
    3092   9.9466135013E-01
    3093   9.9239355200E-01
    3094   9.9086933526E-01
    3095   9.9015474098E-01
    3096   9.9020905921E-01
    3097   9.9088105254E-01
    3098   9.9194010910E-01
    3099   9.9314202058E-01
    3100   9.9429289508E-01
    3101   9.9527401498E-01
    3102   9.9601799095E-01
    3103   9.9646844480E-01
    3104   9.9656274474E-01
    3105   9.9625323056E-01
    3106   9.9553888115E-01
    3107   9.9447267085E-01
    3108   9.9312505113E-01
    3109   9.9156723935E-01
    3110   9.8985587862E-01
    3111   9.8801404538E-01
    3112   9.8612855116E-01
    3113   9.8432755022E-01
    3114   9.8275976695E-01
    3115   9.8154988086E-01
    3116   9.8076920280E-01
    3117   9.8043786246E-01
    3118   9.8054504748E-01
    3119   9.8106104795E-01
    3120   9.8192852498E-01
    3121   9.8304300932E-01
    3122   9.8424905688E-01
    3123   9.8536637328E-01
    3124   9.8623536505E-01
    3125   9.8674803268E-01
    3126   9.8683314623E-01
    3127   9.8655573520E-01
    3128   9.8585977489E-01
    3129   9.8478633538E-01
    3130   9.8342852272E-01
    3131   9.8193119864E-01
    3132   9.8047806782E-01
    3133   9.7924448925E-01
    3134   9.7835525396E-01
    3135   9.7787008205E-01
    3136   9.7779507640E-01
    3137   9.7809743080E-01
    3138   9.7869742322E-01
    3139   9.7941990293E-01
    3140   9.8026686817E-01
    3141   9.8084922429E-01
    3142   9.8101312470E-01
    3143   9.8069065874E-01
    3144   9.7990604148E-01
    3145   9.7877609996E-01
    3146   9.7746911420E-01
    3147   9.7617254109E-01
    3148   9.7507822943E-01
    3149   9.7437417627E-01
    3150   9.7413986743E-01
    3151   9.7465403329E-01
    3152   9.7590679603E-01
    3153   9.7762092082E-01
    3154   9.7971067768E-01
    3155   9.8198692001E-01
    3156   9.8428161109E-01
    3157   9.8646280473E-01
    3158   9.8843021486E-01
    3159   9.9011320951E-01
    3160   9.9147802432E-01
    3161   9.9253500829E-01
    3162   9.9332378364E-01
    3163   9.9388019691E-01
    3164   9.9420671474E-01
    3165   9.9427640289E-01
    3166   9.9407230848E-01
    3167   9.9363481212E-01
    3168   9.9307648328E-01
    3169   9.9255222685E-01
    3170   9.9220360363E-01
    3171   9.9210455726E-01
    3172   9.9227825973E-01
    3173   9.9264663865E-01
    3174   9.9305235074E-01
    3175   9.9329168548E-01
    3176   9.9310832844E-01
    3177   9.9225553818E-01
    3178   9.9057556126E-01
    3179   9.8806584813E-01
    3180   9.8489241903E-01
    3181   9.8134463416E-01
    3182   9.7776110736E-01
    3183   9.7446676851E-01
    3184   9.7173894490E-01
    3185   9.6979200670E-01
    3186   9.6876261240E-01
    3187   9.6860557557E-01
    3188   9.6938392206E-01
    3189   9.7111354585E-01
    3190   9.7320261514E-01
    3191   9.7559242553E-01
    3192   9.7810353075E-01
    3193   9.8058390573E-01
    3194   9.8290465788E-01
    3195   9.8496343084E-01
    3196   9.8670487191E-01
    3197   9.8813881390E-01
    3198   9.8933334293E-01
    3199   9.9037809629E-01
    3200   9.9134157018E-01
    3201   9.9225032077E-01
    3202   9.9309700777E-01
    3203   9.9388615864E-01
    3204   9.9457190897E-01
    3205   9.9510650192E-01
    3206   9.9539699074E-01
    3207   9.9532226870E-01
    3208   9.9478227222E-01
    3209   9.9374617386E-01
    3210   9.9226890409E-01
    3211   9.9047190816E-01
    3212   9.8851225391E-01
    3213   9.8656699450E-01
    3214   9.8483206860E-01
    3215   9.8351304992E-01
    3216   9.8278854778E-01
    3217   9.8275639019E-01
    3218   9.8339285863E-01
    3219   9.8455350544E-01
    3220   9.8601481618E-01
    3221   9.8753151064E-01
    3222   9.8887735534E-01
    3223   9.8986178947E-01
    3224   9.9033757820E-01
    3225   9.9020675304E-01
    3226   9.8949437899E-01
    3227   9.8830996385E-01
    3228   9.8679893165E-01
    3229   9.8515452029E-01
    3230   9.8352141370E-01
    3231   9.8200007630E-01
    3232   9.8067179620E-01
    3233   9.7962649773E-01
    3234   9.7896451725E-01
    3235   9.7877387284E-01
    3236   9.7910545013E-01
    3237   9.7996926313E-01
    3238   9.8134944889E-01
    3239   9.8319651711E-01
    3240   9.8550549995E-01
    3241   9.8817635480E-01
    3242   9.9094738192E-01
    3243   9.9361940673E-01
    3244   9.9594340196E-01
    3245   9.9771941198E-01
    3246   9.9883015459E-01
    3247   9.9924265134E-01
    3248   9.9899711821E-01
    3249   9.9820479748E-01
    3250   9.9704996457E-01
    3251   9.9577531874E-01
    3252   9.9463543898E-01
    3253   9.9383412727E-01
    3254   9.9347896640E-01
    3255   9.9357678156E-01
    3256   9.9406053066E-01
    3257   9.9482137861E-01
    3258   9.9572240021E-01
    3259   9.9659750868E-01
    3260   9.9725668605E-01
    3261   9.9751474268E-01
    3262   9.9723335368E-01
    3263   9.9635346210E-01
    3264   9.9489984119E-01
    3265   9.9296418569E-01
    3266   9.9068699782E-01
    3267   9.8825039797E-01
    3268   9.8587041181E-01
    3269   9.8377331596E-01
    3270   9.8215303044E-01
    3271   9.8112713005E-01
    3272   9.8071597575E-01
    3273   9.8085559820E-01
    3274   9.8138742307E-01
    3275   9.8229921065E-01
    3276   9.8341365778E-01
    3277   9.8456882633E-01
    3278   9.8571111958E-01
    3279   9.8677612498E-01
    3280   9.8773113798E-01
    3281   9.8856777157E-01
    3282   9.8928180910E-01
    3283   9.8985367070E-01
    3284   9.9024727615E-01
    3285   9.9043078458E-01
    3286   9.9040389319E-01
    3287   9.9021136270E-01
    3288   9.8993551792E-01
    3289   9.8967472078E-01
    3290   9.8952230909E-01
    3291   9.8955220254E-01
    3292   9.8980698100E-01
    3293   9.9028261428E-01
    3294   9.9091643921E-01
    3295   9.9158773036E-01
    3296   9.9213510270E-01
    3297   9.9243188210E-01
    3298   9.9233688925E-01
    3299   9.9178778620E-01
    3300   9.9077104192E-01
    3301   9.8931493158E-01
    3302   9.8748987160E-01
    3303   9.8540449096E-01
    3304   9.8319404294E-01
    3305   9.8099975344E-01
    3306   9.7895245887E-01
    3307   9.7716876129E-01
    3308   9.7575743103E-01
    3309   9.7482358642E-01
    3310   9.7445618817E-01
    3311   9.7462164464E-01
    3312   9.7559302337E-01
    3313   9.7711632430E-01
    3314   9.7903014809E-01
    3315   9.8122044756E-01
    3316   9.8348693762E-01
    3317   9.8560189204E-01
    3318   9.8732974941E-01
    3319   9.8846577821E-01
    3320   9.8888173425E-01
    3321   9.8855374086E-01
    3322   9.8755558288E-01
    3323   9.8602400238E-01
    3324   9.8412290844E-01
    3325   9.8202563399E-01
    3326   9.7984508315E-01
    3327   9.7794992434E-01
    3328   9.7645677714E-01
    3329   9.7546184525E-01
    3330   9.7509077062E-01
    3331   9.7538846969E-01
    3332   9.7637520379E-01
    3333   9.7805878936E-01
    3334   9.8042162679E-01
    3335   9.8338880477E-01
    3336   9.8680379788E-01
    3337   9.9043591157E-01
    3338   9.9401824717E-01
    3339   9.9729114122E-01
    3340   1.0000285345E+00
    3341   1.0020465391E+00
    3342   1.0032163600E+00
    3343   1.0034958274E+00
    3344   1.0029638582E+00
    3345   1.0018207674E+00
    3346   1.0003391147E+00
    3347   9.9878556703E-01
    3348   9.9735948278E-01
    3349   9.9617537907E-01
    3350   9.9528050159E-01
    3351   9.9467127318E-01
    3352   9.9429090112E-01
    3353   9.9401828778E-01
    3354   9.9368002845E-01
    3355   9.9309349948E-01
    3356   9.9214170961E-01
    3357   9.9082501617E-01
    3358   9.8919420314E-01
    3359   9.8737968354E-01
    3360   9.8552569070E-01
    3361   9.8379539133E-01
    3362   9.8238428532E-01
    3363   9.8151115564E-01
    3364   9.8137410397E-01
    3365   9.8209031450E-01
    3366   9.8365753767E-01
    3367   9.8595743470E-01
    3368   9.8879426561E-01
    3369   9.9193516432E-01
    3370   9.9513163561E-01
    3371   9.9812922234E-01
    3372   1.0006930751E+00
    3373   1.0026602286E+00
    3374   1.0039967459E+00
    3375   1.0048109640E+00
    3376   1.0053041315E+00
    3377   1.0056873958E+00
    3378   1.0061205895E+00
    3379   1.0067020794E+00
    3380   1.0074946619E+00
    3381   1.0085398552E+00
    3382   1.0098379823E+00
    3383   1.0113146666E+00
    3384   1.0128167704E+00
    3385   1.0141546036E+00
    3386   1.0151658290E+00
    3387   1.0157507033E+00
    3388   1.0158605190E+00
    3389   1.0154671274E+00
    3390   1.0145582397E+00
    3391   1.0131713762E+00
    3392   1.0114279234E+00
    3393   1.0094605127E+00
    3394   1.0075211162E+00
    3395   1.0057264085E+00
    3396   1.0041335172E+00
    3397   1.0027658366E+00
    3398   1.0016510717E+00
    3399   1.0008297994E+00
    3400   1.0003251735E+00
    3401   1.0001094555E+00
    3402   1.0001054688E+00
    3403   1.0002228343E+00
    3404   1.0003948114E+00
    3405   1.0005795065E+00
    3406   1.0007294495E+00
    3407   1.0007691868E+00
    3408   1.0006152211E+00
    3409   1.0002284718E+00
    3410   9.9965481713E-01
    3411   9.9901414704E-01
    3412   9.9844431153E-01
    3413   9.9804543244E-01
    3414   9.9786393191E-01
    3415   9.9791349348E-01
    3416   9.9819772195E-01
    3417   9.9870496277E-01
    3418   9.9938326014E-01
    3419   1.0001339250E+00
    3420   1.0008485915E+00
    3421   1.0014708125E+00
    3422   1.0020338050E+00
    3423   1.0026418670E+00
    3424   1.0034097883E+00
    3425   1.0044097327E+00
    3426   1.0056595047E+00
    3427   1.0071407170E+00
    3428   1.0088069205E+00
    3429   1.0105600050E+00
    3430   1.0122168522E+00
    3431   1.0135154156E+00
    3432   1.0141808538E+00
    3433   1.0140172544E+00
    3434   1.0129627045E+00
    3435   1.0110776035E+00
    3436   1.0084930869E+00
    3437   1.0053763970E+00
    3438   1.0019356695E+00
    3439   9.9843407581E-01
    3440   9.9516882657E-01
    3441   9.9240829002E-01
    3442   9.9032603985E-01
    3443   9.8898186026E-01
    3444   9.8835791173E-01
    3445   9.8841295392E-01
    3446   9.8910738554E-01
    3447   9.9038463010E-01
    3448   9.9213683481E-01
    3449   9.9420048818E-01
    3450   9.9639498541E-01
    3451   9.9857407143E-01
    3452   1.0006445090E+00
    3453   1.0025394231E+00
    3454   1.0041802227E+00
    3455   1.0054764391E+00
    3456   1.0063717872E+00
    3457   1.0068952074E+00
    3458   1.0071651016E+00
    3459   1.0073396808E+00
    3460   1.0075567415E+00
    3461   1.0079136233E+00
    3462   1.0084905851E+00
    3463   1.0093743100E+00
    3464   1.0106382891E+00
    3465   1.0122870603E+00
    3466   1.0142170966E+00
    3467   1.0162422415E+00
    3468   1.0181740223E+00
    3469   1.0198958571E+00
    3470   1.0214363697E+00
    3471   1.0226895716E+00
    3472   1.0236216832E+00
    3473   1.0243487376E+00
    3474   1.0248294367E+00
    3475   1.0251313105E+00
    3476   1.0253352648E+00
    3477   1.0254696437E+00
    3478   1.0254839033E+00
    3479   1.0252937195E+00
    3480   1.0249412356E+00
    3481   1.0242560266E+00
    3482   1.0234434601E+00
    3483   1.0226613140E+00
    3484   1.0218852657E+00
    3485   1.0211249809E+00
    3486   1.0204049001E+00
    3487   1.0197650041E+00
    3488   1.0192180882E+00
    3489   1.0187149796E+00
    3490   1.0181683063E+00
    3491   1.0175283723E+00
    3492   1.0168793072E+00
    3493   1.0162411496E+00
    3494   1.0158432268E+00
    3495   1.0157618191E+00
    3496   1.0159589259E+00
    3497   1.0163680382E+00
    3498   1.0169202312E+00
    3499   1.0175487200E+00
    3500   1.0181621550E+00
    3501   1.0186425356E+00
    3502   1.0188981381E+00
    3503   1.0189390412E+00
    3504   1.0189073969E+00
    3505   1.0190247732E+00
    3506   1.0195370926E+00
    3507   1.0203614604E+00
    3508   1.0215576132E+00
    3509   1.0230239039E+00
    3510   1.0245871667E+00
    3511   1.0260617780E+00
    3512   1.0272042448E+00
    3513   1.0277367868E+00
    3514   1.0274291942E+00
    3515   1.0261895113E+00
    3516   1.0241435297E+00
    3517   1.0213955665E+00
    3518   1.0181856569E+00
    3519   1.0149294556E+00
    3520   1.0118116625E+00
    3521   1.0091106775E+00
    3522   1.0070855117E+00
    3523   1.0059050094E+00
    3524   1.0055936886E+00
    3525   1.0060386417E+00
    3526   1.0070517187E+00
    3527   1.0084375037E+00
    3528   1.0100232198E+00
    3529   1.0116450949E+00
    3530   1.0131337223E+00
    3531   1.0143370691E+00
    3532   1.0151718683E+00
    3533   1.0156552527E+00
    3534   1.0158827195E+00
    3535   1.0159632440E+00
    3536   1.0159806692E+00
    3537   1.0159663466E+00
    3538   1.0158596104E+00
    3539   1.0158232806E+00
    3540   1.0158813042E+00
    3541   1.0160510520E+00
    3542   1.0162872872E+00
    3543   1.0165003530E+00
    3544   1.0166077497E+00
    3545   1.0165720292E+00
    3546   1.0164021186E+00
    3547   1.0161296058E+00
    3548   1.0157969257E+00
    3549   1.0154740845E+00
    3550   1.0152801874E+00
    3551   1.0153809881E+00
    3552   1.0159632628E+00
    3553   1.0170030294E+00
    3554   1.0185813971E+00
    3555   1.0205756112E+00
    3556   1.0228115395E+00
    3557   1.0250947246E+00
    3558   1.0272158942E+00
    3559   1.0289643880E+00
    3560   1.0301613025E+00
    3561   1.0307333294E+00
    3562   1.0307911940E+00
    3563   1.0300531705E+00
    3564   1.0291040119E+00
    3565   1.0280598288E+00
    3566   1.0270473048E+00
    3567   1.0261976095E+00
    3568   1.0256144899E+00
    3569   1.0253608676E+00
    3570   1.0254360204E+00
    3571   1.0258536682E+00
    3572   1.0262364774E+00
    3573   1.0264789033E+00
    3574   1.0264979260E+00
    3575   1.0260772574E+00
    3576   1.0251126248E+00
    3577   1.0235551108E+00
    3578   1.0214225568E+00
    3579   1.0188098404E+00
    3580   1.0158836396E+00
    3581   1.0128575674E+00
    3582   1.0099546982E+00
    3583   1.0073710351E+00
    3584   1.0052547198E+00
    3585   1.0036968228E+00
    3586   1.0027666697E+00
    3587   1.0024823973E+00
    3588   1.0028358354E+00
    3589   1.0037822873E+00
    3590   1.0052364728E+00
    3591   1.0070781574E+00
    3592   1.0091645213E+00
    3593   1.0113445835E+00
    3594   1.0134697287E+00
    3595   1.0153972921E+00
    3596   1.0169963476E+00
    3597   1.0181623009E+00
    3598   1.0188365770E+00
    3599   1.0190215841E+00
    3600   1.0187808299E+00
    3601   1.0182218167E+00
    3602   1.0174765975E+00
    3603   1.0166927694E+00
    3604   1.0160495562E+00
    3605   1.0157127476E+00
    3606   1.0157773219E+00
    3607   1.0164565618E+00
    3608   1.0177418266E+00
    3609   1.0195663969E+00
    3610   1.0217905004E+00
    3611   1.0242311034E+00
    3612   1.0266869903E+00
    3613   1.0289485590E+00
    3614   1.0308073637E+00
    3615   1.0322099478E+00
    3616   1.0327733336E+00
    3617   1.0324463448E+00
    3618   1.0315395902E+00
    3619   1.0300072114E+00
    3620   1.0279366185E+00
    3621   1.0254194729E+00
    3622   1.0225687540E+00
    3623   1.0195310324E+00
    3624   1.0164731548E+00
    3625   1.0135622051E+00
    3626   1.0108724634E+00
    3627   1.0084930735E+00
    3628   1.0064898684E+00
    3629   1.0048546309E+00
    3630   1.0035707421E+00
    3631   1.0025784080E+00
    3632   1.0017837580E+00
    3633   1.0010931694E+00
    3634   1.0004509857E+00
    3635   9.9985247724E-01
    3636   9.9931996151E-01
    3637   9.9885976301E-01
    3638   9.9843615153E-01
    3639   9.9797973065E-01
    3640   9.9741747645E-01
    3641   9.9669862455E-01
    3642   9.9579973066E-01
    3643   9.9471641520E-01
    3644   9.9346491600E-01
    3645   9.9209840254E-01
    3646   9.9071602919E-01
    3647   9.8952799917E-01
    3648   9.8868988035E-01
    3649   9.8836635576E-01
    3650   9.8867737150E-01
    3651   9.8970136747E-01
    3652   9.9149486527E-01
    3653   9.9409043562E-01
    3654   9.9746515579E-01
    3655   1.0014980581E+00
    3656   1.0059534877E+00
    3657   1.0105126617E+00
    3658   1.0148399673E+00
    3659   1.0186480786E+00
    3660   1.0217922444E+00
    3661   1.0240772280E+00
    3662   1.0253802095E+00
    3663   1.0259806551E+00
    3664   1.0260174354E+00
    3665   1.0257788727E+00
    3666   1.0255629411E+00
    3667   1.0255916611E+00
    3668   1.0259605723E+00
    3669   1.0266552171E+00
    3670   1.0276745894E+00
    3671   1.0285298469E+00
    3672   1.0293156501E+00
    3673   1.0298428295E+00
    3674   1.0299107421E+00
    3675   1.0294068310E+00
    3676   1.0282980114E+00
    3677   1.0266331175E+00
    3678   1.0245520466E+00
    3679   1.0221548971E+00
    3680   1.0194900702E+00
    3681   1.0169612998E+00
    3682   1.0146953819E+00
    3683   1.0128977386E+00
    3684   1.0117267155E+00
    3685   1.0112543907E+00
    3686   1.0114655092E+00
    3687   1.0122855265E+00
    3688   1.0136119515E+00
    3689   1.0153263979E+00
    3690   1.0172874356E+00
    3691   1.0193262437E+00
    3692   1.0212665895E+00
    3693   1.0229871298E+00
    3694   1.0244570087E+00
    3695   1.0254038807E+00
    3696   1.0260991595E+00
    3697   1.0265033676E+00
    3698   1.0266080366E+00
    3699   1.0264269372E+00
    3700   1.0260037500E+00
    3701   1.0254129744E+00
    3702   1.0247379649E+00
    3703   1.0240843141E+00
    3704   1.0234670231E+00
    3705   1.0227672405E+00
    3706   1.0222279715E+00
    3707   1.0217583096E+00
    3708   1.0213033489E+00
    3709   1.0207610263E+00
    3710   1.0200016973E+00
    3711   1.0189139096E+00
    3712   1.0174474025E+00
    3713   1.0156319472E+00
    3714   1.0135680642E+00
    3715   1.0114036497E+00
    3716   1.0093112602E+00
    3717   1.0074677516E+00
    3718   1.0060316989E+00
    3719   1.0051122970E+00
    3720   1.0047389332E+00
    3721   1.0048808370E+00
    3722   1.0054339919E+00
    3723   1.0062767764E+00
    3724   1.0072971098E+00
    3725   1.0084054719E+00
    3726   1.0095311853E+00
    3727   1.0106161464E+00
    3728   1.0116182226E+00
    3729   1.0125212597E+00
    3730   1.0133383489E+00
    3731   1.0140984215E+00
    3732   1.0148215405E+00
    3733   1.0155021275E+00
    3734   1.0161157217E+00
    3735   1.0166455048E+00
    3736   1.0171089198E+00
    3737   1.0175641734E+00
    3738   1.0180931887E+00
    3739   1.0188286287E+00
    3740   1.0197113420E+00
    3741   1.0208201727E+00
    3742   1.0222350265E+00
    3743   1.0239265685E+00
    3744   1.0258684371E+00
    3745   1.0279906338E+00
    3746   1.0301823276E+00
    3747   1.0323101595E+00
    3748   1.0343418394E+00
    3749   1.0360677205E+00
    3750   1.0370360234E+00
    3751   1.0376260157E+00
    3752   1.0375781515E+00
    3753   1.0368427796E+00
    3754   1.0354379595E+00
    3755   1.0335513719E+00
    3756   1.0310596539E+00
    3757   1.0281198217E+00
    3758   1.0251554195E+00
    3759   1.0221948713E+00
    3760   1.0194201430E+00
    3761   1.0170068235E+00
    3762   1.0150960071E+00
    3763   1.0137710124E+00
    3764   1.0130492491E+00
    3765   1.0128871142E+00
    3766   1.0131892291E+00
    3767   1.0138155686E+00
    3768   1.0145927757E+00
    3769   1.0153630347E+00
    3770   1.0158451591E+00
    3771   1.0160051027E+00
    3772   1.0158222854E+00
    3773   1.0153498512E+00
    3774   1.0147172213E+00
    3775   1.0140823662E+00
    3776   1.0136030865E+00
    3777   1.0134182039E+00
    3778   1.0136327615E+00
    3779   1.0143013199E+00
    3780   1.0154118858E+00
    3781   1.0168826333E+00
    3782   1.0185783968E+00
    3783   1.0203419907E+00
    3784   1.0220940836E+00
    3785   1.0235766033E+00
    3786   1.0246686418E+00
    3787   1.0254036878E+00
    3788   1.0256492704E+00
    3789   1.0253666959E+00
    3790   1.0245665399E+00
    3791   1.0233041716E+00
    3792   1.0216601904E+00
    3793   1.0197228689E+00
    3794   1.0175851636E+00
    3795   1.0153745285E+00
    3796   1.0131462616E+00
    3797   1.0110414718E+00
    3798   1.0091578303E+00
    3799   1.0074650685E+00
    3800   1.0058942359E+00
    3801   1.0043366569E+00
    3802   1.0026764922E+00
    3803   1.0008121296E+00
    3804   9.9866456344E-01
    3805   9.9618448143E-01
    3806   9.9336691308E-01
    3807   9.9026804460E-01
    3808   9.8700904337E-01
    3809   9.8372966951E-01
    3810   9.8059680894E-01
    3811   9.7791355997E-01
    3812   9.7564920246E-01
    3813   9.7392015903E-01
    3814   9.7277228119E-01
    3815   9.7220834514E-01
    3816   9.7217892015E-01
    3817   9.7257673934E-01
    3818   9.7325012168E-01
    3819   9.7396990981E-01
    3820   9.7470470625E-01
    3821   9.7544325054E-01
    3822   9.7592710214E-01
    3823   9.7626067841E-01
    3824   9.7648018298E-01
    3825   9.7664808564E-01
    3826   9.7684893518E-01
    3827   9.7717238714E-01
    3828   9.7768356243E-01
    3829   9.7839305852E-01
    3830   9.7919026915E-01
    3831   9.8013287633E-01
    3832   9.8101990136E-01
    3833   9.8170987231E-01
    3834   9.8217691253E-01
    3835   9.8237196588E-01
    3836   9.8225739746E-01
    3837   9.8181077282E-01
    3838   9.8103569421E-01
    3839   9.7996675094E-01
    3840   9.7865926334E-01
    3841   9.7716889512E-01
    3842   9.7552177463E-01
    3843   9.7364956245E-01
    3844   9.7192437721E-01
    3845   9.7014641961E-01
    3846   9.6843605240E-01
    3847   9.6692850413E-01
    3848   9.6572460566E-01
    3849   9.6490823002E-01
    3850   9.6449882435E-01
    3851   9.6443143361E-01
    3852   9.6527735855E-01
    3853   9.6640867164E-01
    3854   9.6786701122E-01
    3855   9.6956267951E-01
    3856   9.7135547289E-01
    3857   9.7312073517E-01
    3858   9.7476640041E-01
    3859   9.7616655159E-01
    3860   9.7744018049E-01
    3861   9.7853603352E-01
    3862   9.7935313305E-01
    3863   9.8000356396E-01
    3864   9.8055131618E-01
    3865   9.8106069319E-01
    3866   9.8157111914E-01
    3867   9.8208338249E-01
    3868   9.8256280997E-01
    3869   9.8295332364E-01
    3870   9.8319058262E-01
    3871   9.8320833807E-01
    3872   9.8292120936E-01
    3873   9.8227663474E-01
    3874   9.8136021345E-01
    3875   9.8007324346E-01
    3876   9.7854261944E-01
    3877   9.7688863859E-01
    3878   9.7523048904E-01
    3879   9.7366314879E-01
    3880   9.7224776487E-01
    3881   9.7101776846E-01
    3882   9.6997813517E-01
    3883   9.6899999121E-01
    3884   9.6854311074E-01
    3885   9.6827791326E-01
    3886   9.6822161776E-01
    3887   9.6844248497E-01
    3888   9.6894388801E-01
    3889   9.6970629968E-01
    3890   9.7067524431E-01
    3891   9.7165901645E-01
    3892   9.7276499397E-01
    3893   9.7381348402E-01
    3894   9.7453955492E-01
    3895   9.7497653353E-01
    3896   9.7509770267E-01
    3897   9.7490944135E-01
    3898   9.7444660082E-01
    3899   9.7376797132E-01
    3900   9.7293945863E-01
    3901   9.7191531109E-01
    3902   9.7112056668E-01
    3903   9.7034339692E-01
    3904   9.6959051586E-01
    3905   9.6892230837E-01
    3906   9.6835006241E-01
    3907   9.6789087619E-01
    3908   9.6756211433E-01
    3909   9.6721964044E-01
    3910   9.6730562575E-01
    3911   9.6758720239E-01
    3912   9.6795842175E-01
    3913   9.6850755893E-01
    3914   9.6921166059E-01
    3915   9.7002537837E-01
    3916   9.7088188493E-01
    3917   9.7162094995E-01
    3918   9.7230052938E-01
    3919   9.7293461363E-01
    3920   9.7321663174E-01
    3921   9.7323276562E-01
    3922   9.7297306293E-01
    3923   9.7244930607E-01
    3924   9.7169570558E-01
    3925   9.7076297947E-01
    3926   9.6962619869E-01
    3927   9.6839813143E-01
    3928   9.6740259481E-01
    3929   9.6628038123E-01
    3930   9.6521369272E-01
    3931   9.6424688997E-01
    3932   9.6341283429E-01
    3933   9.6268145908E-01
    3934   9.6192896186E-01
    3935   9.6181024334E-01
    3936   9.6168062544E-01
    3937   9.6170898316E-01
    3938   9.6198015013E-01
    3939   9.6254912520E-01
    3940   9.6336514912E-01
    3941   9.6463294325E-01
    3942   9.6663225398E-01
    3943   9.6882792541E-01
    3944   9.7133406531E-01
    3945   9.7398086971E-01
    3946   9.7652310492E-01
    3947   9.7868115981E-01
    3948   9.8019516632E-01
    3949   9.8087916180E-01
    3950   9.8061914449E-01
    3951   9.7949362465E-01
    3952   9.7775704355E-01
    3953   9.7550728952E-01
    3954   9.7308174037E-01
    3955   9.7075209357E-01
    3956   9.6873021532E-01
    3957   9.6713587776E-01
    3958   9.6598751423E-01
    3959   9.6506397987E-01
    3960   9.6452867798E-01
    3961   9.6430026804E-01
    3962   9.6389150553E-01
    3963   9.6336869528E-01
    3964   9.6267403139E-01
    3965   9.6179595268E-01
    3966   9.6053488430E-01
    3967   9.5950284712E-01
    3968   9.5865643255E-01
    3969   9.5781531739E-01
    3970   9.5723509523E-01
    3971   9.5697237350E-01
    3972   9.5679880991E-01
    3973   9.5731921414E-01
    3974   9.5836455256E-01
    3975   9.5954155823E-01
    3976   9.6102600594E-01
    3977   9.6274836635E-01
    3978   9.6457475351E-01
    3979   9.6630197562E-01
    3980   9.6827971875E-01
    3981   9.6984584760E-01
    3982   9.7101172859E-01
    3983   9.7170650439E-01
    3984   9.7185549434E-01
    3985   9.7143242142E-01
    3986   9.7046580996E-01
    3987   9.6889982668E-01
    3988   9.6704634385E-01
    3989   9.6511330151E-01
    3990   9.6291172241E-01
    3991   9.6068182139E-01
    3992   9.5853545768E-01
    3993   9.5654310257E-01
    3994   9.5453468783E-01
    3995   9.5361132144E-01
    3996   9.5303074639E-01
    3997   9.5294398346E-01
    3998   9.5348664832E-01
    3999   9.5445671562E-01
    4000   9.5621518386E-01
    4001   9.5883179713E-01
    4002   9.6150705187E-01
    4003   9.6437881314E-01
    4004   9.6727526580E-01
    4005   9.7003978118E-01
    4006   9.7251533017E-01
    4007   9.7460903088E-01
    4008   9.7648245460E-01
    4009   9.7779769243E-01
    4010   9.7864054027E-01
    4011   9.7901251240E-01
    4012   9.7891279522E-01
    4013   9.7834761254E-01
    4014   9.7733166858E-01
    4015   9.7589508384E-01
    4016   9.7409410391E-01
    4017   9.7194312690E-01
    4018   9.6960675189E-01
    4019   9.6750435289E-01
    4020   9.6541626856E-01
    4021   9.6357493539E-01
    4022   9.6205767019E-01
    4023   9.6089962634E-01
    4024   9.5998589318E-01
    4025   9.5939170987E-01
    4026   9.5960910764E-01
    4027   9.5991981118E-01
    4028   9.6057172286E-01
    4029   9.6157954377E-01
    4030   9.6293460691E-01
    4031   9.6445294785E-01
    4032   9.6662160508E-01
    4033   9.6895600187E-01
    4034   9.7129492517E-01
    4035   9.7358724578E-01
    4036   9.7567755072E-01
    4037   9.7742757829E-01
    4038   9.7873147315E-01
    4039   9.7951744993E-01
    4040   9.7973988450E-01
    4041   9.7930692302E-01
    4042   9.7838084666E-01
    4043   9.7692725830E-01
    4044   9.7497506401E-01
    4045   9.7267728073E-01
    4046   9.7017380540E-01
    4047   9.6762145260E-01
    4048   9.6518945219E-01
    4049   9.6300649768E-01
    4050   9.6106807338E-01
    4051   9.6022284450E-01
    4052   9.5986396776E-01
    4053   9.6006804646E-01
    4054   9.6076744614E-01
    4055   9.6178837176E-01
    4056   9.6278445980E-01
    4057   9.6388950808E-01
    4058   9.6501338760E-01
    4059   9.6571303690E-01
    4060   9.6618540462E-01
    4061   9.6650589710E-01
    4062   9.6680351991E-01
    4063   9.6719380829E-01
    4064   9.6771321379E-01
    4065   9.6887539182E-01
    4066   9.7016147349E-01
    4067   9.7157158299E-01
    4068   9.7299191009E-01
    4069   9.7427570658E-01
    4070   9.7530301084E-01
    4071   9.7599546322E-01
    4072   9.7632768232E-01
    4073   9.7626457436E-01
    4074   9.7607673443E-01
    4075   9.7593326489E-01
    4076   9.7591132559E-01
    4077   9.7626018242E-01
    4078   9.7708699518E-01
    4079   9.7840207162E-01
    4080   9.8012160879E-01
    4081   9.8208575926E-01
    4082   9.8408055859E-01
    4083   9.8586235385E-01
    4084   9.8719291944E-01
    4085   9.8788969190E-01
    4086   9.8787430921E-01
    4087   9.8718801421E-01
    4088   9.8609394134E-01
    4089   9.8478662586E-01
    4090   9.8353065941E-01
    4091   9.8253559289E-01
    4092   9.8193593117E-01
    4093   9.8179875498E-01
    4094   9.8212691445E-01
    4095   9.8285583704E-01
    4096   9.8385240612E-01
    4097   9.8492967532E-01
    4098   9.8588055286E-01
    4099   9.8651728947E-01
    4100   9.8669757051E-01
    4101   9.8632995310E-01
    4102   9.8536695183E-01
    4103   9.8376479908E-01
    4104   9.8171332214E-01
    4105   9.7929760588E-01
    4106   9.7672367187E-01
    4107   9.7424882536E-01
    4108   9.7208310146E-01
    4109   9.7036880709E-01
    4110   9.6917309072E-01
    4111   9.6850195630E-01
    4112   9.6824792812E-01
    4113   9.6837360918E-01
    4114   9.6907832870E-01
    4115   9.6977516590E-01
    4116   9.7047548092E-01
    4117   9.7107521641E-01
    4118   9.7151159276E-01
    4119   9.7177035368E-01
    4120   9.7186483430E-01
    4121   9.7170126511E-01
    4122   9.7155645246E-01
    4123   9.7139555418E-01
    4124   9.7112860229E-01
    4125   9.7092644782E-01
    4126   9.7086805777E-01
    4127   9.7100676048E-01
    4128   9.7136224689E-01
    4129   9.7192590433E-01
    4130   9.7257594406E-01
    4131   9.7359767361E-01
    4132   9.7474135406E-01
    4133   9.7589534570E-01
    4134   9.7703022648E-01
    4135   9.7805395398E-01
    4136   9.7890229187E-01
    4137   9.7955545700E-01
    4138   9.8003281773E-01
    4139   9.8037425661E-01
    4140   9.8062572097E-01
    4141   9.8081972249E-01
    4142   9.8101241719E-01
    4143   9.8141647631E-01
    4144   9.8194019536E-01
    4145   9.8268570791E-01
    4146   9.8367937300E-01
    4147   9.8491926935E-01
    4148   9.8639771523E-01
    4149   9.8810847537E-01
    4150   9.9003512662E-01
    4151   9.9212879177E-01
    4152   9.9429509057E-01
    4153   9.9640413935E-01
    4154   9.9831918044E-01
    4155   9.9992494266E-01
    4156   1.0011399157E+00
    4157   1.0019133784E+00
    4158   1.0022219535E+00
    4159   1.0020771677E+00
    4160   1.0015397633E+00
    4161   1.0007250573E+00
    4162   9.9978899480E-01
    4163   9.9890049379E-01
    4164   9.9821611192E-01
    4165   9.9786720571E-01
    4166   9.9795502854E-01
    4167   9.9854079881E-01
    4168   9.9962476757E-01
    4169   1.0011237353E+00
    4170   1.0028661008E+00
    4171   1.0046169992E+00
    4172   1.0061282488E+00
    4173   1.0071928725E+00
    4174   1.0076842582E+00
    4175   1.0075729139E+00
    4176   1.0069260935E+00
    4177   1.0058959170E+00
    4178   1.0046942443E+00
    4179   1.0035499619E+00
    4180   1.0026535783E+00
    4181   1.0021069082E+00
    4182   1.0018992764E+00
    4183   1.0019201452E+00
    4184   1.0019997010E+00
    4185   1.0019569441E+00
    4186   1.0016374446E+00
    4187   1.0009351922E+00
    4188   9.9980356363E-01
    4189   9.9826065660E-01
    4190   9.9638768346E-01
    4191   9.9431555381E-01
    4192   9.9220028563E-01
    4193   9.9019648719E-01
    4194   9.8844060090E-01
    4195   9.8704790666E-01
    4196   9.8611622419E-01
    4197   9.8572453988E-01
    4198   9.8592080932E-01
    4199   9.8670388190E-01
    4200   9.8801140463E-01
    4201   9.8972317814E-01
    4202   9.9168026864E-01
    4203   9.9371174848E-01
    4204   9.9565982002E-01
    4205   9.9739904810E-01
    4206   9.9885075916E-01
    4207   9.9999332236E-01
    4208   1.0008643345E+00
    4209   1.0015487993E+00
    4210   1.0021531436E+00
    4211   1.0027740180E+00
    4212   1.0034755051E+00
    4213   1.0042833483E+00
    4214   1.0051939002E+00
    4215   1.0061876313E+00
    4216   1.0072382393E+00
    4217   1.0083154514E+00
    4218   1.0093856719E+00
    4219   1.0104141040E+00
    4220   1.0113670583E+00
    4221   1.0122105034E+00
    4222   1.0129044536E+00
    4223   1.0133984489E+00
    4224   1.0136352417E+00
    4225   1.0135644805E+00
    4226   1.0131600835E+00
    4227   1.0124315030E+00
    4228   1.0114234950E+00
    4229   1.0102064391E+00
    4230   1.0088636194E+00
    4231   1.0074801002E+00
    4232   1.0061336278E+00
    4233   1.0048866043E+00
    4234   1.0037807718E+00
    4235   1.0028382687E+00
    4236   1.0020708019E+00
    4237   1.0014930342E+00
    4238   1.0011319623E+00
    4239   1.0010256337E+00
    4240   1.0012115565E+00
    4241   1.0017123095E+00
    4242   1.0025238708E+00
    4243   1.0036126553E+00
    4244   1.0049241423E+00
    4245   1.0063859825E+00
    4246   1.0079186474E+00
    4247   1.0094454948E+00
    4248   1.0109052571E+00
    4249   1.0122630936E+00
    4250   1.0135142057E+00
    4251   1.0146765998E+00
    4252   1.0157759688E+00
    4253   1.0168301951E+00
    4254   1.0178399488E+00
    4255   1.0187864051E+00
    4256   1.0196324212E+00
    4257   1.0203241702E+00
    4258   1.0207944591E+00
    4259   1.0209838392E+00
    4260   1.0208693492E+00
    4261   1.0202303626E+00
    4262   1.0192654283E+00
    4263   1.0179871929E+00
    4264   1.0164677173E+00
    4265   1.0148170427E+00
    4266   1.0131567855E+00
    4267   1.0116067838E+00
    4268   1.0102696429E+00
    4269   1.0092155259E+00
    4270   1.0084726205E+00
    4271   1.0080278813E+00
    4272   1.0078375495E+00
    4273   1.0078417573E+00
    4274   1.0079765015E+00
    4275   1.0081805548E+00
    4276   1.0083995709E+00
    4277   1.0085908232E+00
    4278   1.0087288298E+00
    4279   1.0088083126E+00
    4280   1.0088406581E+00
    4281   1.0088461942E+00
    4282   1.0088474238E+00
    4283   1.0088108157E+00
    4284   1.0087535592E+00
    4285   1.0086379341E+00
    4286   1.0084146037E+00
    4287   1.0080295048E+00
    4288   1.0074348435E+00
    4289   1.0066095404E+00
    4290   1.0055794376E+00
    4291   1.0044274967E+00
    4292   1.0032875170E+00
    4293   1.0023227570E+00
    4294   1.0016967254E+00
    4295   1.0015438333E+00
    4296   1.0019441535E+00
    4297   1.0029036003E+00
    4298   1.0043414414E+00
    4299   1.0060900427E+00
    4300   1.0079121040E+00
    4301   1.0095358023E+00
    4302   1.0107005655E+00
    4303   1.0112010262E+00
    4304   1.0109182153E+00
    4305   1.0098339583E+00
    4306   1.0080302829E+00
    4307   1.0056764718E+00
    4308   1.0030046252E+00
    4309   1.0002747630E+00
    4310   9.9773462321E-01
    4311   9.9558413166E-01
    4312   9.9395437586E-01
    4313   9.9290467586E-01
    4314   9.9243379542E-01
    4315   9.9249716642E-01
    4316   9.9302325912E-01
    4317   9.9392669428E-01
    4318   9.9511871484E-01
    4319   9.9651491594E-01
    4320   9.9803822246E-01
    4321   9.9961505932E-01
    4322   1.0011663122E+00
    4323   1.0025997357E+00
    4324   1.0038118407E+00
    4325   1.0047022942E+00
    4326   1.0051962310E+00
    4327   1.0052648019E+00
    4328   1.0049355773E+00
    4329   1.0042904936E+00
    4330   1.0034542656E+00
    4331   1.0025768021E+00
    4332   1.0018116137E+00
    4333   1.0012916994E+00
    4334   1.0011067881E+00
    4335   1.0012887314E+00
    4336   1.0018112136E+00
    4337   1.0026042542E+00
    4338   1.0035774891E+00
    4339   1.0046429579E+00
    4340   1.0057305464E+00
    4341   1.0067949375E+00
    4342   1.0078169432E+00
    4343   1.0088012067E+00
    4344   1.0097696336E+00
    4345   1.0107491196E+00
    4346   1.0117553302E+00
    4347   1.0127875548E+00
    4348   1.0138194495E+00
    4349   1.0147079879E+00
    4350   1.0154625157E+00
    4351   1.0159998148E+00
    4352   1.0162715884E+00
    4353   1.0162596063E+00
    4354   1.0159782965E+00
    4355   1.0154785531E+00
    4356   1.0148456180E+00
    4357   1.0141879141E+00
    4358   1.0136185401E+00
    4359   1.0132360337E+00
    4360   1.0131111078E+00
    4361   1.0132808863E+00
    4362   1.0137471198E+00
    4363   1.0144740304E+00
    4364   1.0154060032E+00
    4365   1.0164171001E+00
    4366   1.0172830053E+00
    4367   1.0179531784E+00
    4368   1.0182517848E+00
    4369   1.0180691944E+00
    4370   1.0173424823E+00
    4371   1.0160611283E+00
    4372   1.0142711425E+00
    4373   1.0120749075E+00
    4374   1.0096228149E+00
    4375   1.0070944330E+00
    4376   1.0046723977E+00
    4377   1.0025167438E+00
    4378   1.0007467052E+00
    4379   9.9943226677E-01
    4380   9.9859347056E-01
    4381   9.9820467064E-01
    4382   9.9820305089E-01
    4383   9.9850243663E-01
    4384   9.9901180685E-01
    4385   9.9965419394E-01
    4386   1.0003796006E+00
    4387   1.0011677102E+00
    4388   1.0020215733E+00
    4389   1.0029580319E+00
    4390   1.0040004856E+00
    4391   1.0051753847E+00
    4392   1.0065096722E+00
    4393   1.0080257287E+00
    4394   1.0097334237E+00
    4395   1.0116224175E+00
    4396   1.0136583129E+00
    4397   1.0157992313E+00
    4398   1.0179960789E+00
    4399   1.0200212071E+00
    4400   1.0219124806E+00
    4401   1.0235561174E+00
    4402   1.0248836036E+00
    4403   1.0258649599E+00
    4404   1.0265066729E+00
    4405   1.0268448158E+00
    4406   1.0269310240E+00
    4407   1.0268440027E+00
    4408   1.0266753637E+00
    4409   1.0261706899E+00
    4410   1.0256630459E+00
    4411   1.0250859102E+00
    4412   1.0244266542E+00
    4413   1.0236870222E+00
    4414   1.0228706575E+00
    4415   1.0219867002E+00
    4416   1.0210499608E+00
    4417   1.0200782500E+00
    4418   1.0191198123E+00
    4419   1.0181461915E+00
    4420   1.0171329471E+00
    4421   1.0162255309E+00
    4422   1.0153990446E+00
    4423   1.0146721764E+00
    4424   1.0140471053E+00
    4425   1.0135040376E+00
    4426   1.0130036344E+00
    4427   1.0124957548E+00
    4428   1.0119315495E+00
    4429   1.0112759797E+00
    4430   1.0105187428E+00
    4431   1.0096816735E+00
    4432   1.0088201087E+00
    4433   1.0080161792E+00
    4434   1.0073643945E+00
    4435   1.0069533496E+00
    4436   1.0068494081E+00
    4437   1.0070869676E+00
    4438   1.0076662167E+00
    4439   1.0085558321E+00
    4440   1.0097068307E+00
    4441   1.0110339365E+00
    4442   1.0123972784E+00
    4443   1.0137254679E+00
    4444   1.0148875913E+00
    4445   1.0157785820E+00
    4446   1.0163206483E+00
    4447   1.0164743979E+00
    4448   1.0162456895E+00
    4449   1.0156859114E+00
    4450   1.0148844008E+00
    4451   1.0139529665E+00
    4452   1.0130049244E+00
    4453   1.0121337396E+00
    4454   1.0113973739E+00
    4455   1.0108125516E+00
    4456   1.0103593439E+00
    4457   1.0099928164E+00
    4458   1.0096569511E+00
    4459   1.0093024565E+00
    4460   1.0088799188E+00
    4461   1.0083394217E+00
    4462   1.0077047668E+00
    4463   1.0069709845E+00
    4464   1.0061607823E+00
    4465   1.0053095529E+00
    4466   1.0044615392E+00
    4467   1.0036674698E+00
    4468   1.0029824620E+00
    4469   1.0024627314E+00
    4470   1.0021599712E+00
    4471   1.0021136245E+00
    4472   1.0023426901E+00
    4473   1.0028392501E+00
    4474   1.0035654955E+00
    4475   1.0044550946E+00
    4476   1.0054190475E+00
    4477   1.0063557904E+00
    4478   1.0071647598E+00
    4479   1.0077615154E+00
    4480   1.0080912682E+00
    4481   1.0081371415E+00
    4482   1.0079206158E+00
    4483   1.0074941480E+00
    4484   1.0069285728E+00
    4485   1.0062992381E+00
    4486   1.0056744928E+00
    4487   1.0051087045E+00
    4488   1.0046405215E+00
    4489   1.0042960735E+00
    4490   1.0040959056E+00
    4491   1.0040633960E+00
    4492   1.0042314846E+00
    4493   1.0046444436E+00
    4494   1.0053527844E+00
    4495   1.0064018731E+00
    4496   1.0078171495E+00
    4497   1.0095899713E+00
    4498   1.0116677656E+00
    4499   1.0139516647E+00
    4500   1.0163498705E+00
    4501   1.0185908135E+00
    4502   1.0205203785E+00
    4503   1.0220284469E+00
    4504   1.0229785900E+00
    4505   1.0233227915E+00
    4506   1.0230845711E+00
    4507   1.0223531898E+00
    4508   1.0212669830E+00
    4509   1.0199901554E+00
    4510   1.0186878548E+00
    4511   1.0175042031E+00
    4512   1.0165807434E+00
    4513   1.0158840171E+00
    4514   1.0154750635E+00
    4515   1.0153524681E+00
    4516   1.0154309664E+00
    4517   1.0156346610E+00
    4518   1.0158823168E+00
    4519   1.0160960597E+00
    4520   1.0162079303E+00
    4521   1.0161645660E+00
    4522   1.0159297860E+00
    4523   1.0154847602E+00
    4524   1.0148262038E+00
    4525   1.0139640035E+00
    4526   1.0129198088E+00
    4527   1.0117271152E+00
    4528   1.0104319892E+00
    4529   1.0091009866E+00
    4530   1.0077803767E+00
    4531   1.0065583511E+00
    4532   1.0055217407E+00
    4533   1.0047321660E+00
    4534   1.0042484136E+00
    4535   1.0041091285E+00
    4536   1.0043253332E+00
    4537   1.0048755831E+00
    4538   1.0057056525E+00
    4539   1.0067332868E+00
    4540   1.0078569560E+00
    4541   1.0089667931E+00
    4542   1.0099562714E+00
    4543   1.0107338786E+00
    4544   1.0112340697E+00
    4545   1.0114259987E+00
    4546   1.0113178129E+00
    4547   1.0109547504E+00
    4548   1.0104109758E+00
    4549   1.0097769511E+00
    4550   1.0091449641E+00
    4551   1.0085950969E+00
    4552   1.0081832430E+00
    4553   1.0079326538E+00
    4554   1.0078308104E+00
    4555   1.0078331680E+00
    4556   1.0078738090E+00
    4557   1.0078806976E+00
    4558   1.0077914530E+00
    4559   1.0075655395E+00
    4560   1.0071916919E+00
    4561   1.0066887088E+00
    4562   1.0060765802E+00
    4563   1.0054283145E+00
    4564   1.0047937295E+00
    4565   1.0042176720E+00
    4566   1.0037303679E+00
    4567   1.0033433399E+00
    4568   1.0030527263E+00
    4569   1.0028463914E+00
    4570   1.0027113952E+00
    4571   1.0026389856E+00
    4572   1.0026262901E+00
    4573   1.0026756122E+00
    4574   1.0027925719E+00
    4575   1.0029835605E+00
    4576   1.0032524160E+00
    4577   1.0035967028E+00
    4578   1.0040050395E+00
    4579   1.0044571560E+00
    4580   1.0049270855E+00
    4581   1.0053879129E+00
    4582   1.0058154951E+00
    4583   1.0061895334E+00
    4584   1.0064925910E+00
    4585   1.0067091652E+00
    4586   1.0068265320E+00
    4587   1.0068372802E+00
    4588   1.0067419776E+00
    4589   1.0065504617E+00
    4590   1.0062814550E+00
    4591   1.0059610592E+00
    4592   1.0056203732E+00
    4593   1.0052916882E+00
    4594   1.0050028302E+00
    4595   1.0047707247E+00
    4596   1.0045970098E+00
    4597   1.0044686131E+00
    4598   1.0043640680E+00
    4599   1.0042632732E+00
    4600   1.0041566476E+00
    4601   1.0040503744E+00
    4602   1.0039668168E+00
    4603   1.0039411440E+00
    4604   1.0040155112E+00
    4605   1.0042313787E+00
    4606   1.0046202785E+00
    4607   1.0051943350E+00
    4608   1.0059392592E+00
    4609   1.0068126476E+00
    4610   1.0077486246E+00
    4611   1.0086701565E+00
    4612   1.0095046702E+00
    4613   1.0101339082E+00
    4614   1.0105350734E+00
    4615   1.0106658726E+00
    4616   1.0105158982E+00
    4617   1.0101077480E+00
    4618   1.0094906082E+00
    4619   1.0087312312E+00
    4620   1.0079022764E+00
    4621   1.0070716224E+00
    4622   1.0062949435E+00
    4623   1.0056115617E+00
    4624   1.0050423385E+00
    4625   1.0045889898E+00
    4626   1.0042355520E+00
    4627   1.0039530327E+00
    4628   1.0037069866E+00
    4629   1.0034660048E+00
    4630   1.0032085803E+00
    4631   1.0029270850E+00
    4632   1.0026294221E+00
    4633   1.0023395592E+00
    4634   1.0020971171E+00
    4635   1.0019547235E+00
    4636   1.0019716630E+00
    4637   1.0022039941E+00
    4638   1.0026934461E+00
    4639   1.0034582499E+00
    4640   1.0044879812E+00
    4641   1.0057425492E+00
    4642   1.0071542984E+00
    4643   1.0086325558E+00
    4644   1.0100709371E+00
    4645   1.0113578451E+00
    4646   1.0123893040E+00
    4647   1.0130815846E+00
    4648   1.0133818675E+00
    4649   1.0132944274E+00
    4650   1.0127605599E+00
    4651   1.0118831942E+00
    4652   1.0107465338E+00
    4653   1.0094360107E+00
    4654   1.0080614816E+00
    4655   1.0067323993E+00
    4656   1.0055455913E+00
    4657   1.0045757784E+00
    4658   1.0038704190E+00
    4659   1.0034486454E+00
    4660   1.0033030845E+00
    4661   1.0034036880E+00
    4662   1.0037034652E+00
    4663   1.0041460719E+00
    4664   1.0046742710E+00
    4665   1.0052371898E+00
    4666   1.0057943018E+00
    4667   1.0063154947E+00
    4668   1.0067784665E+00
    4669   1.0071656383E+00
    4670   1.0074622095E+00
    4671   1.0076556119E+00
    4672   1.0077357397E+00
    4673   1.0076955290E+00
    4674   1.0075321232E+00
    4675   1.0072489778E+00
    4676   1.0068584424E+00
    4677   1.0063833352E+00
    4678   1.0058559326E+00
    4679   1.0053140119E+00
    4680   1.0047952790E+00
    4681   1.0043324021E+00
    4682   1.0039503110E+00
    4683   1.0036659045E+00
    4684   1.0034890507E+00
    4685   1.0034235506E+00
    4686   1.0034673979E+00
    4687   1.0036124773E+00
    4688   1.0038441713E+00
    4689   1.0041412643E+00
    4690   1.0044765168E+00
    4691   1.0048209555E+00
    4692   1.0051405904E+00
    4693   1.0054040207E+00
    4694   1.0056093943E+00
    4695   1.0057617412E+00
    4696   1.0058906071E+00
    4697   1.0060414501E+00
    4698   1.0062643706E+00
    4699   1.0066001099E+00
    4700   1.0070674169E+00
    4701   1.0076553747E+00
    4702   1.0083227080E+00
    4703   1.0090043618E+00
    4704   1.0096241661E+00
    4705   1.0101110995E+00
    4706   1.0104154571E+00
    4707   1.0105205168E+00
    4708   1.0104458782E+00
    4709   1.0102408716E+00
    4710   1.0099697170E+00
    4711   1.0096929956E+00
    4712   1.0094510868E+00
    4713   1.0092541594E+00
    4714   1.0090808764E+00
    4715   1.0088854121E+00
    4716   1.0086105523E+00
    4717   1.0082036637E+00
    4718   1.0076319218E+00
    4719   1.0068932847E+00
    4720   1.0060205543E+00
    4721   1.0050776049E+00
    4722   1.0041491024E+00
    4723   1.0033267947E+00
    4724   1.0026962068E+00
    4725   1.0023245936E+00
    4726   1.0022528335E+00
    4727   1.0024947584E+00
    4728   1.0030289454E+00
    4729   1.0038035904E+00
    4730   1.0047400089E+00
    4731   1.0057411125E+00
    4732   1.0067034182E+00
    4733   1.0075308909E+00
    4734   1.0081484156E+00
    4735   1.0085127720E+00
    4736   1.0086193863E+00
    4737   1.0085035676E+00
    4738   1.0082354691E+00
    4739   1.0079089542E+00
    4740   1.0076259411E+00
    4741   1.0074791451E+00
    4742   1.0075366823E+00
    4743   1.0078313916E+00
    4744   1.0083563294E+00
    4745   1.0090664921E+00
    4746   1.0098860187E+00
    4747   1.0107198371E+00
    4748   1.0114683923E+00
    4749   1.0120433571E+00
    4750   1.0123813512E+00
    4751   1.0124525077E+00
    4752   1.0122618495E+00
    4753   1.0118436222E+00
    4754   1.0112513085E+00
    4755   1.0105591041E+00
    4756   1.0097820955E+00
    4757   1.0089960471E+00
    4758   1.0082391276E+00
    4759   1.0075196016E+00
    4760   1.0068445539E+00
    4761   1.0062162121E+00
    4762   1.0056380407E+00
    4763   1.0051193069E+00
    4764   1.0046766272E+00
    4765   1.0043322137E+00
    4766   1.0041097462E+00
    4767   1.0040293234E+00
    4768   1.0041026850E+00
    4769   1.0043293886E+00
    4770   1.0046944398E+00
    4771   1.0051680637E+00
    4772   1.0057083486E+00
    4773   1.0062668617E+00
    4774   1.0067961190E+00
    4775   1.0072567556E+00
    4776   1.0076222456E+00
    4777   1.0078801715E+00
    4778   1.0080305870E+00
    4779   1.0080829092E+00
    4780   1.0080525878E+00
    4781   1.0079580057E+00
    4782   1.0078175492E+00
    4783   1.0076469139E+00
    4784   1.0074571315E+00
    4785   1.0072538507E+00
    4786   1.0070378836E+00
    4787   1.0068064181E+00
    4788   1.0065542459E+00
    4789   1.0062749278E+00
    4790   1.0059623989E+00
    4791   1.0056133940E+00
    4792   1.0052301778E+00
    4793   1.0048233262E+00
    4794   1.0044080884E+00
    4795   1.0039977783E+00
    4796   1.0036188200E+00
    4797   1.0032799486E+00
    4798   1.0029857005E+00
    4799   1.0027338569E+00
    4800   1.0025169710E+00
    4801   1.0023247842E+00
    4802   1.0021469000E+00
    4803   1.0019755379E+00
    4804   1.0018078908E+00
    4805   1.0016472099E+00
    4806   1.0015018920E+00
    4807   1.0013827190E+00
    4808   1.0012994196E+00
    4809   1.0012580561E+00
    4810   1.0012600963E+00
    4811   1.0013029573E+00
    4812   1.0013811834E+00
    4813   1.0014876522E+00
    4814   1.0016148717E+00
    4815   1.0017567529E+00
    4816   1.0019108321E+00
    4817   1.0020801889E+00
    4818   1.0022740277E+00
    4819   1.0025064326E+00
    4820   1.0027937496E+00
    4821   1.0031515976E+00
    4822   1.0035922535E+00
    4823   1.0041224763E+00
    4824   1.0047414859E+00
    4825   1.0054391684E+00
    4826   1.0061952402E+00
    4827   1.0069802797E+00
    4828   1.0077588265E+00
    4829   1.0084936279E+00
    4830   1.0091495161E+00
    4831   1.0096958715E+00
    4832   1.0101078047E+00
    4833   1.0103670727E+00
    4834   1.0104636185E+00
    4835   1.0103977008E+00
    4836   1.0101817065E+00
    4837   1.0098406297E+00
    4838   1.0094107586E+00
    4839   1.0089366834E+00
    4840   1.0084668625E+00
    4841   1.0080478574E+00
    4842   1.0077175684E+00
    4843   1.0074985862E+00
    4844   1.0073958360E+00
    4845   1.0073950956E+00
    4846   1.0074399723E+00
    4847   1.0075118699E+00
    4848   1.0075626665E+00
    4849   1.0075577682E+00
    4850   1.0074767514E+00
    4851   1.0073134162E+00
    4852   1.0070742448E+00
    4853   1.0067747243E+00
    4854   1.0064343259E+00
    4855   1.0060713142E+00
    4856   1.0056989444E+00
    4857   1.0053243797E+00
    4858   1.0049505571E+00
    4859   1.0045797727E+00
    4860   1.0042169315E+00
    4861   1.0038707918E+00
    4862   1.0035528189E+00
    4863   1.0032744861E+00
    4864   1.0030442730E+00
    4865   1.0028652299E+00
    4866   1.0027334545E+00
    4867   1.0026377069E+00
    4868   1.0025605730E+00
    4869   1.0024815214E+00
    4870   1.0023815196E+00
    4871   1.0022479176E+00
    4872   1.0020778472E+00
    4873   1.0018789398E+00
    4874   1.0016674327E+00
    4875   1.0014648128E+00
    4876   1.0012943241E+00
    4877   1.0011780212E+00
    4878   1.0011343078E+00
    4879   1.0011757334E+00
    4880   1.0013072236E+00
    4881   1.0015253080E+00
    4882   1.0018187544E+00
    4883   1.0021703842E+00
    4884   1.0025593219E+00
    4885   1.0029630313E+00
    4886   1.0033590964E+00
    4887   1.0037271790E+00
    4888   1.0040513643E+00
    4889   1.0043223232E+00
    4890   1.0045381224E+00
    4891   1.0047027777E+00
    4892   1.0048227592E+00
    4893   1.0049028266E+00
    4894   1.0049429667E+00
    4895   1.0049375768E+00
    4896   1.0048769512E+00
    4897   1.0047503183E+00
    4898   1.0045494816E+00
    4899   1.0042722717E+00
    4900   1.0039250915E+00
    4901   1.0035237741E+00
    4902   1.0030921127E+00
    4903   1.0026580918E+00
    4904   1.0022488492E+00
    4905   1.0018860726E+00
    4906   1.0015833172E+00
    4907   1.0013456975E+00
    4908   1.0011712722E+00
    4909   1.0010529547E+00
    4910   1.0009801590E+00
    4911   1.0009401256E+00
    4912   1.0009192838E+00
    4913   1.0009048136E+00
    4914   1.0008860979E+00
    4915   1.0008555723E+00
    4916   1.0008087949E+00
    4917   1.0007440746E+00
    4918   1.0006621856E+00
    4919   1.0005663793E+00
    4920   1.0004621682E+00
    4921   1.0003571750E+00
    4922   1.0002594649E+00
    4923   1.0001762331E+00
    4924   1.0001127213E+00
    4925   1.0000718376E+00
    4926   1.0000543380E+00
    4927   1.0000590984E+00
    4928   1.0000832430E+00
    4929   1.0001223409E+00
    4930   1.0001710475E+00
    4931   1.0002242658E+00
    4932   1.0002783950E+00
    4933   1.0003320413E+00
    4934   1.0003859023E+00
    4935   1.0004421336E+00
    4936   1.0005038339E+00
    4937   1.0005750420E+00
    4938   1.0006610547E+00
    4939   1.0007684570E+00
    4940   1.0009043550E+00
    4941   1.0010747917E+00
    4942   1.0012827783E+00
    4943   1.0015264839E+00
    4944   1.0017979484E+00
    4945   1.0020825521E+00
    4946   1.0023595402E+00
    4947   1.0026040055E+00
    4948   1.0027905078E+00
    4949   1.0028978454E+00
    4950   1.0029137123E+00
    4951   1.0028376704E+00
    4952   1.0026813523E+00
    4953   1.0024658800E+00
    4954   1.0022174917E+00
    4955   1.0019627772E+00
    4956   1.0017246792E+00
    4957   1.0015198821E+00
    4958   1.0013578081E+00
    4959   1.0012412571E+00
    4960   1.0011685715E+00
    4961   1.0011368617E+00
    4962   1.0011453761E+00
    4963   1.0011978534E+00
    4964   1.0013029297E+00
    4965   1.0014723286E+00
    4966   1.0017172958E+00
    4967   1.0020441882E+00
    4968   1.0024502122E+00
    4969   1.0029202146E+00
    4970   1.0034253632E+00
    4971   1.0039244755E+00
    4972   1.0043684265E+00
    4973   1.0047073006E+00
    4974   1.0048989396E+00
    4975   1.0049167785E+00
    4976   1.0047548578E+00
    4977   1.0044287377E+00
    4978   1.0039723260E+00
    4979   1.0034317406E+00
    4980   1.0028578689E+00
    4981   1.0022992452E+00
    4982   1.0017964997E+00
    4983   1.0013791350E+00
    4984   1.0010648372E+00
    4985   1.0008609167E+00
    4986   1.0007669546E+00
    4987   1.0007775094E+00
    4988   1.0008840186E+00
    4989   1.0010756728E+00
    4990   1.0013397007E+00
    4991   1.0016617800E+00
    4992   1.0020270542E+00
    4993   1.0024216931E+00
    4994   1.0028344587E+00
    4995   1.0032575810E+00
    4996   1.0036864331E+00
    4997   1.0041178566E+00
    4998   1.0045474038E+00
    4999   1.0049661649E+00
    5000   1.0053582171E+00
    5001   1.0056999008E+00
    5002   1.0059618735E+00
    5003   1.0061140917E+00
    5004   1.0061327135E+00
    5005   1.0060069148E+00
    5006   1.0057433125E+00
    5007   1.0053663311E+00
    5008   1.0049141852E+00
    5009   1.0044315758E+00
    5010   1.0039611408E+00
    5011   1.0035358815E+00
    5012   1.0031743058E+00
    5013   1.0028791732E+00
    5014   1.0026397928E+00
    5015   1.0024369884E+00
    5016   1.0022492801E+00
    5017   1.0020586390E+00
    5018   1.0018544519E+00
    5019   1.0016349987E+00
    5020   1.0014065454E+00
    5021   1.0011807785E+00
    5022   1.0009715402E+00
    5023   1.0007916942E+00
    5024   1.0006506599E+00
    5025   1.0005528835E+00
    5026   1.0004973426E+00
    5027   1.0004780519E+00
    5028   1.0004853791E+00
    5029   1.0005078225E+00
    5030   1.0005338322E+00
    5031   1.0005533354E+00
    5032   1.0005588059E+00
    5033   1.0005458777E+00
    5034   1.0005135455E+00
    5035   1.0004639582E+00
    5036   1.0004017892E+00
    5037   1.0003332445E+00
    5038   1.0002649122E+00
    5039   1.0002027345E+00
    5040   1.0001513270E+00
    5041   1.0001136914E+00
    5042   1.0000912072E+00
    5043   1.0000837442E+00
    5044   1.0000898163E+00
    5045   1.0001067980E+00
    5046   1.0001312517E+00
    5047   1.0001593552E+00
    5048   1.0001873487E+00
    5049   1.0002119179E+00
    5050   1.0002304842E+00
    5051   1.0002414273E+00
    5052   1.0002442525E+00
    5053   1.0002396483E+00
    5054   1.0002293497E+00
    5055   1.0002157701E+00
    5056   1.0002014915E+00
    5057   1.0001887968E+00
    5058   1.0001794285E+00
    5059   1.0001746586E+00
    5060   1.0001756394E+00
    5061   1.0001839471E+00
    5062   1.0002022377E+00
    5063   1.0002349447E+00
    5064   1.0002889037E+00
    5065   1.0003737087E+00
    5066   1.0005014438E+00
    5067   1.0006854702E+00
    5068   1.0009385664E+00
    5069   1.0012697078E+00
    5070   1.0016807728E+00
    5071   1.0021633621E+00
    5072   1.0026967363E+00
    5073   1.0032477094E+00
    5074   1.0037731036E+00
    5075   1.0042248366E+00
    5076   1.0045569733E+00
    5077   1.0047333620E+00
    5078   1.0047340841E+00
    5079   1.0045590954E+00
    5080   1.0042281296E+00
    5081   1.0037769374E+00
    5082   1.0032508871E+00
    5083   1.0026975340E+00
    5084   1.0021598349E+00
    5085   1.0016712860E+00
    5086   1.0012536017E+00
    5087   1.0009168580E+00
    5088   1.0006614923E+00
    5089   1.0004812869E+00
    5090   1.0003664854E+00
    5091   1.0003064268E+00
    5092   1.0002914128E+00
    5093   1.0003138239E+00
    5094   1.0003686697E+00
    5095   1.0004537816E+00
    5096   1.0005697564E+00
    5097   1.0007196232E+00
    5098   1.0009080959E+00
    5099   1.0011402566E+00
    5100   1.0014196125E+00
    5101   1.0017456853E+00
    5102   1.0021115693E+00
    5103   1.0025021364E+00
    5104   1.0028936455E+00
    5105   1.0032553291E+00
    5106   1.0035530607E+00
    5107   1.0037545870E+00
    5108   1.0038352315E+00
    5109   1.0037826848E+00
    5110   1.0035996311E+00
    5111   1.0033035001E+00
    5112   1.0029234031E+00
    5113   1.0024950548E+00
    5114   1.0020549440E+00
    5115   1.0016350829E+00
    5116   1.0012593475E+00
    5117   1.0009418827E+00
    5118   1.0006874743E+00
    5119   1.0004933682E+00
    5120   1.0003518169E+00
    5121   1.0002526689E+00
    5122   1.0001855031E+00
    5123   1.0001410601E+00
    5124   1.0001119545E+00
    5125   1.0000928072E+00
    5126   1.0000800070E+00
    5127   1.0000713050E+00
    5128   1.0000653929E+00
    5129   1.0000615529E+00
    5130   1.0000594060E+00
    5131   1.0000587530E+00
    5132   1.0000594825E+00
    5133   1.0000615186E+00
    5134   1.0000647868E+00
    5135   1.0000691852E+00
    5136   1.0000745580E+00
    5137   1.0000806758E+00
    5138   1.0000872302E+00
    5139   1.0000938471E+00
    5140   1.0001001164E+00
    5141   1.0001056319E+00
    5142   1.0001100332E+00
    5143   1.0001130457E+00
    5144   1.0001145182E+00
    5145   1.0001144526E+00
    5146   1.0001130214E+00
    5147   1.0001105588E+00
    5148   1.0001075195E+00
    5149   1.0001044069E+00
    5150   1.0001016842E+00
    5151   1.0000996915E+00
    5152   1.0000985900E+00
    5153   1.0000983477E+00
    5154   1.0000987675E+00
    5155   1.0000995490E+00
    5156   1.0001003647E+00
    5157   1.0001009275E+00
    5158   1.0001010300E+00
    5159   1.0001005462E+00
    5160   1.0000993999E+00
    5161   1.0000975188E+00
    5162   1.0000948004E+00
    5163   1.0000911073E+00
    5164   1.0000862976E+00
    5165   1.0000802768E+00
    5166   1.0000730518E+00
    5167   1.0000647667E+00
    5168   1.0000557076E+00
    5169   1.0000462754E+00
    5170   1.0000369343E+00
    5171   1.0000281478E+00
    5172   1.0000203184E+00
    5173   1.0000137427E+00
    5174   1.0000085921E+00
    5175   1.0000049186E+00
    5176   1.0000026793E+00
    5177   1.0000017693E+00
    5178   1.0000020521E+00
    5179   1.0000033829E+00
    5180   1.0000056234E+00
    5181   1.0000086475E+00
    5182   1.0000123389E+00
    5183   1.0000165798E+00
    5184   1.0000212334E+00
    5185   1.0000261281E+00
    5186   1.0000310502E+00
    5187   1.0000357512E+00
    5188   1.0000399707E+00
    5189   1.0000434706E+00
    5190   1.0000460725E+00
    5191   1.0000476897E+00
    5192   1.0000483481E+00
    5193   1.0000481891E+00
    5194   1.0000474515E+00
    5195   1.0000464348E+00
    5196   1.0000454500E+00
    5197   1.0000447703E+00
    5198   1.0000445915E+00
    5199   1.0000450094E+00
    5200   1.0000460142E+00
    5201   1.0000474979E+00
    5202   1.0000492715E+00
    5203   1.0000510897E+00
    5204   1.0000526817E+00
    5205   1.0000537860E+00
    5206   1.0000541840E+00
    5207   1.0000537277E+00
    5208   1.0000523561E+00
    5209   1.0000501014E+00
    5210   1.0000470825E+00
    5211   1.0000434891E+00
    5212   1.0000395551E+00
    5213   1.0000355271E+00
    5214   1.0000316309E+00
    5215   1.0000280457E+00
    5216   1.0000248924E+00
    5217   1.0000222350E+00
    5218   1.0000200938E+00
    5219   1.0000184635E+00
    5220   1.0000173300E+00
    5221   1.0000166841E+00
    5222   1.0000165285E+00
    5223   1.0000168756E+00
    5224   1.0000177367E+00
    5225   1.0000191015E+00
    5226   1.0000209164E+00
    5227   1.0000230697E+00
    5228   1.0000253906E+00
    5229   1.0000276654E+00
    5230   1.0000296641E+00
    5231   1.0000311730E+00
    5232   1.0000320228E+00
    5233   1.0000321104E+00
    5234   1.0000314105E+00
    5235   1.0000299763E+00
    5236   1.0000279284E+00
    5237   1.0000254336E+00
    5238   1.0000226785E+00
    5239   1.0000198434E+00
    5240   1.0000170836E+00
    5241   1.0000145195E+00
    5242   1.0000122344E+00
    5243   1.0000102774E+00
    5244   1.0000086689E+00
    5245   1.0000074079E+00
    5246   1.0000064796E+00
    5247   1.0000058626E+00
    5248   1.0000055322E+00
    5249   1.0000054603E+00
    5250   1.0000056115E+00
    5251   1.0000059403E+00
    5252   1.0000063901E+00
    5253   1.0000068960E+00
    5254   1.0000073899E+00
    5255   1.0000078048E+00
    5256   1.0000080805E+00
    5257   1.0000081683E+00
    5258   1.0000080355E+00
    5259   1.0000076696E+00
    5260   1.0000070788E+00
    5261   1.0000062910E+00
    5262   1.0000053511E+00
    5263   1.0000043207E+00
    5264   1.0000032789E+00
    5265   1.0000023246E+00
    5266   1.0000015748E+00
    5267   1.0000011576E+00
    5268   1.0000012009E+00
    5269   1.0000018168E+00
    5270   1.0000030856E+00
    5271   1.0000050387E+00
    5272   1.0000076434E+00
    5273   1.0000107904E+00
    5274   1.0000142911E+00
    5275   1.0000178869E+00
    5276   1.0000212742E+00
    5277   1.0000241424E+00
    5278   1.0000262163E+00
    5279   1.0000272965E+00
    5280   1.0000272886E+00
    5281   1.0000262169E+00
    5282   1.0000242181E+00
    5283   1.0000215186E+00
    5284   1.0000183962E+00
    5285   1.0000151381E+00
    5286   1.0000120027E+00
    5287   1.0000091939E+00
    5288   1.0000068504E+00
    5289   1.0000050477E+00
    5290   1.0000038064E+00
    5291   1.0000031027E+00
    5292   1.0000028783E+00
    5293   1.0000030490E+00
    5294   1.0000035118E+00
    5295   1.0000041533E+00
    5296   1.0000048571E+00
    5297   1.0000055121E+00
    5298   1.0000060238E+00
    5299   1.0000063243E+00
    5300   1.0000063817E+00
    5301   1.0000062022E+00
    5302   1.0000058241E+00
    5303   1.0000053049E+00
    5304   1.0000047054E+00
    5305   1.0000040777E+00
    5306   1.0000034579E+00
    5307   1.0000028662E+00
    5308   1.0000023105E+00
    5309   1.0000017929E+00
    5310   1.0000013170E+00
    5311   1.0000008967E+00
    5312   1.0000005626E+00
    5313   1.0000003666E+00
    5314   1.0000003794E+00
    5315   1.0000006836E+00
    5316   1.0000013623E+00
    5317   1.0000024861E+00
    5318   1.0000040995E+00
    5319   1.0000062073E+00
    5320   1.0000087626E+00
    5321   1.0000116594E+00
    5322   1.0000147328E+00
    5323   1.0000177714E+00
    5324   1.0000205399E+00
    5325   1.0000228094E+00
    5326   1.0000243893E+00
    5327   1.0000251538E+00
    5328   1.0000250599E+00
    5329   1.0000241525E+00
    5330   1.0000225558E+00
    5331   1.0000204529E+00
    5332   1.0000180573E+00
    5333   1.0000155830E+00
    5334   1.0000132198E+00
    5335   1.0000111182E+00
    5336   1.0000093852E+00
    5337   1.0000080876E+00
    5338   1.0000072604E+00
    5339   1.0000069133E+00
    5340   1.0000070366E+00
    5341   1.0000076025E+00
    5342   1.0000085640E+00
    5343   1.0000098510E+00
    5344   1.0000113676E+00
    5345   1.0000129922E+00
    5346   1.0000145841E+00
    5347   1.0000159969E+00
    5348   1.0000170960E+00
    5349   1.0000177762E+00
    5350   1.0000179753E+00
    5351   1.0000176817E+00
    5352   1.0000169335E+00
    5353   1.0000158112E+00
    5354   1.0000144244E+00
    5355   1.0000128942E+00
    5356   1.0000113361E+00
    5357   1.0000098457E+00
    5358   1.0000084909E+00
    5359   1.0000073107E+00
    5360   1.0000063203E+00
    5361   1.0000055176E+00
    5362   1.0000048904E+00
    5363   1.0000044216E+00
    5364   1.0000040924E+00
    5365   1.0000038842E+00
    5366   1.0000037778E+00
    5367   1.0000037520E+00
    5368   1.0000037811E+00
    5369   1.0000038334E+00
    5370   1.0000038730E+00
    5371   1.0000038639E+00
    5372   1.0000037746E+00
    5373   1.0000035841E+00
    5374   1.0000032845E+00
    5375   1.0000028830E+00
    5376   1.0000024017E+00
    5377   1.0000018770E+00
    5378   1.0000013563E+00
    5379   1.0000008934E+00
    5380   1.0000005420E+00
    5381   1.0000003504E+00
    5382   1.0000003565E+00
    5383   1.0000005857E+00
    5384   1.0000010503E+00
    5385   1.0000017485E+00
    5386   1.0000026634E+00
    5387   1.0000037611E+00
    5388   1.0000049905E+00
    5389   1.0000062843E+00
    5390   1.0000075639E+00
    5391   1.0000087459E+00
    5392   1.0000097523E+00
    5393   1.0000105205E+00
    5394   1.0000110137E+00
    5395   1.0000112266E+00
    5396   1.0000111864E+00
    5397   1.0000109473E+00
    5398   1.0000105788E+00
    5399   1.0000101527E+00
    5400   1.0000097322E+00
    5401   1.0000093649E+00
    5402   1.0000090827E+00
    5403   1.0000089052E+00
    5404   1.0000088459E+00
    5405   1.0000089179E+00
    5406   1.0000091363E+00
    5407   1.0000095187E+00
    5408   1.0000100823E+00
    5409   1.0000108423E+00
    5410   1.0000118132E+00
    5411   1.0000130151E+00
    5412   1.0000144867E+00
    5413   1.0000162986E+00
    5414   1.0000185632E+00
    5415   1.0000214319E+00
    5416   1.0000250745E+00
    5417   1.0000296391E+00
    5418   1.0000351985E+00
    5419   1.0000416928E+00
    5420   1.0000488853E+00
    5421   1.0000563471E+00
    5422   1.0000634825E+00
    5423   1.0000695981E+00
    5424   1.0000740066E+00
    5425   1.0000761444E+00
    5426   1.0000756770E+00
    5427   1.0000725654E+00
    5428   1.0000670771E+00
    5429   1.0000597391E+00
    5430   1.0000512446E+00
    5431   1.0000423360E+00
    5432   1.0000336935E+00
    5433   1.0000258492E+00
    5434   1.0000191417E+00
    5435   1.0000137136E+00
    5436   1.0000095406E+00
    5437   1.0000064816E+00
    5438   1.0000043324E+00
    5439   1.0000028738E+00
    5440   1.0000019052E+00
    5441   1.0000012643E+00
    5442   1.0000008334E+00
    5443   1.0000005360E+00
    5444   1.0000003287E+00
    5445   1.0000001903E+00
    5446   1.0000001121E+00
    5447   1.0000000897E+00
    5448   1.0000001182E+00
    5449   1.0000001897E+00
    5450   1.0000002923E+00
    5451   1.0000004117E+00
    5452   1.0000005332E+00
    5453   1.0000006434E+00
    5454   1.0000007332E+00
    5455   1.0000007981E+00
    5456   1.0000008392E+00
    5457   1.0000008615E+00
    5458   1.0000008730E+00
    5459   1.0000008819E+00
    5460   1.0000008962E+00
    5461   1.0000009216E+00
    5462   1.0000009626E+00
    5463   1.0000010221E+00
    5464   1.0000011029E+00
    5465   1.0000012090E+00
    5466   1.0000013462E+00
    5467   1.0000015224E+00
    5468   1.0000017463E+00
    5469   1.0000020258E+00
    5470   1.0000023650E+00
    5471   1.0000027612E+00
    5472   1.0000032037E+00
    5473   1.0000036726E+00
    5474   1.0000041411E+00
    5475   1.0000045780E+00
    5476   1.0000049531E+00
    5477   1.0000052421E+00
    5478   1.0000054309E+00
    5479   1.0000055187E+00
    5480   1.0000055177E+00
    5481   1.0000054508E+00
    5482   1.0000053470E+00
    5483   1.0000052358E+00
    5484   1.0000051416E+00
    5485   1.0000050799E+00
    5486   1.0000050550E+00
    5487   1.0000050603E+00
    5488   1.0000050801E+00
    5489   1.0000050936E+00
    5490   1.0000050787E+00
    5491   1.0000050161E+00
    5492   1.0000048918E+00
    5493   1.0000046994E+00
    5494   1.0000044410E+00
    5495   1.0000041271E+00
    5496   1.0000037771E+00
    5497   1.0000034181E+00
    5498   1.0000030846E+00
    5499   1.0000028165E+00
    5500   1.0000026574E+00
    5501   1.0000026506E+00
    5502   1.0000028350E+00
    5503   1.0000032385E+00
    5504   1.0000038718E+00
    5505   1.0000047217E+00
    5506   1.0000057474E+00
    5507   1.0000068795E+00
    5508   1.0000080253E+00
    5509   1.0000090778E+00
    5510   1.0000099296E+00
    5511   1.0000104886E+00
    5512   1.0000106917E+00
    5513   1.0000105158E+00
    5514   1.0000099812E+00
    5515   1.0000091480E+00
    5516   1.0000081060E+00
    5517   1.0000069600E+00
    5518   1.0000058139E+00
    5519   1.0000047567E+00
    5520   1.0000038536E+00
    5521   1.0000031410E+00
    5522   1.0000026281E+00
    5523   1.0000023003E+00
    5524   1.0000021269E+00
    5525   1.0000020673E+00
    5526   1.0000020782E+00
    5527   1.0000021195E+00
    5528   1.0000021580E+00
    5529   1.0000021706E+00
    5530   1.0000021452E+00
    5531   1.0000020812E+00
    5532   1.0000019872E+00
    5533   1.0000018787E+00
    5534   1.0000017737E+00
    5535   1.0000016891E+00
    5536   1.0000016366E+00
    5537   1.0000016208E+00
    5538   1.0000016379E+00
    5539   1.0000016774E+00
    5540   1.0000017241E+00
    5541   1.0000017622E+00
    5542   1.0000017783E+00
    5543   1.0000017638E+00
    5544   1.0000017168E+00
    5545   1.0000016416E+00
    5546   1.0000015480E+00
    5547   1.0000014492E+00
    5548   1.0000013602E+00
    5549   1.0000012967E+00
    5550   1.0000012735E+00
    5551   1.0000013040E+00
    5552   1.0000013985E+00
    5553   1.0000015632E+00
    5554   1.0000017979E+00
    5555   1.0000020953E+00
    5556   1.0000024392E+00
    5557   1.0000028054E+00
    5558   1.0000031628E+00
    5559   1.0000034774E+00
    5560   1.0000037160E+00
    5561   1.0000038521E+00
    5562   1.0000038701E+00
    5563   1.0000037688E+00
    5564   1.0000035625E+00
    5565   1.0000032794E+00
    5566   1.0000029578E+00
    5567   1.0000026407E+00
    5568   1.0000023701E+00
    5569   1.0000021804E+00
    5570   1.0000020941E+00
    5571   1.0000021186E+00
    5572   1.0000022453E+00
    5573   1.0000024514E+00
    5574   1.0000027039E+00
    5575   1.0000029653E+00
    5576   1.0000031996E+00
    5577   1.0000033790E+00
    5578   1.0000034884E+00
    5579   1.0000035267E+00
    5580   1.0000035063E+00
    5581   1.0000034486E+00
    5582   1.0000033777E+00
    5583   1.0000033141E+00
    5584   1.0000032691E+00
    5585   1.0000032428E+00
    5586   1.0000032244E+00
    5587   1.0000031958E+00
    5588   1.0000031366E+00
    5589   1.0000030300E+00
    5590   1.0000028670E+00
    5591   1.0000026488E+00
    5592   1.0000023865E+00
    5593   1.0000020985E+00
    5594   1.0000018077E+00
    5595   1.0000015364E+00
    5596   1.0000013039E+00
    5597   1.0000011232E+00
    5598   1.0000010001E+00
    5599   1.0000009334E+00
    5600   1.0000009156E+00
    5601   1.0000009343E+00
    5602   1.0000009745E+00
    5603   1.0000010204E+00
    5604   1.0000010578E+00
    5605   1.0000010755E+00
    5606   1.0000010666E+00
    5607   1.0000010289E+00
    5608   1.0000009651E+00
    5609   1.0000008819E+00
    5610   1.0000007881E+00
    5611   1.0000006939E+00
    5612   1.0000006085E+00
    5613   1.0000005393E+00
    5614   1.0000004913E+00
    5615   1.0000004663E+00
    5616   1.0000004638E+00
    5617   1.0000004810E+00
    5618   1.0000005136E+00
    5619   1.0000005569E+00
    5620   1.0000006059E+00
    5621   1.0000006561E+00
    5622   1.0000007036E+00
    5623   1.0000007454E+00
    5624   1.0000007792E+00
    5625   1.0000008033E+00
    5626   1.0000008166E+00
    5627   1.0000008181E+00
    5628   1.0000008074E+00
    5629   1.0000007844E+00
    5630   1.0000007500E+00
    5631   1.0000007065E+00
    5632   1.0000006575E+00
    5633   1.0000006089E+00
    5634   1.0000005681E+00
    5635   1.0000005438E+00
    5636   1.0000005452E+00
    5637   1.0000005808E+00
    5638   1.0000006563E+00
    5639   1.0000007738E+00
    5640   1.0000009302E+00
    5641   1.0000011167E+00
    5642   1.0000013194E+00
    5643   1.0000015202E+00
    5644   1.0000016999E+00
    5645   1.0000018404E+00
    5646   1.0000019284E+00
    5647   1.0000019571E+00
    5648   1.0000019276E+00
    5649   1.0000018488E+00
    5650   1.0000017355E+00
    5651   1.0000016054E+00
    5652   1.0000014768E+00
    5653   1.0000013648E+00
    5654   1.0000012797E+00
    5655   1.0000012255E+00
    5656   1.0000012005E+00
    5657   1.0000011975E+00
    5658   1.0000012065E+00
    5659   1.0000012158E+00
    5660   1.0000012150E+00
    5661   1.0000011957E+00
    5662   1.0000011533E+00
    5663   1.0000010868E+00
    5664   1.0000009992E+00
    5665   1.0000008963E+00
    5666   1.0000007856E+00
    5667   1.0000006756E+00
    5668   1.0000005741E+00
    5669   1.0000004878E+00
    5670   1.0000004213E+00
    5671   1.0000003774E+00
    5672   1.0000003562E+00
    5673   1.0000003561E+00
    5674   1.0000003734E+00
    5675   1.0000004030E+00
    5676   1.0000004390E+00
    5677   1.0000004751E+00
    5678   1.0000005054E+00
    5679   1.0000005254E+00
    5680   1.0000005318E+00
    5681   1.0000005236E+00
    5682   1.0000005018E+00
    5683   1.0000004687E+00
    5684   1.0000004280E+00
    5685   1.0000003835E+00
    5686   1.0000003387E+00
    5687   1.0000002963E+00
    5688   1.0000002579E+00
    5689   1.0000002245E+00
    5690   1.0000001960E+00
    5691   1.0000001726E+00
    5692   1.0000001540E+00
    5693   1.0000001407E+00
    5694   1.0000001331E+00
    5695   1.0000001319E+00
    5696   1.0000001378E+00
    5697   1.0000001513E+00
    5698   1.0000001722E+00
    5699   1.0000001997E+00
    5700   1.0000002327E+00
    5701   1.0000002694E+00
    5702   1.0000003079E+00
    5703   1.0000003461E+00
    5704   1.0000003822E+00
    5705   1.0000004143E+00
    5706   1.0000004409E+00
    5707   1.0000004607E+00
    5708   1.0000004728E+00
    5709   1.0000004763E+00
    5710   1.0000004710E+00
    5711   1.0000004570E+00
    5712   1.0000004348E+00
    5713   1.0000004055E+00
    5714   1.0000003706E+00
    5715   1.0000003318E+00
    5716   1.0000002906E+00
    5717   1.0000002488E+00
    5718   1.0000002076E+00
    5719   1.0000001683E+00
    5720   1.0000001319E+00
    5721   1.0000000991E+00
    5722   1.0000000704E+00
    5723   1.0000000464E+00
    5724   1.0000000272E+00
    5725   1.0000000128E+00
    5726   1.0000000031E+00
    5727   9.9999999806E-01
    5728   9.9999999717E-01
    5729   1.0000000000E+00
    5730   1.0000000062E+00
    5731   1.0000000151E+00
    5732   1.0000000264E+00
    5733   1.0000000397E+00
    5734   1.0000000549E+00
    5735   1.0000000720E+00
    5736   1.0000000910E+00
    5737   1.0000001123E+00
    5738   1.0000001361E+00
    5739   1.0000001623E+00
    5740   1.0000001907E+00
    5741   1.0000002207E+00
    5742   1.0000002514E+00
    5743   1.0000002815E+00
    5744   1.0000003100E+00
    5745   1.0000003358E+00
    5746   1.0000003584E+00
    5747   1.0000003779E+00
    5748   1.0000003949E+00
    5749   1.0000004105E+00
    5750   1.0000004260E+00
    5751   1.0000004424E+00
    5752   1.0000004604E+00
    5753   1.0000004796E+00
    5754   1.0000004989E+00
    5755   1.0000005162E+00
    5756   1.0000005295E+00
    5757   1.0000005369E+00
    5758   1.0000005372E+00
    5759   1.0000005307E+00
    5760   1.0000005192E+00
    5761   1.0000005058E+00
    5762   1.0000004943E+00
    5763   1.0000004888E+00
    5764   1.0000004926E+00
    5765   1.0000005074E+00
    5766   1.0000005333E+00
    5767   1.0000005679E+00
    5768   1.0000006074E+00
    5769   1.0000006467E+00
    5770   1.0000006801E+00
    5771   1.0000007026E+00
    5772   1.0000007102E+00
    5773   1.0000007004E+00
    5774   1.0000006729E+00
    5775   1.0000006289E+00
    5776   1.0000005712E+00
    5777   1.0000005038E+00
    5778   1.0000004310E+00
    5779   1.0000003573E+00
    5780   1.0000002865E+00
    5781   1.0000002219E+00
    5782   1.0000001656E+00
    5783   1.0000001186E+00
    5784   1.0000000814E+00
    5785   1.0000000535E+00
    5786   1.0000000341E+00
    5787   1.0000000221E+00
    5788   1.0000000165E+00
    5789   1.0000000163E+00
    5790   1.0000000204E+00
    5791   1.0000000281E+00
    5792   1.0000000384E+00
    5793   1.0000000502E+00
    5794   1.0000000627E+00
    5795   1.0000000747E+00
    5796   1.0000000856E+00
    5797   1.0000000947E+00
    5798   1.0000001020E+00
    5799   1.0000001077E+00
    5800   1.0000001123E+00
    5801   1.0000001169E+00
    5802   1.0000001225E+00
    5803   1.0000001304E+00
    5804   1.0000001414E+00
    5805   1.0000001564E+00
    5806   1.0000001755E+00
    5807   1.0000001986E+00
    5808   1.0000002248E+00
    5809   1.0000002526E+00
    5810   1.0000002801E+00
    5811   1.0000003048E+00
    5812   1.0000003242E+00
    5813   1.0000003362E+00
    5814   1.0000003393E+00
    5815   1.0000003330E+00
    5816   1.0000003179E+00
    5817   1.0000002958E+00
    5818   1.0000002694E+00
    5819   1.0000002419E+00
    5820   1.0000002166E+00
    5821   1.0000001964E+00
    5822   1.0000001831E+00
    5823   1.0000001777E+00
    5824   1.0000001797E+00
    5825   1.0000001876E+00
    5826   1.0000001992E+00
    5827   1.0000002117E+00
    5828   1.0000002225E+00
    5829   1.0000002292E+00
    5830   1.0000002303E+00
    5831   1.0000002255E+00
    5832   1.0000002151E+00
    5833   1.0000002005E+00
    5834   1.0000001834E+00
    5835   1.0000001658E+00
    5836   1.0000001494E+00
    5837   1.0000001357E+00
    5838   1.0000001254E+00
    5839   1.0000001189E+00
    5840   1.0000001157E+00
    5841   1.0000001155E+00
    5842   1.0000001174E+00
    5843   1.0000001207E+00
    5844   1.0000001249E+00
    5845   1.0000001294E+00
    5846   1.0000001343E+00
    5847   1.0000001396E+00
    5848   1.0000001453E+00
    5849   1.0000001518E+00
    5850   1.0000001593E+00
    5851   1.0000001678E+00
    5852   1.0000001774E+00
    5853   1.0000001879E+00
    5854   1.0000001992E+00
    5855   1.0000002109E+00
    5856   1.0000002229E+00
    5857   1.0000002349E+00
    5858   1.0000002466E+00
    5859   1.0000002575E+00
    5860   1.0000002669E+00
    5861   1.0000002742E+00
    5862   1.0000002786E+00
    5863   1.0000002794E+00
    5864   1.0000002759E+00
    5865   1.0000002679E+00
    5866   1.0000002553E+00
    5867   1.0000002385E+00
    5868   1.0000002181E+00
    5869   1.0000001951E+00
    5870   1.0000001707E+00
    5871   1.0000001459E+00
    5872   1.0000001221E+00
    5873   1.0000001003E+00
    5874   1.0000000812E+00
    5875   1.0000000654E+00
    5876   1.0000000530E+00
    5877   1.0000000441E+00
    5878   1.0000000386E+00
    5879   1.0000000363E+00
    5880   1.0000000371E+00
    5881   1.0000000407E+00
    5882   1.0000000471E+00
    5883   1.0000000563E+00
    5884   1.0000000682E+00
    5885   1.0000000826E+00
    5886   1.0000000993E+00
    5887   1.0000001175E+00
    5888   1.0000001365E+00
    5889   1.0000001552E+00
    5890   1.0000001723E+00
    5891   1.0000001866E+00
    5892   1.0000001968E+00
    5893   1.0000002021E+00
    5894   1.0000002019E+00
    5895   1.0000001962E+00
    5896   1.0000001855E+00
    5897   1.0000001705E+00
    5898   1.0000001526E+00
    5899   1.0000001329E+00
    5900   1.0000001127E+00
    5901   1.0000000934E+00
    5902   1.0000000757E+00
    5903   1.0000000606E+00
    5904   1.0000000485E+00
    5905   1.0000000396E+00
    5906   1.0000000340E+00
    5907   1.0000000315E+00
    5908   1.0000000318E+00
    5909   1.0000000346E+00
    5910   1.0000000394E+00
    5911   1.0000000457E+00
    5912   1.0000000530E+00
    5913   1.0000000606E+00
    5914   1.0000000681E+00
    5915   1.0000000747E+00
    5916   1.0000000799E+00
    5917   1.0000000834E+00
    5918   1.0000000847E+00
    5919   1.0000000839E+00
    5920   1.0000000810E+00
    5921   1.0000000762E+00
    5922   1.0000000702E+00
    5923   1.0000000633E+00
    5924   1.0000000562E+00
    5925   1.0000000494E+00
    5926   1.0000000432E+00
    5927   1.0000000379E+00
    5928   1.0000000337E+00
    5929   1.0000000303E+00
    5930   1.0000000277E+00
    5931   1.0000000257E+00
    5932   1.0000000242E+00
    5933   1.0000000231E+00
    5934   1.0000000224E+00
    5935   1.0000000221E+00
    5936   1.0000000224E+00
    5937   1.0000000231E+00
    5938   1.0000000244E+00
    5939   1.0000000261E+00
    5940   1.0000000280E+00
    5941   1.0000000299E+00
    5942   1.0000000317E+00
    5943   1.0000000330E+00
    5944   1.0000000339E+00
    5945   1.0000000343E+00
    5946   1.0000000342E+00
    5947   1.0000000336E+00
    5948   1.0000000328E+00
    5949   1.0000000320E+00
    5950   1.0000000315E+00
    5951   1.0000000314E+00
    5952   1.0000000322E+00
    5953   1.0000000341E+00
    5954   1.0000000374E+00
    5955   1.0000000423E+00
    5956   1.0000000487E+00
    5957   1.0000000565E+00
    5958   1.0000000653E+00
    5959   1.0000000745E+00
    5960   1.0000000833E+00
    5961   1.0000000909E+00
    5962   1.0000000966E+00
    5963   1.0000000997E+00
    5964   1.0000001000E+00
    5965   1.0000000975E+00
    5966   1.0000000927E+00
    5967   1.0000000861E+00
    5968   1.0000000787E+00
    5969   1.0000000713E+00
    5970   1.0000000646E+00
    5971   1.0000000591E+00
    5972   1.0000000550E+00
    5973   1.0000000524E+00
    5974   1.0000000511E+00
    5975   1.0000000507E+00
    5976   1.0000000507E+00
    5977   1.0000000508E+00
    5978   1.0000000504E+00
    5979   1.0000000494E+00
    5980   1.0000000475E+00
    5981   1.0000000447E+00
    5982   1.0000000410E+00
    5983   1.0000000368E+00
    5984   1.0000000322E+00
    5985   1.0000000275E+00
    5986   1.0000000231E+00
    5987   1.0000000191E+00
    5988   1.0000000157E+00
    5989   1.0000000130E+00
    5990   1.0000000109E+00
    5991   1.0000000095E+00
    5992   1.0000000086E+00
    5993   1.0000000082E+00
    5994   1.0000000081E+00
    5995   1.0000000085E+00
    5996   1.0000000092E+00
    5997   1.0000000102E+00
    5998   1.0000000114E+00
    5999   1.0000000128E+00
    6000   1.0000000142E+00
    6001   1.0000000155E+00
    6002   1.0000000164E+00
    6003   1.0000000168E+00
    6004   1.0000000167E+00
    6005   1.0000000159E+00
    6006   1.0000000146E+00
    6007   1.0000000127E+00
    6008   1.0000000106E+00
    6009   1.0000000084E+00
    6010   1.0000000061E+00
    6011   1.0000000041E+00
    6012   1.0000000023E+00
    6013   1.0000000008E+00
    6014   9.9999999970E-01
    6015   9.9999999894E-01
    6016   9.9999999848E-01
    6017   9.9999999829E-01
    6018   9.9999999833E-01
    6019   9.9999999856E-01
    6020   9.9999999896E-01
    6021   9.9999999952E-01
    6022   1.0000000002E+00
    6023   1.0000000011E+00
    6024   1.0000000022E+00
    6025   1.0000000035E+00
    6026   1.0000000049E+00
    6027   1.0000000064E+00
    6028   1.0000000079E+00
    6029   1.0000000094E+00
    6030   1.0000000107E+00
    6031   1.0000000117E+00
    6032   1.0000000124E+00
    6033   1.0000000126E+00
    6034   1.0000000124E+00
    6035   1.0000000118E+00
    6036   1.0000000109E+00
    6037   1.0000000097E+00
    6038   1.0000000084E+00
    6039   1.0000000071E+00
    6040   1.0000000059E+00
    6041   1.0000000050E+00
    6042   1.0000000044E+00
    6043   1.0000000043E+00
    6044   1.0000000045E+00
    6045   1.0000000053E+00
    6046   1.0000000065E+00
    6047   1.0000000082E+00
    6048   1.0000000102E+00
    6049   1.0000000124E+00
    6050   1.0000000146E+00
    6051   1.0000000167E+00
    6052   1.0000000185E+00
    6053   1.0000000198E+00
    6054   1.0000000206E+00
    6055   1.0000000208E+00
    6056   1.0000000203E+00
    6057   1.0000000193E+00
    6058   1.0000000178E+00
    6059   1.0000000159E+00
    6060   1.0000000139E+00
    6061   1.0000000117E+00
    6062   1.0000000096E+00
    6063   1.0000000076E+00
    6064   1.0000000058E+00
    6065   1.0000000042E+00
    6066   1.0000000028E+00
    6067   1.0000000016E+00
    6068   1.0000000007E+00
    6069   9.9999999995E-01
    6070   9.9999999938E-01
    6071   9.9999999896E-01
    6072   9.9999999867E-01
    6073   9.9999999848E-01
    6074   9.9999999836E-01
    6075   9.9999999829E-01
    6076   9.9999999827E-01
    6077   9.9999999827E-01
    6078   9.9999999829E-01
    6079   9.9999999833E-01
    6080   9.9999999839E-01
    6081   9.9999999848E-01
    6082   9.9999999863E-01
    6083   9.9999999884E-01
    6084   9.9999999917E-01
    6085   9.9999999966E-01
    6086   1.0000000004E+00
    6087   1.0000000013E+00
    6088   1.0000000026E+00
    6089   1.0000000043E+00
    6090   1.0000000063E+00
    6091   1.0000000087E+00
    6092   1.0000000115E+00
    6093   1.0000000144E+00
    6094   1.0000000174E+00
    6095   1.0000000202E+00
    6096   1.0000000228E+00
    6097   1.0000000248E+00
    6098   1.0000000263E+00
    6099   1.0000000271E+00
    6100   1.0000000273E+00
    6101   1.0000000268E+00
    6102   1.0000000259E+00
    6103   1.0000000247E+00
    6104   1.0000000234E+00
    6105   1.0000000221E+00
    6106   1.0000000208E+00
    6107   1.0000000197E+00
    6108   1.0000000188E+00
    6109   1.0000000179E+00
    6110   1.0000000172E+00
    6111   1.0000000165E+00
    6112   1.0000000159E+00
    6113   1.0000000153E+00
    6114   1.0000000147E+00
    6115   1.0000000140E+00
    6116   1.0000000134E+00
    6117   1.0000000128E+00
    6118   1.0000000121E+00
    6119   1.0000000115E+00
    6120   1.0000000109E+00
    6121   1.0000000104E+00
    6122   1.0000000099E+00
    6123   1.0000000095E+00
    6124   1.0000000091E+00
    6125   1.0000000087E+00
    6126   1.0000000083E+00
    6127   1.0000000079E+00
    6128   1.0000000073E+00
    6129   1.0000000067E+00
    6130   1.0000000061E+00
    6131   1.0000000054E+00
    6132   1.0000000048E+00
    6133   1.0000000044E+00
    6134   1.0000000041E+00
    6135   1.0000000040E+00
    6136   1.0000000041E+00
    6137   1.0000000045E+00
    6138   1.0000000050E+00
    6139   1.0000000056E+00
    6140   1.0000000062E+00
    6141   1.0000000067E+00
    6142   1.0000000072E+00
    6143   1.0000000074E+00
    6144   1.0000000075E+00
    6145   1.0000000074E+00
    6146   1.0000000071E+00
    6147   1.0000000067E+00
    6148   1.0000000061E+00
    6149   1.0000000056E+00
    6150   1.0000000050E+00
    6151   1.0000000043E+00
    6152   1.0000000037E+00
    6153   1.0000000031E+00
    6154   1.0000000025E+00
    6155   1.0000000019E+00
    6156   1.0000000014E+00
    6157   1.0000000010E+00
    6158   1.0000000007E+00
    6159   1.0000000004E+00
    6160   1.0000000002E+00
    6161   1.0000000000E+00
    6162   9.9999999990E-01
    6163   9.9999999982E-01
    6164   9.9999999978E-01
    6165   9.9999999975E-01
    6166   9.9999999974E-01
    6167   9.9999999973E-01
    6168   9.9999999974E-01
    6169   9.9999999975E-01
    6170   9.9999999976E-01
    6171   9.9999999979E-01
    6172   9.9999999984E-01
    6173   9.9999999992E-01
    6174   1.0000000000E+00
    6175   1.0000000002E+00
    6176   1.0000000005E+00
    6177   1.0000000009E+00
    6178   1.0000000015E+00
    6179   1.0000000022E+00
    6180   1.0000000031E+00
    6181   1.0000000041E+00
    6182   1.0000000053E+00
    6183   1.0000000065E+00
    6184   1.0000000076E+00
    6185   1.0000000086E+00
    6186   1.0000000094E+00
    6187   1.0000000098E+00
    6188   1.0000000099E+00
    6189   1.0000000095E+00
    6190   1.0000000089E+00
    6191   1.0000000080E+00
    6192   1.0000000070E+00
    6193   1.0000000059E+00
    6194   1.0000000048E+00
    6195   1.0000000039E+00
    6196   1.0000000032E+00
    6197   1.0000000027E+00
    6198   1.0000000023E+00
    6199   1.0000000022E+00
    6200   1.0000000021E+00
    6201   1.0000000021E+00
    6202   1.0000000021E+00
    6203   1.0000000021E+00
    6204   1.0000000021E+00
    6205   1.0000000019E+00
    6206   1.0000000018E+00
    6207   1.0000000015E+00
    6208   1.0000000013E+00
    6209   1.0000000010E+00
    6210   1.0000000008E+00
    6211   1.0000000006E+00
    6212   1.0000000004E+00
    6213   1.0000000002E+00
    6214   1.0000000001E+00
    6215   1.0000000000E+00
    6216   9.9999999999E-01
    6217   9.9999999995E-01
    6218   9.9999999993E-01
    6219   9.9999999991E-01
    6220   9.9999999990E-01
    6221   9.9999999990E-01
    6222   9.9999999990E-01
    6223   9.9999999990E-01
    6224   9.9999999990E-01
    6225   9.9999999990E-01
    6226   9.9999999991E-01
    6227   9.9999999991E-01
    6228   9.9999999991E-01
    6229   9.9999999991E-01
    6230   9.9999999991E-01
    6231   9.9999999991E-01
    6232   9.9999999991E-01
    6233   9.9999999991E-01
    6234   9.9999999992E-01
    6235   9.9999999992E-01
    6236   9.9999999992E-01
    6237   9.9999999992E-01
    6238   9.9999999992E-01
    6239   9.9999999992E-01
    6240   9.9999999992E-01
    6241   9.9999999992E-01
    6242   9.9999999992E-01
    6243   9.9999999992E-01
    6244   9.9999999993E-01
    6245   9.9999999993E-01
    6246   9.9999999993E-01
    6247   9.9999999993E-01
    6248   9.9999999993E-01
    6249   9.9999999993E-01
    6250   9.9999999993E-01
    6251   9.9999999993E-01
    6252   9.9999999993E-01
    6253   9.9999999994E-01
    6254   9.9999999994E-01
    6255   9.9999999994E-01
    6256   9.9999999994E-01
    6257   9.9999999994E-01
    6258   9.9999999994E-01
    6259   9.9999999994E-01
    6260   9.9999999994E-01
    6261   9.9999999995E-01
    6262   9.9999999995E-01
    6263   9.9999999995E-01
    6264   9.9999999995E-01
    6265   9.9999999995E-01
    6266   9.9999999995E-01
    6267   9.9999999995E-01
    6268   9.9999999995E-01
    6269   9.9999999995E-01
    6270   9.9999999995E-01
    6271   9.9999999996E-01
    6272   9.9999999996E-01
    6273   9.9999999996E-01
    6274   9.9999999996E-01
    6275   9.9999999996E-01
    6276   9.9999999996E-01
    6277   9.9999999996E-01
    6278   9.9999999996E-01
    6279   9.9999999997E-01
    6280   9.9999999997E-01
    6281   9.9999999997E-01
    6282   9.9999999997E-01
    6283   9.9999999997E-01
    6284   9.9999999997E-01
    6285   9.9999999997E-01
    6286   9.9999999997E-01
    6287   9.9999999998E-01
    6288   9.9999999998E-01
    6289   9.9999999998E-01
    6290   9.9999999998E-01
    6291   9.9999999999E-01
    6292   1.0000000000E+00
    6293   1.0000000000E+00
    6294   1.0000000001E+00
    6295   1.0000000001E+00
    6296   1.0000000002E+00
    6297   1.0000000003E+00
    6298   1.0000000004E+00
    6299   1.0000000006E+00
    6300   1.0000000009E+00
    6301   1.0000000011E+00
    6302   1.0000000015E+00
    6303   1.0000000018E+00
    6304   1.0000000021E+00
    6305   1.0000000024E+00
    6306   1.0000000026E+00
    6307   1.0000000027E+00
    6308   1.0000000027E+00
    6309   1.0000000027E+00
    6310   1.0000000025E+00
    6311   1.0000000022E+00
    6312   1.0000000019E+00
    6313   1.0000000016E+00
    6314   1.0000000013E+00
    6315   1.0000000010E+00
    6316   1.0000000007E+00
    6317   1.0000000005E+00
    6318   1.0000000003E+00
    6319   1.0000000002E+00
    6320   1.0000000001E+00
    6321   1.0000000001E+00
    6322   1.0000000001E+00
    6323   1.0000000000E+00
    6324   1.0000000000E+00
    6325   1.0000000000E+00
    6326   1.0000000000E+00
    6327   1.0000000000E+00
    6328   1.0000000000E+00
    6329   1.0000000000E+00
    6330   1.0000000000E+00
    6331   1.0000000000E+00
    6332   1.0000000000E+00
    6333   1.0000000000E+00
    6334   1.0000000000E+00
    6335   1.0000000000E+00
    6336   1.0000000000E+00
    6337   1.0000000000E+00
    6338   1.0000000000E+00
    6339   1.0000000000E+00
    6340   1.0000000000E+00
    6341   1.0000000000E+00
    6342   1.0000000000E+00
    6343   1.0000000000E+00
    6344   1.0000000000E+00
    6345   1.0000000000E+00
    6346   1.0000000000E+00
    6347   1.0000000000E+00
    6348   1.0000000000E+00
    6349   1.0000000000E+00
    6350   1.0000000000E+00
    6351   1.0000000000E+00
    6352   1.0000000000E+00
    6353   1.0000000000E+00
    6354   1.0000000000E+00
    6355   1.0000000000E+00
    6356   1.0000000000E+00
    6357   1.0000000000E+00
    6358   1.0000000000E+00
    6359   1.0000000000E+00
    6360   1.0000000000E+00
    6361   1.0000000000E+00
    6362   1.0000000000E+00
    6363   1.0000000000E+00
    6364   1.0000000000E+00
    6365   1.0000000000E+00
    6366   1.0000000000E+00
    6367   1.0000000000E+00
    6368   1.0000000000E+00
    6369   1.0000000000E+00
    6370   1.0000000000E+00
    6371   1.0000000000E+00
    6372   1.0000000000E+00
    6373   1.0000000000E+00
    6374   1.0000000000E+00
    6375   1.0000000000E+00
    6376   1.0000000000E+00
    6377   1.0000000000E+00
    6378   1.0000000000E+00
    6379   1.0000000000E+00
    6380   1.0000000000E+00
    6381   1.0000000000E+00
    6382   1.0000000000E+00
    6383   1.0000000000E+00
    6384   1.0000000000E+00
    6385   1.0000000000E+00
    6386   1.0000000000E+00
    6387   1.0000000000E+00
    6388   1.0000000000E+00
    6389   1.0000000000E+00
    6390   1.0000000000E+00
    6391   1.0000000000E+00
    6392   1.0000000000E+00
    6393   1.0000000000E+00
    6394   1.0000000000E+00
    6395   1.0000000000E+00
    6396   1.0000000000E+00
    6397   1.0000000000E+00
    6398   1.0000000000E+00
    6399   1.0000000000E+00
    6400   1.0000000000E+00
    6401   1.0000000000E+00
    6402   1.0000000000E+00
    6403   1.0000000000E+00
    6404   1.0000000000E+00
    6405   1.0000000000E+00
    6406   1.0000000000E+00
    6407   1.0000000000E+00
    6408   1.0000000000E+00
    6409   1.0000000000E+00
    6410   1.0000000000E+00
    6411   1.0000000000E+00
    6412   1.0000000000E+00
    6413   1.0000000000E+00
    6414   1.0000000000E+00
    6415   1.0000000000E+00
    6416   1.0000000000E+00
    6417   1.0000000000E+00
    6418   1.0000000000E+00
    6419   1.0000000000E+00
    6420   1.0000000000E+00
    6421   1.0000000000E+00
    6422   1.0000000000E+00
    6423   1.0000000000E+00
    6424   1.0000000000E+00
    6425   1.0000000000E+00
    6426   1.0000000000E+00
    6427   1.0000000000E+00
    6428   1.0000000000E+00
    6429   1.0000000000E+00
    6430   1.0000000000E+00
    6431   1.0000000000E+00
    6432   1.0000000000E+00
    6433   1.0000000000E+00
    6434   1.0000000000E+00
    6435   1.0000000000E+00
    6436   1.0000000000E+00
    6437   1.0000000000E+00
    6438   1.0000000000E+00
    6439   1.0000000000E+00
    6440   1.0000000000E+00
    6441   1.0000000000E+00
    6442   1.0000000000E+00
    6443   1.0000000000E+00
    6444   1.0000000000E+00
    6445   1.0000000000E+00
    6446   1.0000000000E+00
    6447   1.0000000000E+00
    6448   1.0000000000E+00
    6449   1.0000000000E+00
    6450   1.0000000000E+00
    6451   1.0000000000E+00
    6452   1.0000000000E+00
    6453   1.0000000000E+00
    6454   1.0000000000E+00
    6455   1.0000000000E+00
    6456   1.0000000000E+00
    6457   1.0000000000E+00
    6458   1.0000000000E+00
    6459   1.0000000000E+00
    6460   1.0000000000E+00
    6461   1.0000000000E+00
    6462   1.0000000000E+00
    6463   1.0000000000E+00
    6464   1.0000000000E+00
    6465   1.0000000000E+00
    6466   1.0000000000E+00
    6467   1.0000000000E+00
    6468   1.0000000000E+00
    6469   1.0000000000E+00
    6470   1.0000000000E+00
    6471   1.0000000000E+00
    6472   1.0000000000E+00
    6473   1.0000000000E+00
    6474   1.0000000000E+00
    6475   1.0000000000E+00
    6476   1.0000000000E+00
    6477   1.0000000000E+00
    6478   1.0000000000E+00
    6479   1.0000000000E+00
    6480   1.0000000000E+00
    6481   1.0000000000E+00
    6482   1.0000000000E+00
    6483   1.0000000000E+00
    6484   1.0000000000E+00
    6485   1.0000000000E+00
    6486   1.0000000000E+00
    6487   1.0000000000E+00
    6488   1.0000000000E+00
    6489   1.0000000000E+00
    6490   1.0000000000E+00
    6491   1.0000000000E+00
    6492   1.0000000000E+00
    6493   1.0000000000E+00
    6494   1.0000000000E+00
    6495   1.0000000000E+00
    6496   1.0000000000E+00
    6497   1.0000000000E+00
    6498   1.0000000000E+00
    6499   1.0000000000E+00
    6500   1.0000000000E+00
    6501   1.0000000000E+00
    6502   1.0000000000E+00
    6503   1.0000000000E+00
    6504   1.0000000000E+00
    6505   1.0000000000E+00
    6506   1.0000000000E+00
    6507   1.0000000000E+00
    6508   1.0000000000E+00
    6509   1.0000000000E+00
    6510   1.0000000000E+00
    6511   1.0000000000E+00
    6512   1.0000000000E+00
    6513   1.0000000000E+00
    6514   1.0000000000E+00
    6515   1.0000000000E+00
    6516   1.0000000000E+00
    6517   1.0000000000E+00
    6518   1.0000000000E+00
    6519   1.0000000000E+00
    6520   1.0000000000E+00
    6521   1.0000000000E+00
    6522   1.0000000000E+00
    6523   1.0000000000E+00
    6524   1.0000000000E+00
    6525   1.0000000000E+00
    6526   1.0000000000E+00
    6527   1.0000000000E+00
    6528   1.0000000000E+00
    6529   1.0000000000E+00
    6530   1.0000000000E+00
    6531   1.0000000000E+00
    6532   1.0000000000E+00
    6533   1.0000000000E+00
    6534   1.0000000000E+00
    6535   1.0000000000E+00
    6536   1.0000000000E+00
    6537   1.0000000000E+00
    6538   1.0000000000E+00
    6539   1.0000000000E+00
    6540   1.0000000000E+00
    6541   1.0000000000E+00
    6542   1.0000000000E+00
    6543   1.0000000000E+00
    6544   1.0000000000E+00
    6545   1.0000000000E+00
    6546   1.0000000000E+00
    6547   1.0000000000E+00
    6548   1.0000000000E+00
    6549   1.0000000000E+00
    6550   1.0000000000E+00
    6551   1.0000000000E+00
    6552   1.0000000000E+00
    6553   1.0000000000E+00
    6554   1.0000000000E+00
    6555   1.0000000000E+00
    6556   1.0000000000E+00
    6557   1.0000000000E+00
    6558   1.0000000000E+00
    6559   1.0000000000E+00
    6560   1.0000000000E+00
    6561   1.0000000000E+00
    6562   1.0000000000E+00
    6563   1.0000000000E+00
    6564   1.0000000000E+00
    6565   1.0000000000E+00
    6566   1.0000000000E+00
    6567   1.0000000000E+00
    6568   1.0000000000E+00
    6569   1.0000000000E+00
    6570   1.0000000000E+00
    6571   1.0000000000E+00
    6572   1.0000000000E+00
    6573   1.0000000000E+00
    6574   1.0000000000E+00
    6575   1.0000000000E+00
    6576   1.0000000000E+00
    6577   1.0000000000E+00
    6578   1.0000000000E+00
    6579   1.0000000000E+00
    6580   1.0000000000E+00
    6581   1.0000000000E+00
    6582   1.0000000000E+00
    6583   1.0000000000E+00
    6584   1.0000000000E+00
    6585   1.0000000000E+00
    6586   1.0000000000E+00
    6587   1.0000000000E+00
    6588   1.0000000000E+00
    6589   1.0000000000E+00
    6590   1.0000000000E+00
    6591   1.0000000000E+00
    6592   1.0000000000E+00
    6593   1.0000000000E+00
    6594   1.0000000000E+00
    6595   1.0000000000E+00
    6596   1.0000000000E+00
    6597   1.0000000000E+00
    6598   1.0000000000E+00
    6599   1.0000000000E+00
    6600   1.0000000000E+00
    6601   1.0000000000E+00
    6602   1.0000000000E+00
    6603   1.0000000000E+00
    6604   1.0000000000E+00
    6605   1.0000000000E+00
    6606   1.0000000000E+00
    6607   1.0000000000E+00
    6608   1.0000000000E+00
    6609   1.0000000000E+00
    6610   1.0000000000E+00
    6611   1.0000000000E+00
    6612   1.0000000000E+00
    6613   1.0000000000E+00
    6614   1.0000000000E+00
    6615   1.0000000000E+00
    6616   1.0000000000E+00
    6617   1.0000000000E+00
    6618   1.0000000000E+00
    6619   1.0000000000E+00
    6620   1.0000000000E+00
    6621   1.0000000000E+00
    6622   1.0000000000E+00
    6623   1.0000000000E+00
    6624   1.0000000000E+00
    6625   1.0000000000E+00
    6626   1.0000000000E+00
    6627   1.0000000000E+00
    6628   1.0000000000E+00
    6629   1.0000000000E+00
    6630   1.0000000000E+00
    6631   1.0000000000E+00
    6632   1.0000000000E+00
    6633   1.0000000000E+00
    6634   1.0000000000E+00
    6635   1.0000000000E+00
    6636   1.0000000000E+00
    6637   1.0000000000E+00
    6638   1.0000000000E+00
    6639   1.0000000000E+00
    6640   1.0000000000E+00
    6641   1.0000000000E+00
    6642   1.0000000000E+00
    6643   1.0000000000E+00
    6644   1.0000000000E+00
    6645   1.0000000000E+00
    6646   1.0000000000E+00
    6647   1.0000000000E+00
    6648   1.0000000000E+00
    6649   1.0000000000E+00
    6650   1.0000000000E+00
    6651   1.0000000000E+00
    6652   1.0000000000E+00
    6653   1.0000000000E+00
    6654   1.0000000000E+00
    6655   1.0000000000E+00
    6656   1.0000000000E+00
    6657   1.0000000000E+00
    6658   1.0000000000E+00
    6659   1.0000000000E+00
    6660   1.0000000000E+00
    6661   1.0000000000E+00
    6662   1.0000000000E+00
    6663   1.0000000000E+00
    6664   1.0000000000E+00
    6665   1.0000000000E+00
    6666   1.0000000000E+00
    6667   1.0000000000E+00
    6668   1.0000000000E+00
    6669   1.0000000000E+00
    6670   1.0000000000E+00
    6671   1.0000000000E+00
    6672   1.0000000000E+00
    6673   1.0000000000E+00
    6674   1.0000000000E+00
    6675   1.0000000000E+00
    6676   1.0000000000E+00
    6677   1.0000000000E+00
    6678   1.0000000000E+00
    6679   1.0000000000E+00
    6680   1.0000000000E+00
    6681   1.0000000000E+00
    6682   1.0000000000E+00
    6683   1.0000000000E+00
    6684   1.0000000000E+00
    6685   1.0000000000E+00
    6686   1.0000000000E+00
    6687   1.0000000000E+00
    6688   1.0000000000E+00
    6689   1.0000000000E+00
    6690   1.0000000000E+00
    6691   1.0000000000E+00
    6692   1.0000000000E+00
    6693   1.0000000000E+00
    6694   1.0000000000E+00
    6695   1.0000000000E+00
    6696   1.0000000000E+00
    6697   1.0000000000E+00
    6698   1.0000000000E+00
    6699   1.0000000000E+00
    6700   1.0000000000E+00
    6701   1.0000000000E+00
    6702   1.0000000000E+00
    6703   1.0000000000E+00
    6704   1.0000000000E+00
    6705   1.0000000000E+00
    6706   1.0000000000E+00
    6707   1.0000000000E+00
    6708   1.0000000000E+00
    6709   1.0000000000E+00
    6710   1.0000000000E+00
    6711   1.0000000000E+00
    6712   1.0000000000E+00
    6713   1.0000000000E+00
    6714   1.0000000000E+00
    6715   1.0000000000E+00
    6716   1.0000000000E+00
    6717   1.0000000000E+00
    6718   1.0000000000E+00
    6719   1.0000000000E+00
    6720   1.0000000000E+00
    6721   1.0000000000E+00
    6722   1.0000000000E+00
    6723   1.0000000000E+00
    6724   1.0000000000E+00
    6725   1.0000000000E+00
    6726   1.0000000000E+00
    6727   1.0000000000E+00
    6728   1.0000000000E+00
    6729   1.0000000000E+00
    6730   1.0000000000E+00
    6731   1.0000000000E+00
    6732   1.0000000000E+00
    6733   1.0000000000E+00
    6734   1.0000000000E+00
    6735   1.0000000000E+00
    6736   1.0000000000E+00
    6737   1.0000000000E+00
    6738   1.0000000000E+00
    6739   1.0000000000E+00
    6740   1.0000000000E+00
    6741   1.0000000000E+00
    6742   1.0000000000E+00
    6743   1.0000000000E+00
    6744   1.0000000000E+00
    6745   1.0000000000E+00
    6746   1.0000000000E+00
    6747   1.0000000000E+00
    6748   1.0000000000E+00
    6749   1.0000000000E+00
    6750   1.0000000000E+00
    6751   1.0000000000E+00
    6752   1.0000000000E+00
    6753   1.0000000000E+00
    6754   1.0000000000E+00
    6755   1.0000000000E+00
    6756   1.0000000000E+00
    6757   1.0000000000E+00
    6758   1.0000000000E+00
    6759   1.0000000000E+00
    6760   1.0000000000E+00
    6761   1.0000000000E+00
    6762   1.0000000000E+00
    6763   1.0000000000E+00
    6764   1.0000000000E+00
    6765   1.0000000000E+00
    6766   1.0000000000E+00
    6767   1.0000000000E+00
    6768   1.0000000000E+00
    6769   1.0000000000E+00
    6770   1.0000000000E+00
    6771   1.0000000000E+00
    6772   1.0000000000E+00
    6773   1.0000000000E+00
    6774   1.0000000000E+00
    6775   1.0000000000E+00
    6776   1.0000000000E+00
    6777   1.0000000000E+00
    6778   1.0000000000E+00
    6779   1.0000000000E+00
    6780   1.0000000000E+00
    6781   1.0000000000E+00
    6782   1.0000000000E+00
    6783   1.0000000000E+00
    6784   1.0000000000E+00
    6785   1.0000000000E+00
    6786   1.0000000000E+00
    6787   1.0000000000E+00
    6788   1.0000000000E+00
    6789   1.0000000000E+00
    6790   1.0000000000E+00
    6791   1.0000000000E+00
    6792   1.0000000000E+00
    6793   1.0000000000E+00
    6794   1.0000000000E+00
    6795   1.0000000000E+00
    6796   1.0000000000E+00
    6797   1.0000000000E+00
    6798   1.0000000000E+00
    6799   1.0000000000E+00
    6800   1.0000000000E+00
    6801   1.0000000000E+00
    6802   1.0000000000E+00
    6803   1.0000000000E+00
    6804   1.0000000000E+00
    6805   1.0000000000E+00
    6806   1.0000000000E+00
    6807   1.0000000000E+00
    6808   1.0000000000E+00
    6809   1.0000000000E+00
    6810   1.0000000000E+00
    6811   1.0000000000E+00
    6812   1.0000000000E+00
    6813   1.0000000000E+00
    6814   1.0000000000E+00
    6815   1.0000000000E+00
    6816   1.0000000000E+00
    6817   1.0000000000E+00
    6818   1.0000000000E+00
    6819   1.0000000000E+00
    6820   1.0000000000E+00
    6821   1.0000000000E+00
    6822   1.0000000000E+00
    6823   1.0000000000E+00
    6824   1.0000000000E+00
    6825   1.0000000000E+00
    6826   1.0000000000E+00
    6827   1.0000000000E+00
    6828   1.0000000000E+00
    6829   1.0000000000E+00
    6830   1.0000000000E+00
    6831   1.0000000000E+00
    6832   1.0000000000E+00
    6833   1.0000000000E+00
    6834   1.0000000000E+00
    6835   1.0000000000E+00
    6836   1.0000000000E+00
    6837   1.0000000000E+00
    6838   1.0000000000E+00
    6839   1.0000000000E+00
    6840   1.0000000000E+00
    6841   1.0000000000E+00
    6842   1.0000000000E+00
    6843   1.0000000000E+00
    6844   1.0000000000E+00
    6845   1.0000000000E+00
    6846   1.0000000000E+00
    6847   1.0000000000E+00
    6848   1.0000000000E+00
    6849   1.0000000000E+00
    6850   1.0000000000E+00
    6851   1.0000000000E+00
    6852   1.0000000000E+00
    6853   1.0000000000E+00
    6854   1.0000000000E+00
    6855   1.0000000000E+00
    6856   1.0000000000E+00
    6857   1.0000000000E+00
    6858   1.0000000000E+00
    6859   1.0000000000E+00
    6860   1.0000000000E+00
    6861   1.0000000000E+00
    6862   1.0000000000E+00
    6863   1.0000000000E+00
    6864   1.0000000000E+00
    6865   1.0000000000E+00
    6866   1.0000000000E+00
    6867   1.0000000000E+00
    6868   1.0000000000E+00
    6869   1.0000000000E+00
    6870   1.0000000000E+00
    6871   1.0000000000E+00
    6872   1.0000000000E+00
    6873   1.0000000000E+00
    6874   1.0000000000E+00
    6875   1.0000000000E+00
    6876   1.0000000000E+00
    6877   1.0000000000E+00
    6878   1.0000000000E+00
    6879   1.0000000000E+00
    6880   1.0000000000E+00
    6881   1.0000000000E+00
    6882   1.0000000000E+00
    6883   1.0000000000E+00
    6884   1.0000000000E+00
    6885   1.0000000000E+00
    6886   1.0000000000E+00
    6887   1.0000000000E+00
    6888   1.0000000000E+00
    6889   1.0000000000E+00
    6890   1.0000000000E+00
    6891   1.0000000000E+00
    6892   1.0000000000E+00
    6893   1.0000000000E+00
    6894   1.0000000000E+00
    6895   1.0000000000E+00
    6896   1.0000000000E+00
    6897   1.0000000000E+00
    6898   1.0000000000E+00
    6899   1.0000000000E+00
    6900   1.0000000000E+00
    6901   1.0000000000E+00
    6902   1.0000000000E+00
    6903   1.0000000000E+00
    6904   1.0000000000E+00
    6905   1.0000000000E+00
    6906   1.0000000000E+00
    6907   1.0000000000E+00
    6908   1.0000000000E+00
    6909   1.0000000000E+00
    6910   1.0000000000E+00
    6911   1.0000000000E+00
    6912   1.0000000000E+00
    6913   1.0000000000E+00
    6914   1.0000000000E+00
    6915   1.0000000000E+00
    6916   1.0000000000E+00
    6917   1.0000000000E+00
    6918   1.0000000000E+00
    6919   1.0000000000E+00
    6920   1.0000000000E+00
    6921   1.0000000000E+00
    6922   1.0000000000E+00
    6923   1.0000000000E+00
    6924   1.0000000000E+00
    6925   1.0000000000E+00
    6926   1.0000000000E+00
    6927   1.0000000000E+00
    6928   1.0000000000E+00
    6929   1.0000000000E+00
    6930   1.0000000000E+00
    6931   1.0000000000E+00
    6932   1.0000000000E+00
    6933   1.0000000000E+00
    6934   1.0000000000E+00
    6935   1.0000000000E+00
    6936   1.0000000000E+00
    6937   1.0000000000E+00
    6938   1.0000000000E+00
    6939   1.0000000000E+00
    6940   1.0000000000E+00
    6941   1.0000000000E+00
    6942   1.0000000000E+00
    6943   1.0000000000E+00
    6944   1.0000000000E+00
    6945   1.0000000000E+00
    6946   1.0000000000E+00
    6947   1.0000000000E+00
    6948   1.0000000000E+00
    6949   1.0000000000E+00
    6950   1.0000000000E+00
    6951   1.0000000000E+00
    6952   1.0000000000E+00
    6953   1.0000000000E+00
    6954   1.0000000000E+00
    6955   1.0000000000E+00
    6956   1.0000000000E+00
    6957   1.0000000000E+00
    6958   1.0000000000E+00
    6959   1.0000000000E+00
    6960   1.0000000000E+00
    6961   1.0000000000E+00
    6962   1.0000000000E+00
    6963   1.0000000000E+00
    6964   1.0000000000E+00
    6965   1.0000000000E+00
    6966   1.0000000000E+00
    6967   1.0000000000E+00
    6968   1.0000000000E+00
    6969   1.0000000000E+00
    6970   1.0000000000E+00
    6971   1.0000000000E+00
    6972   1.0000000000E+00
    6973   1.0000000000E+00
    6974   1.0000000000E+00
    6975   1.0000000000E+00
    6976   1.0000000000E+00
    6977   1.0000000000E+00
    6978   1.0000000000E+00
    6979   1.0000000000E+00
    6980   1.0000000000E+00
    6981   1.0000000000E+00
    6982   1.0000000000E+00
    6983   1.0000000000E+00
    6984   1.0000000000E+00
    6985   1.0000000000E+00
    6986   1.0000000000E+00
    6987   1.0000000000E+00
    6988   1.0000000000E+00
    6989   1.0000000000E+00
    6990   1.0000000000E+00
    6991   1.0000000000E+00
    6992   1.0000000000E+00
    6993   1.0000000000E+00
    6994   1.0000000000E+00
    6995   1.0000000000E+00
    6996   1.0000000000E+00
    6997   1.0000000000E+00
    6998   1.0000000000E+00
    6999   1.0000000000E+00
    7000   1.0000000000E+00
    7001   1.0000000000E+00
    7002   1.0000000000E+00
    7003   1.0000000000E+00
    7004   1.0000000000E+00
    7005   1.0000000000E+00
    7006   1.0000000000E+00
    7007   1.0000000000E+00
    7008   1.0000000000E+00
    7009   1.0000000000E+00
    7010   1.0000000000E+00
    7011   1.0000000000E+00
    7012   1.0000000000E+00
    7013   1.0000000000E+00
    7014   1.0000000000E+00
    7015   1.0000000000E+00
    7016   1.0000000000E+00
    7017   1.0000000000E+00
    7018   1.0000000000E+00
    7019   1.0000000000E+00
    7020   1.0000000000E+00
    7021   1.0000000000E+00
    7022   1.0000000000E+00
    7023   1.0000000000E+00
    7024   1.0000000000E+00
    7025   1.0000000000E+00
    7026   1.0000000000E+00
    7027   1.0000000000E+00
    7028   1.0000000000E+00
    7029   1.0000000000E+00
    7030   1.0000000000E+00
    7031   1.0000000000E+00
    7032   1.0000000000E+00
    7033   1.0000000000E+00
    7034   1.0000000000E+00
    7035   1.0000000000E+00
    7036   1.0000000000E+00
    7037   1.0000000000E+00
    7038   1.0000000000E+00
    7039   1.0000000000E+00
    7040   1.0000000000E+00
    7041   1.0000000000E+00
    7042   1.0000000000E+00
    7043   1.0000000000E+00
    7044   1.0000000000E+00
    7045   1.0000000000E+00
    7046   1.0000000000E+00
    7047   1.0000000000E+00
    7048   1.0000000000E+00
    7049   1.0000000000E+00
    7050   1.0000000000E+00
    7051   1.0000000000E+00
    7052   1.0000000000E+00
    7053   1.0000000000E+00
    7054   1.0000000000E+00
    7055   1.0000000000E+00
    7056   1.0000000000E+00
    7057   1.0000000000E+00
    7058   1.0000000000E+00
    7059   1.0000000000E+00
    7060   1.0000000000E+00
    7061   1.0000000000E+00
    7062   1.0000000000E+00
    7063   1.0000000000E+00
    7064   1.0000000000E+00
    7065   1.0000000000E+00
    7066   1.0000000000E+00
    7067   1.0000000000E+00
    7068   1.0000000000E+00
    7069   1.0000000000E+00
    7070   1.0000000000E+00
    7071   1.0000000000E+00
    7072   1.0000000000E+00
    7073   1.0000000000E+00
    7074   1.0000000000E+00
    7075   1.0000000000E+00
    7076   1.0000000000E+00
    7077   1.0000000000E+00
    7078   1.0000000000E+00
    7079   1.0000000000E+00
    7080   1.0000000000E+00
    7081   1.0000000000E+00
    7082   1.0000000000E+00
    7083   1.0000000000E+00
    7084   1.0000000000E+00
    7085   1.0000000000E+00
    7086   1.0000000000E+00
    7087   1.0000000000E+00
    7088   1.0000000000E+00
    7089   1.0000000000E+00
    7090   1.0000000000E+00
    7091   1.0000000000E+00
    7092   1.0000000000E+00
    7093   1.0000000000E+00
    7094   1.0000000000E+00
    7095   1.0000000000E+00
    7096   1.0000000000E+00
    7097   1.0000000000E+00
    7098   1.0000000000E+00
    7099   1.0000000000E+00
    7100   1.0000000000E+00
    7101   1.0000000000E+00
    7102   1.0000000000E+00
    7103   1.0000000000E+00
    7104   1.0000000000E+00
    7105   1.0000000000E+00
    7106   1.0000000000E+00
    7107   1.0000000000E+00
    7108   1.0000000000E+00
    7109   1.0000000000E+00
    7110   1.0000000000E+00
    7111   1.0000000000E+00
    7112   1.0000000000E+00
    7113   1.0000000000E+00
    7114   1.0000000000E+00
    7115   1.0000000000E+00
    7116   1.0000000000E+00
    7117   1.0000000000E+00
    7118   1.0000000000E+00
    7119   1.0000000000E+00
    7120   1.0000000000E+00
    7121   1.0000000000E+00
    7122   1.0000000000E+00
    7123   1.0000000000E+00
    7124   1.0000000000E+00
    7125   1.0000000000E+00
    7126   1.0000000000E+00
    7127   1.0000000000E+00
    7128   1.0000000000E+00
    7129   1.0000000000E+00
    7130   1.0000000000E+00
    7131   1.0000000000E+00
    7132   1.0000000000E+00
    7133   1.0000000000E+00
    7134   1.0000000000E+00
    7135   1.0000000000E+00
    7136   1.0000000000E+00
    7137   1.0000000000E+00
    7138   1.0000000000E+00
    7139   1.0000000000E+00
    7140   1.0000000000E+00
    7141   1.0000000000E+00
    7142   1.0000000000E+00
    7143   1.0000000000E+00
    7144   1.0000000000E+00
    7145   1.0000000000E+00
    7146   1.0000000000E+00
    7147   1.0000000000E+00
    7148   1.0000000000E+00
    7149   1.0000000000E+00
    7150   1.0000000000E+00
    7151   1.0000000000E+00
    7152   1.0000000000E+00
    7153   1.0000000000E+00
    7154   1.0000000000E+00
    7155   1.0000000000E+00
    7156   1.0000000000E+00
    7157   1.0000000000E+00
    7158   1.0000000000E+00
    7159   1.0000000000E+00
    7160   1.0000000000E+00
    7161   1.0000000000E+00
    7162   1.0000000000E+00
    7163   1.0000000000E+00
    7164   1.0000000000E+00
    7165   1.0000000000E+00
    7166   1.0000000000E+00
    7167   1.0000000000E+00
    7168   1.0000000000E+00
    7169   1.0000000000E+00
    7170   1.0000000000E+00
    7171   1.0000000000E+00
    7172   1.0000000000E+00
    7173   1.0000000000E+00
    7174   1.0000000000E+00
    7175   1.0000000000E+00
    7176   1.0000000000E+00
    7177   1.0000000000E+00
    7178   1.0000000000E+00
    7179   1.0000000000E+00
    7180   1.0000000000E+00
    7181   1.0000000000E+00
    7182   1.0000000000E+00
    7183   1.0000000000E+00
    7184   1.0000000000E+00
    7185   1.0000000000E+00
    7186   1.0000000000E+00
    7187   1.0000000000E+00
    7188   1.0000000000E+00
    7189   1.0000000000E+00
    7190   1.0000000000E+00
    7191   1.0000000000E+00
    7192   1.0000000000E+00
    7193   1.0000000000E+00
    7194   1.0000000000E+00
    7195   1.0000000000E+00
    7196   1.0000000000E+00
    7197   1.0000000000E+00
    7198   1.0000000000E+00
    7199   1.0000000000E+00
    7200   1.0000000000E+00
    7201   1.0000000000E+00
    7202   1.0000000000E+00
    7203   1.0000000000E+00
    7204   1.0000000000E+00
    7205   1.0000000000E+00
    7206   1.0000000000E+00
    7207   1.0000000000E+00
    7208   1.0000000000E+00
    7209   1.0000000000E+00
    7210   1.0000000000E+00
    7211   1.0000000000E+00
    7212   1.0000000000E+00
    7213   1.0000000000E+00
    7214   1.0000000000E+00
    7215   1.0000000000E+00
    7216   1.0000000000E+00
    7217   1.0000000000E+00
    7218   1.0000000000E+00
    7219   1.0000000000E+00
    7220   1.0000000000E+00
    7221   1.0000000000E+00
    7222   1.0000000000E+00
    7223   1.0000000000E+00
    7224   1.0000000000E+00
    7225   1.0000000000E+00
    7226   1.0000000000E+00
    7227   1.0000000000E+00
    7228   1.0000000000E+00
    7229   1.0000000000E+00
    7230   1.0000000000E+00
    7231   1.0000000000E+00
    7232   1.0000000000E+00
    7233   1.0000000000E+00
    7234   1.0000000000E+00
    7235   1.0000000000E+00
    7236   1.0000000000E+00
    7237   1.0000000000E+00
    7238   1.0000000000E+00
    7239   1.0000000000E+00
    7240   1.0000000000E+00
    7241   1.0000000000E+00
    7242   1.0000000000E+00
    7243   1.0000000000E+00
    7244   1.0000000000E+00
    7245   1.0000000000E+00
    7246   1.0000000000E+00
    7247   1.0000000000E+00
    7248   1.0000000000E+00
    7249   1.0000000000E+00
    7250   1.0000000000E+00
    7251   1.0000000000E+00
    7252   1.0000000000E+00
    7253   1.0000000000E+00
    7254   1.0000000000E+00
    7255   1.0000000000E+00
    7256   1.0000000000E+00
    7257   1.0000000000E+00
    7258   1.0000000000E+00
    7259   1.0000000000E+00
    7260   1.0000000000E+00
    7261   1.0000000000E+00
    7262   1.0000000000E+00
    7263   1.0000000000E+00
    7264   1.0000000000E+00
    7265   1.0000000000E+00
    7266   1.0000000000E+00
    7267   1.0000000000E+00
    7268   1.0000000000E+00
    7269   1.0000000000E+00
    7270   1.0000000000E+00
    7271   1.0000000000E+00
    7272   1.0000000000E+00
    7273   1.0000000000E+00
    7274   1.0000000000E+00
    7275   1.0000000000E+00
    7276   1.0000000000E+00
    7277   1.0000000000E+00
    7278   1.0000000000E+00
    7279   1.0000000000E+00
    7280   1.0000000000E+00
    7281   1.0000000000E+00
    7282   1.0000000000E+00
    7283   1.0000000000E+00
    7284   1.0000000000E+00
    7285   1.0000000000E+00
    7286   1.0000000000E+00
    7287   1.0000000000E+00
    7288   1.0000000000E+00
    7289   1.0000000000E+00
    7290   1.0000000000E+00
    7291   1.0000000000E+00
    7292   1.0000000000E+00
    7293   1.0000000000E+00
    7294   1.0000000000E+00
    7295   1.0000000000E+00
    7296   1.0000000000E+00
    7297   1.0000000000E+00
    7298   1.0000000000E+00
    7299   1.0000000000E+00
    7300   1.0000000000E+00
    7301   1.0000000000E+00
    7302   1.0000000000E+00
    7303   1.0000000000E+00
    7304   1.0000000000E+00
    7305   1.0000000000E+00
    7306   1.0000000000E+00
    7307   1.0000000000E+00
    7308   1.0000000000E+00
    7309   1.0000000000E+00
    7310   1.0000000000E+00
    7311   1.0000000000E+00
    7312   1.0000000000E+00
    7313   1.0000000000E+00
    7314   1.0000000000E+00
    7315   1.0000000000E+00
    7316   1.0000000000E+00
    7317   1.0000000000E+00
    7318   1.0000000000E+00
    7319   1.0000000000E+00
    7320   1.0000000000E+00
    7321   1.0000000000E+00
    7322   1.0000000000E+00
    7323   1.0000000000E+00
    7324   1.0000000000E+00
    7325   1.0000000000E+00
    7326   1.0000000000E+00
    7327   1.0000000000E+00
    7328   1.0000000000E+00
    7329   1.0000000000E+00
    7330   1.0000000000E+00
    7331   1.0000000000E+00
    7332   1.0000000000E+00
    7333   1.0000000000E+00
    7334   1.0000000000E+00
    7335   1.0000000000E+00
    7336   1.0000000000E+00
    7337   1.0000000000E+00
    7338   1.0000000000E+00
    7339   1.0000000000E+00
    7340   1.0000000000E+00
    7341   1.0000000000E+00
    7342   1.0000000000E+00
    7343   1.0000000000E+00
    7344   1.0000000000E+00
    7345   1.0000000000E+00
    7346   1.0000000000E+00
    7347   1.0000000000E+00
    7348   1.0000000000E+00
    7349   1.0000000000E+00
    7350   1.0000000000E+00
    7351   1.0000000000E+00
    7352   1.0000000000E+00
    7353   1.0000000000E+00
    7354   1.0000000000E+00
    7355   1.0000000000E+00
    7356   1.0000000000E+00
    7357   1.0000000000E+00
    7358   1.0000000000E+00
    7359   1.0000000000E+00
    7360   1.0000000000E+00
    7361   1.0000000000E+00
    7362   1.0000000000E+00
    7363   1.0000000000E+00
    7364   1.0000000000E+00
    7365   1.0000000000E+00
    7366   1.0000000000E+00
    7367   1.0000000000E+00
    7368   1.0000000000E+00
    7369   1.0000000000E+00
    7370   1.0000000000E+00
    7371   1.0000000000E+00
    7372   1.0000000000E+00
    7373   1.0000000000E+00
    7374   1.0000000000E+00
    7375   1.0000000000E+00
    7376   1.0000000000E+00
    7377   1.0000000000E+00
    7378   1.0000000000E+00
    7379   1.0000000000E+00
    7380   1.0000000000E+00
    7381   1.0000000000E+00
    7382   1.0000000000E+00
    7383   1.0000000000E+00
    7384   1.0000000000E+00
    7385   1.0000000000E+00
    7386   1.0000000000E+00
    7387   1.0000000000E+00
    7388   1.0000000000E+00
    7389   1.0000000000E+00
    7390   1.0000000000E+00
    7391   1.0000000000E+00
    7392   1.0000000000E+00
    7393   1.0000000000E+00
    7394   1.0000000000E+00
    7395   1.0000000000E+00
    7396   1.0000000000E+00
    7397   1.0000000000E+00
    7398   1.0000000000E+00
    7399   1.0000000000E+00
    7400   1.0000000000E+00
    7401   1.0000000000E+00
    7402   1.0000000000E+00
    7403   1.0000000000E+00
    7404   1.0000000000E+00
    7405   1.0000000000E+00
    7406   1.0000000000E+00
    7407   1.0000000000E+00
    7408   1.0000000000E+00
    7409   1.0000000000E+00
    7410   1.0000000000E+00
    7411   1.0000000000E+00
    7412   1.0000000000E+00
    7413   1.0000000000E+00
    7414   1.0000000000E+00
    7415   1.0000000000E+00
    7416   1.0000000000E+00
    7417   1.0000000000E+00
    7418   1.0000000000E+00
    7419   1.0000000000E+00
    7420   1.0000000000E+00
    7421   1.0000000000E+00
    7422   1.0000000000E+00
    7423   1.0000000000E+00
    7424   1.0000000000E+00
    7425   1.0000000000E+00
    7426   1.0000000000E+00
    7427   1.0000000000E+00
    7428   1.0000000000E+00
    7429   1.0000000000E+00
    7430   1.0000000000E+00
    7431   1.0000000000E+00
    7432   1.0000000000E+00
    7433   1.0000000000E+00
    7434   1.0000000000E+00
    7435   1.0000000000E+00
    7436   1.0000000000E+00
    7437   1.0000000000E+00
    7438   1.0000000000E+00
    7439   1.0000000000E+00
    7440   1.0000000000E+00
    7441   1.0000000000E+00
    7442   1.0000000000E+00
    7443   1.0000000000E+00
    7444   1.0000000000E+00
    7445   1.0000000000E+00
    7446   1.0000000000E+00
    7447   1.0000000000E+00
    7448   1.0000000000E+00
    7449   1.0000000000E+00
    7450   1.0000000000E+00
    7451   1.0000000000E+00
    7452   1.0000000000E+00
    7453   1.0000000000E+00
    7454   1.0000000000E+00
    7455   1.0000000000E+00
    7456   1.0000000000E+00
    7457   1.0000000000E+00
    7458   1.0000000000E+00
    7459   1.0000000000E+00
    7460   1.0000000000E+00
    7461   1.0000000000E+00
    7462   1.0000000000E+00
    7463   1.0000000000E+00
    7464   1.0000000000E+00
    7465   1.0000000000E+00
    7466   1.0000000000E+00
    7467   1.0000000000E+00
    7468   1.0000000000E+00
    7469   1.0000000000E+00
    7470   1.0000000000E+00
    7471   1.0000000000E+00
    7472   1.0000000000E+00
    7473   1.0000000000E+00
    7474   1.0000000000E+00
    7475   1.0000000000E+00
    7476   1.0000000000E+00
    7477   1.0000000000E+00
    7478   1.0000000000E+00
    7479   1.0000000000E+00
    7480   1.0000000000E+00
    7481   1.0000000000E+00
    7482   1.0000000000E+00
    7483   1.0000000000E+00
    7484   1.0000000000E+00
    7485   1.0000000000E+00
    7486   1.0000000000E+00
    7487   1.0000000000E+00
    7488   1.0000000000E+00
    7489   1.0000000000E+00
    7490   1.0000000000E+00
    7491   1.0000000000E+00
    7492   1.0000000000E+00
    7493   1.0000000000E+00
    7494   1.0000000000E+00
    7495   1.0000000000E+00
    7496   1.0000000000E+00
    7497   1.0000000000E+00
    7498   1.0000000000E+00
    7499   1.0000000000E+00
    7500   1.0000000000E+00
    7501   1.0000000000E+00
    7502   1.0000000000E+00
    7503   1.0000000000E+00
    7504   1.0000000000E+00
    7505   1.0000000000E+00
    7506   1.0000000000E+00
    7507   1.0000000000E+00
    7508   1.0000000000E+00
    7509   1.0000000000E+00
    7510   1.0000000000E+00
    7511   1.0000000000E+00
    7512   1.0000000000E+00
    7513   1.0000000000E+00
    7514   1.0000000000E+00
    7515   1.0000000000E+00
    7516   1.0000000000E+00
    7517   1.0000000000E+00
    7518   1.0000000000E+00
    7519   1.0000000000E+00
    7520   1.0000000000E+00
    7521   1.0000000000E+00
    7522   1.0000000000E+00
    7523   1.0000000000E+00
    7524   1.0000000000E+00
    7525   1.0000000000E+00
    7526   1.0000000000E+00
    7527   1.0000000000E+00
    7528   1.0000000000E+00
    7529   1.0000000000E+00
    7530   1.0000000000E+00
    7531   1.0000000000E+00
    7532   1.0000000000E+00
    7533   1.0000000000E+00
    7534   1.0000000000E+00
    7535   1.0000000000E+00
    7536   1.0000000000E+00
    7537   1.0000000000E+00
    7538   1.0000000000E+00
    7539   1.0000000000E+00
    7540   1.0000000000E+00
    7541   1.0000000000E+00
    7542   1.0000000000E+00
    7543   1.0000000000E+00
    7544   1.0000000000E+00
    7545   1.0000000000E+00
    7546   1.0000000000E+00
    7547   1.0000000000E+00
    7548   1.0000000000E+00
    7549   1.0000000000E+00
    7550   1.0000000000E+00
    7551   1.0000000000E+00
    7552   1.0000000000E+00
    7553   1.0000000000E+00
    7554   1.0000000000E+00
    7555   1.0000000000E+00
    7556   1.0000000000E+00
    7557   1.0000000000E+00
    7558   1.0000000000E+00
    7559   1.0000000000E+00
    7560   1.0000000000E+00
    7561   1.0000000000E+00
    7562   1.0000000000E+00
    7563   1.0000000000E+00
    7564   1.0000000000E+00
    7565   1.0000000000E+00
    7566   1.0000000000E+00
    7567   1.0000000000E+00
    7568   1.0000000000E+00
    7569   1.0000000000E+00
    7570   1.0000000000E+00
    7571   1.0000000000E+00
    7572   1.0000000000E+00
    7573   1.0000000000E+00
    7574   1.0000000000E+00
    7575   1.0000000000E+00
    7576   1.0000000000E+00
    7577   1.0000000000E+00
    7578   1.0000000000E+00
    7579   1.0000000000E+00
    7580   1.0000000000E+00
    7581   1.0000000000E+00
    7582   1.0000000000E+00
    7583   1.0000000000E+00
    7584   1.0000000000E+00
    7585   1.0000000000E+00
    7586   1.0000000000E+00
    7587   1.0000000000E+00
    7588   1.0000000000E+00
    7589   1.0000000000E+00
    7590   1.0000000000E+00
    7591   1.0000000000E+00
    7592   1.0000000000E+00
    7593   1.0000000000E+00
    7594   1.0000000000E+00
    7595   1.0000000000E+00
    7596   1.0000000000E+00
    7597   1.0000000000E+00
    7598   1.0000000000E+00
    7599   1.0000000000E+00
    7600   1.0000000000E+00
    7601   1.0000000000E+00
    7602   1.0000000000E+00
    7603   1.0000000000E+00
    7604   1.0000000000E+00
    7605   1.0000000000E+00
    7606   1.0000000000E+00
    7607   1.0000000000E+00
    7608   1.0000000000E+00
    7609   1.0000000000E+00
    7610   1.0000000000E+00
    7611   1.0000000000E+00
    7612   1.0000000000E+00
    7613   1.0000000000E+00
    7614   1.0000000000E+00
    7615   1.0000000000E+00
    7616   1.0000000000E+00
    7617   1.0000000000E+00
    7618   1.0000000000E+00
    7619   1.0000000000E+00
    7620   1.0000000000E+00
    7621   1.0000000000E+00
    7622   1.0000000000E+00
    7623   1.0000000000E+00
    7624   1.0000000000E+00
    7625   1.0000000000E+00
    7626   1.0000000000E+00
    7627   1.0000000000E+00
    7628   1.0000000000E+00
    7629   1.0000000000E+00
    7630   1.0000000000E+00
    7631   1.0000000000E+00
    7632   1.0000000000E+00
    7633   1.0000000000E+00
    7634   1.0000000000E+00
    7635   1.0000000000E+00
    7636   1.0000000000E+00
    7637   1.0000000000E+00
    7638   1.0000000000E+00
    7639   1.0000000000E+00
    7640   1.0000000000E+00
    7641   1.0000000000E+00
    7642   1.0000000000E+00
    7643   1.0000000000E+00
    7644   1.0000000000E+00
    7645   1.0000000000E+00
    7646   1.0000000000E+00
    7647   1.0000000000E+00
    7648   1.0000000000E+00
    7649   1.0000000000E+00
    7650   1.0000000000E+00
    7651   1.0000000000E+00
    7652   1.0000000000E+00
    7653   1.0000000000E+00
    7654   1.0000000000E+00
    7655   1.0000000000E+00
    7656   1.0000000000E+00
    7657   1.0000000000E+00
    7658   1.0000000000E+00
    7659   1.0000000000E+00
    7660   1.0000000000E+00
    7661   1.0000000000E+00
    7662   1.0000000000E+00
    7663   1.0000000000E+00
    7664   1.0000000000E+00
    7665   1.0000000000E+00
    7666   1.0000000000E+00
    7667   1.0000000000E+00
    7668   1.0000000000E+00
    7669   1.0000000000E+00
    7670   1.0000000000E+00
    7671   1.0000000000E+00
    7672   1.0000000000E+00
    7673   1.0000000000E+00
    7674   1.0000000000E+00
    7675   1.0000000000E+00
    7676   1.0000000000E+00
    7677   1.0000000000E+00
    7678   1.0000000000E+00
    7679   1.0000000000E+00
    7680   1.0000000000E+00
    7681   1.0000000000E+00
    7682   1.0000000000E+00
    7683   1.0000000000E+00
    7684   1.0000000000E+00
    7685   1.0000000000E+00
    7686   1.0000000000E+00
    7687   1.0000000000E+00
    7688   1.0000000000E+00
    7689   1.0000000000E+00
    7690   1.0000000000E+00
    7691   1.0000000000E+00
    7692   1.0000000000E+00
    7693   1.0000000000E+00
    7694   1.0000000000E+00
    7695   1.0000000000E+00
    7696   1.0000000000E+00
    7697   1.0000000000E+00
    7698   1.0000000000E+00
    7699   1.0000000000E+00
    7700   1.0000000000E+00
    7701   1.0000000000E+00
    7702   1.0000000000E+00
    7703   1.0000000000E+00
    7704   1.0000000000E+00
    7705   1.0000000000E+00
    7706   1.0000000000E+00
    7707   1.0000000000E+00
    7708   1.0000000000E+00
    7709   1.0000000000E+00
    7710   1.0000000000E+00
    7711   1.0000000000E+00
    7712   1.0000000000E+00
    7713   1.0000000000E+00
    7714   1.0000000000E+00
    7715   1.0000000000E+00
    7716   1.0000000000E+00
    7717   1.0000000000E+00
    7718   1.0000000000E+00
    7719   1.0000000000E+00
    7720   1.0000000000E+00
    7721   1.0000000000E+00
    7722   1.0000000000E+00
    7723   1.0000000000E+00
    7724   1.0000000000E+00
    7725   1.0000000000E+00
    7726   1.0000000000E+00
    7727   1.0000000000E+00
    7728   1.0000000000E+00
    7729   1.0000000000E+00
    7730   1.0000000000E+00
    7731   1.0000000000E+00
    7732   1.0000000000E+00
    7733   1.0000000000E+00
    7734   1.0000000000E+00
    7735   1.0000000000E+00
    7736   1.0000000000E+00
    7737   1.0000000000E+00
    7738   1.0000000000E+00
    7739   1.0000000000E+00
    7740   1.0000000000E+00
    7741   1.0000000000E+00
    7742   1.0000000000E+00
    7743   1.0000000000E+00
    7744   1.0000000000E+00
    7745   1.0000000000E+00
    7746   1.0000000000E+00
    7747   1.0000000000E+00
    7748   1.0000000000E+00
    7749   1.0000000000E+00
    7750   1.0000000000E+00
    7751   1.0000000000E+00
    7752   1.0000000000E+00
    7753   1.0000000000E+00
    7754   1.0000000000E+00
    7755   1.0000000000E+00
    7756   1.0000000000E+00
    7757   1.0000000000E+00
    7758   1.0000000000E+00
    7759   1.0000000000E+00
    7760   1.0000000000E+00
    7761   1.0000000000E+00
    7762   1.0000000000E+00
    7763   1.0000000000E+00
    7764   1.0000000000E+00
    7765   1.0000000000E+00
    7766   1.0000000000E+00
    7767   1.0000000000E+00
    7768   1.0000000000E+00
    7769   1.0000000000E+00
    7770   1.0000000000E+00
    7771   1.0000000000E+00
    7772   1.0000000000E+00
    7773   1.0000000000E+00
    7774   1.0000000000E+00
    7775   1.0000000000E+00
    7776   1.0000000000E+00
    7777   1.0000000000E+00
    7778   1.0000000000E+00
    7779   1.0000000000E+00
    7780   1.0000000000E+00
    7781   1.0000000000E+00
    7782   1.0000000000E+00
    7783   1.0000000000E+00
    7784   1.0000000000E+00
    7785   1.0000000000E+00
    7786   1.0000000000E+00
    7787   1.0000000000E+00
    7788   1.0000000000E+00
    7789   1.0000000000E+00
    7790   1.0000000000E+00
    7791   1.0000000000E+00
    7792   1.0000000000E+00
    7793   1.0000000000E+00
    7794   1.0000000000E+00
    7795   1.0000000000E+00
    7796   1.0000000000E+00
    7797   1.0000000000E+00
    7798   1.0000000000E+00
    7799   1.0000000000E+00
    7800   1.0000000000E+00
    7801   1.0000000000E+00
    7802   1.0000000000E+00
    7803   1.0000000000E+00
    7804   1.0000000000E+00
    7805   1.0000000000E+00
    7806   1.0000000000E+00
    7807   1.0000000000E+00
    7808   1.0000000000E+00
    7809   1.0000000000E+00
    7810   1.0000000000E+00
    7811   1.0000000000E+00
    7812   1.0000000000E+00
    7813   1.0000000000E+00
    7814   1.0000000000E+00
    7815   1.0000000000E+00
    7816   1.0000000000E+00
    7817   1.0000000000E+00
    7818   1.0000000000E+00
    7819   1.0000000000E+00
    7820   1.0000000000E+00
    7821   1.0000000000E+00
    7822   1.0000000000E+00
    7823   1.0000000000E+00
    7824   1.0000000000E+00
    7825   1.0000000000E+00
    7826   1.0000000000E+00
    7827   1.0000000000E+00
    7828   1.0000000000E+00
    7829   1.0000000000E+00
    7830   1.0000000000E+00
    7831   1.0000000000E+00
    7832   1.0000000000E+00
    7833   1.0000000000E+00
    7834   1.0000000000E+00
    7835   1.0000000000E+00
    7836   1.0000000000E+00
    7837   1.0000000000E+00
    7838   1.0000000000E+00
    7839   1.0000000000E+00
    7840   1.0000000000E+00
    7841   1.0000000000E+00
    7842   1.0000000000E+00
    7843   1.0000000000E+00
    7844   1.0000000000E+00
    7845   1.0000000000E+00
    7846   1.0000000000E+00
    7847   1.0000000000E+00
    7848   1.0000000000E+00
    7849   1.0000000000E+00
    7850   1.0000000000E+00
    7851   1.0000000000E+00
    7852   1.0000000000E+00
    7853   1.0000000000E+00
    7854   1.0000000000E+00
    7855   1.0000000000E+00
    7856   1.0000000000E+00
    7857   1.0000000000E+00
    7858   1.0000000000E+00
    7859   1.0000000000E+00
    7860   1.0000000000E+00
    7861   1.0000000000E+00
    7862   1.0000000000E+00
    7863   1.0000000000E+00
    7864   1.0000000000E+00
    7865   1.0000000000E+00
    7866   1.0000000000E+00
    7867   1.0000000000E+00
    7868   1.0000000000E+00
    7869   1.0000000000E+00
    7870   1.0000000000E+00
    7871   1.0000000000E+00
    7872   1.0000000000E+00
    7873   1.0000000000E+00
    7874   1.0000000000E+00
    7875   1.0000000000E+00
    7876   1.0000000000E+00
    7877   1.0000000000E+00
    7878   1.0000000000E+00
    7879   1.0000000000E+00
    7880   1.0000000000E+00
    7881   1.0000000000E+00
    7882   1.0000000000E+00
    7883   1.0000000000E+00
    7884   1.0000000000E+00
    7885   1.0000000000E+00
    7886   1.0000000000E+00
    7887   1.0000000000E+00
    7888   1.0000000000E+00
    7889   1.0000000000E+00
    7890   1.0000000000E+00
    7891   1.0000000000E+00
    7892   1.0000000000E+00
    7893   1.0000000000E+00
    7894   1.0000000000E+00
    7895   1.0000000000E+00
    7896   1.0000000000E+00
    7897   1.0000000000E+00
    7898   1.0000000000E+00
    7899   1.0000000000E+00
    7900   1.0000000000E+00
    7901   1.0000000000E+00
    7902   1.0000000000E+00
    7903   1.0000000000E+00
    7904   1.0000000000E+00
    7905   1.0000000000E+00
    7906   1.0000000000E+00
    7907   1.0000000000E+00
    7908   1.0000000000E+00
    7909   1.0000000000E+00
    7910   1.0000000000E+00
    7911   1.0000000000E+00
    7912   1.0000000000E+00
    7913   1.0000000000E+00
    7914   1.0000000000E+00
    7915   1.0000000000E+00
    7916   1.0000000000E+00
    7917   1.0000000000E+00
    7918   1.0000000000E+00
    7919   1.0000000000E+00
    7920   1.0000000000E+00
    7921   1.0000000000E+00
    7922   1.0000000000E+00
    7923   1.0000000000E+00
    7924   1.0000000000E+00
    7925   1.0000000000E+00
    7926   1.0000000000E+00
    7927   1.0000000000E+00
    7928   1.0000000000E+00
    7929   1.0000000000E+00
    7930   1.0000000000E+00
    7931   1.0000000000E+00
    7932   1.0000000000E+00
    7933   1.0000000000E+00
    7934   1.0000000000E+00
    7935   1.0000000000E+00
    7936   1.0000000000E+00
    7937   1.0000000000E+00
    7938   1.0000000000E+00
    7939   1.0000000000E+00
    7940   1.0000000000E+00
    7941   1.0000000000E+00
    7942   1.0000000000E+00
    7943   1.0000000000E+00
    7944   1.0000000000E+00
    7945   1.0000000000E+00
    7946   1.0000000000E+00
    7947   1.0000000000E+00
    7948   1.0000000000E+00
    7949   1.0000000000E+00
    7950   1.0000000000E+00
    7951   1.0000000000E+00
    7952   1.0000000000E+00
    7953   1.0000000000E+00
    7954   1.0000000000E+00
    7955   1.0000000000E+00
    7956   1.0000000000E+00
    7957   1.0000000000E+00
    7958   1.0000000000E+00
    7959   1.0000000000E+00
    7960   1.0000000000E+00
    7961   1.0000000000E+00
    7962   1.0000000000E+00
    7963   1.0000000000E+00
    7964   1.0000000000E+00
    7965   1.0000000000E+00
    7966   1.0000000000E+00
    7967   1.0000000000E+00
    7968   1.0000000000E+00
    7969   1.0000000000E+00
    7970   1.0000000000E+00
    7971   1.0000000000E+00
    7972   1.0000000000E+00
    7973   1.0000000000E+00
    7974   1.0000000000E+00
    7975   1.0000000000E+00
    7976   1.0000000000E+00
    7977   1.0000000000E+00
    7978   1.0000000000E+00
    7979   1.0000000000E+00
    7980   1.0000000000E+00
    7981   1.0000000000E+00
    7982   1.0000000000E+00
    7983   1.0000000000E+00
    7984   1.0000000000E+00
    7985   1.0000000000E+00
    7986   1.0000000000E+00
    7987   1.0000000000E+00
    7988   1.0000000000E+00
    7989   1.0000000000E+00
    7990   1.0000000000E+00
    7991   1.0000000000E+00
    7992   1.0000000000E+00
    7993   1.0000000000E+00
    7994   1.0000000000E+00
    7995   1.0000000000E+00
    7996   1.0000000000E+00
    7997   1.0000000000E+00
    7998   1.0000000000E+00
    7999   1.0000000000E+00
    8000   1.0000000000E+00
    8001   1.0000000000E+00
    8002   1.0000000000E+00
    8003   1.0000000000E+00
    8004   1.0000000000E+00
    8005   1.0000000000E+00
    8006   1.0000000000E+00
    8007   1.0000000000E+00
    8008   1.0000000000E+00
    8009   1.0000000000E+00
    8010   1.0000000000E+00
    8011   1.0000000000E+00
    8012   1.0000000000E+00
    8013   1.0000000000E+00
    8014   1.0000000000E+00
    8015   1.0000000000E+00
    8016   1.0000000000E+00
    8017   1.0000000000E+00
    8018   1.0000000000E+00
    8019   1.0000000000E+00
    8020   1.0000000000E+00
    8021   1.0000000000E+00
    8022   1.0000000000E+00
    8023   1.0000000000E+00
    8024   1.0000000000E+00
    8025   1.0000000000E+00
    8026   1.0000000000E+00
    8027   1.0000000000E+00
    8028   1.0000000000E+00
    8029   1.0000000000E+00
    8030   1.0000000000E+00
    8031   1.0000000000E+00
    8032   1.0000000000E+00
    8033   1.0000000000E+00
    8034   1.0000000000E+00
    8035   1.0000000000E+00
    8036   1.0000000000E+00
    8037   1.0000000000E+00
    8038   1.0000000000E+00
    8039   1.0000000000E+00
    8040   1.0000000000E+00
    8041   1.0000000000E+00
    8042   1.0000000000E+00
    8043   1.0000000000E+00
    8044   1.0000000000E+00
    8045   1.0000000000E+00
    8046   1.0000000000E+00
    8047   1.0000000000E+00
    8048   1.0000000000E+00
    8049   1.0000000000E+00
    8050   1.0000000000E+00
    8051   1.0000000000E+00
    8052   1.0000000000E+00
    8053   1.0000000000E+00
    8054   1.0000000000E+00
    8055   1.0000000000E+00
    8056   1.0000000000E+00
    8057   1.0000000000E+00
    8058   1.0000000000E+00
    8059   1.0000000000E+00
    8060   1.0000000000E+00
    8061   1.0000000000E+00
    8062   1.0000000000E+00
    8063   1.0000000000E+00
    8064   1.0000000000E+00
    8065   1.0000000000E+00
    8066   1.0000000000E+00
    8067   1.0000000000E+00
    8068   1.0000000000E+00
    8069   1.0000000000E+00
    8070   1.0000000000E+00
    8071   1.0000000000E+00
    8072   1.0000000000E+00
    8073   1.0000000000E+00
    8074   1.0000000000E+00
    8075   1.0000000000E+00
    8076   1.0000000000E+00
    8077   1.0000000000E+00
    8078   1.0000000000E+00
    8079   1.0000000000E+00
    8080   1.0000000000E+00
    8081   1.0000000000E+00
    8082   1.0000000000E+00
    8083   1.0000000000E+00
    8084   1.0000000000E+00
    8085   1.0000000000E+00
    8086   1.0000000000E+00
    8087   1.0000000000E+00
    8088   1.0000000000E+00
    8089   1.0000000000E+00
    8090   1.0000000000E+00
    8091   1.0000000000E+00
    8092   1.0000000000E+00
    8093   1.0000000000E+00
    8094   1.0000000000E+00
    8095   1.0000000000E+00
    8096   1.0000000000E+00
    8097   1.0000000000E+00
    8098   1.0000000000E+00
    8099   1.0000000000E+00
    8100   1.0000000000E+00
    8101   1.0000000000E+00
    8102   1.0000000000E+00
    8103   1.0000000000E+00
    8104   1.0000000000E+00
    8105   1.0000000000E+00
    8106   1.0000000000E+00
    8107   1.0000000000E+00
    8108   1.0000000000E+00
    8109   1.0000000000E+00
    8110   1.0000000000E+00
    8111   1.0000000000E+00
    8112   1.0000000000E+00
    8113   1.0000000000E+00
    8114   1.0000000000E+00
    8115   1.0000000000E+00
    8116   1.0000000000E+00
    8117   1.0000000000E+00
    8118   1.0000000000E+00
    8119   1.0000000000E+00
    8120   1.0000000000E+00
    8121   1.0000000000E+00
    8122   1.0000000000E+00
    8123   1.0000000000E+00
    8124   1.0000000000E+00
    8125   1.0000000000E+00
    8126   1.0000000000E+00
    8127   1.0000000000E+00
    8128   1.0000000000E+00
    8129   1.0000000000E+00
    8130   1.0000000000E+00
    8131   1.0000000000E+00
    8132   1.0000000000E+00
    8133   1.0000000000E+00
    8134   1.0000000000E+00
    8135   1.0000000000E+00
    8136   1.0000000000E+00
    8137   1.0000000000E+00
    8138   1.0000000000E+00
    8139   1.0000000000E+00
    8140   1.0000000000E+00
    8141   1.0000000000E+00
    8142   1.0000000000E+00
    8143   1.0000000000E+00
    8144   1.0000000000E+00
    8145   1.0000000000E+00
    8146   1.0000000000E+00
    8147   1.0000000000E+00
    8148   1.0000000000E+00
    8149   1.0000000000E+00
    8150   1.0000000000E+00
    8151   1.0000000000E+00
    8152   1.0000000000E+00
    8153   1.0000000000E+00
    8154   1.0000000000E+00
    8155   1.0000000000E+00
    8156   1.0000000000E+00
    8157   1.0000000000E+00
    8158   1.0000000000E+00
    8159   1.0000000000E+00
    8160   1.0000000000E+00
    8161   1.0000000000E+00
    8162   1.0000000000E+00
    8163   1.0000000000E+00
    8164   1.0000000000E+00
    8165   1.0000000000E+00
    8166   1.0000000000E+00
    8167   1.0000000000E+00
    8168   1.0000000000E+00
    8169   1.0000000000E+00
    8170   1.0000000000E+00
    8171   1.0000000000E+00
    8172   1.0000000000E+00
    8173   1.0000000000E+00
    8174   1.0000000000E+00
    8175   1.0000000000E+00
    8176   1.0000000000E+00
    8177   1.0000000000E+00
    8178   1.0000000000E+00
    8179   1.0000000000E+00
    8180   1.0000000000E+00
    8181   1.0000000000E+00
    8182   1.0000000000E+00
    8183   1.0000000000E+00
    8184   1.0000000000E+00
    8185   1.0000000000E+00
    8186   1.0000000000E+00
    8187   1.0000000000E+00
    8188   1.0000000000E+00
    8189   1.0000000000E+00
    8190   1.0000000000E+00
    8191   1.0000000000E+00
    8192   1.0000000000E+00
    8193   1.0000000000E+00
    8194   1.0000000000E+00
    8195   1.0000000000E+00
    8196   1.0000000000E+00
    8197   1.0000000000E+00
    8198   1.0000000000E+00
    8199   1.0000000000E+00
    8200   1.0000000000E+00
    8201   1.0000000000E+00
    8202   1.0000000000E+00
    8203   1.0000000000E+00
    8204   1.0000000000E+00
    8205   1.0000000000E+00
    8206   1.0000000000E+00
    8207   1.0000000000E+00
    8208   1.0000000000E+00
    8209   1.0000000000E+00
    8210   1.0000000000E+00
    8211   1.0000000000E+00
    8212   1.0000000000E+00
    8213   1.0000000000E+00
    8214   1.0000000000E+00
    8215   1.0000000000E+00
    8216   1.0000000000E+00
    8217   1.0000000000E+00
    8218   1.0000000000E+00
    8219   1.0000000000E+00
    8220   1.0000000000E+00
    8221   1.0000000000E+00
    8222   1.0000000000E+00
    8223   1.0000000000E+00
    8224   1.0000000000E+00
    8225   1.0000000000E+00
    8226   1.0000000000E+00
    8227   1.0000000000E+00
    8228   1.0000000000E+00
    8229   1.0000000000E+00
    8230   1.0000000000E+00
    8231   1.0000000000E+00
    8232   1.0000000000E+00
    8233   1.0000000000E+00
    8234   1.0000000000E+00
    8235   1.0000000000E+00
    8236   1.0000000000E+00
    8237   1.0000000000E+00
    8238   1.0000000000E+00
    8239   1.0000000000E+00
    8240   1.0000000000E+00
    8241   1.0000000000E+00
    8242   1.0000000000E+00
    8243   1.0000000000E+00
    8244   1.0000000000E+00
    8245   1.0000000000E+00
    8246   1.0000000000E+00
    8247   1.0000000000E+00
    8248   1.0000000000E+00
    8249   1.0000000000E+00
    8250   1.0000000000E+00
    8251   1.0000000000E+00
    8252   1.0000000000E+00
    8253   1.0000000000E+00
    8254   1.0000000000E+00
    8255   1.0000000000E+00
    8256   1.0000000000E+00
    8257   1.0000000000E+00
    8258   1.0000000000E+00
    8259   1.0000000000E+00
    8260   1.0000000000E+00
    8261   1.0000000000E+00
    8262   1.0000000000E+00
    8263   1.0000000000E+00
    8264   1.0000000000E+00
    8265   1.0000000000E+00
    8266   1.0000000000E+00
    8267   1.0000000000E+00
    8268   1.0000000000E+00
    8269   1.0000000000E+00
    8270   1.0000000000E+00
    8271   1.0000000000E+00
    8272   1.0000000000E+00
    8273   1.0000000000E+00
    8274   1.0000000000E+00
    8275   1.0000000000E+00
    8276   1.0000000000E+00
    8277   1.0000000000E+00
    8278   1.0000000000E+00
    8279   1.0000000000E+00
    8280   1.0000000000E+00
    8281   1.0000000000E+00
    8282   1.0000000000E+00
    8283   1.0000000000E+00
    8284   1.0000000000E+00
    8285   1.0000000000E+00
    8286   1.0000000000E+00
    8287   1.0000000000E+00
    8288   1.0000000000E+00
    8289   1.0000000000E+00
    8290   1.0000000000E+00
    8291   1.0000000000E+00
    8292   1.0000000000E+00
    8293   1.0000000000E+00
    8294   1.0000000000E+00
    8295   1.0000000000E+00
    8296   1.0000000000E+00
    8297   1.0000000000E+00
    8298   1.0000000000E+00
    8299   1.0000000000E+00
    8300   1.0000000000E+00
    8301   1.0000000000E+00
    8302   1.0000000000E+00
    8303   1.0000000000E+00
    8304   1.0000000000E+00
    8305   1.0000000000E+00
    8306   1.0000000000E+00
    8307   1.0000000000E+00
    8308   1.0000000000E+00
    8309   1.0000000000E+00
    8310   1.0000000000E+00
    8311   1.0000000000E+00
    8312   1.0000000000E+00
    8313   1.0000000000E+00
    8314   1.0000000000E+00
    8315   1.0000000000E+00
    8316   1.0000000000E+00
    8317   1.0000000000E+00
    8318   1.0000000000E+00
    8319   1.0000000000E+00
    8320   1.0000000000E+00
    8321   1.0000000000E+00
    8322   1.0000000000E+00
    8323   1.0000000000E+00
    8324   1.0000000000E+00
    8325   1.0000000000E+00
    8326   1.0000000000E+00
    8327   1.0000000000E+00
    8328   1.0000000000E+00
    8329   1.0000000000E+00
    8330   1.0000000000E+00
    8331   1.0000000000E+00
    8332   1.0000000000E+00
    8333   1.0000000000E+00
    8334   1.0000000000E+00
    8335   1.0000000000E+00
    8336   1.0000000000E+00
    8337   1.0000000000E+00
    8338   1.0000000000E+00
    8339   1.0000000000E+00
    8340   1.0000000000E+00
    8341   1.0000000000E+00
    8342   1.0000000000E+00
    8343   1.0000000000E+00
    8344   1.0000000000E+00
    8345   1.0000000000E+00
    8346   1.0000000000E+00
    8347   1.0000000000E+00
    8348   1.0000000000E+00
    8349   1.0000000000E+00
    8350   1.0000000000E+00
    8351   1.0000000000E+00
    8352   1.0000000000E+00
    8353   1.0000000000E+00
    8354   1.0000000000E+00
    8355   1.0000000000E+00
    8356   1.0000000000E+00
    8357   1.0000000000E+00
    8358   1.0000000000E+00
    8359   1.0000000000E+00
    8360   1.0000000000E+00
    8361   1.0000000000E+00
    8362   1.0000000000E+00
    8363   1.0000000000E+00
    8364   1.0000000000E+00
    8365   1.0000000000E+00
    8366   1.0000000000E+00
    8367   1.0000000000E+00
    8368   1.0000000000E+00
    8369   1.0000000000E+00
    8370   1.0000000000E+00
    8371   1.0000000000E+00
    8372   1.0000000000E+00
    8373   1.0000000000E+00
    8374   1.0000000000E+00
    8375   1.0000000000E+00
    8376   1.0000000000E+00
    8377   1.0000000000E+00
    8378   1.0000000000E+00
    8379   1.0000000000E+00
    8380   1.0000000000E+00
    8381   1.0000000000E+00
    8382   1.0000000000E+00
    8383   1.0000000000E+00
    8384   1.0000000000E+00
    8385   1.0000000000E+00
    8386   1.0000000000E+00
    8387   1.0000000000E+00
    8388   1.0000000000E+00
    8389   1.0000000000E+00
    8390   1.0000000000E+00
    8391   1.0000000000E+00
    8392   1.0000000000E+00
    8393   1.0000000000E+00
    8394   1.0000000000E+00
    8395   1.0000000000E+00
    8396   1.0000000000E+00
    8397   1.0000000000E+00
    8398   1.0000000000E+00
    8399   1.0000000000E+00
    8400   1.0000000000E+00
    8401   1.0000000000E+00
    8402   1.0000000000E+00
    8403   1.0000000000E+00
    8404   1.0000000000E+00
    8405   1.0000000000E+00
    8406   1.0000000000E+00
    8407   1.0000000000E+00
    8408   1.0000000000E+00
    8409   1.0000000000E+00
    8410   1.0000000000E+00
    8411   1.0000000000E+00
    8412   1.0000000000E+00
    8413   1.0000000000E+00
    8414   1.0000000000E+00
    8415   1.0000000000E+00
    8416   1.0000000000E+00
    8417   1.0000000000E+00
    8418   1.0000000000E+00
    8419   1.0000000000E+00
    8420   1.0000000000E+00
    8421   1.0000000000E+00
    8422   1.0000000000E+00
    8423   1.0000000000E+00
    8424   1.0000000000E+00
    8425   1.0000000000E+00
    8426   1.0000000000E+00
    8427   1.0000000000E+00
    8428   1.0000000000E+00
    8429   1.0000000000E+00
    8430   1.0000000000E+00
    8431   1.0000000000E+00
    8432   1.0000000000E+00
    8433   1.0000000000E+00
    8434   1.0000000000E+00
    8435   1.0000000000E+00
    8436   1.0000000000E+00
    8437   1.0000000000E+00
    8438   1.0000000000E+00
    8439   1.0000000000E+00
    8440   1.0000000000E+00
    8441   1.0000000000E+00
    8442   1.0000000000E+00
    8443   1.0000000000E+00
    8444   1.0000000000E+00
    8445   1.0000000000E+00
    8446   1.0000000000E+00
    8447   1.0000000000E+00
    8448   1.0000000000E+00
    8449   1.0000000000E+00
    8450   1.0000000000E+00
    8451   1.0000000000E+00
    8452   1.0000000000E+00
    8453   1.0000000000E+00
    8454   1.0000000000E+00
    8455   1.0000000000E+00
    8456   1.0000000000E+00
    8457   1.0000000000E+00
    8458   1.0000000000E+00
    8459   1.0000000000E+00
    8460   1.0000000000E+00
    8461   1.0000000000E+00
    8462   1.0000000000E+00
    8463   1.0000000000E+00
    8464   1.0000000000E+00
    8465   1.0000000000E+00
    8466   1.0000000000E+00
    8467   1.0000000000E+00
    8468   1.0000000000E+00
    8469   1.0000000000E+00
    8470   1.0000000000E+00
    8471   1.0000000000E+00
    8472   1.0000000000E+00
    8473   1.0000000000E+00
    8474   1.0000000000E+00
    8475   1.0000000000E+00
    8476   1.0000000000E+00
    8477   1.0000000000E+00
    8478   1.0000000000E+00
    8479   1.0000000000E+00
    8480   1.0000000000E+00
    8481   1.0000000000E+00
    8482   1.0000000000E+00
    8483   1.0000000000E+00
    8484   1.0000000000E+00
    8485   1.0000000000E+00
    8486   1.0000000000E+00
    8487   1.0000000000E+00
    8488   1.0000000000E+00
    8489   1.0000000000E+00
    8490   1.0000000000E+00
    8491   1.0000000000E+00
    8492   1.0000000000E+00
    8493   1.0000000000E+00
    8494   1.0000000000E+00
    8495   1.0000000000E+00
    8496   1.0000000000E+00
    8497   1.0000000000E+00
    8498   1.0000000000E+00
    8499   1.0000000000E+00
    8500   1.0000000000E+00
    8501   1.0000000000E+00
    8502   1.0000000000E+00
    8503   1.0000000000E+00
    8504   1.0000000000E+00
    8505   1.0000000000E+00
    8506   1.0000000000E+00
    8507   1.0000000000E+00
    8508   1.0000000000E+00
    8509   1.0000000000E+00
    8510   1.0000000000E+00
    8511   1.0000000000E+00
    8512   1.0000000000E+00
    8513   1.0000000000E+00
    8514   1.0000000000E+00
    8515   1.0000000000E+00
    8516   1.0000000000E+00
    8517   1.0000000000E+00
    8518   1.0000000000E+00
    8519   1.0000000000E+00
    8520   1.0000000000E+00
    8521   1.0000000000E+00
    8522   1.0000000000E+00
    8523   1.0000000000E+00
    8524   1.0000000000E+00
    8525   1.0000000000E+00
    8526   1.0000000000E+00
    8527   1.0000000000E+00
    8528   1.0000000000E+00
    8529   1.0000000000E+00
    8530   1.0000000000E+00
    8531   1.0000000000E+00
    8532   1.0000000000E+00
    8533   1.0000000000E+00
    8534   1.0000000000E+00
    8535   1.0000000000E+00
    8536   1.0000000000E+00
    8537   1.0000000000E+00
    8538   1.0000000000E+00
    8539   1.0000000000E+00
    8540   1.0000000000E+00
    8541   1.0000000000E+00
    8542   1.0000000000E+00
    8543   1.0000000000E+00
    8544   1.0000000000E+00
    8545   1.0000000000E+00
    8546   1.0000000000E+00
    8547   1.0000000000E+00
    8548   1.0000000000E+00
    8549   1.0000000000E+00
    8550   1.0000000000E+00
    8551   1.0000000000E+00
    8552   1.0000000000E+00
    8553   1.0000000000E+00
    8554   1.0000000000E+00
    8555   1.0000000000E+00
    8556   1.0000000000E+00
    8557   1.0000000000E+00
    8558   1.0000000000E+00
    8559   1.0000000000E+00
    8560   1.0000000000E+00
    8561   1.0000000000E+00
    8562   1.0000000000E+00
    8563   1.0000000000E+00
    8564   1.0000000000E+00
    8565   1.0000000000E+00
    8566   1.0000000000E+00
    8567   1.0000000000E+00
    8568   1.0000000000E+00
    8569   1.0000000000E+00
    8570   1.0000000000E+00
    8571   1.0000000000E+00
    8572   1.0000000000E+00
    8573   1.0000000000E+00
    8574   1.0000000000E+00
    8575   1.0000000000E+00
    8576   1.0000000000E+00
    8577   1.0000000000E+00
    8578   1.0000000000E+00
    8579   1.0000000000E+00
    8580   1.0000000000E+00
    8581   1.0000000000E+00
    8582   1.0000000000E+00
    8583   1.0000000000E+00
    8584   1.0000000000E+00
    8585   1.0000000000E+00
    8586   1.0000000000E+00
    8587   1.0000000000E+00
    8588   1.0000000000E+00
    8589   1.0000000000E+00
    8590   1.0000000000E+00
    8591   1.0000000000E+00
    8592   1.0000000000E+00
    8593   1.0000000000E+00
    8594   1.0000000000E+00
    8595   1.0000000000E+00
    8596   1.0000000000E+00
    8597   1.0000000000E+00
    8598   1.0000000000E+00
    8599   1.0000000000E+00
    8600   1.0000000000E+00
    8601   1.0000000000E+00
    8602   1.0000000000E+00
    8603   1.0000000000E+00
    8604   1.0000000000E+00
    8605   1.0000000000E+00
    8606   1.0000000000E+00
    8607   1.0000000000E+00
    8608   1.0000000000E+00
    8609   1.0000000000E+00
    8610   1.0000000000E+00
    8611   1.0000000000E+00
    8612   1.0000000000E+00
    8613   1.0000000000E+00
    8614   1.0000000000E+00
    8615   1.0000000000E+00
    8616   1.0000000000E+00
    8617   1.0000000000E+00
    8618   1.0000000000E+00
    8619   1.0000000000E+00
    8620   1.0000000000E+00
    8621   1.0000000000E+00
    8622   1.0000000000E+00
    8623   1.0000000000E+00
    8624   1.0000000000E+00
    8625   1.0000000000E+00
    8626   1.0000000000E+00
    8627   1.0000000000E+00
    8628   1.0000000000E+00
    8629   1.0000000000E+00
    8630   1.0000000000E+00
    8631   1.0000000000E+00
    8632   1.0000000000E+00
    8633   1.0000000000E+00
    8634   1.0000000000E+00
    8635   1.0000000000E+00
    8636   1.0000000000E+00
    8637   1.0000000000E+00
    8638   1.0000000000E+00
    8639   1.0000000000E+00
    8640   1.0000000000E+00
    8641   1.0000000000E+00
    8642   1.0000000000E+00
    8643   1.0000000000E+00
    8644   1.0000000000E+00
    8645   1.0000000000E+00
    8646   1.0000000000E+00
    8647   1.0000000000E+00
    8648   1.0000000000E+00
    8649   1.0000000000E+00
    8650   1.0000000000E+00
    8651   1.0000000000E+00
    8652   1.0000000000E+00
    8653   1.0000000000E+00
    8654   1.0000000000E+00
    8655   1.0000000000E+00
    8656   1.0000000000E+00
    8657   1.0000000000E+00
    8658   1.0000000000E+00
    8659   1.0000000000E+00
    8660   1.0000000000E+00
    8661   1.0000000000E+00
    8662   1.0000000000E+00
    8663   1.0000000000E+00
    8664   1.0000000000E+00
    8665   1.0000000000E+00
    8666   1.0000000000E+00
    8667   1.0000000000E+00
    8668   1.0000000000E+00
    8669   1.0000000000E+00
    8670   1.0000000000E+00
    8671   1.0000000000E+00
    8672   1.0000000000E+00
    8673   1.0000000000E+00
    8674   1.0000000000E+00
    8675   1.0000000000E+00
    8676   1.0000000000E+00
    8677   1.0000000000E+00
    8678   1.0000000000E+00
    8679   1.0000000000E+00
    8680   1.0000000000E+00
    8681   1.0000000000E+00
    8682   1.0000000000E+00
    8683   1.0000000000E+00
    8684   1.0000000000E+00
    8685   1.0000000000E+00
    8686   1.0000000000E+00
    8687   1.0000000000E+00
    8688   1.0000000000E+00
    8689   1.0000000000E+00
    8690   1.0000000000E+00
    8691   1.0000000000E+00
    8692   1.0000000000E+00
    8693   1.0000000000E+00
    8694   1.0000000000E+00
    8695   1.0000000000E+00
    8696   1.0000000000E+00
    8697   1.0000000000E+00
    8698   1.0000000000E+00
    8699   1.0000000000E+00
    8700   1.0000000000E+00
    8701   1.0000000000E+00
    8702   1.0000000000E+00
    8703   1.0000000000E+00
    8704   1.0000000000E+00
    8705   1.0000000000E+00
    8706   1.0000000000E+00
    8707   1.0000000000E+00
    8708   1.0000000000E+00
    8709   1.0000000000E+00
    8710   1.0000000000E+00
    8711   1.0000000000E+00
    8712   1.0000000000E+00
    8713   1.0000000000E+00
    8714   1.0000000000E+00
    8715   1.0000000000E+00
    8716   1.0000000000E+00
    8717   1.0000000000E+00
    8718   1.0000000000E+00
    8719   1.0000000000E+00
    8720   1.0000000000E+00
    8721   1.0000000000E+00
    8722   1.0000000000E+00
    8723   1.0000000000E+00
    8724   1.0000000000E+00
    8725   1.0000000000E+00
    8726   1.0000000000E+00
    8727   1.0000000000E+00
    8728   1.0000000000E+00
    8729   1.0000000000E+00
    8730   1.0000000000E+00
    8731   1.0000000000E+00
    8732   1.0000000000E+00
    8733   1.0000000000E+00
    8734   1.0000000000E+00
    8735   1.0000000000E+00
    8736   1.0000000000E+00
    8737   1.0000000000E+00
    8738   1.0000000000E+00
    8739   1.0000000000E+00
    8740   1.0000000000E+00
    8741   1.0000000000E+00
    8742   1.0000000000E+00
    8743   1.0000000000E+00
    8744   1.0000000000E+00
    8745   1.0000000000E+00
    8746   1.0000000000E+00
    8747   1.0000000000E+00
    8748   1.0000000000E+00
    8749   1.0000000000E+00
    8750   1.0000000000E+00
    8751   1.0000000000E+00
    8752   1.0000000000E+00
    8753   1.0000000000E+00
    8754   1.0000000000E+00
    8755   1.0000000000E+00
    8756   1.0000000000E+00
    8757   1.0000000000E+00
    8758   1.0000000000E+00
    8759   1.0000000000E+00
    8760   1.0000000000E+00
    8761   1.0000000000E+00
    8762   1.0000000000E+00
    8763   1.0000000000E+00
    8764   1.0000000000E+00
    8765   1.0000000000E+00
    8766   1.0000000000E+00
    8767   1.0000000000E+00
    8768   1.0000000000E+00
    8769   1.0000000000E+00
    8770   1.0000000000E+00
    8771   1.0000000000E+00
    8772   1.0000000000E+00
    8773   1.0000000000E+00
    8774   1.0000000000E+00
    8775   1.0000000000E+00
    8776   1.0000000000E+00
    8777   1.0000000000E+00
    8778   1.0000000000E+00
    8779   1.0000000000E+00
    8780   1.0000000000E+00
    8781   1.0000000000E+00
    8782   1.0000000000E+00
    8783   1.0000000000E+00
    8784   1.0000000000E+00
    8785   1.0000000000E+00
    8786   1.0000000000E+00
    8787   1.0000000000E+00
    8788   1.0000000000E+00
    8789   1.0000000000E+00
    8790   1.0000000000E+00
    8791   1.0000000000E+00
    8792   1.0000000000E+00
    8793   1.0000000000E+00
    8794   1.0000000000E+00
    8795   1.0000000000E+00
    8796   1.0000000000E+00
    8797   1.0000000000E+00
    8798   1.0000000000E+00
    8799   1.0000000000E+00
    8800   1.0000000000E+00
    8801   1.0000000000E+00
    8802   1.0000000000E+00
    8803   1.0000000000E+00
    8804   1.0000000000E+00
    8805   1.0000000000E+00
    8806   1.0000000000E+00
    8807   1.0000000000E+00
    8808   1.0000000000E+00
    8809   1.0000000000E+00
    8810   1.0000000000E+00
    8811   1.0000000000E+00
    8812   1.0000000000E+00
    8813   1.0000000000E+00
    8814   1.0000000000E+00
    8815   1.0000000000E+00
    8816   1.0000000000E+00
    8817   1.0000000000E+00
    8818   1.0000000000E+00
    8819   1.0000000000E+00
    8820   1.0000000000E+00
    8821   1.0000000000E+00
    8822   1.0000000000E+00
    8823   1.0000000000E+00
    8824   1.0000000000E+00
    8825   1.0000000000E+00
    8826   1.0000000000E+00
    8827   1.0000000000E+00
    8828   1.0000000000E+00
    8829   1.0000000000E+00
    8830   1.0000000000E+00
    8831   1.0000000000E+00
    8832   1.0000000000E+00
    8833   1.0000000000E+00
    8834   1.0000000000E+00
    8835   1.0000000000E+00
    8836   1.0000000000E+00
    8837   1.0000000000E+00
    8838   1.0000000000E+00
    8839   1.0000000000E+00
    8840   1.0000000000E+00
    8841   1.0000000000E+00
    8842   1.0000000000E+00
    8843   1.0000000000E+00
    8844   1.0000000000E+00
    8845   1.0000000000E+00
    8846   1.0000000000E+00
    8847   1.0000000000E+00
    8848   1.0000000000E+00
    8849   1.0000000000E+00
    8850   1.0000000000E+00
    8851   1.0000000000E+00
    8852   1.0000000000E+00
    8853   1.0000000000E+00
    8854   1.0000000000E+00
    8855   1.0000000000E+00
    8856   1.0000000000E+00
    8857   1.0000000000E+00
    8858   1.0000000000E+00
    8859   1.0000000000E+00
    8860   1.0000000000E+00
    8861   1.0000000000E+00
    8862   1.0000000000E+00
    8863   1.0000000000E+00
    8864   1.0000000000E+00
    8865   1.0000000000E+00
    8866   1.0000000000E+00
    8867   1.0000000000E+00
    8868   1.0000000000E+00
    8869   1.0000000000E+00
    8870   1.0000000000E+00
    8871   1.0000000000E+00
    8872   1.0000000000E+00
    8873   1.0000000000E+00
    8874   1.0000000000E+00
    8875   1.0000000000E+00
    8876   1.0000000000E+00
    8877   1.0000000000E+00
    8878   1.0000000000E+00
    8879   1.0000000000E+00
    8880   1.0000000000E+00
    8881   1.0000000000E+00
    8882   1.0000000000E+00
    8883   1.0000000000E+00
    8884   1.0000000000E+00
    8885   1.0000000000E+00
    8886   1.0000000000E+00
    8887   1.0000000000E+00
    8888   1.0000000000E+00
    8889   1.0000000000E+00
    8890   1.0000000000E+00
    8891   1.0000000000E+00
    8892   1.0000000000E+00
    8893   1.0000000000E+00
    8894   1.0000000000E+00
    8895   1.0000000000E+00
    8896   1.0000000000E+00
    8897   1.0000000000E+00
    8898   1.0000000000E+00
    8899   1.0000000000E+00
    8900   1.0000000000E+00
    8901   1.0000000000E+00
    8902   1.0000000000E+00
    8903   1.0000000000E+00
    8904   1.0000000000E+00
    8905   1.0000000000E+00
    8906   1.0000000000E+00
    8907   1.0000000000E+00
    8908   1.0000000000E+00
    8909   1.0000000000E+00
    8910   1.0000000000E+00
    8911   1.0000000000E+00
    8912   1.0000000000E+00
    8913   1.0000000000E+00
    8914   1.0000000000E+00
    8915   1.0000000000E+00
    8916   1.0000000000E+00
    8917   1.0000000000E+00
    8918   1.0000000000E+00
    8919   1.0000000000E+00
    8920   1.0000000000E+00
    8921   1.0000000000E+00
    8922   1.0000000000E+00
    8923   1.0000000000E+00
    8924   1.0000000000E+00
    8925   1.0000000000E+00
    8926   1.0000000000E+00
    8927   1.0000000000E+00
    8928   1.0000000000E+00
    8929   1.0000000000E+00
    8930   1.0000000000E+00
    8931   1.0000000000E+00
    8932   1.0000000000E+00
    8933   1.0000000000E+00
    8934   1.0000000000E+00
    8935   1.0000000000E+00
    8936   1.0000000000E+00
    8937   1.0000000000E+00
    8938   1.0000000000E+00
    8939   1.0000000000E+00
    8940   1.0000000000E+00
    8941   1.0000000000E+00
    8942   1.0000000000E+00
    8943   1.0000000000E+00
    8944   1.0000000000E+00
    8945   1.0000000000E+00
    8946   1.0000000000E+00
    8947   1.0000000000E+00
    8948   1.0000000000E+00
    8949   1.0000000000E+00
    8950   1.0000000000E+00
    8951   1.0000000000E+00
    8952   1.0000000000E+00
    8953   1.0000000000E+00
    8954   1.0000000000E+00
    8955   1.0000000000E+00
    8956   1.0000000000E+00
    8957   1.0000000000E+00
    8958   1.0000000000E+00
    8959   1.0000000000E+00
    8960   1.0000000000E+00
    8961   1.0000000000E+00
    8962   1.0000000000E+00
    8963   1.0000000000E+00
    8964   1.0000000000E+00
    8965   1.0000000000E+00
    8966   1.0000000000E+00
    8967   1.0000000000E+00
    8968   1.0000000000E+00
    8969   1.0000000000E+00
    8970   1.0000000000E+00
    8971   1.0000000000E+00
    8972   1.0000000000E+00
    8973   1.0000000000E+00
    8974   1.0000000000E+00
    8975   1.0000000000E+00
    8976   1.0000000000E+00
    8977   1.0000000000E+00
    8978   1.0000000000E+00
    8979   1.0000000000E+00
    8980   1.0000000000E+00
    8981   1.0000000000E+00
    8982   1.0000000000E+00
    8983   1.0000000000E+00
    8984   1.0000000000E+00
    8985   1.0000000000E+00
    8986   1.0000000000E+00
    8987   1.0000000000E+00
    8988   1.0000000000E+00
    8989   1.0000000000E+00
    8990   1.0000000000E+00
    8991   1.0000000000E+00
    8992   1.0000000000E+00
    8993   1.0000000000E+00
    8994   1.0000000000E+00
    8995   1.0000000000E+00
    8996   1.0000000000E+00
    8997   1.0000000000E+00
    8998   1.0000000000E+00
    8999   1.0000000000E+00
    9000   1.0000000000E+00
    9001   1.0000000000E+00
    9002   1.0000000000E+00
    9003   1.0000000000E+00
    9004   1.0000000000E+00
    9005   1.0000000000E+00
    9006   1.0000000000E+00
    9007   1.0000000000E+00
    9008   1.0000000000E+00
    9009   1.0000000000E+00
    9010   1.0000000000E+00
    9011   1.0000000000E+00
    9012   1.0000000000E+00
    9013   1.0000000000E+00
    9014   1.0000000000E+00
    9015   1.0000000000E+00
    9016   1.0000000000E+00
    9017   1.0000000000E+00
    9018   1.0000000000E+00
    9019   1.0000000000E+00
    9020   1.0000000000E+00
    9021   1.0000000000E+00
    9022   1.0000000000E+00
    9023   1.0000000000E+00
    9024   1.0000000000E+00
    9025   1.0000000000E+00
    9026   1.0000000000E+00
    9027   1.0000000000E+00
    9028   1.0000000000E+00
    9029   1.0000000000E+00
    9030   1.0000000000E+00
    9031   1.0000000000E+00
    9032   1.0000000000E+00
    9033   1.0000000000E+00
    9034   1.0000000000E+00
    9035   1.0000000000E+00
    9036   1.0000000000E+00
    9037   1.0000000000E+00
    9038   1.0000000000E+00
    9039   1.0000000000E+00
    9040   1.0000000000E+00
    9041   1.0000000000E+00
    9042   1.0000000000E+00
    9043   1.0000000000E+00
    9044   1.0000000000E+00
    9045   1.0000000000E+00
    9046   1.0000000000E+00
    9047   1.0000000000E+00
    9048   1.0000000000E+00
    9049   1.0000000000E+00
    9050   1.0000000000E+00
    9051   1.0000000000E+00
    9052   1.0000000000E+00
    9053   1.0000000000E+00
    9054   1.0000000000E+00
    9055   1.0000000000E+00
    9056   1.0000000000E+00
    9057   1.0000000000E+00
    9058   1.0000000000E+00
    9059   1.0000000000E+00
    9060   1.0000000000E+00
    9061   1.0000000000E+00
    9062   1.0000000000E+00
    9063   1.0000000000E+00
    9064   1.0000000000E+00
    9065   1.0000000000E+00
    9066   1.0000000000E+00
    9067   1.0000000000E+00
    9068   1.0000000000E+00
    9069   1.0000000000E+00
    9070   1.0000000000E+00
    9071   1.0000000000E+00
    9072   1.0000000000E+00
    9073   1.0000000000E+00
    9074   1.0000000000E+00
    9075   1.0000000000E+00
    9076   1.0000000000E+00
    9077   1.0000000000E+00
    9078   1.0000000000E+00
    9079   1.0000000000E+00
    9080   1.0000000000E+00
    9081   1.0000000000E+00
    9082   1.0000000000E+00
    9083   1.0000000000E+00
    9084   1.0000000000E+00
    9085   1.0000000000E+00
    9086   1.0000000000E+00
    9087   1.0000000000E+00
    9088   1.0000000000E+00
    9089   1.0000000000E+00
    9090   1.0000000000E+00
    9091   1.0000000000E+00
    9092   1.0000000000E+00
    9093   1.0000000000E+00
    9094   1.0000000000E+00
    9095   1.0000000000E+00
    9096   1.0000000000E+00
    9097   1.0000000000E+00
    9098   1.0000000000E+00
    9099   1.0000000000E+00
    9100   1.0000000000E+00
    9101   1.0000000000E+00
    9102   1.0000000000E+00
    9103   1.0000000000E+00
    9104   1.0000000000E+00
    9105   1.0000000000E+00
    9106   1.0000000000E+00
    9107   1.0000000000E+00
    9108   1.0000000000E+00
    9109   1.0000000000E+00
    9110   1.0000000000E+00
    9111   1.0000000000E+00
    9112   1.0000000000E+00
    9113   1.0000000000E+00
    9114   1.0000000000E+00
    9115   1.0000000000E+00
    9116   1.0000000000E+00
    9117   1.0000000000E+00
    9118   1.0000000000E+00
    9119   1.0000000000E+00
    9120   1.0000000000E+00
    9121   1.0000000000E+00
    9122   1.0000000000E+00
    9123   1.0000000000E+00
    9124   1.0000000000E+00
    9125   1.0000000000E+00
    9126   1.0000000000E+00
    9127   1.0000000000E+00
    9128   1.0000000000E+00
    9129   1.0000000000E+00
    9130   1.0000000000E+00
    9131   1.0000000000E+00
    9132   1.0000000000E+00
    9133   1.0000000000E+00
    9134   1.0000000000E+00
    9135   1.0000000000E+00
    9136   1.0000000000E+00
    9137   1.0000000000E+00
    9138   1.0000000000E+00
    9139   1.0000000000E+00
    9140   1.0000000000E+00
    9141   1.0000000000E+00
    9142   1.0000000000E+00
    9143   1.0000000000E+00
    9144   1.0000000000E+00
    9145   1.0000000000E+00
    9146   1.0000000000E+00
    9147   1.0000000000E+00
    9148   1.0000000000E+00
    9149   1.0000000000E+00
    9150   1.0000000000E+00
    9151   1.0000000000E+00
    9152   1.0000000000E+00
    9153   1.0000000000E+00
    9154   1.0000000000E+00
    9155   1.0000000000E+00
    9156   1.0000000000E+00
    9157   1.0000000000E+00
    9158   1.0000000000E+00
    9159   1.0000000000E+00
    9160   1.0000000000E+00
    9161   1.0000000000E+00
    9162   1.0000000000E+00
    9163   1.0000000000E+00
    9164   1.0000000000E+00
    9165   1.0000000000E+00
    9166   1.0000000000E+00
    9167   1.0000000000E+00
    9168   1.0000000000E+00
    9169   1.0000000000E+00
    9170   1.0000000000E+00
    9171   1.0000000000E+00
    9172   1.0000000000E+00
    9173   1.0000000000E+00
    9174   1.0000000000E+00
    9175   1.0000000000E+00
    9176   1.0000000000E+00
    9177   1.0000000000E+00
    9178   1.0000000000E+00
    9179   1.0000000000E+00
    9180   1.0000000000E+00
    9181   1.0000000000E+00
    9182   1.0000000000E+00
    9183   1.0000000000E+00
    9184   1.0000000000E+00
    9185   1.0000000000E+00
    9186   1.0000000000E+00
    9187   1.0000000000E+00
    9188   1.0000000000E+00
    9189   1.0000000000E+00
    9190   1.0000000000E+00
    9191   1.0000000000E+00
    9192   1.0000000000E+00
    9193   1.0000000000E+00
    9194   1.0000000000E+00
    9195   1.0000000000E+00
    9196   1.0000000000E+00
    9197   1.0000000000E+00
    9198   1.0000000000E+00
    9199   1.0000000000E+00
    9200   1.0000000000E+00
    9201   1.0000000000E+00
    9202   1.0000000000E+00
    9203   1.0000000000E+00
    9204   1.0000000000E+00
    9205   1.0000000000E+00
    9206   1.0000000000E+00
    9207   1.0000000000E+00
    9208   1.0000000000E+00
    9209   1.0000000000E+00
    9210   1.0000000000E+00
    9211   1.0000000000E+00
    9212   1.0000000000E+00
    9213   1.0000000000E+00
    9214   1.0000000000E+00
    9215   1.0000000000E+00
    9216   1.0000000000E+00
    9217   1.0000000000E+00
    9218   1.0000000000E+00
    9219   1.0000000000E+00
    9220   1.0000000000E+00
    9221   1.0000000000E+00
    9222   1.0000000000E+00
    9223   1.0000000000E+00
    9224   1.0000000000E+00
    9225   1.0000000000E+00
    9226   1.0000000000E+00
    9227   1.0000000000E+00
    9228   1.0000000000E+00
    9229   1.0000000000E+00
    9230   1.0000000000E+00
    9231   1.0000000000E+00
    9232   1.0000000000E+00
    9233   1.0000000000E+00
    9234   1.0000000000E+00
    9235   1.0000000000E+00
    9236   1.0000000000E+00
    9237   1.0000000000E+00
    9238   1.0000000000E+00
    9239   1.0000000000E+00
    9240   1.0000000000E+00
    9241   1.0000000000E+00
    9242   1.0000000000E+00
    9243   1.0000000000E+00
    9244   1.0000000000E+00
    9245   1.0000000000E+00
    9246   1.0000000000E+00
    9247   1.0000000000E+00
    9248   1.0000000000E+00
    9249   1.0000000000E+00
    9250   1.0000000000E+00
    9251   1.0000000000E+00
    9252   1.0000000000E+00
    9253   1.0000000000E+00
    9254   1.0000000000E+00
    9255   1.0000000000E+00
    9256   1.0000000000E+00
    9257   1.0000000000E+00
    9258   1.0000000000E+00
    9259   1.0000000000E+00
    9260   1.0000000000E+00
    9261   1.0000000000E+00
    9262   1.0000000000E+00
    9263   1.0000000000E+00
    9264   1.0000000000E+00
    9265   1.0000000000E+00
    9266   1.0000000000E+00
    9267   1.0000000000E+00
    9268   1.0000000000E+00
    9269   1.0000000000E+00
    9270   1.0000000000E+00
    9271   1.0000000000E+00
    9272   1.0000000000E+00
    9273   1.0000000000E+00
    9274   1.0000000000E+00
    9275   1.0000000000E+00
    9276   1.0000000000E+00
    9277   1.0000000000E+00
    9278   1.0000000000E+00
    9279   1.0000000000E+00
    9280   1.0000000000E+00
    9281   1.0000000000E+00
    9282   1.0000000000E+00
    9283   1.0000000000E+00
    9284   1.0000000000E+00
    9285   1.0000000000E+00
    9286   1.0000000000E+00
    9287   1.0000000000E+00
    9288   1.0000000000E+00
    9289   1.0000000000E+00
    9290   1.0000000000E+00
    9291   1.0000000000E+00
    9292   1.0000000000E+00
    9293   1.0000000000E+00
    9294   1.0000000000E+00
    9295   1.0000000000E+00
    9296   1.0000000000E+00
    9297   1.0000000000E+00
    9298   1.0000000000E+00
    9299   1.0000000000E+00
    9300   1.0000000000E+00
    9301   1.0000000000E+00
    9302   1.0000000000E+00
    9303   1.0000000000E+00
    9304   1.0000000000E+00
    9305   1.0000000000E+00
    9306   1.0000000000E+00
    9307   1.0000000000E+00
    9308   1.0000000000E+00
    9309   1.0000000000E+00
    9310   1.0000000000E+00
    9311   1.0000000000E+00
    9312   1.0000000000E+00
    9313   1.0000000000E+00
    9314   1.0000000000E+00
    9315   1.0000000000E+00
    9316   1.0000000000E+00
    9317   1.0000000000E+00
    9318   1.0000000000E+00
    9319   1.0000000000E+00
    9320   1.0000000000E+00
    9321   1.0000000000E+00
    9322   1.0000000000E+00
    9323   1.0000000000E+00
    9324   1.0000000000E+00
    9325   1.0000000000E+00
    9326   1.0000000000E+00
    9327   1.0000000000E+00
    9328   1.0000000000E+00
    9329   1.0000000000E+00
    9330   1.0000000000E+00
    9331   1.0000000000E+00
    9332   1.0000000000E+00
    9333   1.0000000000E+00
    9334   1.0000000000E+00
    9335   1.0000000000E+00
    9336   1.0000000000E+00
    9337   1.0000000000E+00
    9338   1.0000000000E+00
    9339   1.0000000000E+00
    9340   1.0000000000E+00
    9341   1.0000000000E+00
    9342   1.0000000000E+00
    9343   1.0000000000E+00
    9344   1.0000000000E+00
    9345   1.0000000000E+00
    9346   1.0000000000E+00
    9347   1.0000000000E+00
    9348   1.0000000000E+00
    9349   1.0000000000E+00
    9350   1.0000000000E+00
    9351   1.0000000000E+00
    9352   1.0000000000E+00
    9353   1.0000000000E+00
    9354   1.0000000000E+00
    9355   1.0000000000E+00
    9356   1.0000000000E+00
    9357   1.0000000000E+00
    9358   1.0000000000E+00
    9359   1.0000000000E+00
    9360   1.0000000000E+00
    9361   1.0000000000E+00
    9362   1.0000000000E+00
    9363   1.0000000000E+00
    9364   1.0000000000E+00
    9365   1.0000000000E+00
    9366   1.0000000000E+00
    9367   1.0000000000E+00
    9368   1.0000000000E+00
    9369   1.0000000000E+00
    9370   1.0000000000E+00
    9371   1.0000000000E+00
    9372   1.0000000000E+00
    9373   1.0000000000E+00
    9374   1.0000000000E+00
    9375   1.0000000000E+00
    9376   1.0000000000E+00
    9377   1.0000000000E+00
    9378   1.0000000000E+00
    9379   1.0000000000E+00
    9380   1.0000000000E+00
    9381   1.0000000000E+00
    9382   1.0000000000E+00
    9383   1.0000000000E+00
    9384   1.0000000000E+00
    9385   1.0000000000E+00
    9386   1.0000000000E+00
    9387   1.0000000000E+00
    9388   1.0000000000E+00
    9389   1.0000000000E+00
    9390   1.0000000000E+00
    9391   1.0000000000E+00
    9392   1.0000000000E+00
    9393   1.0000000000E+00
    9394   1.0000000000E+00
    9395   1.0000000000E+00
    9396   1.0000000000E+00
    9397   1.0000000000E+00
    9398   1.0000000000E+00
    9399   1.0000000000E+00
    9400   1.0000000000E+00
    9401   1.0000000000E+00
    9402   1.0000000000E+00
    9403   1.0000000000E+00
    9404   1.0000000000E+00
    9405   1.0000000000E+00
    9406   1.0000000000E+00
    9407   1.0000000000E+00
    9408   1.0000000000E+00
    9409   1.0000000000E+00
    9410   1.0000000000E+00
    9411   1.0000000000E+00
    9412   1.0000000000E+00
    9413   1.0000000000E+00
    9414   1.0000000000E+00
    9415   1.0000000000E+00
    9416   1.0000000000E+00
    9417   1.0000000000E+00
    9418   1.0000000000E+00
    9419   1.0000000000E+00
    9420   1.0000000000E+00
    9421   1.0000000000E+00
    9422   1.0000000000E+00
    9423   1.0000000000E+00
    9424   1.0000000000E+00
    9425   1.0000000000E+00
    9426   1.0000000000E+00
    9427   1.0000000000E+00
    9428   1.0000000000E+00
    9429   1.0000000000E+00
    9430   1.0000000000E+00
    9431   1.0000000000E+00
    9432   1.0000000000E+00
    9433   1.0000000000E+00
    9434   1.0000000000E+00
    9435   1.0000000000E+00
    9436   1.0000000000E+00
    9437   1.0000000000E+00
    9438   1.0000000000E+00
    9439   1.0000000000E+00
    9440   1.0000000000E+00
    9441   1.0000000000E+00
    9442   1.0000000000E+00
    9443   1.0000000000E+00
    9444   1.0000000000E+00
    9445   1.0000000000E+00
    9446   1.0000000000E+00
    9447   1.0000000000E+00
    9448   1.0000000000E+00
    9449   1.0000000000E+00
    9450   1.0000000000E+00
    9451   1.0000000000E+00
    9452   1.0000000000E+00
    9453   1.0000000000E+00
    9454   1.0000000000E+00
    9455   1.0000000000E+00
    9456   1.0000000000E+00
    9457   1.0000000000E+00
    9458   1.0000000000E+00
    9459   1.0000000000E+00
    9460   1.0000000000E+00
    9461   1.0000000000E+00
    9462   1.0000000000E+00
    9463   1.0000000000E+00
    9464   1.0000000000E+00
    9465   1.0000000000E+00
    9466   1.0000000000E+00
    9467   1.0000000000E+00
    9468   1.0000000000E+00
    9469   1.0000000000E+00
    9470   1.0000000000E+00
    9471   1.0000000000E+00
    9472   1.0000000000E+00
    9473   1.0000000000E+00
    9474   1.0000000000E+00
    9475   1.0000000000E+00
    9476   1.0000000000E+00
    9477   1.0000000000E+00
    9478   1.0000000000E+00
    9479   1.0000000000E+00
    9480   1.0000000000E+00
    9481   1.0000000000E+00
    9482   1.0000000000E+00
    9483   1.0000000000E+00
    9484   1.0000000000E+00
    9485   1.0000000000E+00
    9486   1.0000000000E+00
    9487   1.0000000000E+00
    9488   1.0000000000E+00
    9489   1.0000000000E+00
    9490   1.0000000000E+00
    9491   1.0000000000E+00
    9492   1.0000000000E+00
    9493   1.0000000000E+00
    9494   1.0000000000E+00
    9495   1.0000000000E+00
    9496   1.0000000000E+00
    9497   1.0000000000E+00
    9498   1.0000000000E+00
    9499   1.0000000000E+00
    9500   1.0000000000E+00
    9501   1.0000000000E+00
    9502   1.0000000000E+00
    9503   1.0000000000E+00
    9504   1.0000000000E+00
    9505   1.0000000000E+00
    9506   1.0000000000E+00
    9507   1.0000000000E+00
    9508   1.0000000000E+00
    9509   1.0000000000E+00
    9510   1.0000000000E+00
    9511   1.0000000000E+00
    9512   1.0000000000E+00
    9513   1.0000000000E+00
    9514   1.0000000000E+00
    9515   1.0000000000E+00
    9516   1.0000000000E+00
    9517   1.0000000000E+00
    9518   1.0000000000E+00
    9519   1.0000000000E+00
    9520   1.0000000000E+00
    9521   1.0000000000E+00
    9522   1.0000000000E+00
    9523   1.0000000000E+00
    9524   1.0000000000E+00
    9525   1.0000000000E+00
    9526   1.0000000000E+00
    9527   1.0000000000E+00
    9528   1.0000000000E+00
    9529   1.0000000000E+00
    9530   1.0000000000E+00
    9531   1.0000000000E+00
    9532   1.0000000000E+00
    9533   1.0000000000E+00
    9534   1.0000000000E+00
    9535   1.0000000000E+00
    9536   1.0000000000E+00
    9537   1.0000000000E+00
    9538   1.0000000000E+00
    9539   1.0000000000E+00
    9540   1.0000000000E+00
    9541   1.0000000000E+00
    9542   1.0000000000E+00
    9543   1.0000000000E+00
    9544   1.0000000000E+00
    9545   1.0000000000E+00
    9546   1.0000000000E+00
    9547   1.0000000000E+00
    9548   1.0000000000E+00
    9549   1.0000000000E+00
    9550   1.0000000000E+00
    9551   1.0000000000E+00
    9552   1.0000000000E+00
    9553   1.0000000000E+00
    9554   1.0000000000E+00
    9555   1.0000000000E+00
    9556   1.0000000000E+00
    9557   1.0000000000E+00
    9558   1.0000000000E+00
    9559   1.0000000000E+00
    9560   1.0000000000E+00
    9561   1.0000000000E+00
    9562   1.0000000000E+00
    9563   1.0000000000E+00
    9564   1.0000000000E+00
    9565   1.0000000000E+00
    9566   1.0000000000E+00
    9567   1.0000000000E+00
    9568   1.0000000000E+00
    9569   1.0000000000E+00
    9570   1.0000000000E+00
    9571   1.0000000000E+00
    9572   1.0000000000E+00
    9573   1.0000000000E+00
    9574   1.0000000000E+00
    9575   1.0000000000E+00
    9576   1.0000000000E+00
    9577   1.0000000000E+00
    9578   1.0000000000E+00
    9579   1.0000000000E+00
    9580   1.0000000000E+00
    9581   1.0000000000E+00
    9582   1.0000000000E+00
    9583   1.0000000000E+00
    9584   1.0000000000E+00
    9585   1.0000000000E+00
    9586   1.0000000000E+00
    9587   1.0000000000E+00
    9588   1.0000000000E+00
    9589   1.0000000000E+00
    9590   1.0000000000E+00
    9591   1.0000000000E+00
    9592   1.0000000000E+00
    9593   1.0000000000E+00
    9594   1.0000000000E+00
    9595   1.0000000000E+00
    9596   1.0000000000E+00
    9597   1.0000000000E+00
    9598   1.0000000000E+00
    9599   1.0000000000E+00
    9600   1.0000000000E+00
    9601   1.0000000000E+00
    9602   1.0000000000E+00
    9603   1.0000000000E+00
    9604   1.0000000000E+00
    9605   1.0000000000E+00
    9606   1.0000000000E+00
    9607   1.0000000000E+00
    9608   1.0000000000E+00
    9609   1.0000000000E+00
    9610   1.0000000000E+00
    9611   1.0000000000E+00
    9612   1.0000000000E+00
    9613   1.0000000000E+00
    9614   1.0000000000E+00
    9615   1.0000000000E+00
    9616   1.0000000000E+00
    9617   1.0000000000E+00
    9618   1.0000000000E+00
    9619   1.0000000000E+00
    9620   1.0000000000E+00
    9621   1.0000000000E+00
    9622   1.0000000000E+00
    9623   1.0000000000E+00
    9624   1.0000000000E+00
    9625   1.0000000000E+00
    9626   1.0000000000E+00
    9627   1.0000000000E+00
    9628   1.0000000000E+00
    9629   1.0000000000E+00
    9630   1.0000000000E+00
    9631   1.0000000000E+00
    9632   1.0000000000E+00
    9633   1.0000000000E+00
    9634   1.0000000000E+00
    9635   1.0000000000E+00
    9636   1.0000000000E+00
    9637   1.0000000000E+00
    9638   1.0000000000E+00
    9639   1.0000000000E+00
    9640   1.0000000000E+00
    9641   1.0000000000E+00
    9642   1.0000000000E+00
    9643   1.0000000000E+00
    9644   1.0000000000E+00
    9645   1.0000000000E+00
    9646   1.0000000000E+00
    9647   1.0000000000E+00
    9648   1.0000000000E+00
    9649   1.0000000000E+00
    9650   1.0000000000E+00
    9651   1.0000000000E+00
    9652   1.0000000000E+00
    9653   1.0000000000E+00
    9654   1.0000000000E+00
    9655   1.0000000000E+00
    9656   1.0000000000E+00
    9657   1.0000000000E+00
    9658   1.0000000000E+00
    9659   1.0000000000E+00
    9660   1.0000000000E+00
    9661   1.0000000000E+00
    9662   1.0000000000E+00
    9663   1.0000000000E+00
    9664   1.0000000000E+00
    9665   1.0000000000E+00
    9666   1.0000000000E+00
    9667   1.0000000000E+00
    9668   1.0000000000E+00
    9669   1.0000000000E+00
    9670   1.0000000000E+00
    9671   1.0000000000E+00
    9672   1.0000000000E+00
    9673   1.0000000000E+00
    9674   1.0000000000E+00
    9675   1.0000000000E+00
    9676   1.0000000000E+00
    9677   1.0000000000E+00
    9678   1.0000000000E+00
    9679   1.0000000000E+00
    9680   1.0000000000E+00
    9681   1.0000000000E+00
    9682   1.0000000000E+00
    9683   1.0000000000E+00
    9684   1.0000000000E+00
    9685   1.0000000000E+00
    9686   1.0000000000E+00
    9687   1.0000000000E+00
    9688   1.0000000000E+00
    9689   1.0000000000E+00
    9690   1.0000000000E+00
    9691   1.0000000000E+00
    9692   1.0000000000E+00
    9693   1.0000000000E+00
    9694   1.0000000000E+00
    9695   1.0000000000E+00
    9696   1.0000000000E+00
    9697   1.0000000000E+00
    9698   1.0000000000E+00
    9699   1.0000000000E+00
    9700   1.0000000000E+00
    9701   1.0000000000E+00
    9702   1.0000000000E+00
    9703   1.0000000000E+00
    9704   1.0000000000E+00
    9705   1.0000000000E+00
    9706   1.0000000000E+00
    9707   1.0000000000E+00
    9708   1.0000000000E+00
    9709   1.0000000000E+00
    9710   1.0000000000E+00
    9711   1.0000000000E+00
    9712   1.0000000000E+00
    9713   1.0000000000E+00
    9714   1.0000000000E+00
    9715   1.0000000000E+00
    9716   1.0000000000E+00
    9717   1.0000000000E+00
    9718   1.0000000000E+00
    9719   1.0000000000E+00
    9720   1.0000000000E+00
    9721   1.0000000000E+00
    9722   1.0000000000E+00
    9723   1.0000000000E+00
    9724   1.0000000000E+00
    9725   1.0000000000E+00
    9726   1.0000000000E+00
    9727   1.0000000000E+00
    9728   1.0000000000E+00
    9729   1.0000000000E+00
    9730   1.0000000000E+00
    9731   1.0000000000E+00
    9732   1.0000000000E+00
    9733   1.0000000000E+00
    9734   1.0000000000E+00
    9735   1.0000000000E+00
    9736   1.0000000000E+00
    9737   1.0000000000E+00
    9738   1.0000000000E+00
    9739   1.0000000000E+00
    9740   1.0000000000E+00
    9741   1.0000000000E+00
    9742   1.0000000000E+00
    9743   1.0000000000E+00
    9744   1.0000000000E+00
    9745   1.0000000000E+00
    9746   1.0000000000E+00
    9747   1.0000000000E+00
    9748   1.0000000000E+00
    9749   1.0000000000E+00
    9750   1.0000000000E+00
    9751   1.0000000000E+00
    9752   1.0000000000E+00
    9753   1.0000000000E+00
    9754   1.0000000000E+00
    9755   1.0000000000E+00
    9756   1.0000000000E+00
    9757   1.0000000000E+00
    9758   1.0000000000E+00
    9759   1.0000000000E+00
    9760   1.0000000000E+00
    9761   1.0000000000E+00
    9762   1.0000000000E+00
    9763   1.0000000000E+00
    9764   1.0000000000E+00
    9765   1.0000000000E+00
    9766   1.0000000000E+00
    9767   1.0000000000E+00
    9768   1.0000000000E+00
    9769   1.0000000000E+00
    9770   1.0000000000E+00
    9771   1.0000000000E+00
    9772   1.0000000000E+00
    9773   1.0000000000E+00
    9774   1.0000000000E+00
    9775   1.0000000000E+00
    9776   1.0000000000E+00
    9777   1.0000000000E+00
    9778   1.0000000000E+00
    9779   1.0000000000E+00
    9780   1.0000000000E+00
    9781   1.0000000000E+00
    9782   1.0000000000E+00
    9783   1.0000000000E+00
    9784   1.0000000000E+00
    9785   1.0000000000E+00
    9786   1.0000000000E+00
    9787   1.0000000000E+00
    9788   1.0000000000E+00
    9789   1.0000000000E+00
    9790   1.0000000000E+00
    9791   1.0000000000E+00
    9792   1.0000000000E+00
    9793   1.0000000000E+00
    9794   1.0000000000E+00
    9795   1.0000000000E+00
    9796   1.0000000000E+00
    9797   1.0000000000E+00
    9798   1.0000000000E+00
    9799   1.0000000000E+00
    9800   1.0000000000E+00
    9801   1.0000000000E+00
    9802   1.0000000000E+00
    9803   1.0000000000E+00
    9804   1.0000000000E+00
    9805   1.0000000000E+00
    9806   1.0000000000E+00
    9807   1.0000000000E+00
    9808   1.0000000000E+00
    9809   1.0000000000E+00
    9810   1.0000000000E+00
    9811   1.0000000000E+00
    9812   1.0000000000E+00
    9813   1.0000000000E+00
    9814   1.0000000000E+00
    9815   1.0000000000E+00
    9816   1.0000000000E+00
    9817   1.0000000000E+00
    9818   1.0000000000E+00
    9819   1.0000000000E+00
    9820   1.0000000000E+00
    9821   1.0000000000E+00
    9822   1.0000000000E+00
    9823   1.0000000000E+00
    9824   1.0000000000E+00
    9825   1.0000000000E+00
    9826   1.0000000000E+00
    9827   1.0000000000E+00
    9828   1.0000000000E+00
    9829   1.0000000000E+00
    9830   1.0000000000E+00
    9831   1.0000000000E+00
    9832   1.0000000000E+00
    9833   1.0000000000E+00
    9834   1.0000000000E+00
    9835   1.0000000000E+00
    9836   1.0000000000E+00
    9837   1.0000000000E+00
    9838   1.0000000000E+00
    9839   1.0000000000E+00
    9840   1.0000000000E+00
    9841   1.0000000000E+00
    9842   1.0000000000E+00
    9843   1.0000000000E+00
    9844   1.0000000000E+00
    9845   1.0000000000E+00
    9846   1.0000000000E+00
    9847   1.0000000000E+00
    9848   1.0000000000E+00
    9849   1.0000000000E+00
    9850   1.0000000000E+00
    9851   1.0000000000E+00
    9852   1.0000000000E+00
    9853   1.0000000000E+00
    9854   1.0000000000E+00
    9855   1.0000000000E+00
    9856   1.0000000000E+00
    9857   1.0000000000E+00
    9858   1.0000000000E+00
    9859   1.0000000000E+00
    9860   1.0000000000E+00
    9861   1.0000000000E+00
    9862   1.0000000000E+00
    9863   1.0000000000E+00
    9864   1.0000000000E+00
    9865   1.0000000000E+00
    9866   1.0000000000E+00
    9867   1.0000000000E+00
    9868   1.0000000000E+00
    9869   1.0000000000E+00
    9870   1.0000000000E+00
    9871   1.0000000000E+00
    9872   1.0000000000E+00
    9873   1.0000000000E+00
    9874   1.0000000000E+00
    9875   1.0000000000E+00
    9876   1.0000000000E+00
    9877   1.0000000000E+00
    9878   1.0000000000E+00
    9879   1.0000000000E+00
    9880   1.0000000000E+00
    9881   1.0000000000E+00
    9882   1.0000000000E+00
    9883   1.0000000000E+00
    9884   1.0000000000E+00
    9885   1.0000000000E+00
    9886   1.0000000000E+00
    9887   1.0000000000E+00
    9888   1.0000000000E+00
    9889   1.0000000000E+00
    9890   1.0000000000E+00
    9891   1.0000000000E+00
    9892   1.0000000000E+00
    9893   1.0000000000E+00
    9894   1.0000000000E+00
    9895   1.0000000000E+00
    9896   1.0000000000E+00
    9897   1.0000000000E+00
    9898   1.0000000000E+00
    9899   1.0000000000E+00
    9900   1.0000000000E+00
    9901   1.0000000000E+00
    9902   1.0000000000E+00
    9903   1.0000000000E+00
    9904   1.0000000000E+00
    9905   1.0000000000E+00
    9906   1.0000000000E+00
    9907   1.0000000000E+00
    9908   1.0000000000E+00
    9909   1.0000000000E+00
    9910   1.0000000000E+00
    9911   1.0000000000E+00
    9912   1.0000000000E+00
    9913   1.0000000000E+00
    9914   1.0000000000E+00
    9915   1.0000000000E+00
    9916   1.0000000000E+00
    9917   1.0000000000E+00
    9918   1.0000000000E+00
    9919   1.0000000000E+00
    9920   1.0000000000E+00
    9921   1.0000000000E+00
    9922   1.0000000000E+00
    9923   1.0000000000E+00
    9924   1.0000000000E+00
    9925   1.0000000000E+00
    9926   1.0000000000E+00
    9927   1.0000000000E+00
    9928   1.0000000000E+00
    9929   1.0000000000E+00
    9930   1.0000000000E+00
    9931   1.0000000000E+00
    9932   1.0000000000E+00
    9933   1.0000000000E+00
    9934   1.0000000000E+00
    9935   1.0000000000E+00
    9936   1.0000000000E+00
    9937   1.0000000000E+00
    9938   1.0000000000E+00
    9939   1.0000000000E+00
    9940   1.0000000000E+00
    9941   1.0000000000E+00
    9942   1.0000000000E+00
    9943   1.0000000000E+00
    9944   1.0000000000E+00
    9945   1.0000000000E+00
    9946   1.0000000000E+00
    9947   1.0000000000E+00
    9948   1.0000000000E+00
    9949   1.0000000000E+00
    9950   1.0000000000E+00
    9951   1.0000000000E+00
    9952   1.0000000000E+00
    9953   1.0000000000E+00
    9954   1.0000000000E+00
    9955   1.0000000000E+00
    9956   1.0000000000E+00
    9957   1.0000000000E+00
    9958   1.0000000000E+00
    9959   1.0000000000E+00
    9960   1.0000000000E+00
    9961   1.0000000000E+00
    9962   1.0000000000E+00
    9963   1.0000000000E+00
    9964   1.0000000000E+00
    9965   1.0000000000E+00
    9966   1.0000000000E+00
    9967   1.0000000000E+00
    9968   1.0000000000E+00
    9969   1.0000000000E+00
    9970   1.0000000000E+00
    9971   1.0000000000E+00
    9972   1.0000000000E+00
    9973   1.0000000000E+00
    9974   1.0000000000E+00
    9975   1.0000000000E+00
    9976   1.0000000000E+00
    9977   1.0000000000E+00
    9978   1.0000000000E+00
    9979   1.0000000000E+00
    9980   1.0000000000E+00
    9981   1.0000000000E+00
    9982   1.0000000000E+00
    9983   1.0000000000E+00
    9984   1.0000000000E+00
    9985   1.0000000000E+00
    9986   1.0000000000E+00
    9987   1.0000000000E+00
    9988   1.0000000000E+00
    9989   1.0000000000E+00
    9990   1.0000000000E+00
    9991   1.0000000000E+00
    9992   1.0000000000E+00
    9993   1.0000000000E+00
    9994   1.0000000000E+00
    9995   1.0000000000E+00
    9996   1.0000000000E+00
    9997   1.0000000000E+00
    9998   1.0000000000E+00
    9999   1.0000000000E+00
   10000   8.3593750000E-01
   10001   1.6406250000E-01
   10002   0.0000000000E+00
   10003   0.0000000000E+00
