# ic  density_f1
      -2   0.0000000000E+00
      -1   0.0000000000E+00
       0   1.2514395355E-01
       1   7.7464744984E-01
       2   9.7006994686E-01
       3   9.7237472210E-01
       4   9.7507938652E-01
       5   9.7764206438E-01
       6   9.8005816613E-01
       7   9.8235322486E-01
       8   9.8456879151E-01
       9   9.8673268475E-01
      10   9.8884597467E-01
      11   9.9091505663E-01
      12   9.9298554977E-01
      13   9.9512402210E-01
      14   9.9735786014E-01
      15   9.9963232498E-01
      16   1.0018285110E+00
      17   1.0038226634E+00
      18   1.0055320071E+00
      19   1.0069012262E+00
      20   1.0078603882E+00
      21   1.0083189953E+00
      22   1.0082215601E+00
      23   1.0076173659E+00
      24   1.0066736099E+00
      25   1.0056021127E+00
      26   1.0045557134E+00
      27   1.0035750557E+00
      28   1.0026177616E+00
      29   1.0016277807E+00
      30   1.0005803928E+00
      31   9.9947238141E-01
      32   9.9829288556E-01
      33   9.9702707970E-01
      34   9.9570378971E-01
      35   9.9444428560E-01
      36   9.9346137766E-01
      37   9.9299783418E-01
      38   9.9324546816E-01
      39   9.9429719320E-01
      40   9.9614611932E-01
      41   9.9870466245E-01
      42   1.0018143637E+00
      43   1.0052470687E+00
      44   1.0087254600E+00
      45   1.0119864355E+00
      46   1.0148591393E+00
      47   1.0172977681E+00
      48   1.0193343894E+00
      49   1.0209818609E+00
      50   1.0221901561E+00
      51   1.0227962487E+00
      52   1.0224438801E+00
      53   1.0212716477E+00
      54   1.0192237632E+00
      55   1.0163734404E+00
      56   1.0128346811E+00
      57   1.0087588359E+00
      58   1.0043583214E+00
      59   9.9990813548E-01
      60   9.9570360920E-01
      61   9.9199777282E-01
      62   9.8896048131E-01
      63   9.8667945813E-01
      64   9.8518370266E-01
      65   9.8445855863E-01
      66   9.8443774120E-01
      67   9.8499127359E-01
      68   9.8593984820E-01
      69   9.8708855424E-01
      70   9.8838969847E-01
      71   9.8977093279E-01
      72   9.9124820268E-01
      73   9.9284624586E-01
      74   9.9453346496E-01
      75   9.9626424018E-01
      76   9.9802787276E-01
      77   9.9985925774E-01
      78   1.0017898704E+00
      79   1.0037823980E+00
      80   1.0057136277E+00
      81   1.0074306721E+00
      82   1.0088326307E+00
      83   1.0099040724E+00
      84   1.0106836350E+00
      85   1.0111774748E+00
      86   1.0113183368E+00
      87   1.0111359345E+00
      88   1.0106468218E+00
      89   1.0099299708E+00
      90   1.0090482833E+00
      91   1.0079995013E+00
      92   1.0067436567E+00
      93   1.0052857827E+00
      94   1.0037312811E+00
      95   1.0022543019E+00
      96   1.0010074884E+00
      97   1.0000581624E+00
      98   9.9940893790E-01
      99   9.9907063469E-01
     100   9.9910505353E-01
     101   9.9958760187E-01
     102   1.0005278392E+00
     103   1.0018327744E+00
     104   1.0033578100E+00
     105   1.0049955204E+00
     106   1.0067077494E+00
     107   1.0084623023E+00
     108   1.0101417907E+00
     109   1.0115312914E+00
     110   1.0124172263E+00
     111   1.0127106706E+00
     112   1.0124745225E+00
     113   1.0118277052E+00
     114   1.0108285953E+00
     115   1.0094561286E+00
     116   1.0077016008E+00
     117   1.0056651396E+00
     118   1.0035463258E+00
     119   1.0015317037E+00
     120   9.9969555723E-01
     121   9.9800775430E-01
     122   9.9643256232E-01
     123   9.9500783339E-01
     124   9.9381777089E-01
     125   9.9288698117E-01
     126   9.9211418146E-01
     127   9.9131989386E-01
     128   9.9037331262E-01
     129   9.8928337919E-01
     130   9.8817335140E-01
     131   9.8717636670E-01
     132   9.8636612656E-01
     133   9.8578765740E-01
     134   9.8554549418E-01
     135   9.8584330033E-01
     136   9.8691048928E-01
     137   9.8886606673E-01
     138   9.9163179835E-01
     139   9.9496687426E-01
     140   9.9858601339E-01
     141   1.0022519648E+00
     142   1.0057653581E+00
     143   1.0088944948E+00
     144   1.0113569795E+00
     145   1.0129113490E+00
     146   1.0134859055E+00
     147   1.0132158831E+00
     148   1.0123389038E+00
     149   1.0110409666E+00
     150   1.0093879807E+00
     151   1.0073842926E+00
     152   1.0050766695E+00
     153   1.0025913801E+00
     154   1.0000764027E+00
     155   9.9762848191E-01
     156   9.9529085093E-01
     157   9.9312311675E-01
     158   9.9126419376E-01
     159   9.8991640115E-01
     160   9.8925765044E-01
     161   9.8936427946E-01
     162   9.9020963772E-01
     163   9.9172834575E-01
     164   9.9387281467E-01
     165   9.9659951799E-01
     166   9.9979632336E-01
     167   1.0032309951E+00
     168   1.0065845524E+00
     169   1.0095566866E+00
     170   1.0119595126E+00
     171   1.0137247098E+00
     172   1.0148316551E+00
     173   1.0152377943E+00
     174   1.0148774424E+00
     175   1.0137232490E+00
     176   1.0118427218E+00
     177   1.0093991851E+00
     178   1.0066070357E+00
     179   1.0036916655E+00
     180   1.0008781651E+00
     181   9.9839260674E-01
     182   9.9644060488E-01
     183   9.9515820374E-01
     184   9.9456567811E-01
     185   9.9456048851E-01
     186   9.9495614200E-01
     187   9.9554541047E-01
     188   9.9615277650E-01
     189   9.9665810355E-01
     190   9.9699855611E-01
     191   9.9716287353E-01
     192   9.9718325890E-01
     193   9.9712278944E-01
     194   9.9705390152E-01
     195   9.9703218336E-01
     196   9.9707823190E-01
     197   9.9717461103E-01
     198   9.9727620430E-01
     199   9.9732929174E-01
     200   9.9729460050E-01
     201   9.9716862778E-01
     202   9.9699577724E-01
     203   9.9686070925E-01
     204   9.9685795723E-01
     205   9.9705424239E-01
     206   9.9746279735E-01
     207   9.9803887924E-01
     208   9.9869042941E-01
     209   9.9928945845E-01
     210   9.9968139220E-01
     211   9.9970655353E-01
     212   9.9924520920E-01
     213   9.9827503311E-01
     214   9.9690630096E-01
     215   9.9536334347E-01
     216   9.9391631451E-01
     217   9.9280432023E-01
     218   9.9218936161E-01
     219   9.9214651146E-01
     220   9.9266665732E-01
     221   9.9365073085E-01
     222   9.9490335591E-01
     223   9.9615966808E-01
     224   9.9716540953E-01
     225   9.9778182776E-01
     226   9.9805426933E-01
     227   9.9819783565E-01
     228   9.9851182204E-01
     229   9.9928385577E-01
     230   1.0007364374E+00
     231   1.0030139388E+00
     232   1.0061698162E+00
     233   1.0101242878E+00
     234   1.0146126851E+00
     235   1.0191845106E+00
     236   1.0232937892E+00
     237   1.0264502736E+00
     238   1.0283466119E+00
     239   1.0288947675E+00
     240   1.0281871540E+00
     241   1.0265094701E+00
     242   1.0238859360E+00
     243   1.0209708178E+00
     244   1.0181911703E+00
     245   1.0158558486E+00
     246   1.0141432034E+00
     247   1.0130322359E+00
     248   1.0123629670E+00
     249   1.0119257506E+00
     250   1.0115155660E+00
     251   1.0109351340E+00
     252   1.0099901548E+00
     253   1.0085290747E+00
     254   1.0065181938E+00
     255   1.0040902105E+00
     256   1.0015087229E+00
     257   9.9906176157E-01
     258   9.9695625839E-01
     259   9.9528385864E-01
     260   9.9405778368E-01
     261   9.9326750617E-01
     262   9.9289578602E-01
     263   9.9289485953E-01
     264   9.9316446617E-01
     265   9.9357761762E-01
     266   9.9404475649E-01
     267   9.9456389099E-01
     268   9.9520836437E-01
     269   9.9606045442E-01
     270   9.9714492740E-01
     271   9.9841875370E-01
     272   9.9981478213E-01
     273   1.0012902726E+00
     274   1.0028307967E+00
     275   1.0044147309E+00
     276   1.0059833798E+00
     277   1.0074604228E+00
     278   1.0088029262E+00
     279   1.0100292042E+00
     280   1.0111838751E+00
     281   1.0122698633E+00
     282   1.0132104420E+00
     283   1.0138860422E+00
     284   1.0142118073E+00
     285   1.0141823945E+00
     286   1.0138403273E+00
     287   1.0132101369E+00
     288   1.0122782688E+00
     289   1.0109506890E+00
     290   1.0093424663E+00
     291   1.0076088968E+00
     292   1.0059696412E+00
     293   1.0046225511E+00
     294   1.0036746814E+00
     295   1.0031533897E+00
     296   1.0030561705E+00
     297   1.0033784907E+00
     298   1.0040916281E+00
     299   1.0051047587E+00
     300   1.0062626058E+00
     301   1.0073977219E+00
     302   1.0083941107E+00
     303   1.0092052389E+00
     304   1.0098163185E+00
     305   1.0102006977E+00
     306   1.0103269363E+00
     307   1.0102187579E+00
     308   1.0100043753E+00
     309   1.0098885977E+00
     310   1.0100530211E+00
     311   1.0105593471E+00
     312   1.0113316019E+00
     313   1.0122235695E+00
     314   1.0131048488E+00
     315   1.0138896714E+00
     316   1.0145272454E+00
     317   1.0148581126E+00
     318   1.0147515657E+00
     319   1.0142032656E+00
     320   1.0132373961E+00
     321   1.0119988311E+00
     322   1.0106480225E+00
     323   1.0092975018E+00
     324   1.0080161500E+00
     325   1.0068800317E+00
     326   1.0060029251E+00
     327   1.0055031702E+00
     328   1.0054391907E+00
     329   1.0057787914E+00
     330   1.0064332051E+00
     331   1.0073140289E+00
     332   1.0083477149E+00
     333   1.0094242878E+00
     334   1.0103395191E+00
     335   1.0108120705E+00
     336   1.0105953733E+00
     337   1.0096071791E+00
     338   1.0079725788E+00
     339   1.0059436234E+00
     340   1.0037708464E+00
     341   1.0016358006E+00
     342   9.9968027970E-01
     343   9.9807025252E-01
     344   9.9700802867E-01
     345   9.9666575631E-01
     346   9.9709874897E-01
     347   9.9821982536E-01
     348   9.9985718908E-01
     349   1.0018422818E+00
     350   1.0040546213E+00
     351   1.0063967320E+00
     352   1.0087577566E+00
     353   1.0109341162E+00
     354   1.0127980004E+00
     355   1.0142856306E+00
     356   1.0153945780E+00
     357   1.0161291769E+00
     358   1.0164384850E+00
     359   1.0162363795E+00
     360   1.0154875833E+00
     361   1.0142767455E+00
     362   1.0127920346E+00
     363   1.0112351454E+00
     364   1.0097370639E+00
     365   1.0083504124E+00
     366   1.0071049453E+00
     367   1.0060573009E+00
     368   1.0052792111E+00
     369   1.0047990038E+00
     370   1.0045585397E+00
     371   1.0044372616E+00
     372   1.0043240099E+00
     373   1.0041794025E+00
     374   1.0040447413E+00
     375   1.0040086438E+00
     376   1.0041721076E+00
     377   1.0046431587E+00
     378   1.0055382196E+00
     379   1.0069552467E+00
     380   1.0089249743E+00
     381   1.0112911604E+00
     382   1.0137548254E+00
     383   1.0159697345E+00
     384   1.0175985599E+00
     385   1.0184396860E+00
     386   1.0184289988E+00
     387   1.0175953734E+00
     388   1.0160150798E+00
     389   1.0138039024E+00
     390   1.0111315419E+00
     391   1.0082239639E+00
     392   1.0053295682E+00
     393   1.0026649899E+00
     394   1.0003703610E+00
     395   9.9850018549E-01
     396   9.9704668243E-01
     397   9.9597784450E-01
     398   9.9526488209E-01
     399   9.9488931673E-01
     400   9.9483226616E-01
     401   9.9506381014E-01
     402   9.9554284926E-01
     403   9.9623146744E-01
     404   9.9710838627E-01
     405   9.9816935210E-01
     406   9.9941212316E-01
     407   1.0008213609E+00
     408   1.0023692052E+00
     409   1.0040338281E+00
     410   1.0058113746E+00
     411   1.0076992054E+00
     412   1.0096534428E+00
     413   1.0115547039E+00
     414   1.0132200842E+00
     415   1.0144653656E+00
     416   1.0151709266E+00
     417   1.0152997958E+00
     418   1.0148599112E+00
     419   1.0138590499E+00
     420   1.0123215771E+00
     421   1.0102799558E+00
     422   1.0079250538E+00
     423   1.0055310145E+00
     424   1.0033112702E+00
     425   1.0014061573E+00
     426   9.9985950811E-01
     427   9.9868124664E-01
     428   9.9790594115E-01
     429   9.9758649345E-01
     430   9.9773395717E-01
     431   9.9827643785E-01
     432   9.9909796448E-01
     433   1.0001366031E+00
     434   1.0014485187E+00
     435   1.0031631172E+00
     436   1.0053579521E+00
     437   1.0079595635E+00
     438   1.0107572715E+00
     439   1.0135109322E+00
     440   1.0160444251E+00
     441   1.0182400227E+00
     442   1.0199647324E+00
     443   1.0210391400E+00
     444   1.0213189452E+00
     445   1.0208270043E+00
     446   1.0197950437E+00
     447   1.0185465244E+00
     448   1.0173131003E+00
     449   1.0161659878E+00
     450   1.0149088230E+00
     451   1.0135332350E+00
     452   1.0120140340E+00
     453   1.0103118656E+00
     454   1.0083396337E+00
     455   1.0059702905E+00
     456   1.0031706040E+00
     457   1.0001161707E+00
     458   9.9716015723E-01
     459   9.9466198535E-01
     460   9.9281649132E-01
     461   9.9161653910E-01
     462   9.9095767702E-01
     463   9.9076782058E-01
     464   9.9104132629E-01
     465   9.9176116040E-01
     466   9.9281355541E-01
     467   9.9400181918E-01
     468   9.9518090160E-01
     469   9.9634856451E-01
     470   9.9763968605E-01
     471   9.9920257933E-01
     472   1.0010538105E+00
     473   1.0030774593E+00
     474   1.0051418918E+00
     475   1.0072086748E+00
     476   1.0092870081E+00
     477   1.0113817027E+00
     478   1.0133344891E+00
     479   1.0148902840E+00
     480   1.0158465781E+00
     481   1.0161634335E+00
     482   1.0159249261E+00
     483   1.0151977826E+00
     484   1.0139430990E+00
     485   1.0120724500E+00
     486   1.0095899599E+00
     487   1.0066711072E+00
     488   1.0035987863E+00
     489   1.0006232745E+00
     490   9.9788046751E-01
     491   9.9542639154E-01
     492   9.9332873825E-01
     493   9.9170322494E-01
     494   9.9065303667E-01
     495   9.9017652074E-01
     496   9.9014372187E-01
     497   9.9037388463E-01
     498   9.9075150985E-01
     499   9.9127781619E-01
     500   9.9201729203E-01
     501   9.9299713409E-01
     502   9.9415621567E-01
     503   9.9538297413E-01
     504   9.9659390064E-01
     505   9.9776494989E-01
     506   9.9888600179E-01
     507   9.9989426093E-01
     508   1.0006699463E+00
     509   1.0011150030E+00
     510   1.0012484080E+00
     511   1.0012262144E+00
     512   1.0012618045E+00
     513   1.0015102527E+00
     514   1.0020056740E+00
     515   1.0026848545E+00
     516   1.0034539743E+00
     517   1.0042291818E+00
     518   1.0049249502E+00
     519   1.0054262466E+00
     520   1.0055950986E+00
     521   1.0053214641E+00
     522   1.0045749424E+00
     523   1.0034065047E+00
     524   1.0018935338E+00
     525   1.0000761542E+00
     526   9.9793791274E-01
     527   9.9544389888E-01
     528   9.9259870700E-01
     529   9.8947528195E-01
     530   9.8619786049E-01
     531   9.8290599151E-01
     532   9.7973520621E-01
     533   9.7678486057E-01
     534   9.7422208307E-01
     535   9.7251424645E-01
     536   9.7158132988E-01
     537   9.7163946344E-01
     538   9.7273393773E-01
     539   9.7481120052E-01
     540   9.7776206510E-01
     541   9.8145894639E-01
     542   9.8576705750E-01
     543   9.9052547372E-01
     544   9.9552256356E-01
     545   1.0004975854E+00
     546   1.0051732998E+00
     547   1.0093006791E+00
     548   1.0126824420E+00
     549   1.0151632505E+00
     550   1.0166130294E+00
     551   1.0169385431E+00
     552   1.0161271122E+00
     553   1.0142916833E+00
     554   1.0116715512E+00
     555   1.0085802133E+00
     556   1.0053356633E+00
     557   1.0022206982E+00
     558   9.9948431799E-01
     559   9.9735284997E-01
     560   9.9601194323E-01
     561   9.9555898602E-01
     562   9.9596144602E-01
     563   9.9706361706E-01
     564   9.9864392935E-01
     565   1.0004845403E+00
     566   1.0024051986E+00
     567   1.0042477463E+00
     568   1.0058436467E+00
     569   1.0070114120E+00
     570   1.0075978607E+00
     571   1.0075304153E+00
     572   1.0068354016E+00
     573   1.0056112621E+00
     574   1.0039875217E+00
     575   1.0021063079E+00
     576   1.0001319001E+00
     577   9.9825452105E-01
     578   9.9665880980E-01
     579   9.9546763062E-01
     580   9.9469953282E-01
     581   9.9427479909E-01
     582   9.9406442482E-01
     583   9.9394088421E-01
     584   9.9379581091E-01
     585   9.9352783706E-01
     586   9.9303244431E-01
     587   9.9222374746E-01
     588   9.9108104160E-01
     589   9.8967859729E-01
     590   9.8816612194E-01
     591   9.8670840431E-01
     592   9.8542611410E-01
     593   9.8437721460E-01
     594   9.8358281982E-01
     595   9.8306579863E-01
     596   9.8286900303E-01
     597   9.8300732726E-01
     598   9.8364490236E-01
     599   9.8471026249E-01
     600   9.8617722282E-01
     601   9.8803684818E-01
     602   9.9023469856E-01
     603   9.9268141442E-01
     604   9.9524902144E-01
     605   9.9778985569E-01
     606   1.0001776704E+00
     607   1.0023527611E+00
     608   1.0043447984E+00
     609   1.0062566538E+00
     610   1.0082204951E+00
     611   1.0103500566E+00
     612   1.0127103107E+00
     613   1.0153089200E+00
     614   1.0181257821E+00
     615   1.0210854681E+00
     616   1.0238558894E+00
     617   1.0264115091E+00
     618   1.0284974449E+00
     619   1.0299317060E+00
     620   1.0306153046E+00
     621   1.0305448361E+00
     622   1.0297983916E+00
     623   1.0285723323E+00
     624   1.0269088191E+00
     625   1.0248986682E+00
     626   1.0229811889E+00
     627   1.0211973212E+00
     628   1.0196283501E+00
     629   1.0182557741E+00
     630   1.0169827789E+00
     631   1.0156996092E+00
     632   1.0143454939E+00
     633   1.0129217918E+00
     634   1.0114557775E+00
     635   1.0099596598E+00
     636   1.0084353887E+00
     637   1.0069099785E+00
     638   1.0054646124E+00
     639   1.0042477313E+00
     640   1.0033265204E+00
     641   1.0026571354E+00
     642   1.0020784708E+00
     643   1.0013936798E+00
     644   1.0004740363E+00
     645   9.9930995948E-01
     646   9.9798976831E-01
     647   9.9664621312E-01
     648   9.9542946445E-01
     649   9.9451670826E-01
     650   9.9411899895E-01
     651   9.9445079382E-01
     652   9.9565871562E-01
     653   9.9772219691E-01
     654   1.0005063805E+00
     655   1.0037897286E+00
     656   1.0073422071E+00
     657   1.0108799992E+00
     658   1.0140746333E+00
     659   1.0165704084E+00
     660   1.0180060923E+00
     661   1.0181584574E+00
     662   1.0170122688E+00
     663   1.0147299179E+00
     664   1.0115526294E+00
     665   1.0077233233E+00
     666   1.0034896914E+00
     667   9.9915141141E-01
     668   9.9506700553E-01
     669   9.9158082230E-01
     670   9.8892173352E-01
     671   9.8715565395E-01
     672   9.8622969153E-01
     673   9.8606353122E-01
     674   9.8660637119E-01
     675   9.8781440970E-01
     676   9.8958545996E-01
     677   9.9172187140E-01
     678   9.9396717860E-01
     679   9.9608745328E-01
     680   9.9792446015E-01
     681   9.9938004916E-01
     682   1.0003731761E+00
     683   1.0008378642E+00
     684   1.0007861698E+00
     685   1.0003785594E+00
     686   9.9991428499E-01
     687   9.9971878813E-01
     688   1.0000043355E+00
     689   1.0008002173E+00
     690   1.0019893256E+00
     691   1.0034003618E+00
     692   1.0048666372E+00
     693   1.0062152448E+00
     694   1.0072369183E+00
     695   1.0077062967E+00
     696   1.0074666187E+00
     697   1.0065138154E+00
     698   1.0050006016E+00
     699   1.0031519960E+00
     700   1.0011687189E+00
     701   9.9919287313E-01
     702   9.9734036663E-01
     703   9.9573842435E-01
     704   9.9450784014E-01
     705   9.9369792718E-01
     706   9.9324453222E-01
     707   9.9300598165E-01
     708   9.9285777882E-01
     709   9.9277583316E-01
     710   9.9284323627E-01
     711   9.9318823568E-01
     712   9.9392103751E-01
     713   9.9512934049E-01
     714   9.9690884570E-01
     715   9.9934390653E-01
     716   1.0024889140E+00
     717   1.0062632505E+00
     718   1.0103535162E+00
     719   1.0143042949E+00
     720   1.0176526637E+00
     721   1.0200275497E+00
     722   1.0212049785E+00
     723   1.0210837155E+00
     724   1.0196673705E+00
     725   1.0170885684E+00
     726   1.0136305800E+00
     727   1.0096901117E+00
     728   1.0056733490E+00
     729   1.0018897323E+00
     730   9.9851330118E-01
     731   9.9562020006E-01
     732   9.9324218007E-01
     733   9.9138404433E-01
     734   9.9000191679E-01
     735   9.8898989081E-01
     736   9.8821588173E-01
     737   9.8759569324E-01
     738   9.8714123474E-01
     739   9.8694112016E-01
     740   9.8708405286E-01
     741   9.8758585648E-01
     742   9.8837404635E-01
     743   9.8933343254E-01
     744   9.9035531741E-01
     745   9.9135024507E-01
     746   9.9222705143E-01
     747   9.9288242225E-01
     748   9.9323335135E-01
     749   9.9330081777E-01
     750   9.9316421894E-01
     751   9.9297547047E-01
     752   9.9285345990E-01
     753   9.9284441444E-01
     754   9.9294989111E-01
     755   9.9318791050E-01
     756   9.9361693504E-01
     757   9.9429741608E-01
     758   9.9522615772E-01
     759   9.9630836472E-01
     760   9.9739583609E-01
     761   9.9835573659E-01
     762   9.9910028653E-01
     763   9.9955913342E-01
     764   9.9963585441E-01
     765   9.9921123661E-01
     766   9.9820748205E-01
     767   9.9666139720E-01
     768   9.9473136607E-01
     769   9.9263112559E-01
     770   9.9054514113E-01
     771   9.8859224448E-01
     772   9.8685011718E-01
     773   9.8539547839E-01
     774   9.8430332070E-01
     775   9.8360661596E-01
     776   9.8326398474E-01
     777   9.8318287954E-01
     778   9.8325563287E-01
     779   9.8360145060E-01
     780   9.8430132354E-01
     781   9.8544647072E-01
     782   9.8714005421E-01
     783   9.8935406111E-01
     784   9.9198243650E-01
     785   9.9488479532E-01
     786   9.9789633365E-01
     787   1.0008040454E+00
     788   1.0033351788E+00
     789   1.0052039623E+00
     790   1.0062052565E+00
     791   1.0062889756E+00
     792   1.0055532844E+00
     793   1.0041711507E+00
     794   1.0023189882E+00
     795   1.0001641263E+00
     796   9.9789811987E-01
     797   9.9575413257E-01
     798   9.9396259530E-01
     799   9.9267207209E-01
     800   9.9189891339E-01
     801   9.9154797584E-01
     802   9.9148540716E-01
     803   9.9160453800E-01
     804   9.9183717137E-01
     805   9.9212171129E-01
     806   9.9237635142E-01
     807   9.9251493745E-01
     808   9.9249344677E-01
     809   9.9234041007E-01
     810   9.9213639370E-01
     811   9.9196204173E-01
     812   9.9186180813E-01
     813   9.9185318213E-01
     814   9.9196483652E-01
     815   9.9225449816E-01
     816   9.9277937563E-01
     817   9.9354062027E-01
     818   9.9445109990E-01
     819   9.9536157430E-01
     820   9.9613073629E-01
     821   9.9668715189E-01
     822   9.9704286159E-01
     823   9.9726393968E-01
     824   9.9743390894E-01
     825   9.9764154500E-01
     826   9.9798596621E-01
     827   9.9857035016E-01
     828   9.9946596709E-01
     829   1.0006666863E+00
     830   1.0020699166E+00
     831   1.0035060615E+00
     832   1.0047982596E+00
     833   1.0058101930E+00
     834   1.0064566941E+00
     835   1.0066892230E+00
     836   1.0064902297E+00
     837   1.0058925044E+00
     838   1.0049998505E+00
     839   1.0039722483E+00
     840   1.0029655014E+00
     841   1.0020600512E+00
     842   1.0012314796E+00
     843   1.0003876039E+00
     844   9.9944380528E-01
     845   9.9838299493E-01
     846   9.9726220295E-01
     847   9.9617630754E-01
     848   9.9521960009E-01
     849   9.9447666062E-01
     850   9.9403338871E-01
     851   9.9397968912E-01
     852   9.9438277273E-01
     853   9.9524647001E-01
     854   9.9649276262E-01
     855   9.9798933850E-01
     856   9.9960670608E-01
     857   1.0012644024E+00
     858   1.0029331406E+00
     859   1.0046011401E+00
     860   1.0062423358E+00
     861   1.0078138008E+00
     862   1.0092714383E+00
     863   1.0105738443E+00
     864   1.0116587196E+00
     865   1.0124177310E+00
     866   1.0127109137E+00
     867   1.0124289875E+00
     868   1.0115614122E+00
     869   1.0102148869E+00
     870   1.0085641893E+00
     871   1.0067728689E+00
     872   1.0049425300E+00
     873   1.0031146368E+00
     874   1.0013020847E+00
     875   9.9951327199E-01
     876   9.9775733362E-01
     877   9.9604637678E-01
     878   9.9441642323E-01
     879   9.9295532436E-01
     880   9.9180297428E-01
     881   9.9110615973E-01
     882   9.9094975971E-01
     883   9.9131103144E-01
     884   9.9207340596E-01
     885   9.9308472604E-01
     886   9.9421185191E-01
     887   9.9535366529E-01
     888   9.9641818483E-01
     889   9.9730658108E-01
     890   9.9793926446E-01
     891   9.9830352767E-01
     892   9.9847150721E-01
     893   9.9855695394E-01
     894   9.9863787377E-01
     895   9.9870918494E-01
     896   9.9870589794E-01
     897   9.9857218639E-01
     898   9.9831314011E-01
     899   9.9798919539E-01
     900   9.9767181788E-01
     901   9.9741404356E-01
     902   9.9726519583E-01
     903   9.9730199234E-01
     904   9.9762478687E-01
     905   9.9830322242E-01
     906   9.9931206096E-01
     907   1.0005186064E+00
     908   1.0017409479E+00
     909   1.0028310237E+00
     910   1.0037146964E+00
     911   1.0043664276E+00
     912   1.0047612346E+00
     913   1.0048667632E+00
     914   1.0046866230E+00
     915   1.0043012412E+00
     916   1.0038478449E+00
     917   1.0034422237E+00
     918   1.0031079644E+00
     919   1.0027778273E+00
     920   1.0023651729E+00
     921   1.0018387763E+00
     922   1.0012366040E+00
     923   1.0006197548E+00
     924   1.0000262357E+00
     925   9.9947576748E-01
     926   9.9901284897E-01
     927   9.9872360508E-01
     928   9.9868380938E-01
     929   9.9886804681E-01
     930   9.9910090140E-01
     931   9.9910527356E-01
     932   9.9862393399E-01
     933   9.9752568674E-01
     934   9.9582642466E-01
     935   9.9363303094E-01
     936   9.9108116831E-01
     937   9.8832166356E-01
     938   9.8554590617E-01
     939   9.8299345153E-01
     940   9.8085881665E-01
     941   9.7940731793E-01
     942   9.7875263970E-01
     943   9.7873308375E-01
     944   9.7932088866E-01
     945   9.8043551824E-01
     946   9.8198865361E-01
     947   9.8385127558E-01
     948   9.8584013050E-01
     949   9.8775374367E-01
     950   9.8944157790E-01
     951   9.9085115922E-01
     952   9.9201721715E-01
     953   9.9300954950E-01
     954   9.9389022205E-01
     955   9.9471205500E-01
     956   9.9554335076E-01
     957   9.9647184337E-01
     958   9.9756554270E-01
     959   9.9881879656E-01
     960   1.0001334560E+00
     961   1.0013593880E+00
     962   1.0023676363E+00
     963   1.0030984166E+00
     964   1.0035521744E+00
     965   1.0037452720E+00
     966   1.0036769223E+00
     967   1.0033344057E+00
     968   1.0027226597E+00
     969   1.0018824434E+00
     970   1.0008812032E+00
     971   9.9979479390E-01
     972   9.9870429240E-01
     973   9.9771134914E-01
     974   9.9694885986E-01
     975   9.9656245247E-01
     976   9.9666320819E-01
     977   9.9728123497E-01
     978   9.9835053118E-01
     979   9.9973259485E-01
     980   1.0012597120E+00
     981   1.0027717036E+00
     982   1.0041325914E+00
     983   1.0052377900E+00
     984   1.0060254800E+00
     985   1.0064928412E+00
     986   1.0067019558E+00
     987   1.0067611478E+00
     988   1.0067811253E+00
     989   1.0068284632E+00
     990   1.0068991017E+00
     991   1.0069235763E+00
     992   1.0067972050E+00
     993   1.0064200972E+00
     994   1.0057284103E+00
     995   1.0047093646E+00
     996   1.0033979896E+00
     997   1.0018631106E+00
     998   1.0001894053E+00
     999   9.9846389404E-01
    1000   9.9676695894E-01
    1001   9.9516831742E-01
    1002   9.9372543138E-01
    1003   9.9248754636E-01
    1004   9.9150589345E-01
    1005   9.9084949607E-01
    1006   9.9061486620E-01
    1007   9.9091929935E-01
    1008   9.9187469092E-01
    1009   9.9355144627E-01
    1010   9.9594759913E-01
    1011   9.9897699855E-01
    1012   1.0024742708E+00
    1013   1.0062073534E+00
    1014   1.0098939879E+00
    1015   1.0132272235E+00
    1016   1.0159187073E+00
    1017   1.0177550533E+00
    1018   1.0186411599E+00
    1019   1.0186064628E+00
    1020   1.0177727988E+00
    1021   1.0163068095E+00
    1022   1.0143846342E+00
    1023   1.0121775100E+00
    1024   1.0098462497E+00
    1025   1.0075307071E+00
    1026   1.0053385338E+00
    1027   1.0033476814E+00
    1028   1.0016277666E+00
    1029   1.0002653738E+00
    1030   9.9937137146E-01
    1031   9.9905735874E-01
    1032   9.9939830161E-01
    1033   1.0004088806E+00
    1034   1.0020508451E+00
    1035   1.0042565827E+00
    1036   1.0069364529E+00
    1037   1.0099865472E+00
    1038   1.0132578361E+00
    1039   1.0165562611E+00
    1040   1.0196664158E+00
    1041   1.0223878347E+00
    1042   1.0245539533E+00
    1043   1.0260214627E+00
    1044   1.0266527717E+00
    1045   1.0263244983E+00
    1046   1.0249676414E+00
    1047   1.0226346303E+00
    1048   1.0194107474E+00
    1049   1.0154354518E+00
    1050   1.0111325674E+00
    1051   1.0067064684E+00
    1052   1.0024598210E+00
    1053   9.9870087152E-01
    1054   9.9568589373E-01
    1055   9.9355904445E-01
    1056   9.9232492629E-01
    1057   9.9187470426E-01
    1058   9.9204579711E-01
    1059   9.9267274512E-01
    1060   9.9360277581E-01
    1061   9.9470183004E-01
    1062   9.9584237551E-01
    1063   9.9691633758E-01
    1064   9.9789044726E-01
    1065   9.9877796860E-01
    1066   9.9960385205E-01
    1067   1.0003575581E+00
    1068   1.0009767964E+00
    1069   1.0013779204E+00
    1070   1.0015023326E+00
    1071   1.0013342621E+00
    1072   1.0008787438E+00
    1073   1.0001303763E+00
    1074   9.9906873266E-01
    1075   9.9769060836E-01
    1076   9.9604519775E-01
    1077   9.9423263502E-01
    1078   9.9236615337E-01
    1079   9.9053681584E-01
    1080   9.8881364732E-01
    1081   9.8727652485E-01
    1082   9.8604040640E-01
    1083   9.8523276061E-01
    1084   9.8493603114E-01
    1085   9.8514080071E-01
    1086   9.8574770744E-01
    1087   9.8661736578E-01
    1088   9.8762597724E-01
    1089   9.8868213836E-01
    1090   9.8970619502E-01
    1091   9.9060824079E-01
    1092   9.9130291775E-01
    1093   9.9175629471E-01
    1094   9.9201930217E-01
    1095   9.9220400713E-01
    1096   9.9241376671E-01
    1097   9.9267649397E-01
    1098   9.9293223778E-01
    1099   9.9306630447E-01
    1100   9.9298547490E-01
    1101   9.9258900723E-01
    1102   9.9176765028E-01
    1103   9.9041274559E-01
    1104   9.8843772336E-01
    1105   9.8584861555E-01
    1106   9.8278030459E-01
    1107   9.7946448881E-01
    1108   9.7615418359E-01
    1109   9.7306216264E-01
    1110   9.7035612372E-01
    1111   9.6819298783E-01
    1112   9.6674189260E-01
    1113   9.6600968865E-01
    1114   9.6643005274E-01
    1115   9.6790844455E-01
    1116   9.7000047588E-01
    1117   9.7261178767E-01
    1118   9.7550534002E-01
    1119   9.7848398863E-01
    1120   9.8138643764E-01
    1121   9.8406761115E-01
    1122   9.8640708809E-01
    1123   9.8835252156E-01
    1124   9.8995486383E-01
    1125   9.9134280445E-01
    1126   9.9265043969E-01
    1127   9.9392088394E-01
    1128   9.9503653258E-01
    1129   9.9584158881E-01
    1130   9.9617763978E-01
    1131   9.9594541674E-01
    1132   9.9510372966E-01
    1133   9.9365340342E-01
    1134   9.9165602332E-01
    1135   9.8928568269E-01
    1136   9.8685827398E-01
    1137   9.8478785598E-01
    1138   9.8347586169E-01
    1139   9.8319882965E-01
    1140   9.8406050917E-01
    1141   9.8601788533E-01
    1142   9.8893525379E-01
    1143   9.9261074336E-01
    1144   9.9675772102E-01
    1145   1.0009822973E+00
    1146   1.0048184254E+00
    1147   1.0078338467E+00
    1148   1.0097455565E+00
    1149   1.0104637278E+00
    1150   1.0100386323E+00
    1151   1.0085720336E+00
    1152   1.0061806401E+00
    1153   1.0030343019E+00
    1154   9.9940986288E-01
    1155   9.9568706706E-01
    1156   9.9226978088E-01
    1157   9.8948873398E-01
    1158   9.8755493029E-01
    1159   9.8657643845E-01
    1160   9.8659257029E-01
    1161   9.8757474093E-01
    1162   9.8938498415E-01
    1163   9.9173841667E-01
    1164   9.9423054038E-01
    1165   9.9643994174E-01
    1166   9.9804927068E-01
    1167   9.9890824423E-01
    1168   9.9900991310E-01
    1169   9.9842653736E-01
    1170   9.9727759837E-01
    1171   9.9574820952E-01
    1172   9.9410475387E-01
    1173   9.9269762204E-01
    1174   9.9184915139E-01
    1175   9.9176603947E-01
    1176   9.9254500211E-01
    1177   9.9420014371E-01
    1178   9.9671976462E-01
    1179   1.0000698449E+00
    1180   1.0041379576E+00
    1181   1.0086719726E+00
    1182   1.0132839165E+00
    1183   1.0175948251E+00
    1184   1.0210793366E+00
    1185   1.0234808807E+00
    1186   1.0246805298E+00
    1187   1.0245331906E+00
    1188   1.0229905309E+00
    1189   1.0201325564E+00
    1190   1.0162063096E+00
    1191   1.0115875731E+00
    1192   1.0066811968E+00
    1193   1.0018313716E+00
    1194   9.9729847380E-01
    1195   9.9328668036E-01
    1196   9.8996448536E-01
    1197   9.8744190430E-01
    1198   9.8572653243E-01
    1199   9.8470992483E-01
    1200   9.8421733085E-01
    1201   9.8409606825E-01
    1202   9.8428350776E-01
    1203   9.8481037253E-01
    1204   9.8574684489E-01
    1205   9.8714052985E-01
    1206   9.8899435879E-01
    1207   9.9128633851E-01
    1208   9.9399222082E-01
    1209   9.9707313219E-01
    1210   1.0004271187E+00
    1211   1.0038494093E+00
    1212   1.0070389144E+00
    1213   1.0096607812E+00
    1214   1.0114173049E+00
    1215   1.0120894730E+00
    1216   1.0115445228E+00
    1217   1.0097398285E+00
    1218   1.0067456306E+00
    1219   1.0027701283E+00
    1220   9.9814764499E-01
    1221   9.9327549181E-01
    1222   9.8852886734E-01
    1223   9.8420109306E-01
    1224   9.8049429924E-01
    1225   9.7746126566E-01
    1226   9.7537739008E-01
    1227   9.7430239966E-01
    1228   9.7412277850E-01
    1229   9.7485047945E-01
    1230   9.7638956775E-01
    1231   9.7861824357E-01
    1232   9.8140863474E-01
    1233   9.8462644970E-01
    1234   9.8811189754E-01
    1235   9.9166341739E-01
    1236   9.9504590905E-01
    1237   9.9802694226E-01
    1238   1.0004230688E+00
    1239   1.0021341538E+00
    1240   1.0031513950E+00
    1241   1.0035453014E+00
    1242   1.0034461394E+00
    1243   1.0030250259E+00
    1244   1.0024727726E+00
    1245   1.0019718225E+00
    1246   1.0016598722E+00
    1247   1.0015966372E+00
    1248   1.0017495483E+00
    1249   1.0020088364E+00
    1250   1.0022281737E+00
    1251   1.0022760446E+00
    1252   1.0020749045E+00
    1253   1.0016141098E+00
    1254   1.0009363904E+00
    1255   1.0001091653E+00
    1256   9.9919305896E-01
    1257   9.9821545162E-01
    1258   9.9715054860E-01
    1259   9.9591078396E-01
    1260   9.9436157232E-01
    1261   9.9236499378E-01
    1262   9.8984316062E-01
    1263   9.8683357696E-01
    1264   9.8350472081E-01
    1265   9.8005117529E-01
    1266   9.7687036410E-01
    1267   9.7427747579E-01
    1268   9.7232936716E-01
    1269   9.7118813256E-01
    1270   9.7089590678E-01
    1271   9.7142982128E-01
    1272   9.7270655124E-01
    1273   9.7459372066E-01
    1274   9.7693829029E-01
    1275   9.7960228737E-01
    1276   9.8245941935E-01
    1277   9.8556408234E-01
    1278   9.8874802649E-01
    1279   9.9193184927E-01
    1280   9.9503594119E-01
    1281   9.9797399758E-01
    1282   1.0007137621E+00
    1283   1.0032798625E+00
    1284   1.0057213451E+00
    1285   1.0080756585E+00
    1286   1.0103615015E+00
    1287   1.0126114636E+00
    1288   1.0148455449E+00
    1289   1.0169831860E+00
    1290   1.0190346390E+00
    1291   1.0208283195E+00
    1292   1.0221921921E+00
    1293   1.0230189686E+00
    1294   1.0233167201E+00
    1295   1.0231876955E+00
    1296   1.0227602820E+00
    1297   1.0221390247E+00
    1298   1.0214099031E+00
    1299   1.0206742299E+00
    1300   1.0201015139E+00
    1301   1.0196776259E+00
    1302   1.0194223700E+00
    1303   1.0193182056E+00
    1304   1.0191745712E+00
    1305   1.0188793847E+00
    1306   1.0183828649E+00
    1307   1.0176706060E+00
    1308   1.0167229539E+00
    1309   1.0155133072E+00
    1310   1.0140469781E+00
    1311   1.0123884293E+00
    1312   1.0106311507E+00
    1313   1.0088286728E+00
    1314   1.0069514532E+00
    1315   1.0049192551E+00
    1316   1.0026883105E+00
    1317   1.0003162414E+00
    1318   9.9794701070E-01
    1319   9.9573295703E-01
    1320   9.9376317901E-01
    1321   9.9205605318E-01
    1322   9.9060859234E-01
    1323   9.8944346734E-01
    1324   9.8860763024E-01
    1325   9.8813437620E-01
    1326   9.8801692909E-01
    1327   9.8823046030E-01
    1328   9.8878572873E-01
    1329   9.8975853535E-01
    1330   9.9125660823E-01
    1331   9.9334410429E-01
    1332   9.9598006380E-01
    1333   9.9901724314E-01
    1334   1.0022534271E+00
    1335   1.0054810454E+00
    1336   1.0084932756E+00
    1337   1.0110624916E+00
    1338   1.0129444146E+00
    1339   1.0139403472E+00
    1340   1.0139839008E+00
    1341   1.0131760724E+00
    1342   1.0117306483E+00
    1343   1.0098729605E+00
    1344   1.0077711360E+00
    1345   1.0055425165E+00
    1346   1.0033033555E+00
    1347   1.0011912916E+00
    1348   9.9932982477E-01
    1349   9.9777265612E-01
    1350   9.9648660751E-01
    1351   9.9539659221E-01
    1352   9.9445518685E-01
    1353   9.9367464683E-01
    1354   9.9309792944E-01
    1355   9.9274502719E-01
    1356   9.9258744905E-01
    1357   9.9257231693E-01
    1358   9.9266587472E-01
    1359   9.9286659996E-01
    1360   9.9317313228E-01
    1361   9.9354314174E-01
    1362   9.9389072467E-01
    1363   9.9413397465E-01
    1364   9.9425458526E-01
    1365   9.9431657032E-01
    1366   9.9442879886E-01
    1367   9.9468915622E-01
    1368   9.9515964102E-01
    1369   9.9588493570E-01
    1370   9.9692111227E-01
    1371   9.9833102245E-01
    1372   1.0001388027E+00
    1373   1.0022832522E+00
    1374   1.0046177262E+00
    1375   1.0069610397E+00
    1376   1.0091579563E+00
    1377   1.0110989420E+00
    1378   1.0126900731E+00
    1379   1.0138155199E+00
    1380   1.0143415843E+00
    1381   1.0141637296E+00
    1382   1.0132563917E+00
    1383   1.0116839199E+00
    1384   1.0095721553E+00
    1385   1.0070792731E+00
    1386   1.0043958903E+00
    1387   1.0017590319E+00
    1388   9.9944348793E-01
    1389   9.9771133851E-01
    1390   9.9674162146E-01
    1391   9.9658540121E-01
    1392   9.9717195014E-01
    1393   9.9834881161E-01
    1394   9.9992384128E-01
    1395   1.0016904177E+00
    1396   1.0034457415E+00
    1397   1.0050236348E+00
    1398   1.0063419141E+00
    1399   1.0074285921E+00
    1400   1.0084022922E+00
    1401   1.0093839283E+00
    1402   1.0104060553E+00
    1403   1.0114688845E+00
    1404   1.0124645571E+00
    1405   1.0132762383E+00
    1406   1.0137954262E+00
    1407   1.0139279788E+00
    1408   1.0136059651E+00
    1409   1.0128207559E+00
    1410   1.0116568784E+00
    1411   1.0102832400E+00
    1412   1.0088927376E+00
    1413   1.0076290894E+00
    1414   1.0065552707E+00
    1415   1.0056808153E+00
    1416   1.0050138593E+00
    1417   1.0045824889E+00
    1418   1.0044093203E+00
    1419   1.0044724840E+00
    1420   1.0046996068E+00
    1421   1.0050046658E+00
    1422   1.0053326774E+00
    1423   1.0056648374E+00
    1424   1.0059802263E+00
    1425   1.0062183714E+00
    1426   1.0062878307E+00
    1427   1.0061188905E+00
    1428   1.0057119407E+00
    1429   1.0051305035E+00
    1430   1.0044350289E+00
    1431   1.0036699949E+00
    1432   1.0028284991E+00
    1433   1.0019126992E+00
    1434   1.0009563336E+00
    1435   9.9999470655E-01
    1436   9.9900675792E-01
    1437   9.9789314323E-01
    1438   9.9652475176E-01
    1439   9.9482873575E-01
    1440   9.9283022616E-01
    1441   9.9067854307E-01
    1442   9.8850131061E-01
    1443   9.8638755876E-01
    1444   9.8439572020E-01
    1445   9.8258297619E-01
    1446   9.8102229051E-01
    1447   9.7976255084E-01
    1448   9.7876636006E-01
    1449   9.7789023333E-01
    1450   9.7693634039E-01
    1451   9.7574478136E-01
    1452   9.7422207111E-01
    1453   9.7235818799E-01
    1454   9.7057093837E-01
    1455   9.6863228020E-01
    1456   9.6674144054E-01
    1457   9.6507523347E-01
    1458   9.6384866262E-01
    1459   9.6328026310E-01
    1460   9.6335374421E-01
    1461   9.6443427774E-01
    1462   9.6640877746E-01
    1463   9.6877672583E-01
    1464   9.7160224358E-01
    1465   9.7480893477E-01
    1466   9.7831296752E-01
    1467   9.8197675442E-01
    1468   9.8561318697E-01
    1469   9.8904357658E-01
    1470   9.9215656918E-01
    1471   9.9491196274E-01
    1472   9.9729420052E-01
    1473   9.9927622769E-01
    1474   1.0008492706E+00
    1475   1.0021009074E+00
    1476   1.0032630314E+00
    1477   1.0046638425E+00
    1478   1.0066034604E+00
    1479   1.0092381499E+00
    1480   1.0125482443E+00
    1481   1.0163854905E+00
    1482   1.0205308845E+00
    1483   1.0247014687E+00
    1484   1.0285238420E+00
    1485   1.0315502994E+00
    1486   1.0333666020E+00
    1487   1.0338717971E+00
    1488   1.0328437291E+00
    1489   1.0305769192E+00
    1490   1.0277676795E+00
    1491   1.0246507567E+00
    1492   1.0215603822E+00
    1493   1.0188052831E+00
    1494   1.0166577304E+00
    1495   1.0152887780E+00
    1496   1.0147013133E+00
    1497   1.0147325279E+00
    1498   1.0151371563E+00
    1499   1.0157195630E+00
    1500   1.0162848154E+00
    1501   1.0166778649E+00
    1502   1.0168513153E+00
    1503   1.0166313448E+00
    1504   1.0159395405E+00
    1505   1.0148289873E+00
    1506   1.0134805784E+00
    1507   1.0121208965E+00
    1508   1.0109279525E+00
    1509   1.0099960013E+00
    1510   1.0093636502E+00
    1511   1.0090523713E+00
    1512   1.0090592357E+00
    1513   1.0093077325E+00
    1514   1.0096157451E+00
    1515   1.0097350286E+00
    1516   1.0094491805E+00
    1517   1.0086632632E+00
    1518   1.0074194690E+00
    1519   1.0058384427E+00
    1520   1.0040488440E+00
    1521   1.0021607503E+00
    1522   1.0003090852E+00
    1523   9.9866087960E-01
    1524   9.9741236021E-01
    1525   9.9674688511E-01
    1526   9.9678130510E-01
    1527   9.9757619794E-01
    1528   9.9917855637E-01
    1529   1.0016440052E+00
    1530   1.0050113665E+00
    1531   1.0092510304E+00
    1532   1.0141157068E+00
    1533   1.0192672258E+00
    1534   1.0242816863E+00
    1535   1.0287444162E+00
    1536   1.0323027443E+00
    1537   1.0346696082E+00
    1538   1.0356394628E+00
    1539   1.0351977672E+00
    1540   1.0335161862E+00
    1541   1.0305788103E+00
    1542   1.0274307669E+00
    1543   1.0244215024E+00
    1544   1.0219084324E+00
    1545   1.0201164724E+00
    1546   1.0191522359E+00
    1547   1.0190397254E+00
    1548   1.0197162147E+00
    1549   1.0210090369E+00
    1550   1.0226489930E+00
    1551   1.0244154744E+00
    1552   1.0257766611E+00
    1553   1.0267399333E+00
    1554   1.0272568336E+00
    1555   1.0272644769E+00
    1556   1.0267652989E+00
    1557   1.0258191884E+00
    1558   1.0245771874E+00
    1559   1.0232617570E+00
    1560   1.0220971989E+00
    1561   1.0212418169E+00
    1562   1.0204924885E+00
    1563   1.0199333590E+00
    1564   1.0193938857E+00
    1565   1.0187354094E+00
    1566   1.0178403529E+00
    1567   1.0165969459E+00
    1568   1.0149417438E+00
    1569   1.0129251343E+00
    1570   1.0107394677E+00
    1571   1.0086679347E+00
    1572   1.0069770582E+00
    1573   1.0058237159E+00
    1574   1.0052345260E+00
    1575   1.0051500430E+00
    1576   1.0054784298E+00
    1577   1.0061130325E+00
    1578   1.0069196657E+00
    1579   1.0077387377E+00
    1580   1.0084365139E+00
    1581   1.0089877796E+00
    1582   1.0094439442E+00
    1583   1.0099887997E+00
    1584   1.0107437819E+00
    1585   1.0117012125E+00
    1586   1.0127340240E+00
    1587   1.0136557486E+00
    1588   1.0142879495E+00
    1589   1.0144826132E+00
    1590   1.0141121551E+00
    1591   1.0130764989E+00
    1592   1.0113530506E+00
    1593   1.0090526180E+00
    1594   1.0064201434E+00
    1595   1.0037616408E+00
    1596   1.0013470518E+00
    1597   9.9935767566E-01
    1598   9.9790363194E-01
    1599   9.9707173742E-01
    1600   9.9694291679E-01
    1601   9.9755703850E-01
    1602   9.9886183624E-01
    1603   1.0006991564E+00
    1604   1.0028481329E+00
    1605   1.0050890280E+00
    1606   1.0072322794E+00
    1607   1.0090970027E+00
    1608   1.0104831621E+00
    1609   1.0111938052E+00
    1610   1.0111135993E+00
    1611   1.0102821138E+00
    1612   1.0088904579E+00
    1613   1.0071938147E+00
    1614   1.0054096325E+00
    1615   1.0036775294E+00
    1616   1.0020924906E+00
    1617   1.0007523899E+00
    1618   9.9975406618E-01
    1619   9.9913356207E-01
    1620   9.9881181097E-01
    1621   9.9860779692E-01
    1622   9.9832105659E-01
    1623   9.9782189290E-01
    1624   9.9708113389E-01
    1625   9.9612991601E-01
    1626   9.9500616406E-01
    1627   9.9374754664E-01
    1628   9.9243359983E-01
    1629   9.9122197331E-01
    1630   9.9032473226E-01
    1631   9.8992910171E-01
    1632   9.9012280721E-01
    1633   9.9087956255E-01
    1634   9.9210576274E-01
    1635   9.9369669172E-01
    1636   9.9554854036E-01
    1637   9.9752366479E-01
    1638   9.9942110350E-01
    1639   1.0010048771E+00
    1640   1.0020870965E+00
    1641   1.0026048070E+00
    1642   1.0026288725E+00
    1643   1.0023055772E+00
    1644   1.0017919931E+00
    1645   1.0012410862E+00
    1646   1.0008296222E+00
    1647   1.0007706526E+00
    1648   1.0012649346E+00
    1649   1.0024106537E+00
    1650   1.0041409408E+00
    1651   1.0062437010E+00
    1652   1.0084502687E+00
    1653   1.0105218354E+00
    1654   1.0122702476E+00
    1655   1.0135188721E+00
    1656   1.0140725414E+00
    1657   1.0137661486E+00
    1658   1.0125234309E+00
    1659   1.0104220923E+00
    1660   1.0078157280E+00
    1661   1.0050161796E+00
    1662   1.0023382774E+00
    1663   1.0000510293E+00
    1664   9.9839990812E-01
    1665   9.9761793881E-01
    1666   9.9788349853E-01
    1667   9.9924265719E-01
    1668   1.0015570937E+00
    1669   1.0045252502E+00
    1670   1.0077668516E+00
    1671   1.0109116330E+00
    1672   1.0136400466E+00
    1673   1.0156786603E+00
    1674   1.0168024612E+00
    1675   1.0168809632E+00
    1676   1.0159408305E+00
    1677   1.0141766041E+00
    1678   1.0118763231E+00
    1679   1.0093035475E+00
    1680   1.0066208012E+00
    1681   1.0039007974E+00
    1682   1.0011956926E+00
    1683   9.9858965938E-01
    1684   9.9619059722E-01
    1685   9.9408082217E-01
    1686   9.9228573216E-01
    1687   9.9079286804E-01
    1688   9.8959862716E-01
    1689   9.8872678245E-01
    1690   9.8819089700E-01
    1691   9.8792850091E-01
    1692   9.8777000781E-01
    1693   9.8748262928E-01
    1694   9.8687008395E-01
    1695   9.8585953217E-01
    1696   9.8451884558E-01
    1697   9.8300351391E-01
    1698   9.8145219589E-01
    1699   9.8004061675E-01
    1700   9.7902176304E-01
    1701   9.7836927316E-01
    1702   9.7823573480E-01
    1703   9.7864180008E-01
    1704   9.7948730817E-01
    1705   9.8056918207E-01
    1706   9.8165158588E-01
    1707   9.8254627672E-01
    1708   9.8315132179E-01
    1709   9.8343310245E-01
    1710   9.8338899765E-01
    1711   9.8302097183E-01
    1712   9.8239187257E-01
    1713   9.8178185460E-01
    1714   9.8129485582E-01
    1715   9.8121247919E-01
    1716   9.8170258983E-01
    1717   9.8280981123E-01
    1718   9.8447847411E-01
    1719   9.8659944792E-01
    1720   9.8903590236E-01
    1721   9.9160907247E-01
    1722   9.9407701916E-01
    1723   9.9615572619E-01
    1724   9.9759926160E-01
    1725   9.9829471500E-01
    1726   9.9829903365E-01
    1727   9.9778537478E-01
    1728   9.9694277070E-01
    1729   9.9590556089E-01
    1730   9.9475477874E-01
    1731   9.9356261112E-01
    1732   9.9241447001E-01
    1733   9.9137504626E-01
    1734   9.9043174174E-01
    1735   9.8947752849E-01
    1736   9.8835160304E-01
    1737   9.8694937436E-01
    1738   9.8533068910E-01
    1739   9.8351394606E-01
    1740   9.8162501943E-01
    1741   9.7975150062E-01
    1742   9.7797201614E-01
    1743   9.7639622351E-01
    1744   9.7517356580E-01
    1745   9.7444477728E-01
    1746   9.7426920358E-01
    1747   9.7458575321E-01
    1748   9.7518294693E-01
    1749   9.7600432566E-01
    1750   9.7701146231E-01
    1751   9.7797806423E-01
    1752   9.7899450556E-01
    1753   9.8004111321E-01
    1754   9.8107470320E-01
    1755   9.8206871692E-01
    1756   9.8304324219E-01
    1757   9.8404379149E-01
    1758   9.8508201110E-01
    1759   9.8609450356E-01
    1760   9.8697007423E-01
    1761   9.8763431245E-01
    1762   9.8811967036E-01
    1763   9.8855875729E-01
    1764   9.8908973058E-01
    1765   9.8984057004E-01
    1766   9.9077895244E-01
    1767   9.9182954131E-01
    1768   9.9294482990E-01
    1769   9.9406935307E-01
    1770   9.9510682776E-01
    1771   9.9588450752E-01
    1772   9.9618489564E-01
    1773   9.9583794901E-01
    1774   9.9480097818E-01
    1775   9.9316238235E-01
    1776   9.9107382303E-01
    1777   9.8867794068E-01
    1778   9.8609502110E-01
    1779   9.8346442186E-01
    1780   9.8097842131E-01
    1781   9.7885896331E-01
    1782   9.7728625311E-01
    1783   9.7633604408E-01
    1784   9.7597295176E-01
    1785   9.7602620659E-01
    1786   9.7665247011E-01
    1787   9.7762601359E-01
    1788   9.7883619783E-01
    1789   9.8021790170E-01
    1790   9.8164236209E-01
    1791   9.8302183314E-01
    1792   9.8435564467E-01
    1793   9.8571618710E-01
    1794   9.8718140474E-01
    1795   9.8877265426E-01
    1796   9.9045150289E-01
    1797   9.9217222013E-01
    1798   9.9393115790E-01
    1799   9.9575832345E-01
    1800   9.9765393770E-01
    1801   9.9953176441E-01
    1802   1.0012263842E+00
    1803   1.0025604060E+00
    1804   1.0034092905E+00
    1805   1.0037094490E+00
    1806   1.0034176358E+00
    1807   1.0024845474E+00
    1808   1.0008872157E+00
    1809   9.9869676765E-01
    1810   9.9611041659E-01
    1811   9.9340523195E-01
    1812   9.9084243327E-01
    1813   9.8859570181E-01
    1814   9.8672312386E-01
    1815   9.8529639109E-01
    1816   9.8436830272E-01
    1817   9.8385855358E-01
    1818   9.8370328375E-01
    1819   9.8372857231E-01
    1820   9.8372442520E-01
    1821   9.8352968212E-01
    1822   9.8309281009E-01
    1823   9.8247193397E-01
    1824   9.8178952435E-01
    1825   9.8119062065E-01
    1826   9.8083404046E-01
    1827   9.8089853421E-01
    1828   9.8156272533E-01
    1829   9.8291398268E-01
    1830   9.8505842725E-01
    1831   9.8772654089E-01
    1832   9.9061787611E-01
    1833   9.9343478627E-01
    1834   9.9589569451E-01
    1835   9.9778539109E-01
    1836   9.9894921548E-01
    1837   9.9929855834E-01
    1838   9.9885016745E-01
    1839   9.9776425135E-01
    1840   9.9633145829E-01
    1841   9.9489343525E-01
    1842   9.9374367986E-01
    1843   9.9306867670E-01
    1844   9.9295254818E-01
    1845   9.9340893310E-01
    1846   9.9439592373E-01
    1847   9.9579927772E-01
    1848   9.9741744609E-01
    1849   9.9898882927E-01
    1850   1.0002685666E+00
    1851   1.0011071746E+00
    1852   1.0014795867E+00
    1853   1.0014509863E+00
    1854   1.0011226708E+00
    1855   1.0006055803E+00
    1856   1.0000311378E+00
    1857   9.9955764467E-01
    1858   9.9933801729E-01
    1859   9.9945639794E-01
    1860   9.9988357892E-01
    1861   1.0004890618E+00
    1862   1.0011041873E+00
    1863   1.0015842839E+00
    1864   1.0018293571E+00
    1865   1.0017657252E+00
    1866   1.0013309541E+00
    1867   1.0004910732E+00
    1868   9.9927864300E-01
    1869   9.9780607262E-01
    1870   9.9623282373E-01
    1871   9.9471115987E-01
    1872   9.9335901485E-01
    1873   9.9227844496E-01
    1874   9.9159363665E-01
    1875   9.9145833658E-01
    1876   9.9201366028E-01
    1877   9.9332437518E-01
    1878   9.9534259914E-01
    1879   9.9792166235E-01
    1880   1.0008624956E+00
    1881   1.0039490053E+00
    1882   1.0069509499E+00
    1883   1.0096164961E+00
    1884   1.0116943803E+00
    1885   1.0129953594E+00
    1886   1.0134571577E+00
    1887   1.0131597632E+00
    1888   1.0122760089E+00
    1889   1.0109978028E+00
    1890   1.0094889071E+00
    1891   1.0078783654E+00
    1892   1.0062680115E+00
    1893   1.0047230809E+00
    1894   1.0032492425E+00
    1895   1.0017916279E+00
    1896   1.0002761910E+00
    1897   9.9867188505E-01
    1898   9.9702707297E-01
    1899   9.9545097439E-01
    1900   9.9405714385E-01
    1901   9.9291818139E-01
    1902   9.9206057100E-01
    1903   9.9148740206E-01
    1904   9.9119457167E-01
    1905   9.9116055790E-01
    1906   9.9132444963E-01
    1907   9.9158686282E-01
    1908   9.9184422827E-01
    1909   9.9203222600E-01
    1910   9.9214163914E-01
    1911   9.9219319926E-01
    1912   9.9219587988E-01
    1913   9.9213149145E-01
    1914   9.9197789748E-01
    1915   9.9174574144E-01
    1916   9.9148982089E-01
    1917   9.9128064725E-01
    1918   9.9115825105E-01
    1919   9.9110791329E-01
    1920   9.9106950726E-01
    1921   9.9096249052E-01
    1922   9.9069990272E-01
    1923   9.9018673617E-01
    1924   9.8932367321E-01
    1925   9.8802370610E-01
    1926   9.8630091071E-01
    1927   9.8433213481E-01
    1928   9.8227169086E-01
    1929   9.8039509746E-01
    1930   9.7892688826E-01
    1931   9.7803069831E-01
    1932   9.7781391242E-01
    1933   9.7833846912E-01
    1934   9.7961369399E-01
    1935   9.8157282707E-01
    1936   9.8405971859E-01
    1937   9.8685021262E-01
    1938   9.8970447851E-01
    1939   9.9242050150E-01
    1940   9.9485999676E-01
    1941   9.9694426400E-01
    1942   9.9864528170E-01
    1943   9.9999261719E-01
    1944   1.0010868622E+00
    1945   1.0020884384E+00
    1946   1.0031663288E+00
    1947   1.0044287522E+00
    1948   1.0058820962E+00
    1949   1.0074454232E+00
    1950   1.0090045048E+00
    1951   1.0104608776E+00
    1952   1.0117460576E+00
    1953   1.0128094847E+00
    1954   1.0136124022E+00
    1955   1.0141426166E+00
    1956   1.0144304164E+00
    1957   1.0145343864E+00
    1958   1.0144954444E+00
    1959   1.0142944644E+00
    1960   1.0138550566E+00
    1961   1.0130949237E+00
    1962   1.0119853449E+00
    1963   1.0105717556E+00
    1964   1.0089465061E+00
    1965   1.0072060297E+00
    1966   1.0054306800E+00
    1967   1.0036916856E+00
    1968   1.0020573432E+00
    1969   1.0005724029E+00
    1970   9.9922037665E-01
    1971   9.9790466784E-01
    1972   9.9647621264E-01
    1973   9.9479662664E-01
    1974   9.9279779912E-01
    1975   9.9050466383E-01
    1976   9.8802402463E-01
    1977   9.8552579779E-01
    1978   9.8323625085E-01
    1979   9.8143305202E-01
    1980   9.8041757086E-01
    1981   9.8045375009E-01
    1982   9.8169454341E-01
    1983   9.8413221917E-01
    1984   9.8759738344E-01
    1985   9.9180034944E-01
    1986   9.9638627366E-01
    1987   1.0009765047E+00
    1988   1.0051947097E+00
    1989   1.0086983150E+00
    1990   1.0112286396E+00
    1991   1.0126631310E+00
    1992   1.0130351995E+00
    1993   1.0125031968E+00
    1994   1.0112879056E+00
    1995   1.0096184710E+00
    1996   1.0077106476E+00
    1997   1.0057664154E+00
    1998   1.0039678481E+00
    1999   1.0024533450E+00
    2000   1.0012917793E+00
    2001   1.0004793733E+00
    2002   9.9996561908E-01
    2003   9.9968680645E-01
    2004   9.9957925889E-01
    2005   9.9956484809E-01
    2006   9.9952935519E-01
    2007   9.9932348732E-01
    2008   9.9879645837E-01
    2009   9.9784261138E-01
    2010   9.9643183446E-01
    2011   9.9461060708E-01
    2012   9.9248502204E-01
    2013   9.9020593840E-01
    2014   9.8796222732E-01
    2015   9.8596987131E-01
    2016   9.8444318725E-01
    2017   9.8355054993E-01
    2018   9.8337302408E-01
    2019   9.8388664557E-01
    2020   9.8497429610E-01
    2021   9.8645461372E-01
    2022   9.8810309540E-01
    2023   9.8976166316E-01
    2024   9.9117962945E-01
    2025   9.9222398196E-01
    2026   9.9283956726E-01
    2027   9.9305213503E-01
    2028   9.9296321067E-01
    2029   9.9271456437E-01
    2030   9.9244803583E-01
    2031   9.9227629354E-01
    2032   9.9226945277E-01
    2033   9.9245121937E-01
    2034   9.9279811007E-01
    2035   9.9324345552E-01
    2036   9.9369263661E-01
    2037   9.9404906250E-01
    2038   9.9424328883E-01
    2039   9.9425254238E-01
    2040   9.9410404091E-01
    2041   9.9386584091E-01
    2042   9.9363374461E-01
    2043   9.9351485344E-01
    2044   9.9360623647E-01
    2045   9.9396779493E-01
    2046   9.9459705796E-01
    2047   9.9541933309E-01
    2048   9.9630299336E-01
    2049   9.9709157284E-01
    2050   9.9763987544E-01
    2051   9.9784201475E-01
    2052   9.9765044080E-01
    2053   9.9709074186E-01
    2054   9.9627230547E-01
    2055   9.9537970667E-01
    2056   9.9463677410E-01
    2057   9.9424928660E-01
    2058   9.9434926568E-01
    2059   9.9496573268E-01
    2060   9.9603133853E-01
    2061   9.9740832527E-01
    2062   9.9891675213E-01
    2063   1.0003577276E+00
    2064   1.0015399146E+00
    2065   1.0023178565E+00
    2066   1.0026339106E+00
    2067   1.0025333612E+00
    2068   1.0021358981E+00
    2069   1.0015755470E+00
    2070   1.0009452722E+00
    2071   1.0002786246E+00
    2072   9.9957067053E-01
    2073   9.9880772485E-01
    2074   9.9798153057E-01
    2075   9.9708715479E-01
    2076   9.9612368238E-01
    2077   9.9511168514E-01
    2078   9.9411640923E-01
    2079   9.9323783609E-01
    2080   9.9260445866E-01
    2081   9.9227300176E-01
    2082   9.9221135844E-01
    2083   9.9234126877E-01
    2084   9.9257778365E-01
    2085   9.9288453952E-01
    2086   9.9328394295E-01
    2087   9.9382989669E-01
    2088   9.9457378078E-01
    2089   9.9555184987E-01
    2090   9.9679218042E-01
    2091   9.9831333647E-01
    2092   1.0000988992E+00
    2093   1.0020646549E+00
    2094   1.0040542642E+00
    2095   1.0058842560E+00
    2096   1.0074171233E+00
    2097   1.0086100343E+00
    2098   1.0095050318E+00
    2099   1.0101756920E+00
    2100   1.0106770627E+00
    2101   1.0110427799E+00
    2102   1.0112892082E+00
    2103   1.0113941473E+00
    2104   1.0114205480E+00
    2105   1.0113186440E+00
    2106   1.0110156107E+00
    2107   1.0104439103E+00
    2108   1.0095941678E+00
    2109   1.0085322913E+00
    2110   1.0073630427E+00
    2111   1.0061726480E+00
    2112   1.0049997164E+00
    2113   1.0038539623E+00
    2114   1.0027567464E+00
    2115   1.0017579722E+00
    2116   1.0009124620E+00
    2117   1.0002412625E+00
    2118   9.9971813721E-01
    2119   9.9929482742E-01
    2120   9.9894076124E-01
    2121   9.9865778440E-01
    2122   9.9845833056E-01
    2123   9.9833306445E-01
    2124   9.9824517219E-01
    2125   9.9816068139E-01
    2126   9.9808736794E-01
    2127   9.9808174007E-01
    2128   9.9821301010E-01
    2129   9.9851191290E-01
    2130   9.9894603638E-01
    2131   9.9943726323E-01
    2132   9.9990023281E-01
    2133   1.0002646092E+00
    2134   1.0004675687E+00
    2135   1.0004374712E+00
    2136   1.0001020120E+00
    2137   9.9942833365E-01
    2138   9.9846731327E-01
    2139   9.9736116920E-01
    2140   9.9630119902E-01
    2141   9.9546123627E-01
    2142   9.9494964382E-01
    2143   9.9480182365E-01
    2144   9.9500200440E-01
    2145   9.9550453772E-01
    2146   9.9623779707E-01
    2147   9.9709969345E-01
    2148   9.9796770134E-01
    2149   9.9873120159E-01
    2150   9.9932848375E-01
    2151   9.9975923797E-01
    2152   1.0000605676E+00
    2153   1.0002651045E+00
    2154   1.0003751152E+00
    2155   1.0003706803E+00
    2156   1.0002401381E+00
    2157   1.0000042474E+00
    2158   9.9971505154E-01
    2159   9.9943699833E-01
    2160   9.9923378769E-01
    2161   9.9917562735E-01
    2162   9.9935694383E-01
    2163   9.9990192260E-01
    2164   1.0009420838E+00
    2165   1.0025742104E+00
    2166   1.0048239290E+00
    2167   1.0076345610E+00
    2168   1.0108783246E+00
    2169   1.0143716133E+00
    2170   1.0178788472E+00
    2171   1.0211115223E+00
    2172   1.0237470717E+00
    2173   1.0254839773E+00
    2174   1.0261187744E+00
    2175   1.0256299344E+00
    2176   1.0241675218E+00
    2177   1.0217793858E+00
    2178   1.0190900421E+00
    2179   1.0163925261E+00
    2180   1.0140336994E+00
    2181   1.0123298736E+00
    2182   1.0115090738E+00
    2183   1.0116697507E+00
    2184   1.0127670375E+00
    2185   1.0146417519E+00
    2186   1.0170788411E+00
    2187   1.0198626413E+00
    2188   1.0228006794E+00
    2189   1.0257349138E+00
    2190   1.0286090245E+00
    2191   1.0308832105E+00
    2192   1.0327350701E+00
    2193   1.0340752476E+00
    2194   1.0348437305E+00
    2195   1.0350160638E+00
    2196   1.0345552036E+00
    2197   1.0335321095E+00
    2198   1.0317906803E+00
    2199   1.0293353332E+00
    2200   1.0266612236E+00
    2201   1.0237629062E+00
    2202   1.0207565012E+00
    2203   1.0177359052E+00
    2204   1.0148000886E+00
    2205   1.0120612177E+00
    2206   1.0096162218E+00
    2207   1.0075051322E+00
    2208   1.0056962408E+00
    2209   1.0041113800E+00
    2210   1.0026709325E+00
    2211   1.0013201665E+00
    2212   1.0000223412E+00
    2213   9.9873894105E-01
    2214   9.9743119861E-01
    2215   9.9609007552E-01
    2216   9.9477087262E-01
    2217   9.9359627811E-01
    2218   9.9271827736E-01
    2219   9.9226569842E-01
    2220   9.9231587829E-01
    2221   9.9290164158E-01
    2222   9.9403388934E-01
    2223   9.9570728952E-01
    2224   9.9787870047E-01
    2225   1.0004410688E+00
    2226   1.0032268313E+00
    2227   1.0060493155E+00
    2228   1.0087566379E+00
    2229   1.0112582172E+00
    2230   1.0135095299E+00
    2231   1.0154811456E+00
    2232   1.0171508603E+00
    2233   1.0185370590E+00
    2234   1.0197477928E+00
    2235   1.0207064262E+00
    2236   1.0216506634E+00
    2237   1.0225684566E+00
    2238   1.0233831092E+00
    2239   1.0240000712E+00
    2240   1.0243408266E+00
    2241   1.0243547324E+00
    2242   1.0239989119E+00
    2243   1.0232276331E+00
    2244   1.0220751998E+00
    2245   1.0204881563E+00
    2246   1.0186736535E+00
    2247   1.0169926947E+00
    2248   1.0156410790E+00
    2249   1.0148097910E+00
    2250   1.0146090408E+00
    2251   1.0150824260E+00
    2252   1.0162128882E+00
    2253   1.0179018743E+00
    2254   1.0199459597E+00
    2255   1.0220533071E+00
    2256   1.0239132908E+00
    2257   1.0253244184E+00
    2258   1.0261489003E+00
    2259   1.0261284340E+00
    2260   1.0255897789E+00
    2261   1.0245188538E+00
    2262   1.0230427895E+00
    2263   1.0213656892E+00
    2264   1.0197323448E+00
    2265   1.0183618397E+00
    2266   1.0173915885E+00
    2267   1.0168734438E+00
    2268   1.0168140358E+00
    2269   1.0172270984E+00
    2270   1.0181164453E+00
    2271   1.0192795253E+00
    2272   1.0206915844E+00
    2273   1.0220935556E+00
    2274   1.0232559354E+00
    2275   1.0240021460E+00
    2276   1.0242080051E+00
    2277   1.0237773317E+00
    2278   1.0226354731E+00
    2279   1.0207636902E+00
    2280   1.0182452764E+00
    2281   1.0152823791E+00
    2282   1.0120903161E+00
    2283   1.0088851385E+00
    2284   1.0058835202E+00
    2285   1.0031635320E+00
    2286   1.0008303140E+00
    2287   9.9899825641E-01
    2288   9.9776807268E-01
    2289   9.9719257647E-01
    2290   9.9726748868E-01
    2291   9.9795433886E-01
    2292   9.9920722862E-01
    2293   1.0009687316E+00
    2294   1.0031351648E+00
    2295   1.0055258101E+00
    2296   1.0078966839E+00
    2297   1.0100006517E+00
    2298   1.0116525669E+00
    2299   1.0127513464E+00
    2300   1.0132552155E+00
    2301   1.0131488184E+00
    2302   1.0124441888E+00
    2303   1.0112137383E+00
    2304   1.0096133405E+00
    2305   1.0078575119E+00
    2306   1.0061564541E+00
    2307   1.0046597305E+00
    2308   1.0034437028E+00
    2309   1.0025373102E+00
    2310   1.0019491231E+00
    2311   1.0016660667E+00
    2312   1.0016332681E+00
    2313   1.0017485764E+00
    2314   1.0018934794E+00
    2315   1.0019840905E+00
    2316   1.0020015028E+00
    2317   1.0019742376E+00
    2318   1.0019286722E+00
    2319   1.0018501441E+00
    2320   1.0016860721E+00
    2321   1.0013835452E+00
    2322   1.0009266746E+00
    2323   1.0003450047E+00
    2324   9.9969783194E-01
    2325   9.9905979697E-01
    2326   9.9852434459E-01
    2327   9.9821404886E-01
    2328   9.9827310054E-01
    2329   9.9882984425E-01
    2330   9.9994686882E-01
    2331   1.0015892934E+00
    2332   1.0036293936E+00
    2333   1.0058788163E+00
    2334   1.0081249241E+00
    2335   1.0101545333E+00
    2336   1.0117707582E+00
    2337   1.0128179804E+00
    2338   1.0132236884E+00
    2339   1.0130274327E+00
    2340   1.0122922103E+00
    2341   1.0113011876E+00
    2342   1.0102556519E+00
    2343   1.0093482613E+00
    2344   1.0087398288E+00
    2345   1.0085499126E+00
    2346   1.0088469975E+00
    2347   1.0096302165E+00
    2348   1.0108161033E+00
    2349   1.0122461702E+00
    2350   1.0137184290E+00
    2351   1.0150301885E+00
    2352   1.0160161273E+00
    2353   1.0165734303E+00
    2354   1.0166762012E+00
    2355   1.0163830059E+00
    2356   1.0158352258E+00
    2357   1.0152396009E+00
    2358   1.0148574391E+00
    2359   1.0148721905E+00
    2360   1.0154363682E+00
    2361   1.0166921435E+00
    2362   1.0185936868E+00
    2363   1.0210268029E+00
    2364   1.0237909413E+00
    2365   1.0266226719E+00
    2366   1.0292316604E+00
    2367   1.0313455701E+00
    2368   1.0327758094E+00
    2369   1.0335541796E+00
    2370   1.0332009713E+00
    2371   1.0322880984E+00
    2372   1.0310123186E+00
    2373   1.0295933213E+00
    2374   1.0282821563E+00
    2375   1.0272600544E+00
    2376   1.0266109989E+00
    2377   1.0264015045E+00
    2378   1.0263547504E+00
    2379   1.0262879340E+00
    2380   1.0261409573E+00
    2381   1.0256036852E+00
    2382   1.0244988441E+00
    2383   1.0227430107E+00
    2384   1.0203699069E+00
    2385   1.0175243839E+00
    2386   1.0144331701E+00
    2387   1.0113629462E+00
    2388   1.0085729693E+00
    2389   1.0062651351E+00
    2390   1.0045388762E+00
    2391   1.0033659534E+00
    2392   1.0026011536E+00
    2393   1.0020307398E+00
    2394   1.0014414655E+00
    2395   1.0006884985E+00
    2396   9.9972376655E-01
    2397   9.9860274540E-01
    2398   9.9746707685E-01
    2399   9.9652753730E-01
    2400   9.9601803135E-01
    2401   9.9614741114E-01
    2402   9.9703856804E-01
    2403   9.9867769707E-01
    2404   1.0009024369E+00
    2405   1.0034351462E+00
    2406   1.0059464002E+00
    2407   1.0081311096E+00
    2408   1.0096901674E+00
    2409   1.0104351346E+00
    2410   1.0102748323E+00
    2411   1.0092071730E+00
    2412   1.0073487247E+00
    2413   1.0049069370E+00
    2414   1.0021304621E+00
    2415   9.9925665445E-01
    2416   9.9648455306E-01
    2417   9.9397816351E-01
    2418   9.9188076092E-01
    2419   9.9031528133E-01
    2420   9.8936515893E-01
    2421   9.8904916333E-01
    2422   9.8930917639E-01
    2423   9.9010038781E-01
    2424   9.9125004190E-01
    2425   9.9263748198E-01
    2426   9.9413618240E-01
    2427   9.9561138631E-01
    2428   9.9694184421E-01
    2429   9.9804891728E-01
    2430   9.9891850860E-01
    2431   9.9959473406E-01
    2432   1.0001469583E+00
    2433   1.0006331869E+00
    2434   1.0010855013E+00
    2435   1.0015209260E+00
    2436   1.0019604096E+00
    2437   1.0024345081E+00
    2438   1.0029728072E+00
    2439   1.0035900728E+00
    2440   1.0042836909E+00
    2441   1.0050397674E+00
    2442   1.0058342529E+00
    2443   1.0066191784E+00
    2444   1.0073058049E+00
    2445   1.0077587264E+00
    2446   1.0077831166E+00
    2447   1.0072524030E+00
    2448   1.0060596577E+00
    2449   1.0041766124E+00
    2450   1.0016585299E+00
    2451   9.9864256289E-01
    2452   9.9534053427E-01
    2453   9.9201617989E-01
    2454   9.8893693879E-01
    2455   9.8630893441E-01
    2456   9.8438846607E-01
    2457   9.8317534980E-01
    2458   9.8267982516E-01
    2459   9.8286827985E-01
    2460   9.8367114844E-01
    2461   9.8498783283E-01
    2462   9.8668507486E-01
    2463   9.8860624739E-01
    2464   9.9059170824E-01
    2465   9.9249837669E-01
    2466   9.9420809410E-01
    2467   9.9562557390E-01
    2468   9.9667927520E-01
    2469   9.9733367918E-01
    2470   9.9760618565E-01
    2471   9.9757150390E-01
    2472   9.9734416958E-01
    2473   9.9704651619E-01
    2474   9.9678228640E-01
    2475   9.9662721007E-01
    2476   9.9663149883E-01
    2477   9.9682072180E-01
    2478   9.9719003752E-01
    2479   9.9769950266E-01
    2480   9.9828360614E-01
    2481   9.9887486161E-01
    2482   9.9942572644E-01
    2483   9.9991184934E-01
    2484   1.0003166820E+00
    2485   1.0006143978E+00
    2486   1.0007709740E+00
    2487   1.0007634461E+00
    2488   1.0005980284E+00
    2489   1.0003080522E+00
    2490   9.9993332872E-01
    2491   9.9950014413E-01
    2492   9.9902045121E-01
    2493   9.9850632904E-01
    2494   9.9797793105E-01
    2495   9.9744877515E-01
    2496   9.9689717356E-01
    2497   9.9625053275E-01
    2498   9.9540385906E-01
    2499   9.9426645965E-01
    2500   9.9280821452E-01
    2501   9.9107955622E-01
    2502   9.8919130744E-01
    2503   9.8732111618E-01
    2504   9.8574755204E-01
    2505   9.8465757313E-01
    2506   9.8431641662E-01
    2507   9.8492268021E-01
    2508   9.8656888816E-01
    2509   9.8920977971E-01
    2510   9.9267095317E-01
    2511   9.9669296087E-01
    2512   1.0009857199E+00
    2513   1.0052676440E+00
    2514   1.0092844422E+00
    2515   1.0128214740E+00
    2516   1.0157243343E+00
    2517   1.0179211660E+00
    2518   1.0194249387E+00
    2519   1.0203469690E+00
    2520   1.0206916193E+00
    2521   1.0204606409E+00
    2522   1.0198384253E+00
    2523   1.0188228284E+00
    2524   1.0174956722E+00
    2525   1.0159493430E+00
    2526   1.0142553497E+00
    2527   1.0124481778E+00
    2528   1.0105368968E+00
    2529   1.0085310954E+00
    2530   1.0064566674E+00
    2531   1.0043529752E+00
    2532   1.0022636491E+00
    2533   1.0002391924E+00
    2534   9.9835057746E-01
    2535   9.9669675521E-01
    2536   9.9538894940E-01
    2537   9.9451611391E-01
    2538   9.9411336847E-01
    2539   9.9415632287E-01
    2540   9.9458175973E-01
    2541   9.9531758595E-01
    2542   9.9630133774E-01
    2543   9.9748220470E-01
    2544   9.9881614247E-01
    2545   1.0002666847E+00
    2546   1.0018083465E+00
    2547   1.0034203573E+00
    2548   1.0050625450E+00
    2549   1.0066445214E+00
    2550   1.0080110798E+00
    2551   1.0089620580E+00
    2552   1.0092996202E+00
    2553   1.0088801721E+00
    2554   1.0076483782E+00
    2555   1.0056492475E+00
    2556   1.0030256000E+00
    2557   1.0000084690E+00
    2558   9.9689394633E-01
    2559   9.9400003333E-01
    2560   9.9160749260E-01
    2561   9.8990463359E-01
    2562   9.8895577113E-01
    2563   9.8870316740E-01
    2564   9.8899269569E-01
    2565   9.8960934692E-01
    2566   9.9031227585E-01
    2567   9.9086968076E-01
    2568   9.9109401368E-01
    2569   9.9087535730E-01
    2570   9.9019964559E-01
    2571   9.8914357253E-01
    2572   9.8784719581E-01
    2573   9.8647829347E-01
    2574   9.8520055649E-01
    2575   9.8415115896E-01
    2576   9.8338487343E-01
    2577   9.8306606852E-01
    2578   9.8310362439E-01
    2579   9.8340105397E-01
    2580   9.8387309903E-01
    2581   9.8441612682E-01
    2582   9.8495790666E-01
    2583   9.8546966519E-01
    2584   9.8596107724E-01
    2585   9.8646901823E-01
    2586   9.8704691157E-01
    2587   9.8775599566E-01
    2588   9.8865018567E-01
    2589   9.8975392331E-01
    2590   9.9104233820E-01
    2591   9.9243950723E-01
    2592   9.9383961648E-01
    2593   9.9514182963E-01
    2594   9.9627700712E-01
    2595   9.9721314709E-01
    2596   9.9794358919E-01
    2597   9.9847517867E-01
    2598   9.9882613875E-01
    2599   9.9903055541E-01
    2600   9.9913477686E-01
    2601   9.9918028825E-01
    2602   9.9918259377E-01
    2603   9.9912377698E-01
    2604   9.9896433063E-01
    2605   9.9866462906E-01
    2606   9.9819704447E-01
    2607   9.9754154532E-01
    2608   9.9667427807E-01
    2609   9.9556592716E-01
    2610   9.9418732960E-01
    2611   9.9255004710E-01
    2612   9.9069464301E-01
    2613   9.8866973351E-01
    2614   9.8655039568E-01
    2615   9.8441934211E-01
    2616   9.8237981548E-01
    2617   9.8055943076E-01
    2618   9.7909339345E-01
    2619   9.7808836214E-01
    2620   9.7758580919E-01
    2621   9.7754593131E-01
    2622   9.7785953819E-01
    2623   9.7837773813E-01
    2624   9.7891756231E-01
    2625   9.7933485377E-01
    2626   9.7966286867E-01
    2627   9.7965728890E-01
    2628   9.7941514125E-01
    2629   9.7907201119E-01
    2630   9.7883621233E-01
    2631   9.7894113301E-01
    2632   9.7957770785E-01
    2633   9.8084111993E-01
    2634   9.8270888453E-01
    2635   9.8504882808E-01
    2636   9.8764135589E-01
    2637   9.9020407188E-01
    2638   9.9241834022E-01
    2639   9.9396881819E-01
    2640   9.9459704254E-01
    2641   9.9415977629E-01
    2642   9.9267683619E-01
    2643   9.9028603979E-01
    2644   9.8723541320E-01
    2645   9.8381176295E-01
    2646   9.8030435687E-01
    2647   9.7698408404E-01
    2648   9.7408701095E-01
    2649   9.7179308456E-01
    2650   9.7020156971E-01
    2651   9.6931767902E-01
    2652   9.6901381001E-01
    2653   9.6912588414E-01
    2654   9.6987824230E-01
    2655   9.7069033359E-01
    2656   9.7159264699E-01
    2657   9.7253180189E-01
    2658   9.7346163949E-01
    2659   9.7436270720E-01
    2660   9.7524274096E-01
    2661   9.7612575406E-01
    2662   9.7696002172E-01
    2663   9.7794751982E-01
    2664   9.7892025660E-01
    2665   9.7979329283E-01
    2666   9.8059116787E-01
    2667   9.8133246051E-01
    2668   9.8206644873E-01
    2669   9.8284160476E-01
    2670   9.8367279895E-01
    2671   9.8452930267E-01
    2672   9.8534572072E-01
    2673   9.8604337569E-01
    2674   9.8654480777E-01
    2675   9.8677818688E-01
    2676   9.8668084310E-01
    2677   9.8618477908E-01
    2678   9.8536949877E-01
    2679   9.8429460948E-01
    2680   9.8306696941E-01
    2681   9.8185986628E-01
    2682   9.8080212904E-01
    2683   9.7997383771E-01
    2684   9.7941111173E-01
    2685   9.7912606939E-01
    2686   9.7912043751E-01
    2687   9.7938262316E-01
    2688   9.7987589099E-01
    2689   9.8053668999E-01
    2690   9.8127373626E-01
    2691   9.8203966636E-01
    2692   9.8292774833E-01
    2693   9.8380644693E-01
    2694   9.8474411915E-01
    2695   9.8573679114E-01
    2696   9.8674674615E-01
    2697   9.8772232318E-01
    2698   9.8861420499E-01
    2699   9.8937560995E-01
    2700   9.8994952615E-01
    2701   9.9026400592E-01
    2702   9.9025256730E-01
    2703   9.8989321526E-01
    2704   9.8923711264E-01
    2705   9.8840101081E-01
    2706   9.8752438005E-01
    2707   9.8671935876E-01
    2708   9.8604456640E-01
    2709   9.8550856266E-01
    2710   9.8506278256E-01
    2711   9.8477790341E-01
    2712   9.8452673534E-01
    2713   9.8423157511E-01
    2714   9.8382100073E-01
    2715   9.8323898042E-01
    2716   9.8249157607E-01
    2717   9.8164799443E-01
    2718   9.8080372441E-01
    2719   9.8003082204E-01
    2720   9.7935032072E-01
    2721   9.7874202400E-01
    2722   9.7817585453E-01
    2723   9.7760838991E-01
    2724   9.7701621458E-01
    2725   9.7660557378E-01
    2726   9.7613398086E-01
    2727   9.7568357896E-01
    2728   9.7532608746E-01
    2729   9.7517922669E-01
    2730   9.7538450207E-01
    2731   9.7605391997E-01
    2732   9.7722714196E-01
    2733   9.7886399926E-01
    2734   9.8085360047E-01
    2735   9.8309015743E-01
    2736   9.8553498215E-01
    2737   9.8792245524E-01
    2738   9.9018116202E-01
    2739   9.9221435122E-01
    2740   9.9397999917E-01
    2741   9.9550809583E-01
    2742   9.9686793569E-01
    2743   9.9810265312E-01
    2744   9.9917448432E-01
    2745   9.9996132791E-01
    2746   1.0003059011E+00
    2747   1.0000815514E+00
    2748   9.9923186660E-01
    2749   9.9777242004E-01
    2750   9.9577547619E-01
    2751   9.9336377202E-01
    2752   9.9071274209E-01
    2753   9.8803915527E-01
    2754   9.8556031546E-01
    2755   9.8343970633E-01
    2756   9.8175410728E-01
    2757   9.8050653157E-01
    2758   9.7967357108E-01
    2759   9.7925053733E-01
    2760   9.7925794893E-01
    2761   9.7965902417E-01
    2762   9.8060303632E-01
    2763   9.8187882955E-01
    2764   9.8333243179E-01
    2765   9.8485099091E-01
    2766   9.8629404726E-01
    2767   9.8752442168E-01
    2768   9.8840544209E-01
    2769   9.8882114735E-01
    2770   9.8872024928E-01
    2771   9.8815456757E-01
    2772   9.8727689943E-01
    2773   9.8629094205E-01
    2774   9.8538278520E-01
    2775   9.8467364443E-01
    2776   9.8421208834E-01
    2777   9.8399205103E-01
    2778   9.8393604940E-01
    2779   9.8403568668E-01
    2780   9.8416320797E-01
    2781   9.8412616287E-01
    2782   9.8384909987E-01
    2783   9.8329761181E-01
    2784   9.8252616336E-01
    2785   9.8165229328E-01
    2786   9.8080821758E-01
    2787   9.8010150073E-01
    2788   9.7960441178E-01
    2789   9.7936380359E-01
    2790   9.7940931492E-01
    2791   9.7974306884E-01
    2792   9.8027442140E-01
    2793   9.8108228626E-01
    2794   9.8196329214E-01
    2795   9.8282416231E-01
    2796   9.8367590503E-01
    2797   9.8453936138E-01
    2798   9.8544720757E-01
    2799   9.8641583807E-01
    2800   9.8743847050E-01
    2801   9.8849654460E-01
    2802   9.8957050255E-01
    2803   9.9063370528E-01
    2804   9.9163675605E-01
    2805   9.9250081162E-01
    2806   9.9313422409E-01
    2807   9.9346407128E-01
    2808   9.9345855252E-01
    2809   9.9312196200E-01
    2810   9.9247143464E-01
    2811   9.9151956352E-01
    2812   9.9028235973E-01
    2813   9.8880638326E-01
    2814   9.8716166405E-01
    2815   9.8556959405E-01
    2816   9.8417664170E-01
    2817   9.8311707344E-01
    2818   9.8252286625E-01
    2819   9.8247003918E-01
    2820   9.8298932607E-01
    2821   9.8405275252E-01
    2822   9.8555498820E-01
    2823   9.8730669584E-01
    2824   9.8905702363E-01
    2825   9.9054510569E-01
    2826   9.9155977773E-01
    2827   9.9198052437E-01
    2828   9.9178929365E-01
    2829   9.9106105596E-01
    2830   9.8994848197E-01
    2831   9.8866562107E-01
    2832   9.8746213004E-01
    2833   9.8657118064E-01
    2834   9.8615576603E-01
    2835   9.8636734423E-01
    2836   9.8705553711E-01
    2837   9.8807978792E-01
    2838   9.8923247033E-01
    2839   9.9029498501E-01
    2840   9.9107576551E-01
    2841   9.9143184979E-01
    2842   9.9128771562E-01
    2843   9.9065200490E-01
    2844   9.8962153280E-01
    2845   9.8835883787E-01
    2846   9.8704633711E-01
    2847   9.8583634789E-01
    2848   9.8482049439E-01
    2849   9.8402770198E-01
    2850   9.8344242427E-01
    2851   9.8302395799E-01
    2852   9.8271687343E-01
    2853   9.8241227029E-01
    2854   9.8213718491E-01
    2855   9.8182680416E-01
    2856   9.8140629114E-01
    2857   9.8094162327E-01
    2858   9.8048524527E-01
    2859   9.8008577808E-01
    2860   9.7977330584E-01
    2861   9.7956494796E-01
    2862   9.7948449223E-01
    2863   9.7957643718E-01
    2864   9.7990106423E-01
    2865   9.8051295857E-01
    2866   9.8139911620E-01
    2867   9.8264011819E-01
    2868   9.8416177449E-01
    2869   9.8581072208E-01
    2870   9.8752314122E-01
    2871   9.8916322890E-01
    2872   9.9057765766E-01
    2873   9.9162679073E-01
    2874   9.9222706587E-01
    2875   9.9238019422E-01
    2876   9.9216877327E-01
    2877   9.9172004294E-01
    2878   9.9116026834E-01
    2879   9.9058348415E-01
    2880   9.9004374151E-01
    2881   9.8956080620E-01
    2882   9.8912495465E-01
    2883   9.8869828437E-01
    2884   9.8822295662E-01
    2885   9.8764421004E-01
    2886   9.8694332382E-01
    2887   9.8616070232E-01
    2888   9.8537615286E-01
    2889   9.8470437777E-01
    2890   9.8432765461E-01
    2891   9.8419412279E-01
    2892   9.8433886135E-01
    2893   9.8473596867E-01
    2894   9.8533449779E-01
    2895   9.8606171683E-01
    2896   9.8682358331E-01
    2897   9.8751659249E-01
    2898   9.8805271931E-01
    2899   9.8838318420E-01
    2900   9.8850276171E-01
    2901   9.8843038152E-01
    2902   9.8818385710E-01
    2903   9.8777070624E-01
    2904   9.8720439957E-01
    2905   9.8653238709E-01
    2906   9.8585154788E-01
    2907   9.8526504054E-01
    2908   9.8498875420E-01
    2909   9.8512870671E-01
    2910   9.8572666229E-01
    2911   9.8685183509E-01
    2912   9.8849959594E-01
    2913   9.9059622861E-01
    2914   9.9298312992E-01
    2915   9.9542373986E-01
    2916   9.9764361766E-01
    2917   9.9939009068E-01
    2918   1.0004820559E+00
    2919   1.0008265073E+00
    2920   1.0004074110E+00
    2921   9.9926921511E-01
    2922   9.9751344581E-01
    2923   9.9530284019E-01
    2924   9.9285356262E-01
    2925   9.9040244404E-01
    2926   9.8816373662E-01
    2927   9.8629960611E-01
    2928   9.8491966449E-01
    2929   9.8409944921E-01
    2930   9.8389532054E-01
    2931   9.8433721342E-01
    2932   9.8540617573E-01
    2933   9.8701777723E-01
    2934   9.8902995514E-01
    2935   9.9126981688E-01
    2936   9.9360577762E-01
    2937   9.9587365030E-01
    2938   9.9796820945E-01
    2939   9.9979657523E-01
    2940   1.0012803650E+00
    2941   1.0023808650E+00
    2942   1.0031103674E+00
    2943   1.0035162311E+00
    2944   1.0036470958E+00
    2945   1.0035232178E+00
    2946   1.0031452890E+00
    2947   1.0025362336E+00
    2948   1.0017567382E+00
    2949   1.0009145452E+00
    2950   1.0001331733E+00
    2951   9.9951877072E-01
    2952   9.9914794110E-01
    2953   9.9907698875E-01
    2954   9.9935304799E-01
    2955   1.0000054642E+00
    2956   1.0010205441E+00
    2957   1.0023227081E+00
    2958   1.0037830007E+00
    2959   1.0052522400E+00
    2960   1.0065953972E+00
    2961   1.0077028162E+00
    2962   1.0084801260E+00
    2963   1.0088420790E+00
    2964   1.0087313627E+00
    2965   1.0081556985E+00
    2966   1.0072139618E+00
    2967   1.0060840584E+00
    2968   1.0049761345E+00
    2969   1.0040816599E+00
    2970   1.0035455699E+00
    2971   1.0034633744E+00
    2972   1.0038847112E+00
    2973   1.0048040080E+00
    2974   1.0061420698E+00
    2975   1.0077422994E+00
    2976   1.0093989709E+00
    2977   1.0109100628E+00
    2978   1.0121262805E+00
    2979   1.0129692755E+00
    2980   1.0134185327E+00
    2981   1.0134929183E+00
    2982   1.0132484874E+00
    2983   1.0127899728E+00
    2984   1.0122735249E+00
    2985   1.0118886525E+00
    2986   1.0118018757E+00
    2987   1.0120649007E+00
    2988   1.0127646938E+00
    2989   1.0138516076E+00
    2990   1.0152532034E+00
    2991   1.0168658116E+00
    2992   1.0185485035E+00
    2993   1.0201303566E+00
    2994   1.0214400765E+00
    2995   1.0223474385E+00
    2996   1.0227905241E+00
    2997   1.0227708018E+00
    2998   1.0223246730E+00
    2999   1.0215558942E+00
    3000   1.0203564907E+00
    3001   1.0188820831E+00
    3002   1.0172846929E+00
    3003   1.0156303211E+00
    3004   1.0140193679E+00
    3005   1.0125230711E+00
    3006   1.0111801662E+00
    3007   1.0100037076E+00
    3008   1.0089833959E+00
    3009   1.0080765337E+00
    3010   1.0071975528E+00
    3011   1.0062243795E+00
    3012   1.0050280878E+00
    3013   1.0035153566E+00
    3014   1.0016623343E+00
    3015   9.9952455886E-01
    3016   9.9722428462E-01
    3017   9.9492907014E-01
    3018   9.9283188948E-01
    3019   9.9113408011E-01
    3020   9.9002535737E-01
    3021   9.8965808538E-01
    3022   9.9012098567E-01
    3023   9.9142311858E-01
    3024   9.9349313564E-01
    3025   9.9619149999E-01
    3026   9.9932686133E-01
    3027   1.0026702028E+00
    3028   1.0059672004E+00
    3029   1.0089575337E+00
    3030   1.0114056484E+00
    3031   1.0131388707E+00
    3032   1.0140791643E+00
    3033   1.0142552367E+00
    3034   1.0137902756E+00
    3035   1.0128735257E+00
    3036   1.0117263690E+00
    3037   1.0105706605E+00
    3038   1.0096007760E+00
    3039   1.0089588066E+00
    3040   1.0087146201E+00
    3041   1.0088628951E+00
    3042   1.0093204626E+00
    3043   1.0099238838E+00
    3044   1.0105586573E+00
    3045   1.0110820835E+00
    3046   1.0114019978E+00
    3047   1.0114773954E+00
    3048   1.0113170422E+00
    3049   1.0109718015E+00
    3050   1.0105222162E+00
    3051   1.0100616186E+00
    3052   1.0096756753E+00
    3053   1.0094237310E+00
    3054   1.0093286371E+00
    3055   1.0093797536E+00
    3056   1.0095479646E+00
    3057   1.0098043777E+00
    3058   1.0101317834E+00
    3059   1.0105239728E+00
    3060   1.0109754317E+00
    3061   1.0114694278E+00
    3062   1.0119722189E+00
    3063   1.0124344138E+00
    3064   1.0127980643E+00
    3065   1.0130166076E+00
    3066   1.0129449200E+00
    3067   1.0125947278E+00
    3068   1.0119412980E+00
    3069   1.0110125198E+00
    3070   1.0099037529E+00
    3071   1.0087538182E+00
    3072   1.0077128713E+00
    3073   1.0069082256E+00
    3074   1.0064208804E+00
    3075   1.0062764926E+00
    3076   1.0064446393E+00
    3077   1.0068427861E+00
    3078   1.0073460290E+00
    3079   1.0078079785E+00
    3080   1.0080935044E+00
    3081   1.0081140437E+00
    3082   1.0078479539E+00
    3083   1.0073372397E+00
    3084   1.0066648601E+00
    3085   1.0059281943E+00
    3086   1.0052218955E+00
    3087   1.0046320186E+00
    3088   1.0042312733E+00
    3089   1.0040698179E+00
    3090   1.0041641543E+00
    3091   1.0044946686E+00
    3092   1.0050174541E+00
    3093   1.0056851270E+00
    3094   1.0064605574E+00
    3095   1.0073152397E+00
    3096   1.0082162600E+00
    3097   1.0091176108E+00
    3098   1.0099822127E+00
    3099   1.0107282334E+00
    3100   1.0113507662E+00
    3101   1.0118647576E+00
    3102   1.0122647891E+00
    3103   1.0125426905E+00
    3104   1.0126787788E+00
    3105   1.0126554964E+00
    3106   1.0124691407E+00
    3107   1.0121299548E+00
    3108   1.0116535456E+00
    3109   1.0110579875E+00
    3110   1.0103737927E+00
    3111   1.0096602315E+00
    3112   1.0090087657E+00
    3113   1.0085237374E+00
    3114   1.0082878740E+00
    3115   1.0083342153E+00
    3116   1.0086398692E+00
    3117   1.0091419863E+00
    3118   1.0097600676E+00
    3119   1.0104119568E+00
    3120   1.0110225200E+00
    3121   1.0115493071E+00
    3122   1.0119495468E+00
    3123   1.0122351863E+00
    3124   1.0125395387E+00
    3125   1.0129605928E+00
    3126   1.0136090431E+00
    3127   1.0145613062E+00
    3128   1.0158505677E+00
    3129   1.0174736626E+00
    3130   1.0193968108E+00
    3131   1.0215504425E+00
    3132   1.0238189431E+00
    3133   1.0260410339E+00
    3134   1.0280476312E+00
    3135   1.0297717896E+00
    3136   1.0306618107E+00
    3137   1.0309544447E+00
    3138   1.0305692560E+00
    3139   1.0294747260E+00
    3140   1.0277416476E+00
    3141   1.0255138096E+00
    3142   1.0229966858E+00
    3143   1.0204262729E+00
    3144   1.0180661726E+00
    3145   1.0160138124E+00
    3146   1.0144715050E+00
    3147   1.0135681773E+00
    3148   1.0133120837E+00
    3149   1.0136876774E+00
    3150   1.0146245790E+00
    3151   1.0160155669E+00
    3152   1.0177471699E+00
    3153   1.0197287723E+00
    3154   1.0219039697E+00
    3155   1.0242420834E+00
    3156   1.0267199871E+00
    3157   1.0293952975E+00
    3158   1.0321614127E+00
    3159   1.0347117432E+00
    3160   1.0373477660E+00
    3161   1.0398653902E+00
    3162   1.0421678056E+00
    3163   1.0442415945E+00
    3164   1.0461460935E+00
    3165   1.0469667653E+00
    3166   1.0475662239E+00
    3167   1.0477163638E+00
    3168   1.0474210538E+00
    3169   1.0469251531E+00
    3170   1.0453647405E+00
    3171   1.0437267111E+00
    3172   1.0419958028E+00
    3173   1.0402377730E+00
    3174   1.0386597889E+00
    3175   1.0374657121E+00
    3176   1.0362587599E+00
    3177   1.0357304476E+00
    3178   1.0357298496E+00
    3179   1.0361855832E+00
    3180   1.0369892007E+00
    3181   1.0381257905E+00
    3182   1.0392539412E+00
    3183   1.0399290064E+00
    3184   1.0405473730E+00
    3185   1.0408154721E+00
    3186   1.0406925432E+00
    3187   1.0403110518E+00
    3188   1.0396215766E+00
    3189   1.0383453206E+00
    3190   1.0372032756E+00
    3191   1.0360619905E+00
    3192   1.0350065544E+00
    3193   1.0341254980E+00
    3194   1.0336365063E+00
    3195   1.0333024299E+00
    3196   1.0331865872E+00
    3197   1.0334936201E+00
    3198   1.0340215815E+00
    3199   1.0346613865E+00
    3200   1.0352771502E+00
    3201   1.0358263940E+00
    3202   1.0360316429E+00
    3203   1.0355111363E+00
    3204   1.0346971860E+00
    3205   1.0334378493E+00
    3206   1.0318368830E+00
    3207   1.0300601144E+00
    3208   1.0283109521E+00
    3209   1.0268985016E+00
    3210   1.0257690928E+00
    3211   1.0252408386E+00
    3212   1.0254475697E+00
    3213   1.0263156569E+00
    3214   1.0277450965E+00
    3215   1.0295733809E+00
    3216   1.0316095017E+00
    3217   1.0337078234E+00
    3218   1.0358196044E+00
    3219   1.0372572301E+00
    3220   1.0384569514E+00
    3221   1.0392702709E+00
    3222   1.0396634981E+00
    3223   1.0396675147E+00
    3224   1.0395170055E+00
    3225   1.0386062270E+00
    3226   1.0373645235E+00
    3227   1.0358847462E+00
    3228   1.0340965470E+00
    3229   1.0320661822E+00
    3230   1.0298765230E+00
    3231   1.0276874883E+00
    3232   1.0254711543E+00
    3233   1.0233150637E+00
    3234   1.0215450236E+00
    3235   1.0201680637E+00
    3236   1.0192625074E+00
    3237   1.0188668526E+00
    3238   1.0189823522E+00
    3239   1.0195794232E+00
    3240   1.0205969745E+00
    3241   1.0219342923E+00
    3242   1.0234532337E+00
    3243   1.0250693465E+00
    3244   1.0263130002E+00
    3245   1.0272191513E+00
    3246   1.0276862310E+00
    3247   1.0276218425E+00
    3248   1.0270199010E+00
    3249   1.0259229326E+00
    3250   1.0244203352E+00
    3251   1.0226391191E+00
    3252   1.0207333460E+00
    3253   1.0188455656E+00
    3254   1.0169351962E+00
    3255   1.0152214634E+00
    3256   1.0136898135E+00
    3257   1.0123617729E+00
    3258   1.0112678061E+00
    3259   1.0104312999E+00
    3260   1.0098626103E+00
    3261   1.0095622427E+00
    3262   1.0095286123E+00
    3263   1.0097586575E+00
    3264   1.0102351907E+00
    3265   1.0109092088E+00
    3266   1.0116937044E+00
    3267   1.0124797686E+00
    3268   1.0131680651E+00
    3269   1.0136966342E+00
    3270   1.0140495601E+00
    3271   1.0142467679E+00
    3272   1.0143404120E+00
    3273   1.0143776631E+00
    3274   1.0143442595E+00
    3275   1.0143768272E+00
    3276   1.0144710829E+00
    3277   1.0146120788E+00
    3278   1.0147519759E+00
    3279   1.0148333749E+00
    3280   1.0148241542E+00
    3281   1.0147385552E+00
    3282   1.0146309778E+00
    3283   1.0145690012E+00
    3284   1.0146053686E+00
    3285   1.0147646236E+00
    3286   1.0150434399E+00
    3287   1.0154131670E+00
    3288   1.0158175870E+00
    3289   1.0162017870E+00
    3290   1.0164062613E+00
    3291   1.0163180034E+00
    3292   1.0159605349E+00
    3293   1.0152991601E+00
    3294   1.0143769123E+00
    3295   1.0132566413E+00
    3296   1.0120044745E+00
    3297   1.0106908453E+00
    3298   1.0094007903E+00
    3299   1.0082371320E+00
    3300   1.0073085298E+00
    3301   1.0067100004E+00
    3302   1.0065107709E+00
    3303   1.0067567840E+00
    3304   1.0074794906E+00
    3305   1.0086963995E+00
    3306   1.0103969814E+00
    3307   1.0125230259E+00
    3308   1.0149601618E+00
    3309   1.0175507323E+00
    3310   1.0201886557E+00
    3311   1.0225754822E+00
    3312   1.0245648531E+00
    3313   1.0261229344E+00
    3314   1.0271057979E+00
    3315   1.0274601762E+00
    3316   1.0271991850E+00
    3317   1.0264030403E+00
    3318   1.0251952296E+00
    3319   1.0237141778E+00
    3320   1.0221260300E+00
    3321   1.0203188450E+00
    3322   1.0185594988E+00
    3323   1.0168860691E+00
    3324   1.0153203403E+00
    3325   1.0138857787E+00
    3326   1.0125829101E+00
    3327   1.0114019695E+00
    3328   1.0103370854E+00
    3329   1.0093885755E+00
    3330   1.0085509485E+00
    3331   1.0077983032E+00
    3332   1.0070821282E+00
    3333   1.0063460900E+00
    3334   1.0055471462E+00
    3335   1.0046668654E+00
    3336   1.0037063562E+00
    3337   1.0026725422E+00
    3338   1.0015690236E+00
    3339   1.0003976576E+00
    3340   9.9916434105E-01
    3341   9.9787791666E-01
    3342   9.9653931982E-01
    3343   9.9513006107E-01
    3344   9.9361235449E-01
    3345   9.9194522311E-01
    3346   9.9010738705E-01
    3347   9.8811231336E-01
    3348   9.8600803597E-01
    3349   9.8386692115E-01
    3350   9.8177607917E-01
    3351   9.7983468571E-01
    3352   9.7815380311E-01
    3353   9.7684941812E-01
    3354   9.7596263801E-01
    3355   9.7566098999E-01
    3356   9.7604375735E-01
    3357   9.7685849387E-01
    3358   9.7810506674E-01
    3359   9.7967316891E-01
    3360   9.8143671322E-01
    3361   9.8326094639E-01
    3362   9.8501052844E-01
    3363   9.8656550216E-01
    3364   9.8784224521E-01
    3365   9.8880794921E-01
    3366   9.8947774697E-01
    3367   9.8989517154E-01
    3368   9.9010758821E-01
    3369   9.9015121891E-01
    3370   9.9004483832E-01
    3371   9.8980938325E-01
    3372   9.8950723199E-01
    3373   9.8912223414E-01
    3374   9.8869832073E-01
    3375   9.8827240145E-01
    3376   9.8789714837E-01
    3377   9.8765098643E-01
    3378   9.8763366379E-01
    3379   9.8794633600E-01
    3380   9.8866452908E-01
    3381   9.8981687285E-01
    3382   9.9137721384E-01
    3383   9.9326756960E-01
    3384   9.9536416959E-01
    3385   9.9750257769E-01
    3386   9.9948616685E-01
    3387   1.0011057721E+00
    3388   1.0021728327E+00
    3389   1.0025564131E+00
    3390   1.0022082242E+00
    3391   1.0011652225E+00
    3392   9.9953257761E-01
    3393   9.9745859111E-01
    3394   9.9511238378E-01
    3395   9.9266659629E-01
    3396   9.9028196911E-01
    3397   9.8809235950E-01
    3398   9.8619445130E-01
    3399   9.8464740996E-01
    3400   9.8348313637E-01
    3401   9.8271950849E-01
    3402   9.8232321896E-01
    3403   9.8239304102E-01
    3404   9.8286408396E-01
    3405   9.8359710304E-01
    3406   9.8450679688E-01
    3407   9.8544371663E-01
    3408   9.8625166136E-01
    3409   9.8679183555E-01
    3410   9.8696416592E-01
    3411   9.8672436702E-01
    3412   9.8609550514E-01
    3413   9.8516921622E-01
    3414   9.8409100128E-01
    3415   9.8302883616E-01
    3416   9.8213356387E-01
    3417   9.8150468221E-01
    3418   9.8112664948E-01
    3419   9.8106018883E-01
    3420   9.8121600707E-01
    3421   9.8139456840E-01
    3422   9.8152922962E-01
    3423   9.8152624643E-01
    3424   9.8132508864E-01
    3425   9.8090862135E-01
    3426   9.8030361057E-01
    3427   9.7956956408E-01
    3428   9.7877945873E-01
    3429   9.7800067515E-01
    3430   9.7727436617E-01
    3431   9.7655397961E-01
    3432   9.7611399584E-01
    3433   9.7575847565E-01
    3434   9.7550146742E-01
    3435   9.7536483210E-01
    3436   9.7533100077E-01
    3437   9.7537221909E-01
    3438   9.7545400252E-01
    3439   9.7553968383E-01
    3440   9.7559484277E-01
    3441   9.7551459580E-01
    3442   9.7543822422E-01
    3443   9.7536417221E-01
    3444   9.7516083516E-01
    3445   9.7493415494E-01
    3446   9.7471873063E-01
    3447   9.7454528967E-01
    3448   9.7443454967E-01
    3449   9.7439345936E-01
    3450   9.7441275172E-01
    3451   9.7438947503E-01
    3452   9.7442063818E-01
    3453   9.7449692351E-01
    3454   9.7438303286E-01
    3455   9.7415012997E-01
    3456   9.7381195212E-01
    3457   9.7341470743E-01
    3458   9.7302766399E-01
    3459   9.7272784551E-01
    3460   9.7257187791E-01
    3461   9.7250683198E-01
    3462   9.7289697456E-01
    3463   9.7342802448E-01
    3464   9.7407137021E-01
    3465   9.7479289363E-01
    3466   9.7551075345E-01
    3467   9.7615084606E-01
    3468   9.7665819355E-01
    3469   9.7700073292E-01
    3470   9.7716679811E-01
    3471   9.7708537919E-01
    3472   9.7695780127E-01
    3473   9.7675350151E-01
    3474   9.7644170682E-01
    3475   9.7613576147E-01
    3476   9.7589098704E-01
    3477   9.7574862252E-01
    3478   9.7572927145E-01
    3479   9.7583004988E-01
    3480   9.7602374345E-01
    3481   9.7624262283E-01
    3482   9.7635793268E-01
    3483   9.7653344361E-01
    3484   9.7644723385E-01
    3485   9.7610372404E-01
    3486   9.7552116804E-01
    3487   9.7474848793E-01
    3488   9.7387648390E-01
    3489   9.7302186506E-01
    3490   9.7230899159E-01
    3491   9.7182003234E-01
    3492   9.7158763982E-01
    3493   9.7200201874E-01
    3494   9.7266634529E-01
    3495   9.7358630186E-01
    3496   9.7464276032E-01
    3497   9.7567040045E-01
    3498   9.7651143643E-01
    3499   9.7704555445E-01
    3500   9.7720816789E-01
    3501   9.7698312310E-01
    3502   9.7634777511E-01
    3503   9.7565774099E-01
    3504   9.7481580139E-01
    3505   9.7397487523E-01
    3506   9.7325833136E-01
    3507   9.7272147969E-01
    3508   9.7237105773E-01
    3509   9.7217693079E-01
    3510   9.7209327725E-01
    3511   9.7199441247E-01
    3512   9.7199113943E-01
    3513   9.7216493414E-01
    3514   9.7225444728E-01
    3515   9.7237909259E-01
    3516   9.7254783560E-01
    3517   9.7276571228E-01
    3518   9.7302565601E-01
    3519   9.7330047568E-01
    3520   9.7350629108E-01
    3521   9.7356512074E-01
    3522   9.7369470241E-01
    3523   9.7355510045E-01
    3524   9.7324981765E-01
    3525   9.7281773339E-01
    3526   9.7229351933E-01
    3527   9.7171034325E-01
    3528   9.7109768318E-01
    3529   9.7045505406E-01
    3530   9.6970263576E-01
    3531   9.6927378014E-01
    3532   9.6877234606E-01
    3533   9.6826820057E-01
    3534   9.6779961144E-01
    3535   9.6739512343E-01
    3536   9.6710577056E-01
    3537   9.6694957604E-01
    3538   9.6689209341E-01
    3539   9.6742179824E-01
    3540   9.6800112985E-01
    3541   9.6868624145E-01
    3542   9.6941156519E-01
    3543   9.7006628653E-01
    3544   9.7053595941E-01
    3545   9.7070988001E-01
    3546   9.7039130986E-01
    3547   9.6996534881E-01
    3548   9.6920828512E-01
    3549   9.6824053886E-01
    3550   9.6727273152E-01
    3551   9.6645854611E-01
    3552   9.6592480368E-01
    3553   9.6572548287E-01
    3554   9.6579629062E-01
    3555   9.6667247698E-01
    3556   9.6778120510E-01
    3557   9.6914795469E-01
    3558   9.7070335670E-01
    3559   9.7232899776E-01
    3560   9.7391928863E-01
    3561   9.7539326187E-01
    3562   9.7667220040E-01
    3563   9.7768005904E-01
    3564   9.7856672981E-01
    3565   9.7905432636E-01
    3566   9.7917196157E-01
    3567   9.7891204026E-01
    3568   9.7827542033E-01
    3569   9.7728228639E-01
    3570   9.7597347129E-01
    3571   9.7441721329E-01
    3572   9.7271585181E-01
    3573   9.7092440602E-01
    3574   9.6924428853E-01
    3575   9.6808121074E-01
    3576   9.6715080432E-01
    3577   9.6663105358E-01
    3578   9.6653429002E-01
    3579   9.6683718239E-01
    3580   9.6749043298E-01
    3581   9.6830040950E-01
    3582   9.6941437779E-01
    3583   9.7069551946E-01
    3584   9.7177966853E-01
    3585   9.7271400720E-01
    3586   9.7345601927E-01
    3587   9.7400258413E-01
    3588   9.7437758305E-01
    3589   9.7461941783E-01
    3590   9.7474220101E-01
    3591   9.7477470379E-01
    3592   9.7500971275E-01
    3593   9.7518117994E-01
    3594   9.7536749353E-01
    3595   9.7554005997E-01
    3596   9.7564591960E-01
    3597   9.7564635545E-01
    3598   9.7553740963E-01
    3599   9.7535184335E-01
    3600   9.7513283840E-01
    3601   9.7485071851E-01
    3602   9.7484045484E-01
    3603   9.7488261966E-01
    3604   9.7500875386E-01
    3605   9.7523999561E-01
    3606   9.7553884503E-01
    3607   9.7584089968E-01
    3608   9.7606788883E-01
    3609   9.7615066996E-01
    3610   9.7604972138E-01
    3611   9.7567769240E-01
    3612   9.7523045504E-01
    3613   9.7471459638E-01
    3614   9.7403786663E-01
    3615   9.7331241510E-01
    3616   9.7259424573E-01
    3617   9.7195153717E-01
    3618   9.7145330305E-01
    3619   9.7115448633E-01
    3620   9.7103231691E-01
    3621   9.7112514286E-01
    3622   9.7170768299E-01
    3623   9.7240612316E-01
    3624   9.7333262813E-01
    3625   9.7445593612E-01
    3626   9.7570597315E-01
    3627   9.7699061851E-01
    3628   9.7821489945E-01
    3629   9.7929912384E-01
    3630   9.8018307921E-01
    3631   9.8077662167E-01
    3632   9.8121271737E-01
    3633   9.8137234085E-01
    3634   9.8127483879E-01
    3635   9.8100141106E-01
    3636   9.8062475486E-01
    3637   9.8021212734E-01
    3638   9.7980614596E-01
    3639   9.7942117893E-01
    3640   9.7905561875E-01
    3641   9.7870844171E-01
    3642   9.7838669588E-01
    3643   9.7806998287E-01
    3644   9.7775889434E-01
    3645   9.7761830768E-01
    3646   9.7741295501E-01
    3647   9.7720328544E-01
    3648   9.7699800352E-01
    3649   9.7680992887E-01
    3650   9.7665834840E-01
    3651   9.7657269566E-01
    3652   9.7660483110E-01
    3653   9.7684070268E-01
    3654   9.7737275974E-01
    3655   9.7833695878E-01
    3656   9.8001007528E-01
    3657   9.8222705263E-01
    3658   9.8506014558E-01
    3659   9.8845320026E-01
    3660   9.9228516274E-01
    3661   9.9637952154E-01
    3662   1.0005092532E+00
    3663   1.0044149917E+00
    3664   1.0078423233E+00
    3665   1.0105893976E+00
    3666   1.0125443902E+00
    3667   1.0136959053E+00
    3668   1.0141163836E+00
    3669   1.0139344137E+00
    3670   1.0133314049E+00
    3671   1.0124119856E+00
    3672   1.0113959817E+00
    3673   1.0104385360E+00
    3674   1.0096247557E+00
    3675   1.0090003470E+00
    3676   1.0085650433E+00
    3677   1.0082893212E+00
    3678   1.0081257352E+00
    3679   1.0080075466E+00
    3680   1.0078419175E+00
    3681   1.0075131336E+00
    3682   1.0069049951E+00
    3683   1.0059355089E+00
    3684   1.0045855063E+00
    3685   1.0029061628E+00
    3686   1.0010050401E+00
    3687   9.9902253778E-01
    3688   9.9711096027E-01
    3689   9.9541928217E-01
    3690   9.9407892567E-01
    3691   9.9318715546E-01
    3692   9.9279220169E-01
    3693   9.9288865973E-01
    3694   9.9342759250E-01
    3695   9.9433614383E-01
    3696   9.9553474621E-01
    3697   9.9694283495E-01
    3698   9.9847445220E-01
    3699   1.0000339920E+00
    3700   1.0015216149E+00
    3701   1.0028483304E+00
    3702   1.0039510217E+00
    3703   1.0047971025E+00
    3704   1.0053774444E+00
    3705   1.0056956946E+00
    3706   1.0057631024E+00
    3707   1.0056004065E+00
    3708   1.0052402029E+00
    3709   1.0047230096E+00
    3710   1.0040878457E+00
    3711   1.0033650871E+00
    3712   1.0025781492E+00
    3713   1.0017522892E+00
    3714   1.0009214438E+00
    3715   1.0001250212E+00
    3716   9.9939537182E-01
    3717   9.9874490893E-01
    3718   9.9816220489E-01
    3719   9.9761919340E-01
    3720   9.9708350138E-01
    3721   9.9652801596E-01
    3722   9.9593489511E-01
    3723   9.9529727221E-01
    3724   9.9462275982E-01
    3725   9.9393835150E-01
    3726   9.9329141892E-01
    3727   9.9274190091E-01
    3728   9.9234687571E-01
    3729   9.9214486505E-01
    3730   9.9214774718E-01
    3731   9.9234285073E-01
    3732   9.9270103703E-01
    3733   9.9318408189E-01
    3734   9.9374812511E-01
    3735   9.9434537465E-01
    3736   9.9492817623E-01
    3737   9.9545654071E-01
    3738   9.9590525545E-01
    3739   9.9626510854E-01
    3740   9.9653676309E-01
    3741   9.9672060334E-01
    3742   9.9681799181E-01
    3743   9.9682773302E-01
    3744   9.9675885375E-01
    3745   9.9664492680E-01
    3746   9.9654280428E-01
    3747   9.9652958700E-01
    3748   9.9669354189E-01
    3749   9.9712346142E-01
    3750   9.9789750485E-01
    3751   9.9907095273E-01
    3752   1.0006635719E+00
    3753   1.0026501369E+00
    3754   1.0049588799E+00
    3755   1.0074805131E+00
    3756   1.0100963826E+00
    3757   1.0126855264E+00
    3758   1.0150666348E+00
    3759   1.0172057607E+00
    3760   1.0190189583E+00
    3761   1.0204567108E+00
    3762   1.0214899867E+00
    3763   1.0221056462E+00
    3764   1.0223021256E+00
    3765   1.0220851535E+00
    3766   1.0214661989E+00
    3767   1.0204657698E+00
    3768   1.0191205763E+00
    3769   1.0175220256E+00
    3770   1.0156709694E+00
    3771   1.0137020567E+00
    3772   1.0117687133E+00
    3773   1.0099223155E+00
    3774   1.0082229744E+00
    3775   1.0066979716E+00
    3776   1.0053429273E+00
    3777   1.0041300226E+00
    3778   1.0030219047E+00
    3779   1.0019885544E+00
    3780   1.0010224550E+00
    3781   1.0001462572E+00
    3782   9.9940845913E-01
    3783   9.9886706600E-01
    3784   9.9856659823E-01
    3785   9.9851736447E-01
    3786   9.9868522368E-01
    3787   9.9899554290E-01
    3788   9.9934921621E-01
    3789   9.9964475548E-01
    3790   9.9979979175E-01
    3791   9.9976733714E-01
    3792   9.9954458496E-01
    3793   9.9917343586E-01
    3794   9.9873247618E-01
    3795   9.9832140990E-01
    3796   9.9804112338E-01
    3797   9.9797468255E-01
    3798   9.9817455179E-01
    3799   9.9865855721E-01
    3800   9.9941294223E-01
    3801   1.0003983291E+00
    3802   1.0015549057E+00
    3803   1.0028062102E+00
    3804   1.0040636528E+00
    3805   1.0052340274E+00
    3806   1.0062296068E+00
    3807   1.0069778432E+00
    3808   1.0074275467E+00
    3809   1.0075510665E+00
    3810   1.0073447666E+00
    3811   1.0068302491E+00
    3812   1.0060560622E+00
    3813   1.0050971456E+00
    3814   1.0040495458E+00
    3815   1.0030210708E+00
    3816   1.0021213814E+00
    3817   1.0014546701E+00
    3818   1.0011146023E+00
    3819   1.0011781515E+00
    3820   1.0016953147E+00
    3821   1.0026756818E+00
    3822   1.0040771932E+00
    3823   1.0058035504E+00
    3824   1.0077134616E+00
    3825   1.0096398532E+00
    3826   1.0114138711E+00
    3827   1.0128888054E+00
    3828   1.0139612782E+00
    3829   1.0145880329E+00
    3830   1.0148016819E+00
    3831   1.0147130566E+00
    3832   1.0143711726E+00
    3833   1.0140317941E+00
    3834   1.0138195383E+00
    3835   1.0138335167E+00
    3836   1.0141274623E+00
    3837   1.0147001801E+00
    3838   1.0154980366E+00
    3839   1.0164201020E+00
    3840   1.0173275787E+00
    3841   1.0180607625E+00
    3842   1.0184635198E+00
    3843   1.0184099226E+00
    3844   1.0178252030E+00
    3845   1.0166959469E+00
    3846   1.0150854028E+00
    3847   1.0130624904E+00
    3848   1.0107604414E+00
    3849   1.0084161661E+00
    3850   1.0061712650E+00
    3851   1.0041779777E+00
    3852   1.0025457170E+00
    3853   1.0013297296E+00
    3854   1.0005333730E+00
    3855   1.0001201626E+00
    3856   1.0000293159E+00
    3857   1.0001902969E+00
    3858   1.0005357951E+00
    3859   1.0010144830E+00
    3860   1.0016028104E+00
    3861   1.0023114469E+00
    3862   1.0031811800E+00
    3863   1.0042670987E+00
    3864   1.0056162058E+00
    3865   1.0072472638E+00
    3866   1.0091397360E+00
    3867   1.0112330652E+00
    3868   1.0134330046E+00
    3869   1.0156213867E+00
    3870   1.0176685050E+00
    3871   1.0194490796E+00
    3872   1.0208607511E+00
    3873   1.0218399721E+00
    3874   1.0223687855E+00
    3875   1.0225160920E+00
    3876   1.0222617713E+00
    3877   1.0215958494E+00
    3878   1.0207696159E+00
    3879   1.0197912205E+00
    3880   1.0187430871E+00
    3881   1.0177048558E+00
    3882   1.0167439472E+00
    3883   1.0159094464E+00
    3884   1.0152306743E+00
    3885   1.0147184593E+00
    3886   1.0143652718E+00
    3887   1.0141431874E+00
    3888   1.0140033376E+00
    3889   1.0138832704E+00
    3890   1.0137463609E+00
    3891   1.0134714850E+00
    3892   1.0130934252E+00
    3893   1.0126378620E+00
    3894   1.0121227687E+00
    3895   1.0115834905E+00
    3896   1.0110458527E+00
    3897   1.0105195266E+00
    3898   1.0099962703E+00
    3899   1.0094517542E+00
    3900   1.0088515220E+00
    3901   1.0081622046E+00
    3902   1.0073661535E+00
    3903   1.0064736549E+00
    3904   1.0055261031E+00
    3905   1.0045879077E+00
    3906   1.0037314730E+00
    3907   1.0030231786E+00
    3908   1.0025158528E+00
    3909   1.0022472864E+00
    3910   1.0022400647E+00
    3911   1.0024987213E+00
    3912   1.0030045746E+00
    3913   1.0037123807E+00
    3914   1.0045526128E+00
    3915   1.0054395576E+00
    3916   1.0062821574E+00
    3917   1.0069945265E+00
    3918   1.0075056665E+00
    3919   1.0077697741E+00
    3920   1.0077769026E+00
    3921   1.0075599789E+00
    3922   1.0071924578E+00
    3923   1.0067739451E+00
    3924   1.0064078591E+00
    3925   1.0061818946E+00
    3926   1.0061259311E+00
    3927   1.0062560812E+00
    3928   1.0065298971E+00
    3929   1.0068673560E+00
    3930   1.0071642539E+00
    3931   1.0073076029E+00
    3932   1.0071989303E+00
    3933   1.0067782133E+00
    3934   1.0060401213E+00
    3935   1.0050362508E+00
    3936   1.0038632423E+00
    3937   1.0026425763E+00
    3938   1.0014993239E+00
    3939   1.0005442971E+00
    3940   9.9986049630E-01
    3941   9.9949366884E-01
    3942   9.9944810440E-01
    3943   9.9968980302E-01
    3944   1.0001574274E+00
    3945   1.0007776401E+00
    3946   1.0014787679E+00
    3947   1.0021979531E+00
    3948   1.0028815642E+00
    3949   1.0034831264E+00
    3950   1.0039637506E+00
    3951   1.0042966716E+00
    3952   1.0044733123E+00
    3953   1.0045068611E+00
    3954   1.0044313655E+00
    3955   1.0042973202E+00
    3956   1.0041656423E+00
    3957   1.0041003988E+00
    3958   1.0041591898E+00
    3959   1.0043810621E+00
    3960   1.0047749093E+00
    3961   1.0053136878E+00
    3962   1.0059386569E+00
    3963   1.0065733583E+00
    3964   1.0071423374E+00
    3965   1.0075880300E+00
    3966   1.0078815438E+00
    3967   1.0080268812E+00
    3968   1.0080601591E+00
    3969   1.0080446189E+00
    3970   1.0080607589E+00
    3971   1.0081914144E+00
    3972   1.0085043405E+00
    3973   1.0090374952E+00
    3974   1.0097928454E+00
    3975   1.0107571230E+00
    3976   1.0118204884E+00
    3977   1.0129331986E+00
    3978   1.0140214450E+00
    3979   1.0149982346E+00
    3980   1.0157970001E+00
    3981   1.0163714861E+00
    3982   1.0166996416E+00
    3983   1.0167814234E+00
    3984   1.0166317840E+00
    3985   1.0162733922E+00
    3986   1.0157335582E+00
    3987   1.0150462160E+00
    3988   1.0142556768E+00
    3989   1.0134177486E+00
    3990   1.0125962896E+00
    3991   1.0118569712E+00
    3992   1.0112772944E+00
    3993   1.0108671714E+00
    3994   1.0106828635E+00
    3995   1.0107548383E+00
    3996   1.0110573898E+00
    3997   1.0115459068E+00
    3998   1.0121462108E+00
    3999   1.0127626979E+00
    4000   1.0132901864E+00
    4001   1.0136260086E+00
    4002   1.0136805373E+00
    4003   1.0133865587E+00
    4004   1.0127081768E+00
    4005   1.0116480054E+00
    4006   1.0102494797E+00
    4007   1.0085917386E+00
    4008   1.0067777335E+00
    4009   1.0049194980E+00
    4010   1.0031251558E+00
    4011   1.0014899785E+00
    4012   1.0000908971E+00
    4013   9.9898282559E-01
    4014   9.9819632531E-01
    4015   9.9773771582E-01
    4016   9.9759272309E-01
    4017   9.9773291167E-01
    4018   9.9812222819E-01
    4019   9.9872098731E-01
    4020   9.9948682169E-01
    4021   1.0003747094E+00
    4022   1.0013389429E+00
    4023   1.0023380922E+00
    4024   1.0033412255E+00
    4025   1.0043323232E+00
    4026   1.0053109576E+00
    4027   1.0062896279E+00
    4028   1.0072894446E+00
    4029   1.0083351299E+00
    4030   1.0094487872E+00
    4031   1.0106430943E+00
    4032   1.0119349703E+00
    4033   1.0132258913E+00
    4034   1.0144896632E+00
    4035   1.0156530430E+00
    4036   1.0166185809E+00
    4037   1.0173054612E+00
    4038   1.0176520862E+00
    4039   1.0176241804E+00
    4040   1.0172196668E+00
    4041   1.0164701179E+00
    4042   1.0154374271E+00
    4043   1.0142046951E+00
    4044   1.0128627087E+00
    4045   1.0114959911E+00
    4046   1.0101728776E+00
    4047   1.0089417734E+00
    4048   1.0078324708E+00
    4049   1.0068596665E+00
    4050   1.0060265759E+00
    4051   1.0053314783E+00
    4052   1.0047557916E+00
    4053   1.0042968885E+00
    4054   1.0039521693E+00
    4055   1.0037201311E+00
    4056   1.0036066108E+00
    4057   1.0036192895E+00
    4058   1.0037651243E+00
    4059   1.0040486594E+00
    4060   1.0044701676E+00
    4061   1.0050221840E+00
    4062   1.0056845287E+00
    4063   1.0064201629E+00
    4064   1.0071751113E+00
    4065   1.0078841553E+00
    4066   1.0084810208E+00
    4067   1.0089095686E+00
    4068   1.0091325559E+00
    4069   1.0091364201E+00
    4070   1.0089324553E+00
    4071   1.0085552784E+00
    4072   1.0080588096E+00
    4073   1.0075095368E+00
    4074   1.0069775236E+00
    4075   1.0065269125E+00
    4076   1.0062082084E+00
    4077   1.0060536603E+00
    4078   1.0060753227E+00
    4079   1.0062644496E+00
    4080   1.0065915858E+00
    4081   1.0070082948E+00
    4082   1.0074522635E+00
    4083   1.0078564766E+00
    4084   1.0081608491E+00
    4085   1.0083229487E+00
    4086   1.0083246652E+00
    4087   1.0081736178E+00
    4088   1.0079022788E+00
    4089   1.0075613836E+00
    4090   1.0071855273E+00
    4091   1.0068595751E+00
    4092   1.0066269886E+00
    4093   1.0065212191E+00
    4094   1.0065568317E+00
    4095   1.0067275053E+00
    4096   1.0070087582E+00
    4097   1.0073617526E+00
    4098   1.0077364981E+00
    4099   1.0080745906E+00
    4100   1.0083131630E+00
    4101   1.0083915422E+00
    4102   1.0082602605E+00
    4103   1.0078900945E+00
    4104   1.0072782578E+00
    4105   1.0064500001E+00
    4106   1.0054556005E+00
    4107   1.0043638017E+00
    4108   1.0032528369E+00
    4109   1.0022000967E+00
    4110   1.0012718597E+00
    4111   1.0005151163E+00
    4112   9.9995349316E-01
    4113   9.9958807637E-01
    4114   9.9940205051E-01
    4115   9.9936678291E-01
    4116   9.9944719452E-01
    4117   9.9960568384E-01
    4118   9.9980529997E-01
    4119   1.0000131598E+00
    4120   1.0002041905E+00
    4121   1.0003641653E+00
    4122   1.0004908099E+00
    4123   1.0005926534E+00
    4124   1.0006864480E+00
    4125   1.0007943557E+00
    4126   1.0009414572E+00
    4127   1.0011532129E+00
    4128   1.0014522664E+00
    4129   1.0018545954E+00
    4130   1.0023658567E+00
    4131   1.0029789929E+00
    4132   1.0036735823E+00
    4133   1.0044166589E+00
    4134   1.0051645937E+00
    4135   1.0058662037E+00
    4136   1.0064677968E+00
    4137   1.0069205154E+00
    4138   1.0071889782E+00
    4139   1.0072587759E+00
    4140   1.0071400781E+00
    4141   1.0068658988E+00
    4142   1.0064856846E+00
    4143   1.0060565224E+00
    4144   1.0056345442E+00
    4145   1.0052682614E+00
    4146   1.0049944343E+00
    4147   1.0048363427E+00
    4148   1.0048061061E+00
    4149   1.0048993805E+00
    4150   1.0050984725E+00
    4151   1.0053886778E+00
    4152   1.0057323225E+00
    4153   1.0060831560E+00
    4154   1.0063844099E+00
    4155   1.0065739743E+00
    4156   1.0065936620E+00
    4157   1.0064004023E+00
    4158   1.0059759558E+00
    4159   1.0053320786E+00
    4160   1.0045097292E+00
    4161   1.0035728473E+00
    4162   1.0025984944E+00
    4163   1.0016655277E+00
    4164   1.0008438743E+00
    4165   1.0001862185E+00
    4166   9.9972348714E-01
    4167   9.9946471390E-01
    4168   9.9940071399E-01
    4169   9.9950993923E-01
    4170   9.9976449848E-01
    4171   1.0001348035E+00
    4172   1.0005922671E+00
    4173   1.0011103122E+00
    4174   1.0016642445E+00
    4175   1.0022304438E+00
    4176   1.0027852789E+00
    4177   1.0033043674E+00
    4178   1.0037630294E+00
    4179   1.0041385420E+00
    4180   1.0044139382E+00
    4181   1.0045820261E+00
    4182   1.0046477886E+00
    4183   1.0046278157E+00
    4184   1.0045466629E+00
    4185   1.0044312890E+00
    4186   1.0043053414E+00
    4187   1.0041848607E+00
    4188   1.0040763264E+00
    4189   1.0039772527E+00
    4190   1.0038789455E+00
    4191   1.0037705270E+00
    4192   1.0036429569E+00
    4193   1.0034917350E+00
    4194   1.0033174929E+00
    4195   1.0031246535E+00
    4196   1.0029192438E+00
    4197   1.0027072158E+00
    4198   1.0024940606E+00
    4199   1.0022854998E+00
    4200   1.0020883140E+00
    4201   1.0019103844E+00
    4202   1.0017596797E+00
    4203   1.0016426763E+00
    4204   1.0015630638E+00
    4205   1.0015214207E+00
    4206   1.0015160991E+00
    4207   1.0015451347E+00
    4208   1.0016086966E+00
    4209   1.0017113473E+00
    4210   1.0018632050E+00
    4211   1.0020791418E+00
    4212   1.0023756582E+00
    4213   1.0027660025E+00
    4214   1.0032550357E+00
    4215   1.0038357204E+00
    4216   1.0044886281E+00
    4217   1.0051847294E+00
    4218   1.0058905424E+00
    4219   1.0065740385E+00
    4220   1.0072096849E+00
    4221   1.0077814385E+00
    4222   1.0082907489E+00
    4223   1.0087283231E+00
    4224   1.0090855484E+00
    4225   1.0093889081E+00
    4226   1.0096224314E+00
    4227   1.0097705176E+00
    4228   1.0098099156E+00
    4229   1.0097146798E+00
    4230   1.0094633458E+00
    4231   1.0090463901E+00
    4232   1.0084721603E+00
    4233   1.0077698496E+00
    4234   1.0069886063E+00
    4235   1.0061924840E+00
    4236   1.0054517502E+00
    4237   1.0048320236E+00
    4238   1.0043834756E+00
    4239   1.0041324990E+00
    4240   1.0040776608E+00
    4241   1.0041906448E+00
    4242   1.0044217408E+00
    4243   1.0047086400E+00
    4244   1.0049869380E+00
    4245   1.0052006522E+00
    4246   1.0053110739E+00
    4247   1.0053024340E+00
    4248   1.0051833424E+00
    4249   1.0049838457E+00
    4250   1.0047489925E+00
    4251   1.0045305481E+00
    4252   1.0043786192E+00
    4253   1.0043344858E+00
    4254   1.0044252726E+00
    4255   1.0046606410E+00
    4256   1.0050315590E+00
    4257   1.0055112178E+00
    4258   1.0060580463E+00
    4259   1.0066204687E+00
    4260   1.0071427463E+00
    4261   1.0075732796E+00
    4262   1.0078718354E+00
    4263   1.0079781069E+00
    4264   1.0079042015E+00
    4265   1.0076491679E+00
    4266   1.0072347266E+00
    4267   1.0066996147E+00
    4268   1.0060916797E+00
    4269   1.0054605081E+00
    4270   1.0048505000E+00
    4271   1.0042957178E+00
    4272   1.0038171511E+00
    4273   1.0034224242E+00
    4274   1.0031076360E+00
    4275   1.0028608742E+00
    4276   1.0026667551E+00
    4277   1.0025110664E+00
    4278   1.0023844274E+00
    4279   1.0022840808E+00
    4280   1.0022135076E+00
    4281   1.0021802377E+00
    4282   1.0021926431E+00
    4283   1.0022565152E+00
    4284   1.0023720011E+00
    4285   1.0025313106E+00
    4286   1.0027176145E+00
    4287   1.0029056025E+00
    4288   1.0030639865E+00
    4289   1.0031597585E+00
    4290   1.0031634236E+00
    4291   1.0030540627E+00
    4292   1.0028231100E+00
    4293   1.0024760891E+00
    4294   1.0020320146E+00
    4295   1.0015205785E+00
    4296   1.0009776165E+00
    4297   1.0004397119E+00
    4298   9.9993908648E-01
    4299   9.9949993562E-01
    4300   9.9913696581E-01
    4301   9.9885617710E-01
    4302   9.9865724220E-01
    4303   9.9853649114E-01
    4304   9.9848961780E-01
    4305   9.9851359126E-01
    4306   9.9860758436E-01
    4307   9.9877286595E-01
    4308   9.9901163196E-01
    4309   9.9932487047E-01
    4310   9.9970965506E-01
    4311   1.0001566021E+00
    4312   1.0006483639E+00
    4313   1.0011598107E+00
    4314   1.0016600708E+00
    4315   1.0021160945E+00
    4316   1.0024970873E+00
    4317   1.0027790404E+00
    4318   1.0029485729E+00
    4319   1.0030053126E+00
    4320   1.0029621690E+00
    4321   1.0028432397E+00
    4322   1.0026797227E+00
    4323   1.0025048399E+00
    4324   1.0023490380E+00
    4325   1.0022364420E+00
    4326   1.0021828658E+00
    4327   1.0021950665E+00
    4328   1.0022707270E+00
    4329   1.0023988924E+00
    4330   1.0025609845E+00
    4331   1.0027327083E+00
    4332   1.0028870011E+00
    4333   1.0029977940E+00
    4334   1.0030440215E+00
    4335   1.0030131782E+00
    4336   1.0029037633E+00
    4337   1.0027260844E+00
    4338   1.0025010961E+00
    4339   1.0022572989E+00
    4340   1.0020262183E+00
    4341   1.0018374506E+00
    4342   1.0017144267E+00
    4343   1.0016717483E+00
    4344   1.0017143267E+00
    4345   1.0018379536E+00
    4346   1.0020306505E+00
    4347   1.0022742531E+00
    4348   1.0025459778E+00
    4349   1.0028199533E+00
    4350   1.0030687876E+00
    4351   1.0032652429E+00
    4352   1.0033841170E+00
    4353   1.0034044468E+00
    4354   1.0033120261E+00
    4355   1.0031019167E+00
    4356   1.0027802547E+00
    4357   1.0023645142E+00
    4358   1.0018816927E+00
    4359   1.0013645613E+00
    4360   1.0008468381E+00
    4361   1.0003585123E+00
    4362   9.9992239632E-01
    4363   9.9955245502E-01
    4364   9.9925387109E-01
    4365   9.9902441452E-01
    4366   9.9885656259E-01
    4367   9.9873986304E-01
    4368   9.9866311906E-01
    4369   9.9861606456E-01
    4370   9.9859033414E-01
    4371   9.9857974689E-01
    4372   9.9858015382E-01
    4373   9.9858921487E-01
    4374   9.9860638073E-01
    4375   9.9863310780E-01
    4376   9.9867309590E-01
    4377   9.9873226275E-01
    4378   9.9881827702E-01
    4379   9.9893963905E-01
    4380   9.9910438402E-01
    4381   9.9931846321E-01
    4382   9.9958385190E-01
    4383   9.9989656885E-01
    4384   1.0002450619E+00
    4385   1.0006096343E+00
    4386   1.0009635287E+00
    4387   1.0012758748E+00
    4388   1.0015160990E+00
    4389   1.0016588756E+00
    4390   1.0016884979E+00
    4391   1.0016016945E+00
    4392   1.0014082883E+00
    4393   1.0011295513E+00
    4394   1.0007945758E+00
    4395   1.0004354234E+00
    4396   1.0000821281E+00
    4397   9.9975867953E-01
    4398   9.9948078759E-01
    4399   9.9925562667E-01
    4400   9.9908314997E-01
    4401   9.9895822249E-01
    4402   9.9887285798E-01
    4403   9.9881812184E-01
    4404   9.9878554807E-01
    4405   9.9876806054E-01
    4406   9.9876041624E-01
    4407   9.9875921539E-01
    4408   9.9876261570E-01
    4409   9.9876998792E-01
    4410   9.9878174836E-01
    4411   9.9879946265E-01
    4412   9.9882612063E-01
    4413   9.9886636418E-01
    4414   9.9892647572E-01
    4415   9.9901404831E-01
    4416   9.9913735078E-01
    4417   9.9930441020E-01
    4418   9.9952180117E-01
    4419   9.9979315082E-01
    4420   1.0001174922E+00
    4421   1.0004877809E+00
    4422   1.0008900156E+00
    4423   1.0013033752E+00
    4424   1.0017015934E+00
    4425   1.0020555094E+00
    4426   1.0023364713E+00
    4427   1.0025200792E+00
    4428   1.0025896611E+00
    4429   1.0025388530E+00
    4430   1.0023727294E+00
    4431   1.0021071504E+00
    4432   1.0017663639E+00
    4433   1.0013793530E+00
    4434   1.0009757544E+00
    4435   1.0005822351E+00
    4436   1.0002199561E+00
    4437   9.9990332679E-01
    4438   9.9963989037E-01
    4439   9.9943102773E-01
    4440   9.9927320276E-01
    4441   9.9915954354E-01
    4442   9.9908154708E-01
    4443   9.9903062866E-01
    4444   9.9899923174E-01
    4445   9.9898135397E-01
    4446   9.9897257495E-01
    4447   9.9896983474E-01
    4448   9.9897120006E-01
    4449   9.9897570757E-01
    4450   9.9898324691E-01
    4451   9.9899445618E-01
    4452   9.9901071502E-01
    4453   9.9903437798E-01
    4454   9.9906927831E-01
    4455   9.9912129243E-01
    4456   9.9919856697E-01
    4457   9.9931103034E-01
    4458   9.9946904294E-01
    4459   9.9968134106E-01
    4460   9.9995264534E-01
    4461   1.0002813965E+00
    4462   1.0006581069E+00
    4463   1.0010648320E+00
    4464   1.0014762155E+00
    4465   1.0018623269E+00
    4466   1.0021930421E+00
    4467   1.0024431294E+00
    4468   1.0025967867E+00
    4469   1.0026503614E+00
    4470   1.0026124565E+00
    4471   1.0025013903E+00
    4472   1.0023407303E+00
    4473   1.0021541098E+00
    4474   1.0019606271E+00
    4475   1.0017718890E+00
    4476   1.0015912771E+00
    4477   1.0014154236E+00
    4478   1.0012372924E+00
    4479   1.0010498395E+00
    4480   1.0008491083E+00
    4481   1.0006358915E+00
    4482   1.0004156554E+00
    4483   1.0001970518E+00
    4484   9.9998975154E-01
    4485   9.9980238262E-01
    4486   9.9964110234E-01
    4487   9.9950897152E-01
    4488   9.9940603162E-01
    4489   9.9932987799E-01
    4490   9.9927651740E-01
    4491   9.9924130639E-01
    4492   9.9921976284E-01
    4493   9.9920807581E-01
    4494   9.9920325403E-01
    4495   9.9920301464E-01
    4496   9.9920561364E-01
    4497   9.9920977632E-01
    4498   9.9921473297E-01
    4499   9.9922023496E-01
    4500   9.9922643321E-01
    4501   9.9923363385E-01
    4502   9.9924207030E-01
    4503   9.9925182208E-01
    4504   9.9926287376E-01
    4505   9.9927517649E-01
    4506   9.9928858574E-01
    4507   9.9930269600E-01
    4508   9.9931673472E-01
    4509   9.9932966595E-01
    4510   9.9934048866E-01
    4511   9.9934854494E-01
    4512   9.9935363924E-01
    4513   9.9935592861E-01
    4514   9.9935572831E-01
    4515   9.9935341939E-01
    4516   9.9934951351E-01
    4517   9.9934475577E-01
    4518   9.9934009722E-01
    4519   9.9933648603E-01
    4520   9.9933459614E-01
    4521   9.9933467432E-01
    4522   9.9933658983E-01
    4523   9.9934001206E-01
    4524   9.9934456617E-01
    4525   9.9934988157E-01
    4526   9.9935557502E-01
    4527   9.9936126939E-01
    4528   9.9936669065E-01
    4529   9.9937177564E-01
    4530   9.9937668090E-01
    4531   9.9938165527E-01
    4532   9.9938686072E-01
    4533   9.9939227871E-01
    4534   9.9939777025E-01
    4535   9.9940322580E-01
    4536   9.9940866685E-01
    4537   9.9941421057E-01
    4538   9.9941993666E-01
    4539   9.9942578374E-01
    4540   9.9943157273E-01
    4541   9.9943713678E-01
    4542   9.9944244139E-01
    4543   9.9944759091E-01
    4544   9.9945272401E-01
    4545   9.9945789964E-01
    4546   9.9946307580E-01
    4547   9.9946818978E-01
    4548   9.9947325241E-01
    4549   9.9947836183E-01
    4550   9.9948362848E-01
    4551   9.9948909368E-01
    4552   9.9949472991E-01
    4553   9.9950052362E-01
    4554   9.9950654945E-01
    4555   9.9951294301E-01
    4556   9.9951977641E-01
    4557   9.9952694466E-01
    4558   9.9953417826E-01
    4559   9.9954119212E-01
    4560   9.9954785682E-01
    4561   9.9955425189E-01
    4562   9.9956056009E-01
    4563   9.9956689774E-01
    4564   9.9957322585E-01
    4565   9.9957940676E-01
    4566   9.9958533876E-01
    4567   9.9959103919E-01
    4568   9.9959660821E-01
    4569   9.9960212516E-01
    4570   9.9960759030E-01
    4571   9.9961297108E-01
    4572   9.9961830074E-01
    4573   9.9962372037E-01
    4574   9.9962940909E-01
    4575   9.9963545938E-01
    4576   9.9964181419E-01
    4577   9.9964833230E-01
    4578   9.9965493663E-01
    4579   9.9966173579E-01
    4580   9.9966905749E-01
    4581   9.9967745043E-01
    4582   9.9968779245E-01
    4583   9.9970161218E-01
    4584   9.9972161566E-01
    4585   9.9975229991E-01
    4586   9.9980050248E-01
    4587   9.9987575882E-01
    4588   9.9999034023E-01
    4589   1.0001587777E+00
    4590   1.0003965940E+00
    4591   1.0007179967E+00
    4592   1.0011325268E+00
    4593   1.0016410854E+00
    4594   1.0022322139E+00
    4595   1.0028797681E+00
    4596   1.0035430539E+00
    4597   1.0041700558E+00
    4598   1.0047036807E+00
    4599   1.0050901309E+00
    4600   1.0052878108E+00
    4601   1.0052747931E+00
    4602   1.0050529924E+00
    4603   1.0046479015E+00
    4604   1.0041038826E+00
    4605   1.0034762137E+00
    4606   1.0028219093E+00
    4607   1.0021914707E+00
    4608   1.0016233339E+00
    4609   1.0011404723E+00
    4610   1.0007525879E+00
    4611   1.0004573254E+00
    4612   1.0002439149E+00
    4613   1.0000978058E+00
    4614   1.0000037099E+00
    4615   9.9994801914E-01
    4616   9.9992016488E-01
    4617   9.9991306645E-01
    4618   9.9992297801E-01
    4619   9.9994903752E-01
    4620   9.9999268211E-01
    4621   1.0000569263E+00
    4622   1.0001454271E+00
    4623   1.0002613287E+00
    4624   1.0004060357E+00
    4625   1.0005781987E+00
    4626   1.0007732327E+00
    4627   1.0009836180E+00
    4628   1.0012000898E+00
    4629   1.0014136242E+00
    4630   1.0016178910E+00
    4631   1.0018115831E+00
    4632   1.0019998456E+00
    4633   1.0021940478E+00
    4634   1.0024094706E+00
    4635   1.0026610807E+00
    4636   1.0029582521E+00
    4637   1.0032998113E+00
    4638   1.0036709120E+00
    4639   1.0040429143E+00
    4640   1.0043767263E+00
    4641   1.0046291543E+00
    4642   1.0047609501E+00
    4643   1.0047446790E+00
    4644   1.0045704754E+00
    4645   1.0042482518E+00
    4646   1.0038058798E+00
    4647   1.0032839600E+00
    4648   1.0027286813E+00
    4649   1.0021846329E+00
    4650   1.0016892089E+00
    4651   1.0012695688E+00
    4652   1.0009422783E+00
    4653   1.0007150367E+00
    4654   1.0005894689E+00
    4655   1.0005638825E+00
    4656   1.0006350894E+00
    4657   1.0007987940E+00
    4658   1.0010485409E+00
    4659   1.0013736936E+00
    4660   1.0017572759E+00
    4661   1.0021746434E+00
    4662   1.0025938118E+00
    4663   1.0029778542E+00
    4664   1.0032891890E+00
    4665   1.0034949841E+00
    4666   1.0035724745E+00
    4667   1.0035128950E+00
    4668   1.0033230113E+00
    4669   1.0030238259E+00
    4670   1.0026467650E+00
    4671   1.0022282802E+00
    4672   1.0018041323E+00
    4673   1.0014045741E+00
    4674   1.0010512763E+00
    4675   1.0007562888E+00
    4676   1.0005228111E+00
    4677   1.0003471860E+00
    4678   1.0002214132E+00
    4679   1.0001355586E+00
    4680   1.0000796522E+00
    4681   1.0000449068E+00
    4682   1.0000242913E+00
    4683   1.0000126125E+00
    4684   1.0000062951E+00
    4685   1.0000030319E+00
    4686   1.0000014216E+00
    4687   1.0000006611E+00
    4688   1.0000003162E+00
    4689   1.0000001651E+00
    4690   1.0000001010E+00
    4691   1.0000000759E+00
    4692   1.0000000694E+00
    4693   1.0000000737E+00
    4694   1.0000000859E+00
    4695   1.0000001046E+00
    4696   1.0000001284E+00
    4697   1.0000001562E+00
    4698   1.0000001863E+00
    4699   1.0000002167E+00
    4700   1.0000002456E+00
    4701   1.0000002710E+00
    4702   1.0000002912E+00
    4703   1.0000003048E+00
    4704   1.0000003108E+00
    4705   1.0000003092E+00
    4706   1.0000003004E+00
    4707   1.0000002861E+00
    4708   1.0000002684E+00
    4709   1.0000002500E+00
    4710   1.0000002338E+00
    4711   1.0000002223E+00
    4712   1.0000002175E+00
    4713   1.0000002204E+00
    4714   1.0000002309E+00
    4715   1.0000002480E+00
    4716   1.0000002698E+00
    4717   1.0000002942E+00
    4718   1.0000003190E+00
    4719   1.0000003426E+00
    4720   1.0000003641E+00
    4721   1.0000003834E+00
    4722   1.0000004012E+00
    4723   1.0000004181E+00
    4724   1.0000004351E+00
    4725   1.0000004521E+00
    4726   1.0000004687E+00
    4727   1.0000004839E+00
    4728   1.0000004966E+00
    4729   1.0000005055E+00
    4730   1.0000005100E+00
    4731   1.0000005099E+00
    4732   1.0000005057E+00
    4733   1.0000004978E+00
    4734   1.0000004864E+00
    4735   1.0000004717E+00
    4736   1.0000004533E+00
    4737   1.0000004304E+00
    4738   1.0000004025E+00
    4739   1.0000003696E+00
    4740   1.0000003321E+00
    4741   1.0000002912E+00
    4742   1.0000002488E+00
    4743   1.0000002068E+00
    4744   1.0000001672E+00
    4745   1.0000001316E+00
    4746   1.0000001009E+00
    4747   1.0000000755E+00
    4748   1.0000000553E+00
    4749   1.0000000397E+00
    4750   1.0000000282E+00
    4751   1.0000000199E+00
    4752   1.0000000144E+00
    4753   1.0000000110E+00
    4754   1.0000000093E+00
    4755   1.0000000089E+00
    4756   1.0000000095E+00
    4757   1.0000000108E+00
    4758   1.0000000125E+00
    4759   1.0000000145E+00
    4760   1.0000000165E+00
    4761   1.0000000188E+00
    4762   1.0000000214E+00
    4763   1.0000000246E+00
    4764   1.0000000287E+00
    4765   1.0000000339E+00
    4766   1.0000000402E+00
    4767   1.0000000475E+00
    4768   1.0000000554E+00
    4769   1.0000000636E+00
    4770   1.0000000717E+00
    4771   1.0000000793E+00
    4772   1.0000000863E+00
    4773   1.0000000930E+00
    4774   1.0000000997E+00
    4775   1.0000001071E+00
    4776   1.0000001159E+00
    4777   1.0000001266E+00
    4778   1.0000001397E+00
    4779   1.0000001556E+00
    4780   1.0000001744E+00
    4781   1.0000001956E+00
    4782   1.0000002189E+00
    4783   1.0000002431E+00
    4784   1.0000002672E+00
    4785   1.0000002895E+00
    4786   1.0000003083E+00
    4787   1.0000003218E+00
    4788   1.0000003287E+00
    4789   1.0000003281E+00
    4790   1.0000003196E+00
    4791   1.0000003037E+00
    4792   1.0000002817E+00
    4793   1.0000002552E+00
    4794   1.0000002261E+00
    4795   1.0000001965E+00
    4796   1.0000001681E+00
    4797   1.0000001425E+00
    4798   1.0000001206E+00
    4799   1.0000001033E+00
    4800   1.0000000909E+00
    4801   1.0000000832E+00
    4802   1.0000000800E+00
    4803   1.0000000805E+00
    4804   1.0000000838E+00
    4805   1.0000000888E+00
    4806   1.0000000942E+00
    4807   1.0000000987E+00
    4808   1.0000001013E+00
    4809   1.0000001012E+00
    4810   1.0000000982E+00
    4811   1.0000000923E+00
    4812   1.0000000841E+00
    4813   1.0000000745E+00
    4814   1.0000000643E+00
    4815   1.0000000547E+00
    4816   1.0000000462E+00
    4817   1.0000000395E+00
    4818   1.0000000349E+00
    4819   1.0000000325E+00
    4820   1.0000000322E+00
    4821   1.0000000340E+00
    4822   1.0000000379E+00
    4823   1.0000000441E+00
    4824   1.0000000525E+00
    4825   1.0000000634E+00
    4826   1.0000000766E+00
    4827   1.0000000922E+00
    4828   1.0000001098E+00
    4829   1.0000001289E+00
    4830   1.0000001490E+00
    4831   1.0000001694E+00
    4832   1.0000001894E+00
    4833   1.0000002081E+00
    4834   1.0000002245E+00
    4835   1.0000002377E+00
    4836   1.0000002466E+00
    4837   1.0000002505E+00
    4838   1.0000002489E+00
    4839   1.0000002416E+00
    4840   1.0000002294E+00
    4841   1.0000002136E+00
    4842   1.0000001959E+00
    4843   1.0000001784E+00
    4844   1.0000001632E+00
    4845   1.0000001519E+00
    4846   1.0000001455E+00
    4847   1.0000001443E+00
    4848   1.0000001476E+00
    4849   1.0000001542E+00
    4850   1.0000001625E+00
    4851   1.0000001705E+00
    4852   1.0000001765E+00
    4853   1.0000001792E+00
    4854   1.0000001778E+00
    4855   1.0000001722E+00
    4856   1.0000001628E+00
    4857   1.0000001507E+00
    4858   1.0000001371E+00
    4859   1.0000001234E+00
    4860   1.0000001107E+00
    4861   1.0000001000E+00
    4862   1.0000000917E+00
    4863   1.0000000857E+00
    4864   1.0000000816E+00
    4865   1.0000000789E+00
    4866   1.0000000768E+00
    4867   1.0000000744E+00
    4868   1.0000000714E+00
    4869   1.0000000673E+00
    4870   1.0000000621E+00
    4871   1.0000000558E+00
    4872   1.0000000488E+00
    4873   1.0000000413E+00
    4874   1.0000000338E+00
    4875   1.0000000265E+00
    4876   1.0000000197E+00
    4877   1.0000000136E+00
    4878   1.0000000084E+00
    4879   1.0000000041E+00
    4880   1.0000000007E+00
    4881   9.9999999826E-01
    4882   9.9999999671E-01
    4883   9.9999999602E-01
    4884   9.9999999614E-01
    4885   9.9999999701E-01
    4886   9.9999999853E-01
    4887   1.0000000006E+00
    4888   1.0000000030E+00
    4889   1.0000000056E+00
    4890   1.0000000081E+00
    4891   1.0000000102E+00
    4892   1.0000000119E+00
    4893   1.0000000128E+00
    4894   1.0000000129E+00
    4895   1.0000000123E+00
    4896   1.0000000109E+00
    4897   1.0000000091E+00
    4898   1.0000000069E+00
    4899   1.0000000047E+00
    4900   1.0000000026E+00
    4901   1.0000000009E+00
    4902   9.9999999969E-01
    4903   9.9999999904E-01
    4904   9.9999999899E-01
    4905   9.9999999955E-01
    4906   1.0000000007E+00
    4907   1.0000000023E+00
    4908   1.0000000042E+00
    4909   1.0000000065E+00
    4910   1.0000000087E+00
    4911   1.0000000109E+00
    4912   1.0000000127E+00
    4913   1.0000000141E+00
    4914   1.0000000148E+00
    4915   1.0000000149E+00
    4916   1.0000000143E+00
    4917   1.0000000131E+00
    4918   1.0000000116E+00
    4919   1.0000000098E+00
    4920   1.0000000079E+00
    4921   1.0000000061E+00
    4922   1.0000000045E+00
    4923   1.0000000031E+00
    4924   1.0000000019E+00
    4925   1.0000000010E+00
    4926   1.0000000003E+00
    4927   9.9999999984E-01
    4928   9.9999999969E-01
    4929   9.9999999992E-01
    4930   1.0000000007E+00
    4931   1.0000000021E+00
    4932   1.0000000046E+00
    4933   1.0000000082E+00
    4934   1.0000000134E+00
    4935   1.0000000202E+00
    4936   1.0000000289E+00
    4937   1.0000000393E+00
    4938   1.0000000512E+00
    4939   1.0000000640E+00
    4940   1.0000000769E+00
    4941   1.0000000890E+00
    4942   1.0000000993E+00
    4943   1.0000001070E+00
    4944   1.0000001113E+00
    4945   1.0000001121E+00
    4946   1.0000001093E+00
    4947   1.0000001034E+00
    4948   1.0000000953E+00
    4949   1.0000000857E+00
    4950   1.0000000755E+00
    4951   1.0000000655E+00
    4952   1.0000000561E+00
    4953   1.0000000477E+00
    4954   1.0000000403E+00
    4955   1.0000000338E+00
    4956   1.0000000281E+00
    4957   1.0000000230E+00
    4958   1.0000000183E+00
    4959   1.0000000142E+00
    4960   1.0000000104E+00
    4961   1.0000000071E+00
    4962   1.0000000044E+00
    4963   1.0000000021E+00
    4964   1.0000000003E+00
    4965   9.9999999903E-01
    4966   9.9999999817E-01
    4967   9.9999999767E-01
    4968   9.9999999749E-01
    4969   9.9999999760E-01
    4970   9.9999999795E-01
    4971   9.9999999852E-01
    4972   9.9999999929E-01
    4973   1.0000000002E+00
    4974   1.0000000014E+00
    4975   1.0000000026E+00
    4976   1.0000000039E+00
    4977   1.0000000052E+00
    4978   1.0000000065E+00
    4979   1.0000000077E+00
    4980   1.0000000087E+00
    4981   1.0000000096E+00
    4982   1.0000000102E+00
    4983   1.0000000107E+00
    4984   1.0000000110E+00
    4985   1.0000000112E+00
    4986   1.0000000112E+00
    4987   1.0000000112E+00
    4988   1.0000000111E+00
    4989   1.0000000109E+00
    4990   1.0000000107E+00
    4991   1.0000000104E+00
    4992   1.0000000101E+00
    4993   1.0000000098E+00
    4994   1.0000000094E+00
    4995   1.0000000089E+00
    4996   1.0000000083E+00
    4997   1.0000000076E+00
    4998   1.0000000067E+00
    4999   1.0000000058E+00
    5000   1.0000000048E+00
    5001   1.0000000037E+00
    5002   1.0000000027E+00
    5003   1.0000000018E+00
    5004   1.0000000011E+00
    5005   1.0000000005E+00
    5006   1.0000000002E+00
    5007   9.9999999997E-01
    5008   9.9999999994E-01
    5009   1.0000000000E+00
    5010   1.0000000002E+00
    5011   1.0000000004E+00
    5012   1.0000000005E+00
    5013   1.0000000006E+00
    5014   1.0000000007E+00
    5015   1.0000000006E+00
    5016   1.0000000005E+00
    5017   1.0000000003E+00
    5018   1.0000000000E+00
    5019   9.9999999973E-01
    5020   9.9999999943E-01
    5021   9.9999999915E-01
    5022   9.9999999889E-01
    5023   9.9999999869E-01
    5024   9.9999999853E-01
    5025   9.9999999843E-01
    5026   9.9999999839E-01
    5027   9.9999999839E-01
    5028   9.9999999846E-01
    5029   9.9999999857E-01
    5030   9.9999999874E-01
    5031   9.9999999895E-01
    5032   9.9999999919E-01
    5033   9.9999999946E-01
    5034   9.9999999976E-01
    5035   1.0000000001E+00
    5036   1.0000000004E+00
    5037   1.0000000007E+00
    5038   1.0000000011E+00
    5039   1.0000000015E+00
    5040   1.0000000021E+00
    5041   1.0000000029E+00
    5042   1.0000000039E+00
    5043   1.0000000051E+00
    5044   1.0000000067E+00
    5045   1.0000000084E+00
    5046   1.0000000104E+00
    5047   1.0000000123E+00
    5048   1.0000000142E+00
    5049   1.0000000158E+00
    5050   1.0000000171E+00
    5051   1.0000000178E+00
    5052   1.0000000181E+00
    5053   1.0000000179E+00
    5054   1.0000000174E+00
    5055   1.0000000167E+00
    5056   1.0000000161E+00
    5057   1.0000000156E+00
    5058   1.0000000155E+00
    5059   1.0000000157E+00
    5060   1.0000000164E+00
    5061   1.0000000173E+00
    5062   1.0000000183E+00
    5063   1.0000000193E+00
    5064   1.0000000200E+00
    5065   1.0000000204E+00
    5066   1.0000000204E+00
    5067   1.0000000199E+00
    5068   1.0000000190E+00
    5069   1.0000000177E+00
    5070   1.0000000162E+00
    5071   1.0000000146E+00
    5072   1.0000000129E+00
    5073   1.0000000113E+00
    5074   1.0000000098E+00
    5075   1.0000000085E+00
    5076   1.0000000074E+00
    5077   1.0000000066E+00
    5078   1.0000000060E+00
    5079   1.0000000057E+00
    5080   1.0000000056E+00
    5081   1.0000000058E+00
    5082   1.0000000061E+00
    5083   1.0000000064E+00
    5084   1.0000000067E+00
    5085   1.0000000070E+00
    5086   1.0000000071E+00
    5087   1.0000000070E+00
    5088   1.0000000069E+00
    5089   1.0000000066E+00
    5090   1.0000000062E+00
    5091   1.0000000058E+00
    5092   1.0000000055E+00
    5093   1.0000000051E+00
    5094   1.0000000049E+00
    5095   1.0000000047E+00
    5096   1.0000000047E+00
    5097   1.0000000047E+00
    5098   1.0000000049E+00
    5099   1.0000000051E+00
    5100   1.0000000055E+00
    5101   1.0000000059E+00
    5102   1.0000000062E+00
    5103   1.0000000065E+00
    5104   1.0000000066E+00
    5105   1.0000000065E+00
    5106   1.0000000062E+00
    5107   1.0000000057E+00
    5108   1.0000000051E+00
    5109   1.0000000043E+00
    5110   1.0000000035E+00
    5111   1.0000000028E+00
    5112   1.0000000020E+00
    5113   1.0000000014E+00
    5114   1.0000000009E+00
    5115   1.0000000005E+00
    5116   1.0000000002E+00
    5117   9.9999999999E-01
    5118   9.9999999985E-01
    5119   9.9999999976E-01
    5120   9.9999999971E-01
    5121   9.9999999968E-01
    5122   9.9999999967E-01
    5123   9.9999999967E-01
    5124   9.9999999967E-01
    5125   9.9999999967E-01
    5126   9.9999999967E-01
    5127   9.9999999968E-01
    5128   9.9999999969E-01
    5129   9.9999999969E-01
    5130   9.9999999970E-01
    5131   9.9999999971E-01
    5132   9.9999999971E-01
    5133   9.9999999972E-01
    5134   9.9999999973E-01
    5135   9.9999999975E-01
    5136   9.9999999977E-01
    5137   9.9999999980E-01
    5138   9.9999999986E-01
    5139   9.9999999995E-01
    5140   1.0000000001E+00
    5141   1.0000000003E+00
    5142   1.0000000006E+00
    5143   1.0000000010E+00
    5144   1.0000000015E+00
    5145   1.0000000022E+00
    5146   1.0000000030E+00
    5147   1.0000000039E+00
    5148   1.0000000049E+00
    5149   1.0000000060E+00
    5150   1.0000000070E+00
    5151   1.0000000080E+00
    5152   1.0000000088E+00
    5153   1.0000000095E+00
    5154   1.0000000099E+00
    5155   1.0000000100E+00
    5156   1.0000000099E+00
    5157   1.0000000096E+00
    5158   1.0000000090E+00
    5159   1.0000000083E+00
    5160   1.0000000074E+00
    5161   1.0000000064E+00
    5162   1.0000000054E+00
    5163   1.0000000044E+00
    5164   1.0000000035E+00
    5165   1.0000000027E+00
    5166   1.0000000020E+00
    5167   1.0000000014E+00
    5168   1.0000000009E+00
    5169   1.0000000006E+00
    5170   1.0000000003E+00
    5171   1.0000000001E+00
    5172   1.0000000000E+00
    5173   9.9999999996E-01
    5174   9.9999999992E-01
    5175   9.9999999990E-01
    5176   9.9999999988E-01
    5177   9.9999999988E-01
    5178   9.9999999987E-01
    5179   9.9999999987E-01
    5180   9.9999999987E-01
    5181   9.9999999987E-01
    5182   9.9999999988E-01
    5183   9.9999999988E-01
    5184   9.9999999988E-01
    5185   9.9999999988E-01
    5186   9.9999999988E-01
    5187   9.9999999988E-01
    5188   9.9999999988E-01
    5189   9.9999999988E-01
    5190   9.9999999988E-01
    5191   9.9999999988E-01
    5192   9.9999999988E-01
    5193   9.9999999988E-01
    5194   9.9999999989E-01
    5195   9.9999999989E-01
    5196   9.9999999989E-01
    5197   9.9999999989E-01
    5198   9.9999999989E-01
    5199   9.9999999989E-01
    5200   9.9999999989E-01
    5201   9.9999999989E-01
    5202   9.9999999989E-01
    5203   9.9999999989E-01
    5204   9.9999999990E-01
    5205   9.9999999990E-01
    5206   9.9999999990E-01
    5207   9.9999999990E-01
    5208   9.9999999990E-01
    5209   9.9999999990E-01
    5210   9.9999999990E-01
    5211   9.9999999991E-01
    5212   9.9999999991E-01
    5213   9.9999999991E-01
    5214   9.9999999991E-01
    5215   9.9999999991E-01
    5216   9.9999999991E-01
    5217   9.9999999991E-01
    5218   9.9999999991E-01
    5219   9.9999999991E-01
    5220   9.9999999991E-01
    5221   9.9999999991E-01
    5222   9.9999999992E-01
    5223   9.9999999992E-01
    5224   9.9999999992E-01
    5225   9.9999999992E-01
    5226   9.9999999992E-01
    5227   9.9999999992E-01
    5228   9.9999999992E-01
    5229   9.9999999992E-01
    5230   9.9999999992E-01
    5231   9.9999999993E-01
    5232   9.9999999993E-01
    5233   9.9999999993E-01
    5234   9.9999999993E-01
    5235   9.9999999993E-01
    5236   9.9999999993E-01
    5237   9.9999999993E-01
    5238   9.9999999993E-01
    5239   9.9999999994E-01
    5240   9.9999999994E-01
    5241   9.9999999994E-01
    5242   9.9999999994E-01
    5243   9.9999999994E-01
    5244   9.9999999994E-01
    5245   9.9999999994E-01
    5246   9.9999999994E-01
    5247   9.9999999994E-01
    5248   9.9999999994E-01
    5249   9.9999999994E-01
    5250   9.9999999995E-01
    5251   9.9999999995E-01
    5252   9.9999999995E-01
    5253   9.9999999995E-01
    5254   9.9999999995E-01
    5255   9.9999999995E-01
    5256   9.9999999995E-01
    5257   9.9999999996E-01
    5258   9.9999999996E-01
    5259   9.9999999996E-01
    5260   9.9999999996E-01
    5261   9.9999999996E-01
    5262   9.9999999996E-01
    5263   9.9999999996E-01
    5264   9.9999999996E-01
    5265   9.9999999997E-01
    5266   9.9999999997E-01
    5267   9.9999999997E-01
    5268   9.9999999997E-01
    5269   9.9999999997E-01
    5270   9.9999999997E-01
    5271   9.9999999997E-01
    5272   9.9999999997E-01
    5273   9.9999999997E-01
    5274   9.9999999998E-01
    5275   9.9999999998E-01
    5276   9.9999999998E-01
    5277   9.9999999998E-01
    5278   9.9999999999E-01
    5279   1.0000000000E+00
    5280   1.0000000000E+00
    5281   1.0000000001E+00
    5282   1.0000000001E+00
    5283   1.0000000002E+00
    5284   1.0000000003E+00
    5285   1.0000000004E+00
    5286   1.0000000006E+00
    5287   1.0000000009E+00
    5288   1.0000000012E+00
    5289   1.0000000015E+00
    5290   1.0000000018E+00
    5291   1.0000000021E+00
    5292   1.0000000024E+00
    5293   1.0000000026E+00
    5294   1.0000000027E+00
    5295   1.0000000027E+00
    5296   1.0000000027E+00
    5297   1.0000000025E+00
    5298   1.0000000022E+00
    5299   1.0000000019E+00
    5300   1.0000000016E+00
    5301   1.0000000013E+00
    5302   1.0000000010E+00
    5303   1.0000000007E+00
    5304   1.0000000005E+00
    5305   1.0000000003E+00
    5306   1.0000000002E+00
    5307   1.0000000001E+00
    5308   1.0000000001E+00
    5309   1.0000000000E+00
    5310   1.0000000000E+00
    5311   1.0000000000E+00
    5312   1.0000000000E+00
    5313   1.0000000000E+00
    5314   1.0000000000E+00
    5315   1.0000000000E+00
    5316   1.0000000000E+00
    5317   1.0000000000E+00
    5318   1.0000000000E+00
    5319   1.0000000000E+00
    5320   1.0000000000E+00
    5321   1.0000000000E+00
    5322   1.0000000000E+00
    5323   1.0000000000E+00
    5324   1.0000000000E+00
    5325   1.0000000000E+00
    5326   1.0000000000E+00
    5327   1.0000000000E+00
    5328   1.0000000000E+00
    5329   1.0000000000E+00
    5330   1.0000000000E+00
    5331   1.0000000000E+00
    5332   1.0000000000E+00
    5333   1.0000000000E+00
    5334   1.0000000000E+00
    5335   1.0000000000E+00
    5336   1.0000000000E+00
    5337   1.0000000000E+00
    5338   1.0000000000E+00
    5339   1.0000000000E+00
    5340   1.0000000000E+00
    5341   1.0000000000E+00
    5342   1.0000000000E+00
    5343   1.0000000000E+00
    5344   1.0000000000E+00
    5345   1.0000000000E+00
    5346   1.0000000000E+00
    5347   1.0000000000E+00
    5348   1.0000000000E+00
    5349   1.0000000000E+00
    5350   1.0000000000E+00
    5351   1.0000000000E+00
    5352   1.0000000000E+00
    5353   1.0000000000E+00
    5354   1.0000000000E+00
    5355   1.0000000000E+00
    5356   1.0000000000E+00
    5357   1.0000000000E+00
    5358   1.0000000000E+00
    5359   1.0000000000E+00
    5360   1.0000000000E+00
    5361   1.0000000000E+00
    5362   1.0000000000E+00
    5363   1.0000000000E+00
    5364   1.0000000000E+00
    5365   1.0000000000E+00
    5366   1.0000000000E+00
    5367   1.0000000000E+00
    5368   1.0000000000E+00
    5369   1.0000000000E+00
    5370   1.0000000000E+00
    5371   1.0000000000E+00
    5372   1.0000000000E+00
    5373   1.0000000000E+00
    5374   1.0000000000E+00
    5375   1.0000000000E+00
    5376   1.0000000000E+00
    5377   1.0000000000E+00
    5378   1.0000000000E+00
    5379   1.0000000000E+00
    5380   1.0000000000E+00
    5381   1.0000000000E+00
    5382   1.0000000000E+00
    5383   1.0000000000E+00
    5384   1.0000000000E+00
    5385   1.0000000000E+00
    5386   1.0000000000E+00
    5387   1.0000000000E+00
    5388   1.0000000000E+00
    5389   1.0000000000E+00
    5390   1.0000000000E+00
    5391   1.0000000000E+00
    5392   1.0000000000E+00
    5393   1.0000000000E+00
    5394   1.0000000000E+00
    5395   1.0000000000E+00
    5396   1.0000000000E+00
    5397   1.0000000000E+00
    5398   1.0000000000E+00
    5399   1.0000000000E+00
    5400   1.0000000000E+00
    5401   1.0000000000E+00
    5402   1.0000000000E+00
    5403   1.0000000000E+00
    5404   1.0000000000E+00
    5405   1.0000000000E+00
    5406   1.0000000000E+00
    5407   1.0000000000E+00
    5408   1.0000000000E+00
    5409   1.0000000000E+00
    5410   1.0000000000E+00
    5411   1.0000000000E+00
    5412   1.0000000000E+00
    5413   1.0000000000E+00
    5414   1.0000000000E+00
    5415   1.0000000000E+00
    5416   1.0000000000E+00
    5417   1.0000000000E+00
    5418   1.0000000000E+00
    5419   1.0000000000E+00
    5420   1.0000000000E+00
    5421   1.0000000000E+00
    5422   1.0000000000E+00
    5423   1.0000000000E+00
    5424   1.0000000000E+00
    5425   1.0000000000E+00
    5426   1.0000000000E+00
    5427   1.0000000000E+00
    5428   1.0000000000E+00
    5429   1.0000000000E+00
    5430   1.0000000000E+00
    5431   1.0000000000E+00
    5432   1.0000000000E+00
    5433   1.0000000000E+00
    5434   1.0000000000E+00
    5435   1.0000000000E+00
    5436   1.0000000000E+00
    5437   1.0000000000E+00
    5438   1.0000000000E+00
    5439   1.0000000000E+00
    5440   1.0000000000E+00
    5441   1.0000000000E+00
    5442   1.0000000000E+00
    5443   1.0000000000E+00
    5444   1.0000000000E+00
    5445   1.0000000000E+00
    5446   1.0000000000E+00
    5447   1.0000000000E+00
    5448   1.0000000000E+00
    5449   1.0000000000E+00
    5450   1.0000000000E+00
    5451   1.0000000000E+00
    5452   1.0000000000E+00
    5453   1.0000000000E+00
    5454   1.0000000000E+00
    5455   1.0000000000E+00
    5456   1.0000000000E+00
    5457   1.0000000000E+00
    5458   1.0000000000E+00
    5459   1.0000000000E+00
    5460   1.0000000000E+00
    5461   1.0000000000E+00
    5462   1.0000000000E+00
    5463   1.0000000000E+00
    5464   1.0000000000E+00
    5465   1.0000000000E+00
    5466   1.0000000000E+00
    5467   1.0000000000E+00
    5468   1.0000000000E+00
    5469   1.0000000000E+00
    5470   1.0000000000E+00
    5471   1.0000000000E+00
    5472   1.0000000000E+00
    5473   1.0000000000E+00
    5474   1.0000000000E+00
    5475   1.0000000000E+00
    5476   1.0000000000E+00
    5477   1.0000000000E+00
    5478   1.0000000000E+00
    5479   1.0000000000E+00
    5480   1.0000000000E+00
    5481   1.0000000000E+00
    5482   1.0000000000E+00
    5483   1.0000000000E+00
    5484   1.0000000000E+00
    5485   1.0000000000E+00
    5486   1.0000000000E+00
    5487   1.0000000000E+00
    5488   1.0000000000E+00
    5489   1.0000000000E+00
    5490   1.0000000000E+00
    5491   1.0000000000E+00
    5492   1.0000000000E+00
    5493   1.0000000000E+00
    5494   1.0000000000E+00
    5495   1.0000000000E+00
    5496   1.0000000000E+00
    5497   1.0000000000E+00
    5498   1.0000000000E+00
    5499   1.0000000000E+00
    5500   1.0000000000E+00
    5501   1.0000000000E+00
    5502   1.0000000000E+00
    5503   1.0000000000E+00
    5504   1.0000000000E+00
    5505   1.0000000000E+00
    5506   1.0000000000E+00
    5507   1.0000000000E+00
    5508   1.0000000000E+00
    5509   1.0000000000E+00
    5510   1.0000000000E+00
    5511   1.0000000000E+00
    5512   1.0000000000E+00
    5513   1.0000000000E+00
    5514   1.0000000000E+00
    5515   1.0000000000E+00
    5516   1.0000000000E+00
    5517   1.0000000000E+00
    5518   1.0000000000E+00
    5519   1.0000000000E+00
    5520   1.0000000000E+00
    5521   1.0000000000E+00
    5522   1.0000000000E+00
    5523   1.0000000000E+00
    5524   1.0000000000E+00
    5525   1.0000000000E+00
    5526   1.0000000000E+00
    5527   1.0000000000E+00
    5528   1.0000000000E+00
    5529   1.0000000000E+00
    5530   1.0000000000E+00
    5531   1.0000000000E+00
    5532   1.0000000000E+00
    5533   1.0000000000E+00
    5534   1.0000000000E+00
    5535   1.0000000000E+00
    5536   1.0000000000E+00
    5537   1.0000000000E+00
    5538   1.0000000000E+00
    5539   1.0000000000E+00
    5540   1.0000000000E+00
    5541   1.0000000000E+00
    5542   1.0000000000E+00
    5543   1.0000000000E+00
    5544   1.0000000000E+00
    5545   1.0000000000E+00
    5546   1.0000000000E+00
    5547   1.0000000000E+00
    5548   1.0000000000E+00
    5549   1.0000000000E+00
    5550   1.0000000000E+00
    5551   1.0000000000E+00
    5552   1.0000000000E+00
    5553   1.0000000000E+00
    5554   1.0000000000E+00
    5555   1.0000000000E+00
    5556   1.0000000000E+00
    5557   1.0000000000E+00
    5558   1.0000000000E+00
    5559   1.0000000000E+00
    5560   1.0000000000E+00
    5561   1.0000000000E+00
    5562   1.0000000000E+00
    5563   1.0000000000E+00
    5564   1.0000000000E+00
    5565   1.0000000000E+00
    5566   1.0000000000E+00
    5567   1.0000000000E+00
    5568   1.0000000000E+00
    5569   1.0000000000E+00
    5570   1.0000000000E+00
    5571   1.0000000000E+00
    5572   1.0000000000E+00
    5573   1.0000000000E+00
    5574   1.0000000000E+00
    5575   1.0000000000E+00
    5576   1.0000000000E+00
    5577   1.0000000000E+00
    5578   1.0000000000E+00
    5579   1.0000000000E+00
    5580   1.0000000000E+00
    5581   1.0000000000E+00
    5582   1.0000000000E+00
    5583   1.0000000000E+00
    5584   1.0000000000E+00
    5585   1.0000000000E+00
    5586   1.0000000000E+00
    5587   1.0000000000E+00
    5588   1.0000000000E+00
    5589   1.0000000000E+00
    5590   1.0000000000E+00
    5591   1.0000000000E+00
    5592   1.0000000000E+00
    5593   1.0000000000E+00
    5594   1.0000000000E+00
    5595   1.0000000000E+00
    5596   1.0000000000E+00
    5597   1.0000000000E+00
    5598   1.0000000000E+00
    5599   1.0000000000E+00
    5600   1.0000000000E+00
    5601   1.0000000000E+00
    5602   1.0000000000E+00
    5603   1.0000000000E+00
    5604   1.0000000000E+00
    5605   1.0000000000E+00
    5606   1.0000000000E+00
    5607   1.0000000000E+00
    5608   1.0000000000E+00
    5609   1.0000000000E+00
    5610   1.0000000000E+00
    5611   1.0000000000E+00
    5612   1.0000000000E+00
    5613   1.0000000000E+00
    5614   1.0000000000E+00
    5615   1.0000000000E+00
    5616   1.0000000000E+00
    5617   1.0000000000E+00
    5618   1.0000000000E+00
    5619   1.0000000000E+00
    5620   1.0000000000E+00
    5621   1.0000000000E+00
    5622   1.0000000000E+00
    5623   1.0000000000E+00
    5624   1.0000000000E+00
    5625   1.0000000000E+00
    5626   1.0000000000E+00
    5627   1.0000000000E+00
    5628   1.0000000000E+00
    5629   1.0000000000E+00
    5630   1.0000000000E+00
    5631   1.0000000000E+00
    5632   1.0000000000E+00
    5633   1.0000000000E+00
    5634   1.0000000000E+00
    5635   1.0000000000E+00
    5636   1.0000000000E+00
    5637   1.0000000000E+00
    5638   1.0000000000E+00
    5639   1.0000000000E+00
    5640   1.0000000000E+00
    5641   1.0000000000E+00
    5642   1.0000000000E+00
    5643   1.0000000000E+00
    5644   1.0000000000E+00
    5645   1.0000000000E+00
    5646   1.0000000000E+00
    5647   1.0000000000E+00
    5648   1.0000000000E+00
    5649   1.0000000000E+00
    5650   1.0000000000E+00
    5651   1.0000000000E+00
    5652   1.0000000000E+00
    5653   1.0000000000E+00
    5654   1.0000000000E+00
    5655   1.0000000000E+00
    5656   1.0000000000E+00
    5657   1.0000000000E+00
    5658   1.0000000000E+00
    5659   1.0000000000E+00
    5660   1.0000000000E+00
    5661   1.0000000000E+00
    5662   1.0000000000E+00
    5663   1.0000000000E+00
    5664   1.0000000000E+00
    5665   1.0000000000E+00
    5666   1.0000000000E+00
    5667   1.0000000000E+00
    5668   1.0000000000E+00
    5669   1.0000000000E+00
    5670   1.0000000000E+00
    5671   1.0000000000E+00
    5672   1.0000000000E+00
    5673   1.0000000000E+00
    5674   1.0000000000E+00
    5675   1.0000000000E+00
    5676   1.0000000000E+00
    5677   1.0000000000E+00
    5678   1.0000000000E+00
    5679   1.0000000000E+00
    5680   1.0000000000E+00
    5681   1.0000000000E+00
    5682   1.0000000000E+00
    5683   1.0000000000E+00
    5684   1.0000000000E+00
    5685   1.0000000000E+00
    5686   1.0000000000E+00
    5687   1.0000000000E+00
    5688   1.0000000000E+00
    5689   1.0000000000E+00
    5690   1.0000000000E+00
    5691   1.0000000000E+00
    5692   1.0000000000E+00
    5693   1.0000000000E+00
    5694   1.0000000000E+00
    5695   1.0000000000E+00
    5696   1.0000000000E+00
    5697   1.0000000000E+00
    5698   1.0000000000E+00
    5699   1.0000000000E+00
    5700   1.0000000000E+00
    5701   1.0000000000E+00
    5702   1.0000000000E+00
    5703   1.0000000000E+00
    5704   1.0000000000E+00
    5705   1.0000000000E+00
    5706   1.0000000000E+00
    5707   1.0000000000E+00
    5708   1.0000000000E+00
    5709   1.0000000000E+00
    5710   1.0000000000E+00
    5711   1.0000000000E+00
    5712   1.0000000000E+00
    5713   1.0000000000E+00
    5714   1.0000000000E+00
    5715   1.0000000000E+00
    5716   1.0000000000E+00
    5717   1.0000000000E+00
    5718   1.0000000000E+00
    5719   1.0000000000E+00
    5720   1.0000000000E+00
    5721   1.0000000000E+00
    5722   1.0000000000E+00
    5723   1.0000000000E+00
    5724   1.0000000000E+00
    5725   1.0000000000E+00
    5726   1.0000000000E+00
    5727   1.0000000000E+00
    5728   1.0000000000E+00
    5729   1.0000000000E+00
    5730   1.0000000000E+00
    5731   1.0000000000E+00
    5732   1.0000000000E+00
    5733   1.0000000000E+00
    5734   1.0000000000E+00
    5735   1.0000000000E+00
    5736   1.0000000000E+00
    5737   1.0000000000E+00
    5738   1.0000000000E+00
    5739   1.0000000000E+00
    5740   1.0000000000E+00
    5741   1.0000000000E+00
    5742   1.0000000000E+00
    5743   1.0000000000E+00
    5744   1.0000000000E+00
    5745   1.0000000000E+00
    5746   1.0000000000E+00
    5747   1.0000000000E+00
    5748   1.0000000000E+00
    5749   1.0000000000E+00
    5750   1.0000000000E+00
    5751   1.0000000000E+00
    5752   1.0000000000E+00
    5753   1.0000000000E+00
    5754   1.0000000000E+00
    5755   1.0000000000E+00
    5756   1.0000000000E+00
    5757   1.0000000000E+00
    5758   1.0000000000E+00
    5759   1.0000000000E+00
    5760   1.0000000000E+00
    5761   1.0000000000E+00
    5762   1.0000000000E+00
    5763   1.0000000000E+00
    5764   1.0000000000E+00
    5765   1.0000000000E+00
    5766   1.0000000000E+00
    5767   1.0000000000E+00
    5768   1.0000000000E+00
    5769   1.0000000000E+00
    5770   1.0000000000E+00
    5771   1.0000000000E+00
    5772   1.0000000000E+00
    5773   1.0000000000E+00
    5774   1.0000000000E+00
    5775   1.0000000000E+00
    5776   1.0000000000E+00
    5777   1.0000000000E+00
    5778   1.0000000000E+00
    5779   1.0000000000E+00
    5780   1.0000000000E+00
    5781   1.0000000000E+00
    5782   1.0000000000E+00
    5783   1.0000000000E+00
    5784   1.0000000000E+00
    5785   1.0000000000E+00
    5786   1.0000000000E+00
    5787   1.0000000000E+00
    5788   1.0000000000E+00
    5789   1.0000000000E+00
    5790   1.0000000000E+00
    5791   1.0000000000E+00
    5792   1.0000000000E+00
    5793   1.0000000000E+00
    5794   1.0000000000E+00
    5795   1.0000000000E+00
    5796   1.0000000000E+00
    5797   1.0000000000E+00
    5798   1.0000000000E+00
    5799   1.0000000000E+00
    5800   1.0000000000E+00
    5801   1.0000000000E+00
    5802   1.0000000000E+00
    5803   1.0000000000E+00
    5804   1.0000000000E+00
    5805   1.0000000000E+00
    5806   1.0000000000E+00
    5807   1.0000000000E+00
    5808   1.0000000000E+00
    5809   1.0000000000E+00
    5810   1.0000000000E+00
    5811   1.0000000000E+00
    5812   1.0000000000E+00
    5813   1.0000000000E+00
    5814   1.0000000000E+00
    5815   1.0000000000E+00
    5816   1.0000000000E+00
    5817   1.0000000000E+00
    5818   1.0000000000E+00
    5819   1.0000000000E+00
    5820   1.0000000000E+00
    5821   1.0000000000E+00
    5822   1.0000000000E+00
    5823   1.0000000000E+00
    5824   1.0000000000E+00
    5825   1.0000000000E+00
    5826   1.0000000000E+00
    5827   1.0000000000E+00
    5828   1.0000000000E+00
    5829   1.0000000000E+00
    5830   1.0000000000E+00
    5831   1.0000000000E+00
    5832   1.0000000000E+00
    5833   1.0000000000E+00
    5834   1.0000000000E+00
    5835   1.0000000000E+00
    5836   1.0000000000E+00
    5837   1.0000000000E+00
    5838   1.0000000000E+00
    5839   1.0000000000E+00
    5840   1.0000000000E+00
    5841   1.0000000000E+00
    5842   1.0000000000E+00
    5843   1.0000000000E+00
    5844   1.0000000000E+00
    5845   1.0000000000E+00
    5846   1.0000000000E+00
    5847   1.0000000000E+00
    5848   1.0000000000E+00
    5849   1.0000000000E+00
    5850   1.0000000000E+00
    5851   1.0000000000E+00
    5852   1.0000000000E+00
    5853   1.0000000000E+00
    5854   1.0000000000E+00
    5855   1.0000000000E+00
    5856   1.0000000000E+00
    5857   1.0000000000E+00
    5858   1.0000000000E+00
    5859   1.0000000000E+00
    5860   1.0000000000E+00
    5861   1.0000000000E+00
    5862   1.0000000000E+00
    5863   1.0000000000E+00
    5864   1.0000000000E+00
    5865   1.0000000000E+00
    5866   1.0000000000E+00
    5867   1.0000000000E+00
    5868   1.0000000000E+00
    5869   1.0000000000E+00
    5870   1.0000000000E+00
    5871   1.0000000000E+00
    5872   1.0000000000E+00
    5873   1.0000000000E+00
    5874   1.0000000000E+00
    5875   1.0000000000E+00
    5876   1.0000000000E+00
    5877   1.0000000000E+00
    5878   1.0000000000E+00
    5879   1.0000000000E+00
    5880   1.0000000000E+00
    5881   1.0000000000E+00
    5882   1.0000000000E+00
    5883   1.0000000000E+00
    5884   1.0000000000E+00
    5885   1.0000000000E+00
    5886   1.0000000000E+00
    5887   1.0000000000E+00
    5888   1.0000000000E+00
    5889   1.0000000000E+00
    5890   1.0000000000E+00
    5891   1.0000000000E+00
    5892   1.0000000000E+00
    5893   1.0000000000E+00
    5894   1.0000000000E+00
    5895   1.0000000000E+00
    5896   1.0000000000E+00
    5897   1.0000000000E+00
    5898   1.0000000000E+00
    5899   1.0000000000E+00
    5900   1.0000000000E+00
    5901   1.0000000000E+00
    5902   1.0000000000E+00
    5903   1.0000000000E+00
    5904   1.0000000000E+00
    5905   1.0000000000E+00
    5906   1.0000000000E+00
    5907   1.0000000000E+00
    5908   1.0000000000E+00
    5909   1.0000000000E+00
    5910   1.0000000000E+00
    5911   1.0000000000E+00
    5912   1.0000000000E+00
    5913   1.0000000000E+00
    5914   1.0000000000E+00
    5915   1.0000000000E+00
    5916   1.0000000000E+00
    5917   1.0000000000E+00
    5918   1.0000000000E+00
    5919   1.0000000000E+00
    5920   1.0000000000E+00
    5921   1.0000000000E+00
    5922   1.0000000000E+00
    5923   1.0000000000E+00
    5924   1.0000000000E+00
    5925   1.0000000000E+00
    5926   1.0000000000E+00
    5927   1.0000000000E+00
    5928   1.0000000000E+00
    5929   1.0000000000E+00
    5930   1.0000000000E+00
    5931   1.0000000000E+00
    5932   1.0000000000E+00
    5933   1.0000000000E+00
    5934   1.0000000000E+00
    5935   1.0000000000E+00
    5936   1.0000000000E+00
    5937   1.0000000000E+00
    5938   1.0000000000E+00
    5939   1.0000000000E+00
    5940   1.0000000000E+00
    5941   1.0000000000E+00
    5942   1.0000000000E+00
    5943   1.0000000000E+00
    5944   1.0000000000E+00
    5945   1.0000000000E+00
    5946   1.0000000000E+00
    5947   1.0000000000E+00
    5948   1.0000000000E+00
    5949   1.0000000000E+00
    5950   1.0000000000E+00
    5951   1.0000000000E+00
    5952   1.0000000000E+00
    5953   1.0000000000E+00
    5954   1.0000000000E+00
    5955   1.0000000000E+00
    5956   1.0000000000E+00
    5957   1.0000000000E+00
    5958   1.0000000000E+00
    5959   1.0000000000E+00
    5960   1.0000000000E+00
    5961   1.0000000000E+00
    5962   1.0000000000E+00
    5963   1.0000000000E+00
    5964   1.0000000000E+00
    5965   1.0000000000E+00
    5966   1.0000000000E+00
    5967   1.0000000000E+00
    5968   1.0000000000E+00
    5969   1.0000000000E+00
    5970   1.0000000000E+00
    5971   1.0000000000E+00
    5972   1.0000000000E+00
    5973   1.0000000000E+00
    5974   1.0000000000E+00
    5975   1.0000000000E+00
    5976   1.0000000000E+00
    5977   1.0000000000E+00
    5978   1.0000000000E+00
    5979   1.0000000000E+00
    5980   1.0000000000E+00
    5981   1.0000000000E+00
    5982   1.0000000000E+00
    5983   1.0000000000E+00
    5984   1.0000000000E+00
    5985   1.0000000000E+00
    5986   1.0000000000E+00
    5987   1.0000000000E+00
    5988   1.0000000000E+00
    5989   1.0000000000E+00
    5990   1.0000000000E+00
    5991   1.0000000000E+00
    5992   1.0000000000E+00
    5993   1.0000000000E+00
    5994   1.0000000000E+00
    5995   1.0000000000E+00
    5996   1.0000000000E+00
    5997   1.0000000000E+00
    5998   1.0000000000E+00
    5999   1.0000000000E+00
    6000   1.0000000000E+00
    6001   1.0000000000E+00
    6002   1.0000000000E+00
    6003   1.0000000000E+00
    6004   1.0000000000E+00
    6005   1.0000000000E+00
    6006   1.0000000000E+00
    6007   1.0000000000E+00
    6008   1.0000000000E+00
    6009   1.0000000000E+00
    6010   1.0000000000E+00
    6011   1.0000000000E+00
    6012   1.0000000000E+00
    6013   1.0000000000E+00
    6014   1.0000000000E+00
    6015   1.0000000000E+00
    6016   1.0000000000E+00
    6017   1.0000000000E+00
    6018   1.0000000000E+00
    6019   1.0000000000E+00
    6020   1.0000000000E+00
    6021   1.0000000000E+00
    6022   1.0000000000E+00
    6023   1.0000000000E+00
    6024   1.0000000000E+00
    6025   1.0000000000E+00
    6026   1.0000000000E+00
    6027   1.0000000000E+00
    6028   1.0000000000E+00
    6029   1.0000000000E+00
    6030   1.0000000000E+00
    6031   1.0000000000E+00
    6032   1.0000000000E+00
    6033   1.0000000000E+00
    6034   1.0000000000E+00
    6035   1.0000000000E+00
    6036   1.0000000000E+00
    6037   1.0000000000E+00
    6038   1.0000000000E+00
    6039   1.0000000000E+00
    6040   1.0000000000E+00
    6041   1.0000000000E+00
    6042   1.0000000000E+00
    6043   1.0000000000E+00
    6044   1.0000000000E+00
    6045   1.0000000000E+00
    6046   1.0000000000E+00
    6047   1.0000000000E+00
    6048   1.0000000000E+00
    6049   1.0000000000E+00
    6050   1.0000000000E+00
    6051   1.0000000000E+00
    6052   1.0000000000E+00
    6053   1.0000000000E+00
    6054   1.0000000000E+00
    6055   1.0000000000E+00
    6056   1.0000000000E+00
    6057   1.0000000000E+00
    6058   1.0000000000E+00
    6059   1.0000000000E+00
    6060   1.0000000000E+00
    6061   1.0000000000E+00
    6062   1.0000000000E+00
    6063   1.0000000000E+00
    6064   1.0000000000E+00
    6065   1.0000000000E+00
    6066   1.0000000000E+00
    6067   1.0000000000E+00
    6068   1.0000000000E+00
    6069   1.0000000000E+00
    6070   1.0000000000E+00
    6071   1.0000000000E+00
    6072   1.0000000000E+00
    6073   1.0000000000E+00
    6074   1.0000000000E+00
    6075   1.0000000000E+00
    6076   1.0000000000E+00
    6077   1.0000000000E+00
    6078   1.0000000000E+00
    6079   1.0000000000E+00
    6080   1.0000000000E+00
    6081   1.0000000000E+00
    6082   1.0000000000E+00
    6083   1.0000000000E+00
    6084   1.0000000000E+00
    6085   1.0000000000E+00
    6086   1.0000000000E+00
    6087   1.0000000000E+00
    6088   1.0000000000E+00
    6089   1.0000000000E+00
    6090   1.0000000000E+00
    6091   1.0000000000E+00
    6092   1.0000000000E+00
    6093   1.0000000000E+00
    6094   1.0000000000E+00
    6095   1.0000000000E+00
    6096   1.0000000000E+00
    6097   1.0000000000E+00
    6098   1.0000000000E+00
    6099   1.0000000000E+00
    6100   1.0000000000E+00
    6101   1.0000000000E+00
    6102   1.0000000000E+00
    6103   1.0000000000E+00
    6104   1.0000000000E+00
    6105   1.0000000000E+00
    6106   1.0000000000E+00
    6107   1.0000000000E+00
    6108   1.0000000000E+00
    6109   1.0000000000E+00
    6110   1.0000000000E+00
    6111   1.0000000000E+00
    6112   1.0000000000E+00
    6113   1.0000000000E+00
    6114   1.0000000000E+00
    6115   1.0000000000E+00
    6116   1.0000000000E+00
    6117   1.0000000000E+00
    6118   1.0000000000E+00
    6119   1.0000000000E+00
    6120   1.0000000000E+00
    6121   1.0000000000E+00
    6122   1.0000000000E+00
    6123   1.0000000000E+00
    6124   1.0000000000E+00
    6125   1.0000000000E+00
    6126   1.0000000000E+00
    6127   1.0000000000E+00
    6128   1.0000000000E+00
    6129   1.0000000000E+00
    6130   1.0000000000E+00
    6131   1.0000000000E+00
    6132   1.0000000000E+00
    6133   1.0000000000E+00
    6134   1.0000000000E+00
    6135   1.0000000000E+00
    6136   1.0000000000E+00
    6137   1.0000000000E+00
    6138   1.0000000000E+00
    6139   1.0000000000E+00
    6140   1.0000000000E+00
    6141   1.0000000000E+00
    6142   1.0000000000E+00
    6143   1.0000000000E+00
    6144   1.0000000000E+00
    6145   1.0000000000E+00
    6146   1.0000000000E+00
    6147   1.0000000000E+00
    6148   1.0000000000E+00
    6149   1.0000000000E+00
    6150   1.0000000000E+00
    6151   1.0000000000E+00
    6152   1.0000000000E+00
    6153   1.0000000000E+00
    6154   1.0000000000E+00
    6155   1.0000000000E+00
    6156   1.0000000000E+00
    6157   1.0000000000E+00
    6158   1.0000000000E+00
    6159   1.0000000000E+00
    6160   1.0000000000E+00
    6161   1.0000000000E+00
    6162   1.0000000000E+00
    6163   1.0000000000E+00
    6164   1.0000000000E+00
    6165   1.0000000000E+00
    6166   1.0000000000E+00
    6167   1.0000000000E+00
    6168   1.0000000000E+00
    6169   1.0000000000E+00
    6170   1.0000000000E+00
    6171   1.0000000000E+00
    6172   1.0000000000E+00
    6173   1.0000000000E+00
    6174   1.0000000000E+00
    6175   1.0000000000E+00
    6176   1.0000000000E+00
    6177   1.0000000000E+00
    6178   1.0000000000E+00
    6179   1.0000000000E+00
    6180   1.0000000000E+00
    6181   1.0000000000E+00
    6182   1.0000000000E+00
    6183   1.0000000000E+00
    6184   1.0000000000E+00
    6185   1.0000000000E+00
    6186   1.0000000000E+00
    6187   1.0000000000E+00
    6188   1.0000000000E+00
    6189   1.0000000000E+00
    6190   1.0000000000E+00
    6191   1.0000000000E+00
    6192   1.0000000000E+00
    6193   1.0000000000E+00
    6194   1.0000000000E+00
    6195   1.0000000000E+00
    6196   1.0000000000E+00
    6197   1.0000000000E+00
    6198   1.0000000000E+00
    6199   1.0000000000E+00
    6200   1.0000000000E+00
    6201   1.0000000000E+00
    6202   1.0000000000E+00
    6203   1.0000000000E+00
    6204   1.0000000000E+00
    6205   1.0000000000E+00
    6206   1.0000000000E+00
    6207   1.0000000000E+00
    6208   1.0000000000E+00
    6209   1.0000000000E+00
    6210   1.0000000000E+00
    6211   1.0000000000E+00
    6212   1.0000000000E+00
    6213   1.0000000000E+00
    6214   1.0000000000E+00
    6215   1.0000000000E+00
    6216   1.0000000000E+00
    6217   1.0000000000E+00
    6218   1.0000000000E+00
    6219   1.0000000000E+00
    6220   1.0000000000E+00
    6221   1.0000000000E+00
    6222   1.0000000000E+00
    6223   1.0000000000E+00
    6224   1.0000000000E+00
    6225   1.0000000000E+00
    6226   1.0000000000E+00
    6227   1.0000000000E+00
    6228   1.0000000000E+00
    6229   1.0000000000E+00
    6230   1.0000000000E+00
    6231   1.0000000000E+00
    6232   1.0000000000E+00
    6233   1.0000000000E+00
    6234   1.0000000000E+00
    6235   1.0000000000E+00
    6236   1.0000000000E+00
    6237   1.0000000000E+00
    6238   1.0000000000E+00
    6239   1.0000000000E+00
    6240   1.0000000000E+00
    6241   1.0000000000E+00
    6242   1.0000000000E+00
    6243   1.0000000000E+00
    6244   1.0000000000E+00
    6245   1.0000000000E+00
    6246   1.0000000000E+00
    6247   1.0000000000E+00
    6248   1.0000000000E+00
    6249   1.0000000000E+00
    6250   1.0000000000E+00
    6251   1.0000000000E+00
    6252   1.0000000000E+00
    6253   1.0000000000E+00
    6254   1.0000000000E+00
    6255   1.0000000000E+00
    6256   1.0000000000E+00
    6257   1.0000000000E+00
    6258   1.0000000000E+00
    6259   1.0000000000E+00
    6260   1.0000000000E+00
    6261   1.0000000000E+00
    6262   1.0000000000E+00
    6263   1.0000000000E+00
    6264   1.0000000000E+00
    6265   1.0000000000E+00
    6266   1.0000000000E+00
    6267   1.0000000000E+00
    6268   1.0000000000E+00
    6269   1.0000000000E+00
    6270   1.0000000000E+00
    6271   1.0000000000E+00
    6272   1.0000000000E+00
    6273   1.0000000000E+00
    6274   1.0000000000E+00
    6275   1.0000000000E+00
    6276   1.0000000000E+00
    6277   1.0000000000E+00
    6278   1.0000000000E+00
    6279   1.0000000000E+00
    6280   1.0000000000E+00
    6281   1.0000000000E+00
    6282   1.0000000000E+00
    6283   1.0000000000E+00
    6284   1.0000000000E+00
    6285   1.0000000000E+00
    6286   1.0000000000E+00
    6287   1.0000000000E+00
    6288   1.0000000000E+00
    6289   1.0000000000E+00
    6290   1.0000000000E+00
    6291   1.0000000000E+00
    6292   1.0000000000E+00
    6293   1.0000000000E+00
    6294   1.0000000000E+00
    6295   1.0000000000E+00
    6296   1.0000000000E+00
    6297   1.0000000000E+00
    6298   1.0000000000E+00
    6299   1.0000000000E+00
    6300   1.0000000000E+00
    6301   1.0000000000E+00
    6302   1.0000000000E+00
    6303   1.0000000000E+00
    6304   1.0000000000E+00
    6305   1.0000000000E+00
    6306   1.0000000000E+00
    6307   1.0000000000E+00
    6308   1.0000000000E+00
    6309   1.0000000000E+00
    6310   1.0000000000E+00
    6311   1.0000000000E+00
    6312   1.0000000000E+00
    6313   1.0000000000E+00
    6314   1.0000000000E+00
    6315   1.0000000000E+00
    6316   1.0000000000E+00
    6317   1.0000000000E+00
    6318   1.0000000000E+00
    6319   1.0000000000E+00
    6320   1.0000000000E+00
    6321   1.0000000000E+00
    6322   1.0000000000E+00
    6323   1.0000000000E+00
    6324   1.0000000000E+00
    6325   1.0000000000E+00
    6326   1.0000000000E+00
    6327   1.0000000000E+00
    6328   1.0000000000E+00
    6329   1.0000000000E+00
    6330   1.0000000000E+00
    6331   1.0000000000E+00
    6332   1.0000000000E+00
    6333   1.0000000000E+00
    6334   1.0000000000E+00
    6335   1.0000000000E+00
    6336   1.0000000000E+00
    6337   1.0000000000E+00
    6338   1.0000000000E+00
    6339   1.0000000000E+00
    6340   1.0000000000E+00
    6341   1.0000000000E+00
    6342   1.0000000000E+00
    6343   1.0000000000E+00
    6344   1.0000000000E+00
    6345   1.0000000000E+00
    6346   1.0000000000E+00
    6347   1.0000000000E+00
    6348   1.0000000000E+00
    6349   1.0000000000E+00
    6350   1.0000000000E+00
    6351   1.0000000000E+00
    6352   1.0000000000E+00
    6353   1.0000000000E+00
    6354   1.0000000000E+00
    6355   1.0000000000E+00
    6356   1.0000000000E+00
    6357   1.0000000000E+00
    6358   1.0000000000E+00
    6359   1.0000000000E+00
    6360   1.0000000000E+00
    6361   1.0000000000E+00
    6362   1.0000000000E+00
    6363   1.0000000000E+00
    6364   1.0000000000E+00
    6365   1.0000000000E+00
    6366   1.0000000000E+00
    6367   1.0000000000E+00
    6368   1.0000000000E+00
    6369   1.0000000000E+00
    6370   1.0000000000E+00
    6371   1.0000000000E+00
    6372   1.0000000000E+00
    6373   1.0000000000E+00
    6374   1.0000000000E+00
    6375   1.0000000000E+00
    6376   1.0000000000E+00
    6377   1.0000000000E+00
    6378   1.0000000000E+00
    6379   1.0000000000E+00
    6380   1.0000000000E+00
    6381   1.0000000000E+00
    6382   1.0000000000E+00
    6383   1.0000000000E+00
    6384   1.0000000000E+00
    6385   1.0000000000E+00
    6386   1.0000000000E+00
    6387   1.0000000000E+00
    6388   1.0000000000E+00
    6389   1.0000000000E+00
    6390   1.0000000000E+00
    6391   1.0000000000E+00
    6392   1.0000000000E+00
    6393   1.0000000000E+00
    6394   1.0000000000E+00
    6395   1.0000000000E+00
    6396   1.0000000000E+00
    6397   1.0000000000E+00
    6398   1.0000000000E+00
    6399   1.0000000000E+00
    6400   1.0000000000E+00
    6401   1.0000000000E+00
    6402   1.0000000000E+00
    6403   1.0000000000E+00
    6404   1.0000000000E+00
    6405   1.0000000000E+00
    6406   1.0000000000E+00
    6407   1.0000000000E+00
    6408   1.0000000000E+00
    6409   1.0000000000E+00
    6410   1.0000000000E+00
    6411   1.0000000000E+00
    6412   1.0000000000E+00
    6413   1.0000000000E+00
    6414   1.0000000000E+00
    6415   1.0000000000E+00
    6416   1.0000000000E+00
    6417   1.0000000000E+00
    6418   1.0000000000E+00
    6419   1.0000000000E+00
    6420   1.0000000000E+00
    6421   1.0000000000E+00
    6422   1.0000000000E+00
    6423   1.0000000000E+00
    6424   1.0000000000E+00
    6425   1.0000000000E+00
    6426   1.0000000000E+00
    6427   1.0000000000E+00
    6428   1.0000000000E+00
    6429   1.0000000000E+00
    6430   1.0000000000E+00
    6431   1.0000000000E+00
    6432   1.0000000000E+00
    6433   1.0000000000E+00
    6434   1.0000000000E+00
    6435   1.0000000000E+00
    6436   1.0000000000E+00
    6437   1.0000000000E+00
    6438   1.0000000000E+00
    6439   1.0000000000E+00
    6440   1.0000000000E+00
    6441   1.0000000000E+00
    6442   1.0000000000E+00
    6443   1.0000000000E+00
    6444   1.0000000000E+00
    6445   1.0000000000E+00
    6446   1.0000000000E+00
    6447   1.0000000000E+00
    6448   1.0000000000E+00
    6449   1.0000000000E+00
    6450   1.0000000000E+00
    6451   1.0000000000E+00
    6452   1.0000000000E+00
    6453   1.0000000000E+00
    6454   1.0000000000E+00
    6455   1.0000000000E+00
    6456   1.0000000000E+00
    6457   1.0000000000E+00
    6458   1.0000000000E+00
    6459   1.0000000000E+00
    6460   1.0000000000E+00
    6461   1.0000000000E+00
    6462   1.0000000000E+00
    6463   1.0000000000E+00
    6464   1.0000000000E+00
    6465   1.0000000000E+00
    6466   1.0000000000E+00
    6467   1.0000000000E+00
    6468   1.0000000000E+00
    6469   1.0000000000E+00
    6470   1.0000000000E+00
    6471   1.0000000000E+00
    6472   1.0000000000E+00
    6473   1.0000000000E+00
    6474   1.0000000000E+00
    6475   1.0000000000E+00
    6476   1.0000000000E+00
    6477   1.0000000000E+00
    6478   1.0000000000E+00
    6479   1.0000000000E+00
    6480   1.0000000000E+00
    6481   1.0000000000E+00
    6482   1.0000000000E+00
    6483   1.0000000000E+00
    6484   1.0000000000E+00
    6485   1.0000000000E+00
    6486   1.0000000000E+00
    6487   1.0000000000E+00
    6488   1.0000000000E+00
    6489   1.0000000000E+00
    6490   1.0000000000E+00
    6491   1.0000000000E+00
    6492   1.0000000000E+00
    6493   1.0000000000E+00
    6494   1.0000000000E+00
    6495   1.0000000000E+00
    6496   1.0000000000E+00
    6497   1.0000000000E+00
    6498   1.0000000000E+00
    6499   1.0000000000E+00
    6500   1.0000000000E+00
    6501   1.0000000000E+00
    6502   1.0000000000E+00
    6503   1.0000000000E+00
    6504   1.0000000000E+00
    6505   1.0000000000E+00
    6506   1.0000000000E+00
    6507   1.0000000000E+00
    6508   1.0000000000E+00
    6509   1.0000000000E+00
    6510   1.0000000000E+00
    6511   1.0000000000E+00
    6512   1.0000000000E+00
    6513   1.0000000000E+00
    6514   1.0000000000E+00
    6515   1.0000000000E+00
    6516   1.0000000000E+00
    6517   1.0000000000E+00
    6518   1.0000000000E+00
    6519   1.0000000000E+00
    6520   1.0000000000E+00
    6521   1.0000000000E+00
    6522   1.0000000000E+00
    6523   1.0000000000E+00
    6524   1.0000000000E+00
    6525   1.0000000000E+00
    6526   1.0000000000E+00
    6527   1.0000000000E+00
    6528   1.0000000000E+00
    6529   1.0000000000E+00
    6530   1.0000000000E+00
    6531   1.0000000000E+00
    6532   1.0000000000E+00
    6533   1.0000000000E+00
    6534   1.0000000000E+00
    6535   1.0000000000E+00
    6536   1.0000000000E+00
    6537   1.0000000000E+00
    6538   1.0000000000E+00
    6539   1.0000000000E+00
    6540   1.0000000000E+00
    6541   1.0000000000E+00
    6542   1.0000000000E+00
    6543   1.0000000000E+00
    6544   1.0000000000E+00
    6545   1.0000000000E+00
    6546   1.0000000000E+00
    6547   1.0000000000E+00
    6548   1.0000000000E+00
    6549   1.0000000000E+00
    6550   1.0000000000E+00
    6551   1.0000000000E+00
    6552   1.0000000000E+00
    6553   1.0000000000E+00
    6554   1.0000000000E+00
    6555   1.0000000000E+00
    6556   1.0000000000E+00
    6557   1.0000000000E+00
    6558   1.0000000000E+00
    6559   1.0000000000E+00
    6560   1.0000000000E+00
    6561   1.0000000000E+00
    6562   1.0000000000E+00
    6563   1.0000000000E+00
    6564   1.0000000000E+00
    6565   1.0000000000E+00
    6566   1.0000000000E+00
    6567   1.0000000000E+00
    6568   1.0000000000E+00
    6569   1.0000000000E+00
    6570   1.0000000000E+00
    6571   1.0000000000E+00
    6572   1.0000000000E+00
    6573   1.0000000000E+00
    6574   1.0000000000E+00
    6575   1.0000000000E+00
    6576   1.0000000000E+00
    6577   1.0000000000E+00
    6578   1.0000000000E+00
    6579   1.0000000000E+00
    6580   1.0000000000E+00
    6581   1.0000000000E+00
    6582   1.0000000000E+00
    6583   1.0000000000E+00
    6584   1.0000000000E+00
    6585   1.0000000000E+00
    6586   1.0000000000E+00
    6587   1.0000000000E+00
    6588   1.0000000000E+00
    6589   1.0000000000E+00
    6590   1.0000000000E+00
    6591   1.0000000000E+00
    6592   1.0000000000E+00
    6593   1.0000000000E+00
    6594   1.0000000000E+00
    6595   1.0000000000E+00
    6596   1.0000000000E+00
    6597   1.0000000000E+00
    6598   1.0000000000E+00
    6599   1.0000000000E+00
    6600   1.0000000000E+00
    6601   1.0000000000E+00
    6602   1.0000000000E+00
    6603   1.0000000000E+00
    6604   1.0000000000E+00
    6605   1.0000000000E+00
    6606   1.0000000000E+00
    6607   1.0000000000E+00
    6608   1.0000000000E+00
    6609   1.0000000000E+00
    6610   1.0000000000E+00
    6611   1.0000000000E+00
    6612   1.0000000000E+00
    6613   1.0000000000E+00
    6614   1.0000000000E+00
    6615   1.0000000000E+00
    6616   1.0000000000E+00
    6617   1.0000000000E+00
    6618   1.0000000000E+00
    6619   1.0000000000E+00
    6620   1.0000000000E+00
    6621   1.0000000000E+00
    6622   1.0000000000E+00
    6623   1.0000000000E+00
    6624   1.0000000000E+00
    6625   1.0000000000E+00
    6626   1.0000000000E+00
    6627   1.0000000000E+00
    6628   1.0000000000E+00
    6629   1.0000000000E+00
    6630   1.0000000000E+00
    6631   1.0000000000E+00
    6632   1.0000000000E+00
    6633   1.0000000000E+00
    6634   1.0000000000E+00
    6635   1.0000000000E+00
    6636   1.0000000000E+00
    6637   1.0000000000E+00
    6638   1.0000000000E+00
    6639   1.0000000000E+00
    6640   1.0000000000E+00
    6641   1.0000000000E+00
    6642   1.0000000000E+00
    6643   1.0000000000E+00
    6644   1.0000000000E+00
    6645   1.0000000000E+00
    6646   1.0000000000E+00
    6647   1.0000000000E+00
    6648   1.0000000000E+00
    6649   1.0000000000E+00
    6650   1.0000000000E+00
    6651   1.0000000000E+00
    6652   1.0000000000E+00
    6653   1.0000000000E+00
    6654   1.0000000000E+00
    6655   1.0000000000E+00
    6656   1.0000000000E+00
    6657   1.0000000000E+00
    6658   1.0000000000E+00
    6659   1.0000000000E+00
    6660   1.0000000000E+00
    6661   1.0000000000E+00
    6662   1.0000000000E+00
    6663   1.0000000000E+00
    6664   1.0000000000E+00
    6665   1.0000000000E+00
    6666   1.0000000000E+00
    6667   1.0000000000E+00
    6668   1.0000000000E+00
    6669   1.0000000000E+00
    6670   1.0000000000E+00
    6671   1.0000000000E+00
    6672   1.0000000000E+00
    6673   1.0000000000E+00
    6674   1.0000000000E+00
    6675   1.0000000000E+00
    6676   1.0000000000E+00
    6677   1.0000000000E+00
    6678   1.0000000000E+00
    6679   1.0000000000E+00
    6680   1.0000000000E+00
    6681   1.0000000000E+00
    6682   1.0000000000E+00
    6683   1.0000000000E+00
    6684   1.0000000000E+00
    6685   1.0000000000E+00
    6686   1.0000000000E+00
    6687   1.0000000000E+00
    6688   1.0000000000E+00
    6689   1.0000000000E+00
    6690   1.0000000000E+00
    6691   1.0000000000E+00
    6692   1.0000000000E+00
    6693   1.0000000000E+00
    6694   1.0000000000E+00
    6695   1.0000000000E+00
    6696   1.0000000000E+00
    6697   1.0000000000E+00
    6698   1.0000000000E+00
    6699   1.0000000000E+00
    6700   1.0000000000E+00
    6701   1.0000000000E+00
    6702   1.0000000000E+00
    6703   1.0000000000E+00
    6704   1.0000000000E+00
    6705   1.0000000000E+00
    6706   1.0000000000E+00
    6707   1.0000000000E+00
    6708   1.0000000000E+00
    6709   1.0000000000E+00
    6710   1.0000000000E+00
    6711   1.0000000000E+00
    6712   1.0000000000E+00
    6713   1.0000000000E+00
    6714   1.0000000000E+00
    6715   1.0000000000E+00
    6716   1.0000000000E+00
    6717   1.0000000000E+00
    6718   1.0000000000E+00
    6719   1.0000000000E+00
    6720   1.0000000000E+00
    6721   1.0000000000E+00
    6722   1.0000000000E+00
    6723   1.0000000000E+00
    6724   1.0000000000E+00
    6725   1.0000000000E+00
    6726   1.0000000000E+00
    6727   1.0000000000E+00
    6728   1.0000000000E+00
    6729   1.0000000000E+00
    6730   1.0000000000E+00
    6731   1.0000000000E+00
    6732   1.0000000000E+00
    6733   1.0000000000E+00
    6734   1.0000000000E+00
    6735   1.0000000000E+00
    6736   1.0000000000E+00
    6737   1.0000000000E+00
    6738   1.0000000000E+00
    6739   1.0000000000E+00
    6740   1.0000000000E+00
    6741   1.0000000000E+00
    6742   1.0000000000E+00
    6743   1.0000000000E+00
    6744   1.0000000000E+00
    6745   1.0000000000E+00
    6746   1.0000000000E+00
    6747   1.0000000000E+00
    6748   1.0000000000E+00
    6749   1.0000000000E+00
    6750   1.0000000000E+00
    6751   1.0000000000E+00
    6752   1.0000000000E+00
    6753   1.0000000000E+00
    6754   1.0000000000E+00
    6755   1.0000000000E+00
    6756   1.0000000000E+00
    6757   1.0000000000E+00
    6758   1.0000000000E+00
    6759   1.0000000000E+00
    6760   1.0000000000E+00
    6761   1.0000000000E+00
    6762   1.0000000000E+00
    6763   1.0000000000E+00
    6764   1.0000000000E+00
    6765   1.0000000000E+00
    6766   1.0000000000E+00
    6767   1.0000000000E+00
    6768   1.0000000000E+00
    6769   1.0000000000E+00
    6770   1.0000000000E+00
    6771   1.0000000000E+00
    6772   1.0000000000E+00
    6773   1.0000000000E+00
    6774   1.0000000000E+00
    6775   1.0000000000E+00
    6776   1.0000000000E+00
    6777   1.0000000000E+00
    6778   1.0000000000E+00
    6779   1.0000000000E+00
    6780   1.0000000000E+00
    6781   1.0000000000E+00
    6782   1.0000000000E+00
    6783   1.0000000000E+00
    6784   1.0000000000E+00
    6785   1.0000000000E+00
    6786   1.0000000000E+00
    6787   1.0000000000E+00
    6788   1.0000000000E+00
    6789   1.0000000000E+00
    6790   1.0000000000E+00
    6791   1.0000000000E+00
    6792   1.0000000000E+00
    6793   1.0000000000E+00
    6794   1.0000000000E+00
    6795   1.0000000000E+00
    6796   1.0000000000E+00
    6797   1.0000000000E+00
    6798   1.0000000000E+00
    6799   1.0000000000E+00
    6800   1.0000000000E+00
    6801   1.0000000000E+00
    6802   1.0000000000E+00
    6803   1.0000000000E+00
    6804   1.0000000000E+00
    6805   1.0000000000E+00
    6806   1.0000000000E+00
    6807   1.0000000000E+00
    6808   1.0000000000E+00
    6809   1.0000000000E+00
    6810   1.0000000000E+00
    6811   1.0000000000E+00
    6812   1.0000000000E+00
    6813   1.0000000000E+00
    6814   1.0000000000E+00
    6815   1.0000000000E+00
    6816   1.0000000000E+00
    6817   1.0000000000E+00
    6818   1.0000000000E+00
    6819   1.0000000000E+00
    6820   1.0000000000E+00
    6821   1.0000000000E+00
    6822   1.0000000000E+00
    6823   1.0000000000E+00
    6824   1.0000000000E+00
    6825   1.0000000000E+00
    6826   1.0000000000E+00
    6827   1.0000000000E+00
    6828   1.0000000000E+00
    6829   1.0000000000E+00
    6830   1.0000000000E+00
    6831   1.0000000000E+00
    6832   1.0000000000E+00
    6833   1.0000000000E+00
    6834   1.0000000000E+00
    6835   1.0000000000E+00
    6836   1.0000000000E+00
    6837   1.0000000000E+00
    6838   1.0000000000E+00
    6839   1.0000000000E+00
    6840   1.0000000000E+00
    6841   1.0000000000E+00
    6842   1.0000000000E+00
    6843   1.0000000000E+00
    6844   1.0000000000E+00
    6845   1.0000000000E+00
    6846   1.0000000000E+00
    6847   1.0000000000E+00
    6848   1.0000000000E+00
    6849   1.0000000000E+00
    6850   1.0000000000E+00
    6851   1.0000000000E+00
    6852   1.0000000000E+00
    6853   1.0000000000E+00
    6854   1.0000000000E+00
    6855   1.0000000000E+00
    6856   1.0000000000E+00
    6857   1.0000000000E+00
    6858   1.0000000000E+00
    6859   1.0000000000E+00
    6860   1.0000000000E+00
    6861   1.0000000000E+00
    6862   1.0000000000E+00
    6863   1.0000000000E+00
    6864   1.0000000000E+00
    6865   1.0000000000E+00
    6866   1.0000000000E+00
    6867   1.0000000000E+00
    6868   1.0000000000E+00
    6869   1.0000000000E+00
    6870   1.0000000000E+00
    6871   1.0000000000E+00
    6872   1.0000000000E+00
    6873   1.0000000000E+00
    6874   1.0000000000E+00
    6875   1.0000000000E+00
    6876   1.0000000000E+00
    6877   1.0000000000E+00
    6878   1.0000000000E+00
    6879   1.0000000000E+00
    6880   1.0000000000E+00
    6881   1.0000000000E+00
    6882   1.0000000000E+00
    6883   1.0000000000E+00
    6884   1.0000000000E+00
    6885   1.0000000000E+00
    6886   1.0000000000E+00
    6887   1.0000000000E+00
    6888   1.0000000000E+00
    6889   1.0000000000E+00
    6890   1.0000000000E+00
    6891   1.0000000000E+00
    6892   1.0000000000E+00
    6893   1.0000000000E+00
    6894   1.0000000000E+00
    6895   1.0000000000E+00
    6896   1.0000000000E+00
    6897   1.0000000000E+00
    6898   1.0000000000E+00
    6899   1.0000000000E+00
    6900   1.0000000000E+00
    6901   1.0000000000E+00
    6902   1.0000000000E+00
    6903   1.0000000000E+00
    6904   1.0000000000E+00
    6905   1.0000000000E+00
    6906   1.0000000000E+00
    6907   1.0000000000E+00
    6908   1.0000000000E+00
    6909   1.0000000000E+00
    6910   1.0000000000E+00
    6911   1.0000000000E+00
    6912   1.0000000000E+00
    6913   1.0000000000E+00
    6914   1.0000000000E+00
    6915   1.0000000000E+00
    6916   1.0000000000E+00
    6917   1.0000000000E+00
    6918   1.0000000000E+00
    6919   1.0000000000E+00
    6920   1.0000000000E+00
    6921   1.0000000000E+00
    6922   1.0000000000E+00
    6923   1.0000000000E+00
    6924   1.0000000000E+00
    6925   1.0000000000E+00
    6926   1.0000000000E+00
    6927   1.0000000000E+00
    6928   1.0000000000E+00
    6929   1.0000000000E+00
    6930   1.0000000000E+00
    6931   1.0000000000E+00
    6932   1.0000000000E+00
    6933   1.0000000000E+00
    6934   1.0000000000E+00
    6935   1.0000000000E+00
    6936   1.0000000000E+00
    6937   1.0000000000E+00
    6938   1.0000000000E+00
    6939   1.0000000000E+00
    6940   1.0000000000E+00
    6941   1.0000000000E+00
    6942   1.0000000000E+00
    6943   1.0000000000E+00
    6944   1.0000000000E+00
    6945   1.0000000000E+00
    6946   1.0000000000E+00
    6947   1.0000000000E+00
    6948   1.0000000000E+00
    6949   1.0000000000E+00
    6950   1.0000000000E+00
    6951   1.0000000000E+00
    6952   1.0000000000E+00
    6953   1.0000000000E+00
    6954   1.0000000000E+00
    6955   1.0000000000E+00
    6956   1.0000000000E+00
    6957   1.0000000000E+00
    6958   1.0000000000E+00
    6959   1.0000000000E+00
    6960   1.0000000000E+00
    6961   1.0000000000E+00
    6962   1.0000000000E+00
    6963   1.0000000000E+00
    6964   1.0000000000E+00
    6965   1.0000000000E+00
    6966   1.0000000000E+00
    6967   1.0000000000E+00
    6968   1.0000000000E+00
    6969   1.0000000000E+00
    6970   1.0000000000E+00
    6971   1.0000000000E+00
    6972   1.0000000000E+00
    6973   1.0000000000E+00
    6974   1.0000000000E+00
    6975   1.0000000000E+00
    6976   1.0000000000E+00
    6977   1.0000000000E+00
    6978   1.0000000000E+00
    6979   1.0000000000E+00
    6980   1.0000000000E+00
    6981   1.0000000000E+00
    6982   1.0000000000E+00
    6983   1.0000000000E+00
    6984   1.0000000000E+00
    6985   1.0000000000E+00
    6986   1.0000000000E+00
    6987   1.0000000000E+00
    6988   1.0000000000E+00
    6989   1.0000000000E+00
    6990   1.0000000000E+00
    6991   1.0000000000E+00
    6992   1.0000000000E+00
    6993   1.0000000000E+00
    6994   1.0000000000E+00
    6995   1.0000000000E+00
    6996   1.0000000000E+00
    6997   1.0000000000E+00
    6998   1.0000000000E+00
    6999   1.0000000000E+00
    7000   1.0000000000E+00
    7001   1.0000000000E+00
    7002   1.0000000000E+00
    7003   1.0000000000E+00
    7004   1.0000000000E+00
    7005   1.0000000000E+00
    7006   1.0000000000E+00
    7007   1.0000000000E+00
    7008   1.0000000000E+00
    7009   1.0000000000E+00
    7010   1.0000000000E+00
    7011   1.0000000000E+00
    7012   1.0000000000E+00
    7013   1.0000000000E+00
    7014   1.0000000000E+00
    7015   1.0000000000E+00
    7016   1.0000000000E+00
    7017   1.0000000000E+00
    7018   1.0000000000E+00
    7019   1.0000000000E+00
    7020   1.0000000000E+00
    7021   1.0000000000E+00
    7022   1.0000000000E+00
    7023   1.0000000000E+00
    7024   1.0000000000E+00
    7025   1.0000000000E+00
    7026   1.0000000000E+00
    7027   1.0000000000E+00
    7028   1.0000000000E+00
    7029   1.0000000000E+00
    7030   1.0000000000E+00
    7031   1.0000000000E+00
    7032   1.0000000000E+00
    7033   1.0000000000E+00
    7034   1.0000000000E+00
    7035   1.0000000000E+00
    7036   1.0000000000E+00
    7037   1.0000000000E+00
    7038   1.0000000000E+00
    7039   1.0000000000E+00
    7040   1.0000000000E+00
    7041   1.0000000000E+00
    7042   1.0000000000E+00
    7043   1.0000000000E+00
    7044   1.0000000000E+00
    7045   1.0000000000E+00
    7046   1.0000000000E+00
    7047   1.0000000000E+00
    7048   1.0000000000E+00
    7049   1.0000000000E+00
    7050   1.0000000000E+00
    7051   1.0000000000E+00
    7052   1.0000000000E+00
    7053   1.0000000000E+00
    7054   1.0000000000E+00
    7055   1.0000000000E+00
    7056   1.0000000000E+00
    7057   1.0000000000E+00
    7058   1.0000000000E+00
    7059   1.0000000000E+00
    7060   1.0000000000E+00
    7061   1.0000000000E+00
    7062   1.0000000000E+00
    7063   1.0000000000E+00
    7064   1.0000000000E+00
    7065   1.0000000000E+00
    7066   1.0000000000E+00
    7067   1.0000000000E+00
    7068   1.0000000000E+00
    7069   1.0000000000E+00
    7070   1.0000000000E+00
    7071   1.0000000000E+00
    7072   1.0000000000E+00
    7073   1.0000000000E+00
    7074   1.0000000000E+00
    7075   1.0000000000E+00
    7076   1.0000000000E+00
    7077   1.0000000000E+00
    7078   1.0000000000E+00
    7079   1.0000000000E+00
    7080   1.0000000000E+00
    7081   1.0000000000E+00
    7082   1.0000000000E+00
    7083   1.0000000000E+00
    7084   1.0000000000E+00
    7085   1.0000000000E+00
    7086   1.0000000000E+00
    7087   1.0000000000E+00
    7088   1.0000000000E+00
    7089   1.0000000000E+00
    7090   1.0000000000E+00
    7091   1.0000000000E+00
    7092   1.0000000000E+00
    7093   1.0000000000E+00
    7094   1.0000000000E+00
    7095   1.0000000000E+00
    7096   1.0000000000E+00
    7097   1.0000000000E+00
    7098   1.0000000000E+00
    7099   1.0000000000E+00
    7100   1.0000000000E+00
    7101   1.0000000000E+00
    7102   1.0000000000E+00
    7103   1.0000000000E+00
    7104   1.0000000000E+00
    7105   1.0000000000E+00
    7106   1.0000000000E+00
    7107   1.0000000000E+00
    7108   1.0000000000E+00
    7109   1.0000000000E+00
    7110   1.0000000000E+00
    7111   1.0000000000E+00
    7112   1.0000000000E+00
    7113   1.0000000000E+00
    7114   1.0000000000E+00
    7115   1.0000000000E+00
    7116   1.0000000000E+00
    7117   1.0000000000E+00
    7118   1.0000000000E+00
    7119   1.0000000000E+00
    7120   1.0000000000E+00
    7121   1.0000000000E+00
    7122   1.0000000000E+00
    7123   1.0000000000E+00
    7124   1.0000000000E+00
    7125   1.0000000000E+00
    7126   1.0000000000E+00
    7127   1.0000000000E+00
    7128   1.0000000000E+00
    7129   1.0000000000E+00
    7130   1.0000000000E+00
    7131   1.0000000000E+00
    7132   1.0000000000E+00
    7133   1.0000000000E+00
    7134   1.0000000000E+00
    7135   1.0000000000E+00
    7136   1.0000000000E+00
    7137   1.0000000000E+00
    7138   1.0000000000E+00
    7139   1.0000000000E+00
    7140   1.0000000000E+00
    7141   1.0000000000E+00
    7142   1.0000000000E+00
    7143   1.0000000000E+00
    7144   1.0000000000E+00
    7145   1.0000000000E+00
    7146   1.0000000000E+00
    7147   1.0000000000E+00
    7148   1.0000000000E+00
    7149   1.0000000000E+00
    7150   1.0000000000E+00
    7151   1.0000000000E+00
    7152   1.0000000000E+00
    7153   1.0000000000E+00
    7154   1.0000000000E+00
    7155   1.0000000000E+00
    7156   1.0000000000E+00
    7157   1.0000000000E+00
    7158   1.0000000000E+00
    7159   1.0000000000E+00
    7160   1.0000000000E+00
    7161   1.0000000000E+00
    7162   1.0000000000E+00
    7163   1.0000000000E+00
    7164   1.0000000000E+00
    7165   1.0000000000E+00
    7166   1.0000000000E+00
    7167   1.0000000000E+00
    7168   1.0000000000E+00
    7169   1.0000000000E+00
    7170   1.0000000000E+00
    7171   1.0000000000E+00
    7172   1.0000000000E+00
    7173   1.0000000000E+00
    7174   1.0000000000E+00
    7175   1.0000000000E+00
    7176   1.0000000000E+00
    7177   1.0000000000E+00
    7178   1.0000000000E+00
    7179   1.0000000000E+00
    7180   1.0000000000E+00
    7181   1.0000000000E+00
    7182   1.0000000000E+00
    7183   1.0000000000E+00
    7184   1.0000000000E+00
    7185   1.0000000000E+00
    7186   1.0000000000E+00
    7187   1.0000000000E+00
    7188   1.0000000000E+00
    7189   1.0000000000E+00
    7190   1.0000000000E+00
    7191   1.0000000000E+00
    7192   1.0000000000E+00
    7193   1.0000000000E+00
    7194   1.0000000000E+00
    7195   1.0000000000E+00
    7196   1.0000000000E+00
    7197   1.0000000000E+00
    7198   1.0000000000E+00
    7199   1.0000000000E+00
    7200   1.0000000000E+00
    7201   1.0000000000E+00
    7202   1.0000000000E+00
    7203   1.0000000000E+00
    7204   1.0000000000E+00
    7205   1.0000000000E+00
    7206   1.0000000000E+00
    7207   1.0000000000E+00
    7208   1.0000000000E+00
    7209   1.0000000000E+00
    7210   1.0000000000E+00
    7211   1.0000000000E+00
    7212   1.0000000000E+00
    7213   1.0000000000E+00
    7214   1.0000000000E+00
    7215   1.0000000000E+00
    7216   1.0000000000E+00
    7217   1.0000000000E+00
    7218   1.0000000000E+00
    7219   1.0000000000E+00
    7220   1.0000000000E+00
    7221   1.0000000000E+00
    7222   1.0000000000E+00
    7223   1.0000000000E+00
    7224   1.0000000000E+00
    7225   1.0000000000E+00
    7226   1.0000000000E+00
    7227   1.0000000000E+00
    7228   1.0000000000E+00
    7229   1.0000000000E+00
    7230   1.0000000000E+00
    7231   1.0000000000E+00
    7232   1.0000000000E+00
    7233   1.0000000000E+00
    7234   1.0000000000E+00
    7235   1.0000000000E+00
    7236   1.0000000000E+00
    7237   1.0000000000E+00
    7238   1.0000000000E+00
    7239   1.0000000000E+00
    7240   1.0000000000E+00
    7241   1.0000000000E+00
    7242   1.0000000000E+00
    7243   1.0000000000E+00
    7244   1.0000000000E+00
    7245   1.0000000000E+00
    7246   1.0000000000E+00
    7247   1.0000000000E+00
    7248   1.0000000000E+00
    7249   1.0000000000E+00
    7250   1.0000000000E+00
    7251   1.0000000000E+00
    7252   1.0000000000E+00
    7253   1.0000000000E+00
    7254   1.0000000000E+00
    7255   1.0000000000E+00
    7256   1.0000000000E+00
    7257   1.0000000000E+00
    7258   1.0000000000E+00
    7259   1.0000000000E+00
    7260   1.0000000000E+00
    7261   1.0000000000E+00
    7262   1.0000000000E+00
    7263   1.0000000000E+00
    7264   1.0000000000E+00
    7265   1.0000000000E+00
    7266   1.0000000000E+00
    7267   1.0000000000E+00
    7268   1.0000000000E+00
    7269   1.0000000000E+00
    7270   1.0000000000E+00
    7271   1.0000000000E+00
    7272   1.0000000000E+00
    7273   1.0000000000E+00
    7274   1.0000000000E+00
    7275   1.0000000000E+00
    7276   1.0000000000E+00
    7277   1.0000000000E+00
    7278   1.0000000000E+00
    7279   1.0000000000E+00
    7280   1.0000000000E+00
    7281   1.0000000000E+00
    7282   1.0000000000E+00
    7283   1.0000000000E+00
    7284   1.0000000000E+00
    7285   1.0000000000E+00
    7286   1.0000000000E+00
    7287   1.0000000000E+00
    7288   1.0000000000E+00
    7289   1.0000000000E+00
    7290   1.0000000000E+00
    7291   1.0000000000E+00
    7292   1.0000000000E+00
    7293   1.0000000000E+00
    7294   1.0000000000E+00
    7295   1.0000000000E+00
    7296   1.0000000000E+00
    7297   1.0000000000E+00
    7298   1.0000000000E+00
    7299   1.0000000000E+00
    7300   1.0000000000E+00
    7301   1.0000000000E+00
    7302   1.0000000000E+00
    7303   1.0000000000E+00
    7304   1.0000000000E+00
    7305   1.0000000000E+00
    7306   1.0000000000E+00
    7307   1.0000000000E+00
    7308   1.0000000000E+00
    7309   1.0000000000E+00
    7310   1.0000000000E+00
    7311   1.0000000000E+00
    7312   1.0000000000E+00
    7313   1.0000000000E+00
    7314   1.0000000000E+00
    7315   1.0000000000E+00
    7316   1.0000000000E+00
    7317   1.0000000000E+00
    7318   1.0000000000E+00
    7319   1.0000000000E+00
    7320   1.0000000000E+00
    7321   1.0000000000E+00
    7322   1.0000000000E+00
    7323   1.0000000000E+00
    7324   1.0000000000E+00
    7325   1.0000000000E+00
    7326   1.0000000000E+00
    7327   1.0000000000E+00
    7328   1.0000000000E+00
    7329   1.0000000000E+00
    7330   1.0000000000E+00
    7331   1.0000000000E+00
    7332   1.0000000000E+00
    7333   1.0000000000E+00
    7334   1.0000000000E+00
    7335   1.0000000000E+00
    7336   1.0000000000E+00
    7337   1.0000000000E+00
    7338   1.0000000000E+00
    7339   1.0000000000E+00
    7340   1.0000000000E+00
    7341   1.0000000000E+00
    7342   1.0000000000E+00
    7343   1.0000000000E+00
    7344   1.0000000000E+00
    7345   1.0000000000E+00
    7346   1.0000000000E+00
    7347   1.0000000000E+00
    7348   1.0000000000E+00
    7349   1.0000000000E+00
    7350   1.0000000000E+00
    7351   1.0000000000E+00
    7352   1.0000000000E+00
    7353   1.0000000000E+00
    7354   1.0000000000E+00
    7355   1.0000000000E+00
    7356   1.0000000000E+00
    7357   1.0000000000E+00
    7358   1.0000000000E+00
    7359   1.0000000000E+00
    7360   1.0000000000E+00
    7361   1.0000000000E+00
    7362   1.0000000000E+00
    7363   1.0000000000E+00
    7364   1.0000000000E+00
    7365   1.0000000000E+00
    7366   1.0000000000E+00
    7367   1.0000000000E+00
    7368   1.0000000000E+00
    7369   1.0000000000E+00
    7370   1.0000000000E+00
    7371   1.0000000000E+00
    7372   1.0000000000E+00
    7373   1.0000000000E+00
    7374   1.0000000000E+00
    7375   1.0000000000E+00
    7376   1.0000000000E+00
    7377   1.0000000000E+00
    7378   1.0000000000E+00
    7379   1.0000000000E+00
    7380   1.0000000000E+00
    7381   1.0000000000E+00
    7382   1.0000000000E+00
    7383   1.0000000000E+00
    7384   1.0000000000E+00
    7385   1.0000000000E+00
    7386   1.0000000000E+00
    7387   1.0000000000E+00
    7388   1.0000000000E+00
    7389   1.0000000000E+00
    7390   1.0000000000E+00
    7391   1.0000000000E+00
    7392   1.0000000000E+00
    7393   1.0000000000E+00
    7394   1.0000000000E+00
    7395   1.0000000000E+00
    7396   1.0000000000E+00
    7397   1.0000000000E+00
    7398   1.0000000000E+00
    7399   1.0000000000E+00
    7400   1.0000000000E+00
    7401   1.0000000000E+00
    7402   1.0000000000E+00
    7403   1.0000000000E+00
    7404   1.0000000000E+00
    7405   1.0000000000E+00
    7406   1.0000000000E+00
    7407   1.0000000000E+00
    7408   1.0000000000E+00
    7409   1.0000000000E+00
    7410   1.0000000000E+00
    7411   1.0000000000E+00
    7412   1.0000000000E+00
    7413   1.0000000000E+00
    7414   1.0000000000E+00
    7415   1.0000000000E+00
    7416   1.0000000000E+00
    7417   1.0000000000E+00
    7418   1.0000000000E+00
    7419   1.0000000000E+00
    7420   1.0000000000E+00
    7421   1.0000000000E+00
    7422   1.0000000000E+00
    7423   1.0000000000E+00
    7424   1.0000000000E+00
    7425   1.0000000000E+00
    7426   1.0000000000E+00
    7427   1.0000000000E+00
    7428   1.0000000000E+00
    7429   1.0000000000E+00
    7430   1.0000000000E+00
    7431   1.0000000000E+00
    7432   1.0000000000E+00
    7433   1.0000000000E+00
    7434   1.0000000000E+00
    7435   1.0000000000E+00
    7436   1.0000000000E+00
    7437   1.0000000000E+00
    7438   1.0000000000E+00
    7439   1.0000000000E+00
    7440   1.0000000000E+00
    7441   1.0000000000E+00
    7442   1.0000000000E+00
    7443   1.0000000000E+00
    7444   1.0000000000E+00
    7445   1.0000000000E+00
    7446   1.0000000000E+00
    7447   1.0000000000E+00
    7448   1.0000000000E+00
    7449   1.0000000000E+00
    7450   1.0000000000E+00
    7451   1.0000000000E+00
    7452   1.0000000000E+00
    7453   1.0000000000E+00
    7454   1.0000000000E+00
    7455   1.0000000000E+00
    7456   1.0000000000E+00
    7457   1.0000000000E+00
    7458   1.0000000000E+00
    7459   1.0000000000E+00
    7460   1.0000000000E+00
    7461   1.0000000000E+00
    7462   1.0000000000E+00
    7463   1.0000000000E+00
    7464   1.0000000000E+00
    7465   1.0000000000E+00
    7466   1.0000000000E+00
    7467   1.0000000000E+00
    7468   1.0000000000E+00
    7469   1.0000000000E+00
    7470   1.0000000000E+00
    7471   1.0000000000E+00
    7472   1.0000000000E+00
    7473   1.0000000000E+00
    7474   1.0000000000E+00
    7475   1.0000000000E+00
    7476   1.0000000000E+00
    7477   1.0000000000E+00
    7478   1.0000000000E+00
    7479   1.0000000000E+00
    7480   1.0000000000E+00
    7481   1.0000000000E+00
    7482   1.0000000000E+00
    7483   1.0000000000E+00
    7484   1.0000000000E+00
    7485   1.0000000000E+00
    7486   1.0000000000E+00
    7487   1.0000000000E+00
    7488   1.0000000000E+00
    7489   1.0000000000E+00
    7490   1.0000000000E+00
    7491   1.0000000000E+00
    7492   1.0000000000E+00
    7493   1.0000000000E+00
    7494   1.0000000000E+00
    7495   1.0000000000E+00
    7496   1.0000000000E+00
    7497   1.0000000000E+00
    7498   1.0000000000E+00
    7499   1.0000000000E+00
    7500   1.0000000000E+00
    7501   1.0000000000E+00
    7502   1.0000000000E+00
    7503   1.0000000000E+00
    7504   1.0000000000E+00
    7505   1.0000000000E+00
    7506   1.0000000000E+00
    7507   1.0000000000E+00
    7508   1.0000000000E+00
    7509   1.0000000000E+00
    7510   1.0000000000E+00
    7511   1.0000000000E+00
    7512   1.0000000000E+00
    7513   1.0000000000E+00
    7514   1.0000000000E+00
    7515   1.0000000000E+00
    7516   1.0000000000E+00
    7517   1.0000000000E+00
    7518   1.0000000000E+00
    7519   1.0000000000E+00
    7520   1.0000000000E+00
    7521   1.0000000000E+00
    7522   1.0000000000E+00
    7523   1.0000000000E+00
    7524   1.0000000000E+00
    7525   1.0000000000E+00
    7526   1.0000000000E+00
    7527   1.0000000000E+00
    7528   1.0000000000E+00
    7529   1.0000000000E+00
    7530   1.0000000000E+00
    7531   1.0000000000E+00
    7532   1.0000000000E+00
    7533   1.0000000000E+00
    7534   1.0000000000E+00
    7535   1.0000000000E+00
    7536   1.0000000000E+00
    7537   1.0000000000E+00
    7538   1.0000000000E+00
    7539   1.0000000000E+00
    7540   1.0000000000E+00
    7541   1.0000000000E+00
    7542   1.0000000000E+00
    7543   1.0000000000E+00
    7544   1.0000000000E+00
    7545   1.0000000000E+00
    7546   1.0000000000E+00
    7547   1.0000000000E+00
    7548   1.0000000000E+00
    7549   1.0000000000E+00
    7550   1.0000000000E+00
    7551   1.0000000000E+00
    7552   1.0000000000E+00
    7553   1.0000000000E+00
    7554   1.0000000000E+00
    7555   1.0000000000E+00
    7556   1.0000000000E+00
    7557   1.0000000000E+00
    7558   1.0000000000E+00
    7559   1.0000000000E+00
    7560   1.0000000000E+00
    7561   1.0000000000E+00
    7562   1.0000000000E+00
    7563   1.0000000000E+00
    7564   1.0000000000E+00
    7565   1.0000000000E+00
    7566   1.0000000000E+00
    7567   1.0000000000E+00
    7568   1.0000000000E+00
    7569   1.0000000000E+00
    7570   1.0000000000E+00
    7571   1.0000000000E+00
    7572   1.0000000000E+00
    7573   1.0000000000E+00
    7574   1.0000000000E+00
    7575   1.0000000000E+00
    7576   1.0000000000E+00
    7577   1.0000000000E+00
    7578   1.0000000000E+00
    7579   1.0000000000E+00
    7580   1.0000000000E+00
    7581   1.0000000000E+00
    7582   1.0000000000E+00
    7583   1.0000000000E+00
    7584   1.0000000000E+00
    7585   1.0000000000E+00
    7586   1.0000000000E+00
    7587   1.0000000000E+00
    7588   1.0000000000E+00
    7589   1.0000000000E+00
    7590   1.0000000000E+00
    7591   1.0000000000E+00
    7592   1.0000000000E+00
    7593   1.0000000000E+00
    7594   1.0000000000E+00
    7595   1.0000000000E+00
    7596   1.0000000000E+00
    7597   1.0000000000E+00
    7598   1.0000000000E+00
    7599   1.0000000000E+00
    7600   1.0000000000E+00
    7601   1.0000000000E+00
    7602   1.0000000000E+00
    7603   1.0000000000E+00
    7604   1.0000000000E+00
    7605   1.0000000000E+00
    7606   1.0000000000E+00
    7607   1.0000000000E+00
    7608   1.0000000000E+00
    7609   1.0000000000E+00
    7610   1.0000000000E+00
    7611   1.0000000000E+00
    7612   1.0000000000E+00
    7613   1.0000000000E+00
    7614   1.0000000000E+00
    7615   1.0000000000E+00
    7616   1.0000000000E+00
    7617   1.0000000000E+00
    7618   1.0000000000E+00
    7619   1.0000000000E+00
    7620   1.0000000000E+00
    7621   1.0000000000E+00
    7622   1.0000000000E+00
    7623   1.0000000000E+00
    7624   1.0000000000E+00
    7625   1.0000000000E+00
    7626   1.0000000000E+00
    7627   1.0000000000E+00
    7628   1.0000000000E+00
    7629   1.0000000000E+00
    7630   1.0000000000E+00
    7631   1.0000000000E+00
    7632   1.0000000000E+00
    7633   1.0000000000E+00
    7634   1.0000000000E+00
    7635   1.0000000000E+00
    7636   1.0000000000E+00
    7637   1.0000000000E+00
    7638   1.0000000000E+00
    7639   1.0000000000E+00
    7640   1.0000000000E+00
    7641   1.0000000000E+00
    7642   1.0000000000E+00
    7643   1.0000000000E+00
    7644   1.0000000000E+00
    7645   1.0000000000E+00
    7646   1.0000000000E+00
    7647   1.0000000000E+00
    7648   1.0000000000E+00
    7649   1.0000000000E+00
    7650   1.0000000000E+00
    7651   1.0000000000E+00
    7652   1.0000000000E+00
    7653   1.0000000000E+00
    7654   1.0000000000E+00
    7655   1.0000000000E+00
    7656   1.0000000000E+00
    7657   1.0000000000E+00
    7658   1.0000000000E+00
    7659   1.0000000000E+00
    7660   1.0000000000E+00
    7661   1.0000000000E+00
    7662   1.0000000000E+00
    7663   1.0000000000E+00
    7664   1.0000000000E+00
    7665   1.0000000000E+00
    7666   1.0000000000E+00
    7667   1.0000000000E+00
    7668   1.0000000000E+00
    7669   1.0000000000E+00
    7670   1.0000000000E+00
    7671   1.0000000000E+00
    7672   1.0000000000E+00
    7673   1.0000000000E+00
    7674   1.0000000000E+00
    7675   1.0000000000E+00
    7676   1.0000000000E+00
    7677   1.0000000000E+00
    7678   1.0000000000E+00
    7679   1.0000000000E+00
    7680   1.0000000000E+00
    7681   1.0000000000E+00
    7682   1.0000000000E+00
    7683   1.0000000000E+00
    7684   1.0000000000E+00
    7685   1.0000000000E+00
    7686   1.0000000000E+00
    7687   1.0000000000E+00
    7688   1.0000000000E+00
    7689   1.0000000000E+00
    7690   1.0000000000E+00
    7691   1.0000000000E+00
    7692   1.0000000000E+00
    7693   1.0000000000E+00
    7694   1.0000000000E+00
    7695   1.0000000000E+00
    7696   1.0000000000E+00
    7697   1.0000000000E+00
    7698   1.0000000000E+00
    7699   1.0000000000E+00
    7700   1.0000000000E+00
    7701   1.0000000000E+00
    7702   1.0000000000E+00
    7703   1.0000000000E+00
    7704   1.0000000000E+00
    7705   1.0000000000E+00
    7706   1.0000000000E+00
    7707   1.0000000000E+00
    7708   1.0000000000E+00
    7709   1.0000000000E+00
    7710   1.0000000000E+00
    7711   1.0000000000E+00
    7712   1.0000000000E+00
    7713   1.0000000000E+00
    7714   1.0000000000E+00
    7715   1.0000000000E+00
    7716   1.0000000000E+00
    7717   1.0000000000E+00
    7718   1.0000000000E+00
    7719   1.0000000000E+00
    7720   1.0000000000E+00
    7721   1.0000000000E+00
    7722   1.0000000000E+00
    7723   1.0000000000E+00
    7724   1.0000000000E+00
    7725   1.0000000000E+00
    7726   1.0000000000E+00
    7727   1.0000000000E+00
    7728   1.0000000000E+00
    7729   1.0000000000E+00
    7730   1.0000000000E+00
    7731   1.0000000000E+00
    7732   1.0000000000E+00
    7733   1.0000000000E+00
    7734   1.0000000000E+00
    7735   1.0000000000E+00
    7736   1.0000000000E+00
    7737   1.0000000000E+00
    7738   1.0000000000E+00
    7739   1.0000000000E+00
    7740   1.0000000000E+00
    7741   1.0000000000E+00
    7742   1.0000000000E+00
    7743   1.0000000000E+00
    7744   1.0000000000E+00
    7745   1.0000000000E+00
    7746   1.0000000000E+00
    7747   1.0000000000E+00
    7748   1.0000000000E+00
    7749   1.0000000000E+00
    7750   1.0000000000E+00
    7751   1.0000000000E+00
    7752   1.0000000000E+00
    7753   1.0000000000E+00
    7754   1.0000000000E+00
    7755   1.0000000000E+00
    7756   1.0000000000E+00
    7757   1.0000000000E+00
    7758   1.0000000000E+00
    7759   1.0000000000E+00
    7760   1.0000000000E+00
    7761   1.0000000000E+00
    7762   1.0000000000E+00
    7763   1.0000000000E+00
    7764   1.0000000000E+00
    7765   1.0000000000E+00
    7766   1.0000000000E+00
    7767   1.0000000000E+00
    7768   1.0000000000E+00
    7769   1.0000000000E+00
    7770   1.0000000000E+00
    7771   1.0000000000E+00
    7772   1.0000000000E+00
    7773   1.0000000000E+00
    7774   1.0000000000E+00
    7775   1.0000000000E+00
    7776   1.0000000000E+00
    7777   1.0000000000E+00
    7778   1.0000000000E+00
    7779   1.0000000000E+00
    7780   1.0000000000E+00
    7781   1.0000000000E+00
    7782   1.0000000000E+00
    7783   1.0000000000E+00
    7784   1.0000000000E+00
    7785   1.0000000000E+00
    7786   1.0000000000E+00
    7787   1.0000000000E+00
    7788   1.0000000000E+00
    7789   1.0000000000E+00
    7790   1.0000000000E+00
    7791   1.0000000000E+00
    7792   1.0000000000E+00
    7793   1.0000000000E+00
    7794   1.0000000000E+00
    7795   1.0000000000E+00
    7796   1.0000000000E+00
    7797   1.0000000000E+00
    7798   1.0000000000E+00
    7799   1.0000000000E+00
    7800   1.0000000000E+00
    7801   1.0000000000E+00
    7802   1.0000000000E+00
    7803   1.0000000000E+00
    7804   1.0000000000E+00
    7805   1.0000000000E+00
    7806   1.0000000000E+00
    7807   1.0000000000E+00
    7808   1.0000000000E+00
    7809   1.0000000000E+00
    7810   1.0000000000E+00
    7811   1.0000000000E+00
    7812   1.0000000000E+00
    7813   1.0000000000E+00
    7814   1.0000000000E+00
    7815   1.0000000000E+00
    7816   1.0000000000E+00
    7817   1.0000000000E+00
    7818   1.0000000000E+00
    7819   1.0000000000E+00
    7820   1.0000000000E+00
    7821   1.0000000000E+00
    7822   1.0000000000E+00
    7823   1.0000000000E+00
    7824   1.0000000000E+00
    7825   1.0000000000E+00
    7826   1.0000000000E+00
    7827   1.0000000000E+00
    7828   1.0000000000E+00
    7829   1.0000000000E+00
    7830   1.0000000000E+00
    7831   1.0000000000E+00
    7832   1.0000000000E+00
    7833   1.0000000000E+00
    7834   1.0000000000E+00
    7835   1.0000000000E+00
    7836   1.0000000000E+00
    7837   1.0000000000E+00
    7838   1.0000000000E+00
    7839   1.0000000000E+00
    7840   1.0000000000E+00
    7841   1.0000000000E+00
    7842   1.0000000000E+00
    7843   1.0000000000E+00
    7844   1.0000000000E+00
    7845   1.0000000000E+00
    7846   1.0000000000E+00
    7847   1.0000000000E+00
    7848   1.0000000000E+00
    7849   1.0000000000E+00
    7850   1.0000000000E+00
    7851   1.0000000000E+00
    7852   1.0000000000E+00
    7853   1.0000000000E+00
    7854   1.0000000000E+00
    7855   1.0000000000E+00
    7856   1.0000000000E+00
    7857   1.0000000000E+00
    7858   1.0000000000E+00
    7859   1.0000000000E+00
    7860   1.0000000000E+00
    7861   1.0000000000E+00
    7862   1.0000000000E+00
    7863   1.0000000000E+00
    7864   1.0000000000E+00
    7865   1.0000000000E+00
    7866   1.0000000000E+00
    7867   1.0000000000E+00
    7868   1.0000000000E+00
    7869   1.0000000000E+00
    7870   1.0000000000E+00
    7871   1.0000000000E+00
    7872   1.0000000000E+00
    7873   1.0000000000E+00
    7874   1.0000000000E+00
    7875   1.0000000000E+00
    7876   1.0000000000E+00
    7877   1.0000000000E+00
    7878   1.0000000000E+00
    7879   1.0000000000E+00
    7880   1.0000000000E+00
    7881   1.0000000000E+00
    7882   1.0000000000E+00
    7883   1.0000000000E+00
    7884   1.0000000000E+00
    7885   1.0000000000E+00
    7886   1.0000000000E+00
    7887   1.0000000000E+00
    7888   1.0000000000E+00
    7889   1.0000000000E+00
    7890   1.0000000000E+00
    7891   1.0000000000E+00
    7892   1.0000000000E+00
    7893   1.0000000000E+00
    7894   1.0000000000E+00
    7895   1.0000000000E+00
    7896   1.0000000000E+00
    7897   1.0000000000E+00
    7898   1.0000000000E+00
    7899   1.0000000000E+00
    7900   1.0000000000E+00
    7901   1.0000000000E+00
    7902   1.0000000000E+00
    7903   1.0000000000E+00
    7904   1.0000000000E+00
    7905   1.0000000000E+00
    7906   1.0000000000E+00
    7907   1.0000000000E+00
    7908   1.0000000000E+00
    7909   1.0000000000E+00
    7910   1.0000000000E+00
    7911   1.0000000000E+00
    7912   1.0000000000E+00
    7913   1.0000000000E+00
    7914   1.0000000000E+00
    7915   1.0000000000E+00
    7916   1.0000000000E+00
    7917   1.0000000000E+00
    7918   1.0000000000E+00
    7919   1.0000000000E+00
    7920   1.0000000000E+00
    7921   1.0000000000E+00
    7922   1.0000000000E+00
    7923   1.0000000000E+00
    7924   1.0000000000E+00
    7925   1.0000000000E+00
    7926   1.0000000000E+00
    7927   1.0000000000E+00
    7928   1.0000000000E+00
    7929   1.0000000000E+00
    7930   1.0000000000E+00
    7931   1.0000000000E+00
    7932   1.0000000000E+00
    7933   1.0000000000E+00
    7934   1.0000000000E+00
    7935   1.0000000000E+00
    7936   1.0000000000E+00
    7937   1.0000000000E+00
    7938   1.0000000000E+00
    7939   1.0000000000E+00
    7940   1.0000000000E+00
    7941   1.0000000000E+00
    7942   1.0000000000E+00
    7943   1.0000000000E+00
    7944   1.0000000000E+00
    7945   1.0000000000E+00
    7946   1.0000000000E+00
    7947   1.0000000000E+00
    7948   1.0000000000E+00
    7949   1.0000000000E+00
    7950   1.0000000000E+00
    7951   1.0000000000E+00
    7952   1.0000000000E+00
    7953   1.0000000000E+00
    7954   1.0000000000E+00
    7955   1.0000000000E+00
    7956   1.0000000000E+00
    7957   1.0000000000E+00
    7958   1.0000000000E+00
    7959   1.0000000000E+00
    7960   1.0000000000E+00
    7961   1.0000000000E+00
    7962   1.0000000000E+00
    7963   1.0000000000E+00
    7964   1.0000000000E+00
    7965   1.0000000000E+00
    7966   1.0000000000E+00
    7967   1.0000000000E+00
    7968   1.0000000000E+00
    7969   1.0000000000E+00
    7970   1.0000000000E+00
    7971   1.0000000000E+00
    7972   1.0000000000E+00
    7973   1.0000000000E+00
    7974   1.0000000000E+00
    7975   1.0000000000E+00
    7976   1.0000000000E+00
    7977   1.0000000000E+00
    7978   1.0000000000E+00
    7979   1.0000000000E+00
    7980   1.0000000000E+00
    7981   1.0000000000E+00
    7982   1.0000000000E+00
    7983   1.0000000000E+00
    7984   1.0000000000E+00
    7985   1.0000000000E+00
    7986   1.0000000000E+00
    7987   1.0000000000E+00
    7988   1.0000000000E+00
    7989   1.0000000000E+00
    7990   1.0000000000E+00
    7991   1.0000000000E+00
    7992   1.0000000000E+00
    7993   1.0000000000E+00
    7994   1.0000000000E+00
    7995   1.0000000000E+00
    7996   1.0000000000E+00
    7997   1.0000000000E+00
    7998   1.0000000000E+00
    7999   1.0000000000E+00
    8000   1.0000000000E+00
    8001   1.0000000000E+00
    8002   1.0000000000E+00
    8003   1.0000000000E+00
    8004   1.0000000000E+00
    8005   1.0000000000E+00
    8006   1.0000000000E+00
    8007   1.0000000000E+00
    8008   1.0000000000E+00
    8009   1.0000000000E+00
    8010   1.0000000000E+00
    8011   1.0000000000E+00
    8012   1.0000000000E+00
    8013   1.0000000000E+00
    8014   1.0000000000E+00
    8015   1.0000000000E+00
    8016   1.0000000000E+00
    8017   1.0000000000E+00
    8018   1.0000000000E+00
    8019   1.0000000000E+00
    8020   1.0000000000E+00
    8021   1.0000000000E+00
    8022   1.0000000000E+00
    8023   1.0000000000E+00
    8024   1.0000000000E+00
    8025   1.0000000000E+00
    8026   1.0000000000E+00
    8027   1.0000000000E+00
    8028   1.0000000000E+00
    8029   1.0000000000E+00
    8030   1.0000000000E+00
    8031   1.0000000000E+00
    8032   1.0000000000E+00
    8033   1.0000000000E+00
    8034   1.0000000000E+00
    8035   1.0000000000E+00
    8036   1.0000000000E+00
    8037   1.0000000000E+00
    8038   1.0000000000E+00
    8039   1.0000000000E+00
    8040   1.0000000000E+00
    8041   1.0000000000E+00
    8042   1.0000000000E+00
    8043   1.0000000000E+00
    8044   1.0000000000E+00
    8045   1.0000000000E+00
    8046   1.0000000000E+00
    8047   1.0000000000E+00
    8048   1.0000000000E+00
    8049   1.0000000000E+00
    8050   1.0000000000E+00
    8051   1.0000000000E+00
    8052   1.0000000000E+00
    8053   1.0000000000E+00
    8054   1.0000000000E+00
    8055   1.0000000000E+00
    8056   1.0000000000E+00
    8057   1.0000000000E+00
    8058   1.0000000000E+00
    8059   1.0000000000E+00
    8060   1.0000000000E+00
    8061   1.0000000000E+00
    8062   1.0000000000E+00
    8063   1.0000000000E+00
    8064   1.0000000000E+00
    8065   1.0000000000E+00
    8066   1.0000000000E+00
    8067   1.0000000000E+00
    8068   1.0000000000E+00
    8069   1.0000000000E+00
    8070   1.0000000000E+00
    8071   1.0000000000E+00
    8072   1.0000000000E+00
    8073   1.0000000000E+00
    8074   1.0000000000E+00
    8075   1.0000000000E+00
    8076   1.0000000000E+00
    8077   1.0000000000E+00
    8078   1.0000000000E+00
    8079   1.0000000000E+00
    8080   1.0000000000E+00
    8081   1.0000000000E+00
    8082   1.0000000000E+00
    8083   1.0000000000E+00
    8084   1.0000000000E+00
    8085   1.0000000000E+00
    8086   1.0000000000E+00
    8087   1.0000000000E+00
    8088   1.0000000000E+00
    8089   1.0000000000E+00
    8090   1.0000000000E+00
    8091   1.0000000000E+00
    8092   1.0000000000E+00
    8093   1.0000000000E+00
    8094   1.0000000000E+00
    8095   1.0000000000E+00
    8096   1.0000000000E+00
    8097   1.0000000000E+00
    8098   1.0000000000E+00
    8099   1.0000000000E+00
    8100   1.0000000000E+00
    8101   1.0000000000E+00
    8102   1.0000000000E+00
    8103   1.0000000000E+00
    8104   1.0000000000E+00
    8105   1.0000000000E+00
    8106   1.0000000000E+00
    8107   1.0000000000E+00
    8108   1.0000000000E+00
    8109   1.0000000000E+00
    8110   1.0000000000E+00
    8111   1.0000000000E+00
    8112   1.0000000000E+00
    8113   1.0000000000E+00
    8114   1.0000000000E+00
    8115   1.0000000000E+00
    8116   1.0000000000E+00
    8117   1.0000000000E+00
    8118   1.0000000000E+00
    8119   1.0000000000E+00
    8120   1.0000000000E+00
    8121   1.0000000000E+00
    8122   1.0000000000E+00
    8123   1.0000000000E+00
    8124   1.0000000000E+00
    8125   1.0000000000E+00
    8126   1.0000000000E+00
    8127   1.0000000000E+00
    8128   1.0000000000E+00
    8129   1.0000000000E+00
    8130   1.0000000000E+00
    8131   1.0000000000E+00
    8132   1.0000000000E+00
    8133   1.0000000000E+00
    8134   1.0000000000E+00
    8135   1.0000000000E+00
    8136   1.0000000000E+00
    8137   1.0000000000E+00
    8138   1.0000000000E+00
    8139   1.0000000000E+00
    8140   1.0000000000E+00
    8141   1.0000000000E+00
    8142   1.0000000000E+00
    8143   1.0000000000E+00
    8144   1.0000000000E+00
    8145   1.0000000000E+00
    8146   1.0000000000E+00
    8147   1.0000000000E+00
    8148   1.0000000000E+00
    8149   1.0000000000E+00
    8150   1.0000000000E+00
    8151   1.0000000000E+00
    8152   1.0000000000E+00
    8153   1.0000000000E+00
    8154   1.0000000000E+00
    8155   1.0000000000E+00
    8156   1.0000000000E+00
    8157   1.0000000000E+00
    8158   1.0000000000E+00
    8159   1.0000000000E+00
    8160   1.0000000000E+00
    8161   1.0000000000E+00
    8162   1.0000000000E+00
    8163   1.0000000000E+00
    8164   1.0000000000E+00
    8165   1.0000000000E+00
    8166   1.0000000000E+00
    8167   1.0000000000E+00
    8168   1.0000000000E+00
    8169   1.0000000000E+00
    8170   1.0000000000E+00
    8171   1.0000000000E+00
    8172   1.0000000000E+00
    8173   1.0000000000E+00
    8174   1.0000000000E+00
    8175   1.0000000000E+00
    8176   1.0000000000E+00
    8177   1.0000000000E+00
    8178   1.0000000000E+00
    8179   1.0000000000E+00
    8180   1.0000000000E+00
    8181   1.0000000000E+00
    8182   1.0000000000E+00
    8183   1.0000000000E+00
    8184   1.0000000000E+00
    8185   1.0000000000E+00
    8186   1.0000000000E+00
    8187   1.0000000000E+00
    8188   1.0000000000E+00
    8189   1.0000000000E+00
    8190   1.0000000000E+00
    8191   1.0000000000E+00
    8192   1.0000000000E+00
    8193   1.0000000000E+00
    8194   1.0000000000E+00
    8195   1.0000000000E+00
    8196   1.0000000000E+00
    8197   1.0000000000E+00
    8198   1.0000000000E+00
    8199   1.0000000000E+00
    8200   1.0000000000E+00
    8201   1.0000000000E+00
    8202   1.0000000000E+00
    8203   1.0000000000E+00
    8204   1.0000000000E+00
    8205   1.0000000000E+00
    8206   1.0000000000E+00
    8207   1.0000000000E+00
    8208   1.0000000000E+00
    8209   1.0000000000E+00
    8210   1.0000000000E+00
    8211   1.0000000000E+00
    8212   1.0000000000E+00
    8213   1.0000000000E+00
    8214   1.0000000000E+00
    8215   1.0000000000E+00
    8216   1.0000000000E+00
    8217   1.0000000000E+00
    8218   1.0000000000E+00
    8219   1.0000000000E+00
    8220   1.0000000000E+00
    8221   1.0000000000E+00
    8222   1.0000000000E+00
    8223   1.0000000000E+00
    8224   1.0000000000E+00
    8225   1.0000000000E+00
    8226   1.0000000000E+00
    8227   1.0000000000E+00
    8228   1.0000000000E+00
    8229   1.0000000000E+00
    8230   1.0000000000E+00
    8231   1.0000000000E+00
    8232   1.0000000000E+00
    8233   1.0000000000E+00
    8234   1.0000000000E+00
    8235   1.0000000000E+00
    8236   1.0000000000E+00
    8237   1.0000000000E+00
    8238   1.0000000000E+00
    8239   1.0000000000E+00
    8240   1.0000000000E+00
    8241   1.0000000000E+00
    8242   1.0000000000E+00
    8243   1.0000000000E+00
    8244   1.0000000000E+00
    8245   1.0000000000E+00
    8246   1.0000000000E+00
    8247   1.0000000000E+00
    8248   1.0000000000E+00
    8249   1.0000000000E+00
    8250   1.0000000000E+00
    8251   1.0000000000E+00
    8252   1.0000000000E+00
    8253   1.0000000000E+00
    8254   1.0000000000E+00
    8255   1.0000000000E+00
    8256   1.0000000000E+00
    8257   1.0000000000E+00
    8258   1.0000000000E+00
    8259   1.0000000000E+00
    8260   1.0000000000E+00
    8261   1.0000000000E+00
    8262   1.0000000000E+00
    8263   1.0000000000E+00
    8264   1.0000000000E+00
    8265   1.0000000000E+00
    8266   1.0000000000E+00
    8267   1.0000000000E+00
    8268   1.0000000000E+00
    8269   1.0000000000E+00
    8270   1.0000000000E+00
    8271   1.0000000000E+00
    8272   1.0000000000E+00
    8273   1.0000000000E+00
    8274   1.0000000000E+00
    8275   1.0000000000E+00
    8276   1.0000000000E+00
    8277   1.0000000000E+00
    8278   1.0000000000E+00
    8279   1.0000000000E+00
    8280   1.0000000000E+00
    8281   1.0000000000E+00
    8282   1.0000000000E+00
    8283   1.0000000000E+00
    8284   1.0000000000E+00
    8285   1.0000000000E+00
    8286   1.0000000000E+00
    8287   1.0000000000E+00
    8288   1.0000000000E+00
    8289   1.0000000000E+00
    8290   1.0000000000E+00
    8291   1.0000000000E+00
    8292   1.0000000000E+00
    8293   1.0000000000E+00
    8294   1.0000000000E+00
    8295   1.0000000000E+00
    8296   1.0000000000E+00
    8297   1.0000000000E+00
    8298   1.0000000000E+00
    8299   1.0000000000E+00
    8300   1.0000000000E+00
    8301   1.0000000000E+00
    8302   1.0000000000E+00
    8303   1.0000000000E+00
    8304   1.0000000000E+00
    8305   1.0000000000E+00
    8306   1.0000000000E+00
    8307   1.0000000000E+00
    8308   1.0000000000E+00
    8309   1.0000000000E+00
    8310   1.0000000000E+00
    8311   1.0000000000E+00
    8312   1.0000000000E+00
    8313   1.0000000000E+00
    8314   1.0000000000E+00
    8315   1.0000000000E+00
    8316   1.0000000000E+00
    8317   1.0000000000E+00
    8318   1.0000000000E+00
    8319   1.0000000000E+00
    8320   1.0000000000E+00
    8321   1.0000000000E+00
    8322   1.0000000000E+00
    8323   1.0000000000E+00
    8324   1.0000000000E+00
    8325   1.0000000000E+00
    8326   1.0000000000E+00
    8327   1.0000000000E+00
    8328   1.0000000000E+00
    8329   1.0000000000E+00
    8330   1.0000000000E+00
    8331   1.0000000000E+00
    8332   1.0000000000E+00
    8333   1.0000000000E+00
    8334   1.0000000000E+00
    8335   1.0000000000E+00
    8336   1.0000000000E+00
    8337   1.0000000000E+00
    8338   1.0000000000E+00
    8339   1.0000000000E+00
    8340   1.0000000000E+00
    8341   1.0000000000E+00
    8342   1.0000000000E+00
    8343   1.0000000000E+00
    8344   1.0000000000E+00
    8345   1.0000000000E+00
    8346   1.0000000000E+00
    8347   1.0000000000E+00
    8348   1.0000000000E+00
    8349   1.0000000000E+00
    8350   1.0000000000E+00
    8351   1.0000000000E+00
    8352   1.0000000000E+00
    8353   1.0000000000E+00
    8354   1.0000000000E+00
    8355   1.0000000000E+00
    8356   1.0000000000E+00
    8357   1.0000000000E+00
    8358   1.0000000000E+00
    8359   1.0000000000E+00
    8360   1.0000000000E+00
    8361   1.0000000000E+00
    8362   1.0000000000E+00
    8363   1.0000000000E+00
    8364   1.0000000000E+00
    8365   1.0000000000E+00
    8366   1.0000000000E+00
    8367   1.0000000000E+00
    8368   1.0000000000E+00
    8369   1.0000000000E+00
    8370   1.0000000000E+00
    8371   1.0000000000E+00
    8372   1.0000000000E+00
    8373   1.0000000000E+00
    8374   1.0000000000E+00
    8375   1.0000000000E+00
    8376   1.0000000000E+00
    8377   1.0000000000E+00
    8378   1.0000000000E+00
    8379   1.0000000000E+00
    8380   1.0000000000E+00
    8381   1.0000000000E+00
    8382   1.0000000000E+00
    8383   1.0000000000E+00
    8384   1.0000000000E+00
    8385   1.0000000000E+00
    8386   1.0000000000E+00
    8387   1.0000000000E+00
    8388   1.0000000000E+00
    8389   1.0000000000E+00
    8390   1.0000000000E+00
    8391   1.0000000000E+00
    8392   1.0000000000E+00
    8393   1.0000000000E+00
    8394   1.0000000000E+00
    8395   1.0000000000E+00
    8396   1.0000000000E+00
    8397   1.0000000000E+00
    8398   1.0000000000E+00
    8399   1.0000000000E+00
    8400   1.0000000000E+00
    8401   1.0000000000E+00
    8402   1.0000000000E+00
    8403   1.0000000000E+00
    8404   1.0000000000E+00
    8405   1.0000000000E+00
    8406   1.0000000000E+00
    8407   1.0000000000E+00
    8408   1.0000000000E+00
    8409   1.0000000000E+00
    8410   1.0000000000E+00
    8411   1.0000000000E+00
    8412   1.0000000000E+00
    8413   1.0000000000E+00
    8414   1.0000000000E+00
    8415   1.0000000000E+00
    8416   1.0000000000E+00
    8417   1.0000000000E+00
    8418   1.0000000000E+00
    8419   1.0000000000E+00
    8420   1.0000000000E+00
    8421   1.0000000000E+00
    8422   1.0000000000E+00
    8423   1.0000000000E+00
    8424   1.0000000000E+00
    8425   1.0000000000E+00
    8426   1.0000000000E+00
    8427   1.0000000000E+00
    8428   1.0000000000E+00
    8429   1.0000000000E+00
    8430   1.0000000000E+00
    8431   1.0000000000E+00
    8432   1.0000000000E+00
    8433   1.0000000000E+00
    8434   1.0000000000E+00
    8435   1.0000000000E+00
    8436   1.0000000000E+00
    8437   1.0000000000E+00
    8438   1.0000000000E+00
    8439   1.0000000000E+00
    8440   1.0000000000E+00
    8441   1.0000000000E+00
    8442   1.0000000000E+00
    8443   1.0000000000E+00
    8444   1.0000000000E+00
    8445   1.0000000000E+00
    8446   1.0000000000E+00
    8447   1.0000000000E+00
    8448   1.0000000000E+00
    8449   1.0000000000E+00
    8450   1.0000000000E+00
    8451   1.0000000000E+00
    8452   1.0000000000E+00
    8453   1.0000000000E+00
    8454   1.0000000000E+00
    8455   1.0000000000E+00
    8456   1.0000000000E+00
    8457   1.0000000000E+00
    8458   1.0000000000E+00
    8459   1.0000000000E+00
    8460   1.0000000000E+00
    8461   1.0000000000E+00
    8462   1.0000000000E+00
    8463   1.0000000000E+00
    8464   1.0000000000E+00
    8465   1.0000000000E+00
    8466   1.0000000000E+00
    8467   1.0000000000E+00
    8468   1.0000000000E+00
    8469   1.0000000000E+00
    8470   1.0000000000E+00
    8471   1.0000000000E+00
    8472   1.0000000000E+00
    8473   1.0000000000E+00
    8474   1.0000000000E+00
    8475   1.0000000000E+00
    8476   1.0000000000E+00
    8477   1.0000000000E+00
    8478   1.0000000000E+00
    8479   1.0000000000E+00
    8480   1.0000000000E+00
    8481   1.0000000000E+00
    8482   1.0000000000E+00
    8483   1.0000000000E+00
    8484   1.0000000000E+00
    8485   1.0000000000E+00
    8486   1.0000000000E+00
    8487   1.0000000000E+00
    8488   1.0000000000E+00
    8489   1.0000000000E+00
    8490   1.0000000000E+00
    8491   1.0000000000E+00
    8492   1.0000000000E+00
    8493   1.0000000000E+00
    8494   1.0000000000E+00
    8495   1.0000000000E+00
    8496   1.0000000000E+00
    8497   1.0000000000E+00
    8498   1.0000000000E+00
    8499   1.0000000000E+00
    8500   1.0000000000E+00
    8501   1.0000000000E+00
    8502   1.0000000000E+00
    8503   1.0000000000E+00
    8504   1.0000000000E+00
    8505   1.0000000000E+00
    8506   1.0000000000E+00
    8507   1.0000000000E+00
    8508   1.0000000000E+00
    8509   1.0000000000E+00
    8510   1.0000000000E+00
    8511   1.0000000000E+00
    8512   1.0000000000E+00
    8513   1.0000000000E+00
    8514   1.0000000000E+00
    8515   1.0000000000E+00
    8516   1.0000000000E+00
    8517   1.0000000000E+00
    8518   1.0000000000E+00
    8519   1.0000000000E+00
    8520   1.0000000000E+00
    8521   1.0000000000E+00
    8522   1.0000000000E+00
    8523   1.0000000000E+00
    8524   1.0000000000E+00
    8525   1.0000000000E+00
    8526   1.0000000000E+00
    8527   1.0000000000E+00
    8528   1.0000000000E+00
    8529   1.0000000000E+00
    8530   1.0000000000E+00
    8531   1.0000000000E+00
    8532   1.0000000000E+00
    8533   1.0000000000E+00
    8534   1.0000000000E+00
    8535   1.0000000000E+00
    8536   1.0000000000E+00
    8537   1.0000000000E+00
    8538   1.0000000000E+00
    8539   1.0000000000E+00
    8540   1.0000000000E+00
    8541   1.0000000000E+00
    8542   1.0000000000E+00
    8543   1.0000000000E+00
    8544   1.0000000000E+00
    8545   1.0000000000E+00
    8546   1.0000000000E+00
    8547   1.0000000000E+00
    8548   1.0000000000E+00
    8549   1.0000000000E+00
    8550   1.0000000000E+00
    8551   1.0000000000E+00
    8552   1.0000000000E+00
    8553   1.0000000000E+00
    8554   1.0000000000E+00
    8555   1.0000000000E+00
    8556   1.0000000000E+00
    8557   1.0000000000E+00
    8558   1.0000000000E+00
    8559   1.0000000000E+00
    8560   1.0000000000E+00
    8561   1.0000000000E+00
    8562   1.0000000000E+00
    8563   1.0000000000E+00
    8564   1.0000000000E+00
    8565   1.0000000000E+00
    8566   1.0000000000E+00
    8567   1.0000000000E+00
    8568   1.0000000000E+00
    8569   1.0000000000E+00
    8570   1.0000000000E+00
    8571   1.0000000000E+00
    8572   1.0000000000E+00
    8573   1.0000000000E+00
    8574   1.0000000000E+00
    8575   1.0000000000E+00
    8576   1.0000000000E+00
    8577   1.0000000000E+00
    8578   1.0000000000E+00
    8579   1.0000000000E+00
    8580   1.0000000000E+00
    8581   1.0000000000E+00
    8582   1.0000000000E+00
    8583   1.0000000000E+00
    8584   1.0000000000E+00
    8585   1.0000000000E+00
    8586   1.0000000000E+00
    8587   1.0000000000E+00
    8588   1.0000000000E+00
    8589   1.0000000000E+00
    8590   1.0000000000E+00
    8591   1.0000000000E+00
    8592   1.0000000000E+00
    8593   1.0000000000E+00
    8594   1.0000000000E+00
    8595   1.0000000000E+00
    8596   1.0000000000E+00
    8597   1.0000000000E+00
    8598   1.0000000000E+00
    8599   1.0000000000E+00
    8600   1.0000000000E+00
    8601   1.0000000000E+00
    8602   1.0000000000E+00
    8603   1.0000000000E+00
    8604   1.0000000000E+00
    8605   1.0000000000E+00
    8606   1.0000000000E+00
    8607   1.0000000000E+00
    8608   1.0000000000E+00
    8609   1.0000000000E+00
    8610   1.0000000000E+00
    8611   1.0000000000E+00
    8612   1.0000000000E+00
    8613   1.0000000000E+00
    8614   1.0000000000E+00
    8615   1.0000000000E+00
    8616   1.0000000000E+00
    8617   1.0000000000E+00
    8618   1.0000000000E+00
    8619   1.0000000000E+00
    8620   1.0000000000E+00
    8621   1.0000000000E+00
    8622   1.0000000000E+00
    8623   1.0000000000E+00
    8624   1.0000000000E+00
    8625   1.0000000000E+00
    8626   1.0000000000E+00
    8627   1.0000000000E+00
    8628   1.0000000000E+00
    8629   1.0000000000E+00
    8630   1.0000000000E+00
    8631   1.0000000000E+00
    8632   1.0000000000E+00
    8633   1.0000000000E+00
    8634   1.0000000000E+00
    8635   1.0000000000E+00
    8636   1.0000000000E+00
    8637   1.0000000000E+00
    8638   1.0000000000E+00
    8639   1.0000000000E+00
    8640   1.0000000000E+00
    8641   1.0000000000E+00
    8642   1.0000000000E+00
    8643   1.0000000000E+00
    8644   1.0000000000E+00
    8645   1.0000000000E+00
    8646   1.0000000000E+00
    8647   1.0000000000E+00
    8648   1.0000000000E+00
    8649   1.0000000000E+00
    8650   1.0000000000E+00
    8651   1.0000000000E+00
    8652   1.0000000000E+00
    8653   1.0000000000E+00
    8654   1.0000000000E+00
    8655   1.0000000000E+00
    8656   1.0000000000E+00
    8657   1.0000000000E+00
    8658   1.0000000000E+00
    8659   1.0000000000E+00
    8660   1.0000000000E+00
    8661   1.0000000000E+00
    8662   1.0000000000E+00
    8663   1.0000000000E+00
    8664   1.0000000000E+00
    8665   1.0000000000E+00
    8666   1.0000000000E+00
    8667   1.0000000000E+00
    8668   1.0000000000E+00
    8669   1.0000000000E+00
    8670   1.0000000000E+00
    8671   1.0000000000E+00
    8672   1.0000000000E+00
    8673   1.0000000000E+00
    8674   1.0000000000E+00
    8675   1.0000000000E+00
    8676   1.0000000000E+00
    8677   1.0000000000E+00
    8678   1.0000000000E+00
    8679   1.0000000000E+00
    8680   1.0000000000E+00
    8681   1.0000000000E+00
    8682   1.0000000000E+00
    8683   1.0000000000E+00
    8684   1.0000000000E+00
    8685   1.0000000000E+00
    8686   1.0000000000E+00
    8687   1.0000000000E+00
    8688   1.0000000000E+00
    8689   1.0000000000E+00
    8690   1.0000000000E+00
    8691   1.0000000000E+00
    8692   1.0000000000E+00
    8693   1.0000000000E+00
    8694   1.0000000000E+00
    8695   1.0000000000E+00
    8696   1.0000000000E+00
    8697   1.0000000000E+00
    8698   1.0000000000E+00
    8699   1.0000000000E+00
    8700   1.0000000000E+00
    8701   1.0000000000E+00
    8702   1.0000000000E+00
    8703   1.0000000000E+00
    8704   1.0000000000E+00
    8705   1.0000000000E+00
    8706   1.0000000000E+00
    8707   1.0000000000E+00
    8708   1.0000000000E+00
    8709   1.0000000000E+00
    8710   1.0000000000E+00
    8711   1.0000000000E+00
    8712   1.0000000000E+00
    8713   1.0000000000E+00
    8714   1.0000000000E+00
    8715   1.0000000000E+00
    8716   1.0000000000E+00
    8717   1.0000000000E+00
    8718   1.0000000000E+00
    8719   1.0000000000E+00
    8720   1.0000000000E+00
    8721   1.0000000000E+00
    8722   1.0000000000E+00
    8723   1.0000000000E+00
    8724   1.0000000000E+00
    8725   1.0000000000E+00
    8726   1.0000000000E+00
    8727   1.0000000000E+00
    8728   1.0000000000E+00
    8729   1.0000000000E+00
    8730   1.0000000000E+00
    8731   1.0000000000E+00
    8732   1.0000000000E+00
    8733   1.0000000000E+00
    8734   1.0000000000E+00
    8735   1.0000000000E+00
    8736   1.0000000000E+00
    8737   1.0000000000E+00
    8738   1.0000000000E+00
    8739   1.0000000000E+00
    8740   1.0000000000E+00
    8741   1.0000000000E+00
    8742   1.0000000000E+00
    8743   1.0000000000E+00
    8744   1.0000000000E+00
    8745   1.0000000000E+00
    8746   1.0000000000E+00
    8747   1.0000000000E+00
    8748   1.0000000000E+00
    8749   1.0000000000E+00
    8750   1.0000000000E+00
    8751   1.0000000000E+00
    8752   1.0000000000E+00
    8753   1.0000000000E+00
    8754   1.0000000000E+00
    8755   1.0000000000E+00
    8756   1.0000000000E+00
    8757   1.0000000000E+00
    8758   1.0000000000E+00
    8759   1.0000000000E+00
    8760   1.0000000000E+00
    8761   1.0000000000E+00
    8762   1.0000000000E+00
    8763   1.0000000000E+00
    8764   1.0000000000E+00
    8765   1.0000000000E+00
    8766   1.0000000000E+00
    8767   1.0000000000E+00
    8768   1.0000000000E+00
    8769   1.0000000000E+00
    8770   1.0000000000E+00
    8771   1.0000000000E+00
    8772   1.0000000000E+00
    8773   1.0000000000E+00
    8774   1.0000000000E+00
    8775   1.0000000000E+00
    8776   1.0000000000E+00
    8777   1.0000000000E+00
    8778   1.0000000000E+00
    8779   1.0000000000E+00
    8780   1.0000000000E+00
    8781   1.0000000000E+00
    8782   1.0000000000E+00
    8783   1.0000000000E+00
    8784   1.0000000000E+00
    8785   1.0000000000E+00
    8786   1.0000000000E+00
    8787   1.0000000000E+00
    8788   1.0000000000E+00
    8789   1.0000000000E+00
    8790   1.0000000000E+00
    8791   1.0000000000E+00
    8792   1.0000000000E+00
    8793   1.0000000000E+00
    8794   1.0000000000E+00
    8795   1.0000000000E+00
    8796   1.0000000000E+00
    8797   1.0000000000E+00
    8798   1.0000000000E+00
    8799   1.0000000000E+00
    8800   1.0000000000E+00
    8801   1.0000000000E+00
    8802   1.0000000000E+00
    8803   1.0000000000E+00
    8804   1.0000000000E+00
    8805   1.0000000000E+00
    8806   1.0000000000E+00
    8807   1.0000000000E+00
    8808   1.0000000000E+00
    8809   1.0000000000E+00
    8810   1.0000000000E+00
    8811   1.0000000000E+00
    8812   1.0000000000E+00
    8813   1.0000000000E+00
    8814   1.0000000000E+00
    8815   1.0000000000E+00
    8816   1.0000000000E+00
    8817   1.0000000000E+00
    8818   1.0000000000E+00
    8819   1.0000000000E+00
    8820   1.0000000000E+00
    8821   1.0000000000E+00
    8822   1.0000000000E+00
    8823   1.0000000000E+00
    8824   1.0000000000E+00
    8825   1.0000000000E+00
    8826   1.0000000000E+00
    8827   1.0000000000E+00
    8828   1.0000000000E+00
    8829   1.0000000000E+00
    8830   1.0000000000E+00
    8831   1.0000000000E+00
    8832   1.0000000000E+00
    8833   1.0000000000E+00
    8834   1.0000000000E+00
    8835   1.0000000000E+00
    8836   1.0000000000E+00
    8837   1.0000000000E+00
    8838   1.0000000000E+00
    8839   1.0000000000E+00
    8840   1.0000000000E+00
    8841   1.0000000000E+00
    8842   1.0000000000E+00
    8843   1.0000000000E+00
    8844   1.0000000000E+00
    8845   1.0000000000E+00
    8846   1.0000000000E+00
    8847   1.0000000000E+00
    8848   1.0000000000E+00
    8849   1.0000000000E+00
    8850   1.0000000000E+00
    8851   1.0000000000E+00
    8852   1.0000000000E+00
    8853   1.0000000000E+00
    8854   1.0000000000E+00
    8855   1.0000000000E+00
    8856   1.0000000000E+00
    8857   1.0000000000E+00
    8858   1.0000000000E+00
    8859   1.0000000000E+00
    8860   1.0000000000E+00
    8861   1.0000000000E+00
    8862   1.0000000000E+00
    8863   1.0000000000E+00
    8864   1.0000000000E+00
    8865   1.0000000000E+00
    8866   1.0000000000E+00
    8867   1.0000000000E+00
    8868   1.0000000000E+00
    8869   1.0000000000E+00
    8870   1.0000000000E+00
    8871   1.0000000000E+00
    8872   1.0000000000E+00
    8873   1.0000000000E+00
    8874   1.0000000000E+00
    8875   1.0000000000E+00
    8876   1.0000000000E+00
    8877   1.0000000000E+00
    8878   1.0000000000E+00
    8879   1.0000000000E+00
    8880   1.0000000000E+00
    8881   1.0000000000E+00
    8882   1.0000000000E+00
    8883   1.0000000000E+00
    8884   1.0000000000E+00
    8885   1.0000000000E+00
    8886   1.0000000000E+00
    8887   1.0000000000E+00
    8888   1.0000000000E+00
    8889   1.0000000000E+00
    8890   1.0000000000E+00
    8891   1.0000000000E+00
    8892   1.0000000000E+00
    8893   1.0000000000E+00
    8894   1.0000000000E+00
    8895   1.0000000000E+00
    8896   1.0000000000E+00
    8897   1.0000000000E+00
    8898   1.0000000000E+00
    8899   1.0000000000E+00
    8900   1.0000000000E+00
    8901   1.0000000000E+00
    8902   1.0000000000E+00
    8903   1.0000000000E+00
    8904   1.0000000000E+00
    8905   1.0000000000E+00
    8906   1.0000000000E+00
    8907   1.0000000000E+00
    8908   1.0000000000E+00
    8909   1.0000000000E+00
    8910   1.0000000000E+00
    8911   1.0000000000E+00
    8912   1.0000000000E+00
    8913   1.0000000000E+00
    8914   1.0000000000E+00
    8915   1.0000000000E+00
    8916   1.0000000000E+00
    8917   1.0000000000E+00
    8918   1.0000000000E+00
    8919   1.0000000000E+00
    8920   1.0000000000E+00
    8921   1.0000000000E+00
    8922   1.0000000000E+00
    8923   1.0000000000E+00
    8924   1.0000000000E+00
    8925   1.0000000000E+00
    8926   1.0000000000E+00
    8927   1.0000000000E+00
    8928   1.0000000000E+00
    8929   1.0000000000E+00
    8930   1.0000000000E+00
    8931   1.0000000000E+00
    8932   1.0000000000E+00
    8933   1.0000000000E+00
    8934   1.0000000000E+00
    8935   1.0000000000E+00
    8936   1.0000000000E+00
    8937   1.0000000000E+00
    8938   1.0000000000E+00
    8939   1.0000000000E+00
    8940   1.0000000000E+00
    8941   1.0000000000E+00
    8942   1.0000000000E+00
    8943   1.0000000000E+00
    8944   1.0000000000E+00
    8945   1.0000000000E+00
    8946   1.0000000000E+00
    8947   1.0000000000E+00
    8948   1.0000000000E+00
    8949   1.0000000000E+00
    8950   1.0000000000E+00
    8951   1.0000000000E+00
    8952   1.0000000000E+00
    8953   1.0000000000E+00
    8954   1.0000000000E+00
    8955   1.0000000000E+00
    8956   1.0000000000E+00
    8957   1.0000000000E+00
    8958   1.0000000000E+00
    8959   1.0000000000E+00
    8960   1.0000000000E+00
    8961   1.0000000000E+00
    8962   1.0000000000E+00
    8963   1.0000000000E+00
    8964   1.0000000000E+00
    8965   1.0000000000E+00
    8966   1.0000000000E+00
    8967   1.0000000000E+00
    8968   1.0000000000E+00
    8969   1.0000000000E+00
    8970   1.0000000000E+00
    8971   1.0000000000E+00
    8972   1.0000000000E+00
    8973   1.0000000000E+00
    8974   1.0000000000E+00
    8975   1.0000000000E+00
    8976   1.0000000000E+00
    8977   1.0000000000E+00
    8978   1.0000000000E+00
    8979   1.0000000000E+00
    8980   1.0000000000E+00
    8981   1.0000000000E+00
    8982   1.0000000000E+00
    8983   1.0000000000E+00
    8984   1.0000000000E+00
    8985   1.0000000000E+00
    8986   1.0000000000E+00
    8987   1.0000000000E+00
    8988   1.0000000000E+00
    8989   1.0000000000E+00
    8990   1.0000000000E+00
    8991   1.0000000000E+00
    8992   1.0000000000E+00
    8993   1.0000000000E+00
    8994   1.0000000000E+00
    8995   1.0000000000E+00
    8996   1.0000000000E+00
    8997   1.0000000000E+00
    8998   1.0000000000E+00
    8999   1.0000000000E+00
    9000   1.0000000000E+00
    9001   1.0000000000E+00
    9002   1.0000000000E+00
    9003   1.0000000000E+00
    9004   1.0000000000E+00
    9005   1.0000000000E+00
    9006   1.0000000000E+00
    9007   1.0000000000E+00
    9008   1.0000000000E+00
    9009   1.0000000000E+00
    9010   1.0000000000E+00
    9011   1.0000000000E+00
    9012   1.0000000000E+00
    9013   1.0000000000E+00
    9014   1.0000000000E+00
    9015   1.0000000000E+00
    9016   1.0000000000E+00
    9017   1.0000000000E+00
    9018   1.0000000000E+00
    9019   1.0000000000E+00
    9020   1.0000000000E+00
    9021   1.0000000000E+00
    9022   1.0000000000E+00
    9023   1.0000000000E+00
    9024   1.0000000000E+00
    9025   1.0000000000E+00
    9026   1.0000000000E+00
    9027   1.0000000000E+00
    9028   1.0000000000E+00
    9029   1.0000000000E+00
    9030   1.0000000000E+00
    9031   1.0000000000E+00
    9032   1.0000000000E+00
    9033   1.0000000000E+00
    9034   1.0000000000E+00
    9035   1.0000000000E+00
    9036   1.0000000000E+00
    9037   1.0000000000E+00
    9038   1.0000000000E+00
    9039   1.0000000000E+00
    9040   1.0000000000E+00
    9041   1.0000000000E+00
    9042   1.0000000000E+00
    9043   1.0000000000E+00
    9044   1.0000000000E+00
    9045   1.0000000000E+00
    9046   1.0000000000E+00
    9047   1.0000000000E+00
    9048   1.0000000000E+00
    9049   1.0000000000E+00
    9050   1.0000000000E+00
    9051   1.0000000000E+00
    9052   1.0000000000E+00
    9053   1.0000000000E+00
    9054   1.0000000000E+00
    9055   1.0000000000E+00
    9056   1.0000000000E+00
    9057   1.0000000000E+00
    9058   1.0000000000E+00
    9059   1.0000000000E+00
    9060   1.0000000000E+00
    9061   1.0000000000E+00
    9062   1.0000000000E+00
    9063   1.0000000000E+00
    9064   1.0000000000E+00
    9065   1.0000000000E+00
    9066   1.0000000000E+00
    9067   1.0000000000E+00
    9068   1.0000000000E+00
    9069   1.0000000000E+00
    9070   1.0000000000E+00
    9071   1.0000000000E+00
    9072   1.0000000000E+00
    9073   1.0000000000E+00
    9074   1.0000000000E+00
    9075   1.0000000000E+00
    9076   1.0000000000E+00
    9077   1.0000000000E+00
    9078   1.0000000000E+00
    9079   1.0000000000E+00
    9080   1.0000000000E+00
    9081   1.0000000000E+00
    9082   1.0000000000E+00
    9083   1.0000000000E+00
    9084   1.0000000000E+00
    9085   1.0000000000E+00
    9086   1.0000000000E+00
    9087   1.0000000000E+00
    9088   1.0000000000E+00
    9089   1.0000000000E+00
    9090   1.0000000000E+00
    9091   1.0000000000E+00
    9092   1.0000000000E+00
    9093   1.0000000000E+00
    9094   1.0000000000E+00
    9095   1.0000000000E+00
    9096   1.0000000000E+00
    9097   1.0000000000E+00
    9098   1.0000000000E+00
    9099   1.0000000000E+00
    9100   1.0000000000E+00
    9101   1.0000000000E+00
    9102   1.0000000000E+00
    9103   1.0000000000E+00
    9104   1.0000000000E+00
    9105   1.0000000000E+00
    9106   1.0000000000E+00
    9107   1.0000000000E+00
    9108   1.0000000000E+00
    9109   1.0000000000E+00
    9110   1.0000000000E+00
    9111   1.0000000000E+00
    9112   1.0000000000E+00
    9113   1.0000000000E+00
    9114   1.0000000000E+00
    9115   1.0000000000E+00
    9116   1.0000000000E+00
    9117   1.0000000000E+00
    9118   1.0000000000E+00
    9119   1.0000000000E+00
    9120   1.0000000000E+00
    9121   1.0000000000E+00
    9122   1.0000000000E+00
    9123   1.0000000000E+00
    9124   1.0000000000E+00
    9125   1.0000000000E+00
    9126   1.0000000000E+00
    9127   1.0000000000E+00
    9128   1.0000000000E+00
    9129   1.0000000000E+00
    9130   1.0000000000E+00
    9131   1.0000000000E+00
    9132   1.0000000000E+00
    9133   1.0000000000E+00
    9134   1.0000000000E+00
    9135   1.0000000000E+00
    9136   1.0000000000E+00
    9137   1.0000000000E+00
    9138   1.0000000000E+00
    9139   1.0000000000E+00
    9140   1.0000000000E+00
    9141   1.0000000000E+00
    9142   1.0000000000E+00
    9143   1.0000000000E+00
    9144   1.0000000000E+00
    9145   1.0000000000E+00
    9146   1.0000000000E+00
    9147   1.0000000000E+00
    9148   1.0000000000E+00
    9149   1.0000000000E+00
    9150   1.0000000000E+00
    9151   1.0000000000E+00
    9152   1.0000000000E+00
    9153   1.0000000000E+00
    9154   1.0000000000E+00
    9155   1.0000000000E+00
    9156   1.0000000000E+00
    9157   1.0000000000E+00
    9158   1.0000000000E+00
    9159   1.0000000000E+00
    9160   1.0000000000E+00
    9161   1.0000000000E+00
    9162   1.0000000000E+00
    9163   1.0000000000E+00
    9164   1.0000000000E+00
    9165   1.0000000000E+00
    9166   1.0000000000E+00
    9167   1.0000000000E+00
    9168   1.0000000000E+00
    9169   1.0000000000E+00
    9170   1.0000000000E+00
    9171   1.0000000000E+00
    9172   1.0000000000E+00
    9173   1.0000000000E+00
    9174   1.0000000000E+00
    9175   1.0000000000E+00
    9176   1.0000000000E+00
    9177   1.0000000000E+00
    9178   1.0000000000E+00
    9179   1.0000000000E+00
    9180   1.0000000000E+00
    9181   1.0000000000E+00
    9182   1.0000000000E+00
    9183   1.0000000000E+00
    9184   1.0000000000E+00
    9185   1.0000000000E+00
    9186   1.0000000000E+00
    9187   1.0000000000E+00
    9188   1.0000000000E+00
    9189   1.0000000000E+00
    9190   1.0000000000E+00
    9191   1.0000000000E+00
    9192   1.0000000000E+00
    9193   1.0000000000E+00
    9194   1.0000000000E+00
    9195   1.0000000000E+00
    9196   1.0000000000E+00
    9197   1.0000000000E+00
    9198   1.0000000000E+00
    9199   1.0000000000E+00
    9200   1.0000000000E+00
    9201   1.0000000000E+00
    9202   1.0000000000E+00
    9203   1.0000000000E+00
    9204   1.0000000000E+00
    9205   1.0000000000E+00
    9206   1.0000000000E+00
    9207   1.0000000000E+00
    9208   1.0000000000E+00
    9209   1.0000000000E+00
    9210   1.0000000000E+00
    9211   1.0000000000E+00
    9212   1.0000000000E+00
    9213   1.0000000000E+00
    9214   1.0000000000E+00
    9215   1.0000000000E+00
    9216   1.0000000000E+00
    9217   1.0000000000E+00
    9218   1.0000000000E+00
    9219   1.0000000000E+00
    9220   1.0000000000E+00
    9221   1.0000000000E+00
    9222   1.0000000000E+00
    9223   1.0000000000E+00
    9224   1.0000000000E+00
    9225   1.0000000000E+00
    9226   1.0000000000E+00
    9227   1.0000000000E+00
    9228   1.0000000000E+00
    9229   1.0000000000E+00
    9230   1.0000000000E+00
    9231   1.0000000000E+00
    9232   1.0000000000E+00
    9233   1.0000000000E+00
    9234   1.0000000000E+00
    9235   1.0000000000E+00
    9236   1.0000000000E+00
    9237   1.0000000000E+00
    9238   1.0000000000E+00
    9239   1.0000000000E+00
    9240   1.0000000000E+00
    9241   1.0000000000E+00
    9242   1.0000000000E+00
    9243   1.0000000000E+00
    9244   1.0000000000E+00
    9245   1.0000000000E+00
    9246   1.0000000000E+00
    9247   1.0000000000E+00
    9248   1.0000000000E+00
    9249   1.0000000000E+00
    9250   1.0000000000E+00
    9251   1.0000000000E+00
    9252   1.0000000000E+00
    9253   1.0000000000E+00
    9254   1.0000000000E+00
    9255   1.0000000000E+00
    9256   1.0000000000E+00
    9257   1.0000000000E+00
    9258   1.0000000000E+00
    9259   1.0000000000E+00
    9260   1.0000000000E+00
    9261   1.0000000000E+00
    9262   1.0000000000E+00
    9263   1.0000000000E+00
    9264   1.0000000000E+00
    9265   1.0000000000E+00
    9266   1.0000000000E+00
    9267   1.0000000000E+00
    9268   1.0000000000E+00
    9269   1.0000000000E+00
    9270   1.0000000000E+00
    9271   1.0000000000E+00
    9272   1.0000000000E+00
    9273   1.0000000000E+00
    9274   1.0000000000E+00
    9275   1.0000000000E+00
    9276   1.0000000000E+00
    9277   1.0000000000E+00
    9278   1.0000000000E+00
    9279   1.0000000000E+00
    9280   1.0000000000E+00
    9281   1.0000000000E+00
    9282   1.0000000000E+00
    9283   1.0000000000E+00
    9284   1.0000000000E+00
    9285   1.0000000000E+00
    9286   1.0000000000E+00
    9287   1.0000000000E+00
    9288   1.0000000000E+00
    9289   1.0000000000E+00
    9290   1.0000000000E+00
    9291   1.0000000000E+00
    9292   1.0000000000E+00
    9293   1.0000000000E+00
    9294   1.0000000000E+00
    9295   1.0000000000E+00
    9296   1.0000000000E+00
    9297   1.0000000000E+00
    9298   1.0000000000E+00
    9299   1.0000000000E+00
    9300   1.0000000000E+00
    9301   1.0000000000E+00
    9302   1.0000000000E+00
    9303   1.0000000000E+00
    9304   1.0000000000E+00
    9305   1.0000000000E+00
    9306   1.0000000000E+00
    9307   1.0000000000E+00
    9308   1.0000000000E+00
    9309   1.0000000000E+00
    9310   1.0000000000E+00
    9311   1.0000000000E+00
    9312   1.0000000000E+00
    9313   1.0000000000E+00
    9314   1.0000000000E+00
    9315   1.0000000000E+00
    9316   1.0000000000E+00
    9317   1.0000000000E+00
    9318   1.0000000000E+00
    9319   1.0000000000E+00
    9320   1.0000000000E+00
    9321   1.0000000000E+00
    9322   1.0000000000E+00
    9323   1.0000000000E+00
    9324   1.0000000000E+00
    9325   1.0000000000E+00
    9326   1.0000000000E+00
    9327   1.0000000000E+00
    9328   1.0000000000E+00
    9329   1.0000000000E+00
    9330   1.0000000000E+00
    9331   1.0000000000E+00
    9332   1.0000000000E+00
    9333   1.0000000000E+00
    9334   1.0000000000E+00
    9335   1.0000000000E+00
    9336   1.0000000000E+00
    9337   1.0000000000E+00
    9338   1.0000000000E+00
    9339   1.0000000000E+00
    9340   1.0000000000E+00
    9341   1.0000000000E+00
    9342   1.0000000000E+00
    9343   1.0000000000E+00
    9344   1.0000000000E+00
    9345   1.0000000000E+00
    9346   1.0000000000E+00
    9347   1.0000000000E+00
    9348   1.0000000000E+00
    9349   1.0000000000E+00
    9350   1.0000000000E+00
    9351   1.0000000000E+00
    9352   1.0000000000E+00
    9353   1.0000000000E+00
    9354   1.0000000000E+00
    9355   1.0000000000E+00
    9356   1.0000000000E+00
    9357   1.0000000000E+00
    9358   1.0000000000E+00
    9359   1.0000000000E+00
    9360   1.0000000000E+00
    9361   1.0000000000E+00
    9362   1.0000000000E+00
    9363   1.0000000000E+00
    9364   1.0000000000E+00
    9365   1.0000000000E+00
    9366   1.0000000000E+00
    9367   1.0000000000E+00
    9368   1.0000000000E+00
    9369   1.0000000000E+00
    9370   1.0000000000E+00
    9371   1.0000000000E+00
    9372   1.0000000000E+00
    9373   1.0000000000E+00
    9374   1.0000000000E+00
    9375   1.0000000000E+00
    9376   1.0000000000E+00
    9377   1.0000000000E+00
    9378   1.0000000000E+00
    9379   1.0000000000E+00
    9380   1.0000000000E+00
    9381   1.0000000000E+00
    9382   1.0000000000E+00
    9383   1.0000000000E+00
    9384   1.0000000000E+00
    9385   1.0000000000E+00
    9386   1.0000000000E+00
    9387   1.0000000000E+00
    9388   1.0000000000E+00
    9389   1.0000000000E+00
    9390   1.0000000000E+00
    9391   1.0000000000E+00
    9392   1.0000000000E+00
    9393   1.0000000000E+00
    9394   1.0000000000E+00
    9395   1.0000000000E+00
    9396   1.0000000000E+00
    9397   1.0000000000E+00
    9398   1.0000000000E+00
    9399   1.0000000000E+00
    9400   1.0000000000E+00
    9401   1.0000000000E+00
    9402   1.0000000000E+00
    9403   1.0000000000E+00
    9404   1.0000000000E+00
    9405   1.0000000000E+00
    9406   1.0000000000E+00
    9407   1.0000000000E+00
    9408   1.0000000000E+00
    9409   1.0000000000E+00
    9410   1.0000000000E+00
    9411   1.0000000000E+00
    9412   1.0000000000E+00
    9413   1.0000000000E+00
    9414   1.0000000000E+00
    9415   1.0000000000E+00
    9416   1.0000000000E+00
    9417   1.0000000000E+00
    9418   1.0000000000E+00
    9419   1.0000000000E+00
    9420   1.0000000000E+00
    9421   1.0000000000E+00
    9422   1.0000000000E+00
    9423   1.0000000000E+00
    9424   1.0000000000E+00
    9425   1.0000000000E+00
    9426   1.0000000000E+00
    9427   1.0000000000E+00
    9428   1.0000000000E+00
    9429   1.0000000000E+00
    9430   1.0000000000E+00
    9431   1.0000000000E+00
    9432   1.0000000000E+00
    9433   1.0000000000E+00
    9434   1.0000000000E+00
    9435   1.0000000000E+00
    9436   1.0000000000E+00
    9437   1.0000000000E+00
    9438   1.0000000000E+00
    9439   1.0000000000E+00
    9440   1.0000000000E+00
    9441   1.0000000000E+00
    9442   1.0000000000E+00
    9443   1.0000000000E+00
    9444   1.0000000000E+00
    9445   1.0000000000E+00
    9446   1.0000000000E+00
    9447   1.0000000000E+00
    9448   1.0000000000E+00
    9449   1.0000000000E+00
    9450   1.0000000000E+00
    9451   1.0000000000E+00
    9452   1.0000000000E+00
    9453   1.0000000000E+00
    9454   1.0000000000E+00
    9455   1.0000000000E+00
    9456   1.0000000000E+00
    9457   1.0000000000E+00
    9458   1.0000000000E+00
    9459   1.0000000000E+00
    9460   1.0000000000E+00
    9461   1.0000000000E+00
    9462   1.0000000000E+00
    9463   1.0000000000E+00
    9464   1.0000000000E+00
    9465   1.0000000000E+00
    9466   1.0000000000E+00
    9467   1.0000000000E+00
    9468   1.0000000000E+00
    9469   1.0000000000E+00
    9470   1.0000000000E+00
    9471   1.0000000000E+00
    9472   1.0000000000E+00
    9473   1.0000000000E+00
    9474   1.0000000000E+00
    9475   1.0000000000E+00
    9476   1.0000000000E+00
    9477   1.0000000000E+00
    9478   1.0000000000E+00
    9479   1.0000000000E+00
    9480   1.0000000000E+00
    9481   1.0000000000E+00
    9482   1.0000000000E+00
    9483   1.0000000000E+00
    9484   1.0000000000E+00
    9485   1.0000000000E+00
    9486   1.0000000000E+00
    9487   1.0000000000E+00
    9488   1.0000000000E+00
    9489   1.0000000000E+00
    9490   1.0000000000E+00
    9491   1.0000000000E+00
    9492   1.0000000000E+00
    9493   1.0000000000E+00
    9494   1.0000000000E+00
    9495   1.0000000000E+00
    9496   1.0000000000E+00
    9497   1.0000000000E+00
    9498   1.0000000000E+00
    9499   1.0000000000E+00
    9500   1.0000000000E+00
    9501   1.0000000000E+00
    9502   1.0000000000E+00
    9503   1.0000000000E+00
    9504   1.0000000000E+00
    9505   1.0000000000E+00
    9506   1.0000000000E+00
    9507   1.0000000000E+00
    9508   1.0000000000E+00
    9509   1.0000000000E+00
    9510   1.0000000000E+00
    9511   1.0000000000E+00
    9512   1.0000000000E+00
    9513   1.0000000000E+00
    9514   1.0000000000E+00
    9515   1.0000000000E+00
    9516   1.0000000000E+00
    9517   1.0000000000E+00
    9518   1.0000000000E+00
    9519   1.0000000000E+00
    9520   1.0000000000E+00
    9521   1.0000000000E+00
    9522   1.0000000000E+00
    9523   1.0000000000E+00
    9524   1.0000000000E+00
    9525   1.0000000000E+00
    9526   1.0000000000E+00
    9527   1.0000000000E+00
    9528   1.0000000000E+00
    9529   1.0000000000E+00
    9530   1.0000000000E+00
    9531   1.0000000000E+00
    9532   1.0000000000E+00
    9533   1.0000000000E+00
    9534   1.0000000000E+00
    9535   1.0000000000E+00
    9536   1.0000000000E+00
    9537   1.0000000000E+00
    9538   1.0000000000E+00
    9539   1.0000000000E+00
    9540   1.0000000000E+00
    9541   1.0000000000E+00
    9542   1.0000000000E+00
    9543   1.0000000000E+00
    9544   1.0000000000E+00
    9545   1.0000000000E+00
    9546   1.0000000000E+00
    9547   1.0000000000E+00
    9548   1.0000000000E+00
    9549   1.0000000000E+00
    9550   1.0000000000E+00
    9551   1.0000000000E+00
    9552   1.0000000000E+00
    9553   1.0000000000E+00
    9554   1.0000000000E+00
    9555   1.0000000000E+00
    9556   1.0000000000E+00
    9557   1.0000000000E+00
    9558   1.0000000000E+00
    9559   1.0000000000E+00
    9560   1.0000000000E+00
    9561   1.0000000000E+00
    9562   1.0000000000E+00
    9563   1.0000000000E+00
    9564   1.0000000000E+00
    9565   1.0000000000E+00
    9566   1.0000000000E+00
    9567   1.0000000000E+00
    9568   1.0000000000E+00
    9569   1.0000000000E+00
    9570   1.0000000000E+00
    9571   1.0000000000E+00
    9572   1.0000000000E+00
    9573   1.0000000000E+00
    9574   1.0000000000E+00
    9575   1.0000000000E+00
    9576   1.0000000000E+00
    9577   1.0000000000E+00
    9578   1.0000000000E+00
    9579   1.0000000000E+00
    9580   1.0000000000E+00
    9581   1.0000000000E+00
    9582   1.0000000000E+00
    9583   1.0000000000E+00
    9584   1.0000000000E+00
    9585   1.0000000000E+00
    9586   1.0000000000E+00
    9587   1.0000000000E+00
    9588   1.0000000000E+00
    9589   1.0000000000E+00
    9590   1.0000000000E+00
    9591   1.0000000000E+00
    9592   1.0000000000E+00
    9593   1.0000000000E+00
    9594   1.0000000000E+00
    9595   1.0000000000E+00
    9596   1.0000000000E+00
    9597   1.0000000000E+00
    9598   1.0000000000E+00
    9599   1.0000000000E+00
    9600   1.0000000000E+00
    9601   1.0000000000E+00
    9602   1.0000000000E+00
    9603   1.0000000000E+00
    9604   1.0000000000E+00
    9605   1.0000000000E+00
    9606   1.0000000000E+00
    9607   1.0000000000E+00
    9608   1.0000000000E+00
    9609   1.0000000000E+00
    9610   1.0000000000E+00
    9611   1.0000000000E+00
    9612   1.0000000000E+00
    9613   1.0000000000E+00
    9614   1.0000000000E+00
    9615   1.0000000000E+00
    9616   1.0000000000E+00
    9617   1.0000000000E+00
    9618   1.0000000000E+00
    9619   1.0000000000E+00
    9620   1.0000000000E+00
    9621   1.0000000000E+00
    9622   1.0000000000E+00
    9623   1.0000000000E+00
    9624   1.0000000000E+00
    9625   1.0000000000E+00
    9626   1.0000000000E+00
    9627   1.0000000000E+00
    9628   1.0000000000E+00
    9629   1.0000000000E+00
    9630   1.0000000000E+00
    9631   1.0000000000E+00
    9632   1.0000000000E+00
    9633   1.0000000000E+00
    9634   1.0000000000E+00
    9635   1.0000000000E+00
    9636   1.0000000000E+00
    9637   1.0000000000E+00
    9638   1.0000000000E+00
    9639   1.0000000000E+00
    9640   1.0000000000E+00
    9641   1.0000000000E+00
    9642   1.0000000000E+00
    9643   1.0000000000E+00
    9644   1.0000000000E+00
    9645   1.0000000000E+00
    9646   1.0000000000E+00
    9647   1.0000000000E+00
    9648   1.0000000000E+00
    9649   1.0000000000E+00
    9650   1.0000000000E+00
    9651   1.0000000000E+00
    9652   1.0000000000E+00
    9653   1.0000000000E+00
    9654   1.0000000000E+00
    9655   1.0000000000E+00
    9656   1.0000000000E+00
    9657   1.0000000000E+00
    9658   1.0000000000E+00
    9659   1.0000000000E+00
    9660   1.0000000000E+00
    9661   1.0000000000E+00
    9662   1.0000000000E+00
    9663   1.0000000000E+00
    9664   1.0000000000E+00
    9665   1.0000000000E+00
    9666   1.0000000000E+00
    9667   1.0000000000E+00
    9668   1.0000000000E+00
    9669   1.0000000000E+00
    9670   1.0000000000E+00
    9671   1.0000000000E+00
    9672   1.0000000000E+00
    9673   1.0000000000E+00
    9674   1.0000000000E+00
    9675   1.0000000000E+00
    9676   1.0000000000E+00
    9677   1.0000000000E+00
    9678   1.0000000000E+00
    9679   1.0000000000E+00
    9680   1.0000000000E+00
    9681   1.0000000000E+00
    9682   1.0000000000E+00
    9683   1.0000000000E+00
    9684   1.0000000000E+00
    9685   1.0000000000E+00
    9686   1.0000000000E+00
    9687   1.0000000000E+00
    9688   1.0000000000E+00
    9689   1.0000000000E+00
    9690   1.0000000000E+00
    9691   1.0000000000E+00
    9692   1.0000000000E+00
    9693   1.0000000000E+00
    9694   1.0000000000E+00
    9695   1.0000000000E+00
    9696   1.0000000000E+00
    9697   1.0000000000E+00
    9698   1.0000000000E+00
    9699   1.0000000000E+00
    9700   1.0000000000E+00
    9701   1.0000000000E+00
    9702   1.0000000000E+00
    9703   1.0000000000E+00
    9704   1.0000000000E+00
    9705   1.0000000000E+00
    9706   1.0000000000E+00
    9707   1.0000000000E+00
    9708   1.0000000000E+00
    9709   1.0000000000E+00
    9710   1.0000000000E+00
    9711   1.0000000000E+00
    9712   1.0000000000E+00
    9713   1.0000000000E+00
    9714   1.0000000000E+00
    9715   1.0000000000E+00
    9716   1.0000000000E+00
    9717   1.0000000000E+00
    9718   1.0000000000E+00
    9719   1.0000000000E+00
    9720   1.0000000000E+00
    9721   1.0000000000E+00
    9722   1.0000000000E+00
    9723   1.0000000000E+00
    9724   1.0000000000E+00
    9725   1.0000000000E+00
    9726   1.0000000000E+00
    9727   1.0000000000E+00
    9728   1.0000000000E+00
    9729   1.0000000000E+00
    9730   1.0000000000E+00
    9731   1.0000000000E+00
    9732   1.0000000000E+00
    9733   1.0000000000E+00
    9734   1.0000000000E+00
    9735   1.0000000000E+00
    9736   1.0000000000E+00
    9737   1.0000000000E+00
    9738   1.0000000000E+00
    9739   1.0000000000E+00
    9740   1.0000000000E+00
    9741   1.0000000000E+00
    9742   1.0000000000E+00
    9743   1.0000000000E+00
    9744   1.0000000000E+00
    9745   1.0000000000E+00
    9746   1.0000000000E+00
    9747   1.0000000000E+00
    9748   1.0000000000E+00
    9749   1.0000000000E+00
    9750   1.0000000000E+00
    9751   1.0000000000E+00
    9752   1.0000000000E+00
    9753   1.0000000000E+00
    9754   1.0000000000E+00
    9755   1.0000000000E+00
    9756   1.0000000000E+00
    9757   1.0000000000E+00
    9758   1.0000000000E+00
    9759   1.0000000000E+00
    9760   1.0000000000E+00
    9761   1.0000000000E+00
    9762   1.0000000000E+00
    9763   1.0000000000E+00
    9764   1.0000000000E+00
    9765   1.0000000000E+00
    9766   1.0000000000E+00
    9767   1.0000000000E+00
    9768   1.0000000000E+00
    9769   1.0000000000E+00
    9770   1.0000000000E+00
    9771   1.0000000000E+00
    9772   1.0000000000E+00
    9773   1.0000000000E+00
    9774   1.0000000000E+00
    9775   1.0000000000E+00
    9776   1.0000000000E+00
    9777   1.0000000000E+00
    9778   1.0000000000E+00
    9779   1.0000000000E+00
    9780   1.0000000000E+00
    9781   1.0000000000E+00
    9782   1.0000000000E+00
    9783   1.0000000000E+00
    9784   1.0000000000E+00
    9785   1.0000000000E+00
    9786   1.0000000000E+00
    9787   1.0000000000E+00
    9788   1.0000000000E+00
    9789   1.0000000000E+00
    9790   1.0000000000E+00
    9791   1.0000000000E+00
    9792   1.0000000000E+00
    9793   1.0000000000E+00
    9794   1.0000000000E+00
    9795   1.0000000000E+00
    9796   1.0000000000E+00
    9797   1.0000000000E+00
    9798   1.0000000000E+00
    9799   1.0000000000E+00
    9800   1.0000000000E+00
    9801   1.0000000000E+00
    9802   1.0000000000E+00
    9803   1.0000000000E+00
    9804   1.0000000000E+00
    9805   1.0000000000E+00
    9806   1.0000000000E+00
    9807   1.0000000000E+00
    9808   1.0000000000E+00
    9809   1.0000000000E+00
    9810   1.0000000000E+00
    9811   1.0000000000E+00
    9812   1.0000000000E+00
    9813   1.0000000000E+00
    9814   1.0000000000E+00
    9815   1.0000000000E+00
    9816   1.0000000000E+00
    9817   1.0000000000E+00
    9818   1.0000000000E+00
    9819   1.0000000000E+00
    9820   1.0000000000E+00
    9821   1.0000000000E+00
    9822   1.0000000000E+00
    9823   1.0000000000E+00
    9824   1.0000000000E+00
    9825   1.0000000000E+00
    9826   1.0000000000E+00
    9827   1.0000000000E+00
    9828   1.0000000000E+00
    9829   1.0000000000E+00
    9830   1.0000000000E+00
    9831   1.0000000000E+00
    9832   1.0000000000E+00
    9833   1.0000000000E+00
    9834   1.0000000000E+00
    9835   1.0000000000E+00
    9836   1.0000000000E+00
    9837   1.0000000000E+00
    9838   1.0000000000E+00
    9839   1.0000000000E+00
    9840   1.0000000000E+00
    9841   1.0000000000E+00
    9842   1.0000000000E+00
    9843   1.0000000000E+00
    9844   1.0000000000E+00
    9845   1.0000000000E+00
    9846   1.0000000000E+00
    9847   1.0000000000E+00
    9848   1.0000000000E+00
    9849   1.0000000000E+00
    9850   1.0000000000E+00
    9851   1.0000000000E+00
    9852   1.0000000000E+00
    9853   1.0000000000E+00
    9854   1.0000000000E+00
    9855   1.0000000000E+00
    9856   1.0000000000E+00
    9857   1.0000000000E+00
    9858   1.0000000000E+00
    9859   1.0000000000E+00
    9860   1.0000000000E+00
    9861   1.0000000000E+00
    9862   1.0000000000E+00
    9863   1.0000000000E+00
    9864   1.0000000000E+00
    9865   1.0000000000E+00
    9866   1.0000000000E+00
    9867   1.0000000000E+00
    9868   1.0000000000E+00
    9869   1.0000000000E+00
    9870   1.0000000000E+00
    9871   1.0000000000E+00
    9872   1.0000000000E+00
    9873   1.0000000000E+00
    9874   1.0000000000E+00
    9875   1.0000000000E+00
    9876   1.0000000000E+00
    9877   1.0000000000E+00
    9878   1.0000000000E+00
    9879   1.0000000000E+00
    9880   1.0000000000E+00
    9881   1.0000000000E+00
    9882   1.0000000000E+00
    9883   1.0000000000E+00
    9884   1.0000000000E+00
    9885   1.0000000000E+00
    9886   1.0000000000E+00
    9887   1.0000000000E+00
    9888   1.0000000000E+00
    9889   1.0000000000E+00
    9890   1.0000000000E+00
    9891   1.0000000000E+00
    9892   1.0000000000E+00
    9893   1.0000000000E+00
    9894   1.0000000000E+00
    9895   1.0000000000E+00
    9896   1.0000000000E+00
    9897   1.0000000000E+00
    9898   1.0000000000E+00
    9899   1.0000000000E+00
    9900   1.0000000000E+00
    9901   1.0000000000E+00
    9902   1.0000000000E+00
    9903   1.0000000000E+00
    9904   1.0000000000E+00
    9905   1.0000000000E+00
    9906   1.0000000000E+00
    9907   1.0000000000E+00
    9908   1.0000000000E+00
    9909   1.0000000000E+00
    9910   1.0000000000E+00
    9911   1.0000000000E+00
    9912   1.0000000000E+00
    9913   1.0000000000E+00
    9914   1.0000000000E+00
    9915   1.0000000000E+00
    9916   1.0000000000E+00
    9917   1.0000000000E+00
    9918   1.0000000000E+00
    9919   1.0000000000E+00
    9920   1.0000000000E+00
    9921   1.0000000000E+00
    9922   1.0000000000E+00
    9923   1.0000000000E+00
    9924   1.0000000000E+00
    9925   1.0000000000E+00
    9926   1.0000000000E+00
    9927   1.0000000000E+00
    9928   1.0000000000E+00
    9929   1.0000000000E+00
    9930   1.0000000000E+00
    9931   1.0000000000E+00
    9932   1.0000000000E+00
    9933   1.0000000000E+00
    9934   1.0000000000E+00
    9935   1.0000000000E+00
    9936   1.0000000000E+00
    9937   1.0000000000E+00
    9938   1.0000000000E+00
    9939   1.0000000000E+00
    9940   1.0000000000E+00
    9941   1.0000000000E+00
    9942   1.0000000000E+00
    9943   1.0000000000E+00
    9944   1.0000000000E+00
    9945   1.0000000000E+00
    9946   1.0000000000E+00
    9947   1.0000000000E+00
    9948   1.0000000000E+00
    9949   1.0000000000E+00
    9950   1.0000000000E+00
    9951   1.0000000000E+00
    9952   1.0000000000E+00
    9953   1.0000000000E+00
    9954   1.0000000000E+00
    9955   1.0000000000E+00
    9956   1.0000000000E+00
    9957   1.0000000000E+00
    9958   1.0000000000E+00
    9959   1.0000000000E+00
    9960   1.0000000000E+00
    9961   1.0000000000E+00
    9962   1.0000000000E+00
    9963   1.0000000000E+00
    9964   1.0000000000E+00
    9965   1.0000000000E+00
    9966   1.0000000000E+00
    9967   1.0000000000E+00
    9968   1.0000000000E+00
    9969   1.0000000000E+00
    9970   1.0000000000E+00
    9971   1.0000000000E+00
    9972   1.0000000000E+00
    9973   1.0000000000E+00
    9974   1.0000000000E+00
    9975   1.0000000000E+00
    9976   1.0000000000E+00
    9977   1.0000000000E+00
    9978   1.0000000000E+00
    9979   1.0000000000E+00
    9980   1.0000000000E+00
    9981   1.0000000000E+00
    9982   1.0000000000E+00
    9983   1.0000000000E+00
    9984   1.0000000000E+00
    9985   1.0000000000E+00
    9986   1.0000000000E+00
    9987   1.0000000000E+00
    9988   1.0000000000E+00
    9989   1.0000000000E+00
    9990   1.0000000000E+00
    9991   1.0000000000E+00
    9992   1.0000000000E+00
    9993   1.0000000000E+00
    9994   1.0000000000E+00
    9995   1.0000000000E+00
    9996   1.0000000000E+00
    9997   1.0000000000E+00
    9998   1.0000000000E+00
    9999   1.0000000000E+00
   10000   8.3593750000E-01
   10001   1.6406250000E-01
   10002   0.0000000000E+00
   10003   0.0000000000E+00
