# ic  density_f1
      -2   0.0000000000E+00
      -1   1.8526499538E-01
       0   7.9926020371E-01
       1   9.2229511345E-01
       2   9.2254380877E-01
       3   9.2484973869E-01
       4   9.2643497426E-01
       5   9.2689110827E-01
       6   9.2846444373E-01
       7   9.3005644294E-01
       8   9.3096451539E-01
       9   9.3112538202E-01
      10   9.3278782630E-01
      11   9.3403346727E-01
      12   9.3509074811E-01
      13   9.3563016287E-01
      14   9.3743582659E-01
      15   9.3916485890E-01
      16   9.4047042256E-01
      17   9.4100232878E-01
      18   9.4185364992E-01
      19   9.4240231806E-01
      20   9.4217463346E-01
      21   9.4124244202E-01
      22   9.4029027931E-01
      23   9.3990322349E-01
      24   9.3895024289E-01
      25   9.3786084202E-01
      26   9.3650794141E-01
      27   9.3666838679E-01
      28   9.3640709964E-01
      29   9.3607787545E-01
      30   9.3503867265E-01
      31   9.3522304734E-01
      32   9.3518392749E-01
      33   9.3482952845E-01
      34   9.3396717617E-01
      35   9.3464929984E-01
      36   9.3491276632E-01
      37   9.3484740748E-01
      38   9.3476034708E-01
      39   9.3615545873E-01
      40   9.3706913820E-01
      41   9.3793147846E-01
      42   9.3841360663E-01
      43   9.4006980096E-01
      44   9.4110215590E-01
      45   9.4197823672E-01
      46   9.4237878382E-01
      47   9.4275117161E-01
      48   9.4331720509E-01
      49   9.4292627268E-01
      50   9.4197775144E-01
      51   9.4034945734E-01
      52   9.3970331018E-01
      53   9.3847607981E-01
      54   9.3691165272E-01
      55   9.3489366199E-01
      56   9.3433725633E-01
      57   9.3338578621E-01
      58   9.3235675566E-01
      59   9.3117672493E-01
      60   9.3162473971E-01
      61   9.3141295706E-01
      62   9.3097739894E-01
      63   9.3042614938E-01
      64   9.3176574373E-01
      65   9.3270618839E-01
      66   9.3334995309E-01
      67   9.3477936517E-01
      68   9.3703454932E-01
      69   9.3884751703E-01
      70   9.4032378967E-01
      71   9.4238800559E-01
      72   9.4456495496E-01
      73   9.4598214454E-01
      74   9.4704060009E-01
      75   9.4743508136E-01
      76   9.4851792622E-01
      77   9.4957535777E-01
      78   9.5055538774E-01
      79   9.5174294263E-01
      80   9.5315686222E-01
      81   9.5508155566E-01
      82   9.5829085944E-01
      83   9.6176125323E-01
      84   9.6557016918E-01
      85   9.6941062186E-01
      86   9.7302459671E-01
      87   9.7627515119E-01
      88   9.7903820650E-01
      89   9.8137875430E-01
      90   9.8304131738E-01
      91   9.8398422128E-01
      92   9.8436927314E-01
      93   9.8445880006E-01
      94   9.8451804832E-01
      95   9.8469746188E-01
      96   9.8502859092E-01
      97   9.8550803605E-01
      98   9.8615466888E-01
      99   9.8696228842E-01
     100   9.8779348106E-01
     101   9.8834186147E-01
     102   9.8824232529E-01
     103   9.8727006607E-01
     104   9.8545386973E-01
     105   9.8309130534E-01
     106   9.8067662242E-01
     107   9.7847022754E-01
     108   9.7681040282E-01
     109   9.7597936582E-01
     110   9.7622395498E-01
     111   9.7767457258E-01
     112   9.8024692143E-01
     113   9.8362114150E-01
     114   9.8733607999E-01
     115   9.9094109234E-01
     116   9.9409511545E-01
     117   9.9655971729E-01
     118   9.9814156120E-01
     119   9.9869659415E-01
     120   9.9822310472E-01
     121   9.9695399408E-01
     122   9.9533277358E-01
     123   9.9386548747E-01
     124   9.9295102996E-01
     125   9.9280259125E-01
     126   9.9347524606E-01
     127   9.9493163104E-01
     128   9.9706772022E-01
     129   9.9965625470E-01
     130   1.0023811854E+00
     131   1.0048709446E+00
     132   1.0067792370E+00
     133   1.0079082498E+00
     134   1.0081964438E+00
     135   1.0076645119E+00
     136   1.0063916627E+00
     137   1.0045373636E+00
     138   1.0023715804E+00
     139   1.0002471127E+00
     140   9.9850327606E-01
     141   9.9736264045E-01
     142   9.9688130327E-01
     143   9.9696724119E-01
     144   9.9743057605E-01
     145   9.9802761368E-01
     146   9.9849360351E-01
     147   9.9858782789E-01
     148   9.9815113067E-01
     149   9.9715243180E-01
     150   9.9569261969E-01
     151   9.9396782185E-01
     152   9.9222554682E-01
     153   9.9073627417E-01
     154   9.8985872397E-01
     155   9.8987255134E-01
     156   9.9100020890E-01
     157   9.9331036784E-01
     158   9.9667500337E-01
     159   1.0008076675E+00
     160   1.0053237991E+00
     161   1.0097767924E+00
     162   1.0136679784E+00
     163   1.0165150162E+00
     164   1.0177182748E+00
     165   1.0170682870E+00
     166   1.0146138892E+00
     167   1.0106021839E+00
     168   1.0054545233E+00
     169   9.9967206019E-01
     170   9.9382292441E-01
     171   9.8853439185E-01
     172   9.8441371860E-01
     173   9.8190340803E-01
     174   9.8111952235E-01
     175   9.8202653017E-01
     176   9.8427040734E-01
     177   9.8737395401E-01
     178   9.9104816628E-01
     179   9.9496715937E-01
     180   9.9875562630E-01
     181   1.0020126967E+00
     182   1.0044483898E+00
     183   1.0060192790E+00
     184   1.0069233591E+00
     185   1.0074364689E+00
     186   1.0077339475E+00
     187   1.0078448611E+00
     188   1.0077528499E+00
     189   1.0075095687E+00
     190   1.0072227774E+00
     191   1.0069129179E+00
     192   1.0065032022E+00
     193   1.0058089557E+00
     194   1.0047387459E+00
     195   1.0033836726E+00
     196   1.0019376312E+00
     197   1.0005219777E+00
     198   9.9909702730E-01
     199   9.9754709392E-01
     200   9.9585005739E-01
     201   9.9415266852E-01
     202   9.9267418294E-01
     203   9.9153336687E-01
     204   9.9067353716E-01
     205   9.9002246948E-01
     206   9.8951448614E-01
     207   9.8925361855E-01
     208   9.8935816867E-01
     209   9.8978848845E-01
     210   9.9030631464E-01
     211   9.9060702445E-01
     212   9.9051778372E-01
     213   9.9008285211E-01
     214   9.8947423267E-01
     215   9.8883464624E-01
     216   9.8821569900E-01
     217   9.8765086395E-01
     218   9.8725683647E-01
     219   9.8722333525E-01
     220   9.8767489753E-01
     221   9.8852845764E-01
     222   9.8949259418E-01
     223   9.9022767957E-01
     224   9.9053847512E-01
     225   9.9043887287E-01
     226   9.9006041885E-01
     227   9.8952589787E-01
     228   9.8892418840E-01
     229   9.8838626615E-01
     230   9.8827709251E-01
     231   9.8895713419E-01
     232   9.9076060977E-01
     233   9.9379681430E-01
     234   9.9789304494E-01
     235   1.0027017203E+00
     236   1.0078304308E+00
     237   1.0128885836E+00
     238   1.0174885667E+00
     239   1.0211068158E+00
     240   1.0231730097E+00
     241   1.0236354409E+00
     242   1.0225788966E+00
     243   1.0203874459E+00
     244   1.0175137274E+00
     245   1.0143370126E+00
     246   1.0111479751E+00
     247   1.0082026525E+00
     248   1.0057342744E+00
     249   1.0038830142E+00
     250   1.0026196037E+00
     251   1.0017507994E+00
     252   1.0010249265E+00
     253   1.0002622180E+00
     254   9.9941007019E-01
     255   9.9849313770E-01
     256   9.9752541519E-01
     257   9.9646258282E-01
     258   9.9522528624E-01
     259   9.9375789891E-01
     260   9.9206455792E-01
     261   9.9019956723E-01
     262   9.8824219082E-01
     263   9.8628302894E-01
     264   9.8442678362E-01
     265   9.8279601675E-01
     266   9.8151647252E-01
     267   9.8068684748E-01
     268   9.8035523918E-01
     269   9.8049015407E-01
     270   9.8103138056E-01
     271   9.8199851907E-01
     272   9.8309078878E-01
     273   9.8421315972E-01
     274   9.8521713925E-01
     275   9.8596729034E-01
     276   9.8637187615E-01
     277   9.8641430599E-01
     278   9.8617696517E-01
     279   9.8584434380E-01
     280   9.8567358024E-01
     281   9.8593115860E-01
     282   9.8682444046E-01
     283   9.8846460981E-01
     284   9.9087387781E-01
     285   9.9401742905E-01
     286   9.9782167136E-01
     287   1.0021515095E+00
     288   1.0067697430E+00
     289   1.0113332778E+00
     290   1.0154578676E+00
     291   1.0188215965E+00
     292   1.0212369982E+00
     293   1.0226454158E+00
     294   1.0230645498E+00
     295   1.0225609927E+00
     296   1.0212718870E+00
     297   1.0194246997E+00
     298   1.0172942086E+00
     299   1.0151221359E+00
     300   1.0129106987E+00
     301   1.0107230722E+00
     302   1.0085547973E+00
     303   1.0064810053E+00
     304   1.0046623929E+00
     305   1.0032176002E+00
     306   1.0021353536E+00
     307   1.0012937012E+00
     308   1.0005625190E+00
     309   9.9988454315E-01
     310   9.9926008383E-01
     311   9.9866589164E-01
     312   9.9800744763E-01
     313   9.9717067236E-01
     314   9.9612472017E-01
     315   9.9496412279E-01
     316   9.9383945332E-01
     317   9.9283915541E-01
     318   9.9193622735E-01
     319   9.9104771809E-01
     320   9.9012645112E-01
     321   9.8927794190E-01
     322   9.8858742914E-01
     323   9.8808057565E-01
     324   9.8771823949E-01
     325   9.8744058263E-01
     326   9.8727095738E-01
     327   9.8732433198E-01
     328   9.8771122354E-01
     329   9.8842679889E-01
     330   9.8933192123E-01
     331   9.9024745822E-01
     332   9.9107265307E-01
     333   9.9181101361E-01
     334   9.9248648520E-01
     335   9.9304644393E-01
     336   9.9335935897E-01
     337   9.9331692278E-01
     338   9.9294120743E-01
     339   9.9238659251E-01
     340   9.9183693977E-01
     341   9.9140581625E-01
     342   9.9113297365E-01
     343   9.9106606694E-01
     344   9.9131564549E-01
     345   9.9205519772E-01
     346   9.9332841115E-01
     347   9.9499118368E-01
     348   9.9677533390E-01
     349   9.9838823421E-01
     350   9.9964349581E-01
     351   1.0004835657E+00
     352   1.0009230152E+00
     353   1.0010113404E+00
     354   1.0008701348E+00
     355   1.0007548757E+00
     356   1.0010401046E+00
     357   1.0020913396E+00
     358   1.0041028342E+00
     359   1.0070232299E+00
     360   1.0106358376E+00
     361   1.0145580053E+00
     362   1.0184547637E+00
     363   1.0219672438E+00
     364   1.0246659294E+00
     365   1.0261411403E+00
     366   1.0261415117E+00
     367   1.0246902303E+00
     368   1.0220694408E+00
     369   1.0186880582E+00
     370   1.0149488037E+00
     371   1.0112111333E+00
     372   1.0077888844E+00
     373   1.0049987839E+00
     374   1.0030897204E+00
     375   1.0021260033E+00
     376   1.0020236634E+00
     377   1.0025969302E+00
     378   1.0036434166E+00
     379   1.0049779460E+00
     380   1.0064046214E+00
     381   1.0076842645E+00
     382   1.0085637387E+00
     383   1.0088679806E+00
     384   1.0085738842E+00
     385   1.0077985996E+00
     386   1.0067191655E+00
     387   1.0055032678E+00
     388   1.0043100849E+00
     389   1.0033388528E+00
     390   1.0028421890E+00
     391   1.0030609535E+00
     392   1.0041205093E+00
     393   1.0059659772E+00
     394   1.0083793610E+00
     395   1.0110553513E+00
     396   1.0136709511E+00
     397   1.0159180269E+00
     398   1.0175278739E+00
     399   1.0183250726E+00
     400   1.0182985030E+00
     401   1.0176265385E+00
     402   1.0166044346E+00
     403   1.0155333362E+00
     404   1.0145044487E+00
     405   1.0135522909E+00
     406   1.0126864741E+00
     407   1.0118401308E+00
     408   1.0109777748E+00
     409   1.0100276163E+00
     410   1.0088734085E+00
     411   1.0074017022E+00
     412   1.0055662544E+00
     413   1.0034120316E+00
     414   1.0010470562E+00
     415   9.9860634640E-01
     416   9.9625592281E-01
     417   9.9422270680E-01
     418   9.9279418505E-01
     419   9.9225402485E-01
     420   9.9278293471E-01
     421   9.9439565442E-01
     422   9.9695924586E-01
     423   1.0002649622E+00
     424   1.0040804228E+00
     425   1.0081375474E+00
     426   1.0120847747E+00
     427   1.0154853310E+00
     428   1.0179056347E+00
     429   1.0190455130E+00
     430   1.0188141112E+00
     431   1.0173080314E+00
     432   1.0147392300E+00
     433   1.0113953771E+00
     434   1.0076505705E+00
     435   1.0039662536E+00
     436   1.0008239528E+00
     437   9.9861001581E-01
     438   9.9753238306E-01
     439   9.9762926137E-01
     440   9.9884471052E-01
     441   1.0010878829E+00
     442   1.0042175369E+00
     443   1.0079782556E+00
     444   1.0119737762E+00
     445   1.0157495652E+00
     446   1.0189669720E+00
     447   1.0212208917E+00
     448   1.0225819727E+00
     449   1.0230587650E+00
     450   1.0226787561E+00
     451   1.0215429703E+00
     452   1.0198678032E+00
     453   1.0179646758E+00
     454   1.0161306945E+00
     455   1.0145382226E+00
     456   1.0132162042E+00
     457   1.0121211513E+00
     458   1.0112086981E+00
     459   1.0104291563E+00
     460   1.0096755304E+00
     461   1.0087093769E+00
     462   1.0073137534E+00
     463   1.0053900659E+00
     464   1.0029950127E+00
     465   1.0003276183E+00
     466   9.9759838040E-01
     467   9.9495305561E-01
     468   9.9249607385E-01
     469   9.9034750779E-01
     470   9.8871630620E-01
     471   9.8780666143E-01
     472   9.8764892578E-01
     473   9.8818439579E-01
     474   9.8925983315E-01
     475   9.9074274186E-01
     476   9.9257861012E-01
     477   9.9476756564E-01
     478   9.9730415777E-01
     479   1.0001560786E+00
     480   1.0033027952E+00
     481   1.0067753696E+00
     482   1.0106220133E+00
     483   1.0148000388E+00
     484   1.0190841981E+00
     485   1.0231525724E+00
     486   1.0265521577E+00
     487   1.0288271583E+00
     488   1.0301377349E+00
     489   1.0304178248E+00
     490   1.0297033159E+00
     491   1.0280673991E+00
     492   1.0256844416E+00
     493   1.0228653782E+00
     494   1.0199001650E+00
     495   1.0168845946E+00
     496   1.0140384488E+00
     497   1.0112338193E+00
     498   1.0084254662E+00
     499   1.0056284294E+00
     500   1.0028713353E+00
     501   1.0001476361E+00
     502   9.9743375781E-01
     503   9.9476760333E-01
     504   9.9230227877E-01
     505   9.9026582588E-01
     506   9.8884802808E-01
     507   9.8810905443E-01
     508   9.8798038436E-01
     509   9.8833262588E-01
     510   9.8909448293E-01
     511   9.9021349096E-01
     512   9.9154956931E-01
     513   9.9296982489E-01
     514   9.9431118234E-01
     515   9.9549576042E-01
     516   9.9658008280E-01
     517   9.9770297840E-01
     518   9.9896825651E-01
     519   1.0003685660E+00
     520   1.0018126434E+00
     521   1.0032182497E+00
     522   1.0045734427E+00
     523   1.0059132207E+00
     524   1.0072470558E+00
     525   1.0085261168E+00
     526   1.0096892068E+00
     527   1.0107512345E+00
     528   1.0117368684E+00
     529   1.0127059494E+00
     530   1.0136533911E+00
     531   1.0144532489E+00
     532   1.0149960138E+00
     533   1.0152585383E+00
     534   1.0152944351E+00
     535   1.0151466501E+00
     536   1.0147749489E+00
     537   1.0140776918E+00
     538   1.0129880910E+00
     539   1.0115457588E+00
     540   1.0098740336E+00
     541   1.0080966318E+00
     542   1.0062825556E+00
     543   1.0044717816E+00
     544   1.0027442002E+00
     545   1.0012502696E+00
     546   1.0001690741E+00
     547   9.9964263854E-01
     548   9.9974996345E-01
     549   1.0005369822E+00
     550   1.0020517529E+00
     551   1.0043259745E+00
     552   1.0073048235E+00
     553   1.0107986802E+00
     554   1.0145185828E+00
     555   1.0182048981E+00
     556   1.0217391720E+00
     557   1.0248253297E+00
     558   1.0275686820E+00
     559   1.0297761899E+00
     560   1.0312042573E+00
     561   1.0316503479E+00
     562   1.0310375754E+00
     563   1.0294293233E+00
     564   1.0270183800E+00
     565   1.0239708431E+00
     566   1.0204233570E+00
     567   1.0169608590E+00
     568   1.0138122225E+00
     569   1.0112268398E+00
     570   1.0093208915E+00
     571   1.0080882286E+00
     572   1.0074631887E+00
     573   1.0073619734E+00
     574   1.0076607126E+00
     575   1.0081451471E+00
     576   1.0085105922E+00
     577   1.0084500999E+00
     578   1.0077811025E+00
     579   1.0065178368E+00
     580   1.0048392335E+00
     581   1.0029911760E+00
     582   1.0012074081E+00
     583   9.9969029615E-01
     584   9.9862062345E-01
     585   9.9814360014E-01
     586   9.9831950947E-01
     587   9.9907916317E-01
     588   1.0002331258E+00
     589   1.0015376691E+00
     590   1.0027682352E+00
     591   1.0037518728E+00
     592   1.0043598332E+00
     593   1.0045028920E+00
     594   1.0041610007E+00
     595   1.0034239864E+00
     596   1.0024843896E+00
     597   1.0015582679E+00
     598   1.0007826440E+00
     599   1.0001656137E+00
     600   9.9962368607E-01
     601   9.9907109659E-01
     602   9.9848839306E-01
     603   9.9792746315E-01
     604   9.9747636886E-01
     605   9.9723033484E-01
     606   9.9728596219E-01
     607   9.9773720862E-01
     608   9.9864261741E-01
     609   9.9996922248E-01
     610   1.0015634209E+00
     611   1.0031854347E+00
     612   1.0045913094E+00
     613   1.0056083101E+00
     614   1.0061549607E+00
     615   1.0062123604E+00
     616   1.0058027657E+00
     617   1.0050057977E+00
     618   1.0039839972E+00
     619   1.0029688476E+00
     620   1.0021872256E+00
     621   1.0017694958E+00
     622   1.0017079218E+00
     623   1.0018874888E+00
     624   1.0021515994E+00
     625   1.0023522719E+00
     626   1.0023613045E+00
     627   1.0020662808E+00
     628   1.0013928028E+00
     629   1.0003509622E+00
     630   9.9906285255E-01
     631   9.9773956987E-01
     632   9.9661590222E-01
     633   9.9588388214E-01
     634   9.9566324399E-01
     635   9.9600155187E-01
     636   9.9687032304E-01
     637   9.9814832872E-01
     638   9.9961171869E-01
     639   1.0009592002E+00
     640   1.0018831987E+00
     641   1.0021526937E+00
     642   1.0016594681E+00
     643   1.0004191498E+00
     644   9.9855402363E-01
     645   9.9628394869E-01
     646   9.9392159560E-01
     647   9.9183774669E-01
     648   9.9037778411E-01
     649   9.8976536181E-01
     650   9.9004697503E-01
     651   9.9110045247E-01
     652   9.9268926872E-01
     653   9.9451952123E-01
     654   9.9627167074E-01
     655   9.9762569065E-01
     656   9.9831110337E-01
     657   9.9817953778E-01
     658   9.9725777559E-01
     659   9.9573271168E-01
     660   9.9386692699E-01
     661   9.9190681057E-01
     662   9.9004325502E-01
     663   9.8842445909E-01
     664   9.8717513593E-01
     665   9.8638238143E-01
     666   9.8605614929E-01
     667   9.8611643484E-01
     668   9.8644130242E-01
     669   9.8694705148E-01
     670   9.8763486211E-01
     671   9.8856010509E-01
     672   9.8983309177E-01
     673   9.9138083092E-01
     674   9.9314974535E-01
     675   9.9508935802E-01
     676   9.9718038985E-01
     677   9.9939875216E-01
     678   1.0016356126E+00
     679   1.0036655988E+00
     680   1.0052114190E+00
     681   1.0060587964E+00
     682   1.0061262544E+00
     683   1.0054437042E+00
     684   1.0040868598E+00
     685   1.0021579411E+00
     686   9.9983745303E-01
     687   9.9743276763E-01
     688   9.9533488978E-01
     689   9.9388633009E-01
     690   9.9325218471E-01
     691   9.9339542374E-01
     692   9.9416638665E-01
     693   9.9541908300E-01
     694   9.9705461239E-01
     695   9.9897456027E-01
     696   1.0010168949E+00
     697   1.0029674089E+00
     698   1.0046551320E+00
     699   1.0060413072E+00
     700   1.0072034891E+00
     701   1.0082194138E+00
     702   1.0090584116E+00
     703   1.0095890702E+00
     704   1.0096248699E+00
     705   1.0091680414E+00
     706   1.0082865519E+00
     707   1.0070724954E+00
     708   1.0055853636E+00
     709   1.0038873999E+00
     710   1.0021408130E+00
     711   1.0006408593E+00
     712   9.9971585434E-01
     713   9.9956030320E-01
     714   1.0001362775E+00
     715   1.0012229628E+00
     716   1.0025672509E+00
     717   1.0040014620E+00
     718   1.0054373735E+00
     719   1.0067773629E+00
     720   1.0078610581E+00
     721   1.0085193329E+00
     722   1.0086859502E+00
     723   1.0084475166E+00
     724   1.0079741139E+00
     725   1.0073992498E+00
     726   1.0067712706E+00
     727   1.0061187536E+00
     728   1.0055507816E+00
     729   1.0052694661E+00
     730   1.0054626891E+00
     731   1.0061751293E+00
     732   1.0072841672E+00
     733   1.0086034779E+00
     734   1.0100149474E+00
     735   1.0114983236E+00
     736   1.0130321323E+00
     737   1.0144736288E+00
     738   1.0155515749E+00
     739   1.0160249537E+00
     740   1.0156852445E+00
     741   1.0146038845E+00
     742   1.0129606176E+00
     743   1.0108104118E+00
     744   1.0081962780E+00
     745   1.0052245030E+00
     746   1.0021521130E+00
     747   9.9935471292E-01
     748   9.9719240977E-01
     749   9.9588742997E-01
     750   9.9550661382E-01
     751   9.9602875734E-01
     752   9.9740194246E-01
     753   9.9952064615E-01
     754   1.0021496761E+00
     755   1.0048976576E+00
     756   1.0073140051E+00
     757   1.0090600258E+00
     758   1.0100222398E+00
     759   1.0102777210E+00
     760   1.0099550854E+00
     761   1.0091233084E+00
     762   1.0077981055E+00
     763   1.0060200940E+00
     764   1.0038950122E+00
     765   1.0015411255E+00
     766   9.9900341712E-01
     767   9.9623789357E-01
     768   9.9320391051E-01
     769   9.8998238244E-01
     770   9.8680825874E-01
     771   9.8398423935E-01
     772   9.8175183474E-01
     773   9.8022256826E-01
     774   9.7941092560E-01
     775   9.7928157669E-01
     776   9.7987941905E-01
     777   9.8130802106E-01
     778   9.8329106840E-01
     779   9.8570187682E-01
     780   9.8831581640E-01
     781   9.9096092513E-01
     782   9.9355973374E-01
     783   9.9608627817E-01
     784   9.9848973067E-01
     785   1.0006642340E+00
     786   1.0024992112E+00
     787   1.0039555777E+00
     788   1.0050897766E+00
     789   1.0060037418E+00
     790   1.0067754533E+00
     791   1.0074399802E+00
     792   1.0080352060E+00
     793   1.0086476939E+00
     794   1.0093910540E+00
     795   1.0103213882E+00
     796   1.0113606699E+00
     797   1.0123074631E+00
     798   1.0129031863E+00
     799   1.0128740284E+00
     800   1.0121819247E+00
     801   1.0107814741E+00
     802   1.0087210243E+00
     803   1.0061489972E+00
     804   1.0033488384E+00
     805   1.0007272977E+00
     806   9.9872284725E-01
     807   9.9767425829E-01
     808   9.9772175906E-01
     809   9.9878589555E-01
     810   1.0006170971E+00
     811   1.0028680782E+00
     812   1.0051517880E+00
     813   1.0070864499E+00
     814   1.0083487853E+00
     815   1.0087407683E+00
     816   1.0082426519E+00
     817   1.0070095922E+00
     818   1.0053025606E+00
     819   1.0033919855E+00
     820   1.0014855812E+00
     821   9.9970402079E-01
     822   9.9809054819E-01
     823   9.9662506351E-01
     824   9.9523081402E-01
     825   9.9379111912E-01
     826   9.9219504637E-01
     827   9.9040440820E-01
     828   9.8850805074E-01
     829   9.8672143921E-01
     830   9.8531976823E-01
     831   9.8453863870E-01
     832   9.8448921552E-01
     833   9.8510425882E-01
     834   9.8631530706E-01
     835   9.8782346104E-01
     836   9.8941511373E-01
     837   9.9095097045E-01
     838   9.9234776983E-01
     839   9.9360059368E-01
     840   9.9478020018E-01
     841   9.9601432814E-01
     842   9.9744546025E-01
     843   9.9917472487E-01
     844   1.0012137061E+00
     845   1.0034703767E+00
     846   1.0057716901E+00
     847   1.0079018937E+00
     848   1.0096299672E+00
     849   1.0107240294E+00
     850   1.0109695941E+00
     851   1.0102133879E+00
     852   1.0084231289E+00
     853   1.0057241480E+00
     854   1.0023759447E+00
     855   9.9870891753E-01
     856   9.9502901563E-01
     857   9.9159374121E-01
     858   9.8859570764E-01
     859   9.8618097866E-01
     860   9.8444226105E-01
     861   9.8340269569E-01
     862   9.8301322474E-01
     863   9.8318651122E-01
     864   9.8385352762E-01
     865   9.8500058794E-01
     866   9.8665573150E-01
     867   9.8883364511E-01
     868   9.9148652119E-01
     869   9.9450490658E-01
     870   9.9776693986E-01
     871   1.0011857919E+00
     872   1.0047066124E+00
     873   1.0082550352E+00
     874   1.0116902475E+00
     875   1.0148142032E+00
     876   1.0174326162E+00
     877   1.0194072472E+00
     878   1.0206522689E+00
     879   1.0210896844E+00
     880   1.0206278379E+00
     881   1.0192034498E+00
     882   1.0168823158E+00
     883   1.0137409436E+00
     884   1.0101307915E+00
     885   1.0063571929E+00
     886   1.0026645568E+00
     887   9.9932178159E-01
     888   9.9661312175E-01
     889   9.9479960826E-01
     890   9.9402854326E-01
     891   9.9425278746E-01
     892   9.9522505376E-01
     893   9.9657659389E-01
     894   9.9792733119E-01
     895   9.9895247745E-01
     896   9.9938782249E-01
     897   9.9901956418E-01
     898   9.9771506396E-01
     899   9.9550028593E-01
     900   9.9260012659E-01
     901   9.8938759341E-01
     902   9.8625817839E-01
     903   9.8350859022E-01
     904   9.8129624489E-01
     905   9.7967460522E-01
     906   9.7864543028E-01
     907   9.7817029570E-01
     908   9.7814589622E-01
     909   9.7839178376E-01
     910   9.7869561338E-01
     911   9.7890355564E-01
     912   9.7898389846E-01
     913   9.7898850248E-01
     914   9.7927937916E-01
     915   9.7979972494E-01
     916   9.8063810961E-01
     917   9.8184537946E-01
     918   9.8344929736E-01
     919   9.8545305186E-01
     920   9.8777537620E-01
     921   9.9021366950E-01
     922   9.9248401012E-01
     923   9.9432479722E-01
     924   9.9558673612E-01
     925   9.9624315261E-01
     926   9.9633206077E-01
     927   9.9590377286E-01
     928   9.9503049285E-01
     929   9.9385873168E-01
     930   9.9262752921E-01
     931   9.9160608649E-01
     932   9.9098458356E-01
     933   9.9080045996E-01
     934   9.9095135051E-01
     935   9.9127547377E-01
     936   9.9162518703E-01
     937   9.9188267871E-01
     938   9.9193157758E-01
     939   9.9167382439E-01
     940   9.9107503556E-01
     941   9.9018036789E-01
     942   9.8919148521E-01
     943   9.8834602595E-01
     944   9.8782411812E-01
     945   9.8769772693E-01
     946   9.8796073724E-01
     947   9.8859786059E-01
     948   9.8961688968E-01
     949   9.9101565300E-01
     950   9.9272840619E-01
     951   9.9462002325E-01
     952   9.9654942344E-01
     953   9.9845316098E-01
     954   1.0003710006E+00
     955   1.0023859246E+00
     956   1.0045337601E+00
     957   1.0067612488E+00
     958   1.0089604125E+00
     959   1.0110324195E+00
     960   1.0129108233E+00
     961   1.0145256461E+00
     962   1.0157641233E+00
     963   1.0164899871E+00
     964   1.0166178144E+00
     965   1.0161907815E+00
     966   1.0153373712E+00
     967   1.0141491027E+00
     968   1.0128612844E+00
     969   1.0115324820E+00
     970   1.0102767555E+00
     971   1.0092590936E+00
     972   1.0086457423E+00
     973   1.0085163175E+00
     974   1.0088153524E+00
     975   1.0093865764E+00
     976   1.0100575468E+00
     977   1.0107033886E+00
     978   1.0112439934E+00
     979   1.0116026466E+00
     980   1.0116896881E+00
     981   1.0114344908E+00
     982   1.0108269724E+00
     983   1.0099150200E+00
     984   1.0087495639E+00
     985   1.0073327029E+00
     986   1.0056275819E+00
     987   1.0036258991E+00
     988   1.0014088289E+00
     989   9.9914328464E-01
     990   9.9701708094E-01
     991   9.9517429634E-01
     992   9.9370302324E-01
     993   9.9266635332E-01
     994   9.9212357624E-01
     995   9.9210437193E-01
     996   9.9255245881E-01
     997   9.9329608448E-01
     998   9.9408649266E-01
     999   9.9468809738E-01
    1000   9.9495690046E-01
    1001   9.9485798212E-01
    1002   9.9442813760E-01
    1003   9.9373519786E-01
    1004   9.9287333557E-01
    1005   9.9198238660E-01
    1006   9.9124366547E-01
    1007   9.9083012956E-01
    1008   9.9083903684E-01
    1009   9.9125940904E-01
    1010   9.9200043066E-01
    1011   9.9295384380E-01
    1012   9.9403327220E-01
    1013   9.9516247170E-01
    1014   9.9623860264E-01
    1015   9.9712235197E-01
    1016   9.9768082630E-01
    1017   9.9785330640E-01
    1018   9.9767980742E-01
    1019   9.9726833717E-01
    1020   9.9673302982E-01
    1021   9.9615620333E-01
    1022   9.9559852810E-01
    1023   9.9513267010E-01
    1024   9.9485505089E-01
    1025   9.9486092235E-01
    1026   9.9520732463E-01
    1027   9.9589826894E-01
    1028   9.9690144667E-01
    1029   9.9817248475E-01
    1030   9.9965637082E-01
    1031   1.0012686587E+00
    1032   1.0028897293E+00
    1033   1.0043961776E+00
    1034   1.0057157292E+00
    1035   1.0068627208E+00
    1036   1.0079207803E+00
    1037   1.0089870391E+00
    1038   1.0101244085E+00
    1039   1.0113499636E+00
    1040   1.0126471755E+00
    1041   1.0139684884E+00
    1042   1.0152137358E+00
    1043   1.0162120485E+00
    1044   1.0167467719E+00
    1045   1.0166256584E+00
    1046   1.0157517688E+00
    1047   1.0141440932E+00
    1048   1.0118987905E+00
    1049   1.0091331704E+00
    1050   1.0059607437E+00
    1051   1.0025037413E+00
    1052   9.9890921113E-01
    1053   9.9533949497E-01
    1054   9.9194187773E-01
    1055   9.8882671742E-01
    1056   9.8607243363E-01
    1057   9.8374322867E-01
    1058   9.8189052490E-01
    1059   9.8053060965E-01
    1060   9.7961989921E-01
    1061   9.7905610992E-01
    1062   9.7871447477E-01
    1063   9.7849632519E-01
    1064   9.7835172104E-01
    1065   9.7821133613E-01
    1066   9.7830724942E-01
    1067   9.7852216179E-01
    1068   9.7889172074E-01
    1069   9.7951868038E-01
    1070   9.8048251989E-01
    1071   9.8183595250E-01
    1072   9.8357059842E-01
    1073   9.8561024621E-01
    1074   9.8783708706E-01
    1075   9.9012710720E-01
    1076   9.9236652736E-01
    1077   9.9444443256E-01
    1078   9.9624726222E-01
    1079   9.9767880051E-01
    1080   9.9869978405E-01
    1081   9.9935193770E-01
    1082   9.9973831557E-01
    1083   9.9996997434E-01
    1084   1.0001219346E+00
    1085   1.0002275834E+00
    1086   1.0003025369E+00
    1087   1.0003641528E+00
    1088   1.0004254145E+00
    1089   1.0004770852E+00
    1090   1.0004915767E+00
    1091   1.0004566868E+00
    1092   1.0004105978E+00
    1093   1.0004409330E+00
    1094   1.0006408515E+00
    1095   1.0010558785E+00
    1096   1.0016666812E+00
    1097   1.0024170185E+00
    1098   1.0032544513E+00
    1099   1.0041452553E+00
    1100   1.0050559944E+00
    1101   1.0059307939E+00
    1102   1.0066988092E+00
    1103   1.0073073938E+00
    1104   1.0077441346E+00
    1105   1.0080213661E+00
    1106   1.0081362539E+00
    1107   1.0080499198E+00
    1108   1.0077147602E+00
    1109   1.0071278321E+00
    1110   1.0063595682E+00
    1111   1.0055327939E+00
    1112   1.0047729811E+00
    1113   1.0041756830E+00
    1114   1.0038138904E+00
    1115   1.0037611427E+00
    1116   1.0040911165E+00
    1117   1.0048477238E+00
    1118   1.0060157619E+00
    1119   1.0075279281E+00
    1120   1.0093094203E+00
    1121   1.0113182964E+00
    1122   1.0135393518E+00
    1123   1.0159459826E+00
    1124   1.0185009387E+00
    1125   1.0208948225E+00
    1126   1.0230988856E+00
    1127   1.0250141680E+00
    1128   1.0265767935E+00
    1129   1.0277469777E+00
    1130   1.0284744218E+00
    1131   1.0287186870E+00
    1132   1.0284852130E+00
    1133   1.0278736310E+00
    1134   1.0268892835E+00
    1135   1.0253199565E+00
    1136   1.0233901616E+00
    1137   1.0208976771E+00
    1138   1.0178131717E+00
    1139   1.0142107998E+00
    1140   1.0102428670E+00
    1141   1.0061082632E+00
    1142   1.0020420895E+00
    1143   9.9832293521E-01
    1144   9.9526119260E-01
    1145   9.9314950353E-01
    1146   9.9219492559E-01
    1147   9.9247245888E-01
    1148   9.9391953959E-01
    1149   9.9636187166E-01
    1150   9.9954069987E-01
    1151   1.0031277198E+00
    1152   1.0067410149E+00
    1153   1.0099873649E+00
    1154   1.0125322265E+00
    1155   1.0141665187E+00
    1156   1.0148264002E+00
    1157   1.0145598260E+00
    1158   1.0134762149E+00
    1159   1.0117233778E+00
    1160   1.0094953439E+00
    1161   1.0070375595E+00
    1162   1.0046125250E+00
    1163   1.0024342469E+00
    1164   1.0006151656E+00
    1165   9.9916281484E-01
    1166   9.9802181140E-01
    1167   9.9712591894E-01
    1168   9.9642435978E-01
    1169   9.9588085182E-01
    1170   9.9546759736E-01
    1171   9.9517274047E-01
    1172   9.9501521753E-01
    1173   9.9504666721E-01
    1174   9.9532830684E-01
    1175   9.9589744378E-01
    1176   9.9674824359E-01
    1177   9.9783832655E-01
    1178   9.9910825107E-01
    1179   1.0004939582E+00
    1180   1.0019227579E+00
    1181   1.0033082770E+00
    1182   1.0045606721E+00
    1183   1.0056124672E+00
    1184   1.0064367250E+00
    1185   1.0070379348E+00
    1186   1.0074166584E+00
    1187   1.0075378952E+00
    1188   1.0073292322E+00
    1189   1.0067119315E+00
    1190   1.0056386904E+00
    1191   1.0041118031E+00
    1192   1.0021738736E+00
    1193   9.9988784591E-01
    1194   9.9732514200E-01
    1195   9.9456679410E-01
    1196   9.9170543711E-01
    1197   9.8883902509E-01
    1198   9.8605726872E-01
    1199   9.8343146299E-01
    1200   9.8101563339E-01
    1201   9.7885460109E-01
    1202   9.7698710605E-01
    1203   9.7544012234E-01
    1204   9.7421822477E-01
    1205   9.7329976188E-01
    1206   9.7264759960E-01
    1207   9.7213659373E-01
    1208   9.7191221355E-01
    1209   9.7204786860E-01
    1210   9.7232353664E-01
    1211   9.7287854426E-01
    1212   9.7374694167E-01
    1213   9.7495956908E-01
    1214   9.7653763000E-01
    1215   9.7848277896E-01
    1216   9.8076346579E-01
    1217   9.8330623149E-01
    1218   9.8598600683E-01
    1219   9.8868809093E-01
    1220   9.9127164761E-01
    1221   9.9356995682E-01
    1222   9.9553914230E-01
    1223   9.9715426935E-01
    1224   9.9843162466E-01
    1225   9.9941795040E-01
    1226   1.0001825594E+00
    1227   1.0008104872E+00
    1228   1.0013884034E+00
    1229   1.0019862430E+00
    1230   1.0026416831E+00
    1231   1.0033546781E+00
    1232   1.0040948649E+00
    1233   1.0048130789E+00
    1234   1.0054427800E+00
    1235   1.0058967954E+00
    1236   1.0060719578E+00
    1237   1.0058487427E+00
    1238   1.0051840013E+00
    1239   1.0040911670E+00
    1240   1.0026629131E+00
    1241   1.0010405503E+00
    1242   9.9937152599E-01
    1243   9.9777557435E-01
    1244   9.9632742146E-01
    1245   9.9505086253E-01
    1246   9.9391308181E-01
    1247   9.9282405322E-01
    1248   9.9171045631E-01
    1249   9.9048858916E-01
    1250   9.8916240559E-01
    1251   9.8781931656E-01
    1252   9.8658677229E-01
    1253   9.8558122796E-01
    1254   9.8487609406E-01
    1255   9.8450417407E-01
    1256   9.8447892415E-01
    1257   9.8480722580E-01
    1258   9.8547799152E-01
    1259   9.8644631153E-01
    1260   9.8764036128E-01
    1261   9.8899502907E-01
    1262   9.9048586899E-01
    1263   9.9213036441E-01
    1264   9.9394690457E-01
    1265   9.9590463475E-01
    1266   9.9790726755E-01
    1267   9.9982292188E-01
    1268   1.0015277279E+00
    1269   1.0029228378E+00
    1270   1.0039161037E+00
    1271   1.0044061199E+00
    1272   1.0043096582E+00
    1273   1.0036249317E+00
    1274   1.0024751104E+00
    1275   1.0010867829E+00
    1276   9.9971216606E-01
    1277   9.9855566303E-01
    1278   9.9775553695E-01
    1279   9.9741241719E-01
    1280   9.9761120275E-01
    1281   9.9839806250E-01
    1282   9.9972651147E-01
    1283   1.0014282333E+00
    1284   1.0032483441E+00
    1285   1.0049248199E+00
    1286   1.0062489241E+00
    1287   1.0070684397E+00
    1288   1.0072574793E+00
    1289   1.0067116512E+00
    1290   1.0053947110E+00
    1291   1.0033925941E+00
    1292   1.0009067130E+00
    1293   9.9817628309E-01
    1294   9.9539030572E-01
    1295   9.9266217929E-01
    1296   9.9007987495E-01
    1297   9.8776828785E-01
    1298   9.8589183787E-01
    1299   9.8458989475E-01
    1300   9.8390449059E-01
    1301   9.8376708108E-01
    1302   9.8402398643E-01
    1303   9.8466755734E-01
    1304   9.8560637029E-01
    1305   9.8675195894E-01
    1306   9.8802735319E-01
    1307   9.8927863968E-01
    1308   9.9037308425E-01
    1309   9.9127433282E-01
    1310   9.9204834534E-01
    1311   9.9279306571E-01
    1312   9.9355923809E-01
    1313   9.9433602035E-01
    1314   9.9510759909E-01
    1315   9.9591449519E-01
    1316   9.9685148384E-01
    1317   9.9800322865E-01
    1318   9.9938716463E-01
    1319   1.0009660466E+00
    1320   1.0027172884E+00
    1321   1.0046811872E+00
    1322   1.0069256665E+00
    1323   1.0094487573E+00
    1324   1.0121094086E+00
    1325   1.0146557129E+00
    1326   1.0168265455E+00
    1327   1.0184323202E+00
    1328   1.0193479456E+00
    1329   1.0194890420E+00
    1330   1.0186073420E+00
    1331   1.0165917506E+00
    1332   1.0135745125E+00
    1333   1.0097211614E+00
    1334   1.0053619335E+00
    1335   1.0008328509E+00
    1336   9.9641324650E-01
    1337   9.9234016946E-01
    1338   9.8884846579E-01
    1339   9.8616475995E-01
    1340   9.8444111396E-01
    1341   9.8364525523E-01
    1342   9.8373908184E-01
    1343   9.8440310946E-01
    1344   9.8534877818E-01
    1345   9.8637995069E-01
    1346   9.8730851869E-01
    1347   9.8795017158E-01
    1348   9.8813675984E-01
    1349   9.8777770001E-01
    1350   9.8691992844E-01
    1351   9.8574686418E-01
    1352   9.8451034425E-01
    1353   9.8344839344E-01
    1354   9.8274839438E-01
    1355   9.8256715873E-01
    1356   9.8304436742E-01
    1357   9.8436931167E-01
    1358   9.8668567673E-01
    1359   9.8984019648E-01
    1360   9.9367949615E-01
    1361   9.9788565964E-01
    1362   1.0020841817E+00
    1363   1.0059033053E+00
    1364   1.0090071165E+00
    1365   1.0111227485E+00
    1366   1.0120938231E+00
    1367   1.0119115575E+00
    1368   1.0107163429E+00
    1369   1.0089103094E+00
    1370   1.0068506641E+00
    1371   1.0048655487E+00
    1372   1.0031780804E+00
    1373   1.0018880289E+00
    1374   1.0009742055E+00
    1375   1.0003015474E+00
    1376   9.9964248216E-01
    1377   9.9873058150E-01
    1378   9.9734326559E-01
    1379   9.9538193550E-01
    1380   9.9290913403E-01
    1381   9.9012611777E-01
    1382   9.8730400272E-01
    1383   9.8469376674E-01
    1384   9.8266874507E-01
    1385   9.8132861545E-01
    1386   9.8078058906E-01
    1387   9.8103696211E-01
    1388   9.8199951852E-01
    1389   9.8348241862E-01
    1390   9.8524921466E-01
    1391   9.8706105106E-01
    1392   9.8872158499E-01
    1393   9.9010544737E-01
    1394   9.9116746122E-01
    1395   9.9193383423E-01
    1396   9.9248030237E-01
    1397   9.9290320178E-01
    1398   9.9329434688E-01
    1399   9.9372737911E-01
    1400   9.9425748154E-01
    1401   9.9492634673E-01
    1402   9.9576446853E-01
    1403   9.9678960102E-01
    1404   9.9801164565E-01
    1405   9.9944871494E-01
    1406   1.0011454222E+00
    1407   1.0031713372E+00
    1408   1.0055863044E+00
    1409   1.0083828617E+00
    1410   1.0114427559E+00
    1411   1.0145387547E+00
    1412   1.0173851997E+00
    1413   1.0197079203E+00
    1414   1.0212990238E+00
    1415   1.0220453351E+00
    1416   1.0219456888E+00
    1417   1.0211256583E+00
    1418   1.0198343258E+00
    1419   1.0183997615E+00
    1420   1.0171648740E+00
    1421   1.0163426205E+00
    1422   1.0159759878E+00
    1423   1.0161625539E+00
    1424   1.0167906174E+00
    1425   1.0177566408E+00
    1426   1.0189241397E+00
    1427   1.0201183782E+00
    1428   1.0211521201E+00
    1429   1.0218755966E+00
    1430   1.0222122105E+00
    1431   1.0221481842E+00
    1432   1.0217418418E+00
    1433   1.0207765631E+00
    1434   1.0193497429E+00
    1435   1.0175041856E+00
    1436   1.0153032057E+00
    1437   1.0129075991E+00
    1438   1.0104809173E+00
    1439   1.0081434405E+00
    1440   1.0059673574E+00
    1441   1.0039950379E+00
    1442   1.0022418288E+00
    1443   1.0006680029E+00
    1444   9.9915065267E-01
    1445   9.9749587471E-01
    1446   9.9549899669E-01
    1447   9.9301813687E-01
    1448   9.9001563839E-01
    1449   9.8655322855E-01
    1450   9.8277211874E-01
    1451   9.7888838228E-01
    1452   9.7519808091E-01
    1453   9.7193410002E-01
    1454   9.6984195305E-01
    1455   9.6909249434E-01
    1456   9.6973698858E-01
    1457   9.7181246943E-01
    1458   9.7513688254E-01
    1459   9.7943340502E-01
    1460   9.8437782129E-01
    1461   9.8962047484E-01
    1462   9.9480249538E-01
    1463   9.9959574464E-01
    1464   1.0037685157E+00
    1465   1.0072350962E+00
    1466   1.0100422638E+00
    1467   1.0122940360E+00
    1468   1.0140681914E+00
    1469   1.0153826169E+00
    1470   1.0162223643E+00
    1471   1.0165851370E+00
    1472   1.0164996075E+00
    1473   1.0160130395E+00
    1474   1.0151828360E+00
    1475   1.0140932374E+00
    1476   1.0128783177E+00
    1477   1.0117114944E+00
    1478   1.0107523430E+00
    1479   1.0100880913E+00
    1480   1.0096518952E+00
    1481   1.0093960496E+00
    1482   1.0092140960E+00
    1483   1.0090224901E+00
    1484   1.0087448496E+00
    1485   1.0082852182E+00
    1486   1.0075417850E+00
    1487   1.0064542239E+00
    1488   1.0050415621E+00
    1489   1.0033919496E+00
    1490   1.0016122003E+00
    1491   9.9978363813E-01
    1492   9.9796376571E-01
    1493   9.9622180387E-01
    1494   9.9466356869E-01
    1495   9.9341483925E-01
    1496   9.9257704077E-01
    1497   9.9219632969E-01
    1498   9.9227232030E-01
    1499   9.9278935023E-01
    1500   9.9373016113E-01
    1501   9.9505399307E-01
    1502   9.9666147108E-01
    1503   9.9838920902E-01
    1504   1.0000515969E+00
    1505   1.0014988081E+00
    1506   1.0026395648E+00
    1507   1.0034135685E+00
    1508   1.0037501213E+00
    1509   1.0035670142E+00
    1510   1.0028232056E+00
    1511   1.0015814592E+00
    1512   1.0000222370E+00
    1513   9.9839579254E-01
    1514   9.9695216573E-01
    1515   9.9589886553E-01
    1516   9.9539706377E-01
    1517   9.9556478954E-01
    1518   9.9645432034E-01
    1519   9.9801199396E-01
    1520   1.0000623220E+00
    1521   1.0023500274E+00
    1522   1.0046241695E+00
    1523   1.0067070973E+00
    1524   1.0085000934E+00
    1525   1.0099388147E+00
    1526   1.0109559054E+00
    1527   1.0114947421E+00
    1528   1.0115568261E+00
    1529   1.0112261348E+00
    1530   1.0106342193E+00
    1531   1.0098946001E+00
    1532   1.0090662754E+00
    1533   1.0081760295E+00
    1534   1.0072673309E+00
    1535   1.0064202401E+00
    1536   1.0057172711E+00
    1537   1.0051915455E+00
    1538   1.0048096894E+00
    1539   1.0045052798E+00
    1540   1.0042253503E+00
    1541   1.0039438790E+00
    1542   1.0036316640E+00
    1543   1.0032252002E+00
    1544   1.0026383553E+00
    1545   1.0018160670E+00
    1546   1.0007812317E+00
    1547   9.9963191557E-01
    1548   9.9848874404E-01
    1549   9.9744183779E-01
    1550   9.9653845767E-01
    1551   9.9580689775E-01
    1552   9.9527533456E-01
    1553   9.9495825014E-01
    1554   9.9482248168E-01
    1555   9.9477840010E-01
    1556   9.9472069542E-01
    1557   9.9459420088E-01
    1558   9.9443044113E-01
    1559   9.9432508376E-01
    1560   9.9437391677E-01
    1561   9.9462109612E-01
    1562   9.9505316850E-01
    1563   9.9562578997E-01
    1564   9.9628216922E-01
    1565   9.9694227190E-01
    1566   9.9748013585E-01
    1567   9.9773054263E-01
    1568   9.9754001968E-01
    1569   9.9683202182E-01
    1570   9.9563647623E-01
    1571   9.9406376416E-01
    1572   9.9224699781E-01
    1573   9.9029806378E-01
    1574   9.8829873371E-01
    1575   9.8631243748E-01
    1576   9.8438948514E-01
    1577   9.8254135914E-01
    1578   9.8074286562E-01
    1579   9.7915558518E-01
    1580   9.7765177389E-01
    1581   9.7635572493E-01
    1582   9.7540351241E-01
    1583   9.7492018535E-01
    1584   9.7498321491E-01
    1585   9.7560832694E-01
    1586   9.7676601434E-01
    1587   9.7838080326E-01
    1588   9.8041022714E-01
    1589   9.8287747084E-01
    1590   9.8549897190E-01
    1591   9.8825571277E-01
    1592   9.9110864831E-01
    1593   9.9407448068E-01
    1594   9.9720453907E-01
    1595   1.0005313497E+00
    1596   1.0040301035E+00
    1597   1.0076206619E+00
    1598   1.0112042193E+00
    1599   1.0146931741E+00
    1600   1.0180102857E+00
    1601   1.0211391811E+00
    1602   1.0237657659E+00
    1603   1.0258028181E+00
    1604   1.0272003749E+00
    1605   1.0278592921E+00
    1606   1.0277706725E+00
    1607   1.0269631719E+00
    1608   1.0255065946E+00
    1609   1.0235497132E+00
    1610   1.0213383995E+00
    1611   1.0189779172E+00
    1612   1.0169601596E+00
    1613   1.0154528910E+00
    1614   1.0145819219E+00
    1615   1.0144024564E+00
    1616   1.0148831315E+00
    1617   1.0158927744E+00
    1618   1.0171897413E+00
    1619   1.0184431078E+00
    1620   1.0192977971E+00
    1621   1.0194618181E+00
    1622   1.0187724332E+00
    1623   1.0172175068E+00
    1624   1.0149207968E+00
    1625   1.0121227949E+00
    1626   1.0091174457E+00
    1627   1.0062641646E+00
    1628   1.0039278670E+00
    1629   1.0023403780E+00
    1630   1.0016358110E+00
    1631   1.0018322024E+00
    1632   1.0028640394E+00
    1633   1.0046194722E+00
    1634   1.0069575389E+00
    1635   1.0097060505E+00
    1636   1.0126603901E+00
    1637   1.0156000081E+00
    1638   1.0183175350E+00
    1639   1.0206420216E+00
    1640   1.0224416797E+00
    1641   1.0236153276E+00
    1642   1.0240936277E+00
    1643   1.0238596684E+00
    1644   1.0229767712E+00
    1645   1.0216461019E+00
    1646   1.0198903340E+00
    1647   1.0180910065E+00
    1648   1.0164804179E+00
    1649   1.0152225587E+00
    1650   1.0144742617E+00
    1651   1.0143290560E+00
    1652   1.0147906084E+00
    1653   1.0157573158E+00
    1654   1.0170319024E+00
    1655   1.0183561757E+00
    1656   1.0194587998E+00
    1657   1.0201026213E+00
    1658   1.0201236131E+00
    1659   1.0194645265E+00
    1660   1.0181783877E+00
    1661   1.0162457533E+00
    1662   1.0139764126E+00
    1663   1.0114824965E+00
    1664   1.0088833501E+00
    1665   1.0062927676E+00
    1666   1.0038244583E+00
    1667   1.0016001707E+00
    1668   9.9974301886E-01
    1669   9.9836248074E-01
    1670   9.9754063964E-01
    1671   9.9732090963E-01
    1672   9.9769516244E-01
    1673   9.9858954990E-01
    1674   9.9985963973E-01
    1675   1.0013097456E+00
    1676   1.0027402941E+00
    1677   1.0040036989E+00
    1678   1.0050404609E+00
    1679   1.0058782580E+00
    1680   1.0066025083E+00
    1681   1.0073218213E+00
    1682   1.0081440401E+00
    1683   1.0091566034E+00
    1684   1.0104002661E+00
    1685   1.0118383163E+00
    1686   1.0133438877E+00
    1687   1.0147275140E+00
    1688   1.0158007222E+00
    1689   1.0164394113E+00
    1690   1.0166080181E+00
    1691   1.0163668501E+00
    1692   1.0156971196E+00
    1693   1.0146659037E+00
    1694   1.0133932576E+00
    1695   1.0119230364E+00
    1696   1.0103387495E+00
    1697   1.0087079743E+00
    1698   1.0070708338E+00
    1699   1.0054579359E+00
    1700   1.0039244736E+00
    1701   1.0025663257E+00
    1702   1.0014981104E+00
    1703   1.0008069846E+00
    1704   1.0005199585E+00
    1705   1.0006068107E+00
    1706   1.0010085256E+00
    1707   1.0016595600E+00
    1708   1.0024844977E+00
    1709   1.0033802079E+00
    1710   1.0042159505E+00
    1711   1.0048657194E+00
    1712   1.0052555682E+00
    1713   1.0053881873E+00
    1714   1.0053249505E+00
    1715   1.0051421338E+00
    1716   1.0049005844E+00
    1717   1.0046465855E+00
    1718   1.0044293284E+00
    1719   1.0043009906E+00
    1720   1.0042853918E+00
    1721   1.0043368889E+00
    1722   1.0043292218E+00
    1723   1.0040899796E+00
    1724   1.0034618166E+00
    1725   1.0023490812E+00
    1726   1.0007256921E+00
    1727   9.9861633844E-01
    1728   9.9608337804E-01
    1729   9.9323310042E-01
    1730   9.9022767412E-01
    1731   9.8727498062E-01
    1732   9.8458829358E-01
    1733   9.8233812543E-01
    1734   9.8062961149E-01
    1735   9.7951546242E-01
    1736   9.7902929243E-01
    1737   9.7920914049E-01
    1738   9.8008567781E-01
    1739   9.8164733483E-01
    1740   9.8400585256E-01
    1741   9.8691458974E-01
    1742   9.9028828615E-01
    1743   9.9400134995E-01
    1744   9.9789546943E-01
    1745   1.0017892543E+00
    1746   1.0054844185E+00
    1747   1.0087936000E+00
    1748   1.0115790157E+00
    1749   1.0137760396E+00
    1750   1.0154168545E+00
    1751   1.0164148147E+00
    1752   1.0168178894E+00
    1753   1.0166589388E+00
    1754   1.0159498673E+00
    1755   1.0147767849E+00
    1756   1.0132669922E+00
    1757   1.0115451748E+00
    1758   1.0096943191E+00
    1759   1.0077507596E+00
    1760   1.0057330097E+00
    1761   1.0036763767E+00
    1762   1.0016428676E+00
    1763   9.9970512860E-01
    1764   9.9792746671E-01
    1765   9.9636494802E-01
    1766   9.9507977213E-01
    1767   9.9415457421E-01
    1768   9.9368041440E-01
    1769   9.9372368240E-01
    1770   9.9429570238E-01
    1771   9.9534673231E-01
    1772   9.9678550098E-01
    1773   9.9850479127E-01
    1774   1.0003884753E+00
    1775   1.0022999193E+00
    1776   1.0040747164E+00
    1777   1.0055407818E+00
    1778   1.0065635047E+00
    1779   1.0070864353E+00
    1780   1.0071326379E+00
    1781   1.0067668215E+00
    1782   1.0060535296E+00
    1783   1.0050470773E+00
    1784   1.0038153850E+00
    1785   1.0024652644E+00
    1786   1.0011307529E+00
    1787   9.9992544247E-01
    1788   9.9889712956E-01
    1789   9.9802141054E-01
    1790   9.9723745306E-01
    1791   9.9649232539E-01
    1792   9.9575288025E-01
    1793   9.9498248945E-01
    1794   9.9411715645E-01
    1795   9.9307613583E-01
    1796   9.9180819620E-01
    1797   9.9033604279E-01
    1798   9.8875517708E-01
    1799   9.8718506125E-01
    1800   9.8571265233E-01
    1801   9.8437187096E-01
    1802   9.8316792180E-01
    1803   9.8211250619E-01
    1804   9.8118103078E-01
    1805   9.8055127526E-01
    1806   9.8011088628E-01
    1807   9.7976732413E-01
    1808   9.7946855445E-01
    1809   9.7916809541E-01
    1810   9.7886718244E-01
    1811   9.7859044080E-01
    1812   9.7835058337E-01
    1813   9.7814016412E-01
    1814   9.7795553614E-01
    1815   9.7776104908E-01
    1816   9.7784355352E-01
    1817   9.7816049068E-01
    1818   9.7870523618E-01
    1819   9.7947890620E-01
    1820   9.8040073379E-01
    1821   9.8139343842E-01
    1822   9.8240409421E-01
    1823   9.8338587273E-01
    1824   9.8426833399E-01
    1825   9.8495831408E-01
    1826   9.8538176260E-01
    1827   9.8553521147E-01
    1828   9.8550170051E-01
    1829   9.8541403919E-01
    1830   9.8537292067E-01
    1831   9.8557292663E-01
    1832   9.8603074813E-01
    1833   9.8681523041E-01
    1834   9.8800147572E-01
    1835   9.8958036793E-01
    1836   9.9142649973E-01
    1837   9.9330264200E-01
    1838   9.9492546762E-01
    1839   9.9605252950E-01
    1840   9.9653411085E-01
    1841   9.9630936716E-01
    1842   9.9537871337E-01
    1843   9.9379843066E-01
    1844   9.9170368920E-01
    1845   9.8932148211E-01
    1846   9.8693458508E-01
    1847   9.8480338545E-01
    1848   9.8309553208E-01
    1849   9.8186814680E-01
    1850   9.8110106504E-01
    1851   9.8074014617E-01
    1852   9.8067190502E-01
    1853   9.8084296062E-01
    1854   9.8112261107E-01
    1855   9.8117898383E-01
    1856   9.8089221929E-01
    1857   9.8017558314E-01
    1858   9.7903518036E-01
    1859   9.7753020957E-01
    1860   9.7573113606E-01
    1861   9.7371531121E-01
    1862   9.7159607384E-01
    1863   9.6951366758E-01
    1864   9.6754202767E-01
    1865   9.6636511528E-01
    1866   9.6563008032E-01
    1867   9.6540121228E-01
    1868   9.6566476435E-01
    1869   9.6636279816E-01
    1870   9.6740589730E-01
    1871   9.6865653449E-01
    1872   9.7039784525E-01
    1873   9.7199444579E-01
    1874   9.7341678246E-01
    1875   9.7460624161E-01
    1876   9.7555375898E-01
    1877   9.7629224220E-01
    1878   9.7685533938E-01
    1879   9.7727453665E-01
    1880   9.7761708518E-01
    1881   9.7795906775E-01
    1882   9.7864750336E-01
    1883   9.7981863320E-01
    1884   9.8145097371E-01
    1885   9.8353939478E-01
    1886   9.8591253994E-01
    1887   9.8834437239E-01
    1888   9.9059413957E-01
    1889   9.9241566478E-01
    1890   9.9356470395E-01
    1891   9.9384058508E-01
    1892   9.9315815453E-01
    1893   9.9160163649E-01
    1894   9.8941237987E-01
    1895   9.8691077595E-01
    1896   9.8440546511E-01
    1897   9.8214277664E-01
    1898   9.8030241534E-01
    1899   9.7897221298E-01
    1900   9.7822665484E-01
    1901   9.7818115990E-01
    1902   9.7849253204E-01
    1903   9.7903619140E-01
    1904   9.7964140800E-01
    1905   9.8021426697E-01
    1906   9.8075773363E-01
    1907   9.8133742963E-01
    1908   9.8203567752E-01
    1909   9.8293182371E-01
    1910   9.8411134185E-01
    1911   9.8567463051E-01
    1912   9.8771501872E-01
    1913   9.9026736088E-01
    1914   9.9326565485E-01
    1915   9.9654669198E-01
    1916   9.9989913877E-01
    1917   1.0031202904E+00
    1918   1.0060368768E+00
    1919   1.0084869156E+00
    1920   1.0103014087E+00
    1921   1.0113232643E+00
    1922   1.0114566649E+00
    1923   1.0107062262E+00
    1924   1.0091721369E+00
    1925   1.0070103202E+00
    1926   1.0043952890E+00
    1927   1.0015088794E+00
    1928   9.9854040995E-01
    1929   9.9567120261E-01
    1930   9.9303701238E-01
    1931   9.9069197967E-01
    1932   9.8860636407E-01
    1933   9.8670522439E-01
    1934   9.8492198510E-01
    1935   9.8322978005E-01
    1936   9.8159783920E-01
    1937   9.8024653250E-01
    1938   9.7914734415E-01
    1939   9.7839076840E-01
    1940   9.7811117292E-01
    1941   9.7842446458E-01
    1942   9.7941574879E-01
    1943   9.8110982174E-01
    1944   9.8346150541E-01
    1945   9.8636951321E-01
    1946   9.8969814614E-01
    1947   9.9329226191E-01
    1948   9.9698155033E-01
    1949   1.0005889067E+00
    1950   1.0039530961E+00
    1951   1.0069575100E+00
    1952   1.0095396301E+00
    1953   1.0116698063E+00
    1954   1.0133128089E+00
    1955   1.0144042984E+00
    1956   1.0148582528E+00
    1957   1.0145932731E+00
    1958   1.0135525439E+00
    1959   1.0117115213E+00
    1960   1.0090899864E+00
    1961   1.0057838374E+00
    1962   1.0020041721E+00
    1963   9.9808748028E-01
    1964   9.9445184765E-01
    1965   9.9151438663E-01
    1966   9.8961070222E-01
    1967   9.8894871394E-01
    1968   9.8959648936E-01
    1969   9.9148146712E-01
    1970   9.9438491348E-01
    1971   9.9794296644E-01
    1972   1.0016814126E+00
    1973   1.0050981509E+00
    1974   1.0077697427E+00
    1975   1.0094311861E+00
    1976   1.0099929257E+00
    1977   1.0095072762E+00
    1978   1.0081277296E+00
    1979   1.0060895059E+00
    1980   1.0036985285E+00
    1981   1.0012970285E+00
    1982   9.9919834066E-01
    1983   9.9762385473E-01
    1984   9.9668286808E-01
    1985   9.9640176707E-01
    1986   9.9676790410E-01
    1987   9.9774437838E-01
    1988   9.9924523794E-01
    1989   1.0011040513E+00
    1990   1.0030808100E+00
    1991   1.0049173120E+00
    1992   1.0064049744E+00
    1993   1.0074154197E+00
    1994   1.0078819268E+00
    1995   1.0077678667E+00
    1996   1.0070682941E+00
    1997   1.0058452190E+00
    1998   1.0042501505E+00
    1999   1.0024888910E+00
    2000   1.0007392526E+00
    2001   9.9908039058E-01
    2002   9.9748898037E-01
    2003   9.9589825505E-01
    2004   9.9426546241E-01
    2005   9.9259542782E-01
    2006   9.9091894358E-01
    2007   9.8926727678E-01
    2008   9.8768193156E-01
    2009   9.8624936411E-01
    2010   9.8511449988E-01
    2011   9.8444034000E-01
    2012   9.8433220377E-01
    2013   9.8478139860E-01
    2014   9.8567324156E-01
    2015   9.8685111349E-01
    2016   9.8818391652E-01
    2017   9.8958688301E-01
    2018   9.9099287753E-01
    2019   9.9231887797E-01
    2020   9.9347413567E-01
    2021   9.9440585147E-01
    2022   9.9514675477E-01
    2023   9.9579162522E-01
    2024   9.9642835418E-01
    2025   9.9710778622E-01
    2026   9.9782890963E-01
    2027   9.9859322511E-01
    2028   9.9944651118E-01
    2029   1.0004654964E+00
    2030   1.0016967624E+00
    2031   1.0031025372E+00
    2032   1.0045626045E+00
    2033   1.0059304479E+00
    2034   1.0070894488E+00
    2035   1.0079282446E+00
    2036   1.0083905273E+00
    2037   1.0083918050E+00
    2038   1.0078767256E+00
    2039   1.0068800167E+00
    2040   1.0055574759E+00
    2041   1.0041535707E+00
    2042   1.0029247186E+00
    2043   1.0020726836E+00
    2044   1.0017241925E+00
    2045   1.0019439642E+00
    2046   1.0027394680E+00
    2047   1.0040367737E+00
    2048   1.0056499052E+00
    2049   1.0072870952E+00
    2050   1.0086140740E+00
    2051   1.0093462117E+00
    2052   1.0093137851E+00
    2053   1.0084692743E+00
    2054   1.0068549301E+00
    2055   1.0045732236E+00
    2056   1.0017824021E+00
    2057   9.9870063289E-01
    2058   9.9558646151E-01
    2059   9.9268869766E-01
    2060   9.9019335097E-01
    2061   9.8820133895E-01
    2062   9.8674654873E-01
    2063   9.8583316189E-01
    2064   9.8546029834E-01
    2065   9.8562034695E-01
    2066   9.8628309302E-01
    2067   9.8738684450E-01
    2068   9.8884241885E-01
    2069   9.9056311130E-01
    2070   9.9248289605E-01
    2071   9.9445845013E-01
    2072   9.9639089975E-01
    2073   9.9814867042E-01
    2074   9.9960652966E-01
    2075   1.0006793007E+00
    2076   1.0013433044E+00
    2077   1.0016358232E+00
    2078   1.0016374011E+00
    2079   1.0014488111E+00
    2080   1.0011697610E+00
    2081   1.0008798933E+00
    2082   1.0006226771E+00
    2083   1.0003961351E+00
    2084   1.0001576324E+00
    2085   9.9984473428E-01
    2086   9.9940461730E-01
    2087   9.9881880562E-01
    2088   9.9811365243E-01
    2089   9.9735295896E-01
    2090   9.9661770356E-01
    2091   9.9598189272E-01
    2092   9.9549380591E-01
    2093   9.9516970110E-01
    2094   9.9500391735E-01
    2095   9.9498913595E-01
    2096   9.9513488904E-01
    2097   9.9547258146E-01
    2098   9.9604354120E-01
    2099   9.9687716901E-01
    2100   9.9797346784E-01
    2101   9.9929626564E-01
    2102   1.0007755766E+00
    2103   1.0023130928E+00
    2104   1.0037886824E+00
    2105   1.0050719593E+00
    2106   1.0060451830E+00
    2107   1.0066315025E+00
    2108   1.0068133835E+00
    2109   1.0066287661E+00
    2110   1.0061476902E+00
    2111   1.0054457097E+00
    2112   1.0045920270E+00
    2113   1.0036519367E+00
    2114   1.0026883821E+00
    2115   1.0017514396E+00
    2116   1.0008619345E+00
    2117   1.0000065239E+00
    2118   9.9915758985E-01
    2119   9.9830648937E-01
    2120   9.9748300807E-01
    2121   9.9674332414E-01
    2122   9.9613574718E-01
    2123   9.9567135937E-01
    2124   9.9532334955E-01
    2125   9.9505110842E-01
    2126   9.9482370597E-01
    2127   9.9462241986E-01
    2128   9.9442792799E-01
    2129   9.9421338516E-01
    2130   9.9396067213E-01
    2131   9.9368950517E-01
    2132   9.9346927868E-01
    2133   9.9339499731E-01
    2134   9.9354129490E-01
    2135   9.9392676723E-01
    2136   9.9451606615E-01
    2137   9.9525476225E-01
    2138   9.9610608717E-01
    2139   9.9706220036E-01
    2140   9.9813093885E-01
    2141   9.9931763178E-01
    2142   1.0006219757E+00
    2143   1.0020451759E+00
    2144   1.0035851311E+00
    2145   1.0052076059E+00
    2146   1.0068113732E+00
    2147   1.0082193026E+00
    2148   1.0092157457E+00
    2149   1.0096142651E+00
    2150   1.0093140371E+00
    2151   1.0083150618E+00
    2152   1.0066985240E+00
    2153   1.0045995531E+00
    2154   1.0021919989E+00
    2155   9.9967942077E-01
    2156   9.9727176485E-01
    2157   9.9514477729E-01
    2158   9.9340634012E-01
    2159   9.9209539590E-01
    2160   9.9121630490E-01
    2161   9.9078371747E-01
    2162   9.9084164692E-01
    2163   9.9144241829E-01
    2164   9.9260479136E-01
    2165   9.9428166503E-01
    2166   9.9635527907E-01
    2167   9.9865430551E-01
    2168   1.0009723512E+00
    2169   1.0030785708E+00
    2170   1.0047352205E+00
    2171   1.0057393223E+00
    2172   1.0059846797E+00
    2173   1.0055138010E+00
    2174   1.0045211599E+00
    2175   1.0032980248E+00
    2176   1.0021505891E+00
    2177   1.0013334263E+00
    2178   1.0010174848E+00
    2179   1.0012836888E+00
    2180   1.0021200907E+00
    2181   1.0034166468E+00
    2182   1.0049752701E+00
    2183   1.0065521386E+00
    2184   1.0079245575E+00
    2185   1.0089521329E+00
    2186   1.0095972997E+00
    2187   1.0098989315E+00
    2188   1.0099319786E+00
    2189   1.0097754193E+00
    2190   1.0094631922E+00
    2191   1.0091096782E+00
    2192   1.0087569322E+00
    2193   1.0084154230E+00
    2194   1.0080479088E+00
    2195   1.0075949138E+00
    2196   1.0070257292E+00
    2197   1.0063790358E+00
    2198   1.0057624779E+00
    2199   1.0053132575E+00
    2200   1.0051513677E+00
    2201   1.0053548124E+00
    2202   1.0059579343E+00
    2203   1.0069547951E+00
    2204   1.0082898322E+00
    2205   1.0098418283E+00
    2206   1.0114277789E+00
    2207   1.0128432333E+00
    2208   1.0139234769E+00
    2209   1.0145899768E+00
    2210   1.0148535604E+00
    2211   1.0147785869E+00
    2212   1.0144414214E+00
    2213   1.0139341674E+00
    2214   1.0132507299E+00
    2215   1.0124655105E+00
    2216   1.0116201742E+00
    2217   1.0106622751E+00
    2218   1.0095195388E+00
    2219   1.0081201028E+00
    2220   1.0064410272E+00
    2221   1.0045309528E+00
    2222   1.0024927946E+00
    2223   1.0004433477E+00
    2224   9.9848328471E-01
    2225   9.9669438558E-01
    2226   9.9515023902E-01
    2227   9.9391681389E-01
    2228   9.9303504441E-01
    2229   9.9250083472E-01
    2230   9.9226772323E-01
    2231   9.9227983273E-01
    2232   9.9251228114E-01
    2233   9.9298675176E-01
    2234   9.9374852695E-01
    2235   9.9482169208E-01
    2236   9.9617718968E-01
    2237   9.9773545828E-01
    2238   9.9939294671E-01
    2239   1.0010448919E+00
    2240   1.0025885267E+00
    2241   1.0039182454E+00
    2242   1.0049372030E+00
    2243   1.0055938797E+00
    2244   1.0059184421E+00
    2245   1.0060240314E+00
    2246   1.0060635947E+00
    2247   1.0061702722E+00
    2248   1.0064216460E+00
    2249   1.0068474512E+00
    2250   1.0074597348E+00
    2251   1.0082708684E+00
    2252   1.0092860381E+00
    2253   1.0104893318E+00
    2254   1.0118501268E+00
    2255   1.0133542424E+00
    2256   1.0150278353E+00
    2257   1.0169192219E+00
    2258   1.0190397723E+00
    2259   1.0213070672E+00
    2260   1.0235383707E+00
    2261   1.0255227296E+00
    2262   1.0271675017E+00
    2263   1.0280351806E+00
    2264   1.0284035771E+00
    2265   1.0283253184E+00
    2266   1.0279196995E+00
    2267   1.0274159314E+00
    2268   1.0271017417E+00
    2269   1.0272533418E+00
    2270   1.0280799402E+00
    2271   1.0296293380E+00
    2272   1.0313865333E+00
    2273   1.0334436140E+00
    2274   1.0354242579E+00
    2275   1.0370570238E+00
    2276   1.0381103847E+00
    2277   1.0384192674E+00
    2278   1.0379967492E+00
    2279   1.0362214249E+00
    2280   1.0338239794E+00
    2281   1.0309003064E+00
    2282   1.0276015465E+00
    2283   1.0241125457E+00
    2284   1.0206178609E+00
    2285   1.0173284908E+00
    2286   1.0144663002E+00
    2287   1.0122203986E+00
    2288   1.0106128139E+00
    2289   1.0096384197E+00
    2290   1.0092004843E+00
    2291   1.0091798211E+00
    2292   1.0094866087E+00
    2293   1.0100281819E+00
    2294   1.0106907501E+00
    2295   1.0113554854E+00
    2296   1.0119443683E+00
    2297   1.0124497128E+00
    2298   1.0129100754E+00
    2299   1.0133462101E+00
    2300   1.0137126201E+00
    2301   1.0139051927E+00
    2302   1.0138173868E+00
    2303   1.0133912394E+00
    2304   1.0126213162E+00
    2305   1.0115209265E+00
    2306   1.0100993661E+00
    2307   1.0083794997E+00
    2308   1.0064396956E+00
    2309   1.0044296567E+00
    2310   1.0025347029E+00
    2311   1.0009126911E+00
    2312   9.9965692863E-01
    2313   9.9880860950E-01
    2314   9.9839758657E-01
    2315   9.9846355460E-01
    2316   9.9903538105E-01
    2317   1.0000902978E+00
    2318   1.0015396868E+00
    2319   1.0032600638E+00
    2320   1.0051462687E+00
    2321   1.0071481138E+00
    2322   1.0092345137E+00
    2323   1.0113403345E+00
    2324   1.0134276146E+00
    2325   1.0154294448E+00
    2326   1.0173316953E+00
    2327   1.0191684360E+00
    2328   1.0209750271E+00
    2329   1.0227323990E+00
    2330   1.0243575544E+00
    2331   1.0257493627E+00
    2332   1.0268456615E+00
    2333   1.0276659235E+00
    2334   1.0282552621E+00
    2335   1.0282410631E+00
    2336   1.0278840004E+00
    2337   1.0270287790E+00
    2338   1.0256612137E+00
    2339   1.0238629703E+00
    2340   1.0217555965E+00
    2341   1.0194669017E+00
    2342   1.0171377564E+00
    2343   1.0149528813E+00
    2344   1.0131454476E+00
    2345   1.0119478635E+00
    2346   1.0115286313E+00
    2347   1.0118512125E+00
    2348   1.0128527585E+00
    2349   1.0143620258E+00
    2350   1.0161821363E+00
    2351   1.0181097501E+00
    2352   1.0199119919E+00
    2353   1.0213377212E+00
    2354   1.0221748485E+00
    2355   1.0223218971E+00
    2356   1.0218183749E+00
    2357   1.0208093615E+00
    2358   1.0194840749E+00
    2359   1.0180281213E+00
    2360   1.0164488879E+00
    2361   1.0150077321E+00
    2362   1.0137469084E+00
    2363   1.0126689773E+00
    2364   1.0117009292E+00
    2365   1.0107119080E+00
    2366   1.0095822100E+00
    2367   1.0082667812E+00
    2368   1.0068115757E+00
    2369   1.0053221267E+00
    2370   1.0039212001E+00
    2371   1.0027309015E+00
    2372   1.0018774685E+00
    2373   1.0014860357E+00
    2374   1.0016435966E+00
    2375   1.0023444268E+00
    2376   1.0034586434E+00
    2377   1.0047541914E+00
    2378   1.0059623393E+00
    2379   1.0068436398E+00
    2380   1.0072198530E+00
    2381   1.0069742287E+00
    2382   1.0060514011E+00
    2383   1.0044794419E+00
    2384   1.0023993050E+00
    2385   1.0000628343E+00
    2386   9.9778108850E-01
    2387   9.9584588232E-01
    2388   9.9446824420E-01
    2389   9.9376043206E-01
    2390   9.9375057011E-01
    2391   9.9439755986E-01
    2392   9.9558909006E-01
    2393   9.9713546911E-01
    2394   9.9878714468E-01
    2395   1.0002884127E+00
    2396   1.0014463075E+00
    2397   1.0021739173E+00
    2398   1.0024863313E+00
    2399   1.0024650196E+00
    2400   1.0022268389E+00
    2401   1.0019177815E+00
    2402   1.0017179146E+00
    2403   1.0018269697E+00
    2404   1.0024196939E+00
    2405   1.0035929833E+00
    2406   1.0053397396E+00
    2407   1.0075646775E+00
    2408   1.0101247939E+00
    2409   1.0128603889E+00
    2410   1.0155995058E+00
    2411   1.0181508865E+00
    2412   1.0203701077E+00
    2413   1.0219951597E+00
    2414   1.0228914239E+00
    2415   1.0232146365E+00
    2416   1.0230185652E+00
    2417   1.0224659673E+00
    2418   1.0217508052E+00
    2419   1.0210908990E+00
    2420   1.0207180506E+00
    2421   1.0208449132E+00
    2422   1.0216128365E+00
    2423   1.0231060617E+00
    2424   1.0251761443E+00
    2425   1.0274900820E+00
    2426   1.0300108011E+00
    2427   1.0324033165E+00
    2428   1.0344207970E+00
    2429   1.0358567498E+00
    2430   1.0365791038E+00
    2431   1.0367341848E+00
    2432   1.0359933159E+00
    2433   1.0346635421E+00
    2434   1.0331604634E+00
    2435   1.0314905321E+00
    2436   1.0297453765E+00
    2437   1.0279618096E+00
    2438   1.0261469507E+00
    2439   1.0242986655E+00
    2440   1.0221182970E+00
    2441   1.0198226603E+00
    2442   1.0173518884E+00
    2443   1.0147632396E+00
    2444   1.0121961668E+00
    2445   1.0098151540E+00
    2446   1.0077643458E+00
    2447   1.0061359855E+00
    2448   1.0049586693E+00
    2449   1.0042010344E+00
    2450   1.0037824838E+00
    2451   1.0035882053E+00
    2452   1.0034924729E+00
    2453   1.0033909470E+00
    2454   1.0032318588E+00
    2455   1.0030331226E+00
    2456   1.0028771607E+00
    2457   1.0028849888E+00
    2458   1.0031811708E+00
    2459   1.0038608293E+00
    2460   1.0049637150E+00
    2461   1.0064585562E+00
    2462   1.0082414467E+00
    2463   1.0101500997E+00
    2464   1.0119945748E+00
    2465   1.0135970042E+00
    2466   1.0148274648E+00
    2467   1.0156397993E+00
    2468   1.0160524492E+00
    2469   1.0160494109E+00
    2470   1.0158633865E+00
    2471   1.0155838396E+00
    2472   1.0152984602E+00
    2473   1.0150403036E+00
    2474   1.0147799901E+00
    2475   1.0144439359E+00
    2476   1.0139458487E+00
    2477   1.0132140821E+00
    2478   1.0122058217E+00
    2479   1.0109118230E+00
    2480   1.0093624334E+00
    2481   1.0076357810E+00
    2482   1.0058607706E+00
    2483   1.0042019486E+00
    2484   1.0028261494E+00
    2485   1.0018640110E+00
    2486   1.0013846938E+00
    2487   1.0013885698E+00
    2488   1.0018128722E+00
    2489   1.0025384338E+00
    2490   1.0033962792E+00
    2491   1.0041825081E+00
    2492   1.0046913597E+00
    2493   1.0047597736E+00
    2494   1.0043063429E+00
    2495   1.0033440006E+00
    2496   1.0019641025E+00
    2497   1.0003062766E+00
    2498   9.9853362407E-01
    2499   9.9681672553E-01
    2500   9.9532060058E-01
    2501   9.9418447156E-01
    2502   9.9349853099E-01
    2503   9.9328966165E-01
    2504   9.9352679134E-01
    2505   9.9413845221E-01
    2506   9.9503004839E-01
    2507   9.9608869795E-01
    2508   9.9718188690E-01
    2509   9.9816486030E-01
    2510   9.9890895958E-01
    2511   9.9933883104E-01
    2512   9.9945748813E-01
    2513   9.9933989097E-01
    2514   9.9910082323E-01
    2515   9.9885838109E-01
    2516   9.9871413002E-01
    2517   9.9874648818E-01
    2518   9.9900443709E-01
    2519   9.9948927390E-01
    2520   1.0001340994E+00
    2521   1.0008012704E+00
    2522   1.0013131068E+00
    2523   1.0015027977E+00
    2524   1.0012598954E+00
    2525   1.0005467146E+00
    2526   9.9938763471E-01
    2527   9.9785007038E-01
    2528   9.9603587253E-01
    2529   9.9407776971E-01
    2530   9.9212719670E-01
    2531   9.9032411625E-01
    2532   9.8876099761E-01
    2533   9.8746214504E-01
    2534   9.8639367206E-01
    2535   9.8549374617E-01
    2536   9.8470340263E-01
    2537   9.8398089564E-01
    2538   9.8330151082E-01
    2539   9.8265604337E-01
    2540   9.8205701272E-01
    2541   9.8150419607E-01
    2542   9.8124077206E-01
    2543   9.8127047987E-01
    2544   9.8166402431E-01
    2545   9.8247748231E-01
    2546   9.8368594102E-01
    2547   9.8522374599E-01
    2548   9.8700853678E-01
    2549   9.8895642721E-01
    2550   9.9098512895E-01
    2551   9.9301348401E-01
    2552   9.9496732764E-01
    2553   9.9678905083E-01
    2554   9.9844020299E-01
    2555   9.9989062198E-01
    2556   1.0011018454E+00
    2557   1.0020216764E+00
    2558   1.0026016160E+00
    2559   1.0028292890E+00
    2560   1.0027544377E+00
    2561   1.0024906476E+00
    2562   1.0021916565E+00
    2563   1.0020163271E+00
    2564   1.0020981334E+00
    2565   1.0025247083E+00
    2566   1.0033236215E+00
    2567   1.0044523533E+00
    2568   1.0057969570E+00
    2569   1.0071875646E+00
    2570   1.0084320718E+00
    2571   1.0093584109E+00
    2572   1.0098487974E+00
    2573   1.0098562223E+00
    2574   1.0094027406E+00
    2575   1.0085670098E+00
    2576   1.0074662820E+00
    2577   1.0062345854E+00
    2578   1.0049968820E+00
    2579   1.0038452867E+00
    2580   1.0028247152E+00
    2581   1.0019335582E+00
    2582   1.0011357697E+00
    2583   1.0003769836E+00
    2584   9.9959682092E-01
    2585   9.9873829255E-01
    2586   9.9775585211E-01
    2587   9.9662399312E-01
    2588   9.9534137057E-01
    2589   9.9392763808E-01
    2590   9.9241238394E-01
    2591   9.9082388088E-01
    2592   9.8918226234E-01
    2593   9.8749996686E-01
    2594   9.8578391953E-01
    2595   9.8403784619E-01
    2596   9.8226440087E-01
    2597   9.8047201840E-01
    2598   9.7868533210E-01
    2599   9.7695573924E-01
    2600   9.7536307411E-01
    2601   9.7395313927E-01
    2602   9.7286511605E-01
    2603   9.7244308614E-01
    2604   9.7247831456E-01
    2605   9.7317165673E-01
    2606   9.7460507984E-01
    2607   9.7681268007E-01
    2608   9.7976506390E-01
    2609   9.8336322739E-01
    2610   9.8745246504E-01
    2611   9.9184883893E-01
    2612   9.9636038382E-01
    2613   1.0007938395E+00
    2614   1.0049528153E+00
    2615   1.0086438337E+00
    2616   1.0116979142E+00
    2617   1.0139960521E+00
    2618   1.0154759860E+00
    2619   1.0161132734E+00
    2620   1.0158939449E+00
    2621   1.0148060292E+00
    2622   1.0128582730E+00
    2623   1.0101077832E+00
    2624   1.0066680363E+00
    2625   1.0026908203E+00
    2626   9.9834276068E-01
    2627   9.9380135011E-01
    2628   9.8927076922E-01
    2629   9.8499315836E-01
    2630   9.8122909173E-01
    2631   9.7820889504E-01
    2632   9.7608270125E-01
    2633   9.7489800738E-01
    2634   9.7460735466E-01
    2635   9.7501422823E-01
    2636   9.7621561349E-01
    2637   9.7782278272E-01
    2638   9.7953871080E-01
    2639   9.8113945532E-01
    2640   9.8238359402E-01
    2641   9.8312650338E-01
    2642   9.8335384660E-01
    2643   9.8316795131E-01
    2644   9.8274259638E-01
    2645   9.8228120683E-01
    2646   9.8199632983E-01
    2647   9.8209969109E-01
    2648   9.8277628353E-01
    2649   9.8411457725E-01
    2650   9.8621681596E-01
    2651   9.8884698489E-01
    2652   9.9176609269E-01
    2653   9.9471538061E-01
    2654   9.9742903226E-01
    2655   9.9966924847E-01
    2656   1.0012214156E+00
    2657   1.0019049818E+00
    2658   1.0016148277E+00
    2659   1.0003696758E+00
    2660   9.9832284410E-01
    2661   9.9571876270E-01
    2662   9.9282143481E-01
    2663   9.8986662600E-01
    2664   9.8705796631E-01
    2665   9.8458543788E-01
    2666   9.8262586254E-01
    2667   9.8131232286E-01
    2668   9.8069230172E-01
    2669   9.8071469603E-01
    2670   9.8125906683E-01
    2671   9.8218699498E-01
    2672   9.8337508946E-01
    2673   9.8471074697E-01
    2674   9.8604574835E-01
    2675   9.8725867938E-01
    2676   9.8819552776E-01
    2677   9.8870850882E-01
    2678   9.8881350558E-01
    2679   9.8857403281E-01
    2680   9.8808315127E-01
    2681   9.8743128420E-01
    2682   9.8670954066E-01
    2683   9.8603283893E-01
    2684   9.8554127816E-01
    2685   9.8536167756E-01
    2686   9.8554732131E-01
    2687   9.8604312419E-01
    2688   9.8670448597E-01
    2689   9.8735814676E-01
    2690   9.8786075452E-01
    2691   9.8812307698E-01
    2692   9.8810101415E-01
    2693   9.8778671210E-01
    2694   9.8720632705E-01
    2695   9.8649336235E-01
    2696   9.8588341957E-01
    2697   9.8551966838E-01
    2698   9.8557474145E-01
    2699   9.8607638322E-01
    2700   9.8692762260E-01
    2701   9.8795288426E-01
    2702   9.8895291042E-01
    2703   9.8973700658E-01
    2704   9.9013187029E-01
    2705   9.8999429054E-01
    2706   9.8924819721E-01
    2707   9.8793240356E-01
    2708   9.8621825018E-01
    2709   9.8437264375E-01
    2710   9.8268293626E-01
    2711   9.8138797185E-01
    2712   9.8061094077E-01
    2713   9.8050637098E-01
    2714   9.8117268149E-01
    2715   9.8244370560E-01
    2716   9.8426975694E-01
    2717   9.8645594146E-01
    2718   9.8874198389E-01
    2719   9.9085931840E-01
    2720   9.9258573566E-01
    2721   9.9376714765E-01
    2722   9.9430628810E-01
    2723   9.9414600012E-01
    2724   9.9327452435E-01
    2725   9.9175195309E-01
    2726   9.8972655360E-01
    2727   9.8741435238E-01
    2728   9.8504801399E-01
    2729   9.8282533241E-01
    2730   9.8088473889E-01
    2731   9.7931005148E-01
    2732   9.7806948508E-01
    2733   9.7734711027E-01
    2734   9.7703111815E-01
    2735   9.7694710196E-01
    2736   9.7702282767E-01
    2737   9.7715582392E-01
    2738   9.7729793427E-01
    2739   9.7746248484E-01
    2740   9.7769875198E-01
    2741   9.7805377358E-01
    2742   9.7854533063E-01
    2743   9.7911259930E-01
    2744   9.7979847318E-01
    2745   9.8056629282E-01
    2746   9.8119350302E-01
    2747   9.8162206702E-01
    2748   9.8172268604E-01
    2749   9.8139404131E-01
    2750   9.8060282148E-01
    2751   9.7940296648E-01
    2752   9.7792395804E-01
    2753   9.7633956898E-01
    2754   9.7483461649E-01
    2755   9.7352789736E-01
    2756   9.7259070854E-01
    2757   9.7237192752E-01
    2758   9.7258614101E-01
    2759   9.7330538126E-01
    2760   9.7443368109E-01
    2761   9.7582702112E-01
    2762   9.7733582660E-01
    2763   9.7883742115E-01
    2764   9.8025185131E-01
    2765   9.8153880154E-01
    2766   9.8265832491E-01
    2767   9.8376000613E-01
    2768   9.8476580064E-01
    2769   9.8571041357E-01
    2770   9.8661283214E-01
    2771   9.8743085806E-01
    2772   9.8808160893E-01
    2773   9.8846459027E-01
    2774   9.8849746340E-01
    2775   9.8814782612E-01
    2776   9.8744638707E-01
    2777   9.8647997915E-01
    2778   9.8537202179E-01
    2779   9.8425948803E-01
    2780   9.8327090763E-01
    2781   9.8250563473E-01
    2782   9.8201516467E-01
    2783   9.8177549516E-01
    2784   9.8171902616E-01
    2785   9.8188469533E-01
    2786   9.8203423611E-01
    2787   9.8216012247E-01
    2788   9.8225465878E-01
    2789   9.8233357276E-01
    2790   9.8241993082E-01
    2791   9.8252436135E-01
    2792   9.8263450041E-01
    2793   9.8271465502E-01
    2794   9.8271290045E-01
    2795   9.8257319435E-01
    2796   9.8225173012E-01
    2797   9.8172095271E-01
    2798   9.8097978365E-01
    2799   9.8026241485E-01
    2800   9.7951516294E-01
    2801   9.7887943772E-01
    2802   9.7844460039E-01
    2803   9.7825342414E-01
    2804   9.7831107586E-01
    2805   9.7859379780E-01
    2806   9.7905892240E-01
    2807   9.7965208849E-01
    2808   9.8031304715E-01
    2809   9.8098414642E-01
    2810   9.8157745771E-01
    2811   9.8217247345E-01
    2812   9.8274166443E-01
    2813   9.8324603667E-01
    2814   9.8375913952E-01
    2815   9.8431819673E-01
    2816   9.8495641273E-01
    2817   9.8569458430E-01
    2818   9.8652809955E-01
    2819   9.8741296573E-01
    2820   9.8825929633E-01
    2821   9.8894109018E-01
    2822   9.8932230183E-01
    2823   9.8929145272E-01
    2824   9.8879122810E-01
    2825   9.8783356003E-01
    2826   9.8649751427E-01
    2827   9.8490784973E-01
    2828   9.8317737041E-01
    2829   9.8160078803E-01
    2830   9.8020130344E-01
    2831   9.7905080179E-01
    2832   9.7816251804E-01
    2833   9.7747957386E-01
    2834   9.7691036199E-01
    2835   9.7635742985E-01
    2836   9.7574058060E-01
    2837   9.7500878270E-01
    2838   9.7414262052E-01
    2839   9.7304336106E-01
    2840   9.7197393577E-01
    2841   9.7096469606E-01
    2842   9.6994112779E-01
    2843   9.6907742574E-01
    2844   9.6846072470E-01
    2845   9.6816509180E-01
    2846   9.6824826436E-01
    2847   9.6867019917E-01
    2848   9.6955837853E-01
    2849   9.7109452267E-01
    2850   9.7284442080E-01
    2851   9.7486650790E-01
    2852   9.7704553231E-01
    2853   9.7926024700E-01
    2854   9.8141132483E-01
    2855   9.8343579670E-01
    2856   9.8530934227E-01
    2857   9.8703880060E-01
    2858   9.8865106633E-01
    2859   9.9017981572E-01
    2860   9.9164804001E-01
    2861   9.9304706141E-01
    2862   9.9431933856E-01
    2863   9.9536887143E-01
    2864   9.9607409514E-01
    2865   9.9632500875E-01
    2866   9.9607600410E-01
    2867   9.9534642429E-01
    2868   9.9422105204E-01
    2869   9.9283312214E-01
    2870   9.9134284266E-01
    2871   9.8991461698E-01
    2872   9.8869068658E-01
    2873   9.8776301561E-01
    2874   9.8715287632E-01
    2875   9.8680996619E-01
    2876   9.8663437639E-01
    2877   9.8651347360E-01
    2878   9.8635693273E-01
    2879   9.8611708420E-01
    2880   9.8579268564E-01
    2881   9.8542382211E-01
    2882   9.8508428661E-01
    2883   9.8487179564E-01
    2884   9.8489083269E-01
    2885   9.8520804357E-01
    2886   9.8589586415E-01
    2887   9.8696127166E-01
    2888   9.8825038188E-01
    2889   9.8968601734E-01
    2890   9.9115234358E-01
    2891   9.9254466016E-01
    2892   9.9377676315E-01
    2893   9.9478335675E-01
    2894   9.9552305642E-01
    2895   9.9598186881E-01
    2896   9.9617164553E-01
    2897   9.9612013293E-01
    2898   9.9585692442E-01
    2899   9.9540588881E-01
    2900   9.9478836503E-01
    2901   9.9403274733E-01
    2902   9.9318051805E-01
    2903   9.9228189321E-01
    2904   9.9138337936E-01
    2905   9.9051734687E-01
    2906   9.8969900165E-01
    2907   9.8893001955E-01
    2908   9.8820391509E-01
    2909   9.8750933401E-01
    2910   9.8683302069E-01
    2911   9.8616733201E-01
    2912   9.8552101516E-01
    2913   9.8492230961E-01
    2914   9.8439140328E-01
    2915   9.8410387024E-01
    2916   9.8401504223E-01
    2917   9.8415305535E-01
    2918   9.8452235011E-01
    2919   9.8509121278E-01
    2920   9.8581146980E-01
    2921   9.8662458025E-01
    2922   9.8746747312E-01
    2923   9.8828228722E-01
    2924   9.8902904975E-01
    2925   9.8969467055E-01
    2926   9.9029271355E-01
    2927   9.9085219512E-01
    2928   9.9140177233E-01
    2929   9.9195875368E-01
    2930   9.9252635202E-01
    2931   9.9309460098E-01
    2932   9.9364012159E-01
    2933   9.9412243757E-01
    2934   9.9448175483E-01
    2935   9.9464524979E-01
    2936   9.9454233513E-01
    2937   9.9412135941E-01
    2938   9.9335504803E-01
    2939   9.9225525217E-01
    2940   9.9087809452E-01
    2941   9.8927337436E-01
    2942   9.8754645690E-01
    2943   9.8582015880E-01
    2944   9.8422623330E-01
    2945   9.8288558013E-01
    2946   9.8189239459E-01
    2947   9.8131050404E-01
    2948   9.8117975037E-01
    2949   9.8152362636E-01
    2950   9.8234892050E-01
    2951   9.8363785581E-01
    2952   9.8533971061E-01
    2953   9.8737155178E-01
    2954   9.8962860120E-01
    2955   9.9199715632E-01
    2956   9.9435868154E-01
    2957   9.9658534873E-01
    2958   9.9853650014E-01
    2959   1.0000695778E+00
    2960   1.0010666518E+00
    2961   1.0014647850E+00
    2962   1.0012708661E+00
    2963   1.0005558548E+00
    2964   9.9943571409E-01
    2965   9.9805320103E-01
    2966   9.9656353484E-01
    2967   9.9511691686E-01
    2968   9.9385666608E-01
    2969   9.9285212021E-01
    2970   9.9210760339E-01
    2971   9.9156477498E-01
    2972   9.9113418096E-01
    2973   9.9073865256E-01
    2974   9.9034126126E-01
    2975   9.8995034468E-01
    2976   9.8960744628E-01
    2977   9.8937309189E-01
    2978   9.8931716224E-01
    2979   9.8951126333E-01
    2980   9.9001337562E-01
    2981   9.9084716612E-01
    2982   9.9198758873E-01
    2983   9.9336661711E-01
    2984   9.9489885242E-01
    2985   9.9651303987E-01
    2986   9.9816742251E-01
    2987   9.9984152116E-01
    2988   1.0015147449E+00
    2989   1.0031512656E+00
    2990   1.0046999294E+00
    2991   1.0061035676E+00
    2992   1.0073019124E+00
    2993   1.0082237950E+00
    2994   1.0087805061E+00
    2995   1.0088767515E+00
    2996   1.0084409073E+00
    2997   1.0074595734E+00
    2998   1.0059929719E+00
    2999   1.0041632772E+00
    3000   1.0021286145E+00
    3001   1.0000614758E+00
    3002   9.9813721054E-01
    3003   9.9652418221E-01
    3004   9.9536233738E-01
    3005   9.9473055099E-01
    3006   9.9462105124E-01
    3007   9.9494015006E-01
    3008   9.9553838928E-01
    3009   9.9625572787E-01
    3010   9.9695760710E-01
    3011   9.9754826507E-01
    3012   9.9796900601E-01
    3013   9.9819697473E-01
    3014   9.9825025165E-01
    3015   9.9819107724E-01
    3016   9.9811221875E-01
    3017   9.9810281173E-01
    3018   9.9821190070E-01
    3019   9.9843211904E-01
    3020   9.9871144068E-01
    3021   9.9898162903E-01
    3022   9.9918116425E-01
    3023   9.9925912460E-01
    3024   9.9917019141E-01
    3025   9.9887837673E-01
    3026   9.9837579095E-01
    3027   9.9770477356E-01
    3028   9.9696254221E-01
    3029   9.9627745184E-01
    3030   9.9577206601E-01
    3031   9.9553665360E-01
    3032   9.9562574851E-01
    3033   9.9607086202E-01
    3034   9.9689054876E-01
    3035   9.9808338996E-01
    3036   9.9961257590E-01
    3037   1.0013995464E+00
    3038   1.0033364989E+00
    3039   1.0053095744E+00
    3040   1.0072141397E+00
    3041   1.0089486512E+00
    3042   1.0103996769E+00
    3043   1.0114411117E+00
    3044   1.0119601253E+00
    3045   1.0118983504E+00
    3046   1.0112822183E+00
    3047   1.0102210379E+00
    3048   1.0088805471E+00
    3049   1.0074536332E+00
    3050   1.0061436318E+00
    3051   1.0051558504E+00
    3052   1.0046826393E+00
    3053   1.0048707551E+00
    3054   1.0057829751E+00
    3055   1.0073748386E+00
    3056   1.0095000388E+00
    3057   1.0119479523E+00
    3058   1.0144881869E+00
    3059   1.0167544533E+00
    3060   1.0185741462E+00
    3061   1.0197278325E+00
    3062   1.0200922285E+00
    3063   1.0196733304E+00
    3064   1.0186099489E+00
    3065   1.0171368081E+00
    3066   1.0155173479E+00
    3067   1.0139776295E+00
    3068   1.0126662132E+00
    3069   1.0116442053E+00
    3070   1.0108949370E+00
    3071   1.0103392454E+00
    3072   1.0098568955E+00
    3073   1.0093218612E+00
    3074   1.0086500232E+00
    3075   1.0078489253E+00
    3076   1.0070061632E+00
    3077   1.0063036992E+00
    3078   1.0059406272E+00
    3079   1.0060443330E+00
    3080   1.0066547081E+00
    3081   1.0077061076E+00
    3082   1.0090420412E+00
    3083   1.0104414067E+00
    3084   1.0116502657E+00
    3085   1.0124243998E+00
    3086   1.0125817354E+00
    3087   1.0120524709E+00
    3088   1.0109051218E+00
    3089   1.0093305128E+00
    3090   1.0075875241E+00
    3091   1.0059377129E+00
    3092   1.0045947399E+00
    3093   1.0037015357E+00
    3094   1.0033291270E+00
    3095   1.0034819747E+00
    3096   1.0041021634E+00
    3097   1.0050795299E+00
    3098   1.0062744974E+00
    3099   1.0075534014E+00
    3100   1.0088232502E+00
    3101   1.0100472029E+00
    3102   1.0112332620E+00
    3103   1.0124090227E+00
    3104   1.0136018651E+00
    3105   1.0148668464E+00
    3106   1.0161216346E+00
    3107   1.0174243110E+00
    3108   1.0187706765E+00
    3109   1.0200858294E+00
    3110   1.0212710268E+00
    3111   1.0222159648E+00
    3112   1.0228417689E+00
    3113   1.0231325576E+00
    3114   1.0231378878E+00
    3115   1.0229508820E+00
    3116   1.0226862958E+00
    3117   1.0225179437E+00
    3118   1.0223241247E+00
    3119   1.0223436993E+00
    3120   1.0225879526E+00
    3121   1.0229759315E+00
    3122   1.0233941636E+00
    3123   1.0237038280E+00
    3124   1.0237916281E+00
    3125   1.0236028135E+00
    3126   1.0231399635E+00
    3127   1.0224608898E+00
    3128   1.0216080044E+00
    3129   1.0204638122E+00
    3130   1.0192939306E+00
    3131   1.0181052572E+00
    3132   1.0169730188E+00
    3133   1.0159666792E+00
    3134   1.0151338605E+00
    3135   1.0145100651E+00
    3136   1.0141351797E+00
    3137   1.0140512103E+00
    3138   1.0142742047E+00
    3139   1.0147584946E+00
    3140   1.0153831993E+00
    3141   1.0159772536E+00
    3142   1.0163766772E+00
    3143   1.0164929964E+00
    3144   1.0161495910E+00
    3145   1.0154619974E+00
    3146   1.0144755865E+00
    3147   1.0132815770E+00
    3148   1.0120282508E+00
    3149   1.0108867869E+00
    3150   1.0100081287E+00
    3151   1.0094800517E+00
    3152   1.0093118094E+00
    3153   1.0094561792E+00
    3154   1.0098499327E+00
    3155   1.0104393232E+00
    3156   1.0111738952E+00
    3157   1.0119826002E+00
    3158   1.0127602267E+00
    3159   1.0133828597E+00
    3160   1.0137432420E+00
    3161   1.0137794868E+00
    3162   1.0134834589E+00
    3163   1.0129114960E+00
    3164   1.0120746621E+00
    3165   1.0111709844E+00
    3166   1.0103918270E+00
    3167   1.0099472681E+00
    3168   1.0100216654E+00
    3169   1.0106984682E+00
    3170   1.0119290343E+00
    3171   1.0135529187E+00
    3172   1.0153525689E+00
    3173   1.0171065096E+00
    3174   1.0186185430E+00
    3175   1.0197297656E+00
    3176   1.0203321385E+00
    3177   1.0203924585E+00
    3178   1.0199700200E+00
    3179   1.0192219838E+00
    3180   1.0183108989E+00
    3181   1.0172825801E+00
    3182   1.0163897301E+00
    3183   1.0156519930E+00
    3184   1.0151311647E+00
    3185   1.0148915795E+00
    3186   1.0149724751E+00
    3187   1.0153576651E+00
    3188   1.0159661672E+00
    3189   1.0166738842E+00
    3190   1.0173491740E+00
    3191   1.0178751955E+00
    3192   1.0181537710E+00
    3193   1.0181067945E+00
    3194   1.0177184182E+00
    3195   1.0169690719E+00
    3196   1.0159213269E+00
    3197   1.0148499394E+00
    3198   1.0138897697E+00
    3199   1.0131845897E+00
    3200   1.0128218880E+00
    3201   1.0128415906E+00
    3202   1.0132554398E+00
    3203   1.0140523186E+00
    3204   1.0151888047E+00
    3205   1.0165815158E+00
    3206   1.0181175041E+00
    3207   1.0196817150E+00
    3208   1.0211826134E+00
    3209   1.0225797877E+00
    3210   1.0238749273E+00
    3211   1.0247926150E+00
    3212   1.0255624692E+00
    3213   1.0261594382E+00
    3214   1.0266470143E+00
    3215   1.0271252736E+00
    3216   1.0276751541E+00
    3217   1.0283231966E+00
    3218   1.0290570915E+00
    3219   1.0298987893E+00
    3220   1.0303673183E+00
    3221   1.0307400045E+00
    3222   1.0308953661E+00
    3223   1.0307724352E+00
    3224   1.0303889824E+00
    3225   1.0298194019E+00
    3226   1.0291871854E+00
    3227   1.0287331852E+00
    3228   1.0282241679E+00
    3229   1.0279214085E+00
    3230   1.0278310713E+00
    3231   1.0278302123E+00
    3232   1.0278399390E+00
    3233   1.0277840252E+00
    3234   1.0276043126E+00
    3235   1.0272917957E+00
    3236   1.0269615014E+00
    3237   1.0263863959E+00
    3238   1.0259671928E+00
    3239   1.0257829674E+00
    3240   1.0258793140E+00
    3241   1.0262817991E+00
    3242   1.0269633688E+00
    3243   1.0278533043E+00
    3244   1.0288523073E+00
    3245   1.0299694258E+00
    3246   1.0307092039E+00
    3247   1.0311852497E+00
    3248   1.0313968594E+00
    3249   1.0312704516E+00
    3250   1.0308398221E+00
    3251   1.0301609757E+00
    3252   1.0293006532E+00
    3253   1.0284323896E+00
    3254   1.0273197103E+00
    3255   1.0262322747E+00
    3256   1.0252794709E+00
    3257   1.0244413203E+00
    3258   1.0237505228E+00
    3259   1.0232350847E+00
    3260   1.0229233438E+00
    3261   1.0228424456E+00
    3262   1.0230117317E+00
    3263   1.0235042025E+00
    3264   1.0242012299E+00
    3265   1.0250500101E+00
    3266   1.0261841946E+00
    3267   1.0274982229E+00
    3268   1.0289424751E+00
    3269   1.0304537266E+00
    3270   1.0319625176E+00
    3271   1.0334321245E+00
    3272   1.0349332830E+00
    3273   1.0358668500E+00
    3274   1.0366569164E+00
    3275   1.0371741113E+00
    3276   1.0373489632E+00
    3277   1.0371836249E+00
    3278   1.0368003291E+00
    3279   1.0361826069E+00
    3280   1.0350586149E+00
    3281   1.0340476156E+00
    3282   1.0330554339E+00
    3283   1.0321713839E+00
    3284   1.0314693295E+00
    3285   1.0309892829E+00
    3286   1.0308276934E+00
    3287   1.0305101253E+00
    3288   1.0302809809E+00
    3289   1.0300447530E+00
    3290   1.0297007143E+00
    3291   1.0292351564E+00
    3292   1.0286772982E+00
    3293   1.0281021412E+00
    3294   1.0276939968E+00
    3295   1.0274768573E+00
    3296   1.0274514285E+00
    3297   1.0279258698E+00
    3298   1.0287875947E+00
    3299   1.0299770615E+00
    3300   1.0314004375E+00
    3301   1.0329438997E+00
    3302   1.0345759066E+00
    3303   1.0361218235E+00
    3304   1.0370932220E+00
    3305   1.0379242485E+00
    3306   1.0384154337E+00
    3307   1.0385776983E+00
    3308   1.0384770963E+00
    3309   1.0383833541E+00
    3310   1.0377748784E+00
    3311   1.0372086104E+00
    3312   1.0367912863E+00
    3313   1.0364908604E+00
    3314   1.0363056162E+00
    3315   1.0362241539E+00
    3316   1.0361280055E+00
    3317   1.0353808111E+00
    3318   1.0343817264E+00
    3319   1.0328348513E+00
    3320   1.0306533739E+00
    3321   1.0278398447E+00
    3322   1.0244787040E+00
    3323   1.0207371525E+00
    3324   1.0168615515E+00
    3325   1.0130464659E+00
    3326   1.0095359235E+00
    3327   1.0065389999E+00
    3328   1.0041215848E+00
    3329   1.0023391813E+00
    3330   1.0012071882E+00
    3331   1.0006988786E+00
    3332   1.0007399378E+00
    3333   1.0012119319E+00
    3334   1.0019712256E+00
    3335   1.0028765138E+00
    3336   1.0038089137E+00
    3337   1.0046777795E+00
    3338   1.0054173447E+00
    3339   1.0059865736E+00
    3340   1.0063789930E+00
    3341   1.0066349538E+00
    3342   1.0068396034E+00
    3343   1.0071013717E+00
    3344   1.0075205399E+00
    3345   1.0081657738E+00
    3346   1.0090702917E+00
    3347   1.0102428887E+00
    3348   1.0116772418E+00
    3349   1.0133519027E+00
    3350   1.0152261972E+00
    3351   1.0172439346E+00
    3352   1.0193501888E+00
    3353   1.0215100706E+00
    3354   1.0237863157E+00
    3355   1.0260472547E+00
    3356   1.0281742030E+00
    3357   1.0302500052E+00
    3358   1.0320669061E+00
    3359   1.0334864406E+00
    3360   1.0343918087E+00
    3361   1.0347018831E+00
    3362   1.0345221305E+00
    3363   1.0333751070E+00
    3364   1.0315873392E+00
    3365   1.0293424364E+00
    3366   1.0266906851E+00
    3367   1.0237961188E+00
    3368   1.0208108401E+00
    3369   1.0178622769E+00
    3370   1.0150627142E+00
    3371   1.0125233356E+00
    3372   1.0103531994E+00
    3373   1.0086415187E+00
    3374   1.0074385123E+00
    3375   1.0067409096E+00
    3376   1.0064866653E+00
    3377   1.0066139480E+00
    3378   1.0070080925E+00
    3379   1.0075365715E+00
    3380   1.0080495204E+00
    3381   1.0084001034E+00
    3382   1.0084759454E+00
    3383   1.0082236441E+00
    3384   1.0076509371E+00
    3385   1.0068084947E+00
    3386   1.0057651669E+00
    3387   1.0045914472E+00
    3388   1.0033543918E+00
    3389   1.0021147630E+00
    3390   1.0009171735E+00
    3391   9.9977738448E-01
    3392   9.9867774511E-01
    3393   9.9757908637E-01
    3394   9.9644537165E-01
    3395   9.9526606417E-01
    3396   9.9406161604E-01
    3397   9.9287198257E-01
    3398   9.9173804498E-01
    3399   9.9068768895E-01
    3400   9.8973131149E-01
    3401   9.8886250840E-01
    3402   9.8805710324E-01
    3403   9.8726810928E-01
    3404   9.8640831568E-01
    3405   9.8550068775E-01
    3406   9.8442915357E-01
    3407   9.8318131023E-01
    3408   9.8178426365E-01
    3409   9.8028551037E-01
    3410   9.7875079352E-01
    3411   9.7725608817E-01
    3412   9.7588437528E-01
    3413   9.7472419233E-01
    3414   9.7386457991E-01
    3415   9.7336999380E-01
    3416   9.7322113466E-01
    3417   9.7379176841E-01
    3418   9.7478648175E-01
    3419   9.7623584035E-01
    3420   9.7812947033E-01
    3421   9.8039473160E-01
    3422   9.8292554648E-01
    3423   9.8558546829E-01
    3424   9.8821657829E-01
    3425   9.9065362169E-01
    3426   9.9274064768E-01
    3427   9.9434822565E-01
    3428   9.9539145758E-01
    3429   9.9584556854E-01
    3430   9.9575323733E-01
    3431   9.9521943856E-01
    3432   9.9439285448E-01
    3433   9.9343794327E-01
    3434   9.9250644775E-01
    3435   9.9171399608E-01
    3436   9.9112092119E-01
    3437   9.9072206384E-01
    3438   9.9050248796E-01
    3439   9.9032664351E-01
    3440   9.9008623973E-01
    3441   9.8967951254E-01
    3442   9.8903753198E-01
    3443   9.8813968548E-01
    3444   9.8701464408E-01
    3445   9.8573238457E-01
    3446   9.8439255454E-01
    3447   9.8311052918E-01
    3448   9.8199987193E-01
    3449   9.8115324980E-01
    3450   9.8062748771E-01
    3451   9.8043789102E-01
    3452   9.8056399464E-01
    3453   9.8095389091E-01
    3454   9.8151298170E-01
    3455   9.8232063091E-01
    3456   9.8313822352E-01
    3457   9.8388953568E-01
    3458   9.8448495231E-01
    3459   9.8483995381E-01
    3460   9.8490765112E-01
    3461   9.8468474277E-01
    3462   9.8420495119E-01
    3463   9.8352701650E-01
    3464   9.8272475553E-01
    3465   9.8188079416E-01
    3466   9.8107809698E-01
    3467   9.8038547292E-01
    3468   9.7981699757E-01
    3469   9.7936580025E-01
    3470   9.7915861624E-01
    3471   9.7896032250E-01
    3472   9.7879361515E-01
    3473   9.7864736672E-01
    3474   9.7851978344E-01
    3475   9.7841750027E-01
    3476   9.7835335491E-01
    3477   9.7834983300E-01
    3478   9.7843974238E-01
    3479   9.7865554825E-01
    3480   9.7897071602E-01
    3481   9.7940797546E-01
    3482   9.7997849626E-01
    3483   9.8042190748E-01
    3484   9.8071456023E-01
    3485   9.8079430868E-01
    3486   9.8063386888E-01
    3487   9.8024107138E-01
    3488   9.7965618091E-01
    3489   9.7895125771E-01
    3490   9.7822635161E-01
    3491   9.7759419564E-01
    3492   9.7713271010E-01
    3493   9.7686335398E-01
    3494   9.7702807301E-01
    3495   9.7735351113E-01
    3496   9.7786124411E-01
    3497   9.7853599615E-01
    3498   9.7935991267E-01
    3499   9.8031252181E-01
    3500   9.8135572414E-01
    3501   9.8242925128E-01
    3502   9.8345849766E-01
    3503   9.8436587085E-01
    3504   9.8507707604E-01
    3505   9.8552290103E-01
    3506   9.8561678846E-01
    3507   9.8541471196E-01
    3508   9.8490618890E-01
    3509   9.8416843268E-01
    3510   9.8336043049E-01
    3511   9.8263017232E-01
    3512   9.8209391839E-01
    3513   9.8181515724E-01
    3514   9.8180498201E-01
    3515   9.8203308360E-01
    3516   9.8243530622E-01
    3517   9.8291426983E-01
    3518   9.8334245077E-01
    3519   9.8357903937E-01
    3520   9.8350027568E-01
    3521   9.8298649189E-01
    3522   9.8214511594E-01
    3523   9.8097578629E-01
    3524   9.7954053066E-01
    3525   9.7797083830E-01
    3526   9.7637666098E-01
    3527   9.7486497981E-01
    3528   9.7352908136E-01
    3529   9.7243036429E-01
    3530   9.7158176739E-01
    3531   9.7089620316E-01
    3532   9.7028605022E-01
    3533   9.7001354641E-01
    3534   9.6963474982E-01
    3535   9.6925733493E-01
    3536   9.6890545669E-01
    3537   9.6860154777E-01
    3538   9.6837198165E-01
    3539   9.6822114964E-01
    3540   9.6806574278E-01
    3541   9.6839701945E-01
    3542   9.6876975641E-01
    3543   9.6921639874E-01
    3544   9.6970595649E-01
    3545   9.7016131010E-01
    3546   9.7052704139E-01
    3547   9.7078383906E-01
    3548   9.7082365207E-01
    3549   9.7095623602E-01
    3550   9.7111198156E-01
    3551   9.7116654582E-01
    3552   9.7123061124E-01
    3553   9.7131600328E-01
    3554   9.7141878193E-01
    3555   9.7150922699E-01
    3556   9.7152447696E-01
    3557   9.7126621198E-01
    3558   9.7102341985E-01
    3559   9.7052050059E-01
    3560   9.6971888921E-01
    3561   9.6870300108E-01
    3562   9.6751826933E-01
    3563   9.6623220113E-01
    3564   9.6492433885E-01
    3565   9.6351059181E-01
    3566   9.6274542158E-01
    3567   9.6231221121E-01
    3568   9.6227169596E-01
    3569   9.6273557619E-01
    3570   9.6367501947E-01
    3571   9.6499546439E-01
    3572   9.6643506610E-01
    3573   9.6833378873E-01
    3574   9.7006999159E-01
    3575   9.7150751019E-01
    3576   9.7257411031E-01
    3577   9.7319671425E-01
    3578   9.7338142679E-01
    3579   9.7320272997E-01
    3580   9.7275912647E-01
    3581   9.7205743322E-01
    3582   9.7155677314E-01
    3583   9.7102435902E-01
    3584   9.7051729400E-01
    3585   9.7007866130E-01
    3586   9.6968933423E-01
    3587   9.6931862008E-01
    3588   9.6894436615E-01
    3589   9.6846746123E-01
    3590   9.6810651308E-01
    3591   9.6809284749E-01
    3592   9.6818176294E-01
    3593   9.6860274726E-01
    3594   9.6940222933E-01
    3595   9.7057884978E-01
    3596   9.7208588749E-01
    3597   9.7382419521E-01
    3598   9.7560630702E-01
    3599   9.7753142730E-01
    3600   9.7917329360E-01
    3601   9.8042671250E-01
    3602   9.8121461832E-01
    3603   9.8149434612E-01
    3604   9.8128756918E-01
    3605   9.8066657086E-01
    3606   9.7973500072E-01
    3607   9.7861072643E-01
    3608   9.7741217820E-01
    3609   9.7623858047E-01
    3610   9.7506836087E-01
    3611   9.7422191746E-01
    3612   9.7350462248E-01
    3613   9.7285975472E-01
    3614   9.7228052100E-01
    3615   9.7172260110E-01
    3616   9.7115317973E-01
    3617   9.7055145893E-01
    3618   9.6989720580E-01
    3619   9.6903856295E-01
    3620   9.6841407319E-01
    3621   9.6775620366E-01
    3622   9.6707818000E-01
    3623   9.6649589518E-01
    3624   9.6606046382E-01
    3625   9.6581736735E-01
    3626   9.6574731973E-01
    3627   9.6583942478E-01
    3628   9.6657070889E-01
    3629   9.6738081908E-01
    3630   9.6837711193E-01
    3631   9.6948963945E-01
    3632   9.7059228880E-01
    3633   9.7154041883E-01
    3634   9.7218201884E-01
    3635   9.7229057424E-01
    3636   9.7213602951E-01
    3637   9.7143791354E-01
    3638   9.7027186841E-01
    3639   9.6880934182E-01
    3640   9.6722548812E-01
    3641   9.6571546140E-01
    3642   9.6444745290E-01
    3643   9.6336364624E-01
    3644   9.6317048592E-01
    3645   9.6342721176E-01
    3646   9.6406690603E-01
    3647   9.6507792983E-01
    3648   9.6632804208E-01
    3649   9.6766705639E-01
    3650   9.6884226530E-01
    3651   9.6992793095E-01
    3652   9.7086999188E-01
    3653   9.7135336024E-01
    3654   9.7150954629E-01
    3655   9.7137096828E-01
    3656   9.7099482433E-01
    3657   9.7045186175E-01
    3658   9.6980411541E-01
    3659   9.6897205252E-01
    3660   9.6845043481E-01
    3661   9.6795957782E-01
    3662   9.6752159337E-01
    3663   9.6722200307E-01
    3664   9.6708340223E-01
    3665   9.6712689959E-01
    3666   9.6734282301E-01
    3667   9.6764738701E-01
    3668   9.6852314451E-01
    3669   9.6949644749E-01
    3670   9.7064264115E-01
    3671   9.7195906594E-01
    3672   9.7338964401E-01
    3673   9.7487122723E-01
    3674   9.7634519771E-01
    3675   9.7776761254E-01
    3676   9.7906831381E-01
    3677   9.8034534837E-01
    3678   9.8160713081E-01
    3679   9.8276992850E-01
    3680   9.8391142821E-01
    3681   9.8503585828E-01
    3682   9.8612161767E-01
    3683   9.8711786913E-01
    3684   9.8795197810E-01
    3685   9.8854751262E-01
    3686   9.8884691466E-01
    3687   9.8883016371E-01
    3688   9.8852291376E-01
    3689   9.8799249783E-01
    3690   9.8733475586E-01
    3691   9.8665633552E-01
    3692   9.8605582268E-01
    3693   9.8560564486E-01
    3694   9.8531194623E-01
    3695   9.8520425407E-01
    3696   9.8523362605E-01
    3697   9.8524041541E-01
    3698   9.8515069481E-01
    3699   9.8487361192E-01
    3700   9.8434636031E-01
    3701   9.8354203440E-01
    3702   9.8247132340E-01
    3703   9.8118094954E-01
    3704   9.7974995888E-01
    3705   9.7828268589E-01
    3706   9.7689788092E-01
    3707   9.7571352417E-01
    3708   9.7473951405E-01
    3709   9.7432953435E-01
    3710   9.7442529251E-01
    3711   9.7500702919E-01
    3712   9.7615994129E-01
    3713   9.7787917019E-01
    3714   9.8011648985E-01
    3715   9.8277529285E-01
    3716   9.8571345937E-01
    3717   9.8875395431E-01
    3718   9.9170070984E-01
    3719   9.9435792456E-01
    3720   9.9655242961E-01
    3721   9.9815855743E-01
    3722   9.9912162648E-01
    3723   9.9947152812E-01
    3724   9.9931769404E-01
    3725   9.9882344357E-01
    3726   9.9816679447E-01
    3727   9.9750060761E-01
    3728   9.9692391883E-01
    3729   9.9646994639E-01
    3730   9.9610995788E-01
    3731   9.9577009394E-01
    3732   9.9535808731E-01
    3733   9.9479603327E-01
    3734   9.9405225839E-01
    3735   9.9315409425E-01
    3736   9.9222709981E-01
    3737   9.9142096572E-01
    3738   9.9089855077E-01
    3739   9.9080837178E-01
    3740   9.9124098396E-01
    3741   9.9221794024E-01
    3742   9.9368992344E-01
    3743   9.9554475344E-01
    3744   9.9762307302E-01
    3745   9.9974089287E-01
    3746   1.0017172438E+00
    3747   1.0034021256E+00
    3748   1.0046974847E+00
    3749   1.0055661804E+00
    3750   1.0060289088E+00
    3751   1.0061535168E+00
    3752   1.0060416378E+00
    3753   1.0058144270E+00
    3754   1.0055956661E+00
    3755   1.0054913979E+00
    3756   1.0055689288E+00
    3757   1.0058422310E+00
    3758   1.0062718570E+00
    3759   1.0067449477E+00
    3760   1.0071514196E+00
    3761   1.0073599098E+00
    3762   1.0072566467E+00
    3763   1.0067673268E+00
    3764   1.0058694462E+00
    3765   1.0045975525E+00
    3766   1.0030370351E+00
    3767   1.0013069656E+00
    3768   9.9953678482E-01
    3769   9.9784418533E-01
    3770   9.9632018053E-01
    3771   9.9502307505E-01
    3772   9.9397837481E-01
    3773   9.9318093546E-01
    3774   9.9259780196E-01
    3775   9.9217303581E-01
    3776   9.9183562507E-01
    3777   9.9150366588E-01
    3778   9.9115243566E-01
    3779   9.9072452161E-01
    3780   9.9021621808E-01
    3781   9.8965470784E-01
    3782   9.8908370371E-01
    3783   9.8855982673E-01
    3784   9.8814445504E-01
    3785   9.8789510159E-01
    3786   9.8785668476E-01
    3787   9.8805411142E-01
    3788   9.8848823924E-01
    3789   9.8913668697E-01
    3790   9.8995896552E-01
    3791   9.9090414232E-01
    3792   9.9191906214E-01
    3793   9.9295571263E-01
    3794   9.9397694433E-01
    3795   9.9495987025E-01
    3796   9.9589576405E-01
    3797   9.9678568936E-01
    3798   9.9763293191E-01
    3799   9.9843531310E-01
    3800   9.9918138350E-01
    3801   9.9985325068E-01
    3802   1.0004354573E+00
    3803   1.0009260049E+00
    3804   1.0013445116E+00
    3805   1.0017336584E+00
    3806   1.0021529556E+00
    3807   1.0026667520E+00
    3808   1.0033298583E+00
    3809   1.0041741285E+00
    3810   1.0051989826E+00
    3811   1.0063680507E+00
    3812   1.0076131342E+00
    3813   1.0088452100E+00
    3814   1.0099700743E+00
    3815   1.0109041503E+00
    3816   1.0115858780E+00
    3817   1.0119799018E+00
    3818   1.0120745895E+00
    3819   1.0118764283E+00
    3820   1.0114056182E+00
    3821   1.0106952458E+00
    3822   1.0097937357E+00
    3823   1.0087680037E+00
    3824   1.0077043336E+00
    3825   1.0067051692E+00
    3826   1.0058814564E+00
    3827   1.0053409296E+00
    3828   1.0051735557E+00
    3829   1.0054410184E+00
    3830   1.0061450764E+00
    3831   1.0072400131E+00
    3832   1.0086315281E+00
    3833   1.0101726922E+00
    3834   1.0116961070E+00
    3835   1.0130346954E+00
    3836   1.0140445258E+00
    3837   1.0146225319E+00
    3838   1.0147173573E+00
    3839   1.0143329572E+00
    3840   1.0135253978E+00
    3841   1.0123933285E+00
    3842   1.0110631523E+00
    3843   1.0096711123E+00
    3844   1.0083453198E+00
    3845   1.0071903016E+00
    3846   1.0062756987E+00
    3847   1.0056296325E+00
    3848   1.0052370288E+00
    3849   1.0050436743E+00
    3850   1.0049666936E+00
    3851   1.0049104890E+00
    3852   1.0047849831E+00
    3853   1.0045212861E+00
    3854   1.0040803506E+00
    3855   1.0034531317E+00
    3856   1.0026543521E+00
    3857   1.0017139559E+00
    3858   1.0006702164E+00
    3859   9.9956647045E-01
    3860   9.9845123338E-01
    3861   9.9738037298E-01
    3862   9.9641968215E-01
    3863   9.9564598334E-01
    3864   9.9514501005E-01
    3865   9.9500474091E-01
    3866   9.9530408876E-01
    3867   9.9609888347E-01
    3868   9.9740873256E-01
    3869   9.9920848869E-01
    3870   1.0014269017E+00
    3871   1.0039529801E+00
    3872   1.0066485930E+00
    3873   1.0093649708E+00
    3874   1.0119607259E+00
    3875   1.0143377846E+00
    3876   1.0164184342E+00
    3877   1.0180737893E+00
    3878   1.0194230812E+00
    3879   1.0204841067E+00
    3880   1.0213211124E+00
    3881   1.0220015671E+00
    3882   1.0225797687E+00
    3883   1.0230878747E+00
    3884   1.0235322666E+00
    3885   1.0238941949E+00
    3886   1.0241423153E+00
    3887   1.0243028112E+00
    3888   1.0240663257E+00
    3889   1.0236058502E+00
    3890   1.0229029610E+00
    3891   1.0219499339E+00
    3892   1.0208030542E+00
    3893   1.0195425886E+00
    3894   1.0182591788E+00
    3895   1.0170377493E+00
    3896   1.0159411409E+00
    3897   1.0149960595E+00
    3898   1.0141848906E+00
    3899   1.0134470229E+00
    3900   1.0127090348E+00
    3901   1.0118299719E+00
    3902   1.0107361263E+00
    3903   1.0094166793E+00
    3904   1.0078544401E+00
    3905   1.0060980302E+00
    3906   1.0042326657E+00
    3907   1.0023661143E+00
    3908   1.0006134681E+00
    3909   9.9908287781E-01
    3910   9.9786407956E-01
    3911   9.9702140695E-01
    3912   9.9659240899E-01
    3913   9.9659136416E-01
    3914   9.9701490831E-01
    3915   9.9784641077E-01
    3916   9.9905733910E-01
    3917   1.0006063865E+00
    3918   1.0024389946E+00
    3919   1.0044893537E+00
    3920   1.0066845781E+00
    3921   1.0089488047E+00
    3922   1.0112053371E+00
    3923   1.0133770577E+00
    3924   1.0153874319E+00
    3925   1.0171641918E+00
    3926   1.0186453235E+00
    3927   1.0197848063E+00
    3928   1.0205559292E+00
    3929   1.0209523145E+00
    3930   1.0209889204E+00
    3931   1.0207133374E+00
    3932   1.0202341676E+00
    3933   1.0194666592E+00
    3934   1.0186889551E+00
    3935   1.0179819123E+00
    3936   1.0174206759E+00
    3937   1.0170658485E+00
    3938   1.0169371102E+00
    3939   1.0170094067E+00
    3940   1.0172145546E+00
    3941   1.0174488944E+00
    3942   1.0175881972E+00
    3943   1.0175091167E+00
    3944   1.0171127915E+00
    3945   1.0163454963E+00
    3946   1.0152318242E+00
    3947   1.0137272071E+00
    3948   1.0119998187E+00
    3949   1.0101686313E+00
    3950   1.0083463472E+00
    3951   1.0066593321E+00
    3952   1.0052146413E+00
    3953   1.0040848978E+00
    3954   1.0032989326E+00
    3955   1.0028415322E+00
    3956   1.0026622776E+00
    3957   1.0026902064E+00
    3958   1.0028501589E+00
    3959   1.0030778986E+00
    3960   1.0033327545E+00
    3961   1.0036065509E+00
    3962   1.0039262446E+00
    3963   1.0043472709E+00
    3964   1.0049370509E+00
    3965   1.0057524251E+00
    3966   1.0068181995E+00
    3967   1.0081137562E+00
    3968   1.0095708630E+00
    3969   1.0110812674E+00
    3970   1.0125105320E+00
    3971   1.0137152863E+00
    3972   1.0145627776E+00
    3973   1.0149515417E+00
    3974   1.0148296988E+00
    3975   1.0142052764E+00
    3976   1.0131459367E+00
    3977   1.0117745074E+00
    3978   1.0101669559E+00
    3979   1.0085134058E+00
    3980   1.0069220870E+00
    3981   1.0054775964E+00
    3982   1.0042455783E+00
    3983   1.0032665064E+00
    3984   1.0025608367E+00
    3985   1.0021363038E+00
    3986   1.0019944811E+00
    3987   1.0021331447E+00
    3988   1.0025428373E+00
    3989   1.0031995282E+00
    3990   1.0040580540E+00
    3991   1.0050508515E+00
    3992   1.0060933753E+00
    3993   1.0070939547E+00
    3994   1.0079644545E+00
    3995   1.0086293652E+00
    3996   1.0090330766E+00
    3997   1.0091457559E+00
    3998   1.0089669948E+00
    3999   1.0085250945E+00
    4000   1.0078706899E+00
    4001   1.0070661809E+00
    4002   1.0061749062E+00
    4003   1.0052539748E+00
    4004   1.0043520834E+00
    4005   1.0035107087E+00
    4006   1.0027660639E+00
    4007   1.0021502595E+00
    4008   1.0016915874E+00
    4009   1.0014141378E+00
    4010   1.0013360653E+00
    4011   1.0014653288E+00
    4012   1.0017930405E+00
    4013   1.0022870855E+00
    4014   1.0028903573E+00
    4015   1.0035270536E+00
    4016   1.0041170415E+00
    4017   1.0045943680E+00
    4018   1.0049240400E+00
    4019   1.0051120524E+00
    4020   1.0052062391E+00
    4021   1.0052881608E+00
    4022   1.0054579419E+00
    4023   1.0058149896E+00
    4024   1.0064384974E+00
    4025   1.0073722782E+00
    4026   1.0086314431E+00
    4027   1.0101554364E+00
    4028   1.0118713064E+00
    4029   1.0137101272E+00
    4030   1.0155710284E+00
    4031   1.0173653808E+00
    4032   1.0190157674E+00
    4033   1.0204616068E+00
    4034   1.0216632803E+00
    4035   1.0226031332E+00
    4036   1.0232817895E+00
    4037   1.0237100976E+00
    4038   1.0238992325E+00
    4039   1.0239226478E+00
    4040   1.0236188485E+00
    4041   1.0229877377E+00
    4042   1.0221322295E+00
    4043   1.0209667733E+00
    4044   1.0194924018E+00
    4045   1.0177416492E+00
    4046   1.0157844236E+00
    4047   1.0137244805E+00
    4048   1.0116864143E+00
    4049   1.0097968894E+00
    4050   1.0081657831E+00
    4051   1.0068720864E+00
    4052   1.0059568107E+00
    4053   1.0054226137E+00
    4054   1.0052386366E+00
    4055   1.0053489126E+00
    4056   1.0056826925E+00
    4057   1.0061647043E+00
    4058   1.0067231751E+00
    4059   1.0072942313E+00
    4060   1.0078323039E+00
    4061   1.0082680690E+00
    4062   1.0085686698E+00
    4063   1.0087158252E+00
    4064   1.0086885519E+00
    4065   1.0084895913E+00
    4066   1.0081412576E+00
    4067   1.0076852711E+00
    4068   1.0071808419E+00
    4069   1.0067009335E+00
    4070   1.0063259841E+00
    4071   1.0061344795E+00
    4072   1.0061910336E+00
    4073   1.0065342983E+00
    4074   1.0071677959E+00
    4075   1.0080561363E+00
    4076   1.0091275807E+00
    4077   1.0102825086E+00
    4078   1.0114065412E+00
    4079   1.0123865989E+00
    4080   1.0131273482E+00
    4081   1.0135645081E+00
    4082   1.0136713507E+00
    4083   1.0134564491E+00
    4084   1.0129539886E+00
    4085   1.0122110539E+00
    4086   1.0112867291E+00
    4087   1.0102098183E+00
    4088   1.0090143674E+00
    4089   1.0077861104E+00
    4090   1.0065587809E+00
    4091   1.0053910557E+00
    4092   1.0043468763E+00
    4093   1.0034901658E+00
    4094   1.0028769700E+00
    4095   1.0025461383E+00
    4096   1.0025109898E+00
    4097   1.0027549173E+00
    4098   1.0032329785E+00
    4099   1.0038794445E+00
    4100   1.0046191211E+00
    4101   1.0053792770E+00
    4102   1.0060995484E+00
    4103   1.0067385013E+00
    4104   1.0072764164E+00
    4105   1.0077139726E+00
    4106   1.0080665091E+00
    4107   1.0083543752E+00
    4108   1.0085915759E+00
    4109   1.0087764466E+00
    4110   1.0088880589E+00
    4111   1.0088901272E+00
    4112   1.0087413486E+00
    4113   1.0084088980E+00
    4114   1.0078811326E+00
    4115   1.0071762378E+00
    4116   1.0063446854E+00
    4117   1.0054645084E+00
    4118   1.0046297137E+00
    4119   1.0039339421E+00
    4120   1.0034533381E+00
    4121   1.0032334480E+00
    4122   1.0032838903E+00
    4123   1.0035817880E+00
    4124   1.0040818890E+00
    4125   1.0047295158E+00
    4126   1.0054726289E+00
    4127   1.0062707442E+00
    4128   1.0071029546E+00
    4129   1.0079676951E+00
    4130   1.0088448338E+00
    4131   1.0097729161E+00
    4132   1.0107534316E+00
    4133   1.0117772882E+00
    4134   1.0128140699E+00
    4135   1.0138098880E+00
    4136   1.0146924313E+00
    4137   1.0153806471E+00
    4138   1.0157969331E+00
    4139   1.0158798625E+00
    4140   1.0155954826E+00
    4141   1.0149448181E+00
    4142   1.0139650963E+00
    4143   1.0127234065E+00
    4144   1.0113040611E+00
    4145   1.0097935090E+00
    4146   1.0082675310E+00
    4147   1.0067839939E+00
    4148   1.0053817461E+00
    4149   1.0040840556E+00
    4150   1.0029043619E+00
    4151   1.0018526589E+00
    4152   1.0009413957E+00
    4153   1.0001897247E+00
    4154   9.9962468521E-01
    4155   9.9927836343E-01
    4156   9.9918152406E-01
    4157   9.9935588305E-01
    4158   9.9980783669E-01
    4159   1.0005255194E+00
    4160   1.0014792454E+00
    4161   1.0026240411E+00
    4162   1.0039066906E+00
    4163   1.0052562355E+00
    4164   1.0066002630E+00
    4165   1.0078726085E+00
    4166   1.0090068582E+00
    4167   1.0099475820E+00
    4168   1.0106512622E+00
    4169   1.0110876516E+00
    4170   1.0112413233E+00
    4171   1.0111138575E+00
    4172   1.0107255857E+00
    4173   1.0101149957E+00
    4174   1.0093347119E+00
    4175   1.0084447955E+00
    4176   1.0075054185E+00
    4177   1.0065707417E+00
    4178   1.0056845385E+00
    4179   1.0048770946E+00
    4180   1.0041631176E+00
    4181   1.0035413725E+00
    4182   1.0029972352E+00
    4183   1.0025084883E+00
    4184   1.0020529517E+00
    4185   1.0016153198E+00
    4186   1.0011909091E+00
    4187   1.0007856822E+00
    4188   1.0004136033E+00
    4189   1.0000929724E+00
    4190   9.9984284587E-01
    4191   9.9967988719E-01
    4192   9.9961585114E-01
    4193   9.9965631425E-01
    4194   9.9980137478E-01
    4195   1.0000482324E+00
    4196   1.0003942115E+00
    4197   1.0008380488E+00
    4198   1.0013780201E+00
    4199   1.0020074592E+00
    4200   1.0027100639E+00
    4201   1.0034577753E+00
    4202   1.0042127537E+00
    4203   1.0049330240E+00
    4204   1.0055800275E+00
    4205   1.0061261046E+00
    4206   1.0065603577E+00
    4207   1.0068916097E+00
    4208   1.0071471998E+00
    4209   1.0073667868E+00
    4210   1.0075917634E+00
    4211   1.0078529648E+00
    4212   1.0081673406E+00
    4213   1.0085135134E+00
    4214   1.0088407065E+00
    4215   1.0091273107E+00
    4216   1.0093156810E+00
    4217   1.0093681225E+00
    4218   1.0092653287E+00
    4219   1.0090101790E+00
    4220   1.0086273097E+00
    4221   1.0081581577E+00
    4222   1.0076522973E+00
    4223   1.0071572850E+00
    4224   1.0067100740E+00
    4225   1.0063324372E+00
    4226   1.0060308855E+00
    4227   1.0057995462E+00
    4228   1.0056237280E+00
    4229   1.0054827827E+00
    4230   1.0053524217E+00
    4231   1.0052074750E+00
    4232   1.0050256338E+00
    4233   1.0047915797E+00
    4234   1.0045002049E+00
    4235   1.0041579439E+00
    4236   1.0037821193E+00
    4237   1.0033987633E+00
    4238   1.0030392446E+00
    4239   1.0027356749E+00
    4240   1.0025152536E+00
    4241   1.0023945732E+00
    4242   1.0023757563E+00
    4243   1.0024461472E+00
    4244   1.0025819357E+00
    4245   1.0027543174E+00
    4246   1.0029357876E+00
    4247   1.0031045727E+00
    4248   1.0032465439E+00
    4249   1.0033551567E+00
    4250   1.0034302473E+00
    4251   1.0034760854E+00
    4252   1.0034987127E+00
    4253   1.0035028612E+00
    4254   1.0034893833E+00
    4255   1.0034543574E+00
    4256   1.0033903925E+00
    4257   1.0032895136E+00
    4258   1.0031462564E+00
    4259   1.0029598316E+00
    4260   1.0027351533E+00
    4261   1.0024832596E+00
    4262   1.0022215436E+00
    4263   1.0019734844E+00
    4264   1.0017670441E+00
    4265   1.0016312641E+00
    4266   1.0015916435E+00
    4267   1.0016661507E+00
    4268   1.0018612721E+00
    4269   1.0021722985E+00
    4270   1.0025856803E+00
    4271   1.0030785020E+00
    4272   1.0036224644E+00
    4273   1.0041863627E+00
    4274   1.0047394384E+00
    4275   1.0052547602E+00
    4276   1.0057117153E+00
    4277   1.0060969350E+00
    4278   1.0064038464E+00
    4279   1.0066317942E+00
    4280   1.0067856178E+00
    4281   1.0068757335E+00
    4282   1.0069179255E+00
    4283   1.0069320031E+00
    4284   1.0069393005E+00
    4285   1.0069599441E+00
    4286   1.0070110403E+00
    4287   1.0071062440E+00
    4288   1.0072561724E+00
    4289   1.0074686321E+00
    4290   1.0077479455E+00
    4291   1.0080933759E+00
    4292   1.0084971426E+00
    4293   1.0089425531E+00
    4294   1.0094026739E+00
    4295   1.0098401051E+00
    4296   1.0102087594E+00
    4297   1.0104585222E+00
    4298   1.0105427945E+00
    4299   1.0104274036E+00
    4300   1.0100981309E+00
    4301   1.0095641168E+00
    4302   1.0088581456E+00
    4303   1.0080278764E+00
    4304   1.0071002665E+00
    4305   1.0061547085E+00
    4306   1.0052212307E+00
    4307   1.0043253415E+00
    4308   1.0034821298E+00
    4309   1.0026970930E+00
    4310   1.0019703632E+00
    4311   1.0013012569E+00
    4312   1.0006916676E+00
    4313   1.0001472975E+00
    4314   9.9967670918E-01
    4315   9.9928913549E-01
    4316   9.9899232515E-01
    4317   9.9879127947E-01
    4318   9.9868796251E-01
    4319   9.9868155190E-01
    4320   9.9876883741E-01
    4321   9.9894474004E-01
    4322   9.9920312591E-01
    4323   9.9953786173E-01
    4324   9.9994360964E-01
    4325   1.0004156721E+00
    4326   1.0009485751E+00
    4327   1.0015338382E+00
    4328   1.0021579919E+00
    4329   1.0028019358E+00
    4330   1.0034421798E+00
    4331   1.0040537719E+00
    4332   1.0046141906E+00
    4333   1.0051072814E+00
    4334   1.0055262711E+00
    4335   1.0058748650E+00
    4336   1.0061655756E+00
    4337   1.0064150316E+00
    4338   1.0066371275E+00
    4339   1.0068360543E+00
    4340   1.0070017657E+00
    4341   1.0071098358E+00
    4342   1.0071261434E+00
    4343   1.0070151402E+00
    4344   1.0067493762E+00
    4345   1.0063177958E+00
    4346   1.0057308235E+00
    4347   1.0050210479E+00
    4348   1.0042391755E+00
    4349   1.0034458922E+00
    4350   1.0027013098E+00
    4351   1.0020544805E+00
    4352   1.0015355690E+00
    4353   1.0011524739E+00
    4354   1.0008922743E+00
    4355   1.0007264947E+00
    4356   1.0006184125E+00
    4357   1.0005306214E+00
    4358   1.0004315110E+00
    4359   1.0002998242E+00
    4360   1.0001268108E+00
    4361   9.9991582421E-01
    4362   9.9967969233E-01
    4363   9.9943677414E-01
    4364   9.9920698313E-01
    4365   9.9900891200E-01
    4366   9.9885853769E-01
    4367   9.9876919118E-01
    4368   9.9875199950E-01
    4369   9.9881604979E-01
    4370   9.9896790906E-01
    4371   9.9921051300E-01
    4372   9.9954160923E-01
    4373   9.9995198195E-01
    4374   1.0004238110E+00
    4375   1.0009297950E+00
    4376   1.0014338872E+00
    4377   1.0018943270E+00
    4378   1.0022689735E+00
    4379   1.0025220063E+00
    4380   1.0026303471E+00
    4381   1.0025880849E+00
    4382   1.0024077644E+00
    4383   1.0021182893E+00
    4384   1.0017599798E+00
    4385   1.0013778049E+00
    4386   1.0010140363E+00
    4387   1.0007016681E+00
    4388   1.0004598909E+00
    4389   1.0002925624E+00
    4390   1.0001899221E+00
    4391   1.0001329197E+00
    4392   1.0000988577E+00
    4393   1.0000668786E+00
    4394   1.0000221834E+00
    4395   9.9995845010E-01
    4396   9.9987839554E-01
    4397   9.9979265752E-01
    4398   9.9971730882E-01
    4399   9.9967052447E-01
    4400   9.9966919411E-01
    4401   9.9972635692E-01
    4402   9.9985002660E-01
    4403   1.0000433366E+00
    4404   1.0003053445E+00
    4405   1.0006316770E+00
    4406   1.0010145524E+00
    4407   1.0014422882E+00
    4408   1.0018987619E+00
    4409   1.0023632621E+00
    4410   1.0028109020E+00
    4411   1.0032136134E+00
    4412   1.0035418081E+00
    4413   1.0037669177E+00
    4414   1.0038648674E+00
    4415   1.0038200316E+00
    4416   1.0036286560E+00
    4417   1.0033005666E+00
    4418   1.0028584450E+00
    4419   1.0023347883E+00
    4420   1.0017673910E+00
    4421   1.0011944232E+00
    4422   1.0006499721E+00
    4423   1.0001605926E+00
    4424   9.9974321611E-01
    4425   9.9940468073E-01
    4426   9.9914294143E-01
    4427   9.9894960783E-01
    4428   9.9881301567E-01
    4429   9.9872089716E-01
    4430   9.9866204100E-01
    4431   9.9862693221E-01
    4432   9.9860782375E-01
    4433   9.9859872273E-01
    4434   9.9859544579E-01
    4435   9.9859556739E-01
    4436   9.9859806199E-01
    4437   9.9860271441E-01
    4438   9.9860964316E-01
    4439   9.9861926247E-01
    4440   9.9863269508E-01
    4441   9.9865232052E-01
    4442   9.9868208997E-01
    4443   9.9872747851E-01
    4444   9.9879521619E-01
    4445   9.9889295870E-01
    4446   9.9902880342E-01
    4447   9.9921030183E-01
    4448   9.9944268311E-01
    4449   9.9972644412E-01
    4450   1.0000549958E+00
    4451   1.0004133028E+00
    4452   1.0007782266E+00
    4453   1.0011207425E+00
    4454   1.0014096672E+00
    4455   1.0016162216E+00
    4456   1.0017186427E+00
    4457   1.0017059993E+00
    4458   1.0015803594E+00
    4459   1.0013566330E+00
    4460   1.0010599449E+00
    4461   1.0007211676E+00
    4462   1.0003718856E+00
    4463   1.0000401751E+00
    4464   9.9974808547E-01
    4465   9.9951091148E-01
    4466   9.9933773320E-01
    4467   9.9923253460E-01
    4468   9.9919539831E-01
    4469   9.9922351239E-01
    4470   9.9931181215E-01
    4471   9.9945308077E-01
    4472   9.9963746031E-01
    4473   9.9985166335E-01
    4474   1.0000785369E+00
    4475   1.0002976910E+00
    4476   1.0004875055E+00
    4477   1.0006281550E+00
    4478   1.0007047711E+00
    4479   1.0007098066E+00
    4480   1.0006440577E+00
    4481   1.0005163089E+00
    4482   1.0003418886E+00
    4483   1.0001404784E+00
    4484   9.9993350762E-01
    4485   9.9974153315E-01
    4486   9.9958211831E-01
    4487   9.9946866388E-01
    4488   9.9941028305E-01
    4489   9.9941230766E-01
    4490   9.9947671530E-01
    4491   9.9960193140E-01
    4492   9.9978200550E-01
    4493   1.0000057117E+00
    4494   1.0002563096E+00
    4495   1.0005124394E+00
    4496   1.0007501469E+00
    4497   1.0009456731E+00
    4498   1.0010785233E+00
    4499   1.0011343541E+00
    4500   1.0011072108E+00
    4501   1.0010005870E+00
    4502   1.0008268609E+00
    4503   1.0006050242E+00
    4504   1.0003572066E+00
    4505   1.0001049639E+00
    4506   9.9986634293E-01
    4507   9.9965430065E-01
    4508   9.9947645044E-01
    4509   9.9933570237E-01
    4510   9.9923134467E-01
    4511   9.9916033213E-01
    4512   9.9911872188E-01
    4513   9.9910316603E-01
    4514   9.9911222329E-01
    4515   9.9914719876E-01
    4516   9.9921235782E-01
    4517   9.9931457003E-01
    4518   9.9946251983E-01
    4519   9.9966550758E-01
    4520   9.9993171660E-01
    4521   1.0002658780E+00
    4522   1.0006665999E+00
    4523   1.0011240470E+00
    4524   1.0016188379E+00
    4525   1.0021227899E+00
    4526   1.0026015837E+00
    4527   1.0030188507E+00
    4528   1.0033408709E+00
    4529   1.0035410472E+00
    4530   1.0036034582E+00
    4531   1.0035249370E+00
    4532   1.0033152852E+00
    4533   1.0029955152E+00
    4534   1.0025944537E+00
    4535   1.0021444861E+00
    4536   1.0016774164E+00
    4537   1.0012212281E+00
    4538   1.0007980771E+00
    4539   1.0004234127E+00
    4540   1.0001059465E+00
    4541   9.9984824480E-01
    4542   9.9964783428E-01
    4543   9.9949869142E-01
    4544   9.9939284654E-01
    4545   9.9932175075E-01
    4546   9.9927716843E-01
    4547   9.9925162564E-01
    4548   9.9923865719E-01
    4549   9.9923307365E-01
    4550   9.9923124462E-01
    4551   9.9923118773E-01
    4552   9.9923227345E-01
    4553   9.9923459847E-01
    4554   9.9923832917E-01
    4555   9.9924334178E-01
    4556   9.9924925755E-01
    4557   9.9925568810E-01
    4558   9.9926240694E-01
    4559   9.9926931156E-01
    4560   9.9927627349E-01
    4561   9.9928307081E-01
    4562   9.9928948272E-01
    4563   9.9929543495E-01
    4564   9.9930101923E-01
    4565   9.9930633729E-01
    4566   9.9931131012E-01
    4567   9.9931565197E-01
    4568   9.9931906975E-01
    4569   9.9932153900E-01
    4570   9.9932342659E-01
    4571   9.9932535592E-01
    4572   9.9932792315E-01
    4573   9.9933148008E-01
    4574   9.9933611095E-01
    4575   9.9934174555E-01
    4576   9.9934825104E-01
    4577   9.9935541428E-01
    4578   9.9936287947E-01
    4579   9.9937017625E-01
    4580   9.9937688801E-01
    4581   9.9938285459E-01
    4582   9.9938824010E-01
    4583   9.9939339559E-01
    4584   9.9939861940E-01
    4585   9.9940400342E-01
    4586   9.9940947051E-01
    4587   9.9941493731E-01
    4588   9.9942043534E-01
    4589   9.9942608235E-01
    4590   9.9943194896E-01
    4591   9.9943796567E-01
    4592   9.9944396880E-01
    4593   9.9944984282E-01
    4594   9.9945562040E-01
    4595   9.9946144241E-01
    4596   9.9946741553E-01
    4597   9.9947350355E-01
    4598   9.9947955623E-01
    4599   9.9948544866E-01
    4600   9.9949120155E-01
    4601   9.9949697390E-01
    4602   9.9950294010E-01
    4603   9.9950916788E-01
    4604   9.9951560338E-01
    4605   9.9952216061E-01
    4606   9.9952881327E-01
    4607   9.9953559418E-01
    4608   9.9954251136E-01
    4609   9.9954948609E-01
    4610   9.9955641061E-01
    4611   9.9956331190E-01
    4612   9.9957049629E-01
    4613   9.9957854025E-01
    4614   9.9958809837E-01
    4615   9.9959962977E-01
    4616   9.9961319249E-01
    4617   9.9962839217E-01
    4618   9.9964446401E-01
    4619   9.9966040942E-01
    4620   9.9967513464E-01
    4621   9.9968759711E-01
    4622   9.9969698246E-01
    4623   9.9970288918E-01
    4624   9.9970544258E-01
    4625   9.9970526442E-01
    4626   9.9970330398E-01
    4627   9.9970063111E-01
    4628   9.9969832479E-01
    4629   9.9969753833E-01
    4630   9.9969973568E-01
    4631   9.9970704570E-01
    4632   9.9972269676E-01
    4633   9.9975152660E-01
    4634   9.9980054135E-01
    4635   9.9987939633E-01
    4636   1.0000005370E+00
    4637   1.0001786593E+00
    4638   1.0004291925E+00
    4639   1.0007656926E+00
    4640   1.0011963225E+00
    4641   1.0017199426E+00
    4642   1.0023226536E+00
    4643   1.0029758401E+00
    4644   1.0036367156E+00
    4645   1.0042519851E+00
    4646   1.0047645136E+00
    4647   1.0051219885E+00
    4648   1.0052857951E+00
    4649   1.0052380089E+00
    4650   1.0049847338E+00
    4651   1.0045549236E+00
    4652   1.0039950198E+00
    4653   1.0033607962E+00
    4654   1.0027083986E+00
    4655   1.0020865892E+00
    4656   1.0015314574E+00
    4657   1.0010635810E+00
    4658   1.0006913425E+00
    4659   1.0004104737E+00
    4660   1.0002099723E+00
    4661   1.0000757076E+00
    4662   9.9999355851E-01
    4663   9.9995162796E-01
    4664   9.9994140253E-01
    4665   9.9995801249E-01
    4666   9.9999980143E-01
    4667   1.0000673911E+00
    4668   1.0001623921E+00
    4669   1.0002859121E+00
    4670   1.0004370512E+00
    4671   1.0006116377E+00
    4672   1.0008014869E+00
    4673   1.0009944411E+00
    4674   1.0011753376E+00
    4675   1.0013278557E+00
    4676   1.0014369653E+00
    4677   1.0014914967E+00
    4678   1.0014862680E+00
    4679   1.0014232881E+00
    4680   1.0013117909E+00
    4681   1.0011671711E+00
    4682   1.0010091692E+00
    4683   1.0008597872E+00
    4684   1.0007413767E+00
    4685   1.0006751314E+00
    4686   1.0006799500E+00
    4687   1.0007713995E+00
    4688   1.0009604275E+00
    4689   1.0012515857E+00
    4690   1.0016408386E+00
    4691   1.0021134338E+00
    4692   1.0026426435E+00
    4693   1.0031902862E+00
    4694   1.0037096799E+00
    4695   1.0041510873E+00
    4696   1.0044689480E+00
    4697   1.0046295095E+00
    4698   1.0046171384E+00
    4699   1.0044377710E+00
    4700   1.0041186198E+00
    4701   1.0037041833E+00
    4702   1.0032494820E+00
    4703   1.0028119900E+00
    4704   1.0024437931E+00
    4705   1.0021851668E+00
    4706   1.0020602307E+00
    4707   1.0020748522E+00
    4708   1.0022166961E+00
    4709   1.0024572323E+00
    4710   1.0027555138E+00
    4711   1.0030634705E+00
    4712   1.0033322530E+00
    4713   1.0035188631E+00
    4714   1.0035920461E+00
    4715   1.0035363715E+00
    4716   1.0033536812E+00
    4717   1.0030616123E+00
    4718   1.0026895657E+00
    4719   1.0022730726E+00
    4720   1.0018478258E+00
    4721   1.0014445950E+00
    4722   1.0010858854E+00
    4723   1.0007846605E+00
    4724   1.0005449297E+00
    4725   1.0003636325E+00
    4726   1.0002331158E+00
    4727   1.0001435663E+00
    4728   1.0000849662E+00
    4729   1.0000483808E+00
    4730   1.0000265926E+00
    4731   1.0000142263E+00
    4732   1.0000075532E+00
    4733   1.0000041483E+00
    4734   1.0000025266E+00
    4735   1.0000018277E+00
    4736   1.0000015781E+00
    4737   1.0000015283E+00
    4738   1.0000015512E+00
    4739   1.0000015830E+00
    4740   1.0000015922E+00
    4741   1.0000015644E+00
    4742   1.0000014946E+00
    4743   1.0000013849E+00
    4744   1.0000012419E+00
    4745   1.0000010753E+00
    4746   1.0000008967E+00
    4747   1.0000007177E+00
    4748   1.0000005481E+00
    4749   1.0000003956E+00
    4750   1.0000002651E+00
    4751   1.0000001584E+00
    4752   1.0000000752E+00
    4753   1.0000000139E+00
    4754   9.9999997197E-01
    4755   9.9999994675E-01
    4756   9.9999993596E-01
    4757   9.9999993778E-01
    4758   9.9999995090E-01
    4759   9.9999997435E-01
    4760   1.0000000074E+00
    4761   1.0000000492E+00
    4762   1.0000000990E+00
    4763   1.0000001556E+00
    4764   1.0000002175E+00
    4765   1.0000002828E+00
    4766   1.0000003491E+00
    4767   1.0000004135E+00
    4768   1.0000004724E+00
    4769   1.0000005221E+00
    4770   1.0000005588E+00
    4771   1.0000005793E+00
    4772   1.0000005816E+00
    4773   1.0000005650E+00
    4774   1.0000005305E+00
    4775   1.0000004812E+00
    4776   1.0000004210E+00
    4777   1.0000003548E+00
    4778   1.0000002875E+00
    4779   1.0000002232E+00
    4780   1.0000001651E+00
    4781   1.0000001150E+00
    4782   1.0000000735E+00
    4783   1.0000000403E+00
    4784   1.0000000146E+00
    4785   9.9999999527E-01
    4786   9.9999998130E-01
    4787   9.9999997193E-01
    4788   9.9999996674E-01
    4789   9.9999996559E-01
    4790   9.9999996847E-01
    4791   9.9999997535E-01
    4792   9.9999998601E-01
    4793   9.9999999988E-01
    4794   1.0000000161E+00
    4795   1.0000000332E+00
    4796   1.0000000499E+00
    4797   1.0000000646E+00
    4798   1.0000000760E+00
    4799   1.0000000832E+00
    4800   1.0000000860E+00
    4801   1.0000000850E+00
    4802   1.0000000813E+00
    4803   1.0000000765E+00
    4804   1.0000000723E+00
    4805   1.0000000702E+00
    4806   1.0000000714E+00
    4807   1.0000000761E+00
    4808   1.0000000841E+00
    4809   1.0000000943E+00
    4810   1.0000001049E+00
    4811   1.0000001143E+00
    4812   1.0000001206E+00
    4813   1.0000001224E+00
    4814   1.0000001190E+00
    4815   1.0000001104E+00
    4816   1.0000000975E+00
    4817   1.0000000819E+00
    4818   1.0000000657E+00
    4819   1.0000000514E+00
    4820   1.0000000415E+00
    4821   1.0000000380E+00
    4822   1.0000000428E+00
    4823   1.0000000567E+00
    4824   1.0000000798E+00
    4825   1.0000001113E+00
    4826   1.0000001491E+00
    4827   1.0000001905E+00
    4828   1.0000002321E+00
    4829   1.0000002703E+00
    4830   1.0000003020E+00
    4831   1.0000003245E+00
    4832   1.0000003367E+00
    4833   1.0000003387E+00
    4834   1.0000003322E+00
    4835   1.0000003200E+00
    4836   1.0000003056E+00
    4837   1.0000002929E+00
    4838   1.0000002849E+00
    4839   1.0000002837E+00
    4840   1.0000002900E+00
    4841   1.0000003034E+00
    4842   1.0000003221E+00
    4843   1.0000003441E+00
    4844   1.0000003670E+00
    4845   1.0000003892E+00
    4846   1.0000004097E+00
    4847   1.0000004284E+00
    4848   1.0000004456E+00
    4849   1.0000004622E+00
    4850   1.0000004786E+00
    4851   1.0000004948E+00
    4852   1.0000005104E+00
    4853   1.0000005243E+00
    4854   1.0000005353E+00
    4855   1.0000005423E+00
    4856   1.0000005444E+00
    4857   1.0000005413E+00
    4858   1.0000005327E+00
    4859   1.0000005189E+00
    4860   1.0000005001E+00
    4861   1.0000004763E+00
    4862   1.0000004475E+00
    4863   1.0000004140E+00
    4864   1.0000003762E+00
    4865   1.0000003349E+00
    4866   1.0000002915E+00
    4867   1.0000002475E+00
    4868   1.0000002049E+00
    4869   1.0000001653E+00
    4870   1.0000001301E+00
    4871   1.0000001004E+00
    4872   1.0000000764E+00
    4873   1.0000000580E+00
    4874   1.0000000446E+00
    4875   1.0000000353E+00
    4876   1.0000000291E+00
    4877   1.0000000250E+00
    4878   1.0000000223E+00
    4879   1.0000000203E+00
    4880   1.0000000186E+00
    4881   1.0000000173E+00
    4882   1.0000000163E+00
    4883   1.0000000156E+00
    4884   1.0000000156E+00
    4885   1.0000000161E+00
    4886   1.0000000175E+00
    4887   1.0000000196E+00
    4888   1.0000000225E+00
    4889   1.0000000263E+00
    4890   1.0000000310E+00
    4891   1.0000000365E+00
    4892   1.0000000430E+00
    4893   1.0000000503E+00
    4894   1.0000000584E+00
    4895   1.0000000671E+00
    4896   1.0000000764E+00
    4897   1.0000000862E+00
    4898   1.0000000964E+00
    4899   1.0000001072E+00
    4900   1.0000001188E+00
    4901   1.0000001319E+00
    4902   1.0000001469E+00
    4903   1.0000001643E+00
    4904   1.0000001844E+00
    4905   1.0000002071E+00
    4906   1.0000002315E+00
    4907   1.0000002566E+00
    4908   1.0000002807E+00
    4909   1.0000003017E+00
    4910   1.0000003178E+00
    4911   1.0000003274E+00
    4912   1.0000003295E+00
    4913   1.0000003239E+00
    4914   1.0000003113E+00
    4915   1.0000002930E+00
    4916   1.0000002708E+00
    4917   1.0000002464E+00
    4918   1.0000002215E+00
    4919   1.0000001974E+00
    4920   1.0000001748E+00
    4921   1.0000001541E+00
    4922   1.0000001354E+00
    4923   1.0000001188E+00
    4924   1.0000001045E+00
    4925   1.0000000927E+00
    4926   1.0000000839E+00
    4927   1.0000000784E+00
    4928   1.0000000764E+00
    4929   1.0000000778E+00
    4930   1.0000000820E+00
    4931   1.0000000881E+00
    4932   1.0000000950E+00
    4933   1.0000001012E+00
    4934   1.0000001057E+00
    4935   1.0000001074E+00
    4936   1.0000001057E+00
    4937   1.0000001007E+00
    4938   1.0000000925E+00
    4939   1.0000000821E+00
    4940   1.0000000705E+00
    4941   1.0000000587E+00
    4942   1.0000000478E+00
    4943   1.0000000390E+00
    4944   1.0000000330E+00
    4945   1.0000000304E+00
    4946   1.0000000318E+00
    4947   1.0000000372E+00
    4948   1.0000000469E+00
    4949   1.0000000605E+00
    4950   1.0000000778E+00
    4951   1.0000000981E+00
    4952   1.0000001207E+00
    4953   1.0000001447E+00
    4954   1.0000001689E+00
    4955   1.0000001922E+00
    4956   1.0000002136E+00
    4957   1.0000002320E+00
    4958   1.0000002463E+00
    4959   1.0000002560E+00
    4960   1.0000002602E+00
    4961   1.0000002589E+00
    4962   1.0000002520E+00
    4963   1.0000002400E+00
    4964   1.0000002238E+00
    4965   1.0000002046E+00
    4966   1.0000001839E+00
    4967   1.0000001635E+00
    4968   1.0000001451E+00
    4969   1.0000001301E+00
    4970   1.0000001196E+00
    4971   1.0000001144E+00
    4972   1.0000001144E+00
    4973   1.0000001191E+00
    4974   1.0000001275E+00
    4975   1.0000001382E+00
    4976   1.0000001492E+00
    4977   1.0000001590E+00
    4978   1.0000001660E+00
    4979   1.0000001691E+00
    4980   1.0000001678E+00
    4981   1.0000001621E+00
    4982   1.0000001527E+00
    4983   1.0000001407E+00
    4984   1.0000001274E+00
    4985   1.0000001142E+00
    4986   1.0000001022E+00
    4987   1.0000000923E+00
    4988   1.0000000847E+00
    4989   1.0000000795E+00
    4990   1.0000000763E+00
    4991   1.0000000745E+00
    4992   1.0000000735E+00
    4993   1.0000000725E+00
    4994   1.0000000710E+00
    4995   1.0000000686E+00
    4996   1.0000000653E+00
    4997   1.0000000610E+00
    4998   1.0000000559E+00
    4999   1.0000000504E+00
    5000   1.0000000447E+00
    5001   1.0000000391E+00
    5002   1.0000000337E+00
    5003   1.0000000286E+00
    5004   1.0000000239E+00
    5005   1.0000000196E+00
    5006   1.0000000157E+00
    5007   1.0000000121E+00
    5008   1.0000000090E+00
    5009   1.0000000063E+00
    5010   1.0000000040E+00
    5011   1.0000000021E+00
    5012   1.0000000009E+00
    5013   1.0000000002E+00
    5014   1.0000000000E+00
    5015   1.0000000005E+00
    5016   1.0000000015E+00
    5017   1.0000000031E+00
    5018   1.0000000049E+00
    5019   1.0000000070E+00
    5020   1.0000000090E+00
    5021   1.0000000108E+00
    5022   1.0000000121E+00
    5023   1.0000000128E+00
    5024   1.0000000128E+00
    5025   1.0000000121E+00
    5026   1.0000000108E+00
    5027   1.0000000090E+00
    5028   1.0000000070E+00
    5029   1.0000000050E+00
    5030   1.0000000032E+00
    5031   1.0000000018E+00
    5032   1.0000000010E+00
    5033   1.0000000008E+00
    5034   1.0000000013E+00
    5035   1.0000000024E+00
    5036   1.0000000041E+00
    5037   1.0000000061E+00
    5038   1.0000000083E+00
    5039   1.0000000105E+00
    5040   1.0000000123E+00
    5041   1.0000000136E+00
    5042   1.0000000142E+00
    5043   1.0000000142E+00
    5044   1.0000000134E+00
    5045   1.0000000121E+00
    5046   1.0000000104E+00
    5047   1.0000000085E+00
    5048   1.0000000066E+00
    5049   1.0000000049E+00
    5050   1.0000000035E+00
    5051   1.0000000024E+00
    5052   1.0000000019E+00
    5053   1.0000000020E+00
    5054   1.0000000028E+00
    5055   1.0000000044E+00
    5056   1.0000000071E+00
    5057   1.0000000111E+00
    5058   1.0000000166E+00
    5059   1.0000000240E+00
    5060   1.0000000332E+00
    5061   1.0000000443E+00
    5062   1.0000000567E+00
    5063   1.0000000699E+00
    5064   1.0000000830E+00
    5065   1.0000000948E+00
    5066   1.0000001042E+00
    5067   1.0000001103E+00
    5068   1.0000001125E+00
    5069   1.0000001105E+00
    5070   1.0000001048E+00
    5071   1.0000000961E+00
    5072   1.0000000854E+00
    5073   1.0000000739E+00
    5074   1.0000000628E+00
    5075   1.0000000528E+00
    5076   1.0000000445E+00
    5077   1.0000000381E+00
    5078   1.0000000333E+00
    5079   1.0000000299E+00
    5080   1.0000000275E+00
    5081   1.0000000254E+00
    5082   1.0000000235E+00
    5083   1.0000000213E+00
    5084   1.0000000190E+00
    5085   1.0000000163E+00
    5086   1.0000000136E+00
    5087   1.0000000107E+00
    5088   1.0000000080E+00
    5089   1.0000000055E+00
    5090   1.0000000034E+00
    5091   1.0000000015E+00
    5092   1.0000000001E+00
    5093   9.9999999893E-01
    5094   9.9999999812E-01
    5095   9.9999999758E-01
    5096   9.9999999729E-01
    5097   9.9999999721E-01
    5098   9.9999999734E-01
    5099   9.9999999766E-01
    5100   9.9999999816E-01
    5101   9.9999999886E-01
    5102   9.9999999974E-01
    5103   1.0000000008E+00
    5104   1.0000000020E+00
    5105   1.0000000033E+00
    5106   1.0000000047E+00
    5107   1.0000000061E+00
    5108   1.0000000075E+00
    5109   1.0000000088E+00
    5110   1.0000000100E+00
    5111   1.0000000110E+00
    5112   1.0000000118E+00
    5113   1.0000000124E+00
    5114   1.0000000128E+00
    5115   1.0000000131E+00
    5116   1.0000000131E+00
    5117   1.0000000129E+00
    5118   1.0000000127E+00
    5119   1.0000000123E+00
    5120   1.0000000118E+00
    5121   1.0000000112E+00
    5122   1.0000000106E+00
    5123   1.0000000098E+00
    5124   1.0000000090E+00
    5125   1.0000000080E+00
    5126   1.0000000070E+00
    5127   1.0000000059E+00
    5128   1.0000000047E+00
    5129   1.0000000036E+00
    5130   1.0000000025E+00
    5131   1.0000000015E+00
    5132   1.0000000006E+00
    5133   9.9999999994E-01
    5134   9.9999999944E-01
    5135   9.9999999912E-01
    5136   9.9999999899E-01
    5137   9.9999999900E-01
    5138   9.9999999915E-01
    5139   9.9999999938E-01
    5140   9.9999999968E-01
    5141   9.9999999999E-01
    5142   1.0000000003E+00
    5143   1.0000000005E+00
    5144   1.0000000007E+00
    5145   1.0000000008E+00
    5146   1.0000000008E+00
    5147   1.0000000007E+00
    5148   1.0000000005E+00
    5149   1.0000000003E+00
    5150   9.9999999997E-01
    5151   9.9999999968E-01
    5152   9.9999999939E-01
    5153   9.9999999913E-01
    5154   9.9999999892E-01
    5155   9.9999999877E-01
    5156   9.9999999867E-01
    5157   9.9999999863E-01
    5158   9.9999999866E-01
    5159   9.9999999875E-01
    5160   9.9999999891E-01
    5161   9.9999999914E-01
    5162   9.9999999944E-01
    5163   9.9999999982E-01
    5164   1.0000000003E+00
    5165   1.0000000009E+00
    5166   1.0000000016E+00
    5167   1.0000000024E+00
    5168   1.0000000035E+00
    5169   1.0000000048E+00
    5170   1.0000000063E+00
    5171   1.0000000081E+00
    5172   1.0000000100E+00
    5173   1.0000000120E+00
    5174   1.0000000140E+00
    5175   1.0000000159E+00
    5176   1.0000000175E+00
    5177   1.0000000186E+00
    5178   1.0000000194E+00
    5179   1.0000000196E+00
    5180   1.0000000195E+00
    5181   1.0000000192E+00
    5182   1.0000000188E+00
    5183   1.0000000184E+00
    5184   1.0000000182E+00
    5185   1.0000000183E+00
    5186   1.0000000186E+00
    5187   1.0000000190E+00
    5188   1.0000000195E+00
    5189   1.0000000198E+00
    5190   1.0000000199E+00
    5191   1.0000000198E+00
    5192   1.0000000193E+00
    5193   1.0000000184E+00
    5194   1.0000000173E+00
    5195   1.0000000160E+00
    5196   1.0000000146E+00
    5197   1.0000000132E+00
    5198   1.0000000118E+00
    5199   1.0000000105E+00
    5200   1.0000000093E+00
    5201   1.0000000082E+00
    5202   1.0000000073E+00
    5203   1.0000000066E+00
    5204   1.0000000062E+00
    5205   1.0000000059E+00
    5206   1.0000000059E+00
    5207   1.0000000060E+00
    5208   1.0000000062E+00
    5209   1.0000000065E+00
    5210   1.0000000067E+00
    5211   1.0000000068E+00
    5212   1.0000000067E+00
    5213   1.0000000065E+00
    5214   1.0000000062E+00
    5215   1.0000000059E+00
    5216   1.0000000055E+00
    5217   1.0000000052E+00
    5218   1.0000000050E+00
    5219   1.0000000049E+00
    5220   1.0000000049E+00
    5221   1.0000000050E+00
    5222   1.0000000052E+00
    5223   1.0000000055E+00
    5224   1.0000000059E+00
    5225   1.0000000063E+00
    5226   1.0000000066E+00
    5227   1.0000000069E+00
    5228   1.0000000071E+00
    5229   1.0000000071E+00
    5230   1.0000000070E+00
    5231   1.0000000066E+00
    5232   1.0000000061E+00
    5233   1.0000000054E+00
    5234   1.0000000046E+00
    5235   1.0000000038E+00
    5236   1.0000000029E+00
    5237   1.0000000022E+00
    5238   1.0000000015E+00
    5239   1.0000000010E+00
    5240   1.0000000006E+00
    5241   1.0000000002E+00
    5242   1.0000000000E+00
    5243   9.9999999987E-01
    5244   9.9999999978E-01
    5245   9.9999999972E-01
    5246   9.9999999969E-01
    5247   9.9999999967E-01
    5248   9.9999999967E-01
    5249   9.9999999967E-01
    5250   9.9999999967E-01
    5251   9.9999999968E-01
    5252   9.9999999969E-01
    5253   9.9999999969E-01
    5254   9.9999999970E-01
    5255   9.9999999970E-01
    5256   9.9999999971E-01
    5257   9.9999999972E-01
    5258   9.9999999972E-01
    5259   9.9999999973E-01
    5260   9.9999999975E-01
    5261   9.9999999977E-01
    5262   9.9999999980E-01
    5263   9.9999999985E-01
    5264   9.9999999994E-01
    5265   1.0000000001E+00
    5266   1.0000000003E+00
    5267   1.0000000005E+00
    5268   1.0000000009E+00
    5269   1.0000000014E+00
    5270   1.0000000021E+00
    5271   1.0000000029E+00
    5272   1.0000000038E+00
    5273   1.0000000048E+00
    5274   1.0000000060E+00
    5275   1.0000000071E+00
    5276   1.0000000082E+00
    5277   1.0000000091E+00
    5278   1.0000000099E+00
    5279   1.0000000104E+00
    5280   1.0000000106E+00
    5281   1.0000000105E+00
    5282   1.0000000101E+00
    5283   1.0000000094E+00
    5284   1.0000000085E+00
    5285   1.0000000075E+00
    5286   1.0000000063E+00
    5287   1.0000000052E+00
    5288   1.0000000041E+00
    5289   1.0000000031E+00
    5290   1.0000000023E+00
    5291   1.0000000016E+00
    5292   1.0000000011E+00
    5293   1.0000000007E+00
    5294   1.0000000004E+00
    5295   1.0000000002E+00
    5296   1.0000000001E+00
    5297   9.9999999998E-01
    5298   9.9999999993E-01
    5299   9.9999999990E-01
    5300   9.9999999989E-01
    5301   9.9999999988E-01
    5302   9.9999999988E-01
    5303   9.9999999988E-01
    5304   9.9999999988E-01
    5305   9.9999999988E-01
    5306   9.9999999988E-01
    5307   9.9999999988E-01
    5308   9.9999999988E-01
    5309   9.9999999988E-01
    5310   9.9999999988E-01
    5311   9.9999999988E-01
    5312   9.9999999988E-01
    5313   9.9999999988E-01
    5314   9.9999999988E-01
    5315   9.9999999989E-01
    5316   9.9999999989E-01
    5317   9.9999999989E-01
    5318   9.9999999989E-01
    5319   9.9999999989E-01
    5320   9.9999999989E-01
    5321   9.9999999989E-01
    5322   9.9999999989E-01
    5323   9.9999999989E-01
    5324   9.9999999989E-01
    5325   9.9999999990E-01
    5326   9.9999999990E-01
    5327   9.9999999990E-01
    5328   9.9999999990E-01
    5329   9.9999999990E-01
    5330   9.9999999990E-01
    5331   9.9999999990E-01
    5332   9.9999999990E-01
    5333   9.9999999990E-01
    5334   9.9999999990E-01
    5335   9.9999999990E-01
    5336   9.9999999990E-01
    5337   9.9999999990E-01
    5338   9.9999999991E-01
    5339   9.9999999991E-01
    5340   9.9999999991E-01
    5341   9.9999999991E-01
    5342   9.9999999991E-01
    5343   9.9999999992E-01
    5344   9.9999999992E-01
    5345   9.9999999992E-01
    5346   9.9999999992E-01
    5347   9.9999999992E-01
    5348   9.9999999992E-01
    5349   9.9999999992E-01
    5350   9.9999999992E-01
    5351   9.9999999992E-01
    5352   9.9999999992E-01
    5353   9.9999999993E-01
    5354   9.9999999993E-01
    5355   9.9999999993E-01
    5356   9.9999999993E-01
    5357   9.9999999993E-01
    5358   9.9999999993E-01
    5359   9.9999999993E-01
    5360   9.9999999993E-01
    5361   9.9999999993E-01
    5362   9.9999999994E-01
    5363   9.9999999994E-01
    5364   9.9999999994E-01
    5365   9.9999999994E-01
    5366   9.9999999994E-01
    5367   9.9999999994E-01
    5368   9.9999999994E-01
    5369   9.9999999994E-01
    5370   9.9999999994E-01
    5371   9.9999999995E-01
    5372   9.9999999995E-01
    5373   9.9999999995E-01
    5374   9.9999999995E-01
    5375   9.9999999995E-01
    5376   9.9999999995E-01
    5377   9.9999999995E-01
    5378   9.9999999995E-01
    5379   9.9999999996E-01
    5380   9.9999999996E-01
    5381   9.9999999996E-01
    5382   9.9999999996E-01
    5383   9.9999999996E-01
    5384   9.9999999996E-01
    5385   9.9999999996E-01
    5386   9.9999999996E-01
    5387   9.9999999996E-01
    5388   9.9999999996E-01
    5389   9.9999999997E-01
    5390   9.9999999997E-01
    5391   9.9999999997E-01
    5392   9.9999999997E-01
    5393   9.9999999997E-01
    5394   9.9999999997E-01
    5395   9.9999999997E-01
    5396   9.9999999998E-01
    5397   9.9999999998E-01
    5398   9.9999999998E-01
    5399   9.9999999998E-01
    5400   9.9999999999E-01
    5401   1.0000000000E+00
    5402   1.0000000000E+00
    5403   1.0000000000E+00
    5404   1.0000000001E+00
    5405   1.0000000002E+00
    5406   1.0000000003E+00
    5407   1.0000000004E+00
    5408   1.0000000006E+00
    5409   1.0000000008E+00
    5410   1.0000000011E+00
    5411   1.0000000014E+00
    5412   1.0000000017E+00
    5413   1.0000000021E+00
    5414   1.0000000023E+00
    5415   1.0000000026E+00
    5416   1.0000000027E+00
    5417   1.0000000027E+00
    5418   1.0000000027E+00
    5419   1.0000000025E+00
    5420   1.0000000023E+00
    5421   1.0000000020E+00
    5422   1.0000000016E+00
    5423   1.0000000013E+00
    5424   1.0000000010E+00
    5425   1.0000000008E+00
    5426   1.0000000005E+00
    5427   1.0000000004E+00
    5428   1.0000000002E+00
    5429   1.0000000002E+00
    5430   1.0000000001E+00
    5431   1.0000000001E+00
    5432   1.0000000000E+00
    5433   1.0000000000E+00
    5434   1.0000000000E+00
    5435   1.0000000000E+00
    5436   1.0000000000E+00
    5437   1.0000000000E+00
    5438   1.0000000000E+00
    5439   1.0000000000E+00
    5440   1.0000000000E+00
    5441   1.0000000000E+00
    5442   1.0000000000E+00
    5443   1.0000000000E+00
    5444   1.0000000000E+00
    5445   1.0000000000E+00
    5446   1.0000000000E+00
    5447   1.0000000000E+00
    5448   1.0000000000E+00
    5449   1.0000000000E+00
    5450   1.0000000000E+00
    5451   1.0000000000E+00
    5452   1.0000000000E+00
    5453   1.0000000000E+00
    5454   1.0000000000E+00
    5455   1.0000000000E+00
    5456   1.0000000000E+00
    5457   1.0000000000E+00
    5458   1.0000000000E+00
    5459   1.0000000000E+00
    5460   1.0000000000E+00
    5461   1.0000000000E+00
    5462   1.0000000000E+00
    5463   1.0000000000E+00
    5464   1.0000000000E+00
    5465   1.0000000000E+00
    5466   1.0000000000E+00
    5467   1.0000000000E+00
    5468   1.0000000000E+00
    5469   1.0000000000E+00
    5470   1.0000000000E+00
    5471   1.0000000000E+00
    5472   1.0000000000E+00
    5473   1.0000000000E+00
    5474   1.0000000000E+00
    5475   1.0000000000E+00
    5476   1.0000000000E+00
    5477   1.0000000000E+00
    5478   1.0000000000E+00
    5479   1.0000000000E+00
    5480   1.0000000000E+00
    5481   1.0000000000E+00
    5482   1.0000000000E+00
    5483   1.0000000000E+00
    5484   1.0000000000E+00
    5485   1.0000000000E+00
    5486   1.0000000000E+00
    5487   1.0000000000E+00
    5488   1.0000000000E+00
    5489   1.0000000000E+00
    5490   1.0000000000E+00
    5491   1.0000000000E+00
    5492   1.0000000000E+00
    5493   1.0000000000E+00
    5494   1.0000000000E+00
    5495   1.0000000000E+00
    5496   1.0000000000E+00
    5497   1.0000000000E+00
    5498   1.0000000000E+00
    5499   1.0000000000E+00
    5500   1.0000000000E+00
    5501   1.0000000000E+00
    5502   1.0000000000E+00
    5503   1.0000000000E+00
    5504   1.0000000000E+00
    5505   1.0000000000E+00
    5506   1.0000000000E+00
    5507   1.0000000000E+00
    5508   1.0000000000E+00
    5509   1.0000000000E+00
    5510   1.0000000000E+00
    5511   1.0000000000E+00
    5512   1.0000000000E+00
    5513   1.0000000000E+00
    5514   1.0000000000E+00
    5515   1.0000000000E+00
    5516   1.0000000000E+00
    5517   1.0000000000E+00
    5518   1.0000000000E+00
    5519   1.0000000000E+00
    5520   1.0000000000E+00
    5521   1.0000000000E+00
    5522   1.0000000000E+00
    5523   1.0000000000E+00
    5524   1.0000000000E+00
    5525   1.0000000000E+00
    5526   1.0000000000E+00
    5527   1.0000000000E+00
    5528   1.0000000000E+00
    5529   1.0000000000E+00
    5530   1.0000000000E+00
    5531   1.0000000000E+00
    5532   1.0000000000E+00
    5533   1.0000000000E+00
    5534   1.0000000000E+00
    5535   1.0000000000E+00
    5536   1.0000000000E+00
    5537   1.0000000000E+00
    5538   1.0000000000E+00
    5539   1.0000000000E+00
    5540   1.0000000000E+00
    5541   1.0000000000E+00
    5542   1.0000000000E+00
    5543   1.0000000000E+00
    5544   1.0000000000E+00
    5545   1.0000000000E+00
    5546   1.0000000000E+00
    5547   1.0000000000E+00
    5548   1.0000000000E+00
    5549   1.0000000000E+00
    5550   1.0000000000E+00
    5551   1.0000000000E+00
    5552   1.0000000000E+00
    5553   1.0000000000E+00
    5554   1.0000000000E+00
    5555   1.0000000000E+00
    5556   1.0000000000E+00
    5557   1.0000000000E+00
    5558   1.0000000000E+00
    5559   1.0000000000E+00
    5560   1.0000000000E+00
    5561   1.0000000000E+00
    5562   1.0000000000E+00
    5563   1.0000000000E+00
    5564   1.0000000000E+00
    5565   1.0000000000E+00
    5566   1.0000000000E+00
    5567   1.0000000000E+00
    5568   1.0000000000E+00
    5569   1.0000000000E+00
    5570   1.0000000000E+00
    5571   1.0000000000E+00
    5572   1.0000000000E+00
    5573   1.0000000000E+00
    5574   1.0000000000E+00
    5575   1.0000000000E+00
    5576   1.0000000000E+00
    5577   1.0000000000E+00
    5578   1.0000000000E+00
    5579   1.0000000000E+00
    5580   1.0000000000E+00
    5581   1.0000000000E+00
    5582   1.0000000000E+00
    5583   1.0000000000E+00
    5584   1.0000000000E+00
    5585   1.0000000000E+00
    5586   1.0000000000E+00
    5587   1.0000000000E+00
    5588   1.0000000000E+00
    5589   1.0000000000E+00
    5590   1.0000000000E+00
    5591   1.0000000000E+00
    5592   1.0000000000E+00
    5593   1.0000000000E+00
    5594   1.0000000000E+00
    5595   1.0000000000E+00
    5596   1.0000000000E+00
    5597   1.0000000000E+00
    5598   1.0000000000E+00
    5599   1.0000000000E+00
    5600   1.0000000000E+00
    5601   1.0000000000E+00
    5602   1.0000000000E+00
    5603   1.0000000000E+00
    5604   1.0000000000E+00
    5605   1.0000000000E+00
    5606   1.0000000000E+00
    5607   1.0000000000E+00
    5608   1.0000000000E+00
    5609   1.0000000000E+00
    5610   1.0000000000E+00
    5611   1.0000000000E+00
    5612   1.0000000000E+00
    5613   1.0000000000E+00
    5614   1.0000000000E+00
    5615   1.0000000000E+00
    5616   1.0000000000E+00
    5617   1.0000000000E+00
    5618   1.0000000000E+00
    5619   1.0000000000E+00
    5620   1.0000000000E+00
    5621   1.0000000000E+00
    5622   1.0000000000E+00
    5623   1.0000000000E+00
    5624   1.0000000000E+00
    5625   1.0000000000E+00
    5626   1.0000000000E+00
    5627   1.0000000000E+00
    5628   1.0000000000E+00
    5629   1.0000000000E+00
    5630   1.0000000000E+00
    5631   1.0000000000E+00
    5632   1.0000000000E+00
    5633   1.0000000000E+00
    5634   1.0000000000E+00
    5635   1.0000000000E+00
    5636   1.0000000000E+00
    5637   1.0000000000E+00
    5638   1.0000000000E+00
    5639   1.0000000000E+00
    5640   1.0000000000E+00
    5641   1.0000000000E+00
    5642   1.0000000000E+00
    5643   1.0000000000E+00
    5644   1.0000000000E+00
    5645   1.0000000000E+00
    5646   1.0000000000E+00
    5647   1.0000000000E+00
    5648   1.0000000000E+00
    5649   1.0000000000E+00
    5650   1.0000000000E+00
    5651   1.0000000000E+00
    5652   1.0000000000E+00
    5653   1.0000000000E+00
    5654   1.0000000000E+00
    5655   1.0000000000E+00
    5656   1.0000000000E+00
    5657   1.0000000000E+00
    5658   1.0000000000E+00
    5659   1.0000000000E+00
    5660   1.0000000000E+00
    5661   1.0000000000E+00
    5662   1.0000000000E+00
    5663   1.0000000000E+00
    5664   1.0000000000E+00
    5665   1.0000000000E+00
    5666   1.0000000000E+00
    5667   1.0000000000E+00
    5668   1.0000000000E+00
    5669   1.0000000000E+00
    5670   1.0000000000E+00
    5671   1.0000000000E+00
    5672   1.0000000000E+00
    5673   1.0000000000E+00
    5674   1.0000000000E+00
    5675   1.0000000000E+00
    5676   1.0000000000E+00
    5677   1.0000000000E+00
    5678   1.0000000000E+00
    5679   1.0000000000E+00
    5680   1.0000000000E+00
    5681   1.0000000000E+00
    5682   1.0000000000E+00
    5683   1.0000000000E+00
    5684   1.0000000000E+00
    5685   1.0000000000E+00
    5686   1.0000000000E+00
    5687   1.0000000000E+00
    5688   1.0000000000E+00
    5689   1.0000000000E+00
    5690   1.0000000000E+00
    5691   1.0000000000E+00
    5692   1.0000000000E+00
    5693   1.0000000000E+00
    5694   1.0000000000E+00
    5695   1.0000000000E+00
    5696   1.0000000000E+00
    5697   1.0000000000E+00
    5698   1.0000000000E+00
    5699   1.0000000000E+00
    5700   1.0000000000E+00
    5701   1.0000000000E+00
    5702   1.0000000000E+00
    5703   1.0000000000E+00
    5704   1.0000000000E+00
    5705   1.0000000000E+00
    5706   1.0000000000E+00
    5707   1.0000000000E+00
    5708   1.0000000000E+00
    5709   1.0000000000E+00
    5710   1.0000000000E+00
    5711   1.0000000000E+00
    5712   1.0000000000E+00
    5713   1.0000000000E+00
    5714   1.0000000000E+00
    5715   1.0000000000E+00
    5716   1.0000000000E+00
    5717   1.0000000000E+00
    5718   1.0000000000E+00
    5719   1.0000000000E+00
    5720   1.0000000000E+00
    5721   1.0000000000E+00
    5722   1.0000000000E+00
    5723   1.0000000000E+00
    5724   1.0000000000E+00
    5725   1.0000000000E+00
    5726   1.0000000000E+00
    5727   1.0000000000E+00
    5728   1.0000000000E+00
    5729   1.0000000000E+00
    5730   1.0000000000E+00
    5731   1.0000000000E+00
    5732   1.0000000000E+00
    5733   1.0000000000E+00
    5734   1.0000000000E+00
    5735   1.0000000000E+00
    5736   1.0000000000E+00
    5737   1.0000000000E+00
    5738   1.0000000000E+00
    5739   1.0000000000E+00
    5740   1.0000000000E+00
    5741   1.0000000000E+00
    5742   1.0000000000E+00
    5743   1.0000000000E+00
    5744   1.0000000000E+00
    5745   1.0000000000E+00
    5746   1.0000000000E+00
    5747   1.0000000000E+00
    5748   1.0000000000E+00
    5749   1.0000000000E+00
    5750   1.0000000000E+00
    5751   1.0000000000E+00
    5752   1.0000000000E+00
    5753   1.0000000000E+00
    5754   1.0000000000E+00
    5755   1.0000000000E+00
    5756   1.0000000000E+00
    5757   1.0000000000E+00
    5758   1.0000000000E+00
    5759   1.0000000000E+00
    5760   1.0000000000E+00
    5761   1.0000000000E+00
    5762   1.0000000000E+00
    5763   1.0000000000E+00
    5764   1.0000000000E+00
    5765   1.0000000000E+00
    5766   1.0000000000E+00
    5767   1.0000000000E+00
    5768   1.0000000000E+00
    5769   1.0000000000E+00
    5770   1.0000000000E+00
    5771   1.0000000000E+00
    5772   1.0000000000E+00
    5773   1.0000000000E+00
    5774   1.0000000000E+00
    5775   1.0000000000E+00
    5776   1.0000000000E+00
    5777   1.0000000000E+00
    5778   1.0000000000E+00
    5779   1.0000000000E+00
    5780   1.0000000000E+00
    5781   1.0000000000E+00
    5782   1.0000000000E+00
    5783   1.0000000000E+00
    5784   1.0000000000E+00
    5785   1.0000000000E+00
    5786   1.0000000000E+00
    5787   1.0000000000E+00
    5788   1.0000000000E+00
    5789   1.0000000000E+00
    5790   1.0000000000E+00
    5791   1.0000000000E+00
    5792   1.0000000000E+00
    5793   1.0000000000E+00
    5794   1.0000000000E+00
    5795   1.0000000000E+00
    5796   1.0000000000E+00
    5797   1.0000000000E+00
    5798   1.0000000000E+00
    5799   1.0000000000E+00
    5800   1.0000000000E+00
    5801   1.0000000000E+00
    5802   1.0000000000E+00
    5803   1.0000000000E+00
    5804   1.0000000000E+00
    5805   1.0000000000E+00
    5806   1.0000000000E+00
    5807   1.0000000000E+00
    5808   1.0000000000E+00
    5809   1.0000000000E+00
    5810   1.0000000000E+00
    5811   1.0000000000E+00
    5812   1.0000000000E+00
    5813   1.0000000000E+00
    5814   1.0000000000E+00
    5815   1.0000000000E+00
    5816   1.0000000000E+00
    5817   1.0000000000E+00
    5818   1.0000000000E+00
    5819   1.0000000000E+00
    5820   1.0000000000E+00
    5821   1.0000000000E+00
    5822   1.0000000000E+00
    5823   1.0000000000E+00
    5824   1.0000000000E+00
    5825   1.0000000000E+00
    5826   1.0000000000E+00
    5827   1.0000000000E+00
    5828   1.0000000000E+00
    5829   1.0000000000E+00
    5830   1.0000000000E+00
    5831   1.0000000000E+00
    5832   1.0000000000E+00
    5833   1.0000000000E+00
    5834   1.0000000000E+00
    5835   1.0000000000E+00
    5836   1.0000000000E+00
    5837   1.0000000000E+00
    5838   1.0000000000E+00
    5839   1.0000000000E+00
    5840   1.0000000000E+00
    5841   1.0000000000E+00
    5842   1.0000000000E+00
    5843   1.0000000000E+00
    5844   1.0000000000E+00
    5845   1.0000000000E+00
    5846   1.0000000000E+00
    5847   1.0000000000E+00
    5848   1.0000000000E+00
    5849   1.0000000000E+00
    5850   1.0000000000E+00
    5851   1.0000000000E+00
    5852   1.0000000000E+00
    5853   1.0000000000E+00
    5854   1.0000000000E+00
    5855   1.0000000000E+00
    5856   1.0000000000E+00
    5857   1.0000000000E+00
    5858   1.0000000000E+00
    5859   1.0000000000E+00
    5860   1.0000000000E+00
    5861   1.0000000000E+00
    5862   1.0000000000E+00
    5863   1.0000000000E+00
    5864   1.0000000000E+00
    5865   1.0000000000E+00
    5866   1.0000000000E+00
    5867   1.0000000000E+00
    5868   1.0000000000E+00
    5869   1.0000000000E+00
    5870   1.0000000000E+00
    5871   1.0000000000E+00
    5872   1.0000000000E+00
    5873   1.0000000000E+00
    5874   1.0000000000E+00
    5875   1.0000000000E+00
    5876   1.0000000000E+00
    5877   1.0000000000E+00
    5878   1.0000000000E+00
    5879   1.0000000000E+00
    5880   1.0000000000E+00
    5881   1.0000000000E+00
    5882   1.0000000000E+00
    5883   1.0000000000E+00
    5884   1.0000000000E+00
    5885   1.0000000000E+00
    5886   1.0000000000E+00
    5887   1.0000000000E+00
    5888   1.0000000000E+00
    5889   1.0000000000E+00
    5890   1.0000000000E+00
    5891   1.0000000000E+00
    5892   1.0000000000E+00
    5893   1.0000000000E+00
    5894   1.0000000000E+00
    5895   1.0000000000E+00
    5896   1.0000000000E+00
    5897   1.0000000000E+00
    5898   1.0000000000E+00
    5899   1.0000000000E+00
    5900   1.0000000000E+00
    5901   1.0000000000E+00
    5902   1.0000000000E+00
    5903   1.0000000000E+00
    5904   1.0000000000E+00
    5905   1.0000000000E+00
    5906   1.0000000000E+00
    5907   1.0000000000E+00
    5908   1.0000000000E+00
    5909   1.0000000000E+00
    5910   1.0000000000E+00
    5911   1.0000000000E+00
    5912   1.0000000000E+00
    5913   1.0000000000E+00
    5914   1.0000000000E+00
    5915   1.0000000000E+00
    5916   1.0000000000E+00
    5917   1.0000000000E+00
    5918   1.0000000000E+00
    5919   1.0000000000E+00
    5920   1.0000000000E+00
    5921   1.0000000000E+00
    5922   1.0000000000E+00
    5923   1.0000000000E+00
    5924   1.0000000000E+00
    5925   1.0000000000E+00
    5926   1.0000000000E+00
    5927   1.0000000000E+00
    5928   1.0000000000E+00
    5929   1.0000000000E+00
    5930   1.0000000000E+00
    5931   1.0000000000E+00
    5932   1.0000000000E+00
    5933   1.0000000000E+00
    5934   1.0000000000E+00
    5935   1.0000000000E+00
    5936   1.0000000000E+00
    5937   1.0000000000E+00
    5938   1.0000000000E+00
    5939   1.0000000000E+00
    5940   1.0000000000E+00
    5941   1.0000000000E+00
    5942   1.0000000000E+00
    5943   1.0000000000E+00
    5944   1.0000000000E+00
    5945   1.0000000000E+00
    5946   1.0000000000E+00
    5947   1.0000000000E+00
    5948   1.0000000000E+00
    5949   1.0000000000E+00
    5950   1.0000000000E+00
    5951   1.0000000000E+00
    5952   1.0000000000E+00
    5953   1.0000000000E+00
    5954   1.0000000000E+00
    5955   1.0000000000E+00
    5956   1.0000000000E+00
    5957   1.0000000000E+00
    5958   1.0000000000E+00
    5959   1.0000000000E+00
    5960   1.0000000000E+00
    5961   1.0000000000E+00
    5962   1.0000000000E+00
    5963   1.0000000000E+00
    5964   1.0000000000E+00
    5965   1.0000000000E+00
    5966   1.0000000000E+00
    5967   1.0000000000E+00
    5968   1.0000000000E+00
    5969   1.0000000000E+00
    5970   1.0000000000E+00
    5971   1.0000000000E+00
    5972   1.0000000000E+00
    5973   1.0000000000E+00
    5974   1.0000000000E+00
    5975   1.0000000000E+00
    5976   1.0000000000E+00
    5977   1.0000000000E+00
    5978   1.0000000000E+00
    5979   1.0000000000E+00
    5980   1.0000000000E+00
    5981   1.0000000000E+00
    5982   1.0000000000E+00
    5983   1.0000000000E+00
    5984   1.0000000000E+00
    5985   1.0000000000E+00
    5986   1.0000000000E+00
    5987   1.0000000000E+00
    5988   1.0000000000E+00
    5989   1.0000000000E+00
    5990   1.0000000000E+00
    5991   1.0000000000E+00
    5992   1.0000000000E+00
    5993   1.0000000000E+00
    5994   1.0000000000E+00
    5995   1.0000000000E+00
    5996   1.0000000000E+00
    5997   1.0000000000E+00
    5998   1.0000000000E+00
    5999   1.0000000000E+00
    6000   1.0000000000E+00
    6001   1.0000000000E+00
    6002   1.0000000000E+00
    6003   1.0000000000E+00
    6004   1.0000000000E+00
    6005   1.0000000000E+00
    6006   1.0000000000E+00
    6007   1.0000000000E+00
    6008   1.0000000000E+00
    6009   1.0000000000E+00
    6010   1.0000000000E+00
    6011   1.0000000000E+00
    6012   1.0000000000E+00
    6013   1.0000000000E+00
    6014   1.0000000000E+00
    6015   1.0000000000E+00
    6016   1.0000000000E+00
    6017   1.0000000000E+00
    6018   1.0000000000E+00
    6019   1.0000000000E+00
    6020   1.0000000000E+00
    6021   1.0000000000E+00
    6022   1.0000000000E+00
    6023   1.0000000000E+00
    6024   1.0000000000E+00
    6025   1.0000000000E+00
    6026   1.0000000000E+00
    6027   1.0000000000E+00
    6028   1.0000000000E+00
    6029   1.0000000000E+00
    6030   1.0000000000E+00
    6031   1.0000000000E+00
    6032   1.0000000000E+00
    6033   1.0000000000E+00
    6034   1.0000000000E+00
    6035   1.0000000000E+00
    6036   1.0000000000E+00
    6037   1.0000000000E+00
    6038   1.0000000000E+00
    6039   1.0000000000E+00
    6040   1.0000000000E+00
    6041   1.0000000000E+00
    6042   1.0000000000E+00
    6043   1.0000000000E+00
    6044   1.0000000000E+00
    6045   1.0000000000E+00
    6046   1.0000000000E+00
    6047   1.0000000000E+00
    6048   1.0000000000E+00
    6049   1.0000000000E+00
    6050   1.0000000000E+00
    6051   1.0000000000E+00
    6052   1.0000000000E+00
    6053   1.0000000000E+00
    6054   1.0000000000E+00
    6055   1.0000000000E+00
    6056   1.0000000000E+00
    6057   1.0000000000E+00
    6058   1.0000000000E+00
    6059   1.0000000000E+00
    6060   1.0000000000E+00
    6061   1.0000000000E+00
    6062   1.0000000000E+00
    6063   1.0000000000E+00
    6064   1.0000000000E+00
    6065   1.0000000000E+00
    6066   1.0000000000E+00
    6067   1.0000000000E+00
    6068   1.0000000000E+00
    6069   1.0000000000E+00
    6070   1.0000000000E+00
    6071   1.0000000000E+00
    6072   1.0000000000E+00
    6073   1.0000000000E+00
    6074   1.0000000000E+00
    6075   1.0000000000E+00
    6076   1.0000000000E+00
    6077   1.0000000000E+00
    6078   1.0000000000E+00
    6079   1.0000000000E+00
    6080   1.0000000000E+00
    6081   1.0000000000E+00
    6082   1.0000000000E+00
    6083   1.0000000000E+00
    6084   1.0000000000E+00
    6085   1.0000000000E+00
    6086   1.0000000000E+00
    6087   1.0000000000E+00
    6088   1.0000000000E+00
    6089   1.0000000000E+00
    6090   1.0000000000E+00
    6091   1.0000000000E+00
    6092   1.0000000000E+00
    6093   1.0000000000E+00
    6094   1.0000000000E+00
    6095   1.0000000000E+00
    6096   1.0000000000E+00
    6097   1.0000000000E+00
    6098   1.0000000000E+00
    6099   1.0000000000E+00
    6100   1.0000000000E+00
    6101   1.0000000000E+00
    6102   1.0000000000E+00
    6103   1.0000000000E+00
    6104   1.0000000000E+00
    6105   1.0000000000E+00
    6106   1.0000000000E+00
    6107   1.0000000000E+00
    6108   1.0000000000E+00
    6109   1.0000000000E+00
    6110   1.0000000000E+00
    6111   1.0000000000E+00
    6112   1.0000000000E+00
    6113   1.0000000000E+00
    6114   1.0000000000E+00
    6115   1.0000000000E+00
    6116   1.0000000000E+00
    6117   1.0000000000E+00
    6118   1.0000000000E+00
    6119   1.0000000000E+00
    6120   1.0000000000E+00
    6121   1.0000000000E+00
    6122   1.0000000000E+00
    6123   1.0000000000E+00
    6124   1.0000000000E+00
    6125   1.0000000000E+00
    6126   1.0000000000E+00
    6127   1.0000000000E+00
    6128   1.0000000000E+00
    6129   1.0000000000E+00
    6130   1.0000000000E+00
    6131   1.0000000000E+00
    6132   1.0000000000E+00
    6133   1.0000000000E+00
    6134   1.0000000000E+00
    6135   1.0000000000E+00
    6136   1.0000000000E+00
    6137   1.0000000000E+00
    6138   1.0000000000E+00
    6139   1.0000000000E+00
    6140   1.0000000000E+00
    6141   1.0000000000E+00
    6142   1.0000000000E+00
    6143   1.0000000000E+00
    6144   1.0000000000E+00
    6145   1.0000000000E+00
    6146   1.0000000000E+00
    6147   1.0000000000E+00
    6148   1.0000000000E+00
    6149   1.0000000000E+00
    6150   1.0000000000E+00
    6151   1.0000000000E+00
    6152   1.0000000000E+00
    6153   1.0000000000E+00
    6154   1.0000000000E+00
    6155   1.0000000000E+00
    6156   1.0000000000E+00
    6157   1.0000000000E+00
    6158   1.0000000000E+00
    6159   1.0000000000E+00
    6160   1.0000000000E+00
    6161   1.0000000000E+00
    6162   1.0000000000E+00
    6163   1.0000000000E+00
    6164   1.0000000000E+00
    6165   1.0000000000E+00
    6166   1.0000000000E+00
    6167   1.0000000000E+00
    6168   1.0000000000E+00
    6169   1.0000000000E+00
    6170   1.0000000000E+00
    6171   1.0000000000E+00
    6172   1.0000000000E+00
    6173   1.0000000000E+00
    6174   1.0000000000E+00
    6175   1.0000000000E+00
    6176   1.0000000000E+00
    6177   1.0000000000E+00
    6178   1.0000000000E+00
    6179   1.0000000000E+00
    6180   1.0000000000E+00
    6181   1.0000000000E+00
    6182   1.0000000000E+00
    6183   1.0000000000E+00
    6184   1.0000000000E+00
    6185   1.0000000000E+00
    6186   1.0000000000E+00
    6187   1.0000000000E+00
    6188   1.0000000000E+00
    6189   1.0000000000E+00
    6190   1.0000000000E+00
    6191   1.0000000000E+00
    6192   1.0000000000E+00
    6193   1.0000000000E+00
    6194   1.0000000000E+00
    6195   1.0000000000E+00
    6196   1.0000000000E+00
    6197   1.0000000000E+00
    6198   1.0000000000E+00
    6199   1.0000000000E+00
    6200   1.0000000000E+00
    6201   1.0000000000E+00
    6202   1.0000000000E+00
    6203   1.0000000000E+00
    6204   1.0000000000E+00
    6205   1.0000000000E+00
    6206   1.0000000000E+00
    6207   1.0000000000E+00
    6208   1.0000000000E+00
    6209   1.0000000000E+00
    6210   1.0000000000E+00
    6211   1.0000000000E+00
    6212   1.0000000000E+00
    6213   1.0000000000E+00
    6214   1.0000000000E+00
    6215   1.0000000000E+00
    6216   1.0000000000E+00
    6217   1.0000000000E+00
    6218   1.0000000000E+00
    6219   1.0000000000E+00
    6220   1.0000000000E+00
    6221   1.0000000000E+00
    6222   1.0000000000E+00
    6223   1.0000000000E+00
    6224   1.0000000000E+00
    6225   1.0000000000E+00
    6226   1.0000000000E+00
    6227   1.0000000000E+00
    6228   1.0000000000E+00
    6229   1.0000000000E+00
    6230   1.0000000000E+00
    6231   1.0000000000E+00
    6232   1.0000000000E+00
    6233   1.0000000000E+00
    6234   1.0000000000E+00
    6235   1.0000000000E+00
    6236   1.0000000000E+00
    6237   1.0000000000E+00
    6238   1.0000000000E+00
    6239   1.0000000000E+00
    6240   1.0000000000E+00
    6241   1.0000000000E+00
    6242   1.0000000000E+00
    6243   1.0000000000E+00
    6244   1.0000000000E+00
    6245   1.0000000000E+00
    6246   1.0000000000E+00
    6247   1.0000000000E+00
    6248   1.0000000000E+00
    6249   1.0000000000E+00
    6250   1.0000000000E+00
    6251   1.0000000000E+00
    6252   1.0000000000E+00
    6253   1.0000000000E+00
    6254   1.0000000000E+00
    6255   1.0000000000E+00
    6256   1.0000000000E+00
    6257   1.0000000000E+00
    6258   1.0000000000E+00
    6259   1.0000000000E+00
    6260   1.0000000000E+00
    6261   1.0000000000E+00
    6262   1.0000000000E+00
    6263   1.0000000000E+00
    6264   1.0000000000E+00
    6265   1.0000000000E+00
    6266   1.0000000000E+00
    6267   1.0000000000E+00
    6268   1.0000000000E+00
    6269   1.0000000000E+00
    6270   1.0000000000E+00
    6271   1.0000000000E+00
    6272   1.0000000000E+00
    6273   1.0000000000E+00
    6274   1.0000000000E+00
    6275   1.0000000000E+00
    6276   1.0000000000E+00
    6277   1.0000000000E+00
    6278   1.0000000000E+00
    6279   1.0000000000E+00
    6280   1.0000000000E+00
    6281   1.0000000000E+00
    6282   1.0000000000E+00
    6283   1.0000000000E+00
    6284   1.0000000000E+00
    6285   1.0000000000E+00
    6286   1.0000000000E+00
    6287   1.0000000000E+00
    6288   1.0000000000E+00
    6289   1.0000000000E+00
    6290   1.0000000000E+00
    6291   1.0000000000E+00
    6292   1.0000000000E+00
    6293   1.0000000000E+00
    6294   1.0000000000E+00
    6295   1.0000000000E+00
    6296   1.0000000000E+00
    6297   1.0000000000E+00
    6298   1.0000000000E+00
    6299   1.0000000000E+00
    6300   1.0000000000E+00
    6301   1.0000000000E+00
    6302   1.0000000000E+00
    6303   1.0000000000E+00
    6304   1.0000000000E+00
    6305   1.0000000000E+00
    6306   1.0000000000E+00
    6307   1.0000000000E+00
    6308   1.0000000000E+00
    6309   1.0000000000E+00
    6310   1.0000000000E+00
    6311   1.0000000000E+00
    6312   1.0000000000E+00
    6313   1.0000000000E+00
    6314   1.0000000000E+00
    6315   1.0000000000E+00
    6316   1.0000000000E+00
    6317   1.0000000000E+00
    6318   1.0000000000E+00
    6319   1.0000000000E+00
    6320   1.0000000000E+00
    6321   1.0000000000E+00
    6322   1.0000000000E+00
    6323   1.0000000000E+00
    6324   1.0000000000E+00
    6325   1.0000000000E+00
    6326   1.0000000000E+00
    6327   1.0000000000E+00
    6328   1.0000000000E+00
    6329   1.0000000000E+00
    6330   1.0000000000E+00
    6331   1.0000000000E+00
    6332   1.0000000000E+00
    6333   1.0000000000E+00
    6334   1.0000000000E+00
    6335   1.0000000000E+00
    6336   1.0000000000E+00
    6337   1.0000000000E+00
    6338   1.0000000000E+00
    6339   1.0000000000E+00
    6340   1.0000000000E+00
    6341   1.0000000000E+00
    6342   1.0000000000E+00
    6343   1.0000000000E+00
    6344   1.0000000000E+00
    6345   1.0000000000E+00
    6346   1.0000000000E+00
    6347   1.0000000000E+00
    6348   1.0000000000E+00
    6349   1.0000000000E+00
    6350   1.0000000000E+00
    6351   1.0000000000E+00
    6352   1.0000000000E+00
    6353   1.0000000000E+00
    6354   1.0000000000E+00
    6355   1.0000000000E+00
    6356   1.0000000000E+00
    6357   1.0000000000E+00
    6358   1.0000000000E+00
    6359   1.0000000000E+00
    6360   1.0000000000E+00
    6361   1.0000000000E+00
    6362   1.0000000000E+00
    6363   1.0000000000E+00
    6364   1.0000000000E+00
    6365   1.0000000000E+00
    6366   1.0000000000E+00
    6367   1.0000000000E+00
    6368   1.0000000000E+00
    6369   1.0000000000E+00
    6370   1.0000000000E+00
    6371   1.0000000000E+00
    6372   1.0000000000E+00
    6373   1.0000000000E+00
    6374   1.0000000000E+00
    6375   1.0000000000E+00
    6376   1.0000000000E+00
    6377   1.0000000000E+00
    6378   1.0000000000E+00
    6379   1.0000000000E+00
    6380   1.0000000000E+00
    6381   1.0000000000E+00
    6382   1.0000000000E+00
    6383   1.0000000000E+00
    6384   1.0000000000E+00
    6385   1.0000000000E+00
    6386   1.0000000000E+00
    6387   1.0000000000E+00
    6388   1.0000000000E+00
    6389   1.0000000000E+00
    6390   1.0000000000E+00
    6391   1.0000000000E+00
    6392   1.0000000000E+00
    6393   1.0000000000E+00
    6394   1.0000000000E+00
    6395   1.0000000000E+00
    6396   1.0000000000E+00
    6397   1.0000000000E+00
    6398   1.0000000000E+00
    6399   1.0000000000E+00
    6400   1.0000000000E+00
    6401   1.0000000000E+00
    6402   1.0000000000E+00
    6403   1.0000000000E+00
    6404   1.0000000000E+00
    6405   1.0000000000E+00
    6406   1.0000000000E+00
    6407   1.0000000000E+00
    6408   1.0000000000E+00
    6409   1.0000000000E+00
    6410   1.0000000000E+00
    6411   1.0000000000E+00
    6412   1.0000000000E+00
    6413   1.0000000000E+00
    6414   1.0000000000E+00
    6415   1.0000000000E+00
    6416   1.0000000000E+00
    6417   1.0000000000E+00
    6418   1.0000000000E+00
    6419   1.0000000000E+00
    6420   1.0000000000E+00
    6421   1.0000000000E+00
    6422   1.0000000000E+00
    6423   1.0000000000E+00
    6424   1.0000000000E+00
    6425   1.0000000000E+00
    6426   1.0000000000E+00
    6427   1.0000000000E+00
    6428   1.0000000000E+00
    6429   1.0000000000E+00
    6430   1.0000000000E+00
    6431   1.0000000000E+00
    6432   1.0000000000E+00
    6433   1.0000000000E+00
    6434   1.0000000000E+00
    6435   1.0000000000E+00
    6436   1.0000000000E+00
    6437   1.0000000000E+00
    6438   1.0000000000E+00
    6439   1.0000000000E+00
    6440   1.0000000000E+00
    6441   1.0000000000E+00
    6442   1.0000000000E+00
    6443   1.0000000000E+00
    6444   1.0000000000E+00
    6445   1.0000000000E+00
    6446   1.0000000000E+00
    6447   1.0000000000E+00
    6448   1.0000000000E+00
    6449   1.0000000000E+00
    6450   1.0000000000E+00
    6451   1.0000000000E+00
    6452   1.0000000000E+00
    6453   1.0000000000E+00
    6454   1.0000000000E+00
    6455   1.0000000000E+00
    6456   1.0000000000E+00
    6457   1.0000000000E+00
    6458   1.0000000000E+00
    6459   1.0000000000E+00
    6460   1.0000000000E+00
    6461   1.0000000000E+00
    6462   1.0000000000E+00
    6463   1.0000000000E+00
    6464   1.0000000000E+00
    6465   1.0000000000E+00
    6466   1.0000000000E+00
    6467   1.0000000000E+00
    6468   1.0000000000E+00
    6469   1.0000000000E+00
    6470   1.0000000000E+00
    6471   1.0000000000E+00
    6472   1.0000000000E+00
    6473   1.0000000000E+00
    6474   1.0000000000E+00
    6475   1.0000000000E+00
    6476   1.0000000000E+00
    6477   1.0000000000E+00
    6478   1.0000000000E+00
    6479   1.0000000000E+00
    6480   1.0000000000E+00
    6481   1.0000000000E+00
    6482   1.0000000000E+00
    6483   1.0000000000E+00
    6484   1.0000000000E+00
    6485   1.0000000000E+00
    6486   1.0000000000E+00
    6487   1.0000000000E+00
    6488   1.0000000000E+00
    6489   1.0000000000E+00
    6490   1.0000000000E+00
    6491   1.0000000000E+00
    6492   1.0000000000E+00
    6493   1.0000000000E+00
    6494   1.0000000000E+00
    6495   1.0000000000E+00
    6496   1.0000000000E+00
    6497   1.0000000000E+00
    6498   1.0000000000E+00
    6499   1.0000000000E+00
    6500   1.0000000000E+00
    6501   1.0000000000E+00
    6502   1.0000000000E+00
    6503   1.0000000000E+00
    6504   1.0000000000E+00
    6505   1.0000000000E+00
    6506   1.0000000000E+00
    6507   1.0000000000E+00
    6508   1.0000000000E+00
    6509   1.0000000000E+00
    6510   1.0000000000E+00
    6511   1.0000000000E+00
    6512   1.0000000000E+00
    6513   1.0000000000E+00
    6514   1.0000000000E+00
    6515   1.0000000000E+00
    6516   1.0000000000E+00
    6517   1.0000000000E+00
    6518   1.0000000000E+00
    6519   1.0000000000E+00
    6520   1.0000000000E+00
    6521   1.0000000000E+00
    6522   1.0000000000E+00
    6523   1.0000000000E+00
    6524   1.0000000000E+00
    6525   1.0000000000E+00
    6526   1.0000000000E+00
    6527   1.0000000000E+00
    6528   1.0000000000E+00
    6529   1.0000000000E+00
    6530   1.0000000000E+00
    6531   1.0000000000E+00
    6532   1.0000000000E+00
    6533   1.0000000000E+00
    6534   1.0000000000E+00
    6535   1.0000000000E+00
    6536   1.0000000000E+00
    6537   1.0000000000E+00
    6538   1.0000000000E+00
    6539   1.0000000000E+00
    6540   1.0000000000E+00
    6541   1.0000000000E+00
    6542   1.0000000000E+00
    6543   1.0000000000E+00
    6544   1.0000000000E+00
    6545   1.0000000000E+00
    6546   1.0000000000E+00
    6547   1.0000000000E+00
    6548   1.0000000000E+00
    6549   1.0000000000E+00
    6550   1.0000000000E+00
    6551   1.0000000000E+00
    6552   1.0000000000E+00
    6553   1.0000000000E+00
    6554   1.0000000000E+00
    6555   1.0000000000E+00
    6556   1.0000000000E+00
    6557   1.0000000000E+00
    6558   1.0000000000E+00
    6559   1.0000000000E+00
    6560   1.0000000000E+00
    6561   1.0000000000E+00
    6562   1.0000000000E+00
    6563   1.0000000000E+00
    6564   1.0000000000E+00
    6565   1.0000000000E+00
    6566   1.0000000000E+00
    6567   1.0000000000E+00
    6568   1.0000000000E+00
    6569   1.0000000000E+00
    6570   1.0000000000E+00
    6571   1.0000000000E+00
    6572   1.0000000000E+00
    6573   1.0000000000E+00
    6574   1.0000000000E+00
    6575   1.0000000000E+00
    6576   1.0000000000E+00
    6577   1.0000000000E+00
    6578   1.0000000000E+00
    6579   1.0000000000E+00
    6580   1.0000000000E+00
    6581   1.0000000000E+00
    6582   1.0000000000E+00
    6583   1.0000000000E+00
    6584   1.0000000000E+00
    6585   1.0000000000E+00
    6586   1.0000000000E+00
    6587   1.0000000000E+00
    6588   1.0000000000E+00
    6589   1.0000000000E+00
    6590   1.0000000000E+00
    6591   1.0000000000E+00
    6592   1.0000000000E+00
    6593   1.0000000000E+00
    6594   1.0000000000E+00
    6595   1.0000000000E+00
    6596   1.0000000000E+00
    6597   1.0000000000E+00
    6598   1.0000000000E+00
    6599   1.0000000000E+00
    6600   1.0000000000E+00
    6601   1.0000000000E+00
    6602   1.0000000000E+00
    6603   1.0000000000E+00
    6604   1.0000000000E+00
    6605   1.0000000000E+00
    6606   1.0000000000E+00
    6607   1.0000000000E+00
    6608   1.0000000000E+00
    6609   1.0000000000E+00
    6610   1.0000000000E+00
    6611   1.0000000000E+00
    6612   1.0000000000E+00
    6613   1.0000000000E+00
    6614   1.0000000000E+00
    6615   1.0000000000E+00
    6616   1.0000000000E+00
    6617   1.0000000000E+00
    6618   1.0000000000E+00
    6619   1.0000000000E+00
    6620   1.0000000000E+00
    6621   1.0000000000E+00
    6622   1.0000000000E+00
    6623   1.0000000000E+00
    6624   1.0000000000E+00
    6625   1.0000000000E+00
    6626   1.0000000000E+00
    6627   1.0000000000E+00
    6628   1.0000000000E+00
    6629   1.0000000000E+00
    6630   1.0000000000E+00
    6631   1.0000000000E+00
    6632   1.0000000000E+00
    6633   1.0000000000E+00
    6634   1.0000000000E+00
    6635   1.0000000000E+00
    6636   1.0000000000E+00
    6637   1.0000000000E+00
    6638   1.0000000000E+00
    6639   1.0000000000E+00
    6640   1.0000000000E+00
    6641   1.0000000000E+00
    6642   1.0000000000E+00
    6643   1.0000000000E+00
    6644   1.0000000000E+00
    6645   1.0000000000E+00
    6646   1.0000000000E+00
    6647   1.0000000000E+00
    6648   1.0000000000E+00
    6649   1.0000000000E+00
    6650   1.0000000000E+00
    6651   1.0000000000E+00
    6652   1.0000000000E+00
    6653   1.0000000000E+00
    6654   1.0000000000E+00
    6655   1.0000000000E+00
    6656   1.0000000000E+00
    6657   1.0000000000E+00
    6658   1.0000000000E+00
    6659   1.0000000000E+00
    6660   1.0000000000E+00
    6661   1.0000000000E+00
    6662   1.0000000000E+00
    6663   1.0000000000E+00
    6664   1.0000000000E+00
    6665   1.0000000000E+00
    6666   1.0000000000E+00
    6667   1.0000000000E+00
    6668   1.0000000000E+00
    6669   1.0000000000E+00
    6670   1.0000000000E+00
    6671   1.0000000000E+00
    6672   1.0000000000E+00
    6673   1.0000000000E+00
    6674   1.0000000000E+00
    6675   1.0000000000E+00
    6676   1.0000000000E+00
    6677   1.0000000000E+00
    6678   1.0000000000E+00
    6679   1.0000000000E+00
    6680   1.0000000000E+00
    6681   1.0000000000E+00
    6682   1.0000000000E+00
    6683   1.0000000000E+00
    6684   1.0000000000E+00
    6685   1.0000000000E+00
    6686   1.0000000000E+00
    6687   1.0000000000E+00
    6688   1.0000000000E+00
    6689   1.0000000000E+00
    6690   1.0000000000E+00
    6691   1.0000000000E+00
    6692   1.0000000000E+00
    6693   1.0000000000E+00
    6694   1.0000000000E+00
    6695   1.0000000000E+00
    6696   1.0000000000E+00
    6697   1.0000000000E+00
    6698   1.0000000000E+00
    6699   1.0000000000E+00
    6700   1.0000000000E+00
    6701   1.0000000000E+00
    6702   1.0000000000E+00
    6703   1.0000000000E+00
    6704   1.0000000000E+00
    6705   1.0000000000E+00
    6706   1.0000000000E+00
    6707   1.0000000000E+00
    6708   1.0000000000E+00
    6709   1.0000000000E+00
    6710   1.0000000000E+00
    6711   1.0000000000E+00
    6712   1.0000000000E+00
    6713   1.0000000000E+00
    6714   1.0000000000E+00
    6715   1.0000000000E+00
    6716   1.0000000000E+00
    6717   1.0000000000E+00
    6718   1.0000000000E+00
    6719   1.0000000000E+00
    6720   1.0000000000E+00
    6721   1.0000000000E+00
    6722   1.0000000000E+00
    6723   1.0000000000E+00
    6724   1.0000000000E+00
    6725   1.0000000000E+00
    6726   1.0000000000E+00
    6727   1.0000000000E+00
    6728   1.0000000000E+00
    6729   1.0000000000E+00
    6730   1.0000000000E+00
    6731   1.0000000000E+00
    6732   1.0000000000E+00
    6733   1.0000000000E+00
    6734   1.0000000000E+00
    6735   1.0000000000E+00
    6736   1.0000000000E+00
    6737   1.0000000000E+00
    6738   1.0000000000E+00
    6739   1.0000000000E+00
    6740   1.0000000000E+00
    6741   1.0000000000E+00
    6742   1.0000000000E+00
    6743   1.0000000000E+00
    6744   1.0000000000E+00
    6745   1.0000000000E+00
    6746   1.0000000000E+00
    6747   1.0000000000E+00
    6748   1.0000000000E+00
    6749   1.0000000000E+00
    6750   1.0000000000E+00
    6751   1.0000000000E+00
    6752   1.0000000000E+00
    6753   1.0000000000E+00
    6754   1.0000000000E+00
    6755   1.0000000000E+00
    6756   1.0000000000E+00
    6757   1.0000000000E+00
    6758   1.0000000000E+00
    6759   1.0000000000E+00
    6760   1.0000000000E+00
    6761   1.0000000000E+00
    6762   1.0000000000E+00
    6763   1.0000000000E+00
    6764   1.0000000000E+00
    6765   1.0000000000E+00
    6766   1.0000000000E+00
    6767   1.0000000000E+00
    6768   1.0000000000E+00
    6769   1.0000000000E+00
    6770   1.0000000000E+00
    6771   1.0000000000E+00
    6772   1.0000000000E+00
    6773   1.0000000000E+00
    6774   1.0000000000E+00
    6775   1.0000000000E+00
    6776   1.0000000000E+00
    6777   1.0000000000E+00
    6778   1.0000000000E+00
    6779   1.0000000000E+00
    6780   1.0000000000E+00
    6781   1.0000000000E+00
    6782   1.0000000000E+00
    6783   1.0000000000E+00
    6784   1.0000000000E+00
    6785   1.0000000000E+00
    6786   1.0000000000E+00
    6787   1.0000000000E+00
    6788   1.0000000000E+00
    6789   1.0000000000E+00
    6790   1.0000000000E+00
    6791   1.0000000000E+00
    6792   1.0000000000E+00
    6793   1.0000000000E+00
    6794   1.0000000000E+00
    6795   1.0000000000E+00
    6796   1.0000000000E+00
    6797   1.0000000000E+00
    6798   1.0000000000E+00
    6799   1.0000000000E+00
    6800   1.0000000000E+00
    6801   1.0000000000E+00
    6802   1.0000000000E+00
    6803   1.0000000000E+00
    6804   1.0000000000E+00
    6805   1.0000000000E+00
    6806   1.0000000000E+00
    6807   1.0000000000E+00
    6808   1.0000000000E+00
    6809   1.0000000000E+00
    6810   1.0000000000E+00
    6811   1.0000000000E+00
    6812   1.0000000000E+00
    6813   1.0000000000E+00
    6814   1.0000000000E+00
    6815   1.0000000000E+00
    6816   1.0000000000E+00
    6817   1.0000000000E+00
    6818   1.0000000000E+00
    6819   1.0000000000E+00
    6820   1.0000000000E+00
    6821   1.0000000000E+00
    6822   1.0000000000E+00
    6823   1.0000000000E+00
    6824   1.0000000000E+00
    6825   1.0000000000E+00
    6826   1.0000000000E+00
    6827   1.0000000000E+00
    6828   1.0000000000E+00
    6829   1.0000000000E+00
    6830   1.0000000000E+00
    6831   1.0000000000E+00
    6832   1.0000000000E+00
    6833   1.0000000000E+00
    6834   1.0000000000E+00
    6835   1.0000000000E+00
    6836   1.0000000000E+00
    6837   1.0000000000E+00
    6838   1.0000000000E+00
    6839   1.0000000000E+00
    6840   1.0000000000E+00
    6841   1.0000000000E+00
    6842   1.0000000000E+00
    6843   1.0000000000E+00
    6844   1.0000000000E+00
    6845   1.0000000000E+00
    6846   1.0000000000E+00
    6847   1.0000000000E+00
    6848   1.0000000000E+00
    6849   1.0000000000E+00
    6850   1.0000000000E+00
    6851   1.0000000000E+00
    6852   1.0000000000E+00
    6853   1.0000000000E+00
    6854   1.0000000000E+00
    6855   1.0000000000E+00
    6856   1.0000000000E+00
    6857   1.0000000000E+00
    6858   1.0000000000E+00
    6859   1.0000000000E+00
    6860   1.0000000000E+00
    6861   1.0000000000E+00
    6862   1.0000000000E+00
    6863   1.0000000000E+00
    6864   1.0000000000E+00
    6865   1.0000000000E+00
    6866   1.0000000000E+00
    6867   1.0000000000E+00
    6868   1.0000000000E+00
    6869   1.0000000000E+00
    6870   1.0000000000E+00
    6871   1.0000000000E+00
    6872   1.0000000000E+00
    6873   1.0000000000E+00
    6874   1.0000000000E+00
    6875   1.0000000000E+00
    6876   1.0000000000E+00
    6877   1.0000000000E+00
    6878   1.0000000000E+00
    6879   1.0000000000E+00
    6880   1.0000000000E+00
    6881   1.0000000000E+00
    6882   1.0000000000E+00
    6883   1.0000000000E+00
    6884   1.0000000000E+00
    6885   1.0000000000E+00
    6886   1.0000000000E+00
    6887   1.0000000000E+00
    6888   1.0000000000E+00
    6889   1.0000000000E+00
    6890   1.0000000000E+00
    6891   1.0000000000E+00
    6892   1.0000000000E+00
    6893   1.0000000000E+00
    6894   1.0000000000E+00
    6895   1.0000000000E+00
    6896   1.0000000000E+00
    6897   1.0000000000E+00
    6898   1.0000000000E+00
    6899   1.0000000000E+00
    6900   1.0000000000E+00
    6901   1.0000000000E+00
    6902   1.0000000000E+00
    6903   1.0000000000E+00
    6904   1.0000000000E+00
    6905   1.0000000000E+00
    6906   1.0000000000E+00
    6907   1.0000000000E+00
    6908   1.0000000000E+00
    6909   1.0000000000E+00
    6910   1.0000000000E+00
    6911   1.0000000000E+00
    6912   1.0000000000E+00
    6913   1.0000000000E+00
    6914   1.0000000000E+00
    6915   1.0000000000E+00
    6916   1.0000000000E+00
    6917   1.0000000000E+00
    6918   1.0000000000E+00
    6919   1.0000000000E+00
    6920   1.0000000000E+00
    6921   1.0000000000E+00
    6922   1.0000000000E+00
    6923   1.0000000000E+00
    6924   1.0000000000E+00
    6925   1.0000000000E+00
    6926   1.0000000000E+00
    6927   1.0000000000E+00
    6928   1.0000000000E+00
    6929   1.0000000000E+00
    6930   1.0000000000E+00
    6931   1.0000000000E+00
    6932   1.0000000000E+00
    6933   1.0000000000E+00
    6934   1.0000000000E+00
    6935   1.0000000000E+00
    6936   1.0000000000E+00
    6937   1.0000000000E+00
    6938   1.0000000000E+00
    6939   1.0000000000E+00
    6940   1.0000000000E+00
    6941   1.0000000000E+00
    6942   1.0000000000E+00
    6943   1.0000000000E+00
    6944   1.0000000000E+00
    6945   1.0000000000E+00
    6946   1.0000000000E+00
    6947   1.0000000000E+00
    6948   1.0000000000E+00
    6949   1.0000000000E+00
    6950   1.0000000000E+00
    6951   1.0000000000E+00
    6952   1.0000000000E+00
    6953   1.0000000000E+00
    6954   1.0000000000E+00
    6955   1.0000000000E+00
    6956   1.0000000000E+00
    6957   1.0000000000E+00
    6958   1.0000000000E+00
    6959   1.0000000000E+00
    6960   1.0000000000E+00
    6961   1.0000000000E+00
    6962   1.0000000000E+00
    6963   1.0000000000E+00
    6964   1.0000000000E+00
    6965   1.0000000000E+00
    6966   1.0000000000E+00
    6967   1.0000000000E+00
    6968   1.0000000000E+00
    6969   1.0000000000E+00
    6970   1.0000000000E+00
    6971   1.0000000000E+00
    6972   1.0000000000E+00
    6973   1.0000000000E+00
    6974   1.0000000000E+00
    6975   1.0000000000E+00
    6976   1.0000000000E+00
    6977   1.0000000000E+00
    6978   1.0000000000E+00
    6979   1.0000000000E+00
    6980   1.0000000000E+00
    6981   1.0000000000E+00
    6982   1.0000000000E+00
    6983   1.0000000000E+00
    6984   1.0000000000E+00
    6985   1.0000000000E+00
    6986   1.0000000000E+00
    6987   1.0000000000E+00
    6988   1.0000000000E+00
    6989   1.0000000000E+00
    6990   1.0000000000E+00
    6991   1.0000000000E+00
    6992   1.0000000000E+00
    6993   1.0000000000E+00
    6994   1.0000000000E+00
    6995   1.0000000000E+00
    6996   1.0000000000E+00
    6997   1.0000000000E+00
    6998   1.0000000000E+00
    6999   1.0000000000E+00
    7000   1.0000000000E+00
    7001   1.0000000000E+00
    7002   1.0000000000E+00
    7003   1.0000000000E+00
    7004   1.0000000000E+00
    7005   1.0000000000E+00
    7006   1.0000000000E+00
    7007   1.0000000000E+00
    7008   1.0000000000E+00
    7009   1.0000000000E+00
    7010   1.0000000000E+00
    7011   1.0000000000E+00
    7012   1.0000000000E+00
    7013   1.0000000000E+00
    7014   1.0000000000E+00
    7015   1.0000000000E+00
    7016   1.0000000000E+00
    7017   1.0000000000E+00
    7018   1.0000000000E+00
    7019   1.0000000000E+00
    7020   1.0000000000E+00
    7021   1.0000000000E+00
    7022   1.0000000000E+00
    7023   1.0000000000E+00
    7024   1.0000000000E+00
    7025   1.0000000000E+00
    7026   1.0000000000E+00
    7027   1.0000000000E+00
    7028   1.0000000000E+00
    7029   1.0000000000E+00
    7030   1.0000000000E+00
    7031   1.0000000000E+00
    7032   1.0000000000E+00
    7033   1.0000000000E+00
    7034   1.0000000000E+00
    7035   1.0000000000E+00
    7036   1.0000000000E+00
    7037   1.0000000000E+00
    7038   1.0000000000E+00
    7039   1.0000000000E+00
    7040   1.0000000000E+00
    7041   1.0000000000E+00
    7042   1.0000000000E+00
    7043   1.0000000000E+00
    7044   1.0000000000E+00
    7045   1.0000000000E+00
    7046   1.0000000000E+00
    7047   1.0000000000E+00
    7048   1.0000000000E+00
    7049   1.0000000000E+00
    7050   1.0000000000E+00
    7051   1.0000000000E+00
    7052   1.0000000000E+00
    7053   1.0000000000E+00
    7054   1.0000000000E+00
    7055   1.0000000000E+00
    7056   1.0000000000E+00
    7057   1.0000000000E+00
    7058   1.0000000000E+00
    7059   1.0000000000E+00
    7060   1.0000000000E+00
    7061   1.0000000000E+00
    7062   1.0000000000E+00
    7063   1.0000000000E+00
    7064   1.0000000000E+00
    7065   1.0000000000E+00
    7066   1.0000000000E+00
    7067   1.0000000000E+00
    7068   1.0000000000E+00
    7069   1.0000000000E+00
    7070   1.0000000000E+00
    7071   1.0000000000E+00
    7072   1.0000000000E+00
    7073   1.0000000000E+00
    7074   1.0000000000E+00
    7075   1.0000000000E+00
    7076   1.0000000000E+00
    7077   1.0000000000E+00
    7078   1.0000000000E+00
    7079   1.0000000000E+00
    7080   1.0000000000E+00
    7081   1.0000000000E+00
    7082   1.0000000000E+00
    7083   1.0000000000E+00
    7084   1.0000000000E+00
    7085   1.0000000000E+00
    7086   1.0000000000E+00
    7087   1.0000000000E+00
    7088   1.0000000000E+00
    7089   1.0000000000E+00
    7090   1.0000000000E+00
    7091   1.0000000000E+00
    7092   1.0000000000E+00
    7093   1.0000000000E+00
    7094   1.0000000000E+00
    7095   1.0000000000E+00
    7096   1.0000000000E+00
    7097   1.0000000000E+00
    7098   1.0000000000E+00
    7099   1.0000000000E+00
    7100   1.0000000000E+00
    7101   1.0000000000E+00
    7102   1.0000000000E+00
    7103   1.0000000000E+00
    7104   1.0000000000E+00
    7105   1.0000000000E+00
    7106   1.0000000000E+00
    7107   1.0000000000E+00
    7108   1.0000000000E+00
    7109   1.0000000000E+00
    7110   1.0000000000E+00
    7111   1.0000000000E+00
    7112   1.0000000000E+00
    7113   1.0000000000E+00
    7114   1.0000000000E+00
    7115   1.0000000000E+00
    7116   1.0000000000E+00
    7117   1.0000000000E+00
    7118   1.0000000000E+00
    7119   1.0000000000E+00
    7120   1.0000000000E+00
    7121   1.0000000000E+00
    7122   1.0000000000E+00
    7123   1.0000000000E+00
    7124   1.0000000000E+00
    7125   1.0000000000E+00
    7126   1.0000000000E+00
    7127   1.0000000000E+00
    7128   1.0000000000E+00
    7129   1.0000000000E+00
    7130   1.0000000000E+00
    7131   1.0000000000E+00
    7132   1.0000000000E+00
    7133   1.0000000000E+00
    7134   1.0000000000E+00
    7135   1.0000000000E+00
    7136   1.0000000000E+00
    7137   1.0000000000E+00
    7138   1.0000000000E+00
    7139   1.0000000000E+00
    7140   1.0000000000E+00
    7141   1.0000000000E+00
    7142   1.0000000000E+00
    7143   1.0000000000E+00
    7144   1.0000000000E+00
    7145   1.0000000000E+00
    7146   1.0000000000E+00
    7147   1.0000000000E+00
    7148   1.0000000000E+00
    7149   1.0000000000E+00
    7150   1.0000000000E+00
    7151   1.0000000000E+00
    7152   1.0000000000E+00
    7153   1.0000000000E+00
    7154   1.0000000000E+00
    7155   1.0000000000E+00
    7156   1.0000000000E+00
    7157   1.0000000000E+00
    7158   1.0000000000E+00
    7159   1.0000000000E+00
    7160   1.0000000000E+00
    7161   1.0000000000E+00
    7162   1.0000000000E+00
    7163   1.0000000000E+00
    7164   1.0000000000E+00
    7165   1.0000000000E+00
    7166   1.0000000000E+00
    7167   1.0000000000E+00
    7168   1.0000000000E+00
    7169   1.0000000000E+00
    7170   1.0000000000E+00
    7171   1.0000000000E+00
    7172   1.0000000000E+00
    7173   1.0000000000E+00
    7174   1.0000000000E+00
    7175   1.0000000000E+00
    7176   1.0000000000E+00
    7177   1.0000000000E+00
    7178   1.0000000000E+00
    7179   1.0000000000E+00
    7180   1.0000000000E+00
    7181   1.0000000000E+00
    7182   1.0000000000E+00
    7183   1.0000000000E+00
    7184   1.0000000000E+00
    7185   1.0000000000E+00
    7186   1.0000000000E+00
    7187   1.0000000000E+00
    7188   1.0000000000E+00
    7189   1.0000000000E+00
    7190   1.0000000000E+00
    7191   1.0000000000E+00
    7192   1.0000000000E+00
    7193   1.0000000000E+00
    7194   1.0000000000E+00
    7195   1.0000000000E+00
    7196   1.0000000000E+00
    7197   1.0000000000E+00
    7198   1.0000000000E+00
    7199   1.0000000000E+00
    7200   1.0000000000E+00
    7201   1.0000000000E+00
    7202   1.0000000000E+00
    7203   1.0000000000E+00
    7204   1.0000000000E+00
    7205   1.0000000000E+00
    7206   1.0000000000E+00
    7207   1.0000000000E+00
    7208   1.0000000000E+00
    7209   1.0000000000E+00
    7210   1.0000000000E+00
    7211   1.0000000000E+00
    7212   1.0000000000E+00
    7213   1.0000000000E+00
    7214   1.0000000000E+00
    7215   1.0000000000E+00
    7216   1.0000000000E+00
    7217   1.0000000000E+00
    7218   1.0000000000E+00
    7219   1.0000000000E+00
    7220   1.0000000000E+00
    7221   1.0000000000E+00
    7222   1.0000000000E+00
    7223   1.0000000000E+00
    7224   1.0000000000E+00
    7225   1.0000000000E+00
    7226   1.0000000000E+00
    7227   1.0000000000E+00
    7228   1.0000000000E+00
    7229   1.0000000000E+00
    7230   1.0000000000E+00
    7231   1.0000000000E+00
    7232   1.0000000000E+00
    7233   1.0000000000E+00
    7234   1.0000000000E+00
    7235   1.0000000000E+00
    7236   1.0000000000E+00
    7237   1.0000000000E+00
    7238   1.0000000000E+00
    7239   1.0000000000E+00
    7240   1.0000000000E+00
    7241   1.0000000000E+00
    7242   1.0000000000E+00
    7243   1.0000000000E+00
    7244   1.0000000000E+00
    7245   1.0000000000E+00
    7246   1.0000000000E+00
    7247   1.0000000000E+00
    7248   1.0000000000E+00
    7249   1.0000000000E+00
    7250   1.0000000000E+00
    7251   1.0000000000E+00
    7252   1.0000000000E+00
    7253   1.0000000000E+00
    7254   1.0000000000E+00
    7255   1.0000000000E+00
    7256   1.0000000000E+00
    7257   1.0000000000E+00
    7258   1.0000000000E+00
    7259   1.0000000000E+00
    7260   1.0000000000E+00
    7261   1.0000000000E+00
    7262   1.0000000000E+00
    7263   1.0000000000E+00
    7264   1.0000000000E+00
    7265   1.0000000000E+00
    7266   1.0000000000E+00
    7267   1.0000000000E+00
    7268   1.0000000000E+00
    7269   1.0000000000E+00
    7270   1.0000000000E+00
    7271   1.0000000000E+00
    7272   1.0000000000E+00
    7273   1.0000000000E+00
    7274   1.0000000000E+00
    7275   1.0000000000E+00
    7276   1.0000000000E+00
    7277   1.0000000000E+00
    7278   1.0000000000E+00
    7279   1.0000000000E+00
    7280   1.0000000000E+00
    7281   1.0000000000E+00
    7282   1.0000000000E+00
    7283   1.0000000000E+00
    7284   1.0000000000E+00
    7285   1.0000000000E+00
    7286   1.0000000000E+00
    7287   1.0000000000E+00
    7288   1.0000000000E+00
    7289   1.0000000000E+00
    7290   1.0000000000E+00
    7291   1.0000000000E+00
    7292   1.0000000000E+00
    7293   1.0000000000E+00
    7294   1.0000000000E+00
    7295   1.0000000000E+00
    7296   1.0000000000E+00
    7297   1.0000000000E+00
    7298   1.0000000000E+00
    7299   1.0000000000E+00
    7300   1.0000000000E+00
    7301   1.0000000000E+00
    7302   1.0000000000E+00
    7303   1.0000000000E+00
    7304   1.0000000000E+00
    7305   1.0000000000E+00
    7306   1.0000000000E+00
    7307   1.0000000000E+00
    7308   1.0000000000E+00
    7309   1.0000000000E+00
    7310   1.0000000000E+00
    7311   1.0000000000E+00
    7312   1.0000000000E+00
    7313   1.0000000000E+00
    7314   1.0000000000E+00
    7315   1.0000000000E+00
    7316   1.0000000000E+00
    7317   1.0000000000E+00
    7318   1.0000000000E+00
    7319   1.0000000000E+00
    7320   1.0000000000E+00
    7321   1.0000000000E+00
    7322   1.0000000000E+00
    7323   1.0000000000E+00
    7324   1.0000000000E+00
    7325   1.0000000000E+00
    7326   1.0000000000E+00
    7327   1.0000000000E+00
    7328   1.0000000000E+00
    7329   1.0000000000E+00
    7330   1.0000000000E+00
    7331   1.0000000000E+00
    7332   1.0000000000E+00
    7333   1.0000000000E+00
    7334   1.0000000000E+00
    7335   1.0000000000E+00
    7336   1.0000000000E+00
    7337   1.0000000000E+00
    7338   1.0000000000E+00
    7339   1.0000000000E+00
    7340   1.0000000000E+00
    7341   1.0000000000E+00
    7342   1.0000000000E+00
    7343   1.0000000000E+00
    7344   1.0000000000E+00
    7345   1.0000000000E+00
    7346   1.0000000000E+00
    7347   1.0000000000E+00
    7348   1.0000000000E+00
    7349   1.0000000000E+00
    7350   1.0000000000E+00
    7351   1.0000000000E+00
    7352   1.0000000000E+00
    7353   1.0000000000E+00
    7354   1.0000000000E+00
    7355   1.0000000000E+00
    7356   1.0000000000E+00
    7357   1.0000000000E+00
    7358   1.0000000000E+00
    7359   1.0000000000E+00
    7360   1.0000000000E+00
    7361   1.0000000000E+00
    7362   1.0000000000E+00
    7363   1.0000000000E+00
    7364   1.0000000000E+00
    7365   1.0000000000E+00
    7366   1.0000000000E+00
    7367   1.0000000000E+00
    7368   1.0000000000E+00
    7369   1.0000000000E+00
    7370   1.0000000000E+00
    7371   1.0000000000E+00
    7372   1.0000000000E+00
    7373   1.0000000000E+00
    7374   1.0000000000E+00
    7375   1.0000000000E+00
    7376   1.0000000000E+00
    7377   1.0000000000E+00
    7378   1.0000000000E+00
    7379   1.0000000000E+00
    7380   1.0000000000E+00
    7381   1.0000000000E+00
    7382   1.0000000000E+00
    7383   1.0000000000E+00
    7384   1.0000000000E+00
    7385   1.0000000000E+00
    7386   1.0000000000E+00
    7387   1.0000000000E+00
    7388   1.0000000000E+00
    7389   1.0000000000E+00
    7390   1.0000000000E+00
    7391   1.0000000000E+00
    7392   1.0000000000E+00
    7393   1.0000000000E+00
    7394   1.0000000000E+00
    7395   1.0000000000E+00
    7396   1.0000000000E+00
    7397   1.0000000000E+00
    7398   1.0000000000E+00
    7399   1.0000000000E+00
    7400   1.0000000000E+00
    7401   1.0000000000E+00
    7402   1.0000000000E+00
    7403   1.0000000000E+00
    7404   1.0000000000E+00
    7405   1.0000000000E+00
    7406   1.0000000000E+00
    7407   1.0000000000E+00
    7408   1.0000000000E+00
    7409   1.0000000000E+00
    7410   1.0000000000E+00
    7411   1.0000000000E+00
    7412   1.0000000000E+00
    7413   1.0000000000E+00
    7414   1.0000000000E+00
    7415   1.0000000000E+00
    7416   1.0000000000E+00
    7417   1.0000000000E+00
    7418   1.0000000000E+00
    7419   1.0000000000E+00
    7420   1.0000000000E+00
    7421   1.0000000000E+00
    7422   1.0000000000E+00
    7423   1.0000000000E+00
    7424   1.0000000000E+00
    7425   1.0000000000E+00
    7426   1.0000000000E+00
    7427   1.0000000000E+00
    7428   1.0000000000E+00
    7429   1.0000000000E+00
    7430   1.0000000000E+00
    7431   1.0000000000E+00
    7432   1.0000000000E+00
    7433   1.0000000000E+00
    7434   1.0000000000E+00
    7435   1.0000000000E+00
    7436   1.0000000000E+00
    7437   1.0000000000E+00
    7438   1.0000000000E+00
    7439   1.0000000000E+00
    7440   1.0000000000E+00
    7441   1.0000000000E+00
    7442   1.0000000000E+00
    7443   1.0000000000E+00
    7444   1.0000000000E+00
    7445   1.0000000000E+00
    7446   1.0000000000E+00
    7447   1.0000000000E+00
    7448   1.0000000000E+00
    7449   1.0000000000E+00
    7450   1.0000000000E+00
    7451   1.0000000000E+00
    7452   1.0000000000E+00
    7453   1.0000000000E+00
    7454   1.0000000000E+00
    7455   1.0000000000E+00
    7456   1.0000000000E+00
    7457   1.0000000000E+00
    7458   1.0000000000E+00
    7459   1.0000000000E+00
    7460   1.0000000000E+00
    7461   1.0000000000E+00
    7462   1.0000000000E+00
    7463   1.0000000000E+00
    7464   1.0000000000E+00
    7465   1.0000000000E+00
    7466   1.0000000000E+00
    7467   1.0000000000E+00
    7468   1.0000000000E+00
    7469   1.0000000000E+00
    7470   1.0000000000E+00
    7471   1.0000000000E+00
    7472   1.0000000000E+00
    7473   1.0000000000E+00
    7474   1.0000000000E+00
    7475   1.0000000000E+00
    7476   1.0000000000E+00
    7477   1.0000000000E+00
    7478   1.0000000000E+00
    7479   1.0000000000E+00
    7480   1.0000000000E+00
    7481   1.0000000000E+00
    7482   1.0000000000E+00
    7483   1.0000000000E+00
    7484   1.0000000000E+00
    7485   1.0000000000E+00
    7486   1.0000000000E+00
    7487   1.0000000000E+00
    7488   1.0000000000E+00
    7489   1.0000000000E+00
    7490   1.0000000000E+00
    7491   1.0000000000E+00
    7492   1.0000000000E+00
    7493   1.0000000000E+00
    7494   1.0000000000E+00
    7495   1.0000000000E+00
    7496   1.0000000000E+00
    7497   1.0000000000E+00
    7498   1.0000000000E+00
    7499   1.0000000000E+00
    7500   1.0000000000E+00
    7501   1.0000000000E+00
    7502   1.0000000000E+00
    7503   1.0000000000E+00
    7504   1.0000000000E+00
    7505   1.0000000000E+00
    7506   1.0000000000E+00
    7507   1.0000000000E+00
    7508   1.0000000000E+00
    7509   1.0000000000E+00
    7510   1.0000000000E+00
    7511   1.0000000000E+00
    7512   1.0000000000E+00
    7513   1.0000000000E+00
    7514   1.0000000000E+00
    7515   1.0000000000E+00
    7516   1.0000000000E+00
    7517   1.0000000000E+00
    7518   1.0000000000E+00
    7519   1.0000000000E+00
    7520   1.0000000000E+00
    7521   1.0000000000E+00
    7522   1.0000000000E+00
    7523   1.0000000000E+00
    7524   1.0000000000E+00
    7525   1.0000000000E+00
    7526   1.0000000000E+00
    7527   1.0000000000E+00
    7528   1.0000000000E+00
    7529   1.0000000000E+00
    7530   1.0000000000E+00
    7531   1.0000000000E+00
    7532   1.0000000000E+00
    7533   1.0000000000E+00
    7534   1.0000000000E+00
    7535   1.0000000000E+00
    7536   1.0000000000E+00
    7537   1.0000000000E+00
    7538   1.0000000000E+00
    7539   1.0000000000E+00
    7540   1.0000000000E+00
    7541   1.0000000000E+00
    7542   1.0000000000E+00
    7543   1.0000000000E+00
    7544   1.0000000000E+00
    7545   1.0000000000E+00
    7546   1.0000000000E+00
    7547   1.0000000000E+00
    7548   1.0000000000E+00
    7549   1.0000000000E+00
    7550   1.0000000000E+00
    7551   1.0000000000E+00
    7552   1.0000000000E+00
    7553   1.0000000000E+00
    7554   1.0000000000E+00
    7555   1.0000000000E+00
    7556   1.0000000000E+00
    7557   1.0000000000E+00
    7558   1.0000000000E+00
    7559   1.0000000000E+00
    7560   1.0000000000E+00
    7561   1.0000000000E+00
    7562   1.0000000000E+00
    7563   1.0000000000E+00
    7564   1.0000000000E+00
    7565   1.0000000000E+00
    7566   1.0000000000E+00
    7567   1.0000000000E+00
    7568   1.0000000000E+00
    7569   1.0000000000E+00
    7570   1.0000000000E+00
    7571   1.0000000000E+00
    7572   1.0000000000E+00
    7573   1.0000000000E+00
    7574   1.0000000000E+00
    7575   1.0000000000E+00
    7576   1.0000000000E+00
    7577   1.0000000000E+00
    7578   1.0000000000E+00
    7579   1.0000000000E+00
    7580   1.0000000000E+00
    7581   1.0000000000E+00
    7582   1.0000000000E+00
    7583   1.0000000000E+00
    7584   1.0000000000E+00
    7585   1.0000000000E+00
    7586   1.0000000000E+00
    7587   1.0000000000E+00
    7588   1.0000000000E+00
    7589   1.0000000000E+00
    7590   1.0000000000E+00
    7591   1.0000000000E+00
    7592   1.0000000000E+00
    7593   1.0000000000E+00
    7594   1.0000000000E+00
    7595   1.0000000000E+00
    7596   1.0000000000E+00
    7597   1.0000000000E+00
    7598   1.0000000000E+00
    7599   1.0000000000E+00
    7600   1.0000000000E+00
    7601   1.0000000000E+00
    7602   1.0000000000E+00
    7603   1.0000000000E+00
    7604   1.0000000000E+00
    7605   1.0000000000E+00
    7606   1.0000000000E+00
    7607   1.0000000000E+00
    7608   1.0000000000E+00
    7609   1.0000000000E+00
    7610   1.0000000000E+00
    7611   1.0000000000E+00
    7612   1.0000000000E+00
    7613   1.0000000000E+00
    7614   1.0000000000E+00
    7615   1.0000000000E+00
    7616   1.0000000000E+00
    7617   1.0000000000E+00
    7618   1.0000000000E+00
    7619   1.0000000000E+00
    7620   1.0000000000E+00
    7621   1.0000000000E+00
    7622   1.0000000000E+00
    7623   1.0000000000E+00
    7624   1.0000000000E+00
    7625   1.0000000000E+00
    7626   1.0000000000E+00
    7627   1.0000000000E+00
    7628   1.0000000000E+00
    7629   1.0000000000E+00
    7630   1.0000000000E+00
    7631   1.0000000000E+00
    7632   1.0000000000E+00
    7633   1.0000000000E+00
    7634   1.0000000000E+00
    7635   1.0000000000E+00
    7636   1.0000000000E+00
    7637   1.0000000000E+00
    7638   1.0000000000E+00
    7639   1.0000000000E+00
    7640   1.0000000000E+00
    7641   1.0000000000E+00
    7642   1.0000000000E+00
    7643   1.0000000000E+00
    7644   1.0000000000E+00
    7645   1.0000000000E+00
    7646   1.0000000000E+00
    7647   1.0000000000E+00
    7648   1.0000000000E+00
    7649   1.0000000000E+00
    7650   1.0000000000E+00
    7651   1.0000000000E+00
    7652   1.0000000000E+00
    7653   1.0000000000E+00
    7654   1.0000000000E+00
    7655   1.0000000000E+00
    7656   1.0000000000E+00
    7657   1.0000000000E+00
    7658   1.0000000000E+00
    7659   1.0000000000E+00
    7660   1.0000000000E+00
    7661   1.0000000000E+00
    7662   1.0000000000E+00
    7663   1.0000000000E+00
    7664   1.0000000000E+00
    7665   1.0000000000E+00
    7666   1.0000000000E+00
    7667   1.0000000000E+00
    7668   1.0000000000E+00
    7669   1.0000000000E+00
    7670   1.0000000000E+00
    7671   1.0000000000E+00
    7672   1.0000000000E+00
    7673   1.0000000000E+00
    7674   1.0000000000E+00
    7675   1.0000000000E+00
    7676   1.0000000000E+00
    7677   1.0000000000E+00
    7678   1.0000000000E+00
    7679   1.0000000000E+00
    7680   1.0000000000E+00
    7681   1.0000000000E+00
    7682   1.0000000000E+00
    7683   1.0000000000E+00
    7684   1.0000000000E+00
    7685   1.0000000000E+00
    7686   1.0000000000E+00
    7687   1.0000000000E+00
    7688   1.0000000000E+00
    7689   1.0000000000E+00
    7690   1.0000000000E+00
    7691   1.0000000000E+00
    7692   1.0000000000E+00
    7693   1.0000000000E+00
    7694   1.0000000000E+00
    7695   1.0000000000E+00
    7696   1.0000000000E+00
    7697   1.0000000000E+00
    7698   1.0000000000E+00
    7699   1.0000000000E+00
    7700   1.0000000000E+00
    7701   1.0000000000E+00
    7702   1.0000000000E+00
    7703   1.0000000000E+00
    7704   1.0000000000E+00
    7705   1.0000000000E+00
    7706   1.0000000000E+00
    7707   1.0000000000E+00
    7708   1.0000000000E+00
    7709   1.0000000000E+00
    7710   1.0000000000E+00
    7711   1.0000000000E+00
    7712   1.0000000000E+00
    7713   1.0000000000E+00
    7714   1.0000000000E+00
    7715   1.0000000000E+00
    7716   1.0000000000E+00
    7717   1.0000000000E+00
    7718   1.0000000000E+00
    7719   1.0000000000E+00
    7720   1.0000000000E+00
    7721   1.0000000000E+00
    7722   1.0000000000E+00
    7723   1.0000000000E+00
    7724   1.0000000000E+00
    7725   1.0000000000E+00
    7726   1.0000000000E+00
    7727   1.0000000000E+00
    7728   1.0000000000E+00
    7729   1.0000000000E+00
    7730   1.0000000000E+00
    7731   1.0000000000E+00
    7732   1.0000000000E+00
    7733   1.0000000000E+00
    7734   1.0000000000E+00
    7735   1.0000000000E+00
    7736   1.0000000000E+00
    7737   1.0000000000E+00
    7738   1.0000000000E+00
    7739   1.0000000000E+00
    7740   1.0000000000E+00
    7741   1.0000000000E+00
    7742   1.0000000000E+00
    7743   1.0000000000E+00
    7744   1.0000000000E+00
    7745   1.0000000000E+00
    7746   1.0000000000E+00
    7747   1.0000000000E+00
    7748   1.0000000000E+00
    7749   1.0000000000E+00
    7750   1.0000000000E+00
    7751   1.0000000000E+00
    7752   1.0000000000E+00
    7753   1.0000000000E+00
    7754   1.0000000000E+00
    7755   1.0000000000E+00
    7756   1.0000000000E+00
    7757   1.0000000000E+00
    7758   1.0000000000E+00
    7759   1.0000000000E+00
    7760   1.0000000000E+00
    7761   1.0000000000E+00
    7762   1.0000000000E+00
    7763   1.0000000000E+00
    7764   1.0000000000E+00
    7765   1.0000000000E+00
    7766   1.0000000000E+00
    7767   1.0000000000E+00
    7768   1.0000000000E+00
    7769   1.0000000000E+00
    7770   1.0000000000E+00
    7771   1.0000000000E+00
    7772   1.0000000000E+00
    7773   1.0000000000E+00
    7774   1.0000000000E+00
    7775   1.0000000000E+00
    7776   1.0000000000E+00
    7777   1.0000000000E+00
    7778   1.0000000000E+00
    7779   1.0000000000E+00
    7780   1.0000000000E+00
    7781   1.0000000000E+00
    7782   1.0000000000E+00
    7783   1.0000000000E+00
    7784   1.0000000000E+00
    7785   1.0000000000E+00
    7786   1.0000000000E+00
    7787   1.0000000000E+00
    7788   1.0000000000E+00
    7789   1.0000000000E+00
    7790   1.0000000000E+00
    7791   1.0000000000E+00
    7792   1.0000000000E+00
    7793   1.0000000000E+00
    7794   1.0000000000E+00
    7795   1.0000000000E+00
    7796   1.0000000000E+00
    7797   1.0000000000E+00
    7798   1.0000000000E+00
    7799   1.0000000000E+00
    7800   1.0000000000E+00
    7801   1.0000000000E+00
    7802   1.0000000000E+00
    7803   1.0000000000E+00
    7804   1.0000000000E+00
    7805   1.0000000000E+00
    7806   1.0000000000E+00
    7807   1.0000000000E+00
    7808   1.0000000000E+00
    7809   1.0000000000E+00
    7810   1.0000000000E+00
    7811   1.0000000000E+00
    7812   1.0000000000E+00
    7813   1.0000000000E+00
    7814   1.0000000000E+00
    7815   1.0000000000E+00
    7816   1.0000000000E+00
    7817   1.0000000000E+00
    7818   1.0000000000E+00
    7819   1.0000000000E+00
    7820   1.0000000000E+00
    7821   1.0000000000E+00
    7822   1.0000000000E+00
    7823   1.0000000000E+00
    7824   1.0000000000E+00
    7825   1.0000000000E+00
    7826   1.0000000000E+00
    7827   1.0000000000E+00
    7828   1.0000000000E+00
    7829   1.0000000000E+00
    7830   1.0000000000E+00
    7831   1.0000000000E+00
    7832   1.0000000000E+00
    7833   1.0000000000E+00
    7834   1.0000000000E+00
    7835   1.0000000000E+00
    7836   1.0000000000E+00
    7837   1.0000000000E+00
    7838   1.0000000000E+00
    7839   1.0000000000E+00
    7840   1.0000000000E+00
    7841   1.0000000000E+00
    7842   1.0000000000E+00
    7843   1.0000000000E+00
    7844   1.0000000000E+00
    7845   1.0000000000E+00
    7846   1.0000000000E+00
    7847   1.0000000000E+00
    7848   1.0000000000E+00
    7849   1.0000000000E+00
    7850   1.0000000000E+00
    7851   1.0000000000E+00
    7852   1.0000000000E+00
    7853   1.0000000000E+00
    7854   1.0000000000E+00
    7855   1.0000000000E+00
    7856   1.0000000000E+00
    7857   1.0000000000E+00
    7858   1.0000000000E+00
    7859   1.0000000000E+00
    7860   1.0000000000E+00
    7861   1.0000000000E+00
    7862   1.0000000000E+00
    7863   1.0000000000E+00
    7864   1.0000000000E+00
    7865   1.0000000000E+00
    7866   1.0000000000E+00
    7867   1.0000000000E+00
    7868   1.0000000000E+00
    7869   1.0000000000E+00
    7870   1.0000000000E+00
    7871   1.0000000000E+00
    7872   1.0000000000E+00
    7873   1.0000000000E+00
    7874   1.0000000000E+00
    7875   1.0000000000E+00
    7876   1.0000000000E+00
    7877   1.0000000000E+00
    7878   1.0000000000E+00
    7879   1.0000000000E+00
    7880   1.0000000000E+00
    7881   1.0000000000E+00
    7882   1.0000000000E+00
    7883   1.0000000000E+00
    7884   1.0000000000E+00
    7885   1.0000000000E+00
    7886   1.0000000000E+00
    7887   1.0000000000E+00
    7888   1.0000000000E+00
    7889   1.0000000000E+00
    7890   1.0000000000E+00
    7891   1.0000000000E+00
    7892   1.0000000000E+00
    7893   1.0000000000E+00
    7894   1.0000000000E+00
    7895   1.0000000000E+00
    7896   1.0000000000E+00
    7897   1.0000000000E+00
    7898   1.0000000000E+00
    7899   1.0000000000E+00
    7900   1.0000000000E+00
    7901   1.0000000000E+00
    7902   1.0000000000E+00
    7903   1.0000000000E+00
    7904   1.0000000000E+00
    7905   1.0000000000E+00
    7906   1.0000000000E+00
    7907   1.0000000000E+00
    7908   1.0000000000E+00
    7909   1.0000000000E+00
    7910   1.0000000000E+00
    7911   1.0000000000E+00
    7912   1.0000000000E+00
    7913   1.0000000000E+00
    7914   1.0000000000E+00
    7915   1.0000000000E+00
    7916   1.0000000000E+00
    7917   1.0000000000E+00
    7918   1.0000000000E+00
    7919   1.0000000000E+00
    7920   1.0000000000E+00
    7921   1.0000000000E+00
    7922   1.0000000000E+00
    7923   1.0000000000E+00
    7924   1.0000000000E+00
    7925   1.0000000000E+00
    7926   1.0000000000E+00
    7927   1.0000000000E+00
    7928   1.0000000000E+00
    7929   1.0000000000E+00
    7930   1.0000000000E+00
    7931   1.0000000000E+00
    7932   1.0000000000E+00
    7933   1.0000000000E+00
    7934   1.0000000000E+00
    7935   1.0000000000E+00
    7936   1.0000000000E+00
    7937   1.0000000000E+00
    7938   1.0000000000E+00
    7939   1.0000000000E+00
    7940   1.0000000000E+00
    7941   1.0000000000E+00
    7942   1.0000000000E+00
    7943   1.0000000000E+00
    7944   1.0000000000E+00
    7945   1.0000000000E+00
    7946   1.0000000000E+00
    7947   1.0000000000E+00
    7948   1.0000000000E+00
    7949   1.0000000000E+00
    7950   1.0000000000E+00
    7951   1.0000000000E+00
    7952   1.0000000000E+00
    7953   1.0000000000E+00
    7954   1.0000000000E+00
    7955   1.0000000000E+00
    7956   1.0000000000E+00
    7957   1.0000000000E+00
    7958   1.0000000000E+00
    7959   1.0000000000E+00
    7960   1.0000000000E+00
    7961   1.0000000000E+00
    7962   1.0000000000E+00
    7963   1.0000000000E+00
    7964   1.0000000000E+00
    7965   1.0000000000E+00
    7966   1.0000000000E+00
    7967   1.0000000000E+00
    7968   1.0000000000E+00
    7969   1.0000000000E+00
    7970   1.0000000000E+00
    7971   1.0000000000E+00
    7972   1.0000000000E+00
    7973   1.0000000000E+00
    7974   1.0000000000E+00
    7975   1.0000000000E+00
    7976   1.0000000000E+00
    7977   1.0000000000E+00
    7978   1.0000000000E+00
    7979   1.0000000000E+00
    7980   1.0000000000E+00
    7981   1.0000000000E+00
    7982   1.0000000000E+00
    7983   1.0000000000E+00
    7984   1.0000000000E+00
    7985   1.0000000000E+00
    7986   1.0000000000E+00
    7987   1.0000000000E+00
    7988   1.0000000000E+00
    7989   1.0000000000E+00
    7990   1.0000000000E+00
    7991   1.0000000000E+00
    7992   1.0000000000E+00
    7993   1.0000000000E+00
    7994   1.0000000000E+00
    7995   1.0000000000E+00
    7996   1.0000000000E+00
    7997   1.0000000000E+00
    7998   1.0000000000E+00
    7999   1.0000000000E+00
    8000   1.0000000000E+00
    8001   1.0000000000E+00
    8002   1.0000000000E+00
    8003   1.0000000000E+00
    8004   1.0000000000E+00
    8005   1.0000000000E+00
    8006   1.0000000000E+00
    8007   1.0000000000E+00
    8008   1.0000000000E+00
    8009   1.0000000000E+00
    8010   1.0000000000E+00
    8011   1.0000000000E+00
    8012   1.0000000000E+00
    8013   1.0000000000E+00
    8014   1.0000000000E+00
    8015   1.0000000000E+00
    8016   1.0000000000E+00
    8017   1.0000000000E+00
    8018   1.0000000000E+00
    8019   1.0000000000E+00
    8020   1.0000000000E+00
    8021   1.0000000000E+00
    8022   1.0000000000E+00
    8023   1.0000000000E+00
    8024   1.0000000000E+00
    8025   1.0000000000E+00
    8026   1.0000000000E+00
    8027   1.0000000000E+00
    8028   1.0000000000E+00
    8029   1.0000000000E+00
    8030   1.0000000000E+00
    8031   1.0000000000E+00
    8032   1.0000000000E+00
    8033   1.0000000000E+00
    8034   1.0000000000E+00
    8035   1.0000000000E+00
    8036   1.0000000000E+00
    8037   1.0000000000E+00
    8038   1.0000000000E+00
    8039   1.0000000000E+00
    8040   1.0000000000E+00
    8041   1.0000000000E+00
    8042   1.0000000000E+00
    8043   1.0000000000E+00
    8044   1.0000000000E+00
    8045   1.0000000000E+00
    8046   1.0000000000E+00
    8047   1.0000000000E+00
    8048   1.0000000000E+00
    8049   1.0000000000E+00
    8050   1.0000000000E+00
    8051   1.0000000000E+00
    8052   1.0000000000E+00
    8053   1.0000000000E+00
    8054   1.0000000000E+00
    8055   1.0000000000E+00
    8056   1.0000000000E+00
    8057   1.0000000000E+00
    8058   1.0000000000E+00
    8059   1.0000000000E+00
    8060   1.0000000000E+00
    8061   1.0000000000E+00
    8062   1.0000000000E+00
    8063   1.0000000000E+00
    8064   1.0000000000E+00
    8065   1.0000000000E+00
    8066   1.0000000000E+00
    8067   1.0000000000E+00
    8068   1.0000000000E+00
    8069   1.0000000000E+00
    8070   1.0000000000E+00
    8071   1.0000000000E+00
    8072   1.0000000000E+00
    8073   1.0000000000E+00
    8074   1.0000000000E+00
    8075   1.0000000000E+00
    8076   1.0000000000E+00
    8077   1.0000000000E+00
    8078   1.0000000000E+00
    8079   1.0000000000E+00
    8080   1.0000000000E+00
    8081   1.0000000000E+00
    8082   1.0000000000E+00
    8083   1.0000000000E+00
    8084   1.0000000000E+00
    8085   1.0000000000E+00
    8086   1.0000000000E+00
    8087   1.0000000000E+00
    8088   1.0000000000E+00
    8089   1.0000000000E+00
    8090   1.0000000000E+00
    8091   1.0000000000E+00
    8092   1.0000000000E+00
    8093   1.0000000000E+00
    8094   1.0000000000E+00
    8095   1.0000000000E+00
    8096   1.0000000000E+00
    8097   1.0000000000E+00
    8098   1.0000000000E+00
    8099   1.0000000000E+00
    8100   1.0000000000E+00
    8101   1.0000000000E+00
    8102   1.0000000000E+00
    8103   1.0000000000E+00
    8104   1.0000000000E+00
    8105   1.0000000000E+00
    8106   1.0000000000E+00
    8107   1.0000000000E+00
    8108   1.0000000000E+00
    8109   1.0000000000E+00
    8110   1.0000000000E+00
    8111   1.0000000000E+00
    8112   1.0000000000E+00
    8113   1.0000000000E+00
    8114   1.0000000000E+00
    8115   1.0000000000E+00
    8116   1.0000000000E+00
    8117   1.0000000000E+00
    8118   1.0000000000E+00
    8119   1.0000000000E+00
    8120   1.0000000000E+00
    8121   1.0000000000E+00
    8122   1.0000000000E+00
    8123   1.0000000000E+00
    8124   1.0000000000E+00
    8125   1.0000000000E+00
    8126   1.0000000000E+00
    8127   1.0000000000E+00
    8128   1.0000000000E+00
    8129   1.0000000000E+00
    8130   1.0000000000E+00
    8131   1.0000000000E+00
    8132   1.0000000000E+00
    8133   1.0000000000E+00
    8134   1.0000000000E+00
    8135   1.0000000000E+00
    8136   1.0000000000E+00
    8137   1.0000000000E+00
    8138   1.0000000000E+00
    8139   1.0000000000E+00
    8140   1.0000000000E+00
    8141   1.0000000000E+00
    8142   1.0000000000E+00
    8143   1.0000000000E+00
    8144   1.0000000000E+00
    8145   1.0000000000E+00
    8146   1.0000000000E+00
    8147   1.0000000000E+00
    8148   1.0000000000E+00
    8149   1.0000000000E+00
    8150   1.0000000000E+00
    8151   1.0000000000E+00
    8152   1.0000000000E+00
    8153   1.0000000000E+00
    8154   1.0000000000E+00
    8155   1.0000000000E+00
    8156   1.0000000000E+00
    8157   1.0000000000E+00
    8158   1.0000000000E+00
    8159   1.0000000000E+00
    8160   1.0000000000E+00
    8161   1.0000000000E+00
    8162   1.0000000000E+00
    8163   1.0000000000E+00
    8164   1.0000000000E+00
    8165   1.0000000000E+00
    8166   1.0000000000E+00
    8167   1.0000000000E+00
    8168   1.0000000000E+00
    8169   1.0000000000E+00
    8170   1.0000000000E+00
    8171   1.0000000000E+00
    8172   1.0000000000E+00
    8173   1.0000000000E+00
    8174   1.0000000000E+00
    8175   1.0000000000E+00
    8176   1.0000000000E+00
    8177   1.0000000000E+00
    8178   1.0000000000E+00
    8179   1.0000000000E+00
    8180   1.0000000000E+00
    8181   1.0000000000E+00
    8182   1.0000000000E+00
    8183   1.0000000000E+00
    8184   1.0000000000E+00
    8185   1.0000000000E+00
    8186   1.0000000000E+00
    8187   1.0000000000E+00
    8188   1.0000000000E+00
    8189   1.0000000000E+00
    8190   1.0000000000E+00
    8191   1.0000000000E+00
    8192   1.0000000000E+00
    8193   1.0000000000E+00
    8194   1.0000000000E+00
    8195   1.0000000000E+00
    8196   1.0000000000E+00
    8197   1.0000000000E+00
    8198   1.0000000000E+00
    8199   1.0000000000E+00
    8200   1.0000000000E+00
    8201   1.0000000000E+00
    8202   1.0000000000E+00
    8203   1.0000000000E+00
    8204   1.0000000000E+00
    8205   1.0000000000E+00
    8206   1.0000000000E+00
    8207   1.0000000000E+00
    8208   1.0000000000E+00
    8209   1.0000000000E+00
    8210   1.0000000000E+00
    8211   1.0000000000E+00
    8212   1.0000000000E+00
    8213   1.0000000000E+00
    8214   1.0000000000E+00
    8215   1.0000000000E+00
    8216   1.0000000000E+00
    8217   1.0000000000E+00
    8218   1.0000000000E+00
    8219   1.0000000000E+00
    8220   1.0000000000E+00
    8221   1.0000000000E+00
    8222   1.0000000000E+00
    8223   1.0000000000E+00
    8224   1.0000000000E+00
    8225   1.0000000000E+00
    8226   1.0000000000E+00
    8227   1.0000000000E+00
    8228   1.0000000000E+00
    8229   1.0000000000E+00
    8230   1.0000000000E+00
    8231   1.0000000000E+00
    8232   1.0000000000E+00
    8233   1.0000000000E+00
    8234   1.0000000000E+00
    8235   1.0000000000E+00
    8236   1.0000000000E+00
    8237   1.0000000000E+00
    8238   1.0000000000E+00
    8239   1.0000000000E+00
    8240   1.0000000000E+00
    8241   1.0000000000E+00
    8242   1.0000000000E+00
    8243   1.0000000000E+00
    8244   1.0000000000E+00
    8245   1.0000000000E+00
    8246   1.0000000000E+00
    8247   1.0000000000E+00
    8248   1.0000000000E+00
    8249   1.0000000000E+00
    8250   1.0000000000E+00
    8251   1.0000000000E+00
    8252   1.0000000000E+00
    8253   1.0000000000E+00
    8254   1.0000000000E+00
    8255   1.0000000000E+00
    8256   1.0000000000E+00
    8257   1.0000000000E+00
    8258   1.0000000000E+00
    8259   1.0000000000E+00
    8260   1.0000000000E+00
    8261   1.0000000000E+00
    8262   1.0000000000E+00
    8263   1.0000000000E+00
    8264   1.0000000000E+00
    8265   1.0000000000E+00
    8266   1.0000000000E+00
    8267   1.0000000000E+00
    8268   1.0000000000E+00
    8269   1.0000000000E+00
    8270   1.0000000000E+00
    8271   1.0000000000E+00
    8272   1.0000000000E+00
    8273   1.0000000000E+00
    8274   1.0000000000E+00
    8275   1.0000000000E+00
    8276   1.0000000000E+00
    8277   1.0000000000E+00
    8278   1.0000000000E+00
    8279   1.0000000000E+00
    8280   1.0000000000E+00
    8281   1.0000000000E+00
    8282   1.0000000000E+00
    8283   1.0000000000E+00
    8284   1.0000000000E+00
    8285   1.0000000000E+00
    8286   1.0000000000E+00
    8287   1.0000000000E+00
    8288   1.0000000000E+00
    8289   1.0000000000E+00
    8290   1.0000000000E+00
    8291   1.0000000000E+00
    8292   1.0000000000E+00
    8293   1.0000000000E+00
    8294   1.0000000000E+00
    8295   1.0000000000E+00
    8296   1.0000000000E+00
    8297   1.0000000000E+00
    8298   1.0000000000E+00
    8299   1.0000000000E+00
    8300   1.0000000000E+00
    8301   1.0000000000E+00
    8302   1.0000000000E+00
    8303   1.0000000000E+00
    8304   1.0000000000E+00
    8305   1.0000000000E+00
    8306   1.0000000000E+00
    8307   1.0000000000E+00
    8308   1.0000000000E+00
    8309   1.0000000000E+00
    8310   1.0000000000E+00
    8311   1.0000000000E+00
    8312   1.0000000000E+00
    8313   1.0000000000E+00
    8314   1.0000000000E+00
    8315   1.0000000000E+00
    8316   1.0000000000E+00
    8317   1.0000000000E+00
    8318   1.0000000000E+00
    8319   1.0000000000E+00
    8320   1.0000000000E+00
    8321   1.0000000000E+00
    8322   1.0000000000E+00
    8323   1.0000000000E+00
    8324   1.0000000000E+00
    8325   1.0000000000E+00
    8326   1.0000000000E+00
    8327   1.0000000000E+00
    8328   1.0000000000E+00
    8329   1.0000000000E+00
    8330   1.0000000000E+00
    8331   1.0000000000E+00
    8332   1.0000000000E+00
    8333   1.0000000000E+00
    8334   1.0000000000E+00
    8335   1.0000000000E+00
    8336   1.0000000000E+00
    8337   1.0000000000E+00
    8338   1.0000000000E+00
    8339   1.0000000000E+00
    8340   1.0000000000E+00
    8341   1.0000000000E+00
    8342   1.0000000000E+00
    8343   1.0000000000E+00
    8344   1.0000000000E+00
    8345   1.0000000000E+00
    8346   1.0000000000E+00
    8347   1.0000000000E+00
    8348   1.0000000000E+00
    8349   1.0000000000E+00
    8350   1.0000000000E+00
    8351   1.0000000000E+00
    8352   1.0000000000E+00
    8353   1.0000000000E+00
    8354   1.0000000000E+00
    8355   1.0000000000E+00
    8356   1.0000000000E+00
    8357   1.0000000000E+00
    8358   1.0000000000E+00
    8359   1.0000000000E+00
    8360   1.0000000000E+00
    8361   1.0000000000E+00
    8362   1.0000000000E+00
    8363   1.0000000000E+00
    8364   1.0000000000E+00
    8365   1.0000000000E+00
    8366   1.0000000000E+00
    8367   1.0000000000E+00
    8368   1.0000000000E+00
    8369   1.0000000000E+00
    8370   1.0000000000E+00
    8371   1.0000000000E+00
    8372   1.0000000000E+00
    8373   1.0000000000E+00
    8374   1.0000000000E+00
    8375   1.0000000000E+00
    8376   1.0000000000E+00
    8377   1.0000000000E+00
    8378   1.0000000000E+00
    8379   1.0000000000E+00
    8380   1.0000000000E+00
    8381   1.0000000000E+00
    8382   1.0000000000E+00
    8383   1.0000000000E+00
    8384   1.0000000000E+00
    8385   1.0000000000E+00
    8386   1.0000000000E+00
    8387   1.0000000000E+00
    8388   1.0000000000E+00
    8389   1.0000000000E+00
    8390   1.0000000000E+00
    8391   1.0000000000E+00
    8392   1.0000000000E+00
    8393   1.0000000000E+00
    8394   1.0000000000E+00
    8395   1.0000000000E+00
    8396   1.0000000000E+00
    8397   1.0000000000E+00
    8398   1.0000000000E+00
    8399   1.0000000000E+00
    8400   1.0000000000E+00
    8401   1.0000000000E+00
    8402   1.0000000000E+00
    8403   1.0000000000E+00
    8404   1.0000000000E+00
    8405   1.0000000000E+00
    8406   1.0000000000E+00
    8407   1.0000000000E+00
    8408   1.0000000000E+00
    8409   1.0000000000E+00
    8410   1.0000000000E+00
    8411   1.0000000000E+00
    8412   1.0000000000E+00
    8413   1.0000000000E+00
    8414   1.0000000000E+00
    8415   1.0000000000E+00
    8416   1.0000000000E+00
    8417   1.0000000000E+00
    8418   1.0000000000E+00
    8419   1.0000000000E+00
    8420   1.0000000000E+00
    8421   1.0000000000E+00
    8422   1.0000000000E+00
    8423   1.0000000000E+00
    8424   1.0000000000E+00
    8425   1.0000000000E+00
    8426   1.0000000000E+00
    8427   1.0000000000E+00
    8428   1.0000000000E+00
    8429   1.0000000000E+00
    8430   1.0000000000E+00
    8431   1.0000000000E+00
    8432   1.0000000000E+00
    8433   1.0000000000E+00
    8434   1.0000000000E+00
    8435   1.0000000000E+00
    8436   1.0000000000E+00
    8437   1.0000000000E+00
    8438   1.0000000000E+00
    8439   1.0000000000E+00
    8440   1.0000000000E+00
    8441   1.0000000000E+00
    8442   1.0000000000E+00
    8443   1.0000000000E+00
    8444   1.0000000000E+00
    8445   1.0000000000E+00
    8446   1.0000000000E+00
    8447   1.0000000000E+00
    8448   1.0000000000E+00
    8449   1.0000000000E+00
    8450   1.0000000000E+00
    8451   1.0000000000E+00
    8452   1.0000000000E+00
    8453   1.0000000000E+00
    8454   1.0000000000E+00
    8455   1.0000000000E+00
    8456   1.0000000000E+00
    8457   1.0000000000E+00
    8458   1.0000000000E+00
    8459   1.0000000000E+00
    8460   1.0000000000E+00
    8461   1.0000000000E+00
    8462   1.0000000000E+00
    8463   1.0000000000E+00
    8464   1.0000000000E+00
    8465   1.0000000000E+00
    8466   1.0000000000E+00
    8467   1.0000000000E+00
    8468   1.0000000000E+00
    8469   1.0000000000E+00
    8470   1.0000000000E+00
    8471   1.0000000000E+00
    8472   1.0000000000E+00
    8473   1.0000000000E+00
    8474   1.0000000000E+00
    8475   1.0000000000E+00
    8476   1.0000000000E+00
    8477   1.0000000000E+00
    8478   1.0000000000E+00
    8479   1.0000000000E+00
    8480   1.0000000000E+00
    8481   1.0000000000E+00
    8482   1.0000000000E+00
    8483   1.0000000000E+00
    8484   1.0000000000E+00
    8485   1.0000000000E+00
    8486   1.0000000000E+00
    8487   1.0000000000E+00
    8488   1.0000000000E+00
    8489   1.0000000000E+00
    8490   1.0000000000E+00
    8491   1.0000000000E+00
    8492   1.0000000000E+00
    8493   1.0000000000E+00
    8494   1.0000000000E+00
    8495   1.0000000000E+00
    8496   1.0000000000E+00
    8497   1.0000000000E+00
    8498   1.0000000000E+00
    8499   1.0000000000E+00
    8500   1.0000000000E+00
    8501   1.0000000000E+00
    8502   1.0000000000E+00
    8503   1.0000000000E+00
    8504   1.0000000000E+00
    8505   1.0000000000E+00
    8506   1.0000000000E+00
    8507   1.0000000000E+00
    8508   1.0000000000E+00
    8509   1.0000000000E+00
    8510   1.0000000000E+00
    8511   1.0000000000E+00
    8512   1.0000000000E+00
    8513   1.0000000000E+00
    8514   1.0000000000E+00
    8515   1.0000000000E+00
    8516   1.0000000000E+00
    8517   1.0000000000E+00
    8518   1.0000000000E+00
    8519   1.0000000000E+00
    8520   1.0000000000E+00
    8521   1.0000000000E+00
    8522   1.0000000000E+00
    8523   1.0000000000E+00
    8524   1.0000000000E+00
    8525   1.0000000000E+00
    8526   1.0000000000E+00
    8527   1.0000000000E+00
    8528   1.0000000000E+00
    8529   1.0000000000E+00
    8530   1.0000000000E+00
    8531   1.0000000000E+00
    8532   1.0000000000E+00
    8533   1.0000000000E+00
    8534   1.0000000000E+00
    8535   1.0000000000E+00
    8536   1.0000000000E+00
    8537   1.0000000000E+00
    8538   1.0000000000E+00
    8539   1.0000000000E+00
    8540   1.0000000000E+00
    8541   1.0000000000E+00
    8542   1.0000000000E+00
    8543   1.0000000000E+00
    8544   1.0000000000E+00
    8545   1.0000000000E+00
    8546   1.0000000000E+00
    8547   1.0000000000E+00
    8548   1.0000000000E+00
    8549   1.0000000000E+00
    8550   1.0000000000E+00
    8551   1.0000000000E+00
    8552   1.0000000000E+00
    8553   1.0000000000E+00
    8554   1.0000000000E+00
    8555   1.0000000000E+00
    8556   1.0000000000E+00
    8557   1.0000000000E+00
    8558   1.0000000000E+00
    8559   1.0000000000E+00
    8560   1.0000000000E+00
    8561   1.0000000000E+00
    8562   1.0000000000E+00
    8563   1.0000000000E+00
    8564   1.0000000000E+00
    8565   1.0000000000E+00
    8566   1.0000000000E+00
    8567   1.0000000000E+00
    8568   1.0000000000E+00
    8569   1.0000000000E+00
    8570   1.0000000000E+00
    8571   1.0000000000E+00
    8572   1.0000000000E+00
    8573   1.0000000000E+00
    8574   1.0000000000E+00
    8575   1.0000000000E+00
    8576   1.0000000000E+00
    8577   1.0000000000E+00
    8578   1.0000000000E+00
    8579   1.0000000000E+00
    8580   1.0000000000E+00
    8581   1.0000000000E+00
    8582   1.0000000000E+00
    8583   1.0000000000E+00
    8584   1.0000000000E+00
    8585   1.0000000000E+00
    8586   1.0000000000E+00
    8587   1.0000000000E+00
    8588   1.0000000000E+00
    8589   1.0000000000E+00
    8590   1.0000000000E+00
    8591   1.0000000000E+00
    8592   1.0000000000E+00
    8593   1.0000000000E+00
    8594   1.0000000000E+00
    8595   1.0000000000E+00
    8596   1.0000000000E+00
    8597   1.0000000000E+00
    8598   1.0000000000E+00
    8599   1.0000000000E+00
    8600   1.0000000000E+00
    8601   1.0000000000E+00
    8602   1.0000000000E+00
    8603   1.0000000000E+00
    8604   1.0000000000E+00
    8605   1.0000000000E+00
    8606   1.0000000000E+00
    8607   1.0000000000E+00
    8608   1.0000000000E+00
    8609   1.0000000000E+00
    8610   1.0000000000E+00
    8611   1.0000000000E+00
    8612   1.0000000000E+00
    8613   1.0000000000E+00
    8614   1.0000000000E+00
    8615   1.0000000000E+00
    8616   1.0000000000E+00
    8617   1.0000000000E+00
    8618   1.0000000000E+00
    8619   1.0000000000E+00
    8620   1.0000000000E+00
    8621   1.0000000000E+00
    8622   1.0000000000E+00
    8623   1.0000000000E+00
    8624   1.0000000000E+00
    8625   1.0000000000E+00
    8626   1.0000000000E+00
    8627   1.0000000000E+00
    8628   1.0000000000E+00
    8629   1.0000000000E+00
    8630   1.0000000000E+00
    8631   1.0000000000E+00
    8632   1.0000000000E+00
    8633   1.0000000000E+00
    8634   1.0000000000E+00
    8635   1.0000000000E+00
    8636   1.0000000000E+00
    8637   1.0000000000E+00
    8638   1.0000000000E+00
    8639   1.0000000000E+00
    8640   1.0000000000E+00
    8641   1.0000000000E+00
    8642   1.0000000000E+00
    8643   1.0000000000E+00
    8644   1.0000000000E+00
    8645   1.0000000000E+00
    8646   1.0000000000E+00
    8647   1.0000000000E+00
    8648   1.0000000000E+00
    8649   1.0000000000E+00
    8650   1.0000000000E+00
    8651   1.0000000000E+00
    8652   1.0000000000E+00
    8653   1.0000000000E+00
    8654   1.0000000000E+00
    8655   1.0000000000E+00
    8656   1.0000000000E+00
    8657   1.0000000000E+00
    8658   1.0000000000E+00
    8659   1.0000000000E+00
    8660   1.0000000000E+00
    8661   1.0000000000E+00
    8662   1.0000000000E+00
    8663   1.0000000000E+00
    8664   1.0000000000E+00
    8665   1.0000000000E+00
    8666   1.0000000000E+00
    8667   1.0000000000E+00
    8668   1.0000000000E+00
    8669   1.0000000000E+00
    8670   1.0000000000E+00
    8671   1.0000000000E+00
    8672   1.0000000000E+00
    8673   1.0000000000E+00
    8674   1.0000000000E+00
    8675   1.0000000000E+00
    8676   1.0000000000E+00
    8677   1.0000000000E+00
    8678   1.0000000000E+00
    8679   1.0000000000E+00
    8680   1.0000000000E+00
    8681   1.0000000000E+00
    8682   1.0000000000E+00
    8683   1.0000000000E+00
    8684   1.0000000000E+00
    8685   1.0000000000E+00
    8686   1.0000000000E+00
    8687   1.0000000000E+00
    8688   1.0000000000E+00
    8689   1.0000000000E+00
    8690   1.0000000000E+00
    8691   1.0000000000E+00
    8692   1.0000000000E+00
    8693   1.0000000000E+00
    8694   1.0000000000E+00
    8695   1.0000000000E+00
    8696   1.0000000000E+00
    8697   1.0000000000E+00
    8698   1.0000000000E+00
    8699   1.0000000000E+00
    8700   1.0000000000E+00
    8701   1.0000000000E+00
    8702   1.0000000000E+00
    8703   1.0000000000E+00
    8704   1.0000000000E+00
    8705   1.0000000000E+00
    8706   1.0000000000E+00
    8707   1.0000000000E+00
    8708   1.0000000000E+00
    8709   1.0000000000E+00
    8710   1.0000000000E+00
    8711   1.0000000000E+00
    8712   1.0000000000E+00
    8713   1.0000000000E+00
    8714   1.0000000000E+00
    8715   1.0000000000E+00
    8716   1.0000000000E+00
    8717   1.0000000000E+00
    8718   1.0000000000E+00
    8719   1.0000000000E+00
    8720   1.0000000000E+00
    8721   1.0000000000E+00
    8722   1.0000000000E+00
    8723   1.0000000000E+00
    8724   1.0000000000E+00
    8725   1.0000000000E+00
    8726   1.0000000000E+00
    8727   1.0000000000E+00
    8728   1.0000000000E+00
    8729   1.0000000000E+00
    8730   1.0000000000E+00
    8731   1.0000000000E+00
    8732   1.0000000000E+00
    8733   1.0000000000E+00
    8734   1.0000000000E+00
    8735   1.0000000000E+00
    8736   1.0000000000E+00
    8737   1.0000000000E+00
    8738   1.0000000000E+00
    8739   1.0000000000E+00
    8740   1.0000000000E+00
    8741   1.0000000000E+00
    8742   1.0000000000E+00
    8743   1.0000000000E+00
    8744   1.0000000000E+00
    8745   1.0000000000E+00
    8746   1.0000000000E+00
    8747   1.0000000000E+00
    8748   1.0000000000E+00
    8749   1.0000000000E+00
    8750   1.0000000000E+00
    8751   1.0000000000E+00
    8752   1.0000000000E+00
    8753   1.0000000000E+00
    8754   1.0000000000E+00
    8755   1.0000000000E+00
    8756   1.0000000000E+00
    8757   1.0000000000E+00
    8758   1.0000000000E+00
    8759   1.0000000000E+00
    8760   1.0000000000E+00
    8761   1.0000000000E+00
    8762   1.0000000000E+00
    8763   1.0000000000E+00
    8764   1.0000000000E+00
    8765   1.0000000000E+00
    8766   1.0000000000E+00
    8767   1.0000000000E+00
    8768   1.0000000000E+00
    8769   1.0000000000E+00
    8770   1.0000000000E+00
    8771   1.0000000000E+00
    8772   1.0000000000E+00
    8773   1.0000000000E+00
    8774   1.0000000000E+00
    8775   1.0000000000E+00
    8776   1.0000000000E+00
    8777   1.0000000000E+00
    8778   1.0000000000E+00
    8779   1.0000000000E+00
    8780   1.0000000000E+00
    8781   1.0000000000E+00
    8782   1.0000000000E+00
    8783   1.0000000000E+00
    8784   1.0000000000E+00
    8785   1.0000000000E+00
    8786   1.0000000000E+00
    8787   1.0000000000E+00
    8788   1.0000000000E+00
    8789   1.0000000000E+00
    8790   1.0000000000E+00
    8791   1.0000000000E+00
    8792   1.0000000000E+00
    8793   1.0000000000E+00
    8794   1.0000000000E+00
    8795   1.0000000000E+00
    8796   1.0000000000E+00
    8797   1.0000000000E+00
    8798   1.0000000000E+00
    8799   1.0000000000E+00
    8800   1.0000000000E+00
    8801   1.0000000000E+00
    8802   1.0000000000E+00
    8803   1.0000000000E+00
    8804   1.0000000000E+00
    8805   1.0000000000E+00
    8806   1.0000000000E+00
    8807   1.0000000000E+00
    8808   1.0000000000E+00
    8809   1.0000000000E+00
    8810   1.0000000000E+00
    8811   1.0000000000E+00
    8812   1.0000000000E+00
    8813   1.0000000000E+00
    8814   1.0000000000E+00
    8815   1.0000000000E+00
    8816   1.0000000000E+00
    8817   1.0000000000E+00
    8818   1.0000000000E+00
    8819   1.0000000000E+00
    8820   1.0000000000E+00
    8821   1.0000000000E+00
    8822   1.0000000000E+00
    8823   1.0000000000E+00
    8824   1.0000000000E+00
    8825   1.0000000000E+00
    8826   1.0000000000E+00
    8827   1.0000000000E+00
    8828   1.0000000000E+00
    8829   1.0000000000E+00
    8830   1.0000000000E+00
    8831   1.0000000000E+00
    8832   1.0000000000E+00
    8833   1.0000000000E+00
    8834   1.0000000000E+00
    8835   1.0000000000E+00
    8836   1.0000000000E+00
    8837   1.0000000000E+00
    8838   1.0000000000E+00
    8839   1.0000000000E+00
    8840   1.0000000000E+00
    8841   1.0000000000E+00
    8842   1.0000000000E+00
    8843   1.0000000000E+00
    8844   1.0000000000E+00
    8845   1.0000000000E+00
    8846   1.0000000000E+00
    8847   1.0000000000E+00
    8848   1.0000000000E+00
    8849   1.0000000000E+00
    8850   1.0000000000E+00
    8851   1.0000000000E+00
    8852   1.0000000000E+00
    8853   1.0000000000E+00
    8854   1.0000000000E+00
    8855   1.0000000000E+00
    8856   1.0000000000E+00
    8857   1.0000000000E+00
    8858   1.0000000000E+00
    8859   1.0000000000E+00
    8860   1.0000000000E+00
    8861   1.0000000000E+00
    8862   1.0000000000E+00
    8863   1.0000000000E+00
    8864   1.0000000000E+00
    8865   1.0000000000E+00
    8866   1.0000000000E+00
    8867   1.0000000000E+00
    8868   1.0000000000E+00
    8869   1.0000000000E+00
    8870   1.0000000000E+00
    8871   1.0000000000E+00
    8872   1.0000000000E+00
    8873   1.0000000000E+00
    8874   1.0000000000E+00
    8875   1.0000000000E+00
    8876   1.0000000000E+00
    8877   1.0000000000E+00
    8878   1.0000000000E+00
    8879   1.0000000000E+00
    8880   1.0000000000E+00
    8881   1.0000000000E+00
    8882   1.0000000000E+00
    8883   1.0000000000E+00
    8884   1.0000000000E+00
    8885   1.0000000000E+00
    8886   1.0000000000E+00
    8887   1.0000000000E+00
    8888   1.0000000000E+00
    8889   1.0000000000E+00
    8890   1.0000000000E+00
    8891   1.0000000000E+00
    8892   1.0000000000E+00
    8893   1.0000000000E+00
    8894   1.0000000000E+00
    8895   1.0000000000E+00
    8896   1.0000000000E+00
    8897   1.0000000000E+00
    8898   1.0000000000E+00
    8899   1.0000000000E+00
    8900   1.0000000000E+00
    8901   1.0000000000E+00
    8902   1.0000000000E+00
    8903   1.0000000000E+00
    8904   1.0000000000E+00
    8905   1.0000000000E+00
    8906   1.0000000000E+00
    8907   1.0000000000E+00
    8908   1.0000000000E+00
    8909   1.0000000000E+00
    8910   1.0000000000E+00
    8911   1.0000000000E+00
    8912   1.0000000000E+00
    8913   1.0000000000E+00
    8914   1.0000000000E+00
    8915   1.0000000000E+00
    8916   1.0000000000E+00
    8917   1.0000000000E+00
    8918   1.0000000000E+00
    8919   1.0000000000E+00
    8920   1.0000000000E+00
    8921   1.0000000000E+00
    8922   1.0000000000E+00
    8923   1.0000000000E+00
    8924   1.0000000000E+00
    8925   1.0000000000E+00
    8926   1.0000000000E+00
    8927   1.0000000000E+00
    8928   1.0000000000E+00
    8929   1.0000000000E+00
    8930   1.0000000000E+00
    8931   1.0000000000E+00
    8932   1.0000000000E+00
    8933   1.0000000000E+00
    8934   1.0000000000E+00
    8935   1.0000000000E+00
    8936   1.0000000000E+00
    8937   1.0000000000E+00
    8938   1.0000000000E+00
    8939   1.0000000000E+00
    8940   1.0000000000E+00
    8941   1.0000000000E+00
    8942   1.0000000000E+00
    8943   1.0000000000E+00
    8944   1.0000000000E+00
    8945   1.0000000000E+00
    8946   1.0000000000E+00
    8947   1.0000000000E+00
    8948   1.0000000000E+00
    8949   1.0000000000E+00
    8950   1.0000000000E+00
    8951   1.0000000000E+00
    8952   1.0000000000E+00
    8953   1.0000000000E+00
    8954   1.0000000000E+00
    8955   1.0000000000E+00
    8956   1.0000000000E+00
    8957   1.0000000000E+00
    8958   1.0000000000E+00
    8959   1.0000000000E+00
    8960   1.0000000000E+00
    8961   1.0000000000E+00
    8962   1.0000000000E+00
    8963   1.0000000000E+00
    8964   1.0000000000E+00
    8965   1.0000000000E+00
    8966   1.0000000000E+00
    8967   1.0000000000E+00
    8968   1.0000000000E+00
    8969   1.0000000000E+00
    8970   1.0000000000E+00
    8971   1.0000000000E+00
    8972   1.0000000000E+00
    8973   1.0000000000E+00
    8974   1.0000000000E+00
    8975   1.0000000000E+00
    8976   1.0000000000E+00
    8977   1.0000000000E+00
    8978   1.0000000000E+00
    8979   1.0000000000E+00
    8980   1.0000000000E+00
    8981   1.0000000000E+00
    8982   1.0000000000E+00
    8983   1.0000000000E+00
    8984   1.0000000000E+00
    8985   1.0000000000E+00
    8986   1.0000000000E+00
    8987   1.0000000000E+00
    8988   1.0000000000E+00
    8989   1.0000000000E+00
    8990   1.0000000000E+00
    8991   1.0000000000E+00
    8992   1.0000000000E+00
    8993   1.0000000000E+00
    8994   1.0000000000E+00
    8995   1.0000000000E+00
    8996   1.0000000000E+00
    8997   1.0000000000E+00
    8998   1.0000000000E+00
    8999   1.0000000000E+00
    9000   1.0000000000E+00
    9001   1.0000000000E+00
    9002   1.0000000000E+00
    9003   1.0000000000E+00
    9004   1.0000000000E+00
    9005   1.0000000000E+00
    9006   1.0000000000E+00
    9007   1.0000000000E+00
    9008   1.0000000000E+00
    9009   1.0000000000E+00
    9010   1.0000000000E+00
    9011   1.0000000000E+00
    9012   1.0000000000E+00
    9013   1.0000000000E+00
    9014   1.0000000000E+00
    9015   1.0000000000E+00
    9016   1.0000000000E+00
    9017   1.0000000000E+00
    9018   1.0000000000E+00
    9019   1.0000000000E+00
    9020   1.0000000000E+00
    9021   1.0000000000E+00
    9022   1.0000000000E+00
    9023   1.0000000000E+00
    9024   1.0000000000E+00
    9025   1.0000000000E+00
    9026   1.0000000000E+00
    9027   1.0000000000E+00
    9028   1.0000000000E+00
    9029   1.0000000000E+00
    9030   1.0000000000E+00
    9031   1.0000000000E+00
    9032   1.0000000000E+00
    9033   1.0000000000E+00
    9034   1.0000000000E+00
    9035   1.0000000000E+00
    9036   1.0000000000E+00
    9037   1.0000000000E+00
    9038   1.0000000000E+00
    9039   1.0000000000E+00
    9040   1.0000000000E+00
    9041   1.0000000000E+00
    9042   1.0000000000E+00
    9043   1.0000000000E+00
    9044   1.0000000000E+00
    9045   1.0000000000E+00
    9046   1.0000000000E+00
    9047   1.0000000000E+00
    9048   1.0000000000E+00
    9049   1.0000000000E+00
    9050   1.0000000000E+00
    9051   1.0000000000E+00
    9052   1.0000000000E+00
    9053   1.0000000000E+00
    9054   1.0000000000E+00
    9055   1.0000000000E+00
    9056   1.0000000000E+00
    9057   1.0000000000E+00
    9058   1.0000000000E+00
    9059   1.0000000000E+00
    9060   1.0000000000E+00
    9061   1.0000000000E+00
    9062   1.0000000000E+00
    9063   1.0000000000E+00
    9064   1.0000000000E+00
    9065   1.0000000000E+00
    9066   1.0000000000E+00
    9067   1.0000000000E+00
    9068   1.0000000000E+00
    9069   1.0000000000E+00
    9070   1.0000000000E+00
    9071   1.0000000000E+00
    9072   1.0000000000E+00
    9073   1.0000000000E+00
    9074   1.0000000000E+00
    9075   1.0000000000E+00
    9076   1.0000000000E+00
    9077   1.0000000000E+00
    9078   1.0000000000E+00
    9079   1.0000000000E+00
    9080   1.0000000000E+00
    9081   1.0000000000E+00
    9082   1.0000000000E+00
    9083   1.0000000000E+00
    9084   1.0000000000E+00
    9085   1.0000000000E+00
    9086   1.0000000000E+00
    9087   1.0000000000E+00
    9088   1.0000000000E+00
    9089   1.0000000000E+00
    9090   1.0000000000E+00
    9091   1.0000000000E+00
    9092   1.0000000000E+00
    9093   1.0000000000E+00
    9094   1.0000000000E+00
    9095   1.0000000000E+00
    9096   1.0000000000E+00
    9097   1.0000000000E+00
    9098   1.0000000000E+00
    9099   1.0000000000E+00
    9100   1.0000000000E+00
    9101   1.0000000000E+00
    9102   1.0000000000E+00
    9103   1.0000000000E+00
    9104   1.0000000000E+00
    9105   1.0000000000E+00
    9106   1.0000000000E+00
    9107   1.0000000000E+00
    9108   1.0000000000E+00
    9109   1.0000000000E+00
    9110   1.0000000000E+00
    9111   1.0000000000E+00
    9112   1.0000000000E+00
    9113   1.0000000000E+00
    9114   1.0000000000E+00
    9115   1.0000000000E+00
    9116   1.0000000000E+00
    9117   1.0000000000E+00
    9118   1.0000000000E+00
    9119   1.0000000000E+00
    9120   1.0000000000E+00
    9121   1.0000000000E+00
    9122   1.0000000000E+00
    9123   1.0000000000E+00
    9124   1.0000000000E+00
    9125   1.0000000000E+00
    9126   1.0000000000E+00
    9127   1.0000000000E+00
    9128   1.0000000000E+00
    9129   1.0000000000E+00
    9130   1.0000000000E+00
    9131   1.0000000000E+00
    9132   1.0000000000E+00
    9133   1.0000000000E+00
    9134   1.0000000000E+00
    9135   1.0000000000E+00
    9136   1.0000000000E+00
    9137   1.0000000000E+00
    9138   1.0000000000E+00
    9139   1.0000000000E+00
    9140   1.0000000000E+00
    9141   1.0000000000E+00
    9142   1.0000000000E+00
    9143   1.0000000000E+00
    9144   1.0000000000E+00
    9145   1.0000000000E+00
    9146   1.0000000000E+00
    9147   1.0000000000E+00
    9148   1.0000000000E+00
    9149   1.0000000000E+00
    9150   1.0000000000E+00
    9151   1.0000000000E+00
    9152   1.0000000000E+00
    9153   1.0000000000E+00
    9154   1.0000000000E+00
    9155   1.0000000000E+00
    9156   1.0000000000E+00
    9157   1.0000000000E+00
    9158   1.0000000000E+00
    9159   1.0000000000E+00
    9160   1.0000000000E+00
    9161   1.0000000000E+00
    9162   1.0000000000E+00
    9163   1.0000000000E+00
    9164   1.0000000000E+00
    9165   1.0000000000E+00
    9166   1.0000000000E+00
    9167   1.0000000000E+00
    9168   1.0000000000E+00
    9169   1.0000000000E+00
    9170   1.0000000000E+00
    9171   1.0000000000E+00
    9172   1.0000000000E+00
    9173   1.0000000000E+00
    9174   1.0000000000E+00
    9175   1.0000000000E+00
    9176   1.0000000000E+00
    9177   1.0000000000E+00
    9178   1.0000000000E+00
    9179   1.0000000000E+00
    9180   1.0000000000E+00
    9181   1.0000000000E+00
    9182   1.0000000000E+00
    9183   1.0000000000E+00
    9184   1.0000000000E+00
    9185   1.0000000000E+00
    9186   1.0000000000E+00
    9187   1.0000000000E+00
    9188   1.0000000000E+00
    9189   1.0000000000E+00
    9190   1.0000000000E+00
    9191   1.0000000000E+00
    9192   1.0000000000E+00
    9193   1.0000000000E+00
    9194   1.0000000000E+00
    9195   1.0000000000E+00
    9196   1.0000000000E+00
    9197   1.0000000000E+00
    9198   1.0000000000E+00
    9199   1.0000000000E+00
    9200   1.0000000000E+00
    9201   1.0000000000E+00
    9202   1.0000000000E+00
    9203   1.0000000000E+00
    9204   1.0000000000E+00
    9205   1.0000000000E+00
    9206   1.0000000000E+00
    9207   1.0000000000E+00
    9208   1.0000000000E+00
    9209   1.0000000000E+00
    9210   1.0000000000E+00
    9211   1.0000000000E+00
    9212   1.0000000000E+00
    9213   1.0000000000E+00
    9214   1.0000000000E+00
    9215   1.0000000000E+00
    9216   1.0000000000E+00
    9217   1.0000000000E+00
    9218   1.0000000000E+00
    9219   1.0000000000E+00
    9220   1.0000000000E+00
    9221   1.0000000000E+00
    9222   1.0000000000E+00
    9223   1.0000000000E+00
    9224   1.0000000000E+00
    9225   1.0000000000E+00
    9226   1.0000000000E+00
    9227   1.0000000000E+00
    9228   1.0000000000E+00
    9229   1.0000000000E+00
    9230   1.0000000000E+00
    9231   1.0000000000E+00
    9232   1.0000000000E+00
    9233   1.0000000000E+00
    9234   1.0000000000E+00
    9235   1.0000000000E+00
    9236   1.0000000000E+00
    9237   1.0000000000E+00
    9238   1.0000000000E+00
    9239   1.0000000000E+00
    9240   1.0000000000E+00
    9241   1.0000000000E+00
    9242   1.0000000000E+00
    9243   1.0000000000E+00
    9244   1.0000000000E+00
    9245   1.0000000000E+00
    9246   1.0000000000E+00
    9247   1.0000000000E+00
    9248   1.0000000000E+00
    9249   1.0000000000E+00
    9250   1.0000000000E+00
    9251   1.0000000000E+00
    9252   1.0000000000E+00
    9253   1.0000000000E+00
    9254   1.0000000000E+00
    9255   1.0000000000E+00
    9256   1.0000000000E+00
    9257   1.0000000000E+00
    9258   1.0000000000E+00
    9259   1.0000000000E+00
    9260   1.0000000000E+00
    9261   1.0000000000E+00
    9262   1.0000000000E+00
    9263   1.0000000000E+00
    9264   1.0000000000E+00
    9265   1.0000000000E+00
    9266   1.0000000000E+00
    9267   1.0000000000E+00
    9268   1.0000000000E+00
    9269   1.0000000000E+00
    9270   1.0000000000E+00
    9271   1.0000000000E+00
    9272   1.0000000000E+00
    9273   1.0000000000E+00
    9274   1.0000000000E+00
    9275   1.0000000000E+00
    9276   1.0000000000E+00
    9277   1.0000000000E+00
    9278   1.0000000000E+00
    9279   1.0000000000E+00
    9280   1.0000000000E+00
    9281   1.0000000000E+00
    9282   1.0000000000E+00
    9283   1.0000000000E+00
    9284   1.0000000000E+00
    9285   1.0000000000E+00
    9286   1.0000000000E+00
    9287   1.0000000000E+00
    9288   1.0000000000E+00
    9289   1.0000000000E+00
    9290   1.0000000000E+00
    9291   1.0000000000E+00
    9292   1.0000000000E+00
    9293   1.0000000000E+00
    9294   1.0000000000E+00
    9295   1.0000000000E+00
    9296   1.0000000000E+00
    9297   1.0000000000E+00
    9298   1.0000000000E+00
    9299   1.0000000000E+00
    9300   1.0000000000E+00
    9301   1.0000000000E+00
    9302   1.0000000000E+00
    9303   1.0000000000E+00
    9304   1.0000000000E+00
    9305   1.0000000000E+00
    9306   1.0000000000E+00
    9307   1.0000000000E+00
    9308   1.0000000000E+00
    9309   1.0000000000E+00
    9310   1.0000000000E+00
    9311   1.0000000000E+00
    9312   1.0000000000E+00
    9313   1.0000000000E+00
    9314   1.0000000000E+00
    9315   1.0000000000E+00
    9316   1.0000000000E+00
    9317   1.0000000000E+00
    9318   1.0000000000E+00
    9319   1.0000000000E+00
    9320   1.0000000000E+00
    9321   1.0000000000E+00
    9322   1.0000000000E+00
    9323   1.0000000000E+00
    9324   1.0000000000E+00
    9325   1.0000000000E+00
    9326   1.0000000000E+00
    9327   1.0000000000E+00
    9328   1.0000000000E+00
    9329   1.0000000000E+00
    9330   1.0000000000E+00
    9331   1.0000000000E+00
    9332   1.0000000000E+00
    9333   1.0000000000E+00
    9334   1.0000000000E+00
    9335   1.0000000000E+00
    9336   1.0000000000E+00
    9337   1.0000000000E+00
    9338   1.0000000000E+00
    9339   1.0000000000E+00
    9340   1.0000000000E+00
    9341   1.0000000000E+00
    9342   1.0000000000E+00
    9343   1.0000000000E+00
    9344   1.0000000000E+00
    9345   1.0000000000E+00
    9346   1.0000000000E+00
    9347   1.0000000000E+00
    9348   1.0000000000E+00
    9349   1.0000000000E+00
    9350   1.0000000000E+00
    9351   1.0000000000E+00
    9352   1.0000000000E+00
    9353   1.0000000000E+00
    9354   1.0000000000E+00
    9355   1.0000000000E+00
    9356   1.0000000000E+00
    9357   1.0000000000E+00
    9358   1.0000000000E+00
    9359   1.0000000000E+00
    9360   1.0000000000E+00
    9361   1.0000000000E+00
    9362   1.0000000000E+00
    9363   1.0000000000E+00
    9364   1.0000000000E+00
    9365   1.0000000000E+00
    9366   1.0000000000E+00
    9367   1.0000000000E+00
    9368   1.0000000000E+00
    9369   1.0000000000E+00
    9370   1.0000000000E+00
    9371   1.0000000000E+00
    9372   1.0000000000E+00
    9373   1.0000000000E+00
    9374   1.0000000000E+00
    9375   1.0000000000E+00
    9376   1.0000000000E+00
    9377   1.0000000000E+00
    9378   1.0000000000E+00
    9379   1.0000000000E+00
    9380   1.0000000000E+00
    9381   1.0000000000E+00
    9382   1.0000000000E+00
    9383   1.0000000000E+00
    9384   1.0000000000E+00
    9385   1.0000000000E+00
    9386   1.0000000000E+00
    9387   1.0000000000E+00
    9388   1.0000000000E+00
    9389   1.0000000000E+00
    9390   1.0000000000E+00
    9391   1.0000000000E+00
    9392   1.0000000000E+00
    9393   1.0000000000E+00
    9394   1.0000000000E+00
    9395   1.0000000000E+00
    9396   1.0000000000E+00
    9397   1.0000000000E+00
    9398   1.0000000000E+00
    9399   1.0000000000E+00
    9400   1.0000000000E+00
    9401   1.0000000000E+00
    9402   1.0000000000E+00
    9403   1.0000000000E+00
    9404   1.0000000000E+00
    9405   1.0000000000E+00
    9406   1.0000000000E+00
    9407   1.0000000000E+00
    9408   1.0000000000E+00
    9409   1.0000000000E+00
    9410   1.0000000000E+00
    9411   1.0000000000E+00
    9412   1.0000000000E+00
    9413   1.0000000000E+00
    9414   1.0000000000E+00
    9415   1.0000000000E+00
    9416   1.0000000000E+00
    9417   1.0000000000E+00
    9418   1.0000000000E+00
    9419   1.0000000000E+00
    9420   1.0000000000E+00
    9421   1.0000000000E+00
    9422   1.0000000000E+00
    9423   1.0000000000E+00
    9424   1.0000000000E+00
    9425   1.0000000000E+00
    9426   1.0000000000E+00
    9427   1.0000000000E+00
    9428   1.0000000000E+00
    9429   1.0000000000E+00
    9430   1.0000000000E+00
    9431   1.0000000000E+00
    9432   1.0000000000E+00
    9433   1.0000000000E+00
    9434   1.0000000000E+00
    9435   1.0000000000E+00
    9436   1.0000000000E+00
    9437   1.0000000000E+00
    9438   1.0000000000E+00
    9439   1.0000000000E+00
    9440   1.0000000000E+00
    9441   1.0000000000E+00
    9442   1.0000000000E+00
    9443   1.0000000000E+00
    9444   1.0000000000E+00
    9445   1.0000000000E+00
    9446   1.0000000000E+00
    9447   1.0000000000E+00
    9448   1.0000000000E+00
    9449   1.0000000000E+00
    9450   1.0000000000E+00
    9451   1.0000000000E+00
    9452   1.0000000000E+00
    9453   1.0000000000E+00
    9454   1.0000000000E+00
    9455   1.0000000000E+00
    9456   1.0000000000E+00
    9457   1.0000000000E+00
    9458   1.0000000000E+00
    9459   1.0000000000E+00
    9460   1.0000000000E+00
    9461   1.0000000000E+00
    9462   1.0000000000E+00
    9463   1.0000000000E+00
    9464   1.0000000000E+00
    9465   1.0000000000E+00
    9466   1.0000000000E+00
    9467   1.0000000000E+00
    9468   1.0000000000E+00
    9469   1.0000000000E+00
    9470   1.0000000000E+00
    9471   1.0000000000E+00
    9472   1.0000000000E+00
    9473   1.0000000000E+00
    9474   1.0000000000E+00
    9475   1.0000000000E+00
    9476   1.0000000000E+00
    9477   1.0000000000E+00
    9478   1.0000000000E+00
    9479   1.0000000000E+00
    9480   1.0000000000E+00
    9481   1.0000000000E+00
    9482   1.0000000000E+00
    9483   1.0000000000E+00
    9484   1.0000000000E+00
    9485   1.0000000000E+00
    9486   1.0000000000E+00
    9487   1.0000000000E+00
    9488   1.0000000000E+00
    9489   1.0000000000E+00
    9490   1.0000000000E+00
    9491   1.0000000000E+00
    9492   1.0000000000E+00
    9493   1.0000000000E+00
    9494   1.0000000000E+00
    9495   1.0000000000E+00
    9496   1.0000000000E+00
    9497   1.0000000000E+00
    9498   1.0000000000E+00
    9499   1.0000000000E+00
    9500   1.0000000000E+00
    9501   1.0000000000E+00
    9502   1.0000000000E+00
    9503   1.0000000000E+00
    9504   1.0000000000E+00
    9505   1.0000000000E+00
    9506   1.0000000000E+00
    9507   1.0000000000E+00
    9508   1.0000000000E+00
    9509   1.0000000000E+00
    9510   1.0000000000E+00
    9511   1.0000000000E+00
    9512   1.0000000000E+00
    9513   1.0000000000E+00
    9514   1.0000000000E+00
    9515   1.0000000000E+00
    9516   1.0000000000E+00
    9517   1.0000000000E+00
    9518   1.0000000000E+00
    9519   1.0000000000E+00
    9520   1.0000000000E+00
    9521   1.0000000000E+00
    9522   1.0000000000E+00
    9523   1.0000000000E+00
    9524   1.0000000000E+00
    9525   1.0000000000E+00
    9526   1.0000000000E+00
    9527   1.0000000000E+00
    9528   1.0000000000E+00
    9529   1.0000000000E+00
    9530   1.0000000000E+00
    9531   1.0000000000E+00
    9532   1.0000000000E+00
    9533   1.0000000000E+00
    9534   1.0000000000E+00
    9535   1.0000000000E+00
    9536   1.0000000000E+00
    9537   1.0000000000E+00
    9538   1.0000000000E+00
    9539   1.0000000000E+00
    9540   1.0000000000E+00
    9541   1.0000000000E+00
    9542   1.0000000000E+00
    9543   1.0000000000E+00
    9544   1.0000000000E+00
    9545   1.0000000000E+00
    9546   1.0000000000E+00
    9547   1.0000000000E+00
    9548   1.0000000000E+00
    9549   1.0000000000E+00
    9550   1.0000000000E+00
    9551   1.0000000000E+00
    9552   1.0000000000E+00
    9553   1.0000000000E+00
    9554   1.0000000000E+00
    9555   1.0000000000E+00
    9556   1.0000000000E+00
    9557   1.0000000000E+00
    9558   1.0000000000E+00
    9559   1.0000000000E+00
    9560   1.0000000000E+00
    9561   1.0000000000E+00
    9562   1.0000000000E+00
    9563   1.0000000000E+00
    9564   1.0000000000E+00
    9565   1.0000000000E+00
    9566   1.0000000000E+00
    9567   1.0000000000E+00
    9568   1.0000000000E+00
    9569   1.0000000000E+00
    9570   1.0000000000E+00
    9571   1.0000000000E+00
    9572   1.0000000000E+00
    9573   1.0000000000E+00
    9574   1.0000000000E+00
    9575   1.0000000000E+00
    9576   1.0000000000E+00
    9577   1.0000000000E+00
    9578   1.0000000000E+00
    9579   1.0000000000E+00
    9580   1.0000000000E+00
    9581   1.0000000000E+00
    9582   1.0000000000E+00
    9583   1.0000000000E+00
    9584   1.0000000000E+00
    9585   1.0000000000E+00
    9586   1.0000000000E+00
    9587   1.0000000000E+00
    9588   1.0000000000E+00
    9589   1.0000000000E+00
    9590   1.0000000000E+00
    9591   1.0000000000E+00
    9592   1.0000000000E+00
    9593   1.0000000000E+00
    9594   1.0000000000E+00
    9595   1.0000000000E+00
    9596   1.0000000000E+00
    9597   1.0000000000E+00
    9598   1.0000000000E+00
    9599   1.0000000000E+00
    9600   1.0000000000E+00
    9601   1.0000000000E+00
    9602   1.0000000000E+00
    9603   1.0000000000E+00
    9604   1.0000000000E+00
    9605   1.0000000000E+00
    9606   1.0000000000E+00
    9607   1.0000000000E+00
    9608   1.0000000000E+00
    9609   1.0000000000E+00
    9610   1.0000000000E+00
    9611   1.0000000000E+00
    9612   1.0000000000E+00
    9613   1.0000000000E+00
    9614   1.0000000000E+00
    9615   1.0000000000E+00
    9616   1.0000000000E+00
    9617   1.0000000000E+00
    9618   1.0000000000E+00
    9619   1.0000000000E+00
    9620   1.0000000000E+00
    9621   1.0000000000E+00
    9622   1.0000000000E+00
    9623   1.0000000000E+00
    9624   1.0000000000E+00
    9625   1.0000000000E+00
    9626   1.0000000000E+00
    9627   1.0000000000E+00
    9628   1.0000000000E+00
    9629   1.0000000000E+00
    9630   1.0000000000E+00
    9631   1.0000000000E+00
    9632   1.0000000000E+00
    9633   1.0000000000E+00
    9634   1.0000000000E+00
    9635   1.0000000000E+00
    9636   1.0000000000E+00
    9637   1.0000000000E+00
    9638   1.0000000000E+00
    9639   1.0000000000E+00
    9640   1.0000000000E+00
    9641   1.0000000000E+00
    9642   1.0000000000E+00
    9643   1.0000000000E+00
    9644   1.0000000000E+00
    9645   1.0000000000E+00
    9646   1.0000000000E+00
    9647   1.0000000000E+00
    9648   1.0000000000E+00
    9649   1.0000000000E+00
    9650   1.0000000000E+00
    9651   1.0000000000E+00
    9652   1.0000000000E+00
    9653   1.0000000000E+00
    9654   1.0000000000E+00
    9655   1.0000000000E+00
    9656   1.0000000000E+00
    9657   1.0000000000E+00
    9658   1.0000000000E+00
    9659   1.0000000000E+00
    9660   1.0000000000E+00
    9661   1.0000000000E+00
    9662   1.0000000000E+00
    9663   1.0000000000E+00
    9664   1.0000000000E+00
    9665   1.0000000000E+00
    9666   1.0000000000E+00
    9667   1.0000000000E+00
    9668   1.0000000000E+00
    9669   1.0000000000E+00
    9670   1.0000000000E+00
    9671   1.0000000000E+00
    9672   1.0000000000E+00
    9673   1.0000000000E+00
    9674   1.0000000000E+00
    9675   1.0000000000E+00
    9676   1.0000000000E+00
    9677   1.0000000000E+00
    9678   1.0000000000E+00
    9679   1.0000000000E+00
    9680   1.0000000000E+00
    9681   1.0000000000E+00
    9682   1.0000000000E+00
    9683   1.0000000000E+00
    9684   1.0000000000E+00
    9685   1.0000000000E+00
    9686   1.0000000000E+00
    9687   1.0000000000E+00
    9688   1.0000000000E+00
    9689   1.0000000000E+00
    9690   1.0000000000E+00
    9691   1.0000000000E+00
    9692   1.0000000000E+00
    9693   1.0000000000E+00
    9694   1.0000000000E+00
    9695   1.0000000000E+00
    9696   1.0000000000E+00
    9697   1.0000000000E+00
    9698   1.0000000000E+00
    9699   1.0000000000E+00
    9700   1.0000000000E+00
    9701   1.0000000000E+00
    9702   1.0000000000E+00
    9703   1.0000000000E+00
    9704   1.0000000000E+00
    9705   1.0000000000E+00
    9706   1.0000000000E+00
    9707   1.0000000000E+00
    9708   1.0000000000E+00
    9709   1.0000000000E+00
    9710   1.0000000000E+00
    9711   1.0000000000E+00
    9712   1.0000000000E+00
    9713   1.0000000000E+00
    9714   1.0000000000E+00
    9715   1.0000000000E+00
    9716   1.0000000000E+00
    9717   1.0000000000E+00
    9718   1.0000000000E+00
    9719   1.0000000000E+00
    9720   1.0000000000E+00
    9721   1.0000000000E+00
    9722   1.0000000000E+00
    9723   1.0000000000E+00
    9724   1.0000000000E+00
    9725   1.0000000000E+00
    9726   1.0000000000E+00
    9727   1.0000000000E+00
    9728   1.0000000000E+00
    9729   1.0000000000E+00
    9730   1.0000000000E+00
    9731   1.0000000000E+00
    9732   1.0000000000E+00
    9733   1.0000000000E+00
    9734   1.0000000000E+00
    9735   1.0000000000E+00
    9736   1.0000000000E+00
    9737   1.0000000000E+00
    9738   1.0000000000E+00
    9739   1.0000000000E+00
    9740   1.0000000000E+00
    9741   1.0000000000E+00
    9742   1.0000000000E+00
    9743   1.0000000000E+00
    9744   1.0000000000E+00
    9745   1.0000000000E+00
    9746   1.0000000000E+00
    9747   1.0000000000E+00
    9748   1.0000000000E+00
    9749   1.0000000000E+00
    9750   1.0000000000E+00
    9751   1.0000000000E+00
    9752   1.0000000000E+00
    9753   1.0000000000E+00
    9754   1.0000000000E+00
    9755   1.0000000000E+00
    9756   1.0000000000E+00
    9757   1.0000000000E+00
    9758   1.0000000000E+00
    9759   1.0000000000E+00
    9760   1.0000000000E+00
    9761   1.0000000000E+00
    9762   1.0000000000E+00
    9763   1.0000000000E+00
    9764   1.0000000000E+00
    9765   1.0000000000E+00
    9766   1.0000000000E+00
    9767   1.0000000000E+00
    9768   1.0000000000E+00
    9769   1.0000000000E+00
    9770   1.0000000000E+00
    9771   1.0000000000E+00
    9772   1.0000000000E+00
    9773   1.0000000000E+00
    9774   1.0000000000E+00
    9775   1.0000000000E+00
    9776   1.0000000000E+00
    9777   1.0000000000E+00
    9778   1.0000000000E+00
    9779   1.0000000000E+00
    9780   1.0000000000E+00
    9781   1.0000000000E+00
    9782   1.0000000000E+00
    9783   1.0000000000E+00
    9784   1.0000000000E+00
    9785   1.0000000000E+00
    9786   1.0000000000E+00
    9787   1.0000000000E+00
    9788   1.0000000000E+00
    9789   1.0000000000E+00
    9790   1.0000000000E+00
    9791   1.0000000000E+00
    9792   1.0000000000E+00
    9793   1.0000000000E+00
    9794   1.0000000000E+00
    9795   1.0000000000E+00
    9796   1.0000000000E+00
    9797   1.0000000000E+00
    9798   1.0000000000E+00
    9799   1.0000000000E+00
    9800   1.0000000000E+00
    9801   1.0000000000E+00
    9802   1.0000000000E+00
    9803   1.0000000000E+00
    9804   1.0000000000E+00
    9805   1.0000000000E+00
    9806   1.0000000000E+00
    9807   1.0000000000E+00
    9808   1.0000000000E+00
    9809   1.0000000000E+00
    9810   1.0000000000E+00
    9811   1.0000000000E+00
    9812   1.0000000000E+00
    9813   1.0000000000E+00
    9814   1.0000000000E+00
    9815   1.0000000000E+00
    9816   1.0000000000E+00
    9817   1.0000000000E+00
    9818   1.0000000000E+00
    9819   1.0000000000E+00
    9820   1.0000000000E+00
    9821   1.0000000000E+00
    9822   1.0000000000E+00
    9823   1.0000000000E+00
    9824   1.0000000000E+00
    9825   1.0000000000E+00
    9826   1.0000000000E+00
    9827   1.0000000000E+00
    9828   1.0000000000E+00
    9829   1.0000000000E+00
    9830   1.0000000000E+00
    9831   1.0000000000E+00
    9832   1.0000000000E+00
    9833   1.0000000000E+00
    9834   1.0000000000E+00
    9835   1.0000000000E+00
    9836   1.0000000000E+00
    9837   1.0000000000E+00
    9838   1.0000000000E+00
    9839   1.0000000000E+00
    9840   1.0000000000E+00
    9841   1.0000000000E+00
    9842   1.0000000000E+00
    9843   1.0000000000E+00
    9844   1.0000000000E+00
    9845   1.0000000000E+00
    9846   1.0000000000E+00
    9847   1.0000000000E+00
    9848   1.0000000000E+00
    9849   1.0000000000E+00
    9850   1.0000000000E+00
    9851   1.0000000000E+00
    9852   1.0000000000E+00
    9853   1.0000000000E+00
    9854   1.0000000000E+00
    9855   1.0000000000E+00
    9856   1.0000000000E+00
    9857   1.0000000000E+00
    9858   1.0000000000E+00
    9859   1.0000000000E+00
    9860   1.0000000000E+00
    9861   1.0000000000E+00
    9862   1.0000000000E+00
    9863   1.0000000000E+00
    9864   1.0000000000E+00
    9865   1.0000000000E+00
    9866   1.0000000000E+00
    9867   1.0000000000E+00
    9868   1.0000000000E+00
    9869   1.0000000000E+00
    9870   1.0000000000E+00
    9871   1.0000000000E+00
    9872   1.0000000000E+00
    9873   1.0000000000E+00
    9874   1.0000000000E+00
    9875   1.0000000000E+00
    9876   1.0000000000E+00
    9877   1.0000000000E+00
    9878   1.0000000000E+00
    9879   1.0000000000E+00
    9880   1.0000000000E+00
    9881   1.0000000000E+00
    9882   1.0000000000E+00
    9883   1.0000000000E+00
    9884   1.0000000000E+00
    9885   1.0000000000E+00
    9886   1.0000000000E+00
    9887   1.0000000000E+00
    9888   1.0000000000E+00
    9889   1.0000000000E+00
    9890   1.0000000000E+00
    9891   1.0000000000E+00
    9892   1.0000000000E+00
    9893   1.0000000000E+00
    9894   1.0000000000E+00
    9895   1.0000000000E+00
    9896   1.0000000000E+00
    9897   1.0000000000E+00
    9898   1.0000000000E+00
    9899   1.0000000000E+00
    9900   1.0000000000E+00
    9901   1.0000000000E+00
    9902   1.0000000000E+00
    9903   1.0000000000E+00
    9904   1.0000000000E+00
    9905   1.0000000000E+00
    9906   1.0000000000E+00
    9907   1.0000000000E+00
    9908   1.0000000000E+00
    9909   1.0000000000E+00
    9910   1.0000000000E+00
    9911   1.0000000000E+00
    9912   1.0000000000E+00
    9913   1.0000000000E+00
    9914   1.0000000000E+00
    9915   1.0000000000E+00
    9916   1.0000000000E+00
    9917   1.0000000000E+00
    9918   1.0000000000E+00
    9919   1.0000000000E+00
    9920   1.0000000000E+00
    9921   1.0000000000E+00
    9922   1.0000000000E+00
    9923   1.0000000000E+00
    9924   1.0000000000E+00
    9925   1.0000000000E+00
    9926   1.0000000000E+00
    9927   1.0000000000E+00
    9928   1.0000000000E+00
    9929   1.0000000000E+00
    9930   1.0000000000E+00
    9931   1.0000000000E+00
    9932   1.0000000000E+00
    9933   1.0000000000E+00
    9934   1.0000000000E+00
    9935   1.0000000000E+00
    9936   1.0000000000E+00
    9937   1.0000000000E+00
    9938   1.0000000000E+00
    9939   1.0000000000E+00
    9940   1.0000000000E+00
    9941   1.0000000000E+00
    9942   1.0000000000E+00
    9943   1.0000000000E+00
    9944   1.0000000000E+00
    9945   1.0000000000E+00
    9946   1.0000000000E+00
    9947   1.0000000000E+00
    9948   1.0000000000E+00
    9949   1.0000000000E+00
    9950   1.0000000000E+00
    9951   1.0000000000E+00
    9952   1.0000000000E+00
    9953   1.0000000000E+00
    9954   1.0000000000E+00
    9955   1.0000000000E+00
    9956   1.0000000000E+00
    9957   1.0000000000E+00
    9958   1.0000000000E+00
    9959   1.0000000000E+00
    9960   1.0000000000E+00
    9961   1.0000000000E+00
    9962   1.0000000000E+00
    9963   1.0000000000E+00
    9964   1.0000000000E+00
    9965   1.0000000000E+00
    9966   1.0000000000E+00
    9967   1.0000000000E+00
    9968   1.0000000000E+00
    9969   1.0000000000E+00
    9970   1.0000000000E+00
    9971   1.0000000000E+00
    9972   1.0000000000E+00
    9973   1.0000000000E+00
    9974   1.0000000000E+00
    9975   1.0000000000E+00
    9976   1.0000000000E+00
    9977   1.0000000000E+00
    9978   1.0000000000E+00
    9979   1.0000000000E+00
    9980   1.0000000000E+00
    9981   1.0000000000E+00
    9982   1.0000000000E+00
    9983   1.0000000000E+00
    9984   1.0000000000E+00
    9985   1.0000000000E+00
    9986   1.0000000000E+00
    9987   1.0000000000E+00
    9988   1.0000000000E+00
    9989   1.0000000000E+00
    9990   1.0000000000E+00
    9991   1.0000000000E+00
    9992   1.0000000000E+00
    9993   1.0000000000E+00
    9994   1.0000000000E+00
    9995   1.0000000000E+00
    9996   1.0000000000E+00
    9997   1.0000000000E+00
    9998   1.0000000000E+00
    9999   1.0000000000E+00
   10000   8.3593750000E-01
   10001   1.6406250000E-01
   10002   0.0000000000E+00
   10003   0.0000000000E+00
