# ic  density_f1
      -2   0.0000000000E+00
      -1   1.2009328070E-01
       0   7.7294440276E-01
       1   9.8726033475E-01
       2   9.8982181078E-01
       3   9.9287566675E-01
       4   9.9620137997E-01
       5   9.9966759568E-01
       6   1.0031460399E+00
       7   1.0065340762E+00
       8   1.0097632841E+00
       9   1.0127168686E+00
      10   1.0152680196E+00
      11   1.0173425427E+00
      12   1.0188278159E+00
      13   1.0196515632E+00
      14   1.0197890866E+00
      15   1.0192802949E+00
      16   1.0182436778E+00
      17   1.0168789402E+00
      18   1.0154468202E+00
      19   1.0142214163E+00
      20   1.0134278431E+00
      21   1.0131896890E+00
      22   1.0135075299E+00
      23   1.0143005141E+00
      24   1.0153355717E+00
      25   1.0163765036E+00
      26   1.0172596652E+00
      27   1.0177766772E+00
      28   1.0178153710E+00
      29   1.0173545487E+00
      30   1.0164566537E+00
      31   1.0152319914E+00
      32   1.0137943274E+00
      33   1.0122333947E+00
      34   1.0106149379E+00
      35   1.0089960660E+00
      36   1.0074345101E+00
      37   1.0059832683E+00
      38   1.0046824762E+00
      39   1.0035631195E+00
      40   1.0026617163E+00
      41   1.0020282850E+00
      42   1.0017108231E+00
      43   1.0017225406E+00
      44   1.0020201838E+00
      45   1.0025180893E+00
      46   1.0031344465E+00
      47   1.0038381774E+00
      48   1.0046614526E+00
      49   1.0056718163E+00
      50   1.0069311841E+00
      51   1.0084768297E+00
      52   1.0103416904E+00
      53   1.0124741721E+00
      54   1.0148779506E+00
      55   1.0174601575E+00
      56   1.0200370576E+00
      57   1.0223644324E+00
      58   1.0241963525E+00
      59   1.0253492735E+00
      60   1.0257258987E+00
      61   1.0252967763E+00
      62   1.0240746409E+00
      63   1.0221388868E+00
      64   1.0195699042E+00
      65   1.0164641457E+00
      66   1.0132129719E+00
      67   1.0099542400E+00
      68   1.0068670568E+00
      69   1.0041275023E+00
      70   1.0019394237E+00
      71   1.0005411098E+00
      72   1.0001660356E+00
      73   1.0009799013E+00
      74   1.0030330815E+00
      75   1.0062508128E+00
      76   1.0104491764E+00
      77   1.0153490582E+00
      78   1.0205755631E+00
      79   1.0256642390E+00
      80   1.0301068553E+00
      81   1.0334433200E+00
      82   1.0354897252E+00
      83   1.0359065827E+00
      84   1.0346061741E+00
      85   1.0322179585E+00
      86   1.0288397303E+00
      87   1.0247912554E+00
      88   1.0204178017E+00
      89   1.0160412490E+00
      90   1.0119048456E+00
      91   1.0081496558E+00
      92   1.0048444419E+00
      93   1.0020471815E+00
      94   9.9985029961E-01
      95   9.9837639779E-01
      96   9.9773373483E-01
      97   9.9796875294E-01
      98   9.9904646462E-01
      99   1.0008580172E+00
     100   1.0032325531E+00
     101   1.0059361488E+00
     102   1.0086684472E+00
     103   1.0110976546E+00
     104   1.0128947419E+00
     105   1.0137788981E+00
     106   1.0137617203E+00
     107   1.0129317603E+00
     108   1.0115081042E+00
     109   1.0097658977E+00
     110   1.0079945183E+00
     111   1.0064706548E+00
     112   1.0054255048E+00
     113   1.0049991577E+00
     114   1.0052006043E+00
     115   1.0059008032E+00
     116   1.0068696124E+00
     117   1.0078391389E+00
     118   1.0085615116E+00
     119   1.0088406964E+00
     120   1.0085437534E+00
     121   1.0076096111E+00
     122   1.0060640380E+00
     123   1.0040288883E+00
     124   1.0017074887E+00
     125   9.9934176781E-01
     126   9.9715832725E-01
     127   9.9532617495E-01
     128   9.9393908842E-01
     129   9.9301803460E-01
     130   9.9252239556E-01
     131   9.9236305655E-01
     132   9.9241974782E-01
     133   9.9256560584E-01
     134   9.9269700891E-01
     135   9.9275828213E-01
     136   9.9275096505E-01
     137   9.9272485305E-01
     138   9.9275843324E-01
     139   9.9293851084E-01
     140   9.9334552110E-01
     141   9.9404303089E-01
     142   9.9506728134E-01
     143   9.9641446922E-01
     144   9.9802917815E-01
     145   9.9979983315E-01
     146   1.0015672678E+00
     147   1.0031470975E+00
     148   1.0043610046E+00
     149   1.0050677212E+00
     150   1.0051853835E+00
     151   1.0047007117E+00
     152   1.0036672294E+00
     153   1.0021966948E+00
     154   1.0004462653E+00
     155   9.9859930151E-01
     156   9.9683763557E-01
     157   9.9530778034E-01
     158   9.9409232264E-01
     159   9.9319860321E-01
     160   9.9256968755E-01
     161   9.9211030767E-01
     162   9.9171425048E-01
     163   9.9128337339E-01
     164   9.9074059268E-01
     165   9.9004397842E-01
     166   9.8918697184E-01
     167   9.8830373826E-01
     168   9.8751244017E-01
     169   9.8697412278E-01
     170   9.8684403473E-01
     171   9.8720667069E-01
     172   9.8807198381E-01
     173   9.8938595778E-01
     174   9.9104762720E-01
     175   9.9291995820E-01
     176   9.9483859356E-01
     177   9.9663232586E-01
     178   9.9816212061E-01
     179   9.9936451722E-01
     180   1.0002717582E+00
     181   1.0009913707E+00
     182   1.0016564698E+00
     183   1.0023774044E+00
     184   1.0032182684E+00
     185   1.0041960159E+00
     186   1.0052812431E+00
     187   1.0063871556E+00
     188   1.0073583333E+00
     189   1.0079842611E+00
     190   1.0080486682E+00
     191   1.0073946843E+00
     192   1.0059685117E+00
     193   1.0038208211E+00
     194   1.0010803169E+00
     195   9.9793049611E-01
     196   9.9460428463E-01
     197   9.9138032425E-01
     198   9.8855498502E-01
     199   9.8638624442E-01
     200   9.8503623432E-01
     201   9.8454466561E-01
     202   9.8484293257E-01
     203   9.8578980868E-01
     204   9.8720064576E-01
     205   9.8885920649E-01
     206   9.9052833080E-01
     207   9.9198274712E-01
     208   9.9306608075E-01
     209   9.9374205030E-01
     210   9.9410080555E-01
     211   9.9430939584E-01
     212   9.9453765592E-01
     213   9.9490488002E-01
     214   9.9546869425E-01
     215   9.9623977684E-01
     216   9.9719074241E-01
     217   9.9824738169E-01
     218   9.9928246466E-01
     219   1.0001395394E+00
     220   1.0006874334E+00
     221   1.0008714035E+00
     222   1.0007219492E+00
     223   1.0003165882E+00
     224   9.9973083289E-01
     225   9.9902002424E-01
     226   9.9823925223E-01
     227   9.9746948398E-01
     228   9.9681293072E-01
     229   9.9636017362E-01
     230   9.9615723033E-01
     231   9.9619434431E-01
     232   9.9646042282E-01
     233   9.9697221305E-01
     234   9.9777720129E-01
     235   9.9891827858E-01
     236   1.0003967248E+00
     237   1.0021676706E+00
     238   1.0041675778E+00
     239   1.0063396512E+00
     240   1.0086415888E+00
     241   1.0109456847E+00
     242   1.0130802295E+00
     243   1.0148489372E+00
     244   1.0160504270E+00
     245   1.0165700337E+00
     246   1.0163862482E+00
     247   1.0155416483E+00
     248   1.0141126070E+00
     249   1.0122087096E+00
     250   1.0099909096E+00
     251   1.0076705318E+00
     252   1.0054694529E+00
     253   1.0035633974E+00
     254   1.0020506623E+00
     255   1.0009652314E+00
     256   1.0003124035E+00
     257   1.0000874439E+00
     258   1.0002605395E+00
     259   1.0007504126E+00
     260   1.0014242481E+00
     261   1.0021372293E+00
     262   1.0027848390E+00
     263   1.0033254532E+00
     264   1.0037563306E+00
     265   1.0040687848E+00
     266   1.0042249872E+00
     267   1.0041738751E+00
     268   1.0038835937E+00
     269   1.0033536420E+00
     270   1.0025952072E+00
     271   1.0016049718E+00
     272   1.0003660976E+00
     273   9.9888047358E-01
     274   9.9720123352E-01
     275   9.9543030716E-01
     276   9.9367793497E-01
     277   9.9201721484E-01
     278   9.9047069561E-01
     279   9.8903527241E-01
     280   9.8771823233E-01
     281   9.8655158759E-01
     282   9.8557672051E-01
     283   9.8481992047E-01
     284   9.8428421269E-01
     285   9.8396160383E-01
     286   9.8384717586E-01
     287   9.8393444588E-01
     288   9.8419290544E-01
     289   9.8454564175E-01
     290   9.8486635389E-01
     291   9.8516536373E-01
     292   9.8530719490E-01
     293   9.8533606894E-01
     294   9.8532968880E-01
     295   9.8536113121E-01
     296   9.8548363824E-01
     297   9.8572682052E-01
     298   9.8610132803E-01
     299   9.8659548331E-01
     300   9.8716339813E-01
     301   9.8771977981E-01
     302   9.8815554235E-01
     303   9.8837066003E-01
     304   9.8830371798E-01
     305   9.8793893530E-01
     306   9.8729146977E-01
     307   9.8638934813E-01
     308   9.8525772148E-01
     309   9.8392891387E-01
     310   9.8259968943E-01
     311   9.8126498577E-01
     312   9.8005292518E-01
     313   9.7905385031E-01
     314   9.7832971106E-01
     315   9.7792452301E-01
     316   9.7786757331E-01
     317   9.7816759937E-01
     318   9.7880412554E-01
     319   9.7972883297E-01
     320   9.8088179399E-01
     321   9.8217997102E-01
     322   9.8373690146E-01
     323   9.8548513872E-01
     324   9.8744112598E-01
     325   9.8965562618E-01
     326   9.9212496134E-01
     327   9.9481004594E-01
     328   9.9762931514E-01
     329   1.0004511219E+00
     330   1.0030939833E+00
     331   1.0053449030E+00
     332   1.0069953805E+00
     333   1.0078809239E+00
     334   1.0079062725E+00
     335   1.0070501425E+00
     336   1.0053588806E+00
     337   1.0029410001E+00
     338   9.9996338575E-01
     339   9.9664060526E-01
     340   9.9321248760E-01
     341   9.8991677276E-01
     342   9.8696985895E-01
     343   9.8455955738E-01
     344   9.8284020394E-01
     345   9.8191866201E-01
     346   9.8183052492E-01
     347   9.8251951713E-01
     348   9.8383696129E-01
     349   9.8556662337E-01
     350   9.8746387376E-01
     351   9.8929114326E-01
     352   9.9083974638E-01
     353   9.9194364384E-01
     354   9.9249717518E-01
     355   9.9247626560E-01
     356   9.9194648078E-01
     357   9.9103970827E-01
     358   9.8989011236E-01
     359   9.8866984191E-01
     360   9.8742487675E-01
     361   9.8618948378E-01
     362   9.8499658935E-01
     363   9.8387795743E-01
     364   9.8286988577E-01
     365   9.8201208209E-01
     366   9.8136121941E-01
     367   9.8101415933E-01
     368   9.8111699026E-01
     369   9.8183908657E-01
     370   9.8331593098E-01
     371   9.8558980034E-01
     372   9.8858090258E-01
     373   9.9209969949E-01
     374   9.9588328104E-01
     375   9.9962876137E-01
     376   1.0030141236E+00
     377   1.0057234861E+00
     378   1.0074972393E+00
     379   1.0081982538E+00
     380   1.0078538544E+00
     381   1.0066378779E+00
     382   1.0047991267E+00
     383   1.0025824047E+00
     384   1.0001870372E+00
     385   9.9776817916E-01
     386   9.9545065736E-01
     387   9.9332665887E-01
     388   9.9143956439E-01
     389   9.8978114316E-01
     390   9.8832084871E-01
     391   9.8703205431E-01
     392   9.8598649450E-01
     393   9.8529853772E-01
     394   9.8496063955E-01
     395   9.8499706782E-01
     396   9.8535177066E-01
     397   9.8595126404E-01
     398   9.8674282530E-01
     399   9.8770022909E-01
     400   9.8879970308E-01
     401   9.8999791055E-01
     402   9.9123939252E-01
     403   9.9248662502E-01
     404   9.9373729423E-01
     405   9.9500210924E-01
     406   9.9625523687E-01
     407   9.9740086115E-01
     408   9.9829074105E-01
     409   9.9878365855E-01
     410   9.9880048995E-01
     411   9.9833557707E-01
     412   9.9742746010E-01
     413   9.9612810086E-01
     414   9.9450290289E-01
     415   9.9265361308E-01
     416   9.9072740833E-01
     417   9.8888902878E-01
     418   9.8727182646E-01
     419   9.8594783984E-01
     420   9.8491488463E-01
     421   9.8423460185E-01
     422   9.8398708449E-01
     423   9.8414538640E-01
     424   9.8476703140E-01
     425   9.8581209349E-01
     426   9.8717938940E-01
     427   9.8874225459E-01
     428   9.9038257795E-01
     429   9.9199690913E-01
     430   9.9348140547E-01
     431   9.9472741010E-01
     432   9.9565034131E-01
     433   9.9623615467E-01
     434   9.9656314279E-01
     435   9.9677135751E-01
     436   9.9699595440E-01
     437   9.9731090573E-01
     438   9.9771849570E-01
     439   9.9817789139E-01
     440   9.9863588107E-01
     441   9.9903219977E-01
     442   9.9928792291E-01
     443   9.9930875230E-01
     444   9.9902124043E-01
     445   9.9842083457E-01
     446   9.9758918266E-01
     447   9.9665939874E-01
     448   9.9575228133E-01
     449   9.9493048290E-01
     450   9.9420005932E-01
     451   9.9354614297E-01
     452   9.9296322016E-01
     453   9.9245352548E-01
     454   9.9200291771E-01
     455   9.9156541303E-01
     456   9.9107661881E-01
     457   9.9048439557E-01
     458   9.8975474219E-01
     459   9.8889410611E-01
     460   9.8791932032E-01
     461   9.8676340347E-01
     462   9.8543226559E-01
     463   9.8397330961E-01
     464   9.8251201763E-01
     465   9.8123295372E-01
     466   9.8033239932E-01
     467   9.7997339240E-01
     468   9.8026381593E-01
     469   9.8125445909E-01
     470   9.8293836813E-01
     471   9.8524107547E-01
     472   9.8801089068E-01
     473   9.9102987164E-01
     474   9.9405529555E-01
     475   9.9687745750E-01
     476   9.9936107604E-01
     477   1.0014486641E+00
     478   1.0031332447E+00
     479   1.0044290228E+00
     480   1.0053612399E+00
     481   1.0059724469E+00
     482   1.0063241915E+00
     483   1.0064815295E+00
     484   1.0064889704E+00
     485   1.0063579931E+00
     486   1.0060749368E+00
     487   1.0056196707E+00
     488   1.0049767658E+00
     489   1.0041336365E+00
     490   1.0030772938E+00
     491   1.0018041764E+00
     492   1.0003416103E+00
     493   9.9876398712E-01
     494   9.9718603170E-01
     495   9.9573389903E-01
     496   9.9451239786E-01
     497   9.9358772176E-01
     498   9.9298913422E-01
     499   9.9271899748E-01
     500   9.9275779455E-01
     501   9.9306270915E-01
     502   9.9356845942E-01
     503   9.9419795814E-01
     504   9.9487815160E-01
     505   9.9554913335E-01
     506   9.9615891461E-01
     507   9.9665079740E-01
     508   9.9695853434E-01
     509   9.9701739896E-01
     510   9.9678992153E-01
     511   9.9627966575E-01
     512   9.9552875894E-01
     513   9.9461516505E-01
     514   9.9363861155E-01
     515   9.9271822235E-01
     516   9.9198643651E-01
     517   9.9157006677E-01
     518   9.9155910382E-01
     519   9.9197799075E-01
     520   9.9277597749E-01
     521   9.9384178272E-01
     522   9.9503110289E-01
     523   9.9619003014E-01
     524   9.9716664179E-01
     525   9.9781771239E-01
     526   9.9802188434E-01
     527   9.9770198877E-01
     528   9.9684448494E-01
     529   9.9550097376E-01
     530   9.9376898062E-01
     531   9.9176559972E-01
     532   9.8961080311E-01
     533   9.8742670296E-01
     534   9.8534333144E-01
     535   9.8349752297E-01
     536   9.8202042349E-01
     537   9.8102190910E-01
     538   9.8058216387E-01
     539   9.8071808628E-01
     540   9.8152797898E-01
     541   9.8304871148E-01
     542   9.8511723074E-01
     543   9.8769544950E-01
     544   9.9063509699E-01
     545   9.9374647223E-01
     546   9.9682661231E-01
     547   9.9968559988E-01
     548   1.0021607432E+00
     549   1.0041193702E+00
     550   1.0054583102E+00
     551   1.0061071129E+00
     552   1.0060347417E+00
     553   1.0052538269E+00
     554   1.0038193807E+00
     555   1.0018260033E+00
     556   9.9940762696E-01
     557   9.9673854065E-01
     558   9.9402877931E-01
     559   9.9150683006E-01
     560   9.8939028301E-01
     561   9.8785443608E-01
     562   9.8700929466E-01
     563   9.8689059127E-01
     564   9.8746333865E-01
     565   9.8863225342E-01
     566   9.9025485138E-01
     567   9.9215856879E-01
     568   9.9416419112E-01
     569   9.9611542717E-01
     570   9.9790874210E-01
     571   9.9951246826E-01
     572   1.0009657220E+00
     573   1.0023569538E+00
     574   1.0037897500E+00
     575   1.0053477672E+00
     576   1.0070682843E+00
     577   1.0089269887E+00
     578   1.0108320566E+00
     579   1.0126284524E+00
     580   1.0141157817E+00
     581   1.0150832485E+00
     582   1.0153584873E+00
     583   1.0148556353E+00
     584   1.0136029064E+00
     585   1.0117390130E+00
     586   1.0094825042E+00
     587   1.0070903636E+00
     588   1.0048217826E+00
     589   1.0029106582E+00
     590   1.0015410072E+00
     591   1.0008218047E+00
     592   1.0007668660E+00
     593   1.0012910618E+00
     594   1.0022310155E+00
     595   1.0033826990E+00
     596   1.0045387315E+00
     597   1.0055114348E+00
     598   1.0061410210E+00
     599   1.0063024518E+00
     600   1.0059228879E+00
     601   1.0050050962E+00
     602   1.0036386924E+00
     603   1.0019858820E+00
     604   1.0002459507E+00
     605   9.9861790479E-01
     606   9.9727811922E-01
     607   9.9637212539E-01
     608   9.9600632171E-01
     609   9.9622970817E-01
     610   9.9701149463E-01
     611   9.9823325524E-01
     612   9.9971037637E-01
     613   1.0012371330E+00
     614   1.0026323190E+00
     615   1.0037637925E+00
     616   1.0045485980E+00
     617   1.0049441595E+00
     618   1.0049466059E+00
     619   1.0045948657E+00
     620   1.0039652626E+00
     621   1.0031475313E+00
     622   1.0022127110E+00
     623   1.0011963583E+00
     624   1.0001111409E+00
     625   9.9897799639E-01
     626   9.9784939516E-01
     627   9.9680699038E-01
     628   9.9593969608E-01
     629   9.9532422244E-01
     630   9.9502313565E-01
     631   9.9509288277E-01
     632   9.9558062928E-01
     633   9.9649857626E-01
     634   9.9778840603E-01
     635   9.9930418678E-01
     636   1.0008330175E+00
     637   1.0021447557E+00
     638   1.0030408190E+00
     639   1.0033776260E+00
     640   1.0030662494E+00
     641   1.0020703027E+00
     642   1.0004180304E+00
     643   9.9821949459E-01
     644   9.9566453162E-01
     645   9.9298902547E-01
     646   9.9042419435E-01
     647   9.8815499323E-01
     648   9.8628762210E-01
     649   9.8501917554E-01
     650   9.8436138866E-01
     651   9.8435539100E-01
     652   9.8500555360E-01
     653   9.8625033684E-01
     654   9.8798688496E-01
     655   9.9010251406E-01
     656   9.9249953215E-01
     657   9.9509619480E-01
     658   9.9780763909E-01
     659   1.0005283704E+00
     660   1.0031348055E+00
     661   1.0055059827E+00
     662   1.0075419386E+00
     663   1.0091640577E+00
     664   1.0103031178E+00
     665   1.0108965289E+00
     666   1.0109080920E+00
     667   1.0103587181E+00
     668   1.0093398392E+00
     669   1.0079927215E+00
     670   1.0064650410E+00
     671   1.0048741146E+00
     672   1.0032979048E+00
     673   1.0017902739E+00
     674   1.0003998778E+00
     675   9.9917740003E-01
     676   9.9817321034E-01
     677   9.9743779599E-01
     678   9.9703070172E-01
     679   9.9702861861E-01
     680   9.9751666357E-01
     681   9.9855730723E-01
     682   1.0001496600E+00
     683   1.0022018504E+00
     684   1.0045332484E+00
     685   1.0069062032E+00
     686   1.0090763603E+00
     687   1.0108439072E+00
     688   1.0119989931E+00
     689   1.0125236163E+00
     690   1.0124417236E+00
     691   1.0118663331E+00
     692   1.0109797489E+00
     693   1.0099941605E+00
     694   1.0091105383E+00
     695   1.0084843386E+00
     696   1.0082059541E+00
     697   1.0082958806E+00
     698   1.0087092277E+00
     699   1.0093441967E+00
     700   1.0100530836E+00
     701   1.0106586770E+00
     702   1.0109802535E+00
     703   1.0108697303E+00
     704   1.0102512499E+00
     705   1.0091505956E+00
     706   1.0076999321E+00
     707   1.0061120007E+00
     708   1.0046317252E+00
     709   1.0034832717E+00
     710   1.0028291041E+00
     711   1.0027477256E+00
     712   1.0032265647E+00
     713   1.0041645820E+00
     714   1.0053844009E+00
     715   1.0066583788E+00
     716   1.0077543163E+00
     717   1.0084695921E+00
     718   1.0086474200E+00
     719   1.0082665256E+00
     720   1.0073301913E+00
     721   1.0058952428E+00
     722   1.0040551720E+00
     723   1.0019385637E+00
     724   9.9970309175E-01
     725   9.9751549209E-01
     726   9.9552388477E-01
     727   9.9383940283E-01
     728   9.9253743997E-01
     729   9.9167155098E-01
     730   9.9127940358E-01
     731   9.9136894177E-01
     732   9.9194129162E-01
     733   9.9286655758E-01
     734   9.9400684091E-01
     735   9.9520656680E-01
     736   9.9632665299E-01
     737   9.9726467295E-01
     738   9.9795517302E-01
     739   9.9836959000E-01
     740   9.9852810652E-01
     741   9.9851495908E-01
     742   9.9847416405E-01
     743   9.9857288607E-01
     744   9.9894680946E-01
     745   9.9965996726E-01
     746   1.0007010390E+00
     747   1.0020086217E+00
     748   1.0034964368E+00
     749   1.0050567034E+00
     750   1.0065481025E+00
     751   1.0077962653E+00
     752   1.0086260111E+00
     753   1.0089163653E+00
     754   1.0086333017E+00
     755   1.0077971926E+00
     756   1.0065516861E+00
     757   1.0050251461E+00
     758   1.0033871445E+00
     759   1.0018533279E+00
     760   1.0006708774E+00
     761   1.0000670286E+00
     762   1.0001807154E+00
     763   1.0010173900E+00
     764   1.0024510945E+00
     765   1.0042632820E+00
     766   1.0061870835E+00
     767   1.0079372813E+00
     768   1.0092365047E+00
     769   1.0098613326E+00
     770   1.0097100469E+00
     771   1.0088564836E+00
     772   1.0075441915E+00
     773   1.0061100293E+00
     774   1.0048771070E+00
     775   1.0040749444E+00
     776   1.0038162773E+00
     777   1.0041139844E+00
     778   1.0049013947E+00
     779   1.0060387698E+00
     780   1.0073234865E+00
     781   1.0085309909E+00
     782   1.0094866052E+00
     783   1.0101300038E+00
     784   1.0105269912E+00
     785   1.0108196328E+00
     786   1.0111535074E+00
     787   1.0116321013E+00
     788   1.0123154050E+00
     789   1.0132365895E+00
     790   1.0144344162E+00
     791   1.0157997782E+00
     792   1.0172249887E+00
     793   1.0186080637E+00
     794   1.0198059875E+00
     795   1.0207759238E+00
     796   1.0215492955E+00
     797   1.0221805348E+00
     798   1.0226967370E+00
     799   1.0230895377E+00
     800   1.0233443566E+00
     801   1.0234712308E+00
     802   1.0235536811E+00
     803   1.0233309180E+00
     804   1.0229290800E+00
     805   1.0222755639E+00
     806   1.0213186050E+00
     807   1.0201124803E+00
     808   1.0187566763E+00
     809   1.0173412041E+00
     810   1.0159170784E+00
     811   1.0145114778E+00
     812   1.0131599599E+00
     813   1.0119127912E+00
     814   1.0108050993E+00
     815   1.0098249532E+00
     816   1.0089208953E+00
     817   1.0080534009E+00
     818   1.0072479247E+00
     819   1.0065744754E+00
     820   1.0061708977E+00
     821   1.0061123427E+00
     822   1.0064226405E+00
     823   1.0070885242E+00
     824   1.0080798887E+00
     825   1.0093422668E+00
     826   1.0107627582E+00
     827   1.0121511893E+00
     828   1.0132737375E+00
     829   1.0139302791E+00
     830   1.0140243087E+00
     831   1.0135786604E+00
     832   1.0126989427E+00
     833   1.0115297645E+00
     834   1.0102416418E+00
     835   1.0090409553E+00
     836   1.0081628450E+00
     837   1.0078222799E+00
     838   1.0081451800E+00
     839   1.0091300457E+00
     840   1.0106696319E+00
     841   1.0126127734E+00
     842   1.0148469823E+00
     843   1.0172051374E+00
     844   1.0194865021E+00
     845   1.0216005192E+00
     846   1.0233439679E+00
     847   1.0245967629E+00
     848   1.0253129746E+00
     849   1.0254920270E+00
     850   1.0251318151E+00
     851   1.0242152629E+00
     852   1.0227466128E+00
     853   1.0208464261E+00
     854   1.0185410397E+00
     855   1.0160838843E+00
     856   1.0136953195E+00
     857   1.0114349210E+00
     858   1.0093771938E+00
     859   1.0075924327E+00
     860   1.0061457936E+00
     861   1.0050668070E+00
     862   1.0043241804E+00
     863   1.0038381766E+00
     864   1.0035251169E+00
     865   1.0033354133E+00
     866   1.0032512641E+00
     867   1.0032490322E+00
     868   1.0032655995E+00
     869   1.0032031049E+00
     870   1.0029679418E+00
     871   1.0025074736E+00
     872   1.0018135146E+00
     873   1.0008979373E+00
     874   9.9977437214E-01
     875   9.9847005010E-01
     876   9.9705475660E-01
     877   9.9565025443E-01
     878   9.9439863772E-01
     879   9.9340693451E-01
     880   9.9270944538E-01
     881   9.9227481781E-01
     882   9.9204662413E-01
     883   9.9198137659E-01
     884   9.9205711380E-01
     885   9.9225802632E-01
     886   9.9256316500E-01
     887   9.9295784092E-01
     888   9.9345611885E-01
     889   9.9410499681E-01
     890   9.9495466633E-01
     891   9.9601223123E-01
     892   9.9721623634E-01
     893   9.9845485843E-01
     894   9.9961429736E-01
     895   1.0006204675E+00
     896   1.0014473738E+00
     897   1.0020988259E+00
     898   1.0025927847E+00
     899   1.0029667886E+00
     900   1.0032922303E+00
     901   1.0036695888E+00
     902   1.0041924306E+00
     903   1.0049002117E+00
     904   1.0057558707E+00
     905   1.0066666178E+00
     906   1.0075316045E+00
     907   1.0082812811E+00
     908   1.0088858849E+00
     909   1.0093404377E+00
     910   1.0096506660E+00
     911   1.0098329025E+00
     912   1.0099172184E+00
     913   1.0099350613E+00
     914   1.0098895804E+00
     915   1.0097308149E+00
     916   1.0093622697E+00
     917   1.0086837001E+00
     918   1.0076466095E+00
     919   1.0062899425E+00
     920   1.0047403251E+00
     921   1.0031857298E+00
     922   1.0018407244E+00
     923   1.0009126193E+00
     924   1.0005659340E+00
     925   1.0008831073E+00
     926   1.0018313607E+00
     927   1.0032538663E+00
     928   1.0048962560E+00
     929   1.0064615055E+00
     930   1.0076718819E+00
     931   1.0083180664E+00
     932   1.0082900974E+00
     933   1.0075955688E+00
     934   1.0063688724E+00
     935   1.0048435595E+00
     936   1.0033299090E+00
     937   1.0021327676E+00
     938   1.0014683396E+00
     939   1.0014405222E+00
     940   1.0020294653E+00
     941   1.0031106770E+00
     942   1.0044822908E+00
     943   1.0058927361E+00
     944   1.0070749446E+00
     945   1.0077937757E+00
     946   1.0078981713E+00
     947   1.0073549350E+00
     948   1.0062453908E+00
     949   1.0047277664E+00
     950   1.0029887747E+00
     951   1.0012075441E+00
     952   9.9953629063E-01
     953   9.9808611771E-01
     954   9.9690929579E-01
     955   9.9598462636E-01
     956   9.9522266102E-01
     957   9.9449904307E-01
     958   9.9370340727E-01
     959   9.9277832436E-01
     960   9.9173138977E-01
     961   9.9062467042E-01
     962   9.8956033488E-01
     963   9.8866101076E-01
     964   9.8811358561E-01
     965   9.8812662601E-01
     966   9.8879600504E-01
     967   9.9021024070E-01
     968   9.9233128710E-01
     969   9.9501776719E-01
     970   9.9805657776E-01
     971   1.0011989989E+00
     972   1.0041854952E+00
     973   1.0067628077E+00
     974   1.0087108525E+00
     975   1.0098866324E+00
     976   1.0102668751E+00
     977   1.0099588390E+00
     978   1.0091710175E+00
     979   1.0080999074E+00
     980   1.0069915935E+00
     981   1.0060193518E+00
     982   1.0053235156E+00
     983   1.0050150299E+00
     984   1.0051466219E+00
     985   1.0056860606E+00
     986   1.0065152149E+00
     987   1.0074651595E+00
     988   1.0083667620E+00
     989   1.0090833910E+00
     990   1.0095119266E+00
     991   1.0095699691E+00
     992   1.0091988419E+00
     993   1.0083899795E+00
     994   1.0072100358E+00
     995   1.0057921541E+00
     996   1.0042884887E+00
     997   1.0028145452E+00
     998   1.0014238480E+00
     999   1.0001241127E+00
    1000   9.9891103444E-01
    1001   9.9778663481E-01
    1002   9.9675308508E-01
    1003   9.9580338632E-01
    1004   9.9493489224E-01
    1005   9.9418577081E-01
    1006   9.9366404933E-01
    1007   9.9353605072E-01
    1008   9.9397103802E-01
    1009   9.9507413233E-01
    1010   9.9684752731E-01
    1011   9.9919496071E-01
    1012   1.0019499998E+00
    1013   1.0048965145E+00
    1014   1.0077708069E+00
    1015   1.0102674579E+00
    1016   1.0120793611E+00
    1017   1.0129734222E+00
    1018   1.0128627314E+00
    1019   1.0118265959E+00
    1020   1.0100655276E+00
    1021   1.0078266242E+00
    1022   1.0053491400E+00
    1023   1.0028497562E+00
    1024   1.0005260081E+00
    1025   9.9854557609E-01
    1026   9.9701533334E-01
    1027   9.9595609214E-01
    1028   9.9531209941E-01
    1029   9.9499539509E-01
    1030   9.9493281024E-01
    1031   9.9507914800E-01
    1032   9.9538968912E-01
    1033   9.9578224863E-01
    1034   9.9612872703E-01
    1035   9.9628955990E-01
    1036   9.9616623440E-01
    1037   9.9573257646E-01
    1038   9.9502745059E-01
    1039   9.9412727020E-01
    1040   9.9313005303E-01
    1041   9.9216220961E-01
    1042   9.9138778691E-01
    1043   9.9099111168E-01
    1044   9.9112680452E-01
    1045   9.9186369938E-01
    1046   9.9315975394E-01
    1047   9.9488350123E-01
    1048   9.9686316571E-01
    1049   9.9892714575E-01
    1050   1.0009144691E+00
    1051   1.0026668827E+00
    1052   1.0040325986E+00
    1053   1.0048967351E+00
    1054   1.0052202723E+00
    1055   1.0050531956E+00
    1056   1.0045065052E+00
    1057   1.0037037735E+00
    1058   1.0027494691E+00
    1059   1.0017318165E+00
    1060   1.0007428974E+00
    1061   9.9988293838E-01
    1062   9.9923373008E-01
    1063   9.9881972724E-01
    1064   9.9859138592E-01
    1065   9.9844877080E-01
    1066   9.9829011894E-01
    1067   9.9805064237E-01
    1068   9.9770801840E-01
    1069   9.9726138704E-01
    1070   9.9671094171E-01
    1071   9.9605756945E-01
    1072   9.9531679201E-01
    1073   9.9452508935E-01
    1074   9.9372535117E-01
    1075   9.9294215845E-01
    1076   9.9217187429E-01
    1077   9.9140165813E-01
    1078   9.9064529619E-01
    1079   9.8996666549E-01
    1080   9.8946539284E-01
    1081   9.8924043643E-01
    1082   9.8941294316E-01
    1083   9.8994438388E-01
    1084   9.9081627988E-01
    1085   9.9196864246E-01
    1086   9.9330829815E-01
    1087   9.9470211389E-01
    1088   9.9597462272E-01
    1089   9.9693139182E-01
    1090   9.9740635302E-01
    1091   9.9730903778E-01
    1092   9.9664438801E-01
    1093   9.9549786186E-01
    1094   9.9400375842E-01
    1095   9.9232132109E-01
    1096   9.9062709333E-01
    1097   9.8911087850E-01
    1098   9.8795785017E-01
    1099   9.8731435360E-01
    1100   9.8725429749E-01
    1101   9.8776751690E-01
    1102   9.8877748938E-01
    1103   9.9017537456E-01
    1104   9.9184737345E-01
    1105   9.9368105623E-01
    1106   9.9555614516E-01
    1107   9.9733856174E-01
    1108   9.9889112514E-01
    1109   1.0000962918E+00
    1110   1.0008728720E+00
    1111   1.0011744658E+00
    1112   1.0009761696E+00
    1113   1.0002689928E+00
    1114   9.9907348158E-01
    1115   9.9746322437E-01
    1116   9.9557490605E-01
    1117   9.9358964062E-01
    1118   9.9169274520E-01
    1119   9.9003550526E-01
    1120   9.8871357775E-01
    1121   9.8776128640E-01
    1122   9.8726550646E-01
    1123   9.8713861683E-01
    1124   9.8731863354E-01
    1125   9.8769216973E-01
    1126   9.8810819183E-01
    1127   9.8841590124E-01
    1128   9.8849741467E-01
    1129   9.8828320839E-01
    1130   9.8774725256E-01
    1131   9.8689508190E-01
    1132   9.8575928034E-01
    1133   9.8440418773E-01
    1134   9.8292717846E-01
    1135   9.8144384557E-01
    1136   9.8005874678E-01
    1137   9.7883631157E-01
    1138   9.7771929911E-01
    1139   9.7691834414E-01
    1140   9.7631510941E-01
    1141   9.7589085831E-01
    1142   9.7572642985E-01
    1143   9.7586701569E-01
    1144   9.7634947571E-01
    1145   9.7720106556E-01
    1146   9.7844132744E-01
    1147   9.8007423313E-01
    1148   9.8206597230E-01
    1149   9.8431247900E-01
    1150   9.8664977021E-01
    1151   9.8892290012E-01
    1152   9.9083882653E-01
    1153   9.9228098864E-01
    1154   9.9318061580E-01
    1155   9.9354370656E-01
    1156   9.9344237003E-01
    1157   9.9300216806E-01
    1158   9.9238879038E-01
    1159   9.9178394089E-01
    1160   9.9134617982E-01
    1161   9.9116861479E-01
    1162   9.9125480118E-01
    1163   9.9152719005E-01
    1164   9.9186308205E-01
    1165   9.9213781092E-01
    1166   9.9225573304E-01
    1167   9.9216427205E-01
    1168   9.9186002532E-01
    1169   9.9139634000E-01
    1170   9.9088932407E-01
    1171   9.9050907693E-01
    1172   9.9044715644E-01
    1173   9.9086711983E-01
    1174   9.9185788328E-01
    1175   9.9340868797E-01
    1176   9.9541041950E-01
    1177   9.9767382962E-01
    1178   9.9995248331E-01
    1179   1.0019672154E+00
    1180   1.0034388552E+00
    1181   1.0041345003E+00
    1182   1.0039182431E+00
    1183   1.0027844406E+00
    1184   1.0008551707E+00
    1185   9.9834287694E-01
    1186   9.9549835602E-01
    1187   9.9256760118E-01
    1188   9.8976749672E-01
    1189   9.8727426659E-01
    1190   9.8517647709E-01
    1191   9.8362835316E-01
    1192   9.8262307069E-01
    1193   9.8207357326E-01
    1194   9.8193545940E-01
    1195   9.8213990875E-01
    1196   9.8262676535E-01
    1197   9.8334049960E-01
    1198   9.8421996864E-01
    1199   9.8519574047E-01
    1200   9.8620128684E-01
    1201   9.8719171940E-01
    1202   9.8815696515E-01
    1203   9.8911983368E-01
    1204   9.9012140460E-01
    1205   9.9120444072E-01
    1206   9.9240297657E-01
    1207   9.9373726341E-01
    1208   9.9520738330E-01
    1209   9.9678123312E-01
    1210   9.9838283935E-01
    1211   9.9989288577E-01
    1212   1.0011680166E+00
    1213   1.0020729252E+00
    1214   1.0025099360E+00
    1215   1.0024326725E+00
    1216   1.0018435041E+00
    1217   1.0007851704E+00
    1218   9.9933606097E-01
    1219   9.9760903142E-01
    1220   9.9574609778E-01
    1221   9.9389992815E-01
    1222   9.9221056700E-01
    1223   9.9083019857E-01
    1224   9.8982565651E-01
    1225   9.8926289023E-01
    1226   9.8918173532E-01
    1227   9.8959283709E-01
    1228   9.9046660195E-01
    1229   9.9172281984E-01
    1230   9.9323165587E-01
    1231   9.9482856440E-01
    1232   9.9633754735E-01
    1233   9.9759369799E-01
    1234   9.9846051682E-01
    1235   9.9884370920E-01
    1236   9.9870397165E-01
    1237   9.9806682261E-01
    1238   9.9702317923E-01
    1239   9.9571534415E-01
    1240   9.9431102181E-01
    1241   9.9297517055E-01
    1242   9.9184907124E-01
    1243   9.9103974250E-01
    1244   9.9061656836E-01
    1245   9.9060991902E-01
    1246   9.9101054029E-01
    1247   9.9177262188E-01
    1248   9.9282255644E-01
    1249   9.9407145928E-01
    1250   9.9542572379E-01
    1251   9.9679027585E-01
    1252   9.9806536909E-01
    1253   9.9914411605E-01
    1254   9.9991800866E-01
    1255   1.0002924259E+00
    1256   1.0002070644E+00
    1257   9.9965285921E-01
    1258   9.9867978520E-01
    1259   9.9739499477E-01
    1260   9.9595226357E-01
    1261   9.9453311293E-01
    1262   9.9331980940E-01
    1263   9.9246308481E-01
    1264   9.9205197611E-01
    1265   9.9209550209E-01
    1266   9.9252195655E-01
    1267   9.9319039918E-01
    1268   9.9394589893E-01
    1269   9.9459716659E-01
    1270   9.9498707040E-01
    1271   9.9500881943E-01
    1272   9.9461096877E-01
    1273   9.9380742390E-01
    1274   9.9267205341E-01
    1275   9.9132286492E-01
    1276   9.8990060929E-01
    1277   9.8854855937E-01
    1278   9.8739689095E-01
    1279   9.8655118399E-01
    1280   9.8608346326E-01
    1281   9.8602573505E-01
    1282   9.8636810229E-01
    1283   9.8706384876E-01
    1284   9.8804052031E-01
    1285   9.8921262717E-01
    1286   9.9049135809E-01
    1287   9.9178955560E-01
    1288   9.9302370337E-01
    1289   9.9411611908E-01
    1290   9.9499821238E-01
    1291   9.9561277669E-01
    1292   9.9591408374E-01
    1293   9.9586780214E-01
    1294   9.9545454566E-01
    1295   9.9467869578E-01
    1296   9.9357862780E-01
    1297   9.9222592275E-01
    1298   9.9072155508E-01
    1299   9.8922980532E-01
    1300   9.8784722798E-01
    1301   9.8670313499E-01
    1302   9.8590440744E-01
    1303   9.8553173390E-01
    1304   9.8562845662E-01
    1305   9.8618897259E-01
    1306   9.8715454941E-01
    1307   9.8842056631E-01
    1308   9.8985252702E-01
    1309   9.9130314025E-01
    1310   9.9262522272E-01
    1311   9.9368263521E-01
    1312   9.9436555630E-01
    1313   9.9461287459E-01
    1314   9.9443517021E-01
    1315   9.9392503132E-01
    1316   9.9324596661E-01
    1317   9.9260349520E-01
    1318   9.9221048511E-01
    1319   9.9225770114E-01
    1320   9.9289230527E-01
    1321   9.9419976617E-01
    1322   9.9618608833E-01
    1323   9.9876518048E-01
    1324   1.0017606245E+00
    1325   1.0049274887E+00
    1326   1.0079891576E+00
    1327   1.0106750789E+00
    1328   1.0127477951E+00
    1329   1.0140196939E+00
    1330   1.0143677521E+00
    1331   1.0137510428E+00
    1332   1.0122245945E+00
    1333   1.0099367978E+00
    1334   1.0071052692E+00
    1335   1.0039809314E+00
    1336   1.0008155928E+00
    1337   9.9784078792E-01
    1338   9.9525369838E-01
    1339   9.9320103178E-01
    1340   9.9175944675E-01
    1341   9.9092254589E-01
    1342   9.9060612845E-01
    1343   9.9067423492E-01
    1344   9.9097591928E-01
    1345   9.9137604766E-01
    1346   9.9176994220E-01
    1347   9.9208544548E-01
    1348   9.9228281165E-01
    1349   9.9235823927E-01
    1350   9.9234658613E-01
    1351   9.9231352659E-01
    1352   9.9233443860E-01
    1353   9.9247001852E-01
    1354   9.9275172554E-01
    1355   9.9318015639E-01
    1356   9.9376515004E-01
    1357   9.9446588429E-01
    1358   9.9524689964E-01
    1359   9.9604895250E-01
    1360   9.9679077421E-01
    1361   9.9739266320E-01
    1362   9.9780363691E-01
    1363   9.9801650779E-01
    1364   9.9806117910E-01
    1365   9.9798357829E-01
    1366   9.9782621225E-01
    1367   9.9761971733E-01
    1368   9.9738181100E-01
    1369   9.9711331276E-01
    1370   9.9678831073E-01
    1371   9.9634840258E-01
    1372   9.9571421367E-01
    1373   9.9481598978E-01
    1374   9.9362953592E-01
    1375   9.9219742487E-01
    1376   9.9062566327E-01
    1377   9.8906314850E-01
    1378   9.8767935538E-01
    1379   9.8664852532E-01
    1380   9.8613662807E-01
    1381   9.8628193385E-01
    1382   9.8716711964E-01
    1383   9.8879251596E-01
    1384   9.9106496953E-01
    1385   9.9380955887E-01
    1386   9.9679864627E-01
    1387   9.9978414583E-01
    1388   1.0025229294E+00
    1389   1.0047971054E+00
    1390   1.0064382812E+00
    1391   1.0073578881E+00
    1392   1.0075717988E+00
    1393   1.0072015041E+00
    1394   1.0064451634E+00
    1395   1.0055304291E+00
    1396   1.0046706063E+00
    1397   1.0040372201E+00
    1398   1.0037466543E+00
    1399   1.0038503302E+00
    1400   1.0043241718E+00
    1401   1.0050651448E+00
    1402   1.0059073687E+00
    1403   1.0066601071E+00
    1404   1.0071547278E+00
    1405   1.0072800919E+00
    1406   1.0069940120E+00
    1407   1.0063145272E+00
    1408   1.0053046031E+00
    1409   1.0040588967E+00
    1410   1.0026910921E+00
    1411   1.0013162060E+00
    1412   1.0000292562E+00
    1413   9.9889108089E-01
    1414   9.9793222797E-01
    1415   9.9717346726E-01
    1416   9.9664862559E-01
    1417   9.9641264321E-01
    1418   9.9652845837E-01
    1419   9.9704146682E-01
    1420   9.9795742245E-01
    1421   9.9923321541E-01
    1422   1.0007791205E+00
    1423   1.0024650677E+00
    1424   1.0041274453E+00
    1425   1.0055811152E+00
    1426   1.0066438258E+00
    1427   1.0071715129E+00
    1428   1.0070918184E+00
    1429   1.0064197684E+00
    1430   1.0052487744E+00
    1431   1.0037244860E+00
    1432   1.0020160798E+00
    1433   1.0002936481E+00
    1434   9.9871068445E-01
    1435   9.9738666643E-01
    1436   9.9638949183E-01
    1437   9.9572493091E-01
    1438   9.9534136859E-01
    1439   9.9515035537E-01
    1440   9.9505463568E-01
    1441   9.9497219969E-01
    1442   9.9484973958E-01
    1443   9.9466701011E-01
    1444   9.9443753918E-01
    1445   9.9420739845E-01
    1446   9.9404863911E-01
    1447   9.9404355986E-01
    1448   9.9426150692E-01
    1449   9.9473678735E-01
    1450   9.9545756299E-01
    1451   9.9636927139E-01
    1452   9.9738789265E-01
    1453   9.9841491635E-01
    1454   9.9934905114E-01
    1455   1.0000960962E+00
    1456   1.0005811290E+00
    1457   1.0007633558E+00
    1458   1.0006479010E+00
    1459   1.0002873321E+00
    1460   9.9977066510E-01
    1461   9.9920494493E-01
    1462   9.9869740371E-01
    1463   9.9834231781E-01
    1464   9.9821096624E-01
    1465   9.9834162262E-01
    1466   9.9873047825E-01
    1467   9.9932937278E-01
    1468   1.0000563575E+00
    1469   1.0008184927E+00
    1470   1.0015380332E+00
    1471   1.0021701867E+00
    1472   1.0027056184E+00
    1473   1.0031599193E+00
    1474   1.0035584943E+00
    1475   1.0039244499E+00
    1476   1.0042721698E+00
    1477   1.0046056927E+00
    1478   1.0049210507E+00
    1479   1.0052129578E+00
    1480   1.0054851094E+00
    1481   1.0057591405E+00
    1482   1.0060747398E+00
    1483   1.0064768541E+00
    1484   1.0069943694E+00
    1485   1.0076217938E+00
    1486   1.0083154761E+00
    1487   1.0090075798E+00
    1488   1.0096308533E+00
    1489   1.0101424929E+00
    1490   1.0105390589E+00
    1491   1.0108735301E+00
    1492   1.0111599952E+00
    1493   1.0115088133E+00
    1494   1.0119848483E+00
    1495   1.0125992915E+00
    1496   1.0133103677E+00
    1497   1.0140139817E+00
    1498   1.0145645886E+00
    1499   1.0148125199E+00
    1500   1.0146431025E+00
    1501   1.0140032250E+00
    1502   1.0129091696E+00
    1503   1.0114387893E+00
    1504   1.0097152482E+00
    1505   1.0078869644E+00
    1506   1.0061048070E+00
    1507   1.0044981095E+00
    1508   1.0031546866E+00
    1509   1.0021114084E+00
    1510   1.0013587055E+00
    1511   1.0008554832E+00
    1512   1.0005462414E+00
    1513   1.0003735043E+00
    1514   1.0002844517E+00
    1515   1.0002347864E+00
    1516   1.0001931757E+00
    1517   1.0001455024E+00
    1518   1.0000951284E+00
    1519   1.0000569590E+00
    1520   1.0000481384E+00
    1521   1.0000808668E+00
    1522   1.0001613645E+00
    1523   1.0002932363E+00
    1524   1.0004794713E+00
    1525   1.0007187462E+00
    1526   1.0009975128E+00
    1527   1.0012836100E+00
    1528   1.0015270321E+00
    1529   1.0016686872E+00
    1530   1.0016530410E+00
    1531   1.0014400732E+00
    1532   1.0010151342E+00
    1533   1.0003977587E+00
    1534   9.9964948012E-01
    1535   9.9887691838E-01
    1536   9.9822392434E-01
    1537   9.9784990791E-01
    1538   9.9789854352E-01
    1539   9.9846642224E-01
    1540   9.9958125028E-01
    1541   1.0011941489E+00
    1542   1.0031844164E+00
    1543   1.0053730180E+00
    1544   1.0075428183E+00
    1545   1.0094659503E+00
    1546   1.0109380012E+00
    1547   1.0118325473E+00
    1548   1.0120517515E+00
    1549   1.0116374819E+00
    1550   1.0107547079E+00
    1551   1.0095705450E+00
    1552   1.0082925726E+00
    1553   1.0071198215E+00
    1554   1.0062147984E+00
    1555   1.0056802792E+00
    1556   1.0055439750E+00
    1557   1.0057568191E+00
    1558   1.0062089595E+00
    1559   1.0067606665E+00
    1560   1.0072773609E+00
    1561   1.0076558083E+00
    1562   1.0078343633E+00
    1563   1.0077894655E+00
    1564   1.0075261356E+00
    1565   1.0070686854E+00
    1566   1.0064523216E+00
    1567   1.0057136315E+00
    1568   1.0048806970E+00
    1569   1.0039679968E+00
    1570   1.0029808267E+00
    1571   1.0019278722E+00
    1572   1.0008336224E+00
    1573   9.9974153354E-01
    1574   9.9870587522E-01
    1575   9.9777897491E-01
    1576   9.9700283883E-01
    1577   9.9640851229E-01
    1578   9.9601840058E-01
    1579   9.9584404440E-01
    1580   9.9587739775E-01
    1581   9.9608208918E-01
    1582   9.9639386633E-01
    1583   9.9673405986E-01
    1584   9.9703043842E-01
    1585   9.9723493918E-01
    1586   9.9733154043E-01
    1587   9.9733582921E-01
    1588   9.9729199347E-01
    1589   9.9726990642E-01
    1590   9.9735834119E-01
    1591   9.9764885755E-01
    1592   9.9821134499E-01
    1593   9.9907125625E-01
    1594   1.0002010237E+00
    1595   1.0015310275E+00
    1596   1.0029733085E+00
    1597   1.0044444416E+00
    1598   1.0058777153E+00
    1599   1.0072251137E+00
    1600   1.0084562653E+00
    1601   1.0095591472E+00
    1602   1.0105391973E+00
    1603   1.0114100669E+00
    1604   1.0121752566E+00
    1605   1.0128101498E+00
    1606   1.0132572841E+00
    1607   1.0134396681E+00
    1608   1.0132843856E+00
    1609   1.0127608047E+00
    1610   1.0117846033E+00
    1611   1.0104047203E+00
    1612   1.0086717997E+00
    1613   1.0066477228E+00
    1614   1.0044522108E+00
    1615   1.0022406332E+00
    1616   1.0001806125E+00
    1617   9.9842434744E-01
    1618   9.9709084742E-01
    1619   9.9626350133E-01
    1620   9.9599608135E-01
    1621   9.9631562265E-01
    1622   9.9721679975E-01
    1623   9.9865305510E-01
    1624   1.0005342572E+00
    1625   1.0027349781E+00
    1626   1.0051075782E+00
    1627   1.0074904314E+00
    1628   1.0097087744E+00
    1629   1.0115771904E+00
    1630   1.0129161606E+00
    1631   1.0135846494E+00
    1632   1.0135150784E+00
    1633   1.0127310693E+00
    1634   1.0113388008E+00
    1635   1.0095000967E+00
    1636   1.0074039386E+00
    1637   1.0052464721E+00
    1638   1.0032168884E+00
    1639   1.0014815258E+00
    1640   1.0001649446E+00
    1641   9.9933576209E-01
    1642   9.9900616525E-01
    1643   9.9914518847E-01
    1644   9.9969578251E-01
    1645   1.0005846763E+00
    1646   1.0017234111E+00
    1647   1.0030096301E+00
    1648   1.0043394331E+00
    1649   1.0056312269E+00
    1650   1.0068484954E+00
    1651   1.0080057474E+00
    1652   1.0091525865E+00
    1653   1.0103453540E+00
    1654   1.0116218185E+00
    1655   1.0129872271E+00
    1656   1.0144154985E+00
    1657   1.0158663793E+00
    1658   1.0171062774E+00
    1659   1.0180881525E+00
    1660   1.0186630020E+00
    1661   1.0187350988E+00
    1662   1.0183035715E+00
    1663   1.0174605015E+00
    1664   1.0163671053E+00
    1665   1.0152134780E+00
    1666   1.0141801295E+00
    1667   1.0134099868E+00
    1668   1.0129885444E+00
    1669   1.0129286973E+00
    1670   1.0131642299E+00
    1671   1.0135609251E+00
    1672   1.0139567465E+00
    1673   1.0142050067E+00
    1674   1.0141079119E+00
    1675   1.0137107551E+00
    1676   1.0130108132E+00
    1677   1.0120685285E+00
    1678   1.0109786495E+00
    1679   1.0098490991E+00
    1680   1.0087825475E+00
    1681   1.0078557868E+00
    1682   1.0071044082E+00
    1683   1.0065218157E+00
    1684   1.0060741625E+00
    1685   1.0057220441E+00
    1686   1.0054355143E+00
    1687   1.0051954768E+00
    1688   1.0049857521E+00
    1689   1.0047853382E+00
    1690   1.0045664526E+00
    1691   1.0042962984E+00
    1692   1.0039375220E+00
    1693   1.0034473156E+00
    1694   1.0027815249E+00
    1695   1.0019092257E+00
    1696   1.0008345713E+00
    1697   9.9961399029E-01
    1698   9.9835686617E-01
    1699   9.9720767790E-01
    1700   9.9631893855E-01
    1701   9.9582672268E-01
    1702   9.9583414582E-01
    1703   9.9639997924E-01
    1704   9.9752794753E-01
    1705   9.9915745284E-01
    1706   1.0011629793E+00
    1707   1.0033683403E+00
    1708   1.0055741016E+00
    1709   1.0075883084E+00
    1710   1.0092501147E+00
    1711   1.0104434219E+00
    1712   1.0111059448E+00
    1713   1.0112383381E+00
    1714   1.0109100185E+00
    1715   1.0102523481E+00
    1716   1.0094344100E+00
    1717   1.0086281787E+00
    1718   1.0079856526E+00
    1719   1.0075941297E+00
    1720   1.0075170903E+00
    1721   1.0077868415E+00
    1722   1.0083759444E+00
    1723   1.0092222098E+00
    1724   1.0102256292E+00
    1725   1.0112643465E+00
    1726   1.0122167231E+00
    1727   1.0129782597E+00
    1728   1.0134673065E+00
    1729   1.0136236499E+00
    1730   1.0134097844E+00
    1731   1.0128184421E+00
    1732   1.0118797750E+00
    1733   1.0106582278E+00
    1734   1.0092373581E+00
    1735   1.0077017334E+00
    1736   1.0061280505E+00
    1737   1.0045882940E+00
    1738   1.0031563639E+00
    1739   1.0019069548E+00
    1740   1.0009042965E+00
    1741   1.0001890913E+00
    1742   9.9977469074E-01
    1743   9.9965506398E-01
    1744   9.9981676218E-01
    1745   1.0002443426E+00
    1746   1.0009164696E+00
    1747   1.0017992669E+00
    1748   1.0028462277E+00
    1749   1.0040063814E+00
    1750   1.0052333648E+00
    1751   1.0064865399E+00
    1752   1.0077241811E+00
    1753   1.0088980401E+00
    1754   1.0099652378E+00
    1755   1.0109030123E+00
    1756   1.0116639622E+00
    1757   1.0123382042E+00
    1758   1.0129741150E+00
    1759   1.0136284708E+00
    1760   1.0143435354E+00
    1761   1.0151393046E+00
    1762   1.0160106834E+00
    1763   1.0169197708E+00
    1764   1.0177862968E+00
    1765   1.0184880754E+00
    1766   1.0188812877E+00
    1767   1.0188361218E+00
    1768   1.0182708043E+00
    1769   1.0171677094E+00
    1770   1.0155823120E+00
    1771   1.0135830669E+00
    1772   1.0112586422E+00
    1773   1.0088415395E+00
    1774   1.0064578597E+00
    1775   1.0042592644E+00
    1776   1.0023665518E+00
    1777   1.0008550779E+00
    1778   9.9975846349E-01
    1779   9.9908310287E-01
    1780   9.9882008468E-01
    1781   9.9894565288E-01
    1782   9.9941383671E-01
    1783   1.0001527900E+00
    1784   1.0010734853E+00
    1785   1.0020872835E+00
    1786   1.0031204603E+00
    1787   1.0041166202E+00
    1788   1.0050299559E+00
    1789   1.0058204251E+00
    1790   1.0064590567E+00
    1791   1.0069388953E+00
    1792   1.0072788372E+00
    1793   1.0075120160E+00
    1794   1.0076641405E+00
    1795   1.0077364223E+00
    1796   1.0077046444E+00
    1797   1.0075321786E+00
    1798   1.0071848530E+00
    1799   1.0066376962E+00
    1800   1.0058747799E+00
    1801   1.0048909121E+00
    1802   1.0037009115E+00
    1803   1.0023508143E+00
    1804   1.0009193164E+00
    1805   9.9950355905E-01
    1806   9.9819617778E-01
    1807   9.9706751153E-01
    1808   9.9616230906E-01
    1809   9.9550734880E-01
    1810   9.9511845639E-01
    1811   9.9499870481E-01
    1812   9.9513045671E-01
    1813   9.9547101895E-01
    1814   9.9595940655E-01
    1815   9.9653118415E-01
    1816   9.9713097332E-01
    1817   9.9771474363E-01
    1818   9.9824408093E-01
    1819   9.9868192710E-01
    1820   9.9899753977E-01
    1821   9.9917791550E-01
    1822   9.9923520006E-01
    1823   9.9920193213E-01
    1824   9.9911621345E-01
    1825   9.9900681829E-01
    1826   9.9888746313E-01
    1827   9.9875977051E-01
    1828   9.9861696552E-01
    1829   9.9844167381E-01
    1830   9.9819970533E-01
    1831   9.9783835403E-01
    1832   9.9729635116E-01
    1833   9.9652316224E-01
    1834   9.9549741698E-01
    1835   9.9423501741E-01
    1836   9.9278570121E-01
    1837   9.9122430236E-01
    1838   9.8964359957E-01
    1839   9.8814942836E-01
    1840   9.8685316209E-01
    1841   9.8585230471E-01
    1842   9.8519989041E-01
    1843   9.8504104270E-01
    1844   9.8528316186E-01
    1845   9.8591179178E-01
    1846   9.8689032343E-01
    1847   9.8816279921E-01
    1848   9.8966014735E-01
    1849   9.9129588306E-01
    1850   9.9296729214E-01
    1851   9.9456558503E-01
    1852   9.9599076511E-01
    1853   9.9716397598E-01
    1854   9.9803325222E-01
    1855   9.9857471689E-01
    1856   9.9879390391E-01
    1857   9.9872862233E-01
    1858   9.9844839430E-01
    1859   9.9804449357E-01
    1860   9.9760972910E-01
    1861   9.9721478134E-01
    1862   9.9689103340E-01
    1863   9.9662640855E-01
    1864   9.9637284663E-01
    1865   9.9605994083E-01
    1866   9.9561024579E-01
    1867   9.9495570806E-01
    1868   9.9405616783E-01
    1869   9.9291816214E-01
    1870   9.9160681483E-01
    1871   9.9024306207E-01
    1872   9.8898380998E-01
    1873   9.8799083511E-01
    1874   9.8739894122E-01
    1875   9.8729258706E-01
    1876   9.8769193776E-01
    1877   9.8853939878E-01
    1878   9.8978618997E-01
    1879   9.9122168934E-01
    1880   9.9266914557E-01
    1881   9.9395604206E-01
    1882   9.9493666915E-01
    1883   9.9552464772E-01
    1884   9.9570189897E-01
    1885   9.9551038752E-01
    1886   9.9503264975E-01
    1887   9.9436966825E-01
    1888   9.9362122071E-01
    1889   9.9286955841E-01
    1890   9.9216639461E-01
    1891   9.9152549653E-01
    1892   9.9092511669E-01
    1893   9.9032242512E-01
    1894   9.8967625944E-01
    1895   9.8896924051E-01
    1896   9.8822045542E-01
    1897   9.8748497072E-01
    1898   9.8684298324E-01
    1899   9.8638428342E-01
    1900   9.8619212376E-01
    1901   9.8632708417E-01
    1902   9.8681109850E-01
    1903   9.8761413806E-01
    1904   9.8863792844E-01
    1905   9.8977227692E-01
    1906   9.9085778783E-01
    1907   9.9170839825E-01
    1908   9.9222570497E-01
    1909   9.9234912710E-01
    1910   9.9208203571E-01
    1911   9.9148909964E-01
    1912   9.9068404732E-01
    1913   9.8980802579E-01
    1914   9.8900064566E-01
    1915   9.8837005111E-01
    1916   9.8797185900E-01
    1917   9.8780449677E-01
    1918   9.8782178643E-01
    1919   9.8795514596E-01
    1920   9.8813484079E-01
    1921   9.8830302031E-01
    1922   9.8841843380E-01
    1923   9.8845704280E-01
    1924   9.8841238087E-01
    1925   9.8829502194E-01
    1926   9.8812824277E-01
    1927   9.8793687866E-01
    1928   9.8772090228E-01
    1929   9.8755962566E-01
    1930   9.8739970683E-01
    1931   9.8724241164E-01
    1932   9.8709469075E-01
    1933   9.8695409188E-01
    1934   9.8681413295E-01
    1935   9.8666631077E-01
    1936   9.8650920474E-01
    1937   9.8636035605E-01
    1938   9.8626248890E-01
    1939   9.8627884788E-01
    1940   9.8647921267E-01
    1941   9.8692353575E-01
    1942   9.8764955675E-01
    1943   9.8866608473E-01
    1944   9.8994925311E-01
    1945   9.9144036111E-01
    1946   9.9304749073E-01
    1947   9.9465562064E-01
    1948   9.9614625878E-01
    1949   9.9742079630E-01
    1950   9.9841674098E-01
    1951   9.9910992558E-01
    1952   9.9950458170E-01
    1953   9.9962062447E-01
    1954   9.9948635719E-01
    1955   9.9913769307E-01
    1956   9.9861800788E-01
    1957   9.9797397487E-01
    1958   9.9724854074E-01
    1959   9.9647488867E-01
    1960   9.9568464187E-01
    1961   9.9491211308E-01
    1962   9.9418389225E-01
    1963   9.9352865784E-01
    1964   9.9295796963E-01
    1965   9.9246366640E-01
    1966   9.9202499017E-01
    1967   9.9162359149E-01
    1968   9.9125577636E-01
    1969   9.9093423344E-01
    1970   9.9068031012E-01
    1971   9.9051537002E-01
    1972   9.9045825724E-01
    1973   9.9052813485E-01
    1974   9.9074485130E-01
    1975   9.9112076606E-01
    1976   9.9164637632E-01
    1977   9.9227947040E-01
    1978   9.9294664072E-01
    1979   9.9355770593E-01
    1980   9.9402466347E-01
    1981   9.9427607411E-01
    1982   9.9426427697E-01
    1983   9.9396970592E-01
    1984   9.9340631806E-01
    1985   9.9262566064E-01
    1986   9.9171176564E-01
    1987   9.9076281643E-01
    1988   9.8986558531E-01
    1989   9.8907585941E-01
    1990   9.8841311106E-01
    1991   9.8785444049E-01
    1992   9.8746231143E-01
    1993   9.8718377806E-01
    1994   9.8702064854E-01
    1995   9.8698377920E-01
    1996   9.8707617574E-01
    1997   9.8730600822E-01
    1998   9.8768908844E-01
    1999   9.8824238999E-01
    2000   9.8897013520E-01
    2001   9.8985141190E-01
    2002   9.9083862222E-01
    2003   9.9186725943E-01
    2004   9.9286879569E-01
    2005   9.9377717834E-01
    2006   9.9452792225E-01
    2007   9.9505760517E-01
    2008   9.9531266688E-01
    2009   9.9526664873E-01
    2010   9.9493488282E-01
    2011   9.9437431735E-01
    2012   9.9366695002E-01
    2013   9.9289728265E-01
    2014   9.9213768209E-01
    2015   9.9144668482E-01
    2016   9.9087418860E-01
    2017   9.9046328229E-01
    2018   9.9024253959E-01
    2019   9.9021357913E-01
    2020   9.9041141488E-01
    2021   9.9077192862E-01
    2022   9.9127561635E-01
    2023   9.9189638711E-01
    2024   9.9259402701E-01
    2025   9.9331026538E-01
    2026   9.9397148524E-01
    2027   9.9450421386E-01
    2028   9.9485495057E-01
    2029   9.9500153781E-01
    2030   9.9495057895E-01
    2031   9.9472677480E-01
    2032   9.9436537050E-01
    2033   9.9391279039E-01
    2034   9.9343019766E-01
    2035   9.9299026276E-01
    2036   9.9266362523E-01
    2037   9.9250156796E-01
    2038   9.9252570101E-01
    2039   9.9272941164E-01
    2040   9.9308588969E-01
    2041   9.9355327494E-01
    2042   9.9407312340E-01
    2043   9.9456829075E-01
    2044   9.9495033410E-01
    2045   9.9513973967E-01
    2046   9.9509023091E-01
    2047   9.9480259837E-01
    2048   9.9431961201E-01
    2049   9.9370691596E-01
    2050   9.9303300600E-01
    2051   9.9235831099E-01
    2052   9.9173289094E-01
    2053   9.9119525690E-01
    2054   9.9076714058E-01
    2055   9.9044046089E-01
    2056   9.9019498310E-01
    2057   9.9002648884E-01
    2058   9.8986713613E-01
    2059   9.8972185274E-01
    2060   9.8959985761E-01
    2061   9.8951661463E-01
    2062   9.8948552064E-01
    2063   9.8951758672E-01
    2064   9.8962800011E-01
    2065   9.8984047573E-01
    2066   9.9018221414E-01
    2067   9.9067103769E-01
    2068   9.9130379353E-01
    2069   9.9205427072E-01
    2070   9.9288081345E-01
    2071   9.9373627664E-01
    2072   9.9457294471E-01
    2073   9.9534201470E-01
    2074   9.9599407225E-01
    2075   9.9648636415E-01
    2076   9.9679496149E-01
    2077   9.9692290566E-01
    2078   9.9689669752E-01
    2079   9.9675220985E-01
    2080   9.9651963302E-01
    2081   9.9621698059E-01
    2082   9.9585344782E-01
    2083   9.9543551762E-01
    2084   9.9496826504E-01
    2085   9.9445121558E-01
    2086   9.9387588405E-01
    2087   9.9323196742E-01
    2088   9.9252139621E-01
    2089   9.9177110247E-01
    2090   9.9103415469E-01
    2091   9.9036374081E-01
    2092   9.8986634860E-01
    2093   9.8956681609E-01
    2094   9.8948083003E-01
    2095   9.8961362222E-01
    2096   9.8993814632E-01
    2097   9.9040051181E-01
    2098   9.9092196930E-01
    2099   9.9140975224E-01
    2100   9.9177664521E-01
    2101   9.9196140303E-01
    2102   9.9193998369E-01
    2103   9.9172290433E-01
    2104   9.9134341988E-01
    2105   9.9084582852E-01
    2106   9.9027993049E-01
    2107   9.8969994474E-01
    2108   9.8916192856E-01
    2109   9.8871611238E-01
    2110   9.8839725107E-01
    2111   9.8821968953E-01
    2112   9.8818100825E-01
    2113   9.8827105698E-01
    2114   9.8847897365E-01
    2115   9.8879185741E-01
    2116   9.8917427996E-01
    2117   9.8964330710E-01
    2118   9.9012119243E-01
    2119   9.9056390418E-01
    2120   9.9094882681E-01
    2121   9.9125658836E-01
    2122   9.9147616874E-01
    2123   9.9160135008E-01
    2124   9.9163310824E-01
    2125   9.9158711938E-01
    2126   9.9149954923E-01
    2127   9.9142376406E-01
    2128   9.9141752288E-01
    2129   9.9152713045E-01
    2130   9.9177729684E-01
    2131   9.9216999923E-01
    2132   9.9268926610E-01
    2133   9.9330582817E-01
    2134   9.9397932093E-01
    2135   9.9466038385E-01
    2136   9.9529683984E-01
    2137   9.9584353667E-01
    2138   9.9627063746E-01
    2139   9.9656403060E-01
    2140   9.9671757345E-01
    2141   9.9672349790E-01
    2142   9.9656975625E-01
    2143   9.9624710799E-01
    2144   9.9576107825E-01
    2145   9.9513977978E-01
    2146   9.9443277474E-01
    2147   9.9370300675E-01
    2148   9.9301843695E-01
    2149   9.9244715432E-01
    2150   9.9205439431E-01
    2151   9.9189660721E-01
    2152   9.9200728898E-01
    2153   9.9239471651E-01
    2154   9.9304605904E-01
    2155   9.9387016866E-01
    2156   9.9479252602E-01
    2157   9.9572197166E-01
    2158   9.9656724222E-01
    2159   9.9724325085E-01
    2160   9.9767906016E-01
    2161   9.9783059145E-01
    2162   9.9769359722E-01
    2163   9.9730770399E-01
    2164   9.9674564404E-01
    2165   9.9609100502E-01
    2166   9.9541576917E-01
    2167   9.9476811128E-01
    2168   9.9417314179E-01
    2169   9.9364093706E-01
    2170   9.9317430274E-01
    2171   9.9277346983E-01
    2172   9.9244063845E-01
    2173   9.9218725118E-01
    2174   9.9204174583E-01
    2175   9.9205062060E-01
    2176   9.9226698797E-01
    2177   9.9272903181E-01
    2178   9.9343898138E-01
    2179   9.9435421971E-01
    2180   9.9539470772E-01
    2181   9.9646133814E-01
    2182   9.9745500432E-01
    2183   9.9829032011E-01
    2184   9.9890525903E-01
    2185   9.9927097714E-01
    2186   9.9940152350E-01
    2187   9.9935679670E-01
    2188   9.9923102352E-01
    2189   9.9912727234E-01
    2190   9.9912843463E-01
    2191   9.9927793282E-01
    2192   9.9957621828E-01
    2193   9.9998871165E-01
    2194   1.0004555244E+00
    2195   1.0008982491E+00
    2196   1.0012275425E+00
    2197   1.0013582097E+00
    2198   1.0012319969E+00
    2199   1.0008388317E+00
    2200   1.0002236182E+00
    2201   9.9947408847E-01
    2202   9.9869754749E-01
    2203   9.9800023166E-01
    2204   9.9747692930E-01
    2205   9.9720782917E-01
    2206   9.9725325650E-01
    2207   9.9764199889E-01
    2208   9.9835846565E-01
    2209   9.9933910031E-01
    2210   1.0004830021E+00
    2211   1.0016717922E+00
    2212   1.0027871378E+00
    2213   1.0037191412E+00
    2214   1.0043692633E+00
    2215   1.0046576403E+00
    2216   1.0045389471E+00
    2217   1.0040199520E+00
    2218   1.0031650263E+00
    2219   1.0020827865E+00
    2220   1.0009005031E+00
    2221   9.9974104701E-01
    2222   9.9871187348E-01
    2223   9.9790383432E-01
    2224   9.9738929092E-01
    2225   9.9721319812E-01
    2226   9.9738140904E-01
    2227   9.9785698343E-01
    2228   9.9857041218E-01
    2229   9.9943896205E-01
    2230   1.0003826340E+00
    2231   1.0013285442E+00
    2232   1.0022075654E+00
    2233   1.0029551209E+00
    2234   1.0035232168E+00
    2235   1.0038981488E+00
    2236   1.0041089280E+00
    2237   1.0042163982E+00
    2238   1.0042881660E+00
    2239   1.0043756610E+00
    2240   1.0045062340E+00
    2241   1.0046897870E+00
    2242   1.0049275649E+00
    2243   1.0052125144E+00
    2244   1.0055231301E+00
    2245   1.0058224481E+00
    2246   1.0060703695E+00
    2247   1.0062445812E+00
    2248   1.0063544247E+00
    2249   1.0064356453E+00
    2250   1.0065291489E+00
    2251   1.0066592939E+00
    2252   1.0068255947E+00
    2253   1.0070086485E+00
    2254   1.0071792537E+00
    2255   1.0073004099E+00
    2256   1.0073243739E+00
    2257   1.0071963506E+00
    2258   1.0068726740E+00
    2259   1.0063502921E+00
    2260   1.0056710282E+00
    2261   1.0049297509E+00
    2262   1.0042564855E+00
    2263   1.0037551917E+00
    2264   1.0035089324E+00
    2265   1.0035696961E+00
    2266   1.0039574386E+00
    2267   1.0046533388E+00
    2268   1.0055904282E+00
    2269   1.0066545378E+00
    2270   1.0077053380E+00
    2271   1.0086121585E+00
    2272   1.0092862195E+00
    2273   1.0096918527E+00
    2274   1.0098360372E+00
    2275   1.0097506444E+00
    2276   1.0094824220E+00
    2277   1.0090924588E+00
    2278   1.0086541819E+00
    2279   1.0082391796E+00
    2280   1.0078946115E+00
    2281   1.0076272455E+00
    2282   1.0074064408E+00
    2283   1.0071835134E+00
    2284   1.0069121790E+00
    2285   1.0065558714E+00
    2286   1.0060833433E+00
    2287   1.0054661410E+00
    2288   1.0046891993E+00
    2289   1.0037705744E+00
    2290   1.0027735470E+00
    2291   1.0017965266E+00
    2292   1.0009440444E+00
    2293   1.0002966344E+00
    2294   9.9989661978E-01
    2295   9.9975200566E-01
    2296   9.9984636978E-01
    2297   1.0001410501E+00
    2298   1.0005694292E+00
    2299   1.0010354269E+00
    2300   1.0014279779E+00
    2301   1.0016496688E+00
    2302   1.0016436837E+00
    2303   1.0014017807E+00
    2304   1.0009514115E+00
    2305   1.0003358953E+00
    2306   9.9960415061E-01
    2307   9.9881391494E-01
    2308   9.9803783341E-01
    2309   9.9735855049E-01
    2310   9.9685150411E-01
    2311   9.9656733115E-01
    2312   9.9652737184E-01
    2313   9.9673401624E-01
    2314   9.9718446164E-01
    2315   9.9787351222E-01
    2316   9.9878316519E-01
    2317   9.9987059992E-01
    2318   1.0010690446E+00
    2319   1.0023047295E+00
    2320   1.0035185610E+00
    2321   1.0046760637E+00
    2322   1.0057604441E+00
    2323   1.0067592666E+00
    2324   1.0076600088E+00
    2325   1.0084590685E+00
    2326   1.0091736810E+00
    2327   1.0098512627E+00
    2328   1.0105205968E+00
    2329   1.0111783212E+00
    2330   1.0118556766E+00
    2331   1.0125143692E+00
    2332   1.0131307845E+00
    2333   1.0136886129E+00
    2334   1.0141686133E+00
    2335   1.0145346339E+00
    2336   1.0147330752E+00
    2337   1.0147110836E+00
    2338   1.0144412722E+00
    2339   1.0139339452E+00
    2340   1.0132295898E+00
    2341   1.0123818512E+00
    2342   1.0114469185E+00
    2343   1.0104849223E+00
    2344   1.0095643391E+00
    2345   1.0087560898E+00
    2346   1.0081154662E+00
    2347   1.0076649356E+00
    2348   1.0073969397E+00
    2349   1.0072806021E+00
    2350   1.0072796201E+00
    2351   1.0074080412E+00
    2352   1.0076558348E+00
    2353   1.0080086549E+00
    2354   1.0084328276E+00
    2355   1.0088838582E+00
    2356   1.0093233642E+00
    2357   1.0097290198E+00
    2358   1.0100912268E+00
    2359   1.0104049265E+00
    2360   1.0106692632E+00
    2361   1.0108979627E+00
    2362   1.0111298485E+00
    2363   1.0114249467E+00
    2364   1.0118430167E+00
    2365   1.0124179271E+00
    2366   1.0131457767E+00
    2367   1.0139934980E+00
    2368   1.0149184371E+00
    2369   1.0158818393E+00
    2370   1.0168508852E+00
    2371   1.0178337202E+00
    2372   1.0186412921E+00
    2373   1.0193189801E+00
    2374   1.0198452091E+00
    2375   1.0201858595E+00
    2376   1.0203348457E+00
    2377   1.0202817597E+00
    2378   1.0200115348E+00
    2379   1.0195193157E+00
    2380   1.0188286720E+00
    2381   1.0179963583E+00
    2382   1.0170982495E+00
    2383   1.0162076644E+00
    2384   1.0154113508E+00
    2385   1.0146701226E+00
    2386   1.0140568325E+00
    2387   1.0136231420E+00
    2388   1.0133567093E+00
    2389   1.0132472150E+00
    2390   1.0132661513E+00
    2391   1.0133812603E+00
    2392   1.0135726285E+00
    2393   1.0138368994E+00
    2394   1.0141760707E+00
    2395   1.0145808577E+00
    2396   1.0150224686E+00
    2397   1.0154582960E+00
    2398   1.0158449889E+00
    2399   1.0161470083E+00
    2400   1.0163360594E+00
    2401   1.0164216432E+00
    2402   1.0163110533E+00
    2403   1.0160124623E+00
    2404   1.0156076678E+00
    2405   1.0151094753E+00
    2406   1.0145706560E+00
    2407   1.0140374477E+00
    2408   1.0135444381E+00
    2409   1.0131210595E+00
    2410   1.0128003961E+00
    2411   1.0126185887E+00
    2412   1.0126023988E+00
    2413   1.0127543584E+00
    2414   1.0130477145E+00
    2415   1.0134355916E+00
    2416   1.0138678710E+00
    2417   1.0143045889E+00
    2418   1.0147241451E+00
    2419   1.0151478945E+00
    2420   1.0154799217E+00
    2421   1.0158320027E+00
    2422   1.0162536924E+00
    2423   1.0168019175E+00
    2424   1.0175382378E+00
    2425   1.0184942130E+00
    2426   1.0196588594E+00
    2427   1.0209811320E+00
    2428   1.0223816382E+00
    2429   1.0237633364E+00
    2430   1.0250163645E+00
    2431   1.0260853277E+00
    2432   1.0267692639E+00
    2433   1.0268239851E+00
    2434   1.0264463570E+00
    2435   1.0255298157E+00
    2436   1.0241185959E+00
    2437   1.0223070421E+00
    2438   1.0202295242E+00
    2439   1.0180510420E+00
    2440   1.0159535932E+00
    2441   1.0141152955E+00
    2442   1.0126854518E+00
    2443   1.0117677266E+00
    2444   1.0114179363E+00
    2445   1.0115704945E+00
    2446   1.0122221285E+00
    2447   1.0132703259E+00
    2448   1.0145915669E+00
    2449   1.0160430202E+00
    2450   1.0174686781E+00
    2451   1.0187163766E+00
    2452   1.0196574910E+00
    2453   1.0202029027E+00
    2454   1.0203121825E+00
    2455   1.0199972497E+00
    2456   1.0193223874E+00
    2457   1.0183992829E+00
    2458   1.0173944717E+00
    2459   1.0164343000E+00
    2460   1.0155936822E+00
    2461   1.0150536521E+00
    2462   1.0147797692E+00
    2463   1.0147220971E+00
    2464   1.0147946551E+00
    2465   1.0149007256E+00
    2466   1.0149565318E+00
    2467   1.0149083528E+00
    2468   1.0147425420E+00
    2469   1.0144882084E+00
    2470   1.0142112245E+00
    2471   1.0139984998E+00
    2472   1.0139352899E+00
    2473   1.0140825232E+00
    2474   1.0144618773E+00
    2475   1.0150811488E+00
    2476   1.0158399858E+00
    2477   1.0166384926E+00
    2478   1.0174598089E+00
    2479   1.0181890746E+00
    2480   1.0187514699E+00
    2481   1.0190910654E+00
    2482   1.0191788974E+00
    2483   1.0190177550E+00
    2484   1.0186413962E+00
    2485   1.0181083888E+00
    2486   1.0174928237E+00
    2487   1.0168746924E+00
    2488   1.0163312748E+00
    2489   1.0159559566E+00
    2490   1.0157492661E+00
    2491   1.0157145770E+00
    2492   1.0159140881E+00
    2493   1.0162728020E+00
    2494   1.0167251642E+00
    2495   1.0171910746E+00
    2496   1.0175876975E+00
    2497   1.0178414687E+00
    2498   1.0178989753E+00
    2499   1.0177357098E+00
    2500   1.0173611535E+00
    2501   1.0168180436E+00
    2502   1.0161750211E+00
    2503   1.0155145387E+00
    2504   1.0149482274E+00
    2505   1.0144842926E+00
    2506   1.0142097379E+00
    2507   1.0142098349E+00
    2508   1.0144958275E+00
    2509   1.0150849901E+00
    2510   1.0159698743E+00
    2511   1.0171125936E+00
    2512   1.0184443995E+00
    2513   1.0198715286E+00
    2514   1.0212851715E+00
    2515   1.0225724281E+00
    2516   1.0236268054E+00
    2517   1.0243825322E+00
    2518   1.0248204850E+00
    2519   1.0246659454E+00
    2520   1.0242154243E+00
    2521   1.0234683786E+00
    2522   1.0224986745E+00
    2523   1.0214004195E+00
    2524   1.0202593026E+00
    2525   1.0191446690E+00
    2526   1.0181059783E+00
    2527   1.0171705420E+00
    2528   1.0163420228E+00
    2529   1.0156045865E+00
    2530   1.0149565028E+00
    2531   1.0142746298E+00
    2532   1.0136124202E+00
    2533   1.0129663419E+00
    2534   1.0123278060E+00
    2535   1.0117064680E+00
    2536   1.0111120143E+00
    2537   1.0105563924E+00
    2538   1.0100583862E+00
    2539   1.0096448885E+00
    2540   1.0093461815E+00
    2541   1.0091880261E+00
    2542   1.0091854964E+00
    2543   1.0093409616E+00
    2544   1.0096442425E+00
    2545   1.0100714483E+00
    2546   1.0105817917E+00
    2547   1.0111162807E+00
    2548   1.0116030699E+00
    2549   1.0119702062E+00
    2550   1.0121607516E+00
    2551   1.0121433562E+00
    2552   1.0119308386E+00
    2553   1.0115117726E+00
    2554   1.0109329569E+00
    2555   1.0102964773E+00
    2556   1.0096667951E+00
    2557   1.0091305093E+00
    2558   1.0087598365E+00
    2559   1.0085947293E+00
    2560   1.0086342572E+00
    2561   1.0088404874E+00
    2562   1.0091505328E+00
    2563   1.0094891997E+00
    2564   1.0097781440E+00
    2565   1.0099439087E+00
    2566   1.0099295322E+00
    2567   1.0097099975E+00
    2568   1.0093049784E+00
    2569   1.0087802120E+00
    2570   1.0082343265E+00
    2571   1.0077767501E+00
    2572   1.0075065497E+00
    2573   1.0074983824E+00
    2574   1.0077946107E+00
    2575   1.0083990495E+00
    2576   1.0092709897E+00
    2577   1.0103241957E+00
    2578   1.0114398694E+00
    2579   1.0125091953E+00
    2580   1.0133405670E+00
    2581   1.0139038017E+00
    2582   1.0141583279E+00
    2583   1.0140872360E+00
    2584   1.0137042369E+00
    2585   1.0130393813E+00
    2586   1.0121362846E+00
    2587   1.0110477984E+00
    2588   1.0098278775E+00
    2589   1.0085235842E+00
    2590   1.0071734725E+00
    2591   1.0058137877E+00
    2592   1.0044866971E+00
    2593   1.0032422733E+00
    2594   1.0021310806E+00
    2595   1.0011925497E+00
    2596   1.0004480859E+00
    2597   9.9990355127E-01
    2598   9.9955770450E-01
    2599   9.9940860863E-01
    2600   9.9945282311E-01
    2601   9.9967944995E-01
    2602   1.0000656874E+00
    2603   1.0005782776E+00
    2604   1.0011788163E+00
    2605   1.0018268420E+00
    2606   1.0024771676E+00
    2607   1.0030748407E+00
    2608   1.0035553538E+00
    2609   1.0038544770E+00
    2610   1.0039238681E+00
    2611   1.0037428499E+00
    2612   1.0033189489E+00
    2613   1.0026783405E+00
    2614   1.0018544192E+00
    2615   1.0008821168E+00
    2616   9.9979870036E-01
    2617   9.9864560691E-01
    2618   9.9746605352E-01
    2619   9.9629896287E-01
    2620   9.9517468093E-01
    2621   9.9411689273E-01
    2622   9.9314920067E-01
    2623   9.9229998280E-01
    2624   9.9160017120E-01
    2625   9.9107477436E-01
    2626   9.9073441748E-01
    2627   9.9057293030E-01
    2628   9.9057149042E-01
    2629   9.9070431106E-01
    2630   9.9094046074E-01
    2631   9.9124146536E-01
    2632   9.9155992201E-01
    2633   9.9184492497E-01
    2634   9.9205461466E-01
    2635   9.9216945754E-01
    2636   9.9219796544E-01
    2637   9.9217145820E-01
    2638   9.9213191873E-01
    2639   9.9212056391E-01
    2640   9.9217182593E-01
    2641   9.9230546267E-01
    2642   9.9254877014E-01
    2643   9.9290694247E-01
    2644   9.9334658998E-01
    2645   9.9384683643E-01
    2646   9.9437506917E-01
    2647   9.9490710517E-01
    2648   9.9543360751E-01
    2649   9.9595726995E-01
    2650   9.9648438683E-01
    2651   9.9701856135E-01
    2652   9.9756154676E-01
    2653   9.9811916502E-01
    2654   9.9870523864E-01
    2655   9.9933796174E-01
    2656   1.0000295939E+00
    2657   1.0007758195E+00
    2658   1.0015507109E+00
    2659   1.0023081551E+00
    2660   1.0029860628E+00
    2661   1.0035100461E+00
    2662   1.0037976511E+00
    2663   1.0037674911E+00
    2664   1.0033552741E+00
    2665   1.0025323559E+00
    2666   1.0013179433E+00
    2667   9.9977831698E-01
    2668   9.9801417249E-01
    2669   9.9614390551E-01
    2670   9.9429066159E-01
    2671   9.9257509085E-01
    2672   9.9110979413E-01
    2673   9.8999075523E-01
    2674   9.8928548680E-01
    2675   9.8902253147E-01
    2676   9.8918756843E-01
    2677   9.8972751362E-01
    2678   9.9055930400E-01
    2679   9.9157871628E-01
    2680   9.9266743114E-01
    2681   9.9370075425E-01
    2682   9.9455941124E-01
    2683   9.9514540216E-01
    2684   9.9539693145E-01
    2685   9.9529585014E-01
    2686   9.9486471817E-01
    2687   9.9415670940E-01
    2688   9.9324458409E-01
    2689   9.9221265104E-01
    2690   9.9115064682E-01
    2691   9.9014585479E-01
    2692   9.8927182224E-01
    2693   9.8857668380E-01
    2694   9.8807382544E-01
    2695   9.8772827237E-01
    2696   9.8757358999E-01
    2697   9.8750419173E-01
    2698   9.8747451172E-01
    2699   9.8744598762E-01
    2700   9.8738157651E-01
    2701   9.8725942386E-01
    2702   9.8707775853E-01
    2703   9.8685426983E-01
    2704   9.8661788256E-01
    2705   9.8639599872E-01
    2706   9.8620391472E-01
    2707   9.8604200923E-01
    2708   9.8590102269E-01
    2709   9.8577053904E-01
    2710   9.8564461461E-01
    2711   9.8552200782E-01
    2712   9.8540304725E-01
    2713   9.8527347502E-01
    2714   9.8513176161E-01
    2715   9.8505281158E-01
    2716   9.8493720818E-01
    2717   9.8481243311E-01
    2718   9.8467421504E-01
    2719   9.8451550562E-01
    2720   9.8433498272E-01
    2721   9.8414241322E-01
    2722   9.8395879721E-01
    2723   9.8380989264E-01
    2724   9.8371650570E-01
    2725   9.8368734338E-01
    2726   9.8371838675E-01
    2727   9.8379826431E-01
    2728   9.8391560267E-01
    2729   9.8404907153E-01
    2730   9.8420216373E-01
    2731   9.8446818107E-01
    2732   9.8475117741E-01
    2733   9.8510996671E-01
    2734   9.8557126896E-01
    2735   9.8615302277E-01
    2736   9.8685762234E-01
    2737   9.8766504934E-01
    2738   9.8853282326E-01
    2739   9.8940306441E-01
    2740   9.9021308867E-01
    2741   9.9090488913E-01
    2742   9.9143120611E-01
    2743   9.9175918282E-01
    2744   9.9187373499E-01
    2745   9.9178075631E-01
    2746   9.9150753284E-01
    2747   9.9109751426E-01
    2748   9.9059971701E-01
    2749   9.9005697526E-01
    2750   9.8949852561E-01
    2751   9.8893861869E-01
    2752   9.8836136894E-01
    2753   9.8782920800E-01
    2754   9.8731024724E-01
    2755   9.8680382457E-01
    2756   9.8633084302E-01
    2757   9.8590805302E-01
    2758   9.8555810078E-01
    2759   9.8530613260E-01
    2760   9.8517195832E-01
    2761   9.8516092523E-01
    2762   9.8525872818E-01
    2763   9.8543368440E-01
    2764   9.8564554632E-01
    2765   9.8585614076E-01
    2766   9.8603672091E-01
    2767   9.8616992459E-01
    2768   9.8624788431E-01
    2769   9.8626842663E-01
    2770   9.8620589687E-01
    2771   9.8614380997E-01
    2772   9.8604055042E-01
    2773   9.8588772634E-01
    2774   9.8570489600E-01
    2775   9.8549989461E-01
    2776   9.8528966036E-01
    2777   9.8510281645E-01
    2778   9.8497538864E-01
    2779   9.8494009562E-01
    2780   9.8501403011E-01
    2781   9.8519083043E-01
    2782   9.8544070869E-01
    2783   9.8571731817E-01
    2784   9.8596771763E-01
    2785   9.8614217869E-01
    2786   9.8620278575E-01
    2787   9.8611909728E-01
    2788   9.8589578563E-01
    2789   9.8563665187E-01
    2790   9.8530841835E-01
    2791   9.8499878634E-01
    2792   9.8476199852E-01
    2793   9.8463017802E-01
    2794   9.8461172661E-01
    2795   9.8469406195E-01
    2796   9.8484967230E-01
    2797   9.8504254308E-01
    2798   9.8523455868E-01
    2799   9.8539307461E-01
    2800   9.8549962593E-01
    2801   9.8555672708E-01
    2802   9.8558822064E-01
    2803   9.8563083297E-01
    2804   9.8570952855E-01
    2805   9.8583622328E-01
    2806   9.8608122261E-01
    2807   9.8632042039E-01
    2808   9.8653273289E-01
    2809   9.8666806274E-01
    2810   9.8667910268E-01
    2811   9.8653585657E-01
    2812   9.8623491663E-01
    2813   9.8580471834E-01
    2814   9.8530370979E-01
    2815   9.8481025094E-01
    2816   9.8440690984E-01
    2817   9.8416472113E-01
    2818   9.8413259491E-01
    2819   9.8433351397E-01
    2820   9.8476525603E-01
    2821   9.8540111613E-01
    2822   9.8616725788E-01
    2823   9.8706861666E-01
    2824   9.8796176789E-01
    2825   9.8874124889E-01
    2826   9.8932994173E-01
    2827   9.8964949944E-01
    2828   9.8964533267E-01
    2829   9.8929363914E-01
    2830   9.8860640769E-01
    2831   9.8763351001E-01
    2832   9.8645954507E-01
    2833   9.8519370715E-01
    2834   9.8395387516E-01
    2835   9.8284918283E-01
    2836   9.8196598180E-01
    2837   9.8135978321E-01
    2838   9.8105243350E-01
    2839   9.8102425209E-01
    2840   9.8119154653E-01
    2841   9.8164309645E-01
    2842   9.8213805020E-01
    2843   9.8260928571E-01
    2844   9.8299733193E-01
    2845   9.8325811423E-01
    2846   9.8338474910E-01
    2847   9.8340500804E-01
    2848   9.8337148225E-01
    2849   9.8334783954E-01
    2850   9.8339388680E-01
    2851   9.8355119363E-01
    2852   9.8383135349E-01
    2853   9.8421007896E-01
    2854   9.8462707517E-01
    2855   9.8497534826E-01
    2856   9.8527565835E-01
    2857   9.8538239990E-01
    2858   9.8527023589E-01
    2859   9.8494974059E-01
    2860   9.8444316700E-01
    2861   9.8378881952E-01
    2862   9.8303372230E-01
    2863   9.8222767475E-01
    2864   9.8141799576E-01
    2865   9.8064500965E-01
    2866   9.7993962711E-01
    2867   9.7932429350E-01
    2868   9.7881677353E-01
    2869   9.7837450958E-01
    2870   9.7813209153E-01
    2871   9.7811847712E-01
    2872   9.7821942491E-01
    2873   9.7850279991E-01
    2874   9.7896881960E-01
    2875   9.7961043133E-01
    2876   9.8041151198E-01
    2877   9.8134301291E-01
    2878   9.8235910668E-01
    2879   9.8339663994E-01
    2880   9.8437992940E-01
    2881   9.8523009466E-01
    2882   9.8587030507E-01
    2883   9.8622843903E-01
    2884   9.8635634698E-01
    2885   9.8617307168E-01
    2886   9.8573251810E-01
    2887   9.8510874194E-01
    2888   9.8439619740E-01
    2889   9.8370419778E-01
    2890   9.8314260720E-01
    2891   9.8280947421E-01
    2892   9.8278345917E-01
    2893   9.8312062264E-01
    2894   9.8385272628E-01
    2895   9.8498445163E-01
    2896   9.8648930655E-01
    2897   9.8830633346E-01
    2898   9.9034021128E-01
    2899   9.9246585298E-01
    2900   9.9453678137E-01
    2901   9.9639625053E-01
    2902   9.9789119423E-01
    2903   9.9888965522E-01
    2904   9.9930066649E-01
    2905   9.9909213297E-01
    2906   9.9829931635E-01
    2907   9.9702476324E-01
    2908   9.9542044288E-01
    2909   9.9366577640E-01
    2910   9.9194425592E-01
    2911   9.9042253865E-01
    2912   9.8923470442E-01
    2913   9.8847104385E-01
    2914   9.8817212641E-01
    2915   9.8832936033E-01
    2916   9.8889212304E-01
    2917   9.8977905447E-01
    2918   9.9088938197E-01
    2919   9.9211107270E-01
    2920   9.9332592723E-01
    2921   9.9441481156E-01
    2922   9.9526638463E-01
    2923   9.9578952391E-01
    2924   9.9592579055E-01
    2925   9.9565710194E-01
    2926   9.9500628469E-01
    2927   9.9403191008E-01
    2928   9.9282049701E-01
    2929   9.9147784094E-01
    2930   9.9011903857E-01
    2931   9.8885654237E-01
    2932   9.8778780403E-01
    2933   9.8698637123E-01
    2934   9.8650001937E-01
    2935   9.8634727324E-01
    2936   9.8654108607E-01
    2937   9.8716471474E-01
    2938   9.8814301433E-01
    2939   9.8950770212E-01
    2940   9.9125814915E-01
    2941   9.9337392112E-01
    2942   9.9581285210E-01
    2943   9.9850704393E-01
    2944   1.0013612371E+00
    2945   1.0042563893E+00
    2946   1.0070609714E+00
    2947   1.0096491158E+00
    2948   1.0119201569E+00
    2949   1.0138119826E+00
    2950   1.0153341307E+00
    2951   1.0164463490E+00
    2952   1.0171528723E+00
    2953   1.0175677784E+00
    2954   1.0176930220E+00
    2955   1.0175524498E+00
    2956   1.0171592468E+00
    2957   1.0165191761E+00
    2958   1.0156389538E+00
    2959   1.0145369487E+00
    2960   1.0132506522E+00
    2961   1.0118360790E+00
    2962   1.0103589134E+00
    2963   1.0088824105E+00
    2964   1.0074584833E+00
    2965   1.0061250596E+00
    2966   1.0049077880E+00
    2967   1.0038218983E+00
    2968   1.0028720457E+00
    2969   1.0020518158E+00
    2970   1.0013461606E+00
    2971   1.0007378520E+00
    2972   1.0002151764E+00
    2973   9.9977633050E-01
    2974   9.9942804792E-01
    2975   9.9918005636E-01
    2976   9.9903938471E-01
    2977   9.9900749274E-01
    2978   9.9908011301E-01
    2979   9.9924769284E-01
    2980   9.9949507751E-01
    2981   9.9980133279E-01
    2982   1.0001415693E+00
    2983   1.0004910868E+00
    2984   1.0008296400E+00
    2985   1.0011429481E+00
    2986   1.0014208126E+00
    2987   1.0016544701E+00
    2988   1.0018367637E+00
    2989   1.0019660846E+00
    2990   1.0020509537E+00
    2991   1.0021103281E+00
    2992   1.0021671436E+00
    2993   1.0022374513E+00
    2994   1.0023207892E+00
    2995   1.0023966493E+00
    2996   1.0024280984E+00
    2997   1.0023701266E+00
    2998   1.0021796743E+00
    2999   1.0018254786E+00
    3000   1.0012965223E+00
    3001   1.0006145044E+00
    3002   9.9983143038E-01
    3003   9.9902741486E-01
    3004   9.9829610269E-01
    3005   9.9772881446E-01
    3006   9.9739603639E-01
    3007   9.9733595124E-01
    3008   9.9755589583E-01
    3009   9.9803334953E-01
    3010   9.9872057550E-01
    3011   9.9954957567E-01
    3012   1.0004390597E+00
    3013   1.0013045166E+00
    3014   1.0020699662E+00
    3015   1.0026777956E+00
    3016   1.0030936530E+00
    3017   1.0033071097E+00
    3018   1.0033271877E+00
    3019   1.0031783128E+00
    3020   1.0029091529E+00
    3021   1.0025718623E+00
    3022   1.0022209064E+00
    3023   1.0019001860E+00
    3024   1.0016341858E+00
    3025   1.0014259574E+00
    3026   1.0012621929E+00
    3027   1.0011221143E+00
    3028   1.0009861308E+00
    3029   1.0008423194E+00
    3030   1.0006912549E+00
    3031   1.0005499648E+00
    3032   1.0004538979E+00
    3033   1.0004542099E+00
    3034   1.0006086705E+00
    3035   1.0009678297E+00
    3036   1.0015611050E+00
    3037   1.0023876419E+00
    3038   1.0034141417E+00
    3039   1.0045787167E+00
    3040   1.0057986494E+00
    3041   1.0069808974E+00
    3042   1.0080352008E+00
    3043   1.0088885946E+00
    3044   1.0094974115E+00
    3045   1.0098513948E+00
    3046   1.0099669071E+00
    3047   1.0098717579E+00
    3048   1.0095890268E+00
    3049   1.0091276671E+00
    3050   1.0084833131E+00
    3051   1.0076469976E+00
    3052   1.0066163679E+00
    3053   1.0054047717E+00
    3054   1.0040462625E+00
    3055   1.0025963242E+00
    3056   1.0011281056E+00
    3057   9.9972375194E-01
    3058   9.9846176090E-01
    3059   9.9740383234E-01
    3060   9.9658614649E-01
    3061   9.9601852444E-01
    3062   9.9569098141E-01
    3063   9.9558345446E-01
    3064   9.9567355677E-01
    3065   9.9593947042E-01
    3066   9.9635852911E-01
    3067   9.9690411372E-01
    3068   9.9754314589E-01
    3069   9.9823495300E-01
    3070   9.9893151876E-01
    3071   9.9957977683E-01
    3072   1.0001273664E+00
    3073   1.0005323856E+00
    3074   1.0007748901E+00
    3075   1.0008652111E+00
    3076   1.0008442016E+00
    3077   1.0007739570E+00
    3078   1.0007222585E+00
    3079   1.0007467071E+00
    3080   1.0008835641E+00
    3081   1.0011429399E+00
    3082   1.0015090255E+00
    3083   1.0019434359E+00
    3084   1.0023909682E+00
    3085   1.0027880980E+00
    3086   1.0030738215E+00
    3087   1.0032005630E+00
    3088   1.0031418613E+00
    3089   1.0028948500E+00
    3090   1.0024783693E+00
    3091   1.0019294737E+00
    3092   1.0013004742E+00
    3093   1.0006561902E+00
    3094   1.0000692963E+00
    3095   9.9961235126E-01
    3096   9.9934765488E-01
    3097   9.9931810559E-01
    3098   9.9954187499E-01
    3099   1.0000113968E+00
    3100   1.0006950615E+00
    3101   1.0015399089E+00
    3102   1.0024752498E+00
    3103   1.0034185399E+00
    3104   1.0042842838E+00
    3105   1.0049945564E+00
    3106   1.0054879674E+00
    3107   1.0057244458E+00
    3108   1.0056858031E+00
    3109   1.0053744144E+00
    3110   1.0048124742E+00
    3111   1.0040421879E+00
    3112   1.0031250330E+00
    3113   1.0021379152E+00
    3114   1.0011658082E+00
    3115   1.0002925358E+00
    3116   9.9959202232E-01
    3117   9.9912134428E-01
    3118   9.9891557794E-01
    3119   9.9898411753E-01
    3120   9.9930894869E-01
    3121   9.9984613801E-01
    3122   1.0005314168E+00
    3123   1.0012891097E+00
    3124   1.0020419917E+00
    3125   1.0027193473E+00
    3126   1.0032619211E+00
    3127   1.0036244503E+00
    3128   1.0037774829E+00
    3129   1.0037094860E+00
    3130   1.0034286444E+00
    3131   1.0029628239E+00
    3132   1.0023567910E+00
    3133   1.0016672591E+00
    3134   1.0009572659E+00
    3135   1.0002909491E+00
    3136   9.9972855645E-01
    3137   9.9932089090E-01
    3138   9.9910314962E-01
    3139   9.9908961419E-01
    3140   9.9927148529E-01
    3141   9.9961937241E-01
    3142   1.0000899609E+00
    3143   1.0006345956E+00
    3144   1.0012071577E+00
    3145   1.0017696399E+00
    3146   1.0022951971E+00
    3147   1.0027690928E+00
    3148   1.0031877515E+00
    3149   1.0035569626E+00
    3150   1.0038848521E+00
    3151   1.0041737938E+00
    3152   1.0044324688E+00
    3153   1.0046559590E+00
    3154   1.0048365106E+00
    3155   1.0049636189E+00
    3156   1.0050252126E+00
    3157   1.0050084879E+00
    3158   1.0049012912E+00
    3159   1.0046948672E+00
    3160   1.0043875408E+00
    3161   1.0039877087E+00
    3162   1.0035144781E+00
    3163   1.0029954967E+00
    3164   1.0024629901E+00
    3165   1.0019496855E+00
    3166   1.0014857455E+00
    3167   1.0010967040E+00
    3168   1.0008016629E+00
    3169   1.0006111778E+00
    3170   1.0005249985E+00
    3171   1.0005304508E+00
    3172   1.0006022745E+00
    3173   1.0007042816E+00
    3174   1.0007927796E+00
    3175   1.0008216141E+00
    3176   1.0007486810E+00
    3177   1.0005434113E+00
    3178   1.0001938940E+00
    3179   9.9971147563E-01
    3180   9.9913073784E-01
    3181   9.9850414005E-01
    3182   9.9789274424E-01
    3183   9.9735613034E-01
    3184   9.9694480655E-01
    3185   9.9669703727E-01
    3186   9.9663992420E-01
    3187   9.9679295063E-01
    3188   9.9717162490E-01
    3189   9.9778925158E-01
    3190   9.9865571375E-01
    3191   9.9977308044E-01
    3192   1.0011288342E+00
    3193   1.0026886140E+00
    3194   1.0043912792E+00
    3195   1.0061491975E+00
    3196   1.0078554436E+00
    3197   1.0093971682E+00
    3198   1.0106718163E+00
    3199   1.0116015495E+00
    3200   1.0121419756E+00
    3201   1.0122837118E+00
    3202   1.0120480847E+00
    3203   1.0114799290E+00
    3204   1.0106404266E+00
    3205   1.0096017059E+00
    3206   1.0084434045E+00
    3207   1.0072503109E+00
    3208   1.0061097502E+00
    3209   1.0051074138E+00
    3210   1.0043207979E+00
    3211   1.0038103883E+00
    3212   1.0036101036E+00
    3213   1.0037197671E+00
    3214   1.0041027307E+00
    3215   1.0046906309E+00
    3216   1.0053948416E+00
    3217   1.0061216229E+00
    3218   1.0067866267E+00
    3219   1.0073282577E+00
    3220   1.0077066012E+00
    3221   1.0078791943E+00
    3222   1.0078696582E+00
    3223   1.0076778387E+00
    3224   1.0073132346E+00
    3225   1.0067853612E+00
    3226   1.0061029821E+00
    3227   1.0052786438E+00
    3228   1.0043358549E+00
    3229   1.0033150993E+00
    3230   1.0022747251E+00
    3231   1.0012849435E+00
    3232   1.0004165785E+00
    3233   9.9972868119E-01
    3234   9.9925922687E-01
    3235   9.9902111869E-01
    3236   9.9900324017E-01
    3237   9.9917483149E-01
    3238   9.9949144435E-01
    3239   9.9990143320E-01
    3240   1.0003523878E+00
    3241   1.0007968298E+00
    3242   1.0011964011E+00
    3243   1.0015241973E+00
    3244   1.0017657787E+00
    3245   1.0019199389E+00
    3246   1.0019998193E+00
    3247   1.0020336341E+00
    3248   1.0020632209E+00
    3249   1.0021388867E+00
    3250   1.0023106320E+00
    3251   1.0026177518E+00
    3252   1.0030796423E+00
    3253   1.0036899381E+00
    3254   1.0044146297E+00
    3255   1.0051937990E+00
    3256   1.0059466742E+00
    3257   1.0065802993E+00
    3258   1.0070019953E+00
    3259   1.0071343730E+00
    3260   1.0069297100E+00
    3261   1.0063796147E+00
    3262   1.0055170897E+00
    3263   1.0044107861E+00
    3264   1.0031536311E+00
    3265   1.0018487881E+00
    3266   1.0005952741E+00
    3267   9.9947480513E-01
    3268   9.9854149556E-01
    3269   9.9781651158E-01
    3270   9.9728943610E-01
    3271   9.9692626151E-01
    3272   9.9668138005E-01
    3273   9.9650939693E-01
    3274   9.9637322435E-01
    3275   9.9624732631E-01
    3276   9.9611739972E-01
    3277   9.9597857674E-01
    3278   9.9583332457E-01
    3279   9.9568896393E-01
    3280   9.9555451111E-01
    3281   9.9543750029E-01
    3282   9.9534233647E-01
    3283   9.9527129876E-01
    3284   9.9522761034E-01
    3285   9.9521841689E-01
    3286   9.9525549088E-01
    3287   9.9535315367E-01
    3288   9.9552491656E-01
    3289   9.9578100297E-01
    3290   9.9612778213E-01
    3291   9.9656835015E-01
    3292   9.9710265614E-01
    3293   9.9772636005E-01
    3294   9.9842917398E-01
    3295   9.9919420954E-01
    3296   9.9999908745E-01
    3297   1.0008180106E+00
    3298   1.0016231635E+00
    3299   1.0023845173E+00
    3300   1.0030687741E+00
    3301   1.0036392243E+00
    3302   1.0040577902E+00
    3303   1.0042890130E+00
    3304   1.0043046588E+00
    3305   1.0040878333E+00
    3306   1.0036365048E+00
    3307   1.0029667246E+00
    3308   1.0021149460E+00
    3309   1.0011375485E+00
    3310   1.0001056053E+00
    3311   9.9909479101E-01
    3312   9.9817304116E-01
    3313   9.9739008828E-01
    3314   9.9677210739E-01
    3315   9.9632212706E-01
    3316   9.9602452235E-01
    3317   9.9585126215E-01
    3318   9.9576852713E-01
    3319   9.9574339741E-01
    3320   9.9575026759E-01
    3321   9.9577559451E-01
    3322   9.9581892200E-01
    3323   9.9588905989E-01
    3324   9.9599663454E-01
    3325   9.9614630356E-01
    3326   9.9633208603E-01
    3327   9.9653733538E-01
    3328   9.9673837991E-01
    3329   9.9690957397E-01
    3330   9.9702808424E-01
    3331   9.9707814060E-01
    3332   9.9705510607E-01
    3333   9.9696894478E-01
    3334   9.9684544626E-01
    3335   9.9672340556E-01
    3336   9.9664745190E-01
    3337   9.9665700878E-01
    3338   9.9678476085E-01
    3339   9.9703879788E-01
    3340   9.9740846859E-01
    3341   9.9786799461E-01
    3342   9.9837711549E-01
    3343   9.9888829635E-01
    3344   9.9935454300E-01
    3345   9.9973774690E-01
    3346   1.0000152302E+00
    3347   1.0001820881E+00
    3348   1.0002486722E+00
    3349   1.0002351865E+00
    3350   1.0001668601E+00
    3351   1.0000722535E+00
    3352   9.9998454936E-01
    3353   9.9994325154E-01
    3354   9.9999331483E-01
    3355   1.0001804360E+00
    3356   1.0005434755E+00
    3357   1.0011061239E+00
    3358   1.0018696131E+00
    3359   1.0028075133E+00
    3360   1.0038637098E+00
    3361   1.0049597687E+00
    3362   1.0059816579E+00
    3363   1.0068257297E+00
    3364   1.0074038073E+00
    3365   1.0076554275E+00
    3366   1.0075658364E+00
    3367   1.0071655327E+00
    3368   1.0065228652E+00
    3369   1.0057312762E+00
    3370   1.0048948782E+00
    3371   1.0041147989E+00
    3372   1.0034774069E+00
    3373   1.0030450879E+00
    3374   1.0028503677E+00
    3375   1.0028940598E+00
    3376   1.0031473608E+00
    3377   1.0035568948E+00
    3378   1.0040513882E+00
    3379   1.0045492089E+00
    3380   1.0049668038E+00
    3381   1.0052281607E+00
    3382   1.0052744752E+00
    3383   1.0050719454E+00
    3384   1.0046153135E+00
    3385   1.0039260502E+00
    3386   1.0030462541E+00
    3387   1.0020308969E+00
    3388   1.0009409412E+00
    3389   9.9983838071E-01
    3390   9.9878273453E-01
    3391   9.9782810490E-01
    3392   9.9702061421E-01
    3393   9.9639685908E-01
    3394   9.9598398944E-01
    3395   9.9580109096E-01
    3396   9.9586057667E-01
    3397   9.9616823115E-01
    3398   9.9672153323E-01
    3399   9.9750711274E-01
    3400   9.9849870131E-01
    3401   9.9965642237E-01
    3402   1.0009273696E+00
    3403   1.0022470918E+00
    3404   1.0035421582E+00
    3405   1.0047347408E+00
    3406   1.0057500685E+00
    3407   1.0065262815E+00
    3408   1.0070244380E+00
    3409   1.0072355972E+00
    3410   1.0071827893E+00
    3411   1.0069176572E+00
    3412   1.0065131870E+00
    3413   1.0060542288E+00
    3414   1.0056267834E+00
    3415   1.0053064709E+00
    3416   1.0051470960E+00
    3417   1.0051713791E+00
    3418   1.0053665741E+00
    3419   1.0056868482E+00
    3420   1.0060621886E+00
    3421   1.0064114481E+00
    3422   1.0066562102E+00
    3423   1.0067327348E+00
    3424   1.0066005310E+00
    3425   1.0062470172E+00
    3426   1.0056879310E+00
    3427   1.0049632661E+00
    3428   1.0041292990E+00
    3429   1.0032487236E+00
    3430   1.0023816760E+00
    3431   1.0015780452E+00
    3432   1.0008821120E+00
    3433   1.0003256496E+00
    3434   9.9993431796E-01
    3435   9.9972826128E-01
    3436   9.9972187288E-01
    3437   9.9992345717E-01
    3438   1.0003347995E+00
    3439   1.0009503111E+00
    3440   1.0017553238E+00
    3441   1.0027238974E+00
    3442   1.0038175201E+00
    3443   1.0049862584E+00
    3444   1.0061728110E+00
    3445   1.0073182752E+00
    3446   1.0083675727E+00
    3447   1.0092730952E+00
    3448   1.0099966560E+00
    3449   1.0105108533E+00
    3450   1.0108005805E+00
    3451   1.0108641482E+00
    3452   1.0107126912E+00
    3453   1.0103671460E+00
    3454   1.0098536339E+00
    3455   1.0091991479E+00
    3456   1.0084290570E+00
    3457   1.0075664982E+00
    3458   1.0066326367E+00
    3459   1.0056469604E+00
    3460   1.0046278704E+00
    3461   1.0035944863E+00
    3462   1.0025699114E+00
    3463   1.0015846600E+00
    3464   1.0006780039E+00
    3465   9.9989566804E-01
    3466   9.9928420448E-01
    3467   9.9888400633E-01
    3468   9.9872307846E-01
    3469   9.9881249815E-01
    3470   9.9914330484E-01
    3471   9.9968451909E-01
    3472   1.0003830509E+00
    3473   1.0011671857E+00
    3474   1.0019548589E+00
    3475   1.0026659517E+00
    3476   1.0032356521E+00
    3477   1.0036251117E+00
    3478   1.0038267032E+00
    3479   1.0038632469E+00
    3480   1.0037821525E+00
    3481   1.0036458598E+00
    3482   1.0035198928E+00
    3483   1.0034602001E+00
    3484   1.0035023455E+00
    3485   1.0036555651E+00
    3486   1.0039036452E+00
    3487   1.0042120370E+00
    3488   1.0045380250E+00
    3489   1.0048398474E+00
    3490   1.0050820320E+00
    3491   1.0052368398E+00
    3492   1.0052836844E+00
    3493   1.0052097483E+00
    3494   1.0050081208E+00
    3495   1.0046695337E+00
    3496   1.0042136512E+00
    3497   1.0036524758E+00
    3498   1.0030095609E+00
    3499   1.0023179309E+00
    3500   1.0016189524E+00
    3501   1.0009589095E+00
    3502   1.0003827186E+00
    3503   9.9992666497E-01
    3504   9.9961305044E-01
    3505   9.9944872476E-01
    3506   9.9942726056E-01
    3507   9.9953271048E-01
    3508   9.9974273504E-01
    3509   1.0000302828E+00
    3510   1.0003645720E+00
    3511   1.0007125534E+00
    3512   1.0010412028E+00
    3513   1.0013199841E+00
    3514   1.0015227137E+00
    3515   1.0016288873E+00
    3516   1.0016252615E+00
    3517   1.0015081259E+00
    3518   1.0012854285E+00
    3519   1.0009769856E+00
    3520   1.0006115469E+00
    3521   1.0002212953E+00
    3522   9.9983604247E-01
    3523   9.9947950834E-01
    3524   9.9916854502E-01
    3525   9.9891429079E-01
    3526   9.9872350493E-01
    3527   9.9859915142E-01
    3528   9.9854068837E-01
    3529   9.9854507855E-01
    3530   9.9860874500E-01
    3531   9.9872938680E-01
    3532   9.9890607884E-01
    3533   9.9913701426E-01
    3534   9.9941591788E-01
    3535   9.9972920501E-01
    3536   1.0000555775E+00
    3537   1.0003683713E+00
    3538   1.0006397610E+00
    3539   1.0008456748E+00
    3540   1.0009707235E+00
    3541   1.0010126885E+00
    3542   1.0009856173E+00
    3543   1.0009198695E+00
    3544   1.0008576154E+00
    3545   1.0008438289E+00
    3546   1.0009149902E+00
    3547   1.0010890849E+00
    3548   1.0013600625E+00
    3549   1.0016980393E+00
    3550   1.0020545123E+00
    3551   1.0023708194E+00
    3552   1.0025881794E+00
    3553   1.0026580266E+00
    3554   1.0025512335E+00
    3555   1.0022642624E+00
    3556   1.0018202296E+00
    3557   1.0012640474E+00
    3558   1.0006529174E+00
    3559   1.0000452198E+00
    3560   9.9949108177E-01
    3561   9.9902654995E-01
    3562   9.9867142443E-01
    3563   9.9842970906E-01
    3564   9.9829173842E-01
    3565   9.9823772124E-01
    3566   9.9824269308E-01
    3567   9.9828229163E-01
    3568   9.9833794006E-01
    3569   9.9839989309E-01
    3570   9.9846756252E-01
    3571   9.9854795984E-01
    3572   9.9865382475E-01
    3573   9.9880241658E-01
    3574   9.9901454420E-01
    3575   9.9931242094E-01
    3576   9.9971525537E-01
    3577   1.0002329368E+00
    3578   1.0008596534E+00
    3579   1.0015697296E+00
    3580   1.0023172291E+00
    3581   1.0030396377E+00
    3582   1.0036650553E+00
    3583   1.0041219945E+00
    3584   1.0043506367E+00
    3585   1.0043137795E+00
    3586   1.0040049637E+00
    3587   1.0034512465E+00
    3588   1.0027093981E+00
    3589   1.0018565302E+00
    3590   1.0009780338E+00
    3591   1.0001560602E+00
    3592   9.9946060290E-01
    3593   9.9894355231E-01
    3594   9.9863512174E-01
    3595   9.9854216860E-01
    3596   9.9864858334E-01
    3597   9.9891817094E-01
    3598   9.9929993190E-01
    3599   9.9973481865E-01
    3600   1.0001626777E+00
    3601   1.0005285298E+00
    3602   1.0007881189E+00
    3603   1.0009129448E+00
    3604   1.0008944156E+00
    3605   1.0007458695E+00
    3606   1.0005009875E+00
    3607   1.0002080647E+00
    3608   9.9992121857E-01
    3609   9.9969079758E-01
    3610   9.9955524776E-01
    3611   9.9953573163E-01
    3612   9.9963376323E-01
    3613   9.9983173999E-01
    3614   1.0000964317E+00
    3615   1.0003855073E+00
    3616   1.0006564354E+00
    3617   1.0008758286E+00
    3618   1.0010264418E+00
    3619   1.0011094607E+00
    3620   1.0011414243E+00
    3621   1.0011471695E+00
    3622   1.0011513964E+00
    3623   1.0011713972E+00
    3624   1.0012125813E+00
    3625   1.0012674664E+00
    3626   1.0013181791E+00
    3627   1.0013420109E+00
    3628   1.0013188123E+00
    3629   1.0012380945E+00
    3630   1.0011032837E+00
    3631   1.0009313139E+00
    3632   1.0007475898E+00
    3633   1.0005783657E+00
    3634   1.0004435582E+00
    3635   1.0003524276E+00
    3636   1.0003029293E+00
    3637   1.0002839749E+00
    3638   1.0002791676E+00
    3639   1.0002708201E+00
    3640   1.0002435687E+00
    3641   1.0001871173E+00
    3642   1.0000975557E+00
    3643   9.9997677228E-01
    3644   9.9983006358E-01
    3645   9.9966293038E-01
    3646   9.9947855591E-01
    3647   9.9927709387E-01
    3648   9.9905682652E-01
    3649   9.9881623066E-01
    3650   9.9855572254E-01
    3651   9.9827841453E-01
    3652   9.9799002279E-01
    3653   9.9769842357E-01
    3654   9.9741311551E-01
    3655   9.9714442939E-01
    3656   9.9690229431E-01
    3657   9.9669481042E-01
    3658   9.9652733325E-01
    3659   9.9640267314E-01
    3660   9.9632231266E-01
    3661   9.9628776792E-01
    3662   9.9630104909E-01
    3663   9.9636379764E-01
    3664   9.9647561146E-01
    3665   9.9663255324E-01
    3666   9.9682655100E-01
    3667   9.9704567778E-01
    3668   9.9727483657E-01
    3669   9.9749656741E-01
    3670   9.9769226908E-01
    3671   9.9784439768E-01
    3672   9.9793976075E-01
    3673   9.9797312009E-01
    3674   9.9794969566E-01
    3675   9.9788540871E-01
    3676   9.9780469870E-01
    3677   9.9773675481E-01
    3678   9.9771133737E-01
    3679   9.9775434466E-01
    3680   9.9788747420E-01
    3681   9.9812083929E-01
    3682   9.9845344430E-01
    3683   9.9887498355E-01
    3684   9.9936629554E-01
    3685   9.9990426683E-01
    3686   1.0004665174E+00
    3687   1.0010344615E+00
    3688   1.0015935102E+00
    3689   1.0021306210E+00
    3690   1.0026319468E+00
    3691   1.0030744835E+00
    3692   1.0034316571E+00
    3693   1.0036736227E+00
    3694   1.0037677292E+00
    3695   1.0036875670E+00
    3696   1.0034191551E+00
    3697   1.0029666874E+00
    3698   1.0023549946E+00
    3699   1.0016272425E+00
    3700   1.0008380635E+00
    3701   1.0000441851E+00
    3702   9.9929554625E-01
    3703   9.9862933909E-01
    3704   9.9806779863E-01
    3705   9.9761900020E-01
    3706   9.9727929486E-01
    3707   9.9703637515E-01
    3708   9.9687262076E-01
    3709   9.9676861513E-01
    3710   9.9670641394E-01
    3711   9.9667179125E-01
    3712   9.9665412824E-01
    3713   9.9664737148E-01
    3714   9.9665101551E-01
    3715   9.9665762415E-01
    3716   9.9666795273E-01
    3717   9.9668359309E-01
    3718   9.9670887030E-01
    3719   9.9675087490E-01
    3720   9.9681923408E-01
    3721   9.9692629811E-01
    3722   9.9708777123E-01
    3723   9.9732298488E-01
    3724   9.9765364879E-01
    3725   9.9810041267E-01
    3726   9.9867760071E-01
    3727   9.9938735578E-01
    3728   1.0002146773E+00
    3729   1.0011245596E+00
    3730   1.0020620780E+00
    3731   1.0029560880E+00
    3732   1.0037269277E+00
    3733   1.0042977064E+00
    3734   1.0046073474E+00
    3735   1.0046221910E+00
    3736   1.0043426774E+00
    3737   1.0038029695E+00
    3738   1.0030638025E+00
    3739   1.0022010563E+00
    3740   1.0012934047E+00
    3741   1.0004117601E+00
    3742   9.9961190979E-01
    3743   9.9893069744E-01
    3744   9.9838565271E-01
    3745   9.9797775536E-01
    3746   9.9769656908E-01
    3747   9.9752630764E-01
    3748   9.9745102617E-01
    3749   9.9745756261E-01
    3750   9.9753597943E-01
    3751   9.9767835086E-01
    3752   9.9787708707E-01
    3753   9.9812348340E-01
    3754   9.9840645862E-01
    3755   9.9871126304E-01
    3756   9.9901846067E-01
    3757   9.9930411343E-01
    3758   9.9954204141E-01
    3759   9.9970808534E-01
    3760   9.9978507947E-01
    3761   9.9976669674E-01
    3762   9.9965887760E-01
    3763   9.9947873026E-01
    3764   9.9925170340E-01
    3765   9.9900794884E-01
    3766   9.9877835898E-01
    3767   9.9859045747E-01
    3768   9.9846452441E-01
    3769   9.9841075408E-01
    3770   9.9842828923E-01
    3771   9.9850638337E-01
    3772   9.9862708852E-01
    3773   9.9876842624E-01
    3774   9.9890730995E-01
    3775   9.9902218190E-01
    3776   9.9909571332E-01
    3777   9.9911760021E-01
    3778   9.9908678880E-01
    3779   9.9901211918E-01
    3780   9.9891084493E-01
    3781   9.9880546716E-01
    3782   9.9872003303E-01
    3783   9.9867693154E-01
    3784   9.9869445429E-01
    3785   9.9878472307E-01
    3786   9.9895163965E-01
    3787   9.9918918980E-01
    3788   9.9948104470E-01
    3789   9.9980229731E-01
    3790   1.0001233229E+00
    3791   1.0004147816E+00
    3792   1.0006523884E+00
    3793   1.0008204295E+00
    3794   1.0009136453E+00
    3795   1.0009374741E+00
    3796   1.0009066122E+00
    3797   1.0008418072E+00
    3798   1.0007652098E+00
    3799   1.0006953854E+00
    3800   1.0006436319E+00
    3801   1.0006129325E+00
    3802   1.0005997223E+00
    3803   1.0005973304E+00
    3804   1.0005993544E+00
    3805   1.0006016365E+00
    3806   1.0006025082E+00
    3807   1.0006018071E+00
    3808   1.0005993944E+00
    3809   1.0005936925E+00
    3810   1.0005805844E+00
    3811   1.0005530971E+00
    3812   1.0005023689E+00
    3813   1.0004200843E+00
    3814   1.0003017945E+00
    3815   1.0001498199E+00
    3816   9.9997438252E-01
    3817   9.9979240224E-01
    3818   9.9962450931E-01
    3819   9.9949148450E-01
    3820   9.9941116931E-01
    3821   9.9939620190E-01
    3822   9.9945242243E-01
    3823   9.9957785764E-01
    3824   9.9976260102E-01
    3825   9.9999006987E-01
    3826   1.0002396953E+00
    3827   1.0004903371E+00
    3828   1.0007232481E+00
    3829   1.0009236766E+00
    3830   1.0010810099E+00
    3831   1.0011881071E+00
    3832   1.0012406331E+00
    3833   1.0012368104E+00
    3834   1.0011775190E+00
    3835   1.0010665349E+00
    3836   1.0009108699E+00
    3837   1.0007213030E+00
    3838   1.0005129826E+00
    3839   1.0003055731E+00
    3840   1.0001222734E+00
    3841   9.9998742018E-01
    3842   9.9992311847E-01
    3843   9.9994586214E-01
    3844   1.0000640304E+00
    3845   1.0002765932E+00
    3846   1.0005728337E+00
    3847   1.0009328251E+00
    3848   1.0013287257E+00
    3849   1.0017272213E+00
    3850   1.0020932304E+00
    3851   1.0023943602E+00
    3852   1.0026050548E+00
    3853   1.0027094103E+00
    3854   1.0027022781E+00
    3855   1.0025890310E+00
    3856   1.0023846660E+00
    3857   1.0021126063E+00
    3858   1.0018030319E+00
    3859   1.0014903607E+00
    3860   1.0012097979E+00
    3861   1.0009933812E+00
    3862   1.0008661965E+00
    3863   1.0008432824E+00
    3864   1.0009274118E+00
    3865   1.0011078538E+00
    3866   1.0013604546E+00
    3867   1.0016500718E+00
    3868   1.0019333761E+00
    3869   1.0021662954E+00
    3870   1.0023127108E+00
    3871   1.0023478480E+00
    3872   1.0022638319E+00
    3873   1.0020700931E+00
    3874   1.0017912333E+00
    3875   1.0014627251E+00
    3876   1.0011253402E+00
    3877   1.0008192189E+00
    3878   1.0005785226E+00
    3879   1.0004275697E+00
    3880   1.0003790474E+00
    3881   1.0004343167E+00
    3882   1.0005852290E+00
    3883   1.0008166044E+00
    3884   1.0011087069E+00
    3885   1.0014394569E+00
    3886   1.0017863992E+00
    3887   1.0021283927E+00
    3888   1.0024467841E+00
    3889   1.0027257969E+00
    3890   1.0029521782E+00
    3891   1.0031145968E+00
    3892   1.0032035016E+00
    3893   1.0032118931E+00
    3894   1.0031368819E+00
    3895   1.0029814191E+00
    3896   1.0027554765E+00
    3897   1.0024762164E+00
    3898   1.0021670320E+00
    3899   1.0018555194E+00
    3900   1.0015704813E+00
    3901   1.0013381571E+00
    3902   1.0011781597E+00
    3903   1.0010999550E+00
    3904   1.0011008431E+00
    3905   1.0011661220E+00
    3906   1.0012715028E+00
    3907   1.0013872390E+00
    3908   1.0014830889E+00
    3909   1.0015332208E+00
    3910   1.0015203140E+00
    3911   1.0014382476E+00
    3912   1.0012929097E+00
    3913   1.0011009298E+00
    3914   1.0008866073E+00
    3915   1.0006778102E+00
    3916   1.0005018548E+00
    3917   1.0003821652E+00
    3918   1.0003359849E+00
    3919   1.0003729232E+00
    3920   1.0004939900E+00
    3921   1.0006910214E+00
    3922   1.0009467681E+00
    3923   1.0012360791E+00
    3924   1.0015284371E+00
    3925   1.0017917060E+00
    3926   1.0019965763E+00
    3927   1.0021209896E+00
    3928   1.0021537816E+00
    3929   1.0020968332E+00
    3930   1.0019651819E+00
    3931   1.0017848789E+00
    3932   1.0015889223E+00
    3933   1.0014121654E+00
    3934   1.0012864274E+00
    3935   1.0012368971E+00
    3936   1.0012803694E+00
    3937   1.0014251656E+00
    3938   1.0016720854E+00
    3939   1.0020155923E+00
    3940   1.0024445908E+00
    3941   1.0029424839E+00
    3942   1.0034865786E+00
    3943   1.0040473015E+00
    3944   1.0045880245E+00
    3945   1.0050664305E+00
    3946   1.0054380776E+00
    3947   1.0056620896E+00
    3948   1.0057079458E+00
    3949   1.0055616084E+00
    3950   1.0052291295E+00
    3951   1.0047365379E+00
    3952   1.0041259280E+00
    3953   1.0034487689E+00
    3954   1.0027581013E+00
    3955   1.0021013662E+00
    3956   1.0015152151E+00
    3957   1.0010230290E+00
    3958   1.0006351861E+00
    3959   1.0003515135E+00
    3960   1.0001649325E+00
    3961   1.0000651586E+00
    3962   1.0000415044E+00
    3963   1.0000842698E+00
    3964   1.0001847330E+00
    3965   1.0003341561E+00
    3966   1.0005224015E+00
    3967   1.0007367436E+00
    3968   1.0009613411E+00
    3969   1.0011776948E+00
    3970   1.0013662186E+00
    3971   1.0015087887E+00
    3972   1.0015918092E+00
    3973   1.0016090879E+00
    3974   1.0015637757E+00
    3975   1.0014688530E+00
    3976   1.0013460435E+00
    3977   1.0012234089E+00
    3978   1.0011320664E+00
    3979   1.0011024665E+00
    3980   1.0011605589E+00
    3981   1.0013241117E+00
    3982   1.0015994954E+00
    3983   1.0019793637E+00
    3984   1.0024417656E+00
    3985   1.0029512113E+00
    3986   1.0034620204E+00
    3987   1.0039239003E+00
    3988   1.0042891672E+00
    3989   1.0045204508E+00
    3990   1.0045972989E+00
    3991   1.0045200470E+00
    3992   1.0043097777E+00
    3993   1.0040044004E+00
    3994   1.0036516942E+00
    3995   1.0032927954E+00
    3996   1.0029717126E+00
    3997   1.0027105892E+00
    3998   1.0025154898E+00
    3999   1.0023775939E+00
    4000   1.0022770156E+00
    4001   1.0021888654E+00
    4002   1.0020894760E+00
    4003   1.0019614243E+00
    4004   1.0017964278E+00
    4005   1.0015958030E+00
    4006   1.0013687901E+00
    4007   1.0011295119E+00
    4008   1.0008935189E+00
    4009   1.0006747729E+00
    4010   1.0004836245E+00
    4011   1.0003259792E+00
    4012   1.0002035500E+00
    4013   1.0001149107E+00
    4014   1.0000569912E+00
    4015   1.0000266624E+00
    4016   1.0000221169E+00
    4017   1.0000438396E+00
    4018   1.0000950522E+00
    4019   1.0001815773E+00
    4020   1.0003110937E+00
    4021   1.0004917682E+00
    4022   1.0007302987E+00
    4023   1.0010295422E+00
    4024   1.0013860982E+00
    4025   1.0017884124E+00
    4026   1.0022160350E+00
    4027   1.0026405537E+00
    4028   1.0030283954E+00
    4029   1.0033452496E+00
    4030   1.0035614158E+00
    4031   1.0036570589E+00
    4032   1.0036262671E+00
    4033   1.0034789918E+00
    4034   1.0032403805E+00
    4035   1.0029475655E+00
    4036   1.0026445020E+00
    4037   1.0023757843E+00
    4038   1.0021804555E+00
    4039   1.0020866852E+00
    4040   1.0021079439E+00
    4041   1.0022410746E+00
    4042   1.0024664882E+00
    4043   1.0027505662E+00
    4044   1.0030501418E+00
    4045   1.0033186075E+00
    4046   1.0035128063E+00
    4047   1.0035995421E+00
    4048   1.0035604557E+00
    4049   1.0033942679E+00
    4050   1.0031159527E+00
    4051   1.0027531232E+00
    4052   1.0023405564E+00
    4053   1.0019141529E+00
    4054   1.0015056154E+00
    4055   1.0011387883E+00
    4056   1.0008280623E+00
    4057   1.0005787055E+00
    4058   1.0003885911E+00
    4059   1.0002506208E+00
    4060   1.0001551891E+00
    4061   1.0000922230E+00
    4062   1.0000525712E+00
    4063   1.0000287321E+00
    4064   1.0000150472E+00
    4065   1.0000075467E+00
    4066   1.0000036224E+00
    4067   1.0000016629E+00
    4068   1.0000007295E+00
    4069   1.0000003056E+00
    4070   1.0000001221E+00
    4071   1.0000000465E+00
    4072   1.0000000169E+00
    4073   1.0000000058E+00
    4074   1.0000000019E+00
    4075   1.0000000006E+00
    4076   1.0000000002E+00
    4077   1.0000000000E+00
    4078   1.0000000000E+00
    4079   1.0000000000E+00
    4080   1.0000000000E+00
    4081   1.0000000000E+00
    4082   1.0000000000E+00
    4083   1.0000000000E+00
    4084   1.0000000000E+00
    4085   1.0000000000E+00
    4086   1.0000000000E+00
    4087   1.0000000000E+00
    4088   1.0000000000E+00
    4089   1.0000000000E+00
    4090   1.0000000000E+00
    4091   1.0000000000E+00
    4092   1.0000000000E+00
    4093   1.0000000000E+00
    4094   1.0000000000E+00
    4095   1.0000000000E+00
    4096   1.0000000000E+00
    4097   1.0000000000E+00
    4098   1.0000000000E+00
    4099   1.0000000000E+00
    4100   1.0000000000E+00
    4101   1.0000000000E+00
    4102   1.0000000000E+00
    4103   1.0000000000E+00
    4104   1.0000000000E+00
    4105   1.0000000000E+00
    4106   1.0000000000E+00
    4107   1.0000000000E+00
    4108   1.0000000000E+00
    4109   1.0000000000E+00
    4110   1.0000000000E+00
    4111   1.0000000000E+00
    4112   1.0000000000E+00
    4113   1.0000000000E+00
    4114   1.0000000000E+00
    4115   1.0000000000E+00
    4116   1.0000000000E+00
    4117   1.0000000000E+00
    4118   1.0000000000E+00
    4119   1.0000000000E+00
    4120   1.0000000000E+00
    4121   1.0000000000E+00
    4122   1.0000000000E+00
    4123   1.0000000000E+00
    4124   1.0000000000E+00
    4125   1.0000000000E+00
    4126   1.0000000000E+00
    4127   1.0000000000E+00
    4128   1.0000000000E+00
    4129   1.0000000000E+00
    4130   1.0000000000E+00
    4131   1.0000000000E+00
    4132   1.0000000000E+00
    4133   1.0000000000E+00
    4134   1.0000000000E+00
    4135   1.0000000000E+00
    4136   1.0000000000E+00
    4137   1.0000000000E+00
    4138   1.0000000000E+00
    4139   1.0000000000E+00
    4140   1.0000000000E+00
    4141   1.0000000000E+00
    4142   1.0000000000E+00
    4143   1.0000000000E+00
    4144   1.0000000000E+00
    4145   1.0000000000E+00
    4146   1.0000000000E+00
    4147   1.0000000000E+00
    4148   1.0000000000E+00
    4149   1.0000000000E+00
    4150   1.0000000000E+00
    4151   1.0000000000E+00
    4152   1.0000000000E+00
    4153   1.0000000000E+00
    4154   1.0000000000E+00
    4155   1.0000000000E+00
    4156   1.0000000000E+00
    4157   1.0000000000E+00
    4158   1.0000000000E+00
    4159   1.0000000000E+00
    4160   1.0000000000E+00
    4161   1.0000000000E+00
    4162   1.0000000000E+00
    4163   1.0000000000E+00
    4164   1.0000000000E+00
    4165   1.0000000000E+00
    4166   1.0000000000E+00
    4167   1.0000000000E+00
    4168   1.0000000000E+00
    4169   1.0000000000E+00
    4170   1.0000000000E+00
    4171   1.0000000000E+00
    4172   1.0000000000E+00
    4173   1.0000000000E+00
    4174   1.0000000000E+00
    4175   1.0000000000E+00
    4176   1.0000000000E+00
    4177   1.0000000000E+00
    4178   1.0000000000E+00
    4179   1.0000000000E+00
    4180   1.0000000000E+00
    4181   1.0000000000E+00
    4182   1.0000000000E+00
    4183   1.0000000000E+00
    4184   1.0000000000E+00
    4185   1.0000000000E+00
    4186   1.0000000000E+00
    4187   1.0000000000E+00
    4188   1.0000000000E+00
    4189   1.0000000000E+00
    4190   1.0000000000E+00
    4191   1.0000000000E+00
    4192   1.0000000000E+00
    4193   1.0000000000E+00
    4194   1.0000000000E+00
    4195   1.0000000000E+00
    4196   1.0000000000E+00
    4197   1.0000000000E+00
    4198   1.0000000000E+00
    4199   1.0000000000E+00
    4200   1.0000000000E+00
    4201   1.0000000000E+00
    4202   1.0000000000E+00
    4203   1.0000000000E+00
    4204   1.0000000000E+00
    4205   1.0000000000E+00
    4206   1.0000000000E+00
    4207   1.0000000000E+00
    4208   1.0000000000E+00
    4209   1.0000000000E+00
    4210   1.0000000000E+00
    4211   1.0000000000E+00
    4212   1.0000000000E+00
    4213   1.0000000000E+00
    4214   1.0000000000E+00
    4215   1.0000000000E+00
    4216   1.0000000000E+00
    4217   1.0000000000E+00
    4218   1.0000000000E+00
    4219   1.0000000000E+00
    4220   1.0000000000E+00
    4221   1.0000000000E+00
    4222   1.0000000000E+00
    4223   1.0000000000E+00
    4224   1.0000000000E+00
    4225   1.0000000000E+00
    4226   1.0000000000E+00
    4227   1.0000000000E+00
    4228   1.0000000000E+00
    4229   1.0000000000E+00
    4230   1.0000000000E+00
    4231   1.0000000000E+00
    4232   1.0000000000E+00
    4233   1.0000000000E+00
    4234   1.0000000000E+00
    4235   1.0000000000E+00
    4236   1.0000000000E+00
    4237   1.0000000000E+00
    4238   1.0000000000E+00
    4239   1.0000000000E+00
    4240   1.0000000000E+00
    4241   1.0000000000E+00
    4242   1.0000000000E+00
    4243   1.0000000000E+00
    4244   1.0000000000E+00
    4245   1.0000000000E+00
    4246   1.0000000000E+00
    4247   1.0000000000E+00
    4248   1.0000000000E+00
    4249   1.0000000000E+00
    4250   1.0000000000E+00
    4251   1.0000000000E+00
    4252   1.0000000000E+00
    4253   1.0000000000E+00
    4254   1.0000000000E+00
    4255   1.0000000000E+00
    4256   1.0000000000E+00
    4257   1.0000000000E+00
    4258   1.0000000000E+00
    4259   1.0000000000E+00
    4260   1.0000000000E+00
    4261   1.0000000000E+00
    4262   1.0000000000E+00
    4263   1.0000000000E+00
    4264   1.0000000000E+00
    4265   1.0000000000E+00
    4266   1.0000000000E+00
    4267   1.0000000000E+00
    4268   1.0000000000E+00
    4269   1.0000000000E+00
    4270   1.0000000000E+00
    4271   1.0000000000E+00
    4272   1.0000000000E+00
    4273   1.0000000000E+00
    4274   1.0000000000E+00
    4275   1.0000000000E+00
    4276   1.0000000000E+00
    4277   1.0000000000E+00
    4278   1.0000000000E+00
    4279   1.0000000000E+00
    4280   1.0000000000E+00
    4281   1.0000000000E+00
    4282   1.0000000000E+00
    4283   1.0000000000E+00
    4284   1.0000000000E+00
    4285   1.0000000000E+00
    4286   1.0000000000E+00
    4287   1.0000000000E+00
    4288   1.0000000000E+00
    4289   1.0000000000E+00
    4290   1.0000000000E+00
    4291   1.0000000000E+00
    4292   1.0000000000E+00
    4293   1.0000000000E+00
    4294   1.0000000000E+00
    4295   1.0000000000E+00
    4296   1.0000000000E+00
    4297   1.0000000000E+00
    4298   1.0000000000E+00
    4299   1.0000000000E+00
    4300   1.0000000000E+00
    4301   1.0000000000E+00
    4302   1.0000000000E+00
    4303   1.0000000000E+00
    4304   1.0000000000E+00
    4305   1.0000000000E+00
    4306   1.0000000000E+00
    4307   1.0000000000E+00
    4308   1.0000000000E+00
    4309   1.0000000000E+00
    4310   1.0000000000E+00
    4311   1.0000000000E+00
    4312   1.0000000000E+00
    4313   1.0000000000E+00
    4314   1.0000000000E+00
    4315   1.0000000000E+00
    4316   1.0000000000E+00
    4317   1.0000000000E+00
    4318   1.0000000000E+00
    4319   1.0000000000E+00
    4320   1.0000000000E+00
    4321   1.0000000000E+00
    4322   1.0000000000E+00
    4323   1.0000000000E+00
    4324   1.0000000000E+00
    4325   1.0000000000E+00
    4326   1.0000000000E+00
    4327   1.0000000000E+00
    4328   1.0000000000E+00
    4329   1.0000000000E+00
    4330   1.0000000000E+00
    4331   1.0000000000E+00
    4332   1.0000000000E+00
    4333   1.0000000000E+00
    4334   1.0000000000E+00
    4335   1.0000000000E+00
    4336   1.0000000000E+00
    4337   1.0000000000E+00
    4338   1.0000000000E+00
    4339   1.0000000000E+00
    4340   1.0000000000E+00
    4341   1.0000000000E+00
    4342   1.0000000000E+00
    4343   1.0000000000E+00
    4344   1.0000000000E+00
    4345   1.0000000000E+00
    4346   1.0000000000E+00
    4347   1.0000000000E+00
    4348   1.0000000000E+00
    4349   1.0000000000E+00
    4350   1.0000000000E+00
    4351   1.0000000000E+00
    4352   1.0000000000E+00
    4353   1.0000000000E+00
    4354   1.0000000000E+00
    4355   1.0000000000E+00
    4356   1.0000000000E+00
    4357   1.0000000000E+00
    4358   1.0000000000E+00
    4359   1.0000000000E+00
    4360   1.0000000000E+00
    4361   1.0000000000E+00
    4362   1.0000000000E+00
    4363   1.0000000000E+00
    4364   1.0000000000E+00
    4365   1.0000000000E+00
    4366   1.0000000000E+00
    4367   1.0000000000E+00
    4368   1.0000000000E+00
    4369   1.0000000000E+00
    4370   1.0000000000E+00
    4371   1.0000000000E+00
    4372   1.0000000000E+00
    4373   1.0000000000E+00
    4374   1.0000000000E+00
    4375   1.0000000000E+00
    4376   1.0000000000E+00
    4377   1.0000000000E+00
    4378   1.0000000000E+00
    4379   1.0000000000E+00
    4380   1.0000000000E+00
    4381   1.0000000000E+00
    4382   1.0000000000E+00
    4383   1.0000000000E+00
    4384   1.0000000000E+00
    4385   1.0000000000E+00
    4386   1.0000000000E+00
    4387   1.0000000000E+00
    4388   1.0000000000E+00
    4389   1.0000000000E+00
    4390   1.0000000000E+00
    4391   1.0000000000E+00
    4392   1.0000000000E+00
    4393   1.0000000000E+00
    4394   1.0000000000E+00
    4395   1.0000000000E+00
    4396   1.0000000000E+00
    4397   1.0000000000E+00
    4398   1.0000000000E+00
    4399   1.0000000000E+00
    4400   1.0000000000E+00
    4401   1.0000000000E+00
    4402   1.0000000000E+00
    4403   1.0000000000E+00
    4404   1.0000000000E+00
    4405   1.0000000000E+00
    4406   1.0000000000E+00
    4407   1.0000000000E+00
    4408   1.0000000000E+00
    4409   1.0000000000E+00
    4410   1.0000000000E+00
    4411   1.0000000000E+00
    4412   1.0000000000E+00
    4413   1.0000000000E+00
    4414   1.0000000000E+00
    4415   1.0000000000E+00
    4416   1.0000000000E+00
    4417   1.0000000000E+00
    4418   1.0000000000E+00
    4419   1.0000000000E+00
    4420   1.0000000000E+00
    4421   1.0000000000E+00
    4422   1.0000000000E+00
    4423   1.0000000000E+00
    4424   1.0000000000E+00
    4425   1.0000000000E+00
    4426   1.0000000000E+00
    4427   1.0000000000E+00
    4428   1.0000000000E+00
    4429   1.0000000000E+00
    4430   1.0000000000E+00
    4431   1.0000000000E+00
    4432   1.0000000000E+00
    4433   1.0000000000E+00
    4434   1.0000000000E+00
    4435   1.0000000000E+00
    4436   1.0000000000E+00
    4437   1.0000000000E+00
    4438   1.0000000000E+00
    4439   1.0000000000E+00
    4440   1.0000000000E+00
    4441   1.0000000000E+00
    4442   1.0000000000E+00
    4443   1.0000000000E+00
    4444   1.0000000000E+00
    4445   1.0000000000E+00
    4446   1.0000000000E+00
    4447   1.0000000000E+00
    4448   1.0000000000E+00
    4449   1.0000000000E+00
    4450   1.0000000000E+00
    4451   1.0000000000E+00
    4452   1.0000000000E+00
    4453   1.0000000000E+00
    4454   1.0000000000E+00
    4455   1.0000000000E+00
    4456   1.0000000000E+00
    4457   1.0000000000E+00
    4458   1.0000000000E+00
    4459   1.0000000000E+00
    4460   1.0000000000E+00
    4461   1.0000000000E+00
    4462   1.0000000000E+00
    4463   1.0000000000E+00
    4464   1.0000000000E+00
    4465   1.0000000000E+00
    4466   1.0000000000E+00
    4467   1.0000000000E+00
    4468   1.0000000000E+00
    4469   1.0000000000E+00
    4470   1.0000000000E+00
    4471   1.0000000000E+00
    4472   1.0000000000E+00
    4473   1.0000000000E+00
    4474   1.0000000000E+00
    4475   1.0000000000E+00
    4476   1.0000000000E+00
    4477   1.0000000000E+00
    4478   1.0000000000E+00
    4479   1.0000000000E+00
    4480   1.0000000000E+00
    4481   1.0000000000E+00
    4482   1.0000000000E+00
    4483   1.0000000000E+00
    4484   1.0000000000E+00
    4485   1.0000000000E+00
    4486   1.0000000000E+00
    4487   1.0000000000E+00
    4488   1.0000000000E+00
    4489   1.0000000000E+00
    4490   1.0000000000E+00
    4491   1.0000000000E+00
    4492   1.0000000000E+00
    4493   1.0000000000E+00
    4494   1.0000000000E+00
    4495   1.0000000000E+00
    4496   1.0000000000E+00
    4497   1.0000000000E+00
    4498   1.0000000000E+00
    4499   1.0000000000E+00
    4500   1.0000000000E+00
    4501   1.0000000000E+00
    4502   1.0000000000E+00
    4503   1.0000000000E+00
    4504   1.0000000000E+00
    4505   1.0000000000E+00
    4506   1.0000000000E+00
    4507   1.0000000000E+00
    4508   1.0000000000E+00
    4509   1.0000000000E+00
    4510   1.0000000000E+00
    4511   1.0000000000E+00
    4512   1.0000000000E+00
    4513   1.0000000000E+00
    4514   1.0000000000E+00
    4515   1.0000000000E+00
    4516   1.0000000000E+00
    4517   1.0000000000E+00
    4518   1.0000000000E+00
    4519   1.0000000000E+00
    4520   1.0000000000E+00
    4521   1.0000000000E+00
    4522   1.0000000000E+00
    4523   1.0000000000E+00
    4524   1.0000000000E+00
    4525   1.0000000000E+00
    4526   1.0000000000E+00
    4527   1.0000000000E+00
    4528   1.0000000000E+00
    4529   1.0000000000E+00
    4530   1.0000000000E+00
    4531   1.0000000000E+00
    4532   1.0000000000E+00
    4533   1.0000000000E+00
    4534   1.0000000000E+00
    4535   1.0000000000E+00
    4536   1.0000000000E+00
    4537   1.0000000000E+00
    4538   1.0000000000E+00
    4539   1.0000000000E+00
    4540   1.0000000000E+00
    4541   1.0000000000E+00
    4542   1.0000000000E+00
    4543   1.0000000000E+00
    4544   1.0000000000E+00
    4545   1.0000000000E+00
    4546   1.0000000000E+00
    4547   1.0000000000E+00
    4548   1.0000000000E+00
    4549   1.0000000000E+00
    4550   1.0000000000E+00
    4551   1.0000000000E+00
    4552   1.0000000000E+00
    4553   1.0000000000E+00
    4554   1.0000000000E+00
    4555   1.0000000000E+00
    4556   1.0000000000E+00
    4557   1.0000000000E+00
    4558   1.0000000000E+00
    4559   1.0000000000E+00
    4560   1.0000000000E+00
    4561   1.0000000000E+00
    4562   1.0000000000E+00
    4563   1.0000000000E+00
    4564   1.0000000000E+00
    4565   1.0000000000E+00
    4566   1.0000000000E+00
    4567   1.0000000000E+00
    4568   1.0000000000E+00
    4569   1.0000000000E+00
    4570   1.0000000000E+00
    4571   1.0000000000E+00
    4572   1.0000000000E+00
    4573   1.0000000000E+00
    4574   1.0000000000E+00
    4575   1.0000000000E+00
    4576   1.0000000000E+00
    4577   1.0000000000E+00
    4578   1.0000000000E+00
    4579   1.0000000000E+00
    4580   1.0000000000E+00
    4581   1.0000000000E+00
    4582   1.0000000000E+00
    4583   1.0000000000E+00
    4584   1.0000000000E+00
    4585   1.0000000000E+00
    4586   1.0000000000E+00
    4587   1.0000000000E+00
    4588   1.0000000000E+00
    4589   1.0000000000E+00
    4590   1.0000000000E+00
    4591   1.0000000000E+00
    4592   1.0000000000E+00
    4593   1.0000000000E+00
    4594   1.0000000000E+00
    4595   1.0000000000E+00
    4596   1.0000000000E+00
    4597   1.0000000000E+00
    4598   1.0000000000E+00
    4599   1.0000000000E+00
    4600   1.0000000000E+00
    4601   1.0000000000E+00
    4602   1.0000000000E+00
    4603   1.0000000000E+00
    4604   1.0000000000E+00
    4605   1.0000000000E+00
    4606   1.0000000000E+00
    4607   1.0000000000E+00
    4608   1.0000000000E+00
    4609   1.0000000000E+00
    4610   1.0000000000E+00
    4611   1.0000000000E+00
    4612   1.0000000000E+00
    4613   1.0000000000E+00
    4614   1.0000000000E+00
    4615   1.0000000000E+00
    4616   1.0000000000E+00
    4617   1.0000000000E+00
    4618   1.0000000000E+00
    4619   1.0000000000E+00
    4620   1.0000000000E+00
    4621   1.0000000000E+00
    4622   1.0000000000E+00
    4623   1.0000000000E+00
    4624   1.0000000000E+00
    4625   1.0000000000E+00
    4626   1.0000000000E+00
    4627   1.0000000000E+00
    4628   1.0000000000E+00
    4629   1.0000000000E+00
    4630   1.0000000000E+00
    4631   1.0000000000E+00
    4632   1.0000000000E+00
    4633   1.0000000000E+00
    4634   1.0000000000E+00
    4635   1.0000000000E+00
    4636   1.0000000000E+00
    4637   1.0000000000E+00
    4638   1.0000000000E+00
    4639   1.0000000000E+00
    4640   1.0000000000E+00
    4641   1.0000000000E+00
    4642   1.0000000000E+00
    4643   1.0000000000E+00
    4644   1.0000000000E+00
    4645   1.0000000000E+00
    4646   1.0000000000E+00
    4647   1.0000000000E+00
    4648   1.0000000000E+00
    4649   1.0000000000E+00
    4650   1.0000000000E+00
    4651   1.0000000000E+00
    4652   1.0000000000E+00
    4653   1.0000000000E+00
    4654   1.0000000000E+00
    4655   1.0000000000E+00
    4656   1.0000000000E+00
    4657   1.0000000000E+00
    4658   1.0000000000E+00
    4659   1.0000000000E+00
    4660   1.0000000000E+00
    4661   1.0000000000E+00
    4662   1.0000000000E+00
    4663   1.0000000000E+00
    4664   1.0000000000E+00
    4665   1.0000000000E+00
    4666   1.0000000000E+00
    4667   1.0000000000E+00
    4668   1.0000000000E+00
    4669   1.0000000000E+00
    4670   1.0000000000E+00
    4671   1.0000000000E+00
    4672   1.0000000000E+00
    4673   1.0000000000E+00
    4674   1.0000000000E+00
    4675   1.0000000000E+00
    4676   1.0000000000E+00
    4677   1.0000000000E+00
    4678   1.0000000000E+00
    4679   1.0000000000E+00
    4680   1.0000000000E+00
    4681   1.0000000000E+00
    4682   1.0000000000E+00
    4683   1.0000000000E+00
    4684   1.0000000000E+00
    4685   1.0000000000E+00
    4686   1.0000000000E+00
    4687   1.0000000000E+00
    4688   1.0000000000E+00
    4689   1.0000000000E+00
    4690   1.0000000000E+00
    4691   1.0000000000E+00
    4692   1.0000000000E+00
    4693   1.0000000000E+00
    4694   1.0000000000E+00
    4695   1.0000000000E+00
    4696   1.0000000000E+00
    4697   1.0000000000E+00
    4698   1.0000000000E+00
    4699   1.0000000000E+00
    4700   1.0000000000E+00
    4701   1.0000000000E+00
    4702   1.0000000000E+00
    4703   1.0000000000E+00
    4704   1.0000000000E+00
    4705   1.0000000000E+00
    4706   1.0000000000E+00
    4707   1.0000000000E+00
    4708   1.0000000000E+00
    4709   1.0000000000E+00
    4710   1.0000000000E+00
    4711   1.0000000000E+00
    4712   1.0000000000E+00
    4713   1.0000000000E+00
    4714   1.0000000000E+00
    4715   1.0000000000E+00
    4716   1.0000000000E+00
    4717   1.0000000000E+00
    4718   1.0000000000E+00
    4719   1.0000000000E+00
    4720   1.0000000000E+00
    4721   1.0000000000E+00
    4722   1.0000000000E+00
    4723   1.0000000000E+00
    4724   1.0000000000E+00
    4725   1.0000000000E+00
    4726   1.0000000000E+00
    4727   1.0000000000E+00
    4728   1.0000000000E+00
    4729   1.0000000000E+00
    4730   1.0000000000E+00
    4731   1.0000000000E+00
    4732   1.0000000000E+00
    4733   1.0000000000E+00
    4734   1.0000000000E+00
    4735   1.0000000000E+00
    4736   1.0000000000E+00
    4737   1.0000000000E+00
    4738   1.0000000000E+00
    4739   1.0000000000E+00
    4740   1.0000000000E+00
    4741   1.0000000000E+00
    4742   1.0000000000E+00
    4743   1.0000000000E+00
    4744   1.0000000000E+00
    4745   1.0000000000E+00
    4746   1.0000000000E+00
    4747   1.0000000000E+00
    4748   1.0000000000E+00
    4749   1.0000000000E+00
    4750   1.0000000000E+00
    4751   1.0000000000E+00
    4752   1.0000000000E+00
    4753   1.0000000000E+00
    4754   1.0000000000E+00
    4755   1.0000000000E+00
    4756   1.0000000000E+00
    4757   1.0000000000E+00
    4758   1.0000000000E+00
    4759   1.0000000000E+00
    4760   1.0000000000E+00
    4761   1.0000000000E+00
    4762   1.0000000000E+00
    4763   1.0000000000E+00
    4764   1.0000000000E+00
    4765   1.0000000000E+00
    4766   1.0000000000E+00
    4767   1.0000000000E+00
    4768   1.0000000000E+00
    4769   1.0000000000E+00
    4770   1.0000000000E+00
    4771   1.0000000000E+00
    4772   1.0000000000E+00
    4773   1.0000000000E+00
    4774   1.0000000000E+00
    4775   1.0000000000E+00
    4776   1.0000000000E+00
    4777   1.0000000000E+00
    4778   1.0000000000E+00
    4779   1.0000000000E+00
    4780   1.0000000000E+00
    4781   1.0000000000E+00
    4782   1.0000000000E+00
    4783   1.0000000000E+00
    4784   1.0000000000E+00
    4785   1.0000000000E+00
    4786   1.0000000000E+00
    4787   1.0000000000E+00
    4788   1.0000000000E+00
    4789   1.0000000000E+00
    4790   1.0000000000E+00
    4791   1.0000000000E+00
    4792   1.0000000000E+00
    4793   1.0000000000E+00
    4794   1.0000000000E+00
    4795   1.0000000000E+00
    4796   1.0000000000E+00
    4797   1.0000000000E+00
    4798   1.0000000000E+00
    4799   1.0000000000E+00
    4800   1.0000000000E+00
    4801   1.0000000000E+00
    4802   1.0000000000E+00
    4803   1.0000000000E+00
    4804   1.0000000000E+00
    4805   1.0000000000E+00
    4806   1.0000000000E+00
    4807   1.0000000000E+00
    4808   1.0000000000E+00
    4809   1.0000000000E+00
    4810   1.0000000000E+00
    4811   1.0000000000E+00
    4812   1.0000000000E+00
    4813   1.0000000000E+00
    4814   1.0000000000E+00
    4815   1.0000000000E+00
    4816   1.0000000000E+00
    4817   1.0000000000E+00
    4818   1.0000000000E+00
    4819   1.0000000000E+00
    4820   1.0000000000E+00
    4821   1.0000000000E+00
    4822   1.0000000000E+00
    4823   1.0000000000E+00
    4824   1.0000000000E+00
    4825   1.0000000000E+00
    4826   1.0000000000E+00
    4827   1.0000000000E+00
    4828   1.0000000000E+00
    4829   1.0000000000E+00
    4830   1.0000000000E+00
    4831   1.0000000000E+00
    4832   1.0000000000E+00
    4833   1.0000000000E+00
    4834   1.0000000000E+00
    4835   1.0000000000E+00
    4836   1.0000000000E+00
    4837   1.0000000000E+00
    4838   1.0000000000E+00
    4839   1.0000000000E+00
    4840   1.0000000000E+00
    4841   1.0000000000E+00
    4842   1.0000000000E+00
    4843   1.0000000000E+00
    4844   1.0000000000E+00
    4845   1.0000000000E+00
    4846   1.0000000000E+00
    4847   1.0000000000E+00
    4848   1.0000000000E+00
    4849   1.0000000000E+00
    4850   1.0000000000E+00
    4851   1.0000000000E+00
    4852   1.0000000000E+00
    4853   1.0000000000E+00
    4854   1.0000000000E+00
    4855   1.0000000000E+00
    4856   1.0000000000E+00
    4857   1.0000000000E+00
    4858   1.0000000000E+00
    4859   1.0000000000E+00
    4860   1.0000000000E+00
    4861   1.0000000000E+00
    4862   1.0000000000E+00
    4863   1.0000000000E+00
    4864   1.0000000000E+00
    4865   1.0000000000E+00
    4866   1.0000000000E+00
    4867   1.0000000000E+00
    4868   1.0000000000E+00
    4869   1.0000000000E+00
    4870   1.0000000000E+00
    4871   1.0000000000E+00
    4872   1.0000000000E+00
    4873   1.0000000000E+00
    4874   1.0000000000E+00
    4875   1.0000000000E+00
    4876   1.0000000000E+00
    4877   1.0000000000E+00
    4878   1.0000000000E+00
    4879   1.0000000000E+00
    4880   1.0000000000E+00
    4881   1.0000000000E+00
    4882   1.0000000000E+00
    4883   1.0000000000E+00
    4884   1.0000000000E+00
    4885   1.0000000000E+00
    4886   1.0000000000E+00
    4887   1.0000000000E+00
    4888   1.0000000000E+00
    4889   1.0000000000E+00
    4890   1.0000000000E+00
    4891   1.0000000000E+00
    4892   1.0000000000E+00
    4893   1.0000000000E+00
    4894   1.0000000000E+00
    4895   1.0000000000E+00
    4896   1.0000000000E+00
    4897   1.0000000000E+00
    4898   1.0000000000E+00
    4899   1.0000000000E+00
    4900   1.0000000000E+00
    4901   1.0000000000E+00
    4902   1.0000000000E+00
    4903   1.0000000000E+00
    4904   1.0000000000E+00
    4905   1.0000000000E+00
    4906   1.0000000000E+00
    4907   1.0000000000E+00
    4908   1.0000000000E+00
    4909   1.0000000000E+00
    4910   1.0000000000E+00
    4911   1.0000000000E+00
    4912   1.0000000000E+00
    4913   1.0000000000E+00
    4914   1.0000000000E+00
    4915   1.0000000000E+00
    4916   1.0000000000E+00
    4917   1.0000000000E+00
    4918   1.0000000000E+00
    4919   1.0000000000E+00
    4920   1.0000000000E+00
    4921   1.0000000000E+00
    4922   1.0000000000E+00
    4923   1.0000000000E+00
    4924   1.0000000000E+00
    4925   1.0000000000E+00
    4926   1.0000000000E+00
    4927   1.0000000000E+00
    4928   1.0000000000E+00
    4929   1.0000000000E+00
    4930   1.0000000000E+00
    4931   1.0000000000E+00
    4932   1.0000000000E+00
    4933   1.0000000000E+00
    4934   1.0000000000E+00
    4935   1.0000000000E+00
    4936   1.0000000000E+00
    4937   1.0000000000E+00
    4938   1.0000000000E+00
    4939   1.0000000000E+00
    4940   1.0000000000E+00
    4941   1.0000000000E+00
    4942   1.0000000000E+00
    4943   1.0000000000E+00
    4944   1.0000000000E+00
    4945   1.0000000000E+00
    4946   1.0000000000E+00
    4947   1.0000000000E+00
    4948   1.0000000000E+00
    4949   1.0000000000E+00
    4950   1.0000000000E+00
    4951   1.0000000000E+00
    4952   1.0000000000E+00
    4953   1.0000000000E+00
    4954   1.0000000000E+00
    4955   1.0000000000E+00
    4956   1.0000000000E+00
    4957   1.0000000000E+00
    4958   1.0000000000E+00
    4959   1.0000000000E+00
    4960   1.0000000000E+00
    4961   1.0000000000E+00
    4962   1.0000000000E+00
    4963   1.0000000000E+00
    4964   1.0000000000E+00
    4965   1.0000000000E+00
    4966   1.0000000000E+00
    4967   1.0000000000E+00
    4968   1.0000000000E+00
    4969   1.0000000000E+00
    4970   1.0000000000E+00
    4971   1.0000000000E+00
    4972   1.0000000000E+00
    4973   1.0000000000E+00
    4974   1.0000000000E+00
    4975   1.0000000000E+00
    4976   1.0000000000E+00
    4977   1.0000000000E+00
    4978   1.0000000000E+00
    4979   1.0000000000E+00
    4980   1.0000000000E+00
    4981   1.0000000000E+00
    4982   1.0000000000E+00
    4983   1.0000000000E+00
    4984   1.0000000000E+00
    4985   1.0000000000E+00
    4986   1.0000000000E+00
    4987   1.0000000000E+00
    4988   1.0000000000E+00
    4989   1.0000000000E+00
    4990   1.0000000000E+00
    4991   1.0000000000E+00
    4992   1.0000000000E+00
    4993   1.0000000000E+00
    4994   1.0000000000E+00
    4995   1.0000000000E+00
    4996   1.0000000000E+00
    4997   1.0000000000E+00
    4998   1.0000000000E+00
    4999   1.0000000000E+00
    5000   1.0000000000E+00
    5001   1.0000000000E+00
    5002   1.0000000000E+00
    5003   1.0000000000E+00
    5004   1.0000000000E+00
    5005   1.0000000000E+00
    5006   1.0000000000E+00
    5007   1.0000000000E+00
    5008   1.0000000000E+00
    5009   1.0000000000E+00
    5010   1.0000000000E+00
    5011   1.0000000000E+00
    5012   1.0000000000E+00
    5013   1.0000000000E+00
    5014   1.0000000000E+00
    5015   1.0000000000E+00
    5016   1.0000000000E+00
    5017   1.0000000000E+00
    5018   1.0000000000E+00
    5019   1.0000000000E+00
    5020   1.0000000000E+00
    5021   1.0000000000E+00
    5022   1.0000000000E+00
    5023   1.0000000000E+00
    5024   1.0000000000E+00
    5025   1.0000000000E+00
    5026   1.0000000000E+00
    5027   1.0000000000E+00
    5028   1.0000000000E+00
    5029   1.0000000000E+00
    5030   1.0000000000E+00
    5031   1.0000000000E+00
    5032   1.0000000000E+00
    5033   1.0000000000E+00
    5034   1.0000000000E+00
    5035   1.0000000000E+00
    5036   1.0000000000E+00
    5037   1.0000000000E+00
    5038   1.0000000000E+00
    5039   1.0000000000E+00
    5040   1.0000000000E+00
    5041   1.0000000000E+00
    5042   1.0000000000E+00
    5043   1.0000000000E+00
    5044   1.0000000000E+00
    5045   1.0000000000E+00
    5046   1.0000000000E+00
    5047   1.0000000000E+00
    5048   1.0000000000E+00
    5049   1.0000000000E+00
    5050   1.0000000000E+00
    5051   1.0000000000E+00
    5052   1.0000000000E+00
    5053   1.0000000000E+00
    5054   1.0000000000E+00
    5055   1.0000000000E+00
    5056   1.0000000000E+00
    5057   1.0000000000E+00
    5058   1.0000000000E+00
    5059   1.0000000000E+00
    5060   1.0000000000E+00
    5061   1.0000000000E+00
    5062   1.0000000000E+00
    5063   1.0000000000E+00
    5064   1.0000000000E+00
    5065   1.0000000000E+00
    5066   1.0000000000E+00
    5067   1.0000000000E+00
    5068   1.0000000000E+00
    5069   1.0000000000E+00
    5070   1.0000000000E+00
    5071   1.0000000000E+00
    5072   1.0000000000E+00
    5073   1.0000000000E+00
    5074   1.0000000000E+00
    5075   1.0000000000E+00
    5076   1.0000000000E+00
    5077   1.0000000000E+00
    5078   1.0000000000E+00
    5079   1.0000000000E+00
    5080   1.0000000000E+00
    5081   1.0000000000E+00
    5082   1.0000000000E+00
    5083   1.0000000000E+00
    5084   1.0000000000E+00
    5085   1.0000000000E+00
    5086   1.0000000000E+00
    5087   1.0000000000E+00
    5088   1.0000000000E+00
    5089   1.0000000000E+00
    5090   1.0000000000E+00
    5091   1.0000000000E+00
    5092   1.0000000000E+00
    5093   1.0000000000E+00
    5094   1.0000000000E+00
    5095   1.0000000000E+00
    5096   1.0000000000E+00
    5097   1.0000000000E+00
    5098   1.0000000000E+00
    5099   1.0000000000E+00
    5100   1.0000000000E+00
    5101   1.0000000000E+00
    5102   1.0000000000E+00
    5103   1.0000000000E+00
    5104   1.0000000000E+00
    5105   1.0000000000E+00
    5106   1.0000000000E+00
    5107   1.0000000000E+00
    5108   1.0000000000E+00
    5109   1.0000000000E+00
    5110   1.0000000000E+00
    5111   1.0000000000E+00
    5112   1.0000000000E+00
    5113   1.0000000000E+00
    5114   1.0000000000E+00
    5115   1.0000000000E+00
    5116   1.0000000000E+00
    5117   1.0000000000E+00
    5118   1.0000000000E+00
    5119   1.0000000000E+00
    5120   1.0000000000E+00
    5121   1.0000000000E+00
    5122   1.0000000000E+00
    5123   1.0000000000E+00
    5124   1.0000000000E+00
    5125   1.0000000000E+00
    5126   1.0000000000E+00
    5127   1.0000000000E+00
    5128   1.0000000000E+00
    5129   1.0000000000E+00
    5130   1.0000000000E+00
    5131   1.0000000000E+00
    5132   1.0000000000E+00
    5133   1.0000000000E+00
    5134   1.0000000000E+00
    5135   1.0000000000E+00
    5136   1.0000000000E+00
    5137   1.0000000000E+00
    5138   1.0000000000E+00
    5139   1.0000000000E+00
    5140   1.0000000000E+00
    5141   1.0000000000E+00
    5142   1.0000000000E+00
    5143   1.0000000000E+00
    5144   1.0000000000E+00
    5145   1.0000000000E+00
    5146   1.0000000000E+00
    5147   1.0000000000E+00
    5148   1.0000000000E+00
    5149   1.0000000000E+00
    5150   1.0000000000E+00
    5151   1.0000000000E+00
    5152   1.0000000000E+00
    5153   1.0000000000E+00
    5154   1.0000000000E+00
    5155   1.0000000000E+00
    5156   1.0000000000E+00
    5157   1.0000000000E+00
    5158   1.0000000000E+00
    5159   1.0000000000E+00
    5160   1.0000000000E+00
    5161   1.0000000000E+00
    5162   1.0000000000E+00
    5163   1.0000000000E+00
    5164   1.0000000000E+00
    5165   1.0000000000E+00
    5166   1.0000000000E+00
    5167   1.0000000000E+00
    5168   1.0000000000E+00
    5169   1.0000000000E+00
    5170   1.0000000000E+00
    5171   1.0000000000E+00
    5172   1.0000000000E+00
    5173   1.0000000000E+00
    5174   1.0000000000E+00
    5175   1.0000000000E+00
    5176   1.0000000000E+00
    5177   1.0000000000E+00
    5178   1.0000000000E+00
    5179   1.0000000000E+00
    5180   1.0000000000E+00
    5181   1.0000000000E+00
    5182   1.0000000000E+00
    5183   1.0000000000E+00
    5184   1.0000000000E+00
    5185   1.0000000000E+00
    5186   1.0000000000E+00
    5187   1.0000000000E+00
    5188   1.0000000000E+00
    5189   1.0000000000E+00
    5190   1.0000000000E+00
    5191   1.0000000000E+00
    5192   1.0000000000E+00
    5193   1.0000000000E+00
    5194   1.0000000000E+00
    5195   1.0000000000E+00
    5196   1.0000000000E+00
    5197   1.0000000000E+00
    5198   1.0000000000E+00
    5199   1.0000000000E+00
    5200   1.0000000000E+00
    5201   1.0000000000E+00
    5202   1.0000000000E+00
    5203   1.0000000000E+00
    5204   1.0000000000E+00
    5205   1.0000000000E+00
    5206   1.0000000000E+00
    5207   1.0000000000E+00
    5208   1.0000000000E+00
    5209   1.0000000000E+00
    5210   1.0000000000E+00
    5211   1.0000000000E+00
    5212   1.0000000000E+00
    5213   1.0000000000E+00
    5214   1.0000000000E+00
    5215   1.0000000000E+00
    5216   1.0000000000E+00
    5217   1.0000000000E+00
    5218   1.0000000000E+00
    5219   1.0000000000E+00
    5220   1.0000000000E+00
    5221   1.0000000000E+00
    5222   1.0000000000E+00
    5223   1.0000000000E+00
    5224   1.0000000000E+00
    5225   1.0000000000E+00
    5226   1.0000000000E+00
    5227   1.0000000000E+00
    5228   1.0000000000E+00
    5229   1.0000000000E+00
    5230   1.0000000000E+00
    5231   1.0000000000E+00
    5232   1.0000000000E+00
    5233   1.0000000000E+00
    5234   1.0000000000E+00
    5235   1.0000000000E+00
    5236   1.0000000000E+00
    5237   1.0000000000E+00
    5238   1.0000000000E+00
    5239   1.0000000000E+00
    5240   1.0000000000E+00
    5241   1.0000000000E+00
    5242   1.0000000000E+00
    5243   1.0000000000E+00
    5244   1.0000000000E+00
    5245   1.0000000000E+00
    5246   1.0000000000E+00
    5247   1.0000000000E+00
    5248   1.0000000000E+00
    5249   1.0000000000E+00
    5250   1.0000000000E+00
    5251   1.0000000000E+00
    5252   1.0000000000E+00
    5253   1.0000000000E+00
    5254   1.0000000000E+00
    5255   1.0000000000E+00
    5256   1.0000000000E+00
    5257   1.0000000000E+00
    5258   1.0000000000E+00
    5259   1.0000000000E+00
    5260   1.0000000000E+00
    5261   1.0000000000E+00
    5262   1.0000000000E+00
    5263   1.0000000000E+00
    5264   1.0000000000E+00
    5265   1.0000000000E+00
    5266   1.0000000000E+00
    5267   1.0000000000E+00
    5268   1.0000000000E+00
    5269   1.0000000000E+00
    5270   1.0000000000E+00
    5271   1.0000000000E+00
    5272   1.0000000000E+00
    5273   1.0000000000E+00
    5274   1.0000000000E+00
    5275   1.0000000000E+00
    5276   1.0000000000E+00
    5277   1.0000000000E+00
    5278   1.0000000000E+00
    5279   1.0000000000E+00
    5280   1.0000000000E+00
    5281   1.0000000000E+00
    5282   1.0000000000E+00
    5283   1.0000000000E+00
    5284   1.0000000000E+00
    5285   1.0000000000E+00
    5286   1.0000000000E+00
    5287   1.0000000000E+00
    5288   1.0000000000E+00
    5289   1.0000000000E+00
    5290   1.0000000000E+00
    5291   1.0000000000E+00
    5292   1.0000000000E+00
    5293   1.0000000000E+00
    5294   1.0000000000E+00
    5295   1.0000000000E+00
    5296   1.0000000000E+00
    5297   1.0000000000E+00
    5298   1.0000000000E+00
    5299   1.0000000000E+00
    5300   1.0000000000E+00
    5301   1.0000000000E+00
    5302   1.0000000000E+00
    5303   1.0000000000E+00
    5304   1.0000000000E+00
    5305   1.0000000000E+00
    5306   1.0000000000E+00
    5307   1.0000000000E+00
    5308   1.0000000000E+00
    5309   1.0000000000E+00
    5310   1.0000000000E+00
    5311   1.0000000000E+00
    5312   1.0000000000E+00
    5313   1.0000000000E+00
    5314   1.0000000000E+00
    5315   1.0000000000E+00
    5316   1.0000000000E+00
    5317   1.0000000000E+00
    5318   1.0000000000E+00
    5319   1.0000000000E+00
    5320   1.0000000000E+00
    5321   1.0000000000E+00
    5322   1.0000000000E+00
    5323   1.0000000000E+00
    5324   1.0000000000E+00
    5325   1.0000000000E+00
    5326   1.0000000000E+00
    5327   1.0000000000E+00
    5328   1.0000000000E+00
    5329   1.0000000000E+00
    5330   1.0000000000E+00
    5331   1.0000000000E+00
    5332   1.0000000000E+00
    5333   1.0000000000E+00
    5334   1.0000000000E+00
    5335   1.0000000000E+00
    5336   1.0000000000E+00
    5337   1.0000000000E+00
    5338   1.0000000000E+00
    5339   1.0000000000E+00
    5340   1.0000000000E+00
    5341   1.0000000000E+00
    5342   1.0000000000E+00
    5343   1.0000000000E+00
    5344   1.0000000000E+00
    5345   1.0000000000E+00
    5346   1.0000000000E+00
    5347   1.0000000000E+00
    5348   1.0000000000E+00
    5349   1.0000000000E+00
    5350   1.0000000000E+00
    5351   1.0000000000E+00
    5352   1.0000000000E+00
    5353   1.0000000000E+00
    5354   1.0000000000E+00
    5355   1.0000000000E+00
    5356   1.0000000000E+00
    5357   1.0000000000E+00
    5358   1.0000000000E+00
    5359   1.0000000000E+00
    5360   1.0000000000E+00
    5361   1.0000000000E+00
    5362   1.0000000000E+00
    5363   1.0000000000E+00
    5364   1.0000000000E+00
    5365   1.0000000000E+00
    5366   1.0000000000E+00
    5367   1.0000000000E+00
    5368   1.0000000000E+00
    5369   1.0000000000E+00
    5370   1.0000000000E+00
    5371   1.0000000000E+00
    5372   1.0000000000E+00
    5373   1.0000000000E+00
    5374   1.0000000000E+00
    5375   1.0000000000E+00
    5376   1.0000000000E+00
    5377   1.0000000000E+00
    5378   1.0000000000E+00
    5379   1.0000000000E+00
    5380   1.0000000000E+00
    5381   1.0000000000E+00
    5382   1.0000000000E+00
    5383   1.0000000000E+00
    5384   1.0000000000E+00
    5385   1.0000000000E+00
    5386   1.0000000000E+00
    5387   1.0000000000E+00
    5388   1.0000000000E+00
    5389   1.0000000000E+00
    5390   1.0000000000E+00
    5391   1.0000000000E+00
    5392   1.0000000000E+00
    5393   1.0000000000E+00
    5394   1.0000000000E+00
    5395   1.0000000000E+00
    5396   1.0000000000E+00
    5397   1.0000000000E+00
    5398   1.0000000000E+00
    5399   1.0000000000E+00
    5400   1.0000000000E+00
    5401   1.0000000000E+00
    5402   1.0000000000E+00
    5403   1.0000000000E+00
    5404   1.0000000000E+00
    5405   1.0000000000E+00
    5406   1.0000000000E+00
    5407   1.0000000000E+00
    5408   1.0000000000E+00
    5409   1.0000000000E+00
    5410   1.0000000000E+00
    5411   1.0000000000E+00
    5412   1.0000000000E+00
    5413   1.0000000000E+00
    5414   1.0000000000E+00
    5415   1.0000000000E+00
    5416   1.0000000000E+00
    5417   1.0000000000E+00
    5418   1.0000000000E+00
    5419   1.0000000000E+00
    5420   1.0000000000E+00
    5421   1.0000000000E+00
    5422   1.0000000000E+00
    5423   1.0000000000E+00
    5424   1.0000000000E+00
    5425   1.0000000000E+00
    5426   1.0000000000E+00
    5427   1.0000000000E+00
    5428   1.0000000000E+00
    5429   1.0000000000E+00
    5430   1.0000000000E+00
    5431   1.0000000000E+00
    5432   1.0000000000E+00
    5433   1.0000000000E+00
    5434   1.0000000000E+00
    5435   1.0000000000E+00
    5436   1.0000000000E+00
    5437   1.0000000000E+00
    5438   1.0000000000E+00
    5439   1.0000000000E+00
    5440   1.0000000000E+00
    5441   1.0000000000E+00
    5442   1.0000000000E+00
    5443   1.0000000000E+00
    5444   1.0000000000E+00
    5445   1.0000000000E+00
    5446   1.0000000000E+00
    5447   1.0000000000E+00
    5448   1.0000000000E+00
    5449   1.0000000000E+00
    5450   1.0000000000E+00
    5451   1.0000000000E+00
    5452   1.0000000000E+00
    5453   1.0000000000E+00
    5454   1.0000000000E+00
    5455   1.0000000000E+00
    5456   1.0000000000E+00
    5457   1.0000000000E+00
    5458   1.0000000000E+00
    5459   1.0000000000E+00
    5460   1.0000000000E+00
    5461   1.0000000000E+00
    5462   1.0000000000E+00
    5463   1.0000000000E+00
    5464   1.0000000000E+00
    5465   1.0000000000E+00
    5466   1.0000000000E+00
    5467   1.0000000000E+00
    5468   1.0000000000E+00
    5469   1.0000000000E+00
    5470   1.0000000000E+00
    5471   1.0000000000E+00
    5472   1.0000000000E+00
    5473   1.0000000000E+00
    5474   1.0000000000E+00
    5475   1.0000000000E+00
    5476   1.0000000000E+00
    5477   1.0000000000E+00
    5478   1.0000000000E+00
    5479   1.0000000000E+00
    5480   1.0000000000E+00
    5481   1.0000000000E+00
    5482   1.0000000000E+00
    5483   1.0000000000E+00
    5484   1.0000000000E+00
    5485   1.0000000000E+00
    5486   1.0000000000E+00
    5487   1.0000000000E+00
    5488   1.0000000000E+00
    5489   1.0000000000E+00
    5490   1.0000000000E+00
    5491   1.0000000000E+00
    5492   1.0000000000E+00
    5493   1.0000000000E+00
    5494   1.0000000000E+00
    5495   1.0000000000E+00
    5496   1.0000000000E+00
    5497   1.0000000000E+00
    5498   1.0000000000E+00
    5499   1.0000000000E+00
    5500   1.0000000000E+00
    5501   1.0000000000E+00
    5502   1.0000000000E+00
    5503   1.0000000000E+00
    5504   1.0000000000E+00
    5505   1.0000000000E+00
    5506   1.0000000000E+00
    5507   1.0000000000E+00
    5508   1.0000000000E+00
    5509   1.0000000000E+00
    5510   1.0000000000E+00
    5511   1.0000000000E+00
    5512   1.0000000000E+00
    5513   1.0000000000E+00
    5514   1.0000000000E+00
    5515   1.0000000000E+00
    5516   1.0000000000E+00
    5517   1.0000000000E+00
    5518   1.0000000000E+00
    5519   1.0000000000E+00
    5520   1.0000000000E+00
    5521   1.0000000000E+00
    5522   1.0000000000E+00
    5523   1.0000000000E+00
    5524   1.0000000000E+00
    5525   1.0000000000E+00
    5526   1.0000000000E+00
    5527   1.0000000000E+00
    5528   1.0000000000E+00
    5529   1.0000000000E+00
    5530   1.0000000000E+00
    5531   1.0000000000E+00
    5532   1.0000000000E+00
    5533   1.0000000000E+00
    5534   1.0000000000E+00
    5535   1.0000000000E+00
    5536   1.0000000000E+00
    5537   1.0000000000E+00
    5538   1.0000000000E+00
    5539   1.0000000000E+00
    5540   1.0000000000E+00
    5541   1.0000000000E+00
    5542   1.0000000000E+00
    5543   1.0000000000E+00
    5544   1.0000000000E+00
    5545   1.0000000000E+00
    5546   1.0000000000E+00
    5547   1.0000000000E+00
    5548   1.0000000000E+00
    5549   1.0000000000E+00
    5550   1.0000000000E+00
    5551   1.0000000000E+00
    5552   1.0000000000E+00
    5553   1.0000000000E+00
    5554   1.0000000000E+00
    5555   1.0000000000E+00
    5556   1.0000000000E+00
    5557   1.0000000000E+00
    5558   1.0000000000E+00
    5559   1.0000000000E+00
    5560   1.0000000000E+00
    5561   1.0000000000E+00
    5562   1.0000000000E+00
    5563   1.0000000000E+00
    5564   1.0000000000E+00
    5565   1.0000000000E+00
    5566   1.0000000000E+00
    5567   1.0000000000E+00
    5568   1.0000000000E+00
    5569   1.0000000000E+00
    5570   1.0000000000E+00
    5571   1.0000000000E+00
    5572   1.0000000000E+00
    5573   1.0000000000E+00
    5574   1.0000000000E+00
    5575   1.0000000000E+00
    5576   1.0000000000E+00
    5577   1.0000000000E+00
    5578   1.0000000000E+00
    5579   1.0000000000E+00
    5580   1.0000000000E+00
    5581   1.0000000000E+00
    5582   1.0000000000E+00
    5583   1.0000000000E+00
    5584   1.0000000000E+00
    5585   1.0000000000E+00
    5586   1.0000000000E+00
    5587   1.0000000000E+00
    5588   1.0000000000E+00
    5589   1.0000000000E+00
    5590   1.0000000000E+00
    5591   1.0000000000E+00
    5592   1.0000000000E+00
    5593   1.0000000000E+00
    5594   1.0000000000E+00
    5595   1.0000000000E+00
    5596   1.0000000000E+00
    5597   1.0000000000E+00
    5598   1.0000000000E+00
    5599   1.0000000000E+00
    5600   1.0000000000E+00
    5601   1.0000000000E+00
    5602   1.0000000000E+00
    5603   1.0000000000E+00
    5604   1.0000000000E+00
    5605   1.0000000000E+00
    5606   1.0000000000E+00
    5607   1.0000000000E+00
    5608   1.0000000000E+00
    5609   1.0000000000E+00
    5610   1.0000000000E+00
    5611   1.0000000000E+00
    5612   1.0000000000E+00
    5613   1.0000000000E+00
    5614   1.0000000000E+00
    5615   1.0000000000E+00
    5616   1.0000000000E+00
    5617   1.0000000000E+00
    5618   1.0000000000E+00
    5619   1.0000000000E+00
    5620   1.0000000000E+00
    5621   1.0000000000E+00
    5622   1.0000000000E+00
    5623   1.0000000000E+00
    5624   1.0000000000E+00
    5625   1.0000000000E+00
    5626   1.0000000000E+00
    5627   1.0000000000E+00
    5628   1.0000000000E+00
    5629   1.0000000000E+00
    5630   1.0000000000E+00
    5631   1.0000000000E+00
    5632   1.0000000000E+00
    5633   1.0000000000E+00
    5634   1.0000000000E+00
    5635   1.0000000000E+00
    5636   1.0000000000E+00
    5637   1.0000000000E+00
    5638   1.0000000000E+00
    5639   1.0000000000E+00
    5640   1.0000000000E+00
    5641   1.0000000000E+00
    5642   1.0000000000E+00
    5643   1.0000000000E+00
    5644   1.0000000000E+00
    5645   1.0000000000E+00
    5646   1.0000000000E+00
    5647   1.0000000000E+00
    5648   1.0000000000E+00
    5649   1.0000000000E+00
    5650   1.0000000000E+00
    5651   1.0000000000E+00
    5652   1.0000000000E+00
    5653   1.0000000000E+00
    5654   1.0000000000E+00
    5655   1.0000000000E+00
    5656   1.0000000000E+00
    5657   1.0000000000E+00
    5658   1.0000000000E+00
    5659   1.0000000000E+00
    5660   1.0000000000E+00
    5661   1.0000000000E+00
    5662   1.0000000000E+00
    5663   1.0000000000E+00
    5664   1.0000000000E+00
    5665   1.0000000000E+00
    5666   1.0000000000E+00
    5667   1.0000000000E+00
    5668   1.0000000000E+00
    5669   1.0000000000E+00
    5670   1.0000000000E+00
    5671   1.0000000000E+00
    5672   1.0000000000E+00
    5673   1.0000000000E+00
    5674   1.0000000000E+00
    5675   1.0000000000E+00
    5676   1.0000000000E+00
    5677   1.0000000000E+00
    5678   1.0000000000E+00
    5679   1.0000000000E+00
    5680   1.0000000000E+00
    5681   1.0000000000E+00
    5682   1.0000000000E+00
    5683   1.0000000000E+00
    5684   1.0000000000E+00
    5685   1.0000000000E+00
    5686   1.0000000000E+00
    5687   1.0000000000E+00
    5688   1.0000000000E+00
    5689   1.0000000000E+00
    5690   1.0000000000E+00
    5691   1.0000000000E+00
    5692   1.0000000000E+00
    5693   1.0000000000E+00
    5694   1.0000000000E+00
    5695   1.0000000000E+00
    5696   1.0000000000E+00
    5697   1.0000000000E+00
    5698   1.0000000000E+00
    5699   1.0000000000E+00
    5700   1.0000000000E+00
    5701   1.0000000000E+00
    5702   1.0000000000E+00
    5703   1.0000000000E+00
    5704   1.0000000000E+00
    5705   1.0000000000E+00
    5706   1.0000000000E+00
    5707   1.0000000000E+00
    5708   1.0000000000E+00
    5709   1.0000000000E+00
    5710   1.0000000000E+00
    5711   1.0000000000E+00
    5712   1.0000000000E+00
    5713   1.0000000000E+00
    5714   1.0000000000E+00
    5715   1.0000000000E+00
    5716   1.0000000000E+00
    5717   1.0000000000E+00
    5718   1.0000000000E+00
    5719   1.0000000000E+00
    5720   1.0000000000E+00
    5721   1.0000000000E+00
    5722   1.0000000000E+00
    5723   1.0000000000E+00
    5724   1.0000000000E+00
    5725   1.0000000000E+00
    5726   1.0000000000E+00
    5727   1.0000000000E+00
    5728   1.0000000000E+00
    5729   1.0000000000E+00
    5730   1.0000000000E+00
    5731   1.0000000000E+00
    5732   1.0000000000E+00
    5733   1.0000000000E+00
    5734   1.0000000000E+00
    5735   1.0000000000E+00
    5736   1.0000000000E+00
    5737   1.0000000000E+00
    5738   1.0000000000E+00
    5739   1.0000000000E+00
    5740   1.0000000000E+00
    5741   1.0000000000E+00
    5742   1.0000000000E+00
    5743   1.0000000000E+00
    5744   1.0000000000E+00
    5745   1.0000000000E+00
    5746   1.0000000000E+00
    5747   1.0000000000E+00
    5748   1.0000000000E+00
    5749   1.0000000000E+00
    5750   1.0000000000E+00
    5751   1.0000000000E+00
    5752   1.0000000000E+00
    5753   1.0000000000E+00
    5754   1.0000000000E+00
    5755   1.0000000000E+00
    5756   1.0000000000E+00
    5757   1.0000000000E+00
    5758   1.0000000000E+00
    5759   1.0000000000E+00
    5760   1.0000000000E+00
    5761   1.0000000000E+00
    5762   1.0000000000E+00
    5763   1.0000000000E+00
    5764   1.0000000000E+00
    5765   1.0000000000E+00
    5766   1.0000000000E+00
    5767   1.0000000000E+00
    5768   1.0000000000E+00
    5769   1.0000000000E+00
    5770   1.0000000000E+00
    5771   1.0000000000E+00
    5772   1.0000000000E+00
    5773   1.0000000000E+00
    5774   1.0000000000E+00
    5775   1.0000000000E+00
    5776   1.0000000000E+00
    5777   1.0000000000E+00
    5778   1.0000000000E+00
    5779   1.0000000000E+00
    5780   1.0000000000E+00
    5781   1.0000000000E+00
    5782   1.0000000000E+00
    5783   1.0000000000E+00
    5784   1.0000000000E+00
    5785   1.0000000000E+00
    5786   1.0000000000E+00
    5787   1.0000000000E+00
    5788   1.0000000000E+00
    5789   1.0000000000E+00
    5790   1.0000000000E+00
    5791   1.0000000000E+00
    5792   1.0000000000E+00
    5793   1.0000000000E+00
    5794   1.0000000000E+00
    5795   1.0000000000E+00
    5796   1.0000000000E+00
    5797   1.0000000000E+00
    5798   1.0000000000E+00
    5799   1.0000000000E+00
    5800   1.0000000000E+00
    5801   1.0000000000E+00
    5802   1.0000000000E+00
    5803   1.0000000000E+00
    5804   1.0000000000E+00
    5805   1.0000000000E+00
    5806   1.0000000000E+00
    5807   1.0000000000E+00
    5808   1.0000000000E+00
    5809   1.0000000000E+00
    5810   1.0000000000E+00
    5811   1.0000000000E+00
    5812   1.0000000000E+00
    5813   1.0000000000E+00
    5814   1.0000000000E+00
    5815   1.0000000000E+00
    5816   1.0000000000E+00
    5817   1.0000000000E+00
    5818   1.0000000000E+00
    5819   1.0000000000E+00
    5820   1.0000000000E+00
    5821   1.0000000000E+00
    5822   1.0000000000E+00
    5823   1.0000000000E+00
    5824   1.0000000000E+00
    5825   1.0000000000E+00
    5826   1.0000000000E+00
    5827   1.0000000000E+00
    5828   1.0000000000E+00
    5829   1.0000000000E+00
    5830   1.0000000000E+00
    5831   1.0000000000E+00
    5832   1.0000000000E+00
    5833   1.0000000000E+00
    5834   1.0000000000E+00
    5835   1.0000000000E+00
    5836   1.0000000000E+00
    5837   1.0000000000E+00
    5838   1.0000000000E+00
    5839   1.0000000000E+00
    5840   1.0000000000E+00
    5841   1.0000000000E+00
    5842   1.0000000000E+00
    5843   1.0000000000E+00
    5844   1.0000000000E+00
    5845   1.0000000000E+00
    5846   1.0000000000E+00
    5847   1.0000000000E+00
    5848   1.0000000000E+00
    5849   1.0000000000E+00
    5850   1.0000000000E+00
    5851   1.0000000000E+00
    5852   1.0000000000E+00
    5853   1.0000000000E+00
    5854   1.0000000000E+00
    5855   1.0000000000E+00
    5856   1.0000000000E+00
    5857   1.0000000000E+00
    5858   1.0000000000E+00
    5859   1.0000000000E+00
    5860   1.0000000000E+00
    5861   1.0000000000E+00
    5862   1.0000000000E+00
    5863   1.0000000000E+00
    5864   1.0000000000E+00
    5865   1.0000000000E+00
    5866   1.0000000000E+00
    5867   1.0000000000E+00
    5868   1.0000000000E+00
    5869   1.0000000000E+00
    5870   1.0000000000E+00
    5871   1.0000000000E+00
    5872   1.0000000000E+00
    5873   1.0000000000E+00
    5874   1.0000000000E+00
    5875   1.0000000000E+00
    5876   1.0000000000E+00
    5877   1.0000000000E+00
    5878   1.0000000000E+00
    5879   1.0000000000E+00
    5880   1.0000000000E+00
    5881   1.0000000000E+00
    5882   1.0000000000E+00
    5883   1.0000000000E+00
    5884   1.0000000000E+00
    5885   1.0000000000E+00
    5886   1.0000000000E+00
    5887   1.0000000000E+00
    5888   1.0000000000E+00
    5889   1.0000000000E+00
    5890   1.0000000000E+00
    5891   1.0000000000E+00
    5892   1.0000000000E+00
    5893   1.0000000000E+00
    5894   1.0000000000E+00
    5895   1.0000000000E+00
    5896   1.0000000000E+00
    5897   1.0000000000E+00
    5898   1.0000000000E+00
    5899   1.0000000000E+00
    5900   1.0000000000E+00
    5901   1.0000000000E+00
    5902   1.0000000000E+00
    5903   1.0000000000E+00
    5904   1.0000000000E+00
    5905   1.0000000000E+00
    5906   1.0000000000E+00
    5907   1.0000000000E+00
    5908   1.0000000000E+00
    5909   1.0000000000E+00
    5910   1.0000000000E+00
    5911   1.0000000000E+00
    5912   1.0000000000E+00
    5913   1.0000000000E+00
    5914   1.0000000000E+00
    5915   1.0000000000E+00
    5916   1.0000000000E+00
    5917   1.0000000000E+00
    5918   1.0000000000E+00
    5919   1.0000000000E+00
    5920   1.0000000000E+00
    5921   1.0000000000E+00
    5922   1.0000000000E+00
    5923   1.0000000000E+00
    5924   1.0000000000E+00
    5925   1.0000000000E+00
    5926   1.0000000000E+00
    5927   1.0000000000E+00
    5928   1.0000000000E+00
    5929   1.0000000000E+00
    5930   1.0000000000E+00
    5931   1.0000000000E+00
    5932   1.0000000000E+00
    5933   1.0000000000E+00
    5934   1.0000000000E+00
    5935   1.0000000000E+00
    5936   1.0000000000E+00
    5937   1.0000000000E+00
    5938   1.0000000000E+00
    5939   1.0000000000E+00
    5940   1.0000000000E+00
    5941   1.0000000000E+00
    5942   1.0000000000E+00
    5943   1.0000000000E+00
    5944   1.0000000000E+00
    5945   1.0000000000E+00
    5946   1.0000000000E+00
    5947   1.0000000000E+00
    5948   1.0000000000E+00
    5949   1.0000000000E+00
    5950   1.0000000000E+00
    5951   1.0000000000E+00
    5952   1.0000000000E+00
    5953   1.0000000000E+00
    5954   1.0000000000E+00
    5955   1.0000000000E+00
    5956   1.0000000000E+00
    5957   1.0000000000E+00
    5958   1.0000000000E+00
    5959   1.0000000000E+00
    5960   1.0000000000E+00
    5961   1.0000000000E+00
    5962   1.0000000000E+00
    5963   1.0000000000E+00
    5964   1.0000000000E+00
    5965   1.0000000000E+00
    5966   1.0000000000E+00
    5967   1.0000000000E+00
    5968   1.0000000000E+00
    5969   1.0000000000E+00
    5970   1.0000000000E+00
    5971   1.0000000000E+00
    5972   1.0000000000E+00
    5973   1.0000000000E+00
    5974   1.0000000000E+00
    5975   1.0000000000E+00
    5976   1.0000000000E+00
    5977   1.0000000000E+00
    5978   1.0000000000E+00
    5979   1.0000000000E+00
    5980   1.0000000000E+00
    5981   1.0000000000E+00
    5982   1.0000000000E+00
    5983   1.0000000000E+00
    5984   1.0000000000E+00
    5985   1.0000000000E+00
    5986   1.0000000000E+00
    5987   1.0000000000E+00
    5988   1.0000000000E+00
    5989   1.0000000000E+00
    5990   1.0000000000E+00
    5991   1.0000000000E+00
    5992   1.0000000000E+00
    5993   1.0000000000E+00
    5994   1.0000000000E+00
    5995   1.0000000000E+00
    5996   1.0000000000E+00
    5997   1.0000000000E+00
    5998   1.0000000000E+00
    5999   1.0000000000E+00
    6000   1.0000000000E+00
    6001   1.0000000000E+00
    6002   1.0000000000E+00
    6003   1.0000000000E+00
    6004   1.0000000000E+00
    6005   1.0000000000E+00
    6006   1.0000000000E+00
    6007   1.0000000000E+00
    6008   1.0000000000E+00
    6009   1.0000000000E+00
    6010   1.0000000000E+00
    6011   1.0000000000E+00
    6012   1.0000000000E+00
    6013   1.0000000000E+00
    6014   1.0000000000E+00
    6015   1.0000000000E+00
    6016   1.0000000000E+00
    6017   1.0000000000E+00
    6018   1.0000000000E+00
    6019   1.0000000000E+00
    6020   1.0000000000E+00
    6021   1.0000000000E+00
    6022   1.0000000000E+00
    6023   1.0000000000E+00
    6024   1.0000000000E+00
    6025   1.0000000000E+00
    6026   1.0000000000E+00
    6027   1.0000000000E+00
    6028   1.0000000000E+00
    6029   1.0000000000E+00
    6030   1.0000000000E+00
    6031   1.0000000000E+00
    6032   1.0000000000E+00
    6033   1.0000000000E+00
    6034   1.0000000000E+00
    6035   1.0000000000E+00
    6036   1.0000000000E+00
    6037   1.0000000000E+00
    6038   1.0000000000E+00
    6039   1.0000000000E+00
    6040   1.0000000000E+00
    6041   1.0000000000E+00
    6042   1.0000000000E+00
    6043   1.0000000000E+00
    6044   1.0000000000E+00
    6045   1.0000000000E+00
    6046   1.0000000000E+00
    6047   1.0000000000E+00
    6048   1.0000000000E+00
    6049   1.0000000000E+00
    6050   1.0000000000E+00
    6051   1.0000000000E+00
    6052   1.0000000000E+00
    6053   1.0000000000E+00
    6054   1.0000000000E+00
    6055   1.0000000000E+00
    6056   1.0000000000E+00
    6057   1.0000000000E+00
    6058   1.0000000000E+00
    6059   1.0000000000E+00
    6060   1.0000000000E+00
    6061   1.0000000000E+00
    6062   1.0000000000E+00
    6063   1.0000000000E+00
    6064   1.0000000000E+00
    6065   1.0000000000E+00
    6066   1.0000000000E+00
    6067   1.0000000000E+00
    6068   1.0000000000E+00
    6069   1.0000000000E+00
    6070   1.0000000000E+00
    6071   1.0000000000E+00
    6072   1.0000000000E+00
    6073   1.0000000000E+00
    6074   1.0000000000E+00
    6075   1.0000000000E+00
    6076   1.0000000000E+00
    6077   1.0000000000E+00
    6078   1.0000000000E+00
    6079   1.0000000000E+00
    6080   1.0000000000E+00
    6081   1.0000000000E+00
    6082   1.0000000000E+00
    6083   1.0000000000E+00
    6084   1.0000000000E+00
    6085   1.0000000000E+00
    6086   1.0000000000E+00
    6087   1.0000000000E+00
    6088   1.0000000000E+00
    6089   1.0000000000E+00
    6090   1.0000000000E+00
    6091   1.0000000000E+00
    6092   1.0000000000E+00
    6093   1.0000000000E+00
    6094   1.0000000000E+00
    6095   1.0000000000E+00
    6096   1.0000000000E+00
    6097   1.0000000000E+00
    6098   1.0000000000E+00
    6099   1.0000000000E+00
    6100   1.0000000000E+00
    6101   1.0000000000E+00
    6102   1.0000000000E+00
    6103   1.0000000000E+00
    6104   1.0000000000E+00
    6105   1.0000000000E+00
    6106   1.0000000000E+00
    6107   1.0000000000E+00
    6108   1.0000000000E+00
    6109   1.0000000000E+00
    6110   1.0000000000E+00
    6111   1.0000000000E+00
    6112   1.0000000000E+00
    6113   1.0000000000E+00
    6114   1.0000000000E+00
    6115   1.0000000000E+00
    6116   1.0000000000E+00
    6117   1.0000000000E+00
    6118   1.0000000000E+00
    6119   1.0000000000E+00
    6120   1.0000000000E+00
    6121   1.0000000000E+00
    6122   1.0000000000E+00
    6123   1.0000000000E+00
    6124   1.0000000000E+00
    6125   1.0000000000E+00
    6126   1.0000000000E+00
    6127   1.0000000000E+00
    6128   1.0000000000E+00
    6129   1.0000000000E+00
    6130   1.0000000000E+00
    6131   1.0000000000E+00
    6132   1.0000000000E+00
    6133   1.0000000000E+00
    6134   1.0000000000E+00
    6135   1.0000000000E+00
    6136   1.0000000000E+00
    6137   1.0000000000E+00
    6138   1.0000000000E+00
    6139   1.0000000000E+00
    6140   1.0000000000E+00
    6141   1.0000000000E+00
    6142   1.0000000000E+00
    6143   1.0000000000E+00
    6144   1.0000000000E+00
    6145   1.0000000000E+00
    6146   1.0000000000E+00
    6147   1.0000000000E+00
    6148   1.0000000000E+00
    6149   1.0000000000E+00
    6150   1.0000000000E+00
    6151   1.0000000000E+00
    6152   1.0000000000E+00
    6153   1.0000000000E+00
    6154   1.0000000000E+00
    6155   1.0000000000E+00
    6156   1.0000000000E+00
    6157   1.0000000000E+00
    6158   1.0000000000E+00
    6159   1.0000000000E+00
    6160   1.0000000000E+00
    6161   1.0000000000E+00
    6162   1.0000000000E+00
    6163   1.0000000000E+00
    6164   1.0000000000E+00
    6165   1.0000000000E+00
    6166   1.0000000000E+00
    6167   1.0000000000E+00
    6168   1.0000000000E+00
    6169   1.0000000000E+00
    6170   1.0000000000E+00
    6171   1.0000000000E+00
    6172   1.0000000000E+00
    6173   1.0000000000E+00
    6174   1.0000000000E+00
    6175   1.0000000000E+00
    6176   1.0000000000E+00
    6177   1.0000000000E+00
    6178   1.0000000000E+00
    6179   1.0000000000E+00
    6180   1.0000000000E+00
    6181   1.0000000000E+00
    6182   1.0000000000E+00
    6183   1.0000000000E+00
    6184   1.0000000000E+00
    6185   1.0000000000E+00
    6186   1.0000000000E+00
    6187   1.0000000000E+00
    6188   1.0000000000E+00
    6189   1.0000000000E+00
    6190   1.0000000000E+00
    6191   1.0000000000E+00
    6192   1.0000000000E+00
    6193   1.0000000000E+00
    6194   1.0000000000E+00
    6195   1.0000000000E+00
    6196   1.0000000000E+00
    6197   1.0000000000E+00
    6198   1.0000000000E+00
    6199   1.0000000000E+00
    6200   1.0000000000E+00
    6201   1.0000000000E+00
    6202   1.0000000000E+00
    6203   1.0000000000E+00
    6204   1.0000000000E+00
    6205   1.0000000000E+00
    6206   1.0000000000E+00
    6207   1.0000000000E+00
    6208   1.0000000000E+00
    6209   1.0000000000E+00
    6210   1.0000000000E+00
    6211   1.0000000000E+00
    6212   1.0000000000E+00
    6213   1.0000000000E+00
    6214   1.0000000000E+00
    6215   1.0000000000E+00
    6216   1.0000000000E+00
    6217   1.0000000000E+00
    6218   1.0000000000E+00
    6219   1.0000000000E+00
    6220   1.0000000000E+00
    6221   1.0000000000E+00
    6222   1.0000000000E+00
    6223   1.0000000000E+00
    6224   1.0000000000E+00
    6225   1.0000000000E+00
    6226   1.0000000000E+00
    6227   1.0000000000E+00
    6228   1.0000000000E+00
    6229   1.0000000000E+00
    6230   1.0000000000E+00
    6231   1.0000000000E+00
    6232   1.0000000000E+00
    6233   1.0000000000E+00
    6234   1.0000000000E+00
    6235   1.0000000000E+00
    6236   1.0000000000E+00
    6237   1.0000000000E+00
    6238   1.0000000000E+00
    6239   1.0000000000E+00
    6240   1.0000000000E+00
    6241   1.0000000000E+00
    6242   1.0000000000E+00
    6243   1.0000000000E+00
    6244   1.0000000000E+00
    6245   1.0000000000E+00
    6246   1.0000000000E+00
    6247   1.0000000000E+00
    6248   1.0000000000E+00
    6249   1.0000000000E+00
    6250   1.0000000000E+00
    6251   1.0000000000E+00
    6252   1.0000000000E+00
    6253   1.0000000000E+00
    6254   1.0000000000E+00
    6255   1.0000000000E+00
    6256   1.0000000000E+00
    6257   1.0000000000E+00
    6258   1.0000000000E+00
    6259   1.0000000000E+00
    6260   1.0000000000E+00
    6261   1.0000000000E+00
    6262   1.0000000000E+00
    6263   1.0000000000E+00
    6264   1.0000000000E+00
    6265   1.0000000000E+00
    6266   1.0000000000E+00
    6267   1.0000000000E+00
    6268   1.0000000000E+00
    6269   1.0000000000E+00
    6270   1.0000000000E+00
    6271   1.0000000000E+00
    6272   1.0000000000E+00
    6273   1.0000000000E+00
    6274   1.0000000000E+00
    6275   1.0000000000E+00
    6276   1.0000000000E+00
    6277   1.0000000000E+00
    6278   1.0000000000E+00
    6279   1.0000000000E+00
    6280   1.0000000000E+00
    6281   1.0000000000E+00
    6282   1.0000000000E+00
    6283   1.0000000000E+00
    6284   1.0000000000E+00
    6285   1.0000000000E+00
    6286   1.0000000000E+00
    6287   1.0000000000E+00
    6288   1.0000000000E+00
    6289   1.0000000000E+00
    6290   1.0000000000E+00
    6291   1.0000000000E+00
    6292   1.0000000000E+00
    6293   1.0000000000E+00
    6294   1.0000000000E+00
    6295   1.0000000000E+00
    6296   1.0000000000E+00
    6297   1.0000000000E+00
    6298   1.0000000000E+00
    6299   1.0000000000E+00
    6300   1.0000000000E+00
    6301   1.0000000000E+00
    6302   1.0000000000E+00
    6303   1.0000000000E+00
    6304   1.0000000000E+00
    6305   1.0000000000E+00
    6306   1.0000000000E+00
    6307   1.0000000000E+00
    6308   1.0000000000E+00
    6309   1.0000000000E+00
    6310   1.0000000000E+00
    6311   1.0000000000E+00
    6312   1.0000000000E+00
    6313   1.0000000000E+00
    6314   1.0000000000E+00
    6315   1.0000000000E+00
    6316   1.0000000000E+00
    6317   1.0000000000E+00
    6318   1.0000000000E+00
    6319   1.0000000000E+00
    6320   1.0000000000E+00
    6321   1.0000000000E+00
    6322   1.0000000000E+00
    6323   1.0000000000E+00
    6324   1.0000000000E+00
    6325   1.0000000000E+00
    6326   1.0000000000E+00
    6327   1.0000000000E+00
    6328   1.0000000000E+00
    6329   1.0000000000E+00
    6330   1.0000000000E+00
    6331   1.0000000000E+00
    6332   1.0000000000E+00
    6333   1.0000000000E+00
    6334   1.0000000000E+00
    6335   1.0000000000E+00
    6336   1.0000000000E+00
    6337   1.0000000000E+00
    6338   1.0000000000E+00
    6339   1.0000000000E+00
    6340   1.0000000000E+00
    6341   1.0000000000E+00
    6342   1.0000000000E+00
    6343   1.0000000000E+00
    6344   1.0000000000E+00
    6345   1.0000000000E+00
    6346   1.0000000000E+00
    6347   1.0000000000E+00
    6348   1.0000000000E+00
    6349   1.0000000000E+00
    6350   1.0000000000E+00
    6351   1.0000000000E+00
    6352   1.0000000000E+00
    6353   1.0000000000E+00
    6354   1.0000000000E+00
    6355   1.0000000000E+00
    6356   1.0000000000E+00
    6357   1.0000000000E+00
    6358   1.0000000000E+00
    6359   1.0000000000E+00
    6360   1.0000000000E+00
    6361   1.0000000000E+00
    6362   1.0000000000E+00
    6363   1.0000000000E+00
    6364   1.0000000000E+00
    6365   1.0000000000E+00
    6366   1.0000000000E+00
    6367   1.0000000000E+00
    6368   1.0000000000E+00
    6369   1.0000000000E+00
    6370   1.0000000000E+00
    6371   1.0000000000E+00
    6372   1.0000000000E+00
    6373   1.0000000000E+00
    6374   1.0000000000E+00
    6375   1.0000000000E+00
    6376   1.0000000000E+00
    6377   1.0000000000E+00
    6378   1.0000000000E+00
    6379   1.0000000000E+00
    6380   1.0000000000E+00
    6381   1.0000000000E+00
    6382   1.0000000000E+00
    6383   1.0000000000E+00
    6384   1.0000000000E+00
    6385   1.0000000000E+00
    6386   1.0000000000E+00
    6387   1.0000000000E+00
    6388   1.0000000000E+00
    6389   1.0000000000E+00
    6390   1.0000000000E+00
    6391   1.0000000000E+00
    6392   1.0000000000E+00
    6393   1.0000000000E+00
    6394   1.0000000000E+00
    6395   1.0000000000E+00
    6396   1.0000000000E+00
    6397   1.0000000000E+00
    6398   1.0000000000E+00
    6399   1.0000000000E+00
    6400   1.0000000000E+00
    6401   1.0000000000E+00
    6402   1.0000000000E+00
    6403   1.0000000000E+00
    6404   1.0000000000E+00
    6405   1.0000000000E+00
    6406   1.0000000000E+00
    6407   1.0000000000E+00
    6408   1.0000000000E+00
    6409   1.0000000000E+00
    6410   1.0000000000E+00
    6411   1.0000000000E+00
    6412   1.0000000000E+00
    6413   1.0000000000E+00
    6414   1.0000000000E+00
    6415   1.0000000000E+00
    6416   1.0000000000E+00
    6417   1.0000000000E+00
    6418   1.0000000000E+00
    6419   1.0000000000E+00
    6420   1.0000000000E+00
    6421   1.0000000000E+00
    6422   1.0000000000E+00
    6423   1.0000000000E+00
    6424   1.0000000000E+00
    6425   1.0000000000E+00
    6426   1.0000000000E+00
    6427   1.0000000000E+00
    6428   1.0000000000E+00
    6429   1.0000000000E+00
    6430   1.0000000000E+00
    6431   1.0000000000E+00
    6432   1.0000000000E+00
    6433   1.0000000000E+00
    6434   1.0000000000E+00
    6435   1.0000000000E+00
    6436   1.0000000000E+00
    6437   1.0000000000E+00
    6438   1.0000000000E+00
    6439   1.0000000000E+00
    6440   1.0000000000E+00
    6441   1.0000000000E+00
    6442   1.0000000000E+00
    6443   1.0000000000E+00
    6444   1.0000000000E+00
    6445   1.0000000000E+00
    6446   1.0000000000E+00
    6447   1.0000000000E+00
    6448   1.0000000000E+00
    6449   1.0000000000E+00
    6450   1.0000000000E+00
    6451   1.0000000000E+00
    6452   1.0000000000E+00
    6453   1.0000000000E+00
    6454   1.0000000000E+00
    6455   1.0000000000E+00
    6456   1.0000000000E+00
    6457   1.0000000000E+00
    6458   1.0000000000E+00
    6459   1.0000000000E+00
    6460   1.0000000000E+00
    6461   1.0000000000E+00
    6462   1.0000000000E+00
    6463   1.0000000000E+00
    6464   1.0000000000E+00
    6465   1.0000000000E+00
    6466   1.0000000000E+00
    6467   1.0000000000E+00
    6468   1.0000000000E+00
    6469   1.0000000000E+00
    6470   1.0000000000E+00
    6471   1.0000000000E+00
    6472   1.0000000000E+00
    6473   1.0000000000E+00
    6474   1.0000000000E+00
    6475   1.0000000000E+00
    6476   1.0000000000E+00
    6477   1.0000000000E+00
    6478   1.0000000000E+00
    6479   1.0000000000E+00
    6480   1.0000000000E+00
    6481   1.0000000000E+00
    6482   1.0000000000E+00
    6483   1.0000000000E+00
    6484   1.0000000000E+00
    6485   1.0000000000E+00
    6486   1.0000000000E+00
    6487   1.0000000000E+00
    6488   1.0000000000E+00
    6489   1.0000000000E+00
    6490   1.0000000000E+00
    6491   1.0000000000E+00
    6492   1.0000000000E+00
    6493   1.0000000000E+00
    6494   1.0000000000E+00
    6495   1.0000000000E+00
    6496   1.0000000000E+00
    6497   1.0000000000E+00
    6498   1.0000000000E+00
    6499   1.0000000000E+00
    6500   1.0000000000E+00
    6501   1.0000000000E+00
    6502   1.0000000000E+00
    6503   1.0000000000E+00
    6504   1.0000000000E+00
    6505   1.0000000000E+00
    6506   1.0000000000E+00
    6507   1.0000000000E+00
    6508   1.0000000000E+00
    6509   1.0000000000E+00
    6510   1.0000000000E+00
    6511   1.0000000000E+00
    6512   1.0000000000E+00
    6513   1.0000000000E+00
    6514   1.0000000000E+00
    6515   1.0000000000E+00
    6516   1.0000000000E+00
    6517   1.0000000000E+00
    6518   1.0000000000E+00
    6519   1.0000000000E+00
    6520   1.0000000000E+00
    6521   1.0000000000E+00
    6522   1.0000000000E+00
    6523   1.0000000000E+00
    6524   1.0000000000E+00
    6525   1.0000000000E+00
    6526   1.0000000000E+00
    6527   1.0000000000E+00
    6528   1.0000000000E+00
    6529   1.0000000000E+00
    6530   1.0000000000E+00
    6531   1.0000000000E+00
    6532   1.0000000000E+00
    6533   1.0000000000E+00
    6534   1.0000000000E+00
    6535   1.0000000000E+00
    6536   1.0000000000E+00
    6537   1.0000000000E+00
    6538   1.0000000000E+00
    6539   1.0000000000E+00
    6540   1.0000000000E+00
    6541   1.0000000000E+00
    6542   1.0000000000E+00
    6543   1.0000000000E+00
    6544   1.0000000000E+00
    6545   1.0000000000E+00
    6546   1.0000000000E+00
    6547   1.0000000000E+00
    6548   1.0000000000E+00
    6549   1.0000000000E+00
    6550   1.0000000000E+00
    6551   1.0000000000E+00
    6552   1.0000000000E+00
    6553   1.0000000000E+00
    6554   1.0000000000E+00
    6555   1.0000000000E+00
    6556   1.0000000000E+00
    6557   1.0000000000E+00
    6558   1.0000000000E+00
    6559   1.0000000000E+00
    6560   1.0000000000E+00
    6561   1.0000000000E+00
    6562   1.0000000000E+00
    6563   1.0000000000E+00
    6564   1.0000000000E+00
    6565   1.0000000000E+00
    6566   1.0000000000E+00
    6567   1.0000000000E+00
    6568   1.0000000000E+00
    6569   1.0000000000E+00
    6570   1.0000000000E+00
    6571   1.0000000000E+00
    6572   1.0000000000E+00
    6573   1.0000000000E+00
    6574   1.0000000000E+00
    6575   1.0000000000E+00
    6576   1.0000000000E+00
    6577   1.0000000000E+00
    6578   1.0000000000E+00
    6579   1.0000000000E+00
    6580   1.0000000000E+00
    6581   1.0000000000E+00
    6582   1.0000000000E+00
    6583   1.0000000000E+00
    6584   1.0000000000E+00
    6585   1.0000000000E+00
    6586   1.0000000000E+00
    6587   1.0000000000E+00
    6588   1.0000000000E+00
    6589   1.0000000000E+00
    6590   1.0000000000E+00
    6591   1.0000000000E+00
    6592   1.0000000000E+00
    6593   1.0000000000E+00
    6594   1.0000000000E+00
    6595   1.0000000000E+00
    6596   1.0000000000E+00
    6597   1.0000000000E+00
    6598   1.0000000000E+00
    6599   1.0000000000E+00
    6600   1.0000000000E+00
    6601   1.0000000000E+00
    6602   1.0000000000E+00
    6603   1.0000000000E+00
    6604   1.0000000000E+00
    6605   1.0000000000E+00
    6606   1.0000000000E+00
    6607   1.0000000000E+00
    6608   1.0000000000E+00
    6609   1.0000000000E+00
    6610   1.0000000000E+00
    6611   1.0000000000E+00
    6612   1.0000000000E+00
    6613   1.0000000000E+00
    6614   1.0000000000E+00
    6615   1.0000000000E+00
    6616   1.0000000000E+00
    6617   1.0000000000E+00
    6618   1.0000000000E+00
    6619   1.0000000000E+00
    6620   1.0000000000E+00
    6621   1.0000000000E+00
    6622   1.0000000000E+00
    6623   1.0000000000E+00
    6624   1.0000000000E+00
    6625   1.0000000000E+00
    6626   1.0000000000E+00
    6627   1.0000000000E+00
    6628   1.0000000000E+00
    6629   1.0000000000E+00
    6630   1.0000000000E+00
    6631   1.0000000000E+00
    6632   1.0000000000E+00
    6633   1.0000000000E+00
    6634   1.0000000000E+00
    6635   1.0000000000E+00
    6636   1.0000000000E+00
    6637   1.0000000000E+00
    6638   1.0000000000E+00
    6639   1.0000000000E+00
    6640   1.0000000000E+00
    6641   1.0000000000E+00
    6642   1.0000000000E+00
    6643   1.0000000000E+00
    6644   1.0000000000E+00
    6645   1.0000000000E+00
    6646   1.0000000000E+00
    6647   1.0000000000E+00
    6648   1.0000000000E+00
    6649   1.0000000000E+00
    6650   1.0000000000E+00
    6651   1.0000000000E+00
    6652   1.0000000000E+00
    6653   1.0000000000E+00
    6654   1.0000000000E+00
    6655   1.0000000000E+00
    6656   1.0000000000E+00
    6657   1.0000000000E+00
    6658   1.0000000000E+00
    6659   1.0000000000E+00
    6660   1.0000000000E+00
    6661   1.0000000000E+00
    6662   1.0000000000E+00
    6663   1.0000000000E+00
    6664   1.0000000000E+00
    6665   1.0000000000E+00
    6666   1.0000000000E+00
    6667   1.0000000000E+00
    6668   1.0000000000E+00
    6669   1.0000000000E+00
    6670   1.0000000000E+00
    6671   1.0000000000E+00
    6672   1.0000000000E+00
    6673   1.0000000000E+00
    6674   1.0000000000E+00
    6675   1.0000000000E+00
    6676   1.0000000000E+00
    6677   1.0000000000E+00
    6678   1.0000000000E+00
    6679   1.0000000000E+00
    6680   1.0000000000E+00
    6681   1.0000000000E+00
    6682   1.0000000000E+00
    6683   1.0000000000E+00
    6684   1.0000000000E+00
    6685   1.0000000000E+00
    6686   1.0000000000E+00
    6687   1.0000000000E+00
    6688   1.0000000000E+00
    6689   1.0000000000E+00
    6690   1.0000000000E+00
    6691   1.0000000000E+00
    6692   1.0000000000E+00
    6693   1.0000000000E+00
    6694   1.0000000000E+00
    6695   1.0000000000E+00
    6696   1.0000000000E+00
    6697   1.0000000000E+00
    6698   1.0000000000E+00
    6699   1.0000000000E+00
    6700   1.0000000000E+00
    6701   1.0000000000E+00
    6702   1.0000000000E+00
    6703   1.0000000000E+00
    6704   1.0000000000E+00
    6705   1.0000000000E+00
    6706   1.0000000000E+00
    6707   1.0000000000E+00
    6708   1.0000000000E+00
    6709   1.0000000000E+00
    6710   1.0000000000E+00
    6711   1.0000000000E+00
    6712   1.0000000000E+00
    6713   1.0000000000E+00
    6714   1.0000000000E+00
    6715   1.0000000000E+00
    6716   1.0000000000E+00
    6717   1.0000000000E+00
    6718   1.0000000000E+00
    6719   1.0000000000E+00
    6720   1.0000000000E+00
    6721   1.0000000000E+00
    6722   1.0000000000E+00
    6723   1.0000000000E+00
    6724   1.0000000000E+00
    6725   1.0000000000E+00
    6726   1.0000000000E+00
    6727   1.0000000000E+00
    6728   1.0000000000E+00
    6729   1.0000000000E+00
    6730   1.0000000000E+00
    6731   1.0000000000E+00
    6732   1.0000000000E+00
    6733   1.0000000000E+00
    6734   1.0000000000E+00
    6735   1.0000000000E+00
    6736   1.0000000000E+00
    6737   1.0000000000E+00
    6738   1.0000000000E+00
    6739   1.0000000000E+00
    6740   1.0000000000E+00
    6741   1.0000000000E+00
    6742   1.0000000000E+00
    6743   1.0000000000E+00
    6744   1.0000000000E+00
    6745   1.0000000000E+00
    6746   1.0000000000E+00
    6747   1.0000000000E+00
    6748   1.0000000000E+00
    6749   1.0000000000E+00
    6750   1.0000000000E+00
    6751   1.0000000000E+00
    6752   1.0000000000E+00
    6753   1.0000000000E+00
    6754   1.0000000000E+00
    6755   1.0000000000E+00
    6756   1.0000000000E+00
    6757   1.0000000000E+00
    6758   1.0000000000E+00
    6759   1.0000000000E+00
    6760   1.0000000000E+00
    6761   1.0000000000E+00
    6762   1.0000000000E+00
    6763   1.0000000000E+00
    6764   1.0000000000E+00
    6765   1.0000000000E+00
    6766   1.0000000000E+00
    6767   1.0000000000E+00
    6768   1.0000000000E+00
    6769   1.0000000000E+00
    6770   1.0000000000E+00
    6771   1.0000000000E+00
    6772   1.0000000000E+00
    6773   1.0000000000E+00
    6774   1.0000000000E+00
    6775   1.0000000000E+00
    6776   1.0000000000E+00
    6777   1.0000000000E+00
    6778   1.0000000000E+00
    6779   1.0000000000E+00
    6780   1.0000000000E+00
    6781   1.0000000000E+00
    6782   1.0000000000E+00
    6783   1.0000000000E+00
    6784   1.0000000000E+00
    6785   1.0000000000E+00
    6786   1.0000000000E+00
    6787   1.0000000000E+00
    6788   1.0000000000E+00
    6789   1.0000000000E+00
    6790   1.0000000000E+00
    6791   1.0000000000E+00
    6792   1.0000000000E+00
    6793   1.0000000000E+00
    6794   1.0000000000E+00
    6795   1.0000000000E+00
    6796   1.0000000000E+00
    6797   1.0000000000E+00
    6798   1.0000000000E+00
    6799   1.0000000000E+00
    6800   1.0000000000E+00
    6801   1.0000000000E+00
    6802   1.0000000000E+00
    6803   1.0000000000E+00
    6804   1.0000000000E+00
    6805   1.0000000000E+00
    6806   1.0000000000E+00
    6807   1.0000000000E+00
    6808   1.0000000000E+00
    6809   1.0000000000E+00
    6810   1.0000000000E+00
    6811   1.0000000000E+00
    6812   1.0000000000E+00
    6813   1.0000000000E+00
    6814   1.0000000000E+00
    6815   1.0000000000E+00
    6816   1.0000000000E+00
    6817   1.0000000000E+00
    6818   1.0000000000E+00
    6819   1.0000000000E+00
    6820   1.0000000000E+00
    6821   1.0000000000E+00
    6822   1.0000000000E+00
    6823   1.0000000000E+00
    6824   1.0000000000E+00
    6825   1.0000000000E+00
    6826   1.0000000000E+00
    6827   1.0000000000E+00
    6828   1.0000000000E+00
    6829   1.0000000000E+00
    6830   1.0000000000E+00
    6831   1.0000000000E+00
    6832   1.0000000000E+00
    6833   1.0000000000E+00
    6834   1.0000000000E+00
    6835   1.0000000000E+00
    6836   1.0000000000E+00
    6837   1.0000000000E+00
    6838   1.0000000000E+00
    6839   1.0000000000E+00
    6840   1.0000000000E+00
    6841   1.0000000000E+00
    6842   1.0000000000E+00
    6843   1.0000000000E+00
    6844   1.0000000000E+00
    6845   1.0000000000E+00
    6846   1.0000000000E+00
    6847   1.0000000000E+00
    6848   1.0000000000E+00
    6849   1.0000000000E+00
    6850   1.0000000000E+00
    6851   1.0000000000E+00
    6852   1.0000000000E+00
    6853   1.0000000000E+00
    6854   1.0000000000E+00
    6855   1.0000000000E+00
    6856   1.0000000000E+00
    6857   1.0000000000E+00
    6858   1.0000000000E+00
    6859   1.0000000000E+00
    6860   1.0000000000E+00
    6861   1.0000000000E+00
    6862   1.0000000000E+00
    6863   1.0000000000E+00
    6864   1.0000000000E+00
    6865   1.0000000000E+00
    6866   1.0000000000E+00
    6867   1.0000000000E+00
    6868   1.0000000000E+00
    6869   1.0000000000E+00
    6870   1.0000000000E+00
    6871   1.0000000000E+00
    6872   1.0000000000E+00
    6873   1.0000000000E+00
    6874   1.0000000000E+00
    6875   1.0000000000E+00
    6876   1.0000000000E+00
    6877   1.0000000000E+00
    6878   1.0000000000E+00
    6879   1.0000000000E+00
    6880   1.0000000000E+00
    6881   1.0000000000E+00
    6882   1.0000000000E+00
    6883   1.0000000000E+00
    6884   1.0000000000E+00
    6885   1.0000000000E+00
    6886   1.0000000000E+00
    6887   1.0000000000E+00
    6888   1.0000000000E+00
    6889   1.0000000000E+00
    6890   1.0000000000E+00
    6891   1.0000000000E+00
    6892   1.0000000000E+00
    6893   1.0000000000E+00
    6894   1.0000000000E+00
    6895   1.0000000000E+00
    6896   1.0000000000E+00
    6897   1.0000000000E+00
    6898   1.0000000000E+00
    6899   1.0000000000E+00
    6900   1.0000000000E+00
    6901   1.0000000000E+00
    6902   1.0000000000E+00
    6903   1.0000000000E+00
    6904   1.0000000000E+00
    6905   1.0000000000E+00
    6906   1.0000000000E+00
    6907   1.0000000000E+00
    6908   1.0000000000E+00
    6909   1.0000000000E+00
    6910   1.0000000000E+00
    6911   1.0000000000E+00
    6912   1.0000000000E+00
    6913   1.0000000000E+00
    6914   1.0000000000E+00
    6915   1.0000000000E+00
    6916   1.0000000000E+00
    6917   1.0000000000E+00
    6918   1.0000000000E+00
    6919   1.0000000000E+00
    6920   1.0000000000E+00
    6921   1.0000000000E+00
    6922   1.0000000000E+00
    6923   1.0000000000E+00
    6924   1.0000000000E+00
    6925   1.0000000000E+00
    6926   1.0000000000E+00
    6927   1.0000000000E+00
    6928   1.0000000000E+00
    6929   1.0000000000E+00
    6930   1.0000000000E+00
    6931   1.0000000000E+00
    6932   1.0000000000E+00
    6933   1.0000000000E+00
    6934   1.0000000000E+00
    6935   1.0000000000E+00
    6936   1.0000000000E+00
    6937   1.0000000000E+00
    6938   1.0000000000E+00
    6939   1.0000000000E+00
    6940   1.0000000000E+00
    6941   1.0000000000E+00
    6942   1.0000000000E+00
    6943   1.0000000000E+00
    6944   1.0000000000E+00
    6945   1.0000000000E+00
    6946   1.0000000000E+00
    6947   1.0000000000E+00
    6948   1.0000000000E+00
    6949   1.0000000000E+00
    6950   1.0000000000E+00
    6951   1.0000000000E+00
    6952   1.0000000000E+00
    6953   1.0000000000E+00
    6954   1.0000000000E+00
    6955   1.0000000000E+00
    6956   1.0000000000E+00
    6957   1.0000000000E+00
    6958   1.0000000000E+00
    6959   1.0000000000E+00
    6960   1.0000000000E+00
    6961   1.0000000000E+00
    6962   1.0000000000E+00
    6963   1.0000000000E+00
    6964   1.0000000000E+00
    6965   1.0000000000E+00
    6966   1.0000000000E+00
    6967   1.0000000000E+00
    6968   1.0000000000E+00
    6969   1.0000000000E+00
    6970   1.0000000000E+00
    6971   1.0000000000E+00
    6972   1.0000000000E+00
    6973   1.0000000000E+00
    6974   1.0000000000E+00
    6975   1.0000000000E+00
    6976   1.0000000000E+00
    6977   1.0000000000E+00
    6978   1.0000000000E+00
    6979   1.0000000000E+00
    6980   1.0000000000E+00
    6981   1.0000000000E+00
    6982   1.0000000000E+00
    6983   1.0000000000E+00
    6984   1.0000000000E+00
    6985   1.0000000000E+00
    6986   1.0000000000E+00
    6987   1.0000000000E+00
    6988   1.0000000000E+00
    6989   1.0000000000E+00
    6990   1.0000000000E+00
    6991   1.0000000000E+00
    6992   1.0000000000E+00
    6993   1.0000000000E+00
    6994   1.0000000000E+00
    6995   1.0000000000E+00
    6996   1.0000000000E+00
    6997   1.0000000000E+00
    6998   1.0000000000E+00
    6999   1.0000000000E+00
    7000   1.0000000000E+00
    7001   1.0000000000E+00
    7002   1.0000000000E+00
    7003   1.0000000000E+00
    7004   1.0000000000E+00
    7005   1.0000000000E+00
    7006   1.0000000000E+00
    7007   1.0000000000E+00
    7008   1.0000000000E+00
    7009   1.0000000000E+00
    7010   1.0000000000E+00
    7011   1.0000000000E+00
    7012   1.0000000000E+00
    7013   1.0000000000E+00
    7014   1.0000000000E+00
    7015   1.0000000000E+00
    7016   1.0000000000E+00
    7017   1.0000000000E+00
    7018   1.0000000000E+00
    7019   1.0000000000E+00
    7020   1.0000000000E+00
    7021   1.0000000000E+00
    7022   1.0000000000E+00
    7023   1.0000000000E+00
    7024   1.0000000000E+00
    7025   1.0000000000E+00
    7026   1.0000000000E+00
    7027   1.0000000000E+00
    7028   1.0000000000E+00
    7029   1.0000000000E+00
    7030   1.0000000000E+00
    7031   1.0000000000E+00
    7032   1.0000000000E+00
    7033   1.0000000000E+00
    7034   1.0000000000E+00
    7035   1.0000000000E+00
    7036   1.0000000000E+00
    7037   1.0000000000E+00
    7038   1.0000000000E+00
    7039   1.0000000000E+00
    7040   1.0000000000E+00
    7041   1.0000000000E+00
    7042   1.0000000000E+00
    7043   1.0000000000E+00
    7044   1.0000000000E+00
    7045   1.0000000000E+00
    7046   1.0000000000E+00
    7047   1.0000000000E+00
    7048   1.0000000000E+00
    7049   1.0000000000E+00
    7050   1.0000000000E+00
    7051   1.0000000000E+00
    7052   1.0000000000E+00
    7053   1.0000000000E+00
    7054   1.0000000000E+00
    7055   1.0000000000E+00
    7056   1.0000000000E+00
    7057   1.0000000000E+00
    7058   1.0000000000E+00
    7059   1.0000000000E+00
    7060   1.0000000000E+00
    7061   1.0000000000E+00
    7062   1.0000000000E+00
    7063   1.0000000000E+00
    7064   1.0000000000E+00
    7065   1.0000000000E+00
    7066   1.0000000000E+00
    7067   1.0000000000E+00
    7068   1.0000000000E+00
    7069   1.0000000000E+00
    7070   1.0000000000E+00
    7071   1.0000000000E+00
    7072   1.0000000000E+00
    7073   1.0000000000E+00
    7074   1.0000000000E+00
    7075   1.0000000000E+00
    7076   1.0000000000E+00
    7077   1.0000000000E+00
    7078   1.0000000000E+00
    7079   1.0000000000E+00
    7080   1.0000000000E+00
    7081   1.0000000000E+00
    7082   1.0000000000E+00
    7083   1.0000000000E+00
    7084   1.0000000000E+00
    7085   1.0000000000E+00
    7086   1.0000000000E+00
    7087   1.0000000000E+00
    7088   1.0000000000E+00
    7089   1.0000000000E+00
    7090   1.0000000000E+00
    7091   1.0000000000E+00
    7092   1.0000000000E+00
    7093   1.0000000000E+00
    7094   1.0000000000E+00
    7095   1.0000000000E+00
    7096   1.0000000000E+00
    7097   1.0000000000E+00
    7098   1.0000000000E+00
    7099   1.0000000000E+00
    7100   1.0000000000E+00
    7101   1.0000000000E+00
    7102   1.0000000000E+00
    7103   1.0000000000E+00
    7104   1.0000000000E+00
    7105   1.0000000000E+00
    7106   1.0000000000E+00
    7107   1.0000000000E+00
    7108   1.0000000000E+00
    7109   1.0000000000E+00
    7110   1.0000000000E+00
    7111   1.0000000000E+00
    7112   1.0000000000E+00
    7113   1.0000000000E+00
    7114   1.0000000000E+00
    7115   1.0000000000E+00
    7116   1.0000000000E+00
    7117   1.0000000000E+00
    7118   1.0000000000E+00
    7119   1.0000000000E+00
    7120   1.0000000000E+00
    7121   1.0000000000E+00
    7122   1.0000000000E+00
    7123   1.0000000000E+00
    7124   1.0000000000E+00
    7125   1.0000000000E+00
    7126   1.0000000000E+00
    7127   1.0000000000E+00
    7128   1.0000000000E+00
    7129   1.0000000000E+00
    7130   1.0000000000E+00
    7131   1.0000000000E+00
    7132   1.0000000000E+00
    7133   1.0000000000E+00
    7134   1.0000000000E+00
    7135   1.0000000000E+00
    7136   1.0000000000E+00
    7137   1.0000000000E+00
    7138   1.0000000000E+00
    7139   1.0000000000E+00
    7140   1.0000000000E+00
    7141   1.0000000000E+00
    7142   1.0000000000E+00
    7143   1.0000000000E+00
    7144   1.0000000000E+00
    7145   1.0000000000E+00
    7146   1.0000000000E+00
    7147   1.0000000000E+00
    7148   1.0000000000E+00
    7149   1.0000000000E+00
    7150   1.0000000000E+00
    7151   1.0000000000E+00
    7152   1.0000000000E+00
    7153   1.0000000000E+00
    7154   1.0000000000E+00
    7155   1.0000000000E+00
    7156   1.0000000000E+00
    7157   1.0000000000E+00
    7158   1.0000000000E+00
    7159   1.0000000000E+00
    7160   1.0000000000E+00
    7161   1.0000000000E+00
    7162   1.0000000000E+00
    7163   1.0000000000E+00
    7164   1.0000000000E+00
    7165   1.0000000000E+00
    7166   1.0000000000E+00
    7167   1.0000000000E+00
    7168   1.0000000000E+00
    7169   1.0000000000E+00
    7170   1.0000000000E+00
    7171   1.0000000000E+00
    7172   1.0000000000E+00
    7173   1.0000000000E+00
    7174   1.0000000000E+00
    7175   1.0000000000E+00
    7176   1.0000000000E+00
    7177   1.0000000000E+00
    7178   1.0000000000E+00
    7179   1.0000000000E+00
    7180   1.0000000000E+00
    7181   1.0000000000E+00
    7182   1.0000000000E+00
    7183   1.0000000000E+00
    7184   1.0000000000E+00
    7185   1.0000000000E+00
    7186   1.0000000000E+00
    7187   1.0000000000E+00
    7188   1.0000000000E+00
    7189   1.0000000000E+00
    7190   1.0000000000E+00
    7191   1.0000000000E+00
    7192   1.0000000000E+00
    7193   1.0000000000E+00
    7194   1.0000000000E+00
    7195   1.0000000000E+00
    7196   1.0000000000E+00
    7197   1.0000000000E+00
    7198   1.0000000000E+00
    7199   1.0000000000E+00
    7200   1.0000000000E+00
    7201   1.0000000000E+00
    7202   1.0000000000E+00
    7203   1.0000000000E+00
    7204   1.0000000000E+00
    7205   1.0000000000E+00
    7206   1.0000000000E+00
    7207   1.0000000000E+00
    7208   1.0000000000E+00
    7209   1.0000000000E+00
    7210   1.0000000000E+00
    7211   1.0000000000E+00
    7212   1.0000000000E+00
    7213   1.0000000000E+00
    7214   1.0000000000E+00
    7215   1.0000000000E+00
    7216   1.0000000000E+00
    7217   1.0000000000E+00
    7218   1.0000000000E+00
    7219   1.0000000000E+00
    7220   1.0000000000E+00
    7221   1.0000000000E+00
    7222   1.0000000000E+00
    7223   1.0000000000E+00
    7224   1.0000000000E+00
    7225   1.0000000000E+00
    7226   1.0000000000E+00
    7227   1.0000000000E+00
    7228   1.0000000000E+00
    7229   1.0000000000E+00
    7230   1.0000000000E+00
    7231   1.0000000000E+00
    7232   1.0000000000E+00
    7233   1.0000000000E+00
    7234   1.0000000000E+00
    7235   1.0000000000E+00
    7236   1.0000000000E+00
    7237   1.0000000000E+00
    7238   1.0000000000E+00
    7239   1.0000000000E+00
    7240   1.0000000000E+00
    7241   1.0000000000E+00
    7242   1.0000000000E+00
    7243   1.0000000000E+00
    7244   1.0000000000E+00
    7245   1.0000000000E+00
    7246   1.0000000000E+00
    7247   1.0000000000E+00
    7248   1.0000000000E+00
    7249   1.0000000000E+00
    7250   1.0000000000E+00
    7251   1.0000000000E+00
    7252   1.0000000000E+00
    7253   1.0000000000E+00
    7254   1.0000000000E+00
    7255   1.0000000000E+00
    7256   1.0000000000E+00
    7257   1.0000000000E+00
    7258   1.0000000000E+00
    7259   1.0000000000E+00
    7260   1.0000000000E+00
    7261   1.0000000000E+00
    7262   1.0000000000E+00
    7263   1.0000000000E+00
    7264   1.0000000000E+00
    7265   1.0000000000E+00
    7266   1.0000000000E+00
    7267   1.0000000000E+00
    7268   1.0000000000E+00
    7269   1.0000000000E+00
    7270   1.0000000000E+00
    7271   1.0000000000E+00
    7272   1.0000000000E+00
    7273   1.0000000000E+00
    7274   1.0000000000E+00
    7275   1.0000000000E+00
    7276   1.0000000000E+00
    7277   1.0000000000E+00
    7278   1.0000000000E+00
    7279   1.0000000000E+00
    7280   1.0000000000E+00
    7281   1.0000000000E+00
    7282   1.0000000000E+00
    7283   1.0000000000E+00
    7284   1.0000000000E+00
    7285   1.0000000000E+00
    7286   1.0000000000E+00
    7287   1.0000000000E+00
    7288   1.0000000000E+00
    7289   1.0000000000E+00
    7290   1.0000000000E+00
    7291   1.0000000000E+00
    7292   1.0000000000E+00
    7293   1.0000000000E+00
    7294   1.0000000000E+00
    7295   1.0000000000E+00
    7296   1.0000000000E+00
    7297   1.0000000000E+00
    7298   1.0000000000E+00
    7299   1.0000000000E+00
    7300   1.0000000000E+00
    7301   1.0000000000E+00
    7302   1.0000000000E+00
    7303   1.0000000000E+00
    7304   1.0000000000E+00
    7305   1.0000000000E+00
    7306   1.0000000000E+00
    7307   1.0000000000E+00
    7308   1.0000000000E+00
    7309   1.0000000000E+00
    7310   1.0000000000E+00
    7311   1.0000000000E+00
    7312   1.0000000000E+00
    7313   1.0000000000E+00
    7314   1.0000000000E+00
    7315   1.0000000000E+00
    7316   1.0000000000E+00
    7317   1.0000000000E+00
    7318   1.0000000000E+00
    7319   1.0000000000E+00
    7320   1.0000000000E+00
    7321   1.0000000000E+00
    7322   1.0000000000E+00
    7323   1.0000000000E+00
    7324   1.0000000000E+00
    7325   1.0000000000E+00
    7326   1.0000000000E+00
    7327   1.0000000000E+00
    7328   1.0000000000E+00
    7329   1.0000000000E+00
    7330   1.0000000000E+00
    7331   1.0000000000E+00
    7332   1.0000000000E+00
    7333   1.0000000000E+00
    7334   1.0000000000E+00
    7335   1.0000000000E+00
    7336   1.0000000000E+00
    7337   1.0000000000E+00
    7338   1.0000000000E+00
    7339   1.0000000000E+00
    7340   1.0000000000E+00
    7341   1.0000000000E+00
    7342   1.0000000000E+00
    7343   1.0000000000E+00
    7344   1.0000000000E+00
    7345   1.0000000000E+00
    7346   1.0000000000E+00
    7347   1.0000000000E+00
    7348   1.0000000000E+00
    7349   1.0000000000E+00
    7350   1.0000000000E+00
    7351   1.0000000000E+00
    7352   1.0000000000E+00
    7353   1.0000000000E+00
    7354   1.0000000000E+00
    7355   1.0000000000E+00
    7356   1.0000000000E+00
    7357   1.0000000000E+00
    7358   1.0000000000E+00
    7359   1.0000000000E+00
    7360   1.0000000000E+00
    7361   1.0000000000E+00
    7362   1.0000000000E+00
    7363   1.0000000000E+00
    7364   1.0000000000E+00
    7365   1.0000000000E+00
    7366   1.0000000000E+00
    7367   1.0000000000E+00
    7368   1.0000000000E+00
    7369   1.0000000000E+00
    7370   1.0000000000E+00
    7371   1.0000000000E+00
    7372   1.0000000000E+00
    7373   1.0000000000E+00
    7374   1.0000000000E+00
    7375   1.0000000000E+00
    7376   1.0000000000E+00
    7377   1.0000000000E+00
    7378   1.0000000000E+00
    7379   1.0000000000E+00
    7380   1.0000000000E+00
    7381   1.0000000000E+00
    7382   1.0000000000E+00
    7383   1.0000000000E+00
    7384   1.0000000000E+00
    7385   1.0000000000E+00
    7386   1.0000000000E+00
    7387   1.0000000000E+00
    7388   1.0000000000E+00
    7389   1.0000000000E+00
    7390   1.0000000000E+00
    7391   1.0000000000E+00
    7392   1.0000000000E+00
    7393   1.0000000000E+00
    7394   1.0000000000E+00
    7395   1.0000000000E+00
    7396   1.0000000000E+00
    7397   1.0000000000E+00
    7398   1.0000000000E+00
    7399   1.0000000000E+00
    7400   1.0000000000E+00
    7401   1.0000000000E+00
    7402   1.0000000000E+00
    7403   1.0000000000E+00
    7404   1.0000000000E+00
    7405   1.0000000000E+00
    7406   1.0000000000E+00
    7407   1.0000000000E+00
    7408   1.0000000000E+00
    7409   1.0000000000E+00
    7410   1.0000000000E+00
    7411   1.0000000000E+00
    7412   1.0000000000E+00
    7413   1.0000000000E+00
    7414   1.0000000000E+00
    7415   1.0000000000E+00
    7416   1.0000000000E+00
    7417   1.0000000000E+00
    7418   1.0000000000E+00
    7419   1.0000000000E+00
    7420   1.0000000000E+00
    7421   1.0000000000E+00
    7422   1.0000000000E+00
    7423   1.0000000000E+00
    7424   1.0000000000E+00
    7425   1.0000000000E+00
    7426   1.0000000000E+00
    7427   1.0000000000E+00
    7428   1.0000000000E+00
    7429   1.0000000000E+00
    7430   1.0000000000E+00
    7431   1.0000000000E+00
    7432   1.0000000000E+00
    7433   1.0000000000E+00
    7434   1.0000000000E+00
    7435   1.0000000000E+00
    7436   1.0000000000E+00
    7437   1.0000000000E+00
    7438   1.0000000000E+00
    7439   1.0000000000E+00
    7440   1.0000000000E+00
    7441   1.0000000000E+00
    7442   1.0000000000E+00
    7443   1.0000000000E+00
    7444   1.0000000000E+00
    7445   1.0000000000E+00
    7446   1.0000000000E+00
    7447   1.0000000000E+00
    7448   1.0000000000E+00
    7449   1.0000000000E+00
    7450   1.0000000000E+00
    7451   1.0000000000E+00
    7452   1.0000000000E+00
    7453   1.0000000000E+00
    7454   1.0000000000E+00
    7455   1.0000000000E+00
    7456   1.0000000000E+00
    7457   1.0000000000E+00
    7458   1.0000000000E+00
    7459   1.0000000000E+00
    7460   1.0000000000E+00
    7461   1.0000000000E+00
    7462   1.0000000000E+00
    7463   1.0000000000E+00
    7464   1.0000000000E+00
    7465   1.0000000000E+00
    7466   1.0000000000E+00
    7467   1.0000000000E+00
    7468   1.0000000000E+00
    7469   1.0000000000E+00
    7470   1.0000000000E+00
    7471   1.0000000000E+00
    7472   1.0000000000E+00
    7473   1.0000000000E+00
    7474   1.0000000000E+00
    7475   1.0000000000E+00
    7476   1.0000000000E+00
    7477   1.0000000000E+00
    7478   1.0000000000E+00
    7479   1.0000000000E+00
    7480   1.0000000000E+00
    7481   1.0000000000E+00
    7482   1.0000000000E+00
    7483   1.0000000000E+00
    7484   1.0000000000E+00
    7485   1.0000000000E+00
    7486   1.0000000000E+00
    7487   1.0000000000E+00
    7488   1.0000000000E+00
    7489   1.0000000000E+00
    7490   1.0000000000E+00
    7491   1.0000000000E+00
    7492   1.0000000000E+00
    7493   1.0000000000E+00
    7494   1.0000000000E+00
    7495   1.0000000000E+00
    7496   1.0000000000E+00
    7497   1.0000000000E+00
    7498   1.0000000000E+00
    7499   1.0000000000E+00
    7500   1.0000000000E+00
    7501   1.0000000000E+00
    7502   1.0000000000E+00
    7503   1.0000000000E+00
    7504   1.0000000000E+00
    7505   1.0000000000E+00
    7506   1.0000000000E+00
    7507   1.0000000000E+00
    7508   1.0000000000E+00
    7509   1.0000000000E+00
    7510   1.0000000000E+00
    7511   1.0000000000E+00
    7512   1.0000000000E+00
    7513   1.0000000000E+00
    7514   1.0000000000E+00
    7515   1.0000000000E+00
    7516   1.0000000000E+00
    7517   1.0000000000E+00
    7518   1.0000000000E+00
    7519   1.0000000000E+00
    7520   1.0000000000E+00
    7521   1.0000000000E+00
    7522   1.0000000000E+00
    7523   1.0000000000E+00
    7524   1.0000000000E+00
    7525   1.0000000000E+00
    7526   1.0000000000E+00
    7527   1.0000000000E+00
    7528   1.0000000000E+00
    7529   1.0000000000E+00
    7530   1.0000000000E+00
    7531   1.0000000000E+00
    7532   1.0000000000E+00
    7533   1.0000000000E+00
    7534   1.0000000000E+00
    7535   1.0000000000E+00
    7536   1.0000000000E+00
    7537   1.0000000000E+00
    7538   1.0000000000E+00
    7539   1.0000000000E+00
    7540   1.0000000000E+00
    7541   1.0000000000E+00
    7542   1.0000000000E+00
    7543   1.0000000000E+00
    7544   1.0000000000E+00
    7545   1.0000000000E+00
    7546   1.0000000000E+00
    7547   1.0000000000E+00
    7548   1.0000000000E+00
    7549   1.0000000000E+00
    7550   1.0000000000E+00
    7551   1.0000000000E+00
    7552   1.0000000000E+00
    7553   1.0000000000E+00
    7554   1.0000000000E+00
    7555   1.0000000000E+00
    7556   1.0000000000E+00
    7557   1.0000000000E+00
    7558   1.0000000000E+00
    7559   1.0000000000E+00
    7560   1.0000000000E+00
    7561   1.0000000000E+00
    7562   1.0000000000E+00
    7563   1.0000000000E+00
    7564   1.0000000000E+00
    7565   1.0000000000E+00
    7566   1.0000000000E+00
    7567   1.0000000000E+00
    7568   1.0000000000E+00
    7569   1.0000000000E+00
    7570   1.0000000000E+00
    7571   1.0000000000E+00
    7572   1.0000000000E+00
    7573   1.0000000000E+00
    7574   1.0000000000E+00
    7575   1.0000000000E+00
    7576   1.0000000000E+00
    7577   1.0000000000E+00
    7578   1.0000000000E+00
    7579   1.0000000000E+00
    7580   1.0000000000E+00
    7581   1.0000000000E+00
    7582   1.0000000000E+00
    7583   1.0000000000E+00
    7584   1.0000000000E+00
    7585   1.0000000000E+00
    7586   1.0000000000E+00
    7587   1.0000000000E+00
    7588   1.0000000000E+00
    7589   1.0000000000E+00
    7590   1.0000000000E+00
    7591   1.0000000000E+00
    7592   1.0000000000E+00
    7593   1.0000000000E+00
    7594   1.0000000000E+00
    7595   1.0000000000E+00
    7596   1.0000000000E+00
    7597   1.0000000000E+00
    7598   1.0000000000E+00
    7599   1.0000000000E+00
    7600   1.0000000000E+00
    7601   1.0000000000E+00
    7602   1.0000000000E+00
    7603   1.0000000000E+00
    7604   1.0000000000E+00
    7605   1.0000000000E+00
    7606   1.0000000000E+00
    7607   1.0000000000E+00
    7608   1.0000000000E+00
    7609   1.0000000000E+00
    7610   1.0000000000E+00
    7611   1.0000000000E+00
    7612   1.0000000000E+00
    7613   1.0000000000E+00
    7614   1.0000000000E+00
    7615   1.0000000000E+00
    7616   1.0000000000E+00
    7617   1.0000000000E+00
    7618   1.0000000000E+00
    7619   1.0000000000E+00
    7620   1.0000000000E+00
    7621   1.0000000000E+00
    7622   1.0000000000E+00
    7623   1.0000000000E+00
    7624   1.0000000000E+00
    7625   1.0000000000E+00
    7626   1.0000000000E+00
    7627   1.0000000000E+00
    7628   1.0000000000E+00
    7629   1.0000000000E+00
    7630   1.0000000000E+00
    7631   1.0000000000E+00
    7632   1.0000000000E+00
    7633   1.0000000000E+00
    7634   1.0000000000E+00
    7635   1.0000000000E+00
    7636   1.0000000000E+00
    7637   1.0000000000E+00
    7638   1.0000000000E+00
    7639   1.0000000000E+00
    7640   1.0000000000E+00
    7641   1.0000000000E+00
    7642   1.0000000000E+00
    7643   1.0000000000E+00
    7644   1.0000000000E+00
    7645   1.0000000000E+00
    7646   1.0000000000E+00
    7647   1.0000000000E+00
    7648   1.0000000000E+00
    7649   1.0000000000E+00
    7650   1.0000000000E+00
    7651   1.0000000000E+00
    7652   1.0000000000E+00
    7653   1.0000000000E+00
    7654   1.0000000000E+00
    7655   1.0000000000E+00
    7656   1.0000000000E+00
    7657   1.0000000000E+00
    7658   1.0000000000E+00
    7659   1.0000000000E+00
    7660   1.0000000000E+00
    7661   1.0000000000E+00
    7662   1.0000000000E+00
    7663   1.0000000000E+00
    7664   1.0000000000E+00
    7665   1.0000000000E+00
    7666   1.0000000000E+00
    7667   1.0000000000E+00
    7668   1.0000000000E+00
    7669   1.0000000000E+00
    7670   1.0000000000E+00
    7671   1.0000000000E+00
    7672   1.0000000000E+00
    7673   1.0000000000E+00
    7674   1.0000000000E+00
    7675   1.0000000000E+00
    7676   1.0000000000E+00
    7677   1.0000000000E+00
    7678   1.0000000000E+00
    7679   1.0000000000E+00
    7680   1.0000000000E+00
    7681   1.0000000000E+00
    7682   1.0000000000E+00
    7683   1.0000000000E+00
    7684   1.0000000000E+00
    7685   1.0000000000E+00
    7686   1.0000000000E+00
    7687   1.0000000000E+00
    7688   1.0000000000E+00
    7689   1.0000000000E+00
    7690   1.0000000000E+00
    7691   1.0000000000E+00
    7692   1.0000000000E+00
    7693   1.0000000000E+00
    7694   1.0000000000E+00
    7695   1.0000000000E+00
    7696   1.0000000000E+00
    7697   1.0000000000E+00
    7698   1.0000000000E+00
    7699   1.0000000000E+00
    7700   1.0000000000E+00
    7701   1.0000000000E+00
    7702   1.0000000000E+00
    7703   1.0000000000E+00
    7704   1.0000000000E+00
    7705   1.0000000000E+00
    7706   1.0000000000E+00
    7707   1.0000000000E+00
    7708   1.0000000000E+00
    7709   1.0000000000E+00
    7710   1.0000000000E+00
    7711   1.0000000000E+00
    7712   1.0000000000E+00
    7713   1.0000000000E+00
    7714   1.0000000000E+00
    7715   1.0000000000E+00
    7716   1.0000000000E+00
    7717   1.0000000000E+00
    7718   1.0000000000E+00
    7719   1.0000000000E+00
    7720   1.0000000000E+00
    7721   1.0000000000E+00
    7722   1.0000000000E+00
    7723   1.0000000000E+00
    7724   1.0000000000E+00
    7725   1.0000000000E+00
    7726   1.0000000000E+00
    7727   1.0000000000E+00
    7728   1.0000000000E+00
    7729   1.0000000000E+00
    7730   1.0000000000E+00
    7731   1.0000000000E+00
    7732   1.0000000000E+00
    7733   1.0000000000E+00
    7734   1.0000000000E+00
    7735   1.0000000000E+00
    7736   1.0000000000E+00
    7737   1.0000000000E+00
    7738   1.0000000000E+00
    7739   1.0000000000E+00
    7740   1.0000000000E+00
    7741   1.0000000000E+00
    7742   1.0000000000E+00
    7743   1.0000000000E+00
    7744   1.0000000000E+00
    7745   1.0000000000E+00
    7746   1.0000000000E+00
    7747   1.0000000000E+00
    7748   1.0000000000E+00
    7749   1.0000000000E+00
    7750   1.0000000000E+00
    7751   1.0000000000E+00
    7752   1.0000000000E+00
    7753   1.0000000000E+00
    7754   1.0000000000E+00
    7755   1.0000000000E+00
    7756   1.0000000000E+00
    7757   1.0000000000E+00
    7758   1.0000000000E+00
    7759   1.0000000000E+00
    7760   1.0000000000E+00
    7761   1.0000000000E+00
    7762   1.0000000000E+00
    7763   1.0000000000E+00
    7764   1.0000000000E+00
    7765   1.0000000000E+00
    7766   1.0000000000E+00
    7767   1.0000000000E+00
    7768   1.0000000000E+00
    7769   1.0000000000E+00
    7770   1.0000000000E+00
    7771   1.0000000000E+00
    7772   1.0000000000E+00
    7773   1.0000000000E+00
    7774   1.0000000000E+00
    7775   1.0000000000E+00
    7776   1.0000000000E+00
    7777   1.0000000000E+00
    7778   1.0000000000E+00
    7779   1.0000000000E+00
    7780   1.0000000000E+00
    7781   1.0000000000E+00
    7782   1.0000000000E+00
    7783   1.0000000000E+00
    7784   1.0000000000E+00
    7785   1.0000000000E+00
    7786   1.0000000000E+00
    7787   1.0000000000E+00
    7788   1.0000000000E+00
    7789   1.0000000000E+00
    7790   1.0000000000E+00
    7791   1.0000000000E+00
    7792   1.0000000000E+00
    7793   1.0000000000E+00
    7794   1.0000000000E+00
    7795   1.0000000000E+00
    7796   1.0000000000E+00
    7797   1.0000000000E+00
    7798   1.0000000000E+00
    7799   1.0000000000E+00
    7800   1.0000000000E+00
    7801   1.0000000000E+00
    7802   1.0000000000E+00
    7803   1.0000000000E+00
    7804   1.0000000000E+00
    7805   1.0000000000E+00
    7806   1.0000000000E+00
    7807   1.0000000000E+00
    7808   1.0000000000E+00
    7809   1.0000000000E+00
    7810   1.0000000000E+00
    7811   1.0000000000E+00
    7812   1.0000000000E+00
    7813   1.0000000000E+00
    7814   1.0000000000E+00
    7815   1.0000000000E+00
    7816   1.0000000000E+00
    7817   1.0000000000E+00
    7818   1.0000000000E+00
    7819   1.0000000000E+00
    7820   1.0000000000E+00
    7821   1.0000000000E+00
    7822   1.0000000000E+00
    7823   1.0000000000E+00
    7824   1.0000000000E+00
    7825   1.0000000000E+00
    7826   1.0000000000E+00
    7827   1.0000000000E+00
    7828   1.0000000000E+00
    7829   1.0000000000E+00
    7830   1.0000000000E+00
    7831   1.0000000000E+00
    7832   1.0000000000E+00
    7833   1.0000000000E+00
    7834   1.0000000000E+00
    7835   1.0000000000E+00
    7836   1.0000000000E+00
    7837   1.0000000000E+00
    7838   1.0000000000E+00
    7839   1.0000000000E+00
    7840   1.0000000000E+00
    7841   1.0000000000E+00
    7842   1.0000000000E+00
    7843   1.0000000000E+00
    7844   1.0000000000E+00
    7845   1.0000000000E+00
    7846   1.0000000000E+00
    7847   1.0000000000E+00
    7848   1.0000000000E+00
    7849   1.0000000000E+00
    7850   1.0000000000E+00
    7851   1.0000000000E+00
    7852   1.0000000000E+00
    7853   1.0000000000E+00
    7854   1.0000000000E+00
    7855   1.0000000000E+00
    7856   1.0000000000E+00
    7857   1.0000000000E+00
    7858   1.0000000000E+00
    7859   1.0000000000E+00
    7860   1.0000000000E+00
    7861   1.0000000000E+00
    7862   1.0000000000E+00
    7863   1.0000000000E+00
    7864   1.0000000000E+00
    7865   1.0000000000E+00
    7866   1.0000000000E+00
    7867   1.0000000000E+00
    7868   1.0000000000E+00
    7869   1.0000000000E+00
    7870   1.0000000000E+00
    7871   1.0000000000E+00
    7872   1.0000000000E+00
    7873   1.0000000000E+00
    7874   1.0000000000E+00
    7875   1.0000000000E+00
    7876   1.0000000000E+00
    7877   1.0000000000E+00
    7878   1.0000000000E+00
    7879   1.0000000000E+00
    7880   1.0000000000E+00
    7881   1.0000000000E+00
    7882   1.0000000000E+00
    7883   1.0000000000E+00
    7884   1.0000000000E+00
    7885   1.0000000000E+00
    7886   1.0000000000E+00
    7887   1.0000000000E+00
    7888   1.0000000000E+00
    7889   1.0000000000E+00
    7890   1.0000000000E+00
    7891   1.0000000000E+00
    7892   1.0000000000E+00
    7893   1.0000000000E+00
    7894   1.0000000000E+00
    7895   1.0000000000E+00
    7896   1.0000000000E+00
    7897   1.0000000000E+00
    7898   1.0000000000E+00
    7899   1.0000000000E+00
    7900   1.0000000000E+00
    7901   1.0000000000E+00
    7902   1.0000000000E+00
    7903   1.0000000000E+00
    7904   1.0000000000E+00
    7905   1.0000000000E+00
    7906   1.0000000000E+00
    7907   1.0000000000E+00
    7908   1.0000000000E+00
    7909   1.0000000000E+00
    7910   1.0000000000E+00
    7911   1.0000000000E+00
    7912   1.0000000000E+00
    7913   1.0000000000E+00
    7914   1.0000000000E+00
    7915   1.0000000000E+00
    7916   1.0000000000E+00
    7917   1.0000000000E+00
    7918   1.0000000000E+00
    7919   1.0000000000E+00
    7920   1.0000000000E+00
    7921   1.0000000000E+00
    7922   1.0000000000E+00
    7923   1.0000000000E+00
    7924   1.0000000000E+00
    7925   1.0000000000E+00
    7926   1.0000000000E+00
    7927   1.0000000000E+00
    7928   1.0000000000E+00
    7929   1.0000000000E+00
    7930   1.0000000000E+00
    7931   1.0000000000E+00
    7932   1.0000000000E+00
    7933   1.0000000000E+00
    7934   1.0000000000E+00
    7935   1.0000000000E+00
    7936   1.0000000000E+00
    7937   1.0000000000E+00
    7938   1.0000000000E+00
    7939   1.0000000000E+00
    7940   1.0000000000E+00
    7941   1.0000000000E+00
    7942   1.0000000000E+00
    7943   1.0000000000E+00
    7944   1.0000000000E+00
    7945   1.0000000000E+00
    7946   1.0000000000E+00
    7947   1.0000000000E+00
    7948   1.0000000000E+00
    7949   1.0000000000E+00
    7950   1.0000000000E+00
    7951   1.0000000000E+00
    7952   1.0000000000E+00
    7953   1.0000000000E+00
    7954   1.0000000000E+00
    7955   1.0000000000E+00
    7956   1.0000000000E+00
    7957   1.0000000000E+00
    7958   1.0000000000E+00
    7959   1.0000000000E+00
    7960   1.0000000000E+00
    7961   1.0000000000E+00
    7962   1.0000000000E+00
    7963   1.0000000000E+00
    7964   1.0000000000E+00
    7965   1.0000000000E+00
    7966   1.0000000000E+00
    7967   1.0000000000E+00
    7968   1.0000000000E+00
    7969   1.0000000000E+00
    7970   1.0000000000E+00
    7971   1.0000000000E+00
    7972   1.0000000000E+00
    7973   1.0000000000E+00
    7974   1.0000000000E+00
    7975   1.0000000000E+00
    7976   1.0000000000E+00
    7977   1.0000000000E+00
    7978   1.0000000000E+00
    7979   1.0000000000E+00
    7980   1.0000000000E+00
    7981   1.0000000000E+00
    7982   1.0000000000E+00
    7983   1.0000000000E+00
    7984   1.0000000000E+00
    7985   1.0000000000E+00
    7986   1.0000000000E+00
    7987   1.0000000000E+00
    7988   1.0000000000E+00
    7989   1.0000000000E+00
    7990   1.0000000000E+00
    7991   1.0000000000E+00
    7992   1.0000000000E+00
    7993   1.0000000000E+00
    7994   1.0000000000E+00
    7995   1.0000000000E+00
    7996   1.0000000000E+00
    7997   1.0000000000E+00
    7998   1.0000000000E+00
    7999   1.0000000000E+00
    8000   1.0000000000E+00
    8001   1.0000000000E+00
    8002   1.0000000000E+00
    8003   1.0000000000E+00
    8004   1.0000000000E+00
    8005   1.0000000000E+00
    8006   1.0000000000E+00
    8007   1.0000000000E+00
    8008   1.0000000000E+00
    8009   1.0000000000E+00
    8010   1.0000000000E+00
    8011   1.0000000000E+00
    8012   1.0000000000E+00
    8013   1.0000000000E+00
    8014   1.0000000000E+00
    8015   1.0000000000E+00
    8016   1.0000000000E+00
    8017   1.0000000000E+00
    8018   1.0000000000E+00
    8019   1.0000000000E+00
    8020   1.0000000000E+00
    8021   1.0000000000E+00
    8022   1.0000000000E+00
    8023   1.0000000000E+00
    8024   1.0000000000E+00
    8025   1.0000000000E+00
    8026   1.0000000000E+00
    8027   1.0000000000E+00
    8028   1.0000000000E+00
    8029   1.0000000000E+00
    8030   1.0000000000E+00
    8031   1.0000000000E+00
    8032   1.0000000000E+00
    8033   1.0000000000E+00
    8034   1.0000000000E+00
    8035   1.0000000000E+00
    8036   1.0000000000E+00
    8037   1.0000000000E+00
    8038   1.0000000000E+00
    8039   1.0000000000E+00
    8040   1.0000000000E+00
    8041   1.0000000000E+00
    8042   1.0000000000E+00
    8043   1.0000000000E+00
    8044   1.0000000000E+00
    8045   1.0000000000E+00
    8046   1.0000000000E+00
    8047   1.0000000000E+00
    8048   1.0000000000E+00
    8049   1.0000000000E+00
    8050   1.0000000000E+00
    8051   1.0000000000E+00
    8052   1.0000000000E+00
    8053   1.0000000000E+00
    8054   1.0000000000E+00
    8055   1.0000000000E+00
    8056   1.0000000000E+00
    8057   1.0000000000E+00
    8058   1.0000000000E+00
    8059   1.0000000000E+00
    8060   1.0000000000E+00
    8061   1.0000000000E+00
    8062   1.0000000000E+00
    8063   1.0000000000E+00
    8064   1.0000000000E+00
    8065   1.0000000000E+00
    8066   1.0000000000E+00
    8067   1.0000000000E+00
    8068   1.0000000000E+00
    8069   1.0000000000E+00
    8070   1.0000000000E+00
    8071   1.0000000000E+00
    8072   1.0000000000E+00
    8073   1.0000000000E+00
    8074   1.0000000000E+00
    8075   1.0000000000E+00
    8076   1.0000000000E+00
    8077   1.0000000000E+00
    8078   1.0000000000E+00
    8079   1.0000000000E+00
    8080   1.0000000000E+00
    8081   1.0000000000E+00
    8082   1.0000000000E+00
    8083   1.0000000000E+00
    8084   1.0000000000E+00
    8085   1.0000000000E+00
    8086   1.0000000000E+00
    8087   1.0000000000E+00
    8088   1.0000000000E+00
    8089   1.0000000000E+00
    8090   1.0000000000E+00
    8091   1.0000000000E+00
    8092   1.0000000000E+00
    8093   1.0000000000E+00
    8094   1.0000000000E+00
    8095   1.0000000000E+00
    8096   1.0000000000E+00
    8097   1.0000000000E+00
    8098   1.0000000000E+00
    8099   1.0000000000E+00
    8100   1.0000000000E+00
    8101   1.0000000000E+00
    8102   1.0000000000E+00
    8103   1.0000000000E+00
    8104   1.0000000000E+00
    8105   1.0000000000E+00
    8106   1.0000000000E+00
    8107   1.0000000000E+00
    8108   1.0000000000E+00
    8109   1.0000000000E+00
    8110   1.0000000000E+00
    8111   1.0000000000E+00
    8112   1.0000000000E+00
    8113   1.0000000000E+00
    8114   1.0000000000E+00
    8115   1.0000000000E+00
    8116   1.0000000000E+00
    8117   1.0000000000E+00
    8118   1.0000000000E+00
    8119   1.0000000000E+00
    8120   1.0000000000E+00
    8121   1.0000000000E+00
    8122   1.0000000000E+00
    8123   1.0000000000E+00
    8124   1.0000000000E+00
    8125   1.0000000000E+00
    8126   1.0000000000E+00
    8127   1.0000000000E+00
    8128   1.0000000000E+00
    8129   1.0000000000E+00
    8130   1.0000000000E+00
    8131   1.0000000000E+00
    8132   1.0000000000E+00
    8133   1.0000000000E+00
    8134   1.0000000000E+00
    8135   1.0000000000E+00
    8136   1.0000000000E+00
    8137   1.0000000000E+00
    8138   1.0000000000E+00
    8139   1.0000000000E+00
    8140   1.0000000000E+00
    8141   1.0000000000E+00
    8142   1.0000000000E+00
    8143   1.0000000000E+00
    8144   1.0000000000E+00
    8145   1.0000000000E+00
    8146   1.0000000000E+00
    8147   1.0000000000E+00
    8148   1.0000000000E+00
    8149   1.0000000000E+00
    8150   1.0000000000E+00
    8151   1.0000000000E+00
    8152   1.0000000000E+00
    8153   1.0000000000E+00
    8154   1.0000000000E+00
    8155   1.0000000000E+00
    8156   1.0000000000E+00
    8157   1.0000000000E+00
    8158   1.0000000000E+00
    8159   1.0000000000E+00
    8160   1.0000000000E+00
    8161   1.0000000000E+00
    8162   1.0000000000E+00
    8163   1.0000000000E+00
    8164   1.0000000000E+00
    8165   1.0000000000E+00
    8166   1.0000000000E+00
    8167   1.0000000000E+00
    8168   1.0000000000E+00
    8169   1.0000000000E+00
    8170   1.0000000000E+00
    8171   1.0000000000E+00
    8172   1.0000000000E+00
    8173   1.0000000000E+00
    8174   1.0000000000E+00
    8175   1.0000000000E+00
    8176   1.0000000000E+00
    8177   1.0000000000E+00
    8178   1.0000000000E+00
    8179   1.0000000000E+00
    8180   1.0000000000E+00
    8181   1.0000000000E+00
    8182   1.0000000000E+00
    8183   1.0000000000E+00
    8184   1.0000000000E+00
    8185   1.0000000000E+00
    8186   1.0000000000E+00
    8187   1.0000000000E+00
    8188   1.0000000000E+00
    8189   1.0000000000E+00
    8190   1.0000000000E+00
    8191   1.0000000000E+00
    8192   1.0000000000E+00
    8193   1.0000000000E+00
    8194   1.0000000000E+00
    8195   1.0000000000E+00
    8196   1.0000000000E+00
    8197   1.0000000000E+00
    8198   1.0000000000E+00
    8199   1.0000000000E+00
    8200   1.0000000000E+00
    8201   1.0000000000E+00
    8202   1.0000000000E+00
    8203   1.0000000000E+00
    8204   1.0000000000E+00
    8205   1.0000000000E+00
    8206   1.0000000000E+00
    8207   1.0000000000E+00
    8208   1.0000000000E+00
    8209   1.0000000000E+00
    8210   1.0000000000E+00
    8211   1.0000000000E+00
    8212   1.0000000000E+00
    8213   1.0000000000E+00
    8214   1.0000000000E+00
    8215   1.0000000000E+00
    8216   1.0000000000E+00
    8217   1.0000000000E+00
    8218   1.0000000000E+00
    8219   1.0000000000E+00
    8220   1.0000000000E+00
    8221   1.0000000000E+00
    8222   1.0000000000E+00
    8223   1.0000000000E+00
    8224   1.0000000000E+00
    8225   1.0000000000E+00
    8226   1.0000000000E+00
    8227   1.0000000000E+00
    8228   1.0000000000E+00
    8229   1.0000000000E+00
    8230   1.0000000000E+00
    8231   1.0000000000E+00
    8232   1.0000000000E+00
    8233   1.0000000000E+00
    8234   1.0000000000E+00
    8235   1.0000000000E+00
    8236   1.0000000000E+00
    8237   1.0000000000E+00
    8238   1.0000000000E+00
    8239   1.0000000000E+00
    8240   1.0000000000E+00
    8241   1.0000000000E+00
    8242   1.0000000000E+00
    8243   1.0000000000E+00
    8244   1.0000000000E+00
    8245   1.0000000000E+00
    8246   1.0000000000E+00
    8247   1.0000000000E+00
    8248   1.0000000000E+00
    8249   1.0000000000E+00
    8250   1.0000000000E+00
    8251   1.0000000000E+00
    8252   1.0000000000E+00
    8253   1.0000000000E+00
    8254   1.0000000000E+00
    8255   1.0000000000E+00
    8256   1.0000000000E+00
    8257   1.0000000000E+00
    8258   1.0000000000E+00
    8259   1.0000000000E+00
    8260   1.0000000000E+00
    8261   1.0000000000E+00
    8262   1.0000000000E+00
    8263   1.0000000000E+00
    8264   1.0000000000E+00
    8265   1.0000000000E+00
    8266   1.0000000000E+00
    8267   1.0000000000E+00
    8268   1.0000000000E+00
    8269   1.0000000000E+00
    8270   1.0000000000E+00
    8271   1.0000000000E+00
    8272   1.0000000000E+00
    8273   1.0000000000E+00
    8274   1.0000000000E+00
    8275   1.0000000000E+00
    8276   1.0000000000E+00
    8277   1.0000000000E+00
    8278   1.0000000000E+00
    8279   1.0000000000E+00
    8280   1.0000000000E+00
    8281   1.0000000000E+00
    8282   1.0000000000E+00
    8283   1.0000000000E+00
    8284   1.0000000000E+00
    8285   1.0000000000E+00
    8286   1.0000000000E+00
    8287   1.0000000000E+00
    8288   1.0000000000E+00
    8289   1.0000000000E+00
    8290   1.0000000000E+00
    8291   1.0000000000E+00
    8292   1.0000000000E+00
    8293   1.0000000000E+00
    8294   1.0000000000E+00
    8295   1.0000000000E+00
    8296   1.0000000000E+00
    8297   1.0000000000E+00
    8298   1.0000000000E+00
    8299   1.0000000000E+00
    8300   1.0000000000E+00
    8301   1.0000000000E+00
    8302   1.0000000000E+00
    8303   1.0000000000E+00
    8304   1.0000000000E+00
    8305   1.0000000000E+00
    8306   1.0000000000E+00
    8307   1.0000000000E+00
    8308   1.0000000000E+00
    8309   1.0000000000E+00
    8310   1.0000000000E+00
    8311   1.0000000000E+00
    8312   1.0000000000E+00
    8313   1.0000000000E+00
    8314   1.0000000000E+00
    8315   1.0000000000E+00
    8316   1.0000000000E+00
    8317   1.0000000000E+00
    8318   1.0000000000E+00
    8319   1.0000000000E+00
    8320   1.0000000000E+00
    8321   1.0000000000E+00
    8322   1.0000000000E+00
    8323   1.0000000000E+00
    8324   1.0000000000E+00
    8325   1.0000000000E+00
    8326   1.0000000000E+00
    8327   1.0000000000E+00
    8328   1.0000000000E+00
    8329   1.0000000000E+00
    8330   1.0000000000E+00
    8331   1.0000000000E+00
    8332   1.0000000000E+00
    8333   1.0000000000E+00
    8334   1.0000000000E+00
    8335   1.0000000000E+00
    8336   1.0000000000E+00
    8337   1.0000000000E+00
    8338   1.0000000000E+00
    8339   1.0000000000E+00
    8340   1.0000000000E+00
    8341   1.0000000000E+00
    8342   1.0000000000E+00
    8343   1.0000000000E+00
    8344   1.0000000000E+00
    8345   1.0000000000E+00
    8346   1.0000000000E+00
    8347   1.0000000000E+00
    8348   1.0000000000E+00
    8349   1.0000000000E+00
    8350   1.0000000000E+00
    8351   1.0000000000E+00
    8352   1.0000000000E+00
    8353   1.0000000000E+00
    8354   1.0000000000E+00
    8355   1.0000000000E+00
    8356   1.0000000000E+00
    8357   1.0000000000E+00
    8358   1.0000000000E+00
    8359   1.0000000000E+00
    8360   1.0000000000E+00
    8361   1.0000000000E+00
    8362   1.0000000000E+00
    8363   1.0000000000E+00
    8364   1.0000000000E+00
    8365   1.0000000000E+00
    8366   1.0000000000E+00
    8367   1.0000000000E+00
    8368   1.0000000000E+00
    8369   1.0000000000E+00
    8370   1.0000000000E+00
    8371   1.0000000000E+00
    8372   1.0000000000E+00
    8373   1.0000000000E+00
    8374   1.0000000000E+00
    8375   1.0000000000E+00
    8376   1.0000000000E+00
    8377   1.0000000000E+00
    8378   1.0000000000E+00
    8379   1.0000000000E+00
    8380   1.0000000000E+00
    8381   1.0000000000E+00
    8382   1.0000000000E+00
    8383   1.0000000000E+00
    8384   1.0000000000E+00
    8385   1.0000000000E+00
    8386   1.0000000000E+00
    8387   1.0000000000E+00
    8388   1.0000000000E+00
    8389   1.0000000000E+00
    8390   1.0000000000E+00
    8391   1.0000000000E+00
    8392   1.0000000000E+00
    8393   1.0000000000E+00
    8394   1.0000000000E+00
    8395   1.0000000000E+00
    8396   1.0000000000E+00
    8397   1.0000000000E+00
    8398   1.0000000000E+00
    8399   1.0000000000E+00
    8400   1.0000000000E+00
    8401   1.0000000000E+00
    8402   1.0000000000E+00
    8403   1.0000000000E+00
    8404   1.0000000000E+00
    8405   1.0000000000E+00
    8406   1.0000000000E+00
    8407   1.0000000000E+00
    8408   1.0000000000E+00
    8409   1.0000000000E+00
    8410   1.0000000000E+00
    8411   1.0000000000E+00
    8412   1.0000000000E+00
    8413   1.0000000000E+00
    8414   1.0000000000E+00
    8415   1.0000000000E+00
    8416   1.0000000000E+00
    8417   1.0000000000E+00
    8418   1.0000000000E+00
    8419   1.0000000000E+00
    8420   1.0000000000E+00
    8421   1.0000000000E+00
    8422   1.0000000000E+00
    8423   1.0000000000E+00
    8424   1.0000000000E+00
    8425   1.0000000000E+00
    8426   1.0000000000E+00
    8427   1.0000000000E+00
    8428   1.0000000000E+00
    8429   1.0000000000E+00
    8430   1.0000000000E+00
    8431   1.0000000000E+00
    8432   1.0000000000E+00
    8433   1.0000000000E+00
    8434   1.0000000000E+00
    8435   1.0000000000E+00
    8436   1.0000000000E+00
    8437   1.0000000000E+00
    8438   1.0000000000E+00
    8439   1.0000000000E+00
    8440   1.0000000000E+00
    8441   1.0000000000E+00
    8442   1.0000000000E+00
    8443   1.0000000000E+00
    8444   1.0000000000E+00
    8445   1.0000000000E+00
    8446   1.0000000000E+00
    8447   1.0000000000E+00
    8448   1.0000000000E+00
    8449   1.0000000000E+00
    8450   1.0000000000E+00
    8451   1.0000000000E+00
    8452   1.0000000000E+00
    8453   1.0000000000E+00
    8454   1.0000000000E+00
    8455   1.0000000000E+00
    8456   1.0000000000E+00
    8457   1.0000000000E+00
    8458   1.0000000000E+00
    8459   1.0000000000E+00
    8460   1.0000000000E+00
    8461   1.0000000000E+00
    8462   1.0000000000E+00
    8463   1.0000000000E+00
    8464   1.0000000000E+00
    8465   1.0000000000E+00
    8466   1.0000000000E+00
    8467   1.0000000000E+00
    8468   1.0000000000E+00
    8469   1.0000000000E+00
    8470   1.0000000000E+00
    8471   1.0000000000E+00
    8472   1.0000000000E+00
    8473   1.0000000000E+00
    8474   1.0000000000E+00
    8475   1.0000000000E+00
    8476   1.0000000000E+00
    8477   1.0000000000E+00
    8478   1.0000000000E+00
    8479   1.0000000000E+00
    8480   1.0000000000E+00
    8481   1.0000000000E+00
    8482   1.0000000000E+00
    8483   1.0000000000E+00
    8484   1.0000000000E+00
    8485   1.0000000000E+00
    8486   1.0000000000E+00
    8487   1.0000000000E+00
    8488   1.0000000000E+00
    8489   1.0000000000E+00
    8490   1.0000000000E+00
    8491   1.0000000000E+00
    8492   1.0000000000E+00
    8493   1.0000000000E+00
    8494   1.0000000000E+00
    8495   1.0000000000E+00
    8496   1.0000000000E+00
    8497   1.0000000000E+00
    8498   1.0000000000E+00
    8499   1.0000000000E+00
    8500   1.0000000000E+00
    8501   1.0000000000E+00
    8502   1.0000000000E+00
    8503   1.0000000000E+00
    8504   1.0000000000E+00
    8505   1.0000000000E+00
    8506   1.0000000000E+00
    8507   1.0000000000E+00
    8508   1.0000000000E+00
    8509   1.0000000000E+00
    8510   1.0000000000E+00
    8511   1.0000000000E+00
    8512   1.0000000000E+00
    8513   1.0000000000E+00
    8514   1.0000000000E+00
    8515   1.0000000000E+00
    8516   1.0000000000E+00
    8517   1.0000000000E+00
    8518   1.0000000000E+00
    8519   1.0000000000E+00
    8520   1.0000000000E+00
    8521   1.0000000000E+00
    8522   1.0000000000E+00
    8523   1.0000000000E+00
    8524   1.0000000000E+00
    8525   1.0000000000E+00
    8526   1.0000000000E+00
    8527   1.0000000000E+00
    8528   1.0000000000E+00
    8529   1.0000000000E+00
    8530   1.0000000000E+00
    8531   1.0000000000E+00
    8532   1.0000000000E+00
    8533   1.0000000000E+00
    8534   1.0000000000E+00
    8535   1.0000000000E+00
    8536   1.0000000000E+00
    8537   1.0000000000E+00
    8538   1.0000000000E+00
    8539   1.0000000000E+00
    8540   1.0000000000E+00
    8541   1.0000000000E+00
    8542   1.0000000000E+00
    8543   1.0000000000E+00
    8544   1.0000000000E+00
    8545   1.0000000000E+00
    8546   1.0000000000E+00
    8547   1.0000000000E+00
    8548   1.0000000000E+00
    8549   1.0000000000E+00
    8550   1.0000000000E+00
    8551   1.0000000000E+00
    8552   1.0000000000E+00
    8553   1.0000000000E+00
    8554   1.0000000000E+00
    8555   1.0000000000E+00
    8556   1.0000000000E+00
    8557   1.0000000000E+00
    8558   1.0000000000E+00
    8559   1.0000000000E+00
    8560   1.0000000000E+00
    8561   1.0000000000E+00
    8562   1.0000000000E+00
    8563   1.0000000000E+00
    8564   1.0000000000E+00
    8565   1.0000000000E+00
    8566   1.0000000000E+00
    8567   1.0000000000E+00
    8568   1.0000000000E+00
    8569   1.0000000000E+00
    8570   1.0000000000E+00
    8571   1.0000000000E+00
    8572   1.0000000000E+00
    8573   1.0000000000E+00
    8574   1.0000000000E+00
    8575   1.0000000000E+00
    8576   1.0000000000E+00
    8577   1.0000000000E+00
    8578   1.0000000000E+00
    8579   1.0000000000E+00
    8580   1.0000000000E+00
    8581   1.0000000000E+00
    8582   1.0000000000E+00
    8583   1.0000000000E+00
    8584   1.0000000000E+00
    8585   1.0000000000E+00
    8586   1.0000000000E+00
    8587   1.0000000000E+00
    8588   1.0000000000E+00
    8589   1.0000000000E+00
    8590   1.0000000000E+00
    8591   1.0000000000E+00
    8592   1.0000000000E+00
    8593   1.0000000000E+00
    8594   1.0000000000E+00
    8595   1.0000000000E+00
    8596   1.0000000000E+00
    8597   1.0000000000E+00
    8598   1.0000000000E+00
    8599   1.0000000000E+00
    8600   1.0000000000E+00
    8601   1.0000000000E+00
    8602   1.0000000000E+00
    8603   1.0000000000E+00
    8604   1.0000000000E+00
    8605   1.0000000000E+00
    8606   1.0000000000E+00
    8607   1.0000000000E+00
    8608   1.0000000000E+00
    8609   1.0000000000E+00
    8610   1.0000000000E+00
    8611   1.0000000000E+00
    8612   1.0000000000E+00
    8613   1.0000000000E+00
    8614   1.0000000000E+00
    8615   1.0000000000E+00
    8616   1.0000000000E+00
    8617   1.0000000000E+00
    8618   1.0000000000E+00
    8619   1.0000000000E+00
    8620   1.0000000000E+00
    8621   1.0000000000E+00
    8622   1.0000000000E+00
    8623   1.0000000000E+00
    8624   1.0000000000E+00
    8625   1.0000000000E+00
    8626   1.0000000000E+00
    8627   1.0000000000E+00
    8628   1.0000000000E+00
    8629   1.0000000000E+00
    8630   1.0000000000E+00
    8631   1.0000000000E+00
    8632   1.0000000000E+00
    8633   1.0000000000E+00
    8634   1.0000000000E+00
    8635   1.0000000000E+00
    8636   1.0000000000E+00
    8637   1.0000000000E+00
    8638   1.0000000000E+00
    8639   1.0000000000E+00
    8640   1.0000000000E+00
    8641   1.0000000000E+00
    8642   1.0000000000E+00
    8643   1.0000000000E+00
    8644   1.0000000000E+00
    8645   1.0000000000E+00
    8646   1.0000000000E+00
    8647   1.0000000000E+00
    8648   1.0000000000E+00
    8649   1.0000000000E+00
    8650   1.0000000000E+00
    8651   1.0000000000E+00
    8652   1.0000000000E+00
    8653   1.0000000000E+00
    8654   1.0000000000E+00
    8655   1.0000000000E+00
    8656   1.0000000000E+00
    8657   1.0000000000E+00
    8658   1.0000000000E+00
    8659   1.0000000000E+00
    8660   1.0000000000E+00
    8661   1.0000000000E+00
    8662   1.0000000000E+00
    8663   1.0000000000E+00
    8664   1.0000000000E+00
    8665   1.0000000000E+00
    8666   1.0000000000E+00
    8667   1.0000000000E+00
    8668   1.0000000000E+00
    8669   1.0000000000E+00
    8670   1.0000000000E+00
    8671   1.0000000000E+00
    8672   1.0000000000E+00
    8673   1.0000000000E+00
    8674   1.0000000000E+00
    8675   1.0000000000E+00
    8676   1.0000000000E+00
    8677   1.0000000000E+00
    8678   1.0000000000E+00
    8679   1.0000000000E+00
    8680   1.0000000000E+00
    8681   1.0000000000E+00
    8682   1.0000000000E+00
    8683   1.0000000000E+00
    8684   1.0000000000E+00
    8685   1.0000000000E+00
    8686   1.0000000000E+00
    8687   1.0000000000E+00
    8688   1.0000000000E+00
    8689   1.0000000000E+00
    8690   1.0000000000E+00
    8691   1.0000000000E+00
    8692   1.0000000000E+00
    8693   1.0000000000E+00
    8694   1.0000000000E+00
    8695   1.0000000000E+00
    8696   1.0000000000E+00
    8697   1.0000000000E+00
    8698   1.0000000000E+00
    8699   1.0000000000E+00
    8700   1.0000000000E+00
    8701   1.0000000000E+00
    8702   1.0000000000E+00
    8703   1.0000000000E+00
    8704   1.0000000000E+00
    8705   1.0000000000E+00
    8706   1.0000000000E+00
    8707   1.0000000000E+00
    8708   1.0000000000E+00
    8709   1.0000000000E+00
    8710   1.0000000000E+00
    8711   1.0000000000E+00
    8712   1.0000000000E+00
    8713   1.0000000000E+00
    8714   1.0000000000E+00
    8715   1.0000000000E+00
    8716   1.0000000000E+00
    8717   1.0000000000E+00
    8718   1.0000000000E+00
    8719   1.0000000000E+00
    8720   1.0000000000E+00
    8721   1.0000000000E+00
    8722   1.0000000000E+00
    8723   1.0000000000E+00
    8724   1.0000000000E+00
    8725   1.0000000000E+00
    8726   1.0000000000E+00
    8727   1.0000000000E+00
    8728   1.0000000000E+00
    8729   1.0000000000E+00
    8730   1.0000000000E+00
    8731   1.0000000000E+00
    8732   1.0000000000E+00
    8733   1.0000000000E+00
    8734   1.0000000000E+00
    8735   1.0000000000E+00
    8736   1.0000000000E+00
    8737   1.0000000000E+00
    8738   1.0000000000E+00
    8739   1.0000000000E+00
    8740   1.0000000000E+00
    8741   1.0000000000E+00
    8742   1.0000000000E+00
    8743   1.0000000000E+00
    8744   1.0000000000E+00
    8745   1.0000000000E+00
    8746   1.0000000000E+00
    8747   1.0000000000E+00
    8748   1.0000000000E+00
    8749   1.0000000000E+00
    8750   1.0000000000E+00
    8751   1.0000000000E+00
    8752   1.0000000000E+00
    8753   1.0000000000E+00
    8754   1.0000000000E+00
    8755   1.0000000000E+00
    8756   1.0000000000E+00
    8757   1.0000000000E+00
    8758   1.0000000000E+00
    8759   1.0000000000E+00
    8760   1.0000000000E+00
    8761   1.0000000000E+00
    8762   1.0000000000E+00
    8763   1.0000000000E+00
    8764   1.0000000000E+00
    8765   1.0000000000E+00
    8766   1.0000000000E+00
    8767   1.0000000000E+00
    8768   1.0000000000E+00
    8769   1.0000000000E+00
    8770   1.0000000000E+00
    8771   1.0000000000E+00
    8772   1.0000000000E+00
    8773   1.0000000000E+00
    8774   1.0000000000E+00
    8775   1.0000000000E+00
    8776   1.0000000000E+00
    8777   1.0000000000E+00
    8778   1.0000000000E+00
    8779   1.0000000000E+00
    8780   1.0000000000E+00
    8781   1.0000000000E+00
    8782   1.0000000000E+00
    8783   1.0000000000E+00
    8784   1.0000000000E+00
    8785   1.0000000000E+00
    8786   1.0000000000E+00
    8787   1.0000000000E+00
    8788   1.0000000000E+00
    8789   1.0000000000E+00
    8790   1.0000000000E+00
    8791   1.0000000000E+00
    8792   1.0000000000E+00
    8793   1.0000000000E+00
    8794   1.0000000000E+00
    8795   1.0000000000E+00
    8796   1.0000000000E+00
    8797   1.0000000000E+00
    8798   1.0000000000E+00
    8799   1.0000000000E+00
    8800   1.0000000000E+00
    8801   1.0000000000E+00
    8802   1.0000000000E+00
    8803   1.0000000000E+00
    8804   1.0000000000E+00
    8805   1.0000000000E+00
    8806   1.0000000000E+00
    8807   1.0000000000E+00
    8808   1.0000000000E+00
    8809   1.0000000000E+00
    8810   1.0000000000E+00
    8811   1.0000000000E+00
    8812   1.0000000000E+00
    8813   1.0000000000E+00
    8814   1.0000000000E+00
    8815   1.0000000000E+00
    8816   1.0000000000E+00
    8817   1.0000000000E+00
    8818   1.0000000000E+00
    8819   1.0000000000E+00
    8820   1.0000000000E+00
    8821   1.0000000000E+00
    8822   1.0000000000E+00
    8823   1.0000000000E+00
    8824   1.0000000000E+00
    8825   1.0000000000E+00
    8826   1.0000000000E+00
    8827   1.0000000000E+00
    8828   1.0000000000E+00
    8829   1.0000000000E+00
    8830   1.0000000000E+00
    8831   1.0000000000E+00
    8832   1.0000000000E+00
    8833   1.0000000000E+00
    8834   1.0000000000E+00
    8835   1.0000000000E+00
    8836   1.0000000000E+00
    8837   1.0000000000E+00
    8838   1.0000000000E+00
    8839   1.0000000000E+00
    8840   1.0000000000E+00
    8841   1.0000000000E+00
    8842   1.0000000000E+00
    8843   1.0000000000E+00
    8844   1.0000000000E+00
    8845   1.0000000000E+00
    8846   1.0000000000E+00
    8847   1.0000000000E+00
    8848   1.0000000000E+00
    8849   1.0000000000E+00
    8850   1.0000000000E+00
    8851   1.0000000000E+00
    8852   1.0000000000E+00
    8853   1.0000000000E+00
    8854   1.0000000000E+00
    8855   1.0000000000E+00
    8856   1.0000000000E+00
    8857   1.0000000000E+00
    8858   1.0000000000E+00
    8859   1.0000000000E+00
    8860   1.0000000000E+00
    8861   1.0000000000E+00
    8862   1.0000000000E+00
    8863   1.0000000000E+00
    8864   1.0000000000E+00
    8865   1.0000000000E+00
    8866   1.0000000000E+00
    8867   1.0000000000E+00
    8868   1.0000000000E+00
    8869   1.0000000000E+00
    8870   1.0000000000E+00
    8871   1.0000000000E+00
    8872   1.0000000000E+00
    8873   1.0000000000E+00
    8874   1.0000000000E+00
    8875   1.0000000000E+00
    8876   1.0000000000E+00
    8877   1.0000000000E+00
    8878   1.0000000000E+00
    8879   1.0000000000E+00
    8880   1.0000000000E+00
    8881   1.0000000000E+00
    8882   1.0000000000E+00
    8883   1.0000000000E+00
    8884   1.0000000000E+00
    8885   1.0000000000E+00
    8886   1.0000000000E+00
    8887   1.0000000000E+00
    8888   1.0000000000E+00
    8889   1.0000000000E+00
    8890   1.0000000000E+00
    8891   1.0000000000E+00
    8892   1.0000000000E+00
    8893   1.0000000000E+00
    8894   1.0000000000E+00
    8895   1.0000000000E+00
    8896   1.0000000000E+00
    8897   1.0000000000E+00
    8898   1.0000000000E+00
    8899   1.0000000000E+00
    8900   1.0000000000E+00
    8901   1.0000000000E+00
    8902   1.0000000000E+00
    8903   1.0000000000E+00
    8904   1.0000000000E+00
    8905   1.0000000000E+00
    8906   1.0000000000E+00
    8907   1.0000000000E+00
    8908   1.0000000000E+00
    8909   1.0000000000E+00
    8910   1.0000000000E+00
    8911   1.0000000000E+00
    8912   1.0000000000E+00
    8913   1.0000000000E+00
    8914   1.0000000000E+00
    8915   1.0000000000E+00
    8916   1.0000000000E+00
    8917   1.0000000000E+00
    8918   1.0000000000E+00
    8919   1.0000000000E+00
    8920   1.0000000000E+00
    8921   1.0000000000E+00
    8922   1.0000000000E+00
    8923   1.0000000000E+00
    8924   1.0000000000E+00
    8925   1.0000000000E+00
    8926   1.0000000000E+00
    8927   1.0000000000E+00
    8928   1.0000000000E+00
    8929   1.0000000000E+00
    8930   1.0000000000E+00
    8931   1.0000000000E+00
    8932   1.0000000000E+00
    8933   1.0000000000E+00
    8934   1.0000000000E+00
    8935   1.0000000000E+00
    8936   1.0000000000E+00
    8937   1.0000000000E+00
    8938   1.0000000000E+00
    8939   1.0000000000E+00
    8940   1.0000000000E+00
    8941   1.0000000000E+00
    8942   1.0000000000E+00
    8943   1.0000000000E+00
    8944   1.0000000000E+00
    8945   1.0000000000E+00
    8946   1.0000000000E+00
    8947   1.0000000000E+00
    8948   1.0000000000E+00
    8949   1.0000000000E+00
    8950   1.0000000000E+00
    8951   1.0000000000E+00
    8952   1.0000000000E+00
    8953   1.0000000000E+00
    8954   1.0000000000E+00
    8955   1.0000000000E+00
    8956   1.0000000000E+00
    8957   1.0000000000E+00
    8958   1.0000000000E+00
    8959   1.0000000000E+00
    8960   1.0000000000E+00
    8961   1.0000000000E+00
    8962   1.0000000000E+00
    8963   1.0000000000E+00
    8964   1.0000000000E+00
    8965   1.0000000000E+00
    8966   1.0000000000E+00
    8967   1.0000000000E+00
    8968   1.0000000000E+00
    8969   1.0000000000E+00
    8970   1.0000000000E+00
    8971   1.0000000000E+00
    8972   1.0000000000E+00
    8973   1.0000000000E+00
    8974   1.0000000000E+00
    8975   1.0000000000E+00
    8976   1.0000000000E+00
    8977   1.0000000000E+00
    8978   1.0000000000E+00
    8979   1.0000000000E+00
    8980   1.0000000000E+00
    8981   1.0000000000E+00
    8982   1.0000000000E+00
    8983   1.0000000000E+00
    8984   1.0000000000E+00
    8985   1.0000000000E+00
    8986   1.0000000000E+00
    8987   1.0000000000E+00
    8988   1.0000000000E+00
    8989   1.0000000000E+00
    8990   1.0000000000E+00
    8991   1.0000000000E+00
    8992   1.0000000000E+00
    8993   1.0000000000E+00
    8994   1.0000000000E+00
    8995   1.0000000000E+00
    8996   1.0000000000E+00
    8997   1.0000000000E+00
    8998   1.0000000000E+00
    8999   1.0000000000E+00
    9000   1.0000000000E+00
    9001   1.0000000000E+00
    9002   1.0000000000E+00
    9003   1.0000000000E+00
    9004   1.0000000000E+00
    9005   1.0000000000E+00
    9006   1.0000000000E+00
    9007   1.0000000000E+00
    9008   1.0000000000E+00
    9009   1.0000000000E+00
    9010   1.0000000000E+00
    9011   1.0000000000E+00
    9012   1.0000000000E+00
    9013   1.0000000000E+00
    9014   1.0000000000E+00
    9015   1.0000000000E+00
    9016   1.0000000000E+00
    9017   1.0000000000E+00
    9018   1.0000000000E+00
    9019   1.0000000000E+00
    9020   1.0000000000E+00
    9021   1.0000000000E+00
    9022   1.0000000000E+00
    9023   1.0000000000E+00
    9024   1.0000000000E+00
    9025   1.0000000000E+00
    9026   1.0000000000E+00
    9027   1.0000000000E+00
    9028   1.0000000000E+00
    9029   1.0000000000E+00
    9030   1.0000000000E+00
    9031   1.0000000000E+00
    9032   1.0000000000E+00
    9033   1.0000000000E+00
    9034   1.0000000000E+00
    9035   1.0000000000E+00
    9036   1.0000000000E+00
    9037   1.0000000000E+00
    9038   1.0000000000E+00
    9039   1.0000000000E+00
    9040   1.0000000000E+00
    9041   1.0000000000E+00
    9042   1.0000000000E+00
    9043   1.0000000000E+00
    9044   1.0000000000E+00
    9045   1.0000000000E+00
    9046   1.0000000000E+00
    9047   1.0000000000E+00
    9048   1.0000000000E+00
    9049   1.0000000000E+00
    9050   1.0000000000E+00
    9051   1.0000000000E+00
    9052   1.0000000000E+00
    9053   1.0000000000E+00
    9054   1.0000000000E+00
    9055   1.0000000000E+00
    9056   1.0000000000E+00
    9057   1.0000000000E+00
    9058   1.0000000000E+00
    9059   1.0000000000E+00
    9060   1.0000000000E+00
    9061   1.0000000000E+00
    9062   1.0000000000E+00
    9063   1.0000000000E+00
    9064   1.0000000000E+00
    9065   1.0000000000E+00
    9066   1.0000000000E+00
    9067   1.0000000000E+00
    9068   1.0000000000E+00
    9069   1.0000000000E+00
    9070   1.0000000000E+00
    9071   1.0000000000E+00
    9072   1.0000000000E+00
    9073   1.0000000000E+00
    9074   1.0000000000E+00
    9075   1.0000000000E+00
    9076   1.0000000000E+00
    9077   1.0000000000E+00
    9078   1.0000000000E+00
    9079   1.0000000000E+00
    9080   1.0000000000E+00
    9081   1.0000000000E+00
    9082   1.0000000000E+00
    9083   1.0000000000E+00
    9084   1.0000000000E+00
    9085   1.0000000000E+00
    9086   1.0000000000E+00
    9087   1.0000000000E+00
    9088   1.0000000000E+00
    9089   1.0000000000E+00
    9090   1.0000000000E+00
    9091   1.0000000000E+00
    9092   1.0000000000E+00
    9093   1.0000000000E+00
    9094   1.0000000000E+00
    9095   1.0000000000E+00
    9096   1.0000000000E+00
    9097   1.0000000000E+00
    9098   1.0000000000E+00
    9099   1.0000000000E+00
    9100   1.0000000000E+00
    9101   1.0000000000E+00
    9102   1.0000000000E+00
    9103   1.0000000000E+00
    9104   1.0000000000E+00
    9105   1.0000000000E+00
    9106   1.0000000000E+00
    9107   1.0000000000E+00
    9108   1.0000000000E+00
    9109   1.0000000000E+00
    9110   1.0000000000E+00
    9111   1.0000000000E+00
    9112   1.0000000000E+00
    9113   1.0000000000E+00
    9114   1.0000000000E+00
    9115   1.0000000000E+00
    9116   1.0000000000E+00
    9117   1.0000000000E+00
    9118   1.0000000000E+00
    9119   1.0000000000E+00
    9120   1.0000000000E+00
    9121   1.0000000000E+00
    9122   1.0000000000E+00
    9123   1.0000000000E+00
    9124   1.0000000000E+00
    9125   1.0000000000E+00
    9126   1.0000000000E+00
    9127   1.0000000000E+00
    9128   1.0000000000E+00
    9129   1.0000000000E+00
    9130   1.0000000000E+00
    9131   1.0000000000E+00
    9132   1.0000000000E+00
    9133   1.0000000000E+00
    9134   1.0000000000E+00
    9135   1.0000000000E+00
    9136   1.0000000000E+00
    9137   1.0000000000E+00
    9138   1.0000000000E+00
    9139   1.0000000000E+00
    9140   1.0000000000E+00
    9141   1.0000000000E+00
    9142   1.0000000000E+00
    9143   1.0000000000E+00
    9144   1.0000000000E+00
    9145   1.0000000000E+00
    9146   1.0000000000E+00
    9147   1.0000000000E+00
    9148   1.0000000000E+00
    9149   1.0000000000E+00
    9150   1.0000000000E+00
    9151   1.0000000000E+00
    9152   1.0000000000E+00
    9153   1.0000000000E+00
    9154   1.0000000000E+00
    9155   1.0000000000E+00
    9156   1.0000000000E+00
    9157   1.0000000000E+00
    9158   1.0000000000E+00
    9159   1.0000000000E+00
    9160   1.0000000000E+00
    9161   1.0000000000E+00
    9162   1.0000000000E+00
    9163   1.0000000000E+00
    9164   1.0000000000E+00
    9165   1.0000000000E+00
    9166   1.0000000000E+00
    9167   1.0000000000E+00
    9168   1.0000000000E+00
    9169   1.0000000000E+00
    9170   1.0000000000E+00
    9171   1.0000000000E+00
    9172   1.0000000000E+00
    9173   1.0000000000E+00
    9174   1.0000000000E+00
    9175   1.0000000000E+00
    9176   1.0000000000E+00
    9177   1.0000000000E+00
    9178   1.0000000000E+00
    9179   1.0000000000E+00
    9180   1.0000000000E+00
    9181   1.0000000000E+00
    9182   1.0000000000E+00
    9183   1.0000000000E+00
    9184   1.0000000000E+00
    9185   1.0000000000E+00
    9186   1.0000000000E+00
    9187   1.0000000000E+00
    9188   1.0000000000E+00
    9189   1.0000000000E+00
    9190   1.0000000000E+00
    9191   1.0000000000E+00
    9192   1.0000000000E+00
    9193   1.0000000000E+00
    9194   1.0000000000E+00
    9195   1.0000000000E+00
    9196   1.0000000000E+00
    9197   1.0000000000E+00
    9198   1.0000000000E+00
    9199   1.0000000000E+00
    9200   1.0000000000E+00
    9201   1.0000000000E+00
    9202   1.0000000000E+00
    9203   1.0000000000E+00
    9204   1.0000000000E+00
    9205   1.0000000000E+00
    9206   1.0000000000E+00
    9207   1.0000000000E+00
    9208   1.0000000000E+00
    9209   1.0000000000E+00
    9210   1.0000000000E+00
    9211   1.0000000000E+00
    9212   1.0000000000E+00
    9213   1.0000000000E+00
    9214   1.0000000000E+00
    9215   1.0000000000E+00
    9216   1.0000000000E+00
    9217   1.0000000000E+00
    9218   1.0000000000E+00
    9219   1.0000000000E+00
    9220   1.0000000000E+00
    9221   1.0000000000E+00
    9222   1.0000000000E+00
    9223   1.0000000000E+00
    9224   1.0000000000E+00
    9225   1.0000000000E+00
    9226   1.0000000000E+00
    9227   1.0000000000E+00
    9228   1.0000000000E+00
    9229   1.0000000000E+00
    9230   1.0000000000E+00
    9231   1.0000000000E+00
    9232   1.0000000000E+00
    9233   1.0000000000E+00
    9234   1.0000000000E+00
    9235   1.0000000000E+00
    9236   1.0000000000E+00
    9237   1.0000000000E+00
    9238   1.0000000000E+00
    9239   1.0000000000E+00
    9240   1.0000000000E+00
    9241   1.0000000000E+00
    9242   1.0000000000E+00
    9243   1.0000000000E+00
    9244   1.0000000000E+00
    9245   1.0000000000E+00
    9246   1.0000000000E+00
    9247   1.0000000000E+00
    9248   1.0000000000E+00
    9249   1.0000000000E+00
    9250   1.0000000000E+00
    9251   1.0000000000E+00
    9252   1.0000000000E+00
    9253   1.0000000000E+00
    9254   1.0000000000E+00
    9255   1.0000000000E+00
    9256   1.0000000000E+00
    9257   1.0000000000E+00
    9258   1.0000000000E+00
    9259   1.0000000000E+00
    9260   1.0000000000E+00
    9261   1.0000000000E+00
    9262   1.0000000000E+00
    9263   1.0000000000E+00
    9264   1.0000000000E+00
    9265   1.0000000000E+00
    9266   1.0000000000E+00
    9267   1.0000000000E+00
    9268   1.0000000000E+00
    9269   1.0000000000E+00
    9270   1.0000000000E+00
    9271   1.0000000000E+00
    9272   1.0000000000E+00
    9273   1.0000000000E+00
    9274   1.0000000000E+00
    9275   1.0000000000E+00
    9276   1.0000000000E+00
    9277   1.0000000000E+00
    9278   1.0000000000E+00
    9279   1.0000000000E+00
    9280   1.0000000000E+00
    9281   1.0000000000E+00
    9282   1.0000000000E+00
    9283   1.0000000000E+00
    9284   1.0000000000E+00
    9285   1.0000000000E+00
    9286   1.0000000000E+00
    9287   1.0000000000E+00
    9288   1.0000000000E+00
    9289   1.0000000000E+00
    9290   1.0000000000E+00
    9291   1.0000000000E+00
    9292   1.0000000000E+00
    9293   1.0000000000E+00
    9294   1.0000000000E+00
    9295   1.0000000000E+00
    9296   1.0000000000E+00
    9297   1.0000000000E+00
    9298   1.0000000000E+00
    9299   1.0000000000E+00
    9300   1.0000000000E+00
    9301   1.0000000000E+00
    9302   1.0000000000E+00
    9303   1.0000000000E+00
    9304   1.0000000000E+00
    9305   1.0000000000E+00
    9306   1.0000000000E+00
    9307   1.0000000000E+00
    9308   1.0000000000E+00
    9309   1.0000000000E+00
    9310   1.0000000000E+00
    9311   1.0000000000E+00
    9312   1.0000000000E+00
    9313   1.0000000000E+00
    9314   1.0000000000E+00
    9315   1.0000000000E+00
    9316   1.0000000000E+00
    9317   1.0000000000E+00
    9318   1.0000000000E+00
    9319   1.0000000000E+00
    9320   1.0000000000E+00
    9321   1.0000000000E+00
    9322   1.0000000000E+00
    9323   1.0000000000E+00
    9324   1.0000000000E+00
    9325   1.0000000000E+00
    9326   1.0000000000E+00
    9327   1.0000000000E+00
    9328   1.0000000000E+00
    9329   1.0000000000E+00
    9330   1.0000000000E+00
    9331   1.0000000000E+00
    9332   1.0000000000E+00
    9333   1.0000000000E+00
    9334   1.0000000000E+00
    9335   1.0000000000E+00
    9336   1.0000000000E+00
    9337   1.0000000000E+00
    9338   1.0000000000E+00
    9339   1.0000000000E+00
    9340   1.0000000000E+00
    9341   1.0000000000E+00
    9342   1.0000000000E+00
    9343   1.0000000000E+00
    9344   1.0000000000E+00
    9345   1.0000000000E+00
    9346   1.0000000000E+00
    9347   1.0000000000E+00
    9348   1.0000000000E+00
    9349   1.0000000000E+00
    9350   1.0000000000E+00
    9351   1.0000000000E+00
    9352   1.0000000000E+00
    9353   1.0000000000E+00
    9354   1.0000000000E+00
    9355   1.0000000000E+00
    9356   1.0000000000E+00
    9357   1.0000000000E+00
    9358   1.0000000000E+00
    9359   1.0000000000E+00
    9360   1.0000000000E+00
    9361   1.0000000000E+00
    9362   1.0000000000E+00
    9363   1.0000000000E+00
    9364   1.0000000000E+00
    9365   1.0000000000E+00
    9366   1.0000000000E+00
    9367   1.0000000000E+00
    9368   1.0000000000E+00
    9369   1.0000000000E+00
    9370   1.0000000000E+00
    9371   1.0000000000E+00
    9372   1.0000000000E+00
    9373   1.0000000000E+00
    9374   1.0000000000E+00
    9375   1.0000000000E+00
    9376   1.0000000000E+00
    9377   1.0000000000E+00
    9378   1.0000000000E+00
    9379   1.0000000000E+00
    9380   1.0000000000E+00
    9381   1.0000000000E+00
    9382   1.0000000000E+00
    9383   1.0000000000E+00
    9384   1.0000000000E+00
    9385   1.0000000000E+00
    9386   1.0000000000E+00
    9387   1.0000000000E+00
    9388   1.0000000000E+00
    9389   1.0000000000E+00
    9390   1.0000000000E+00
    9391   1.0000000000E+00
    9392   1.0000000000E+00
    9393   1.0000000000E+00
    9394   1.0000000000E+00
    9395   1.0000000000E+00
    9396   1.0000000000E+00
    9397   1.0000000000E+00
    9398   1.0000000000E+00
    9399   1.0000000000E+00
    9400   1.0000000000E+00
    9401   1.0000000000E+00
    9402   1.0000000000E+00
    9403   1.0000000000E+00
    9404   1.0000000000E+00
    9405   1.0000000000E+00
    9406   1.0000000000E+00
    9407   1.0000000000E+00
    9408   1.0000000000E+00
    9409   1.0000000000E+00
    9410   1.0000000000E+00
    9411   1.0000000000E+00
    9412   1.0000000000E+00
    9413   1.0000000000E+00
    9414   1.0000000000E+00
    9415   1.0000000000E+00
    9416   1.0000000000E+00
    9417   1.0000000000E+00
    9418   1.0000000000E+00
    9419   1.0000000000E+00
    9420   1.0000000000E+00
    9421   1.0000000000E+00
    9422   1.0000000000E+00
    9423   1.0000000000E+00
    9424   1.0000000000E+00
    9425   1.0000000000E+00
    9426   1.0000000000E+00
    9427   1.0000000000E+00
    9428   1.0000000000E+00
    9429   1.0000000000E+00
    9430   1.0000000000E+00
    9431   1.0000000000E+00
    9432   1.0000000000E+00
    9433   1.0000000000E+00
    9434   1.0000000000E+00
    9435   1.0000000000E+00
    9436   1.0000000000E+00
    9437   1.0000000000E+00
    9438   1.0000000000E+00
    9439   1.0000000000E+00
    9440   1.0000000000E+00
    9441   1.0000000000E+00
    9442   1.0000000000E+00
    9443   1.0000000000E+00
    9444   1.0000000000E+00
    9445   1.0000000000E+00
    9446   1.0000000000E+00
    9447   1.0000000000E+00
    9448   1.0000000000E+00
    9449   1.0000000000E+00
    9450   1.0000000000E+00
    9451   1.0000000000E+00
    9452   1.0000000000E+00
    9453   1.0000000000E+00
    9454   1.0000000000E+00
    9455   1.0000000000E+00
    9456   1.0000000000E+00
    9457   1.0000000000E+00
    9458   1.0000000000E+00
    9459   1.0000000000E+00
    9460   1.0000000000E+00
    9461   1.0000000000E+00
    9462   1.0000000000E+00
    9463   1.0000000000E+00
    9464   1.0000000000E+00
    9465   1.0000000000E+00
    9466   1.0000000000E+00
    9467   1.0000000000E+00
    9468   1.0000000000E+00
    9469   1.0000000000E+00
    9470   1.0000000000E+00
    9471   1.0000000000E+00
    9472   1.0000000000E+00
    9473   1.0000000000E+00
    9474   1.0000000000E+00
    9475   1.0000000000E+00
    9476   1.0000000000E+00
    9477   1.0000000000E+00
    9478   1.0000000000E+00
    9479   1.0000000000E+00
    9480   1.0000000000E+00
    9481   1.0000000000E+00
    9482   1.0000000000E+00
    9483   1.0000000000E+00
    9484   1.0000000000E+00
    9485   1.0000000000E+00
    9486   1.0000000000E+00
    9487   1.0000000000E+00
    9488   1.0000000000E+00
    9489   1.0000000000E+00
    9490   1.0000000000E+00
    9491   1.0000000000E+00
    9492   1.0000000000E+00
    9493   1.0000000000E+00
    9494   1.0000000000E+00
    9495   1.0000000000E+00
    9496   1.0000000000E+00
    9497   1.0000000000E+00
    9498   1.0000000000E+00
    9499   1.0000000000E+00
    9500   1.0000000000E+00
    9501   1.0000000000E+00
    9502   1.0000000000E+00
    9503   1.0000000000E+00
    9504   1.0000000000E+00
    9505   1.0000000000E+00
    9506   1.0000000000E+00
    9507   1.0000000000E+00
    9508   1.0000000000E+00
    9509   1.0000000000E+00
    9510   1.0000000000E+00
    9511   1.0000000000E+00
    9512   1.0000000000E+00
    9513   1.0000000000E+00
    9514   1.0000000000E+00
    9515   1.0000000000E+00
    9516   1.0000000000E+00
    9517   1.0000000000E+00
    9518   1.0000000000E+00
    9519   1.0000000000E+00
    9520   1.0000000000E+00
    9521   1.0000000000E+00
    9522   1.0000000000E+00
    9523   1.0000000000E+00
    9524   1.0000000000E+00
    9525   1.0000000000E+00
    9526   1.0000000000E+00
    9527   1.0000000000E+00
    9528   1.0000000000E+00
    9529   1.0000000000E+00
    9530   1.0000000000E+00
    9531   1.0000000000E+00
    9532   1.0000000000E+00
    9533   1.0000000000E+00
    9534   1.0000000000E+00
    9535   1.0000000000E+00
    9536   1.0000000000E+00
    9537   1.0000000000E+00
    9538   1.0000000000E+00
    9539   1.0000000000E+00
    9540   1.0000000000E+00
    9541   1.0000000000E+00
    9542   1.0000000000E+00
    9543   1.0000000000E+00
    9544   1.0000000000E+00
    9545   1.0000000000E+00
    9546   1.0000000000E+00
    9547   1.0000000000E+00
    9548   1.0000000000E+00
    9549   1.0000000000E+00
    9550   1.0000000000E+00
    9551   1.0000000000E+00
    9552   1.0000000000E+00
    9553   1.0000000000E+00
    9554   1.0000000000E+00
    9555   1.0000000000E+00
    9556   1.0000000000E+00
    9557   1.0000000000E+00
    9558   1.0000000000E+00
    9559   1.0000000000E+00
    9560   1.0000000000E+00
    9561   1.0000000000E+00
    9562   1.0000000000E+00
    9563   1.0000000000E+00
    9564   1.0000000000E+00
    9565   1.0000000000E+00
    9566   1.0000000000E+00
    9567   1.0000000000E+00
    9568   1.0000000000E+00
    9569   1.0000000000E+00
    9570   1.0000000000E+00
    9571   1.0000000000E+00
    9572   1.0000000000E+00
    9573   1.0000000000E+00
    9574   1.0000000000E+00
    9575   1.0000000000E+00
    9576   1.0000000000E+00
    9577   1.0000000000E+00
    9578   1.0000000000E+00
    9579   1.0000000000E+00
    9580   1.0000000000E+00
    9581   1.0000000000E+00
    9582   1.0000000000E+00
    9583   1.0000000000E+00
    9584   1.0000000000E+00
    9585   1.0000000000E+00
    9586   1.0000000000E+00
    9587   1.0000000000E+00
    9588   1.0000000000E+00
    9589   1.0000000000E+00
    9590   1.0000000000E+00
    9591   1.0000000000E+00
    9592   1.0000000000E+00
    9593   1.0000000000E+00
    9594   1.0000000000E+00
    9595   1.0000000000E+00
    9596   1.0000000000E+00
    9597   1.0000000000E+00
    9598   1.0000000000E+00
    9599   1.0000000000E+00
    9600   1.0000000000E+00
    9601   1.0000000000E+00
    9602   1.0000000000E+00
    9603   1.0000000000E+00
    9604   1.0000000000E+00
    9605   1.0000000000E+00
    9606   1.0000000000E+00
    9607   1.0000000000E+00
    9608   1.0000000000E+00
    9609   1.0000000000E+00
    9610   1.0000000000E+00
    9611   1.0000000000E+00
    9612   1.0000000000E+00
    9613   1.0000000000E+00
    9614   1.0000000000E+00
    9615   1.0000000000E+00
    9616   1.0000000000E+00
    9617   1.0000000000E+00
    9618   1.0000000000E+00
    9619   1.0000000000E+00
    9620   1.0000000000E+00
    9621   1.0000000000E+00
    9622   1.0000000000E+00
    9623   1.0000000000E+00
    9624   1.0000000000E+00
    9625   1.0000000000E+00
    9626   1.0000000000E+00
    9627   1.0000000000E+00
    9628   1.0000000000E+00
    9629   1.0000000000E+00
    9630   1.0000000000E+00
    9631   1.0000000000E+00
    9632   1.0000000000E+00
    9633   1.0000000000E+00
    9634   1.0000000000E+00
    9635   1.0000000000E+00
    9636   1.0000000000E+00
    9637   1.0000000000E+00
    9638   1.0000000000E+00
    9639   1.0000000000E+00
    9640   1.0000000000E+00
    9641   1.0000000000E+00
    9642   1.0000000000E+00
    9643   1.0000000000E+00
    9644   1.0000000000E+00
    9645   1.0000000000E+00
    9646   1.0000000000E+00
    9647   1.0000000000E+00
    9648   1.0000000000E+00
    9649   1.0000000000E+00
    9650   1.0000000000E+00
    9651   1.0000000000E+00
    9652   1.0000000000E+00
    9653   1.0000000000E+00
    9654   1.0000000000E+00
    9655   1.0000000000E+00
    9656   1.0000000000E+00
    9657   1.0000000000E+00
    9658   1.0000000000E+00
    9659   1.0000000000E+00
    9660   1.0000000000E+00
    9661   1.0000000000E+00
    9662   1.0000000000E+00
    9663   1.0000000000E+00
    9664   1.0000000000E+00
    9665   1.0000000000E+00
    9666   1.0000000000E+00
    9667   1.0000000000E+00
    9668   1.0000000000E+00
    9669   1.0000000000E+00
    9670   1.0000000000E+00
    9671   1.0000000000E+00
    9672   1.0000000000E+00
    9673   1.0000000000E+00
    9674   1.0000000000E+00
    9675   1.0000000000E+00
    9676   1.0000000000E+00
    9677   1.0000000000E+00
    9678   1.0000000000E+00
    9679   1.0000000000E+00
    9680   1.0000000000E+00
    9681   1.0000000000E+00
    9682   1.0000000000E+00
    9683   1.0000000000E+00
    9684   1.0000000000E+00
    9685   1.0000000000E+00
    9686   1.0000000000E+00
    9687   1.0000000000E+00
    9688   1.0000000000E+00
    9689   1.0000000000E+00
    9690   1.0000000000E+00
    9691   1.0000000000E+00
    9692   1.0000000000E+00
    9693   1.0000000000E+00
    9694   1.0000000000E+00
    9695   1.0000000000E+00
    9696   1.0000000000E+00
    9697   1.0000000000E+00
    9698   1.0000000000E+00
    9699   1.0000000000E+00
    9700   1.0000000000E+00
    9701   1.0000000000E+00
    9702   1.0000000000E+00
    9703   1.0000000000E+00
    9704   1.0000000000E+00
    9705   1.0000000000E+00
    9706   1.0000000000E+00
    9707   1.0000000000E+00
    9708   1.0000000000E+00
    9709   1.0000000000E+00
    9710   1.0000000000E+00
    9711   1.0000000000E+00
    9712   1.0000000000E+00
    9713   1.0000000000E+00
    9714   1.0000000000E+00
    9715   1.0000000000E+00
    9716   1.0000000000E+00
    9717   1.0000000000E+00
    9718   1.0000000000E+00
    9719   1.0000000000E+00
    9720   1.0000000000E+00
    9721   1.0000000000E+00
    9722   1.0000000000E+00
    9723   1.0000000000E+00
    9724   1.0000000000E+00
    9725   1.0000000000E+00
    9726   1.0000000000E+00
    9727   1.0000000000E+00
    9728   1.0000000000E+00
    9729   1.0000000000E+00
    9730   1.0000000000E+00
    9731   1.0000000000E+00
    9732   1.0000000000E+00
    9733   1.0000000000E+00
    9734   1.0000000000E+00
    9735   1.0000000000E+00
    9736   1.0000000000E+00
    9737   1.0000000000E+00
    9738   1.0000000000E+00
    9739   1.0000000000E+00
    9740   1.0000000000E+00
    9741   1.0000000000E+00
    9742   1.0000000000E+00
    9743   1.0000000000E+00
    9744   1.0000000000E+00
    9745   1.0000000000E+00
    9746   1.0000000000E+00
    9747   1.0000000000E+00
    9748   1.0000000000E+00
    9749   1.0000000000E+00
    9750   1.0000000000E+00
    9751   1.0000000000E+00
    9752   1.0000000000E+00
    9753   1.0000000000E+00
    9754   1.0000000000E+00
    9755   1.0000000000E+00
    9756   1.0000000000E+00
    9757   1.0000000000E+00
    9758   1.0000000000E+00
    9759   1.0000000000E+00
    9760   1.0000000000E+00
    9761   1.0000000000E+00
    9762   1.0000000000E+00
    9763   1.0000000000E+00
    9764   1.0000000000E+00
    9765   1.0000000000E+00
    9766   1.0000000000E+00
    9767   1.0000000000E+00
    9768   1.0000000000E+00
    9769   1.0000000000E+00
    9770   1.0000000000E+00
    9771   1.0000000000E+00
    9772   1.0000000000E+00
    9773   1.0000000000E+00
    9774   1.0000000000E+00
    9775   1.0000000000E+00
    9776   1.0000000000E+00
    9777   1.0000000000E+00
    9778   1.0000000000E+00
    9779   1.0000000000E+00
    9780   1.0000000000E+00
    9781   1.0000000000E+00
    9782   1.0000000000E+00
    9783   1.0000000000E+00
    9784   1.0000000000E+00
    9785   1.0000000000E+00
    9786   1.0000000000E+00
    9787   1.0000000000E+00
    9788   1.0000000000E+00
    9789   1.0000000000E+00
    9790   1.0000000000E+00
    9791   1.0000000000E+00
    9792   1.0000000000E+00
    9793   1.0000000000E+00
    9794   1.0000000000E+00
    9795   1.0000000000E+00
    9796   1.0000000000E+00
    9797   1.0000000000E+00
    9798   1.0000000000E+00
    9799   1.0000000000E+00
    9800   1.0000000000E+00
    9801   1.0000000000E+00
    9802   1.0000000000E+00
    9803   1.0000000000E+00
    9804   1.0000000000E+00
    9805   1.0000000000E+00
    9806   1.0000000000E+00
    9807   1.0000000000E+00
    9808   1.0000000000E+00
    9809   1.0000000000E+00
    9810   1.0000000000E+00
    9811   1.0000000000E+00
    9812   1.0000000000E+00
    9813   1.0000000000E+00
    9814   1.0000000000E+00
    9815   1.0000000000E+00
    9816   1.0000000000E+00
    9817   1.0000000000E+00
    9818   1.0000000000E+00
    9819   1.0000000000E+00
    9820   1.0000000000E+00
    9821   1.0000000000E+00
    9822   1.0000000000E+00
    9823   1.0000000000E+00
    9824   1.0000000000E+00
    9825   1.0000000000E+00
    9826   1.0000000000E+00
    9827   1.0000000000E+00
    9828   1.0000000000E+00
    9829   1.0000000000E+00
    9830   1.0000000000E+00
    9831   1.0000000000E+00
    9832   1.0000000000E+00
    9833   1.0000000000E+00
    9834   1.0000000000E+00
    9835   1.0000000000E+00
    9836   1.0000000000E+00
    9837   1.0000000000E+00
    9838   1.0000000000E+00
    9839   1.0000000000E+00
    9840   1.0000000000E+00
    9841   1.0000000000E+00
    9842   1.0000000000E+00
    9843   1.0000000000E+00
    9844   1.0000000000E+00
    9845   1.0000000000E+00
    9846   1.0000000000E+00
    9847   1.0000000000E+00
    9848   1.0000000000E+00
    9849   1.0000000000E+00
    9850   1.0000000000E+00
    9851   1.0000000000E+00
    9852   1.0000000000E+00
    9853   1.0000000000E+00
    9854   1.0000000000E+00
    9855   1.0000000000E+00
    9856   1.0000000000E+00
    9857   1.0000000000E+00
    9858   1.0000000000E+00
    9859   1.0000000000E+00
    9860   1.0000000000E+00
    9861   1.0000000000E+00
    9862   1.0000000000E+00
    9863   1.0000000000E+00
    9864   1.0000000000E+00
    9865   1.0000000000E+00
    9866   1.0000000000E+00
    9867   1.0000000000E+00
    9868   1.0000000000E+00
    9869   1.0000000000E+00
    9870   1.0000000000E+00
    9871   1.0000000000E+00
    9872   1.0000000000E+00
    9873   1.0000000000E+00
    9874   1.0000000000E+00
    9875   1.0000000000E+00
    9876   1.0000000000E+00
    9877   1.0000000000E+00
    9878   1.0000000000E+00
    9879   1.0000000000E+00
    9880   1.0000000000E+00
    9881   1.0000000000E+00
    9882   1.0000000000E+00
    9883   1.0000000000E+00
    9884   1.0000000000E+00
    9885   1.0000000000E+00
    9886   1.0000000000E+00
    9887   1.0000000000E+00
    9888   1.0000000000E+00
    9889   1.0000000000E+00
    9890   1.0000000000E+00
    9891   1.0000000000E+00
    9892   1.0000000000E+00
    9893   1.0000000000E+00
    9894   1.0000000000E+00
    9895   1.0000000000E+00
    9896   1.0000000000E+00
    9897   1.0000000000E+00
    9898   1.0000000000E+00
    9899   1.0000000000E+00
    9900   1.0000000000E+00
    9901   1.0000000000E+00
    9902   1.0000000000E+00
    9903   1.0000000000E+00
    9904   1.0000000000E+00
    9905   1.0000000000E+00
    9906   1.0000000000E+00
    9907   1.0000000000E+00
    9908   1.0000000000E+00
    9909   1.0000000000E+00
    9910   1.0000000000E+00
    9911   1.0000000000E+00
    9912   1.0000000000E+00
    9913   1.0000000000E+00
    9914   1.0000000000E+00
    9915   1.0000000000E+00
    9916   1.0000000000E+00
    9917   1.0000000000E+00
    9918   1.0000000000E+00
    9919   1.0000000000E+00
    9920   1.0000000000E+00
    9921   1.0000000000E+00
    9922   1.0000000000E+00
    9923   1.0000000000E+00
    9924   1.0000000000E+00
    9925   1.0000000000E+00
    9926   1.0000000000E+00
    9927   1.0000000000E+00
    9928   1.0000000000E+00
    9929   1.0000000000E+00
    9930   1.0000000000E+00
    9931   1.0000000000E+00
    9932   1.0000000000E+00
    9933   1.0000000000E+00
    9934   1.0000000000E+00
    9935   1.0000000000E+00
    9936   1.0000000000E+00
    9937   1.0000000000E+00
    9938   1.0000000000E+00
    9939   1.0000000000E+00
    9940   1.0000000000E+00
    9941   1.0000000000E+00
    9942   1.0000000000E+00
    9943   1.0000000000E+00
    9944   1.0000000000E+00
    9945   1.0000000000E+00
    9946   1.0000000000E+00
    9947   1.0000000000E+00
    9948   1.0000000000E+00
    9949   1.0000000000E+00
    9950   1.0000000000E+00
    9951   1.0000000000E+00
    9952   1.0000000000E+00
    9953   1.0000000000E+00
    9954   1.0000000000E+00
    9955   1.0000000000E+00
    9956   1.0000000000E+00
    9957   1.0000000000E+00
    9958   1.0000000000E+00
    9959   1.0000000000E+00
    9960   1.0000000000E+00
    9961   1.0000000000E+00
    9962   1.0000000000E+00
    9963   1.0000000000E+00
    9964   1.0000000000E+00
    9965   1.0000000000E+00
    9966   1.0000000000E+00
    9967   1.0000000000E+00
    9968   1.0000000000E+00
    9969   1.0000000000E+00
    9970   1.0000000000E+00
    9971   1.0000000000E+00
    9972   1.0000000000E+00
    9973   1.0000000000E+00
    9974   1.0000000000E+00
    9975   1.0000000000E+00
    9976   1.0000000000E+00
    9977   1.0000000000E+00
    9978   1.0000000000E+00
    9979   1.0000000000E+00
    9980   1.0000000000E+00
    9981   1.0000000000E+00
    9982   1.0000000000E+00
    9983   1.0000000000E+00
    9984   1.0000000000E+00
    9985   1.0000000000E+00
    9986   1.0000000000E+00
    9987   1.0000000000E+00
    9988   1.0000000000E+00
    9989   1.0000000000E+00
    9990   1.0000000000E+00
    9991   1.0000000000E+00
    9992   1.0000000000E+00
    9993   1.0000000000E+00
    9994   1.0000000000E+00
    9995   1.0000000000E+00
    9996   1.0000000000E+00
    9997   1.0000000000E+00
    9998   1.0000000000E+00
    9999   1.0000000000E+00
   10000   8.3593750000E-01
   10001   1.6406250000E-01
   10002   0.0000000000E+00
   10003   0.0000000000E+00
