# ic  density_f1
      -2   0.0000000000E+00
      -1   1.7762369809E-01
       0   8.6403467575E-01
       1   1.0150164745E+00
       2   1.0153773640E+00
       3   1.0157748408E+00
       4   1.0161434518E+00
       5   1.0165389609E+00
       6   1.0170391169E+00
       7   1.0175678555E+00
       8   1.0179454807E+00
       9   1.0182139794E+00
      10   1.0183392043E+00
      11   1.0183446392E+00
      12   1.0181974464E+00
      13   1.0178275380E+00
      14   1.0172296447E+00
      15   1.0165299340E+00
      16   1.0159316975E+00
      17   1.0155848764E+00
      18   1.0155038281E+00
      19   1.0156210220E+00
      20   1.0158126189E+00
      21   1.0159439389E+00
      22   1.0160524553E+00
      23   1.0160394387E+00
      24   1.0158685004E+00
      25   1.0155955058E+00
      26   1.0153701763E+00
      27   1.0153350455E+00
      28   1.0155033146E+00
      29   1.0157393248E+00
      30   1.0158658553E+00
      31   1.0158067593E+00
      32   1.0156246363E+00
      33   1.0154389920E+00
      34   1.0153203257E+00
      35   1.0152654648E+00
      36   1.0152668494E+00
      37   1.0153781323E+00
      38   1.0155322879E+00
      39   1.0157902092E+00
      40   1.0160009618E+00
      41   1.0160053834E+00
      42   1.0157480363E+00
      43   1.0153017951E+00
      44   1.0147859433E+00
      45   1.0142661381E+00
      46   1.0137317950E+00
      47   1.0131658297E+00
      48   1.0126110961E+00
      49   1.0121608439E+00
      50   1.0118894544E+00
      51   1.0118030364E+00
      52   1.0118845472E+00
      53   1.0121105307E+00
      54   1.0125019439E+00
      55   1.0131360856E+00
      56   1.0139369186E+00
      57   1.0147267289E+00
      58   1.0152735208E+00
      59   1.0153930725E+00
      60   1.0150134330E+00
      61   1.0141779173E+00
      62   1.0130236666E+00
      63   1.0117652072E+00
      64   1.0106723368E+00
      65   1.0100048982E+00
      66   1.0099183803E+00
      67   1.0103926461E+00
      68   1.0112403586E+00
      69   1.0121840446E+00
      70   1.0129535447E+00
      71   1.0133508785E+00
      72   1.0132897662E+00
      73   1.0128181416E+00
      74   1.0121345765E+00
      75   1.0114583235E+00
      76   1.0110728921E+00
      77   1.0111151521E+00
      78   1.0115150129E+00
      79   1.0120797905E+00
      80   1.0125893138E+00
      81   1.0128932652E+00
      82   1.0129407019E+00
      83   1.0127666186E+00
      84   1.0124727144E+00
      85   1.0122015930E+00
      86   1.0120870681E+00
      87   1.0121715756E+00
      88   1.0123439379E+00
      89   1.0123795547E+00
      90   1.0120831204E+00
      91   1.0114352217E+00
      92   1.0106424978E+00
      93   1.0099865051E+00
      94   1.0097160562E+00
      95   1.0099334063E+00
      96   1.0105437766E+00
      97   1.0113723380E+00
      98   1.0122112705E+00
      99   1.0128477812E+00
     100   1.0130992067E+00
     101   1.0128978582E+00
     102   1.0123610758E+00
     103   1.0117631146E+00
     104   1.0114018118E+00
     105   1.0114440552E+00
     106   1.0118582095E+00
     107   1.0124658483E+00
     108   1.0130470852E+00
     109   1.0134202510E+00
     110   1.0134694679E+00
     111   1.0131509498E+00
     112   1.0125170687E+00
     113   1.0117330626E+00
     114   1.0110305263E+00
     115   1.0105950108E+00
     116   1.0104822618E+00
     117   1.0105951953E+00
     118   1.0107730778E+00
     119   1.0109927215E+00
     120   1.0112720274E+00
     121   1.0116818865E+00
     122   1.0122481725E+00
     123   1.0129185341E+00
     124   1.0135829018E+00
     125   1.0141034128E+00
     126   1.0143307293E+00
     127   1.0141330832E+00
     128   1.0134656420E+00
     129   1.0124446594E+00
     130   1.0113425287E+00
     131   1.0104698626E+00
     132   1.0100158604E+00
     133   1.0099734482E+00
     134   1.0102090097E+00
     135   1.0106098861E+00
     136   1.0110749750E+00
     137   1.0116345547E+00
     138   1.0122230495E+00
     139   1.0126952411E+00
     140   1.0129219199E+00
     141   1.0128697380E+00
     142   1.0125956239E+00
     143   1.0121583997E+00
     144   1.0115611819E+00
     145   1.0107950895E+00
     146   1.0099359982E+00
     147   1.0091613892E+00
     148   1.0086449953E+00
     149   1.0084211676E+00
     150   1.0083620701E+00
     151   1.0083001095E+00
     152   1.0081844055E+00
     153   1.0081124954E+00
     154   1.0082062682E+00
     155   1.0084568531E+00
     156   1.0086962710E+00
     157   1.0087205744E+00
     158   1.0084432555E+00
     159   1.0079336018E+00
     160   1.0073231264E+00
     161   1.0066997432E+00
     162   1.0060986737E+00
     163   1.0055653707E+00
     164   1.0051692236E+00
     165   1.0049871073E+00
     166   1.0049715616E+00
     167   1.0049617134E+00
     168   1.0047990799E+00
     169   1.0044584466E+00
     170   1.0040661418E+00
     171   1.0037751212E+00
     172   1.0036202532E+00
     173   1.0034887005E+00
     174   1.0032302327E+00
     175   1.0027906056E+00
     176   1.0022461590E+00
     177   1.0017221976E+00
     178   1.0012996889E+00
     179   1.0009957416E+00
     180   1.0008102300E+00
     181   1.0007565969E+00
     182   1.0008372862E+00
     183   1.0009933225E+00
     184   1.0011116086E+00
     185   1.0011008068E+00
     186   1.0009634045E+00
     187   1.0007857047E+00
     188   1.0006481723E+00
     189   1.0005415148E+00
     190   1.0003826068E+00
     191   1.0001034501E+00
     192   9.9972239871E-01
     193   9.9932410890E-01
     194   9.9897907754E-01
     195   9.9869253026E-01
     196   9.9843902186E-01
     197   9.9822030824E-01
     198   9.9807651946E-01
     199   9.9803684480E-01
     200   9.9807334093E-01
     201   9.9811087827E-01
     202   9.9810047204E-01
     203   9.9806171187E-01
     204   9.9804599259E-01
     205   9.9805281330E-01
     206   9.9799294530E-01
     207   9.9774915148E-01
     208   9.9729549003E-01
     209   9.9674378509E-01
     210   9.9627347931E-01
     211   9.9600667826E-01
     212   9.9594459523E-01
     213   9.9601460650E-01
     214   9.9616575963E-01
     215   9.9640042086E-01
     216   9.9672341338E-01
     217   9.9707803306E-01
     218   9.9734618562E-01
     219   9.9742855027E-01
     220   9.9732325067E-01
     221   9.9710914406E-01
     222   9.9686580673E-01
     223   9.9660002183E-01
     224   9.9627825009E-01
     225   9.9590958309E-01
     226   9.9559043914E-01
     227   9.9543714278E-01
     228   9.9547474237E-01
     229   9.9558796547E-01
     230   9.9558686650E-01
     231   9.9533972237E-01
     232   9.9485330100E-01
     233   9.9423816230E-01
     234   9.9361452926E-01
     235   9.9305200921E-01
     236   9.9258370384E-01
     237   9.9225243798E-01
     238   9.9211413232E-01
     239   9.9218748540E-01
     240   9.9241371434E-01
     241   9.9267783875E-01
     242   9.9287606887E-01
     243   9.9296965680E-01
     244   9.9296887947E-01
     245   9.9287628770E-01
     246   9.9265575778E-01
     247   9.9226805118E-01
     248   9.9172974883E-01
     249   9.9113101077E-01
     250   9.9058173061E-01
     251   9.9014281547E-01
     252   9.8981031297E-01
     253   9.8956395605E-01
     254   9.8942022281E-01
     255   9.8943180534E-01
     256   9.8963016087E-01
     257   9.8996036550E-01
     258   9.9036122650E-01
     259   9.9069684771E-01
     260   9.9090783597E-01
     261   9.9098286554E-01
     262   9.9089995570E-01
     263   9.9063778572E-01
     264   9.9023479793E-01
     265   9.8983687115E-01
     266   9.8965480927E-01
     267   9.8983944731E-01
     268   9.9037006926E-01
     269   9.9105797647E-01
     270   9.9166421803E-01
     271   9.9203568332E-01
     272   9.9214663150E-01
     273   9.9203352105E-01
     274   9.9172169423E-01
     275   9.9123125957E-01
     276   9.9063684232E-01
     277   9.9009502935E-01
     278   9.8976509869E-01
     279   9.8967773964E-01
     280   9.8969088662E-01
     281   9.8958251215E-01
     282   9.8921912817E-01
     283   9.8871581001E-01
     284   9.8821787721E-01
     285   9.8788854100E-01
     286   9.8774715779E-01
     287   9.8771977497E-01
     288   9.8775114937E-01
     289   9.8786095349E-01
     290   9.8808448975E-01
     291   9.8837885585E-01
     292   9.8862120731E-01
     293   9.8870308271E-01
     294   9.8863132557E-01
     295   9.8852457274E-01
     296   9.8849127312E-01
     297   9.8850709594E-01
     298   9.8842869193E-01
     299   9.8812658859E-01
     300   9.8762090813E-01
     301   9.8709062708E-01
     302   9.8675287853E-01
     303   9.8672000035E-01
     304   9.8695987055E-01
     305   9.8735788899E-01
     306   9.8779586566E-01
     307   9.8816358918E-01
     308   9.8834239384E-01
     309   9.8825235480E-01
     310   9.8776366737E-01
     311   9.8696462181E-01
     312   9.8608366077E-01
     313   9.8540076170E-01
     314   9.8510807060E-01
     315   9.8522629093E-01
     316   9.8563856553E-01
     317   9.8618771709E-01
     318   9.8675553032E-01
     319   9.8727296672E-01
     320   9.8769177576E-01
     321   9.8797343064E-01
     322   9.8811068697E-01
     323   9.8815088862E-01
     324   9.8816191585E-01
     325   9.8827496211E-01
     326   9.8848666035E-01
     327   9.8877614382E-01
     328   9.8912762810E-01
     329   9.8950387024E-01
     330   9.8984748701E-01
     331   9.9007596174E-01
     332   9.9011145098E-01
     333   9.8993281655E-01
     334   9.8960058450E-01
     335   9.8922790798E-01
     336   9.8891755799E-01
     337   9.8871724328E-01
     338   9.8862307327E-01
     339   9.8861197112E-01
     340   9.8865295527E-01
     341   9.8868193142E-01
     342   9.8858602847E-01
     343   9.8824197200E-01
     344   9.8760316551E-01
     345   9.8673661969E-01
     346   9.8586905413E-01
     347   9.8519974278E-01
     348   9.8472788920E-01
     349   9.8442047934E-01
     350   9.8418895669E-01
     351   9.8398743303E-01
     352   9.8381338433E-01
     353   9.8364805751E-01
     354   9.8342608407E-01
     355   9.8307806410E-01
     356   9.8260997452E-01
     357   9.8212006433E-01
     358   9.8172160628E-01
     359   9.8143794842E-01
     360   9.8113008045E-01
     361   9.8084619296E-01
     362   9.8054760986E-01
     363   9.8034802361E-01
     364   9.8046456902E-01
     365   9.8095999251E-01
     366   9.8171972178E-01
     367   9.8253293157E-01
     368   9.8321785804E-01
     369   9.8368175860E-01
     370   9.8387220874E-01
     371   9.8370361383E-01
     372   9.8308450841E-01
     373   9.8203850423E-01
     374   9.8078462236E-01
     375   9.7967372421E-01
     376   9.7900762305E-01
     377   9.7881681809E-01
     378   9.7913315112E-01
     379   9.7968952857E-01
     380   9.8024365745E-01
     381   9.8077410681E-01
     382   9.8121157232E-01
     383   9.8141843715E-01
     384   9.8124514612E-01
     385   9.8066461576E-01
     386   9.7983475712E-01
     387   9.7899221606E-01
     388   9.7821629237E-01
     389   9.7769895446E-01
     390   9.7717601314E-01
     391   9.7661480882E-01
     392   9.7617656126E-01
     393   9.7604655927E-01
     394   9.7629062874E-01
     395   9.7678492205E-01
     396   9.7731824100E-01
     397   9.7776378097E-01
     398   9.7808507383E-01
     399   9.7859281751E-01
     400   9.7906427939E-01
     401   9.7932342644E-01
     402   9.7925980493E-01
     403   9.7891731028E-01
     404   9.7850140232E-01
     405   9.7819580060E-01
     406   9.7800193312E-01
     407   9.7777057126E-01
     408   9.7738363878E-01
     409   9.7686288971E-01
     410   9.7642789159E-01
     411   9.7641943021E-01
     412   9.7654426308E-01
     413   9.7668596179E-01
     414   9.7667778837E-01
     415   9.7651480128E-01
     416   9.7632669122E-01
     417   9.7621165804E-01
     418   9.7612770296E-01
     419   9.7595455030E-01
     420   9.7564960090E-01
     421   9.7534253201E-01
     422   9.7523725485E-01
     423   9.7537120779E-01
     424   9.7589104484E-01
     425   9.7629870578E-01
     426   9.7642409012E-01
     427   9.7627677114E-01
     428   9.7599696653E-01
     429   9.7570378707E-01
     430   9.7536418709E-01
     431   9.7480860012E-01
     432   9.7393356255E-01
     433   9.7315231521E-01
     434   9.7242612090E-01
     435   9.7202659689E-01
     436   9.7195947270E-01
     437   9.7207508828E-01
     438   9.7225186254E-01
     439   9.7249902576E-01
     440   9.7287971711E-01
     441   9.7377741188E-01
     442   9.7466337054E-01
     443   9.7529821358E-01
     444   9.7550033878E-01
     445   9.7530469764E-01
     446   9.7490764479E-01
     447   9.7446603184E-01
     448   9.7397758802E-01
     449   9.7334519147E-01
     450   9.7248386303E-01
     451   9.7194506358E-01
     452   9.7169362258E-01
     453   9.7187027768E-01
     454   9.7235944368E-01
     455   9.7284452746E-01
     456   9.7306211538E-01
     457   9.7296150507E-01
     458   9.7268236837E-01
     459   9.7239690143E-01
     460   9.7217266198E-01
     461   9.7189418788E-01
     462   9.7168367105E-01
     463   9.7175458445E-01
     464   9.7195446469E-01
     465   9.7246818238E-01
     466   9.7319585696E-01
     467   9.7391744264E-01
     468   9.7444984020E-01
     469   9.7469663237E-01
     470   9.7492780202E-01
     471   9.7523903503E-01
     472   9.7538722418E-01
     473   9.7524341037E-01
     474   9.7463609073E-01
     475   9.7359566480E-01
     476   9.7235192607E-01
     477   9.7113005298E-01
     478   9.7009529255E-01
     479   9.6962791663E-01
     480   9.6934423657E-01
     481   9.6944464963E-01
     482   9.7004879706E-01
     483   9.7116123905E-01
     484   9.7258370786E-01
     485   9.7395226028E-01
     486   9.7489968655E-01
     487   9.7516438026E-01
     488   9.7508324159E-01
     489   9.7461488616E-01
     490   9.7390760358E-01
     491   9.7305381588E-01
     492   9.7210894318E-01
     493   9.7121858522E-01
     494   9.7060452419E-01
     495   9.7044777294E-01
     496   9.7077616315E-01
     497   9.7144777886E-01
     498   9.7219782857E-01
     499   9.7294867430E-01
     500   9.7385086869E-01
     501   9.7460602537E-01
     502   9.7526959173E-01
     503   9.7569332095E-01
     504   9.7573464747E-01
     505   9.7537842338E-01
     506   9.7475424520E-01
     507   9.7395851908E-01
     508   9.7344037069E-01
     509   9.7299956977E-01
     510   9.7264165897E-01
     511   9.7245393832E-01
     512   9.7253777558E-01
     513   9.7295466471E-01
     514   9.7361567799E-01
     515   9.7424470616E-01
     516   9.7489580226E-01
     517   9.7514864952E-01
     518   9.7509106853E-01
     519   9.7486880472E-01
     520   9.7459454526E-01
     521   9.7433232020E-01
     522   9.7413771659E-01
     523   9.7411102229E-01
     524   9.7437999864E-01
     525   9.7496504268E-01
     526   9.7583102129E-01
     527   9.7689888009E-01
     528   9.7766770576E-01
     529   9.7808366290E-01
     530   9.7814761144E-01
     531   9.7794905188E-01
     532   9.7758125155E-01
     533   9.7709818412E-01
     534   9.7654196132E-01
     535   9.7599003143E-01
     536   9.7555320291E-01
     537   9.7532154910E-01
     538   9.7530825346E-01
     539   9.7536120721E-01
     540   9.7561994679E-01
     541   9.7590302765E-01
     542   9.7613115571E-01
     543   9.7634892726E-01
     544   9.7651846955E-01
     545   9.7658260992E-01
     546   9.7651096742E-01
     547   9.7633449437E-01
     548   9.7605678032E-01
     549   9.7602886878E-01
     550   9.7611375101E-01
     551   9.7626823350E-01
     552   9.7647902462E-01
     553   9.7669558222E-01
     554   9.7688190878E-01
     555   9.7701489027E-01
     556   9.7706964961E-01
     557   9.7698837328E-01
     558   9.7706013894E-01
     559   9.7714451926E-01
     560   9.7732536479E-01
     561   9.7764740803E-01
     562   9.7806846134E-01
     563   9.7851204016E-01
     564   9.7890198398E-01
     565   9.7918973376E-01
     566   9.7936005829E-01
     567   9.7942601559E-01
     568   9.7942490091E-01
     569   9.7939198551E-01
     570   9.7934341721E-01
     571   9.7946593221E-01
     572   9.7951230321E-01
     573   9.7946012363E-01
     574   9.7928388407E-01
     575   9.7901815436E-01
     576   9.7875304748E-01
     577   9.7857968534E-01
     578   9.7854523821E-01
     579   9.7864647235E-01
     580   9.7885706592E-01
     581   9.7915550213E-01
     582   9.7952459450E-01
     583   9.7992843512E-01
     584   9.8029923741E-01
     585   9.8051471614E-01
     586   9.8069285368E-01
     587   9.8071072581E-01
     588   9.8061645145E-01
     589   9.8045962277E-01
     590   9.8025291361E-01
     591   9.8002290919E-01
     592   9.7983994583E-01
     593   9.7979936013E-01
     594   9.7995535546E-01
     595   9.8024569969E-01
     596   9.8052987717E-01
     597   9.8081720469E-01
     598   9.8087890088E-01
     599   9.8081782101E-01
     600   9.8075842966E-01
     601   9.8080631879E-01
     602   9.8100126488E-01
     603   9.8131870039E-01
     604   9.8170691846E-01
     605   9.8211638568E-01
     606   9.8247493314E-01
     607   9.8275640151E-01
     608   9.8298909631E-01
     609   9.8306988577E-01
     610   9.8313929109E-01
     611   9.8333091936E-01
     612   9.8372414923E-01
     613   9.8426966481E-01
     614   9.8479963094E-01
     615   9.8513089865E-01
     616   9.8517601367E-01
     617   9.8498351101E-01
     618   9.8468049510E-01
     619   9.8437186188E-01
     620   9.8408972969E-01
     621   9.8382039987E-01
     622   9.8355717859E-01
     623   9.8332549288E-01
     624   9.8312244947E-01
     625   9.8308401821E-01
     626   9.8315510783E-01
     627   9.8335331369E-01
     628   9.8377406252E-01
     629   9.8447232980E-01
     630   9.8540861090E-01
     631   9.8641516530E-01
     632   9.8725043380E-01
     633   9.8771923789E-01
     634   9.8777069079E-01
     635   9.8751227130E-01
     636   9.8713839116E-01
     637   9.8683685526E-01
     638   9.8673260721E-01
     639   9.8687857024E-01
     640   9.8726400201E-01
     641   9.8781805842E-01
     642   9.8841678559E-01
     643   9.8891505459E-01
     644   9.8920325219E-01
     645   9.8925584297E-01
     646   9.8913328163E-01
     647   9.8893121229E-01
     648   9.8872527919E-01
     649   9.8860503160E-01
     650   9.8850558457E-01
     651   9.8842679979E-01
     652   9.8836877264E-01
     653   9.8834159586E-01
     654   9.8836559837E-01
     655   9.8847179809E-01
     656   9.8869648925E-01
     657   9.8906682665E-01
     658   9.8957394990E-01
     659   9.9016247366E-01
     660   9.9074778262E-01
     661   9.9125095341E-01
     662   9.9161810481E-01
     663   9.9182603719E-01
     664   9.9187598823E-01
     665   9.9180476377E-01
     666   9.9169770106E-01
     667   9.9167469059E-01
     668   9.9182781653E-01
     669   9.9216707672E-01
     670   9.9260553317E-01
     671   9.9294415193E-01
     672   9.9305043924E-01
     673   9.9287440586E-01
     674   9.9245930776E-01
     675   9.9190622452E-01
     676   9.9134002409E-01
     677   9.9090657433E-01
     678   9.9076740460E-01
     679   9.9105276055E-01
     680   9.9178249965E-01
     681   9.9281471263E-01
     682   9.9388115092E-01
     683   9.9470906190E-01
     684   9.9514325906E-01
     685   9.9518308447E-01
     686   9.9492226642E-01
     687   9.9446686893E-01
     688   9.9390679173E-01
     689   9.9335259053E-01
     690   9.9295653916E-01
     691   9.9286890299E-01
     692   9.9315233539E-01
     693   9.9373317260E-01
     694   9.9443967945E-01
     695   9.9510471140E-01
     696   9.9564156716E-01
     697   9.9604276713E-01
     698   9.9632422819E-01
     699   9.9648875812E-01
     700   9.9654665487E-01
     701   9.9654254792E-01
     702   9.9656324622E-01
     703   9.9666989352E-01
     704   9.9684369429E-01
     705   9.9699685710E-01
     706   9.9705050256E-01
     707   9.9700617579E-01
     708   9.9694104835E-01
     709   9.9693645203E-01
     710   9.9701651801E-01
     711   9.9715245273E-01
     712   9.9731209228E-01
     713   9.9749970795E-01
     714   9.9774663528E-01
     715   9.9807370070E-01
     716   9.9846993252E-01
     717   9.9890628307E-01
     718   9.9935450341E-01
     719   9.9978597059E-01
     720   1.0001530318E+00
     721   1.0003871595E+00
     722   1.0004321547E+00
     723   1.0002892781E+00
     724   1.0000155044E+00
     725   9.9967848325E-01
     726   9.9930865248E-01
     727   9.9890246881E-01
     728   9.9847342168E-01
     729   9.9810171599E-01
     730   9.9790961646E-01
     731   9.9799472129E-01
     732   9.9837395063E-01
     733   9.9898574269E-01
     734   9.9973699003E-01
     735   1.0005409612E+00
     736   1.0013079819E+00
     737   1.0019366455E+00
     738   1.0023384360E+00
     739   1.0024990214E+00
     740   1.0025103825E+00
     741   1.0025233790E+00
     742   1.0026229071E+00
     743   1.0027489221E+00
     744   1.0027329829E+00
     745   1.0024367270E+00
     746   1.0018692752E+00
     747   1.0011869343E+00
     748   1.0005775006E+00
     749   1.0001614826E+00
     750   9.9998293401E-01
     751   1.0000721696E+00
     752   1.0004789582E+00
     753   1.0012247923E+00
     754   1.0022175114E+00
     755   1.0032473821E+00
     756   1.0040938905E+00
     757   1.0046635107E+00
     758   1.0050219515E+00
     759   1.0052878387E+00
     760   1.0054894524E+00
     761   1.0055438376E+00
     762   1.0053661572E+00
     763   1.0050083603E+00
     764   1.0046708182E+00
     765   1.0045246311E+00
     766   1.0045943401E+00
     767   1.0047613609E+00
     768   1.0049029900E+00
     769   1.0050128223E+00
     770   1.0051718011E+00
     771   1.0054207179E+00
     772   1.0056785925E+00
     773   1.0058156456E+00
     774   1.0058074487E+00
     775   1.0057937626E+00
     776   1.0059655790E+00
     777   1.0063922915E+00
     778   1.0069555115E+00
     779   1.0074587207E+00
     780   1.0077987319E+00
     781   1.0080218068E+00
     782   1.0082176516E+00
     783   1.0083879406E+00
     784   1.0084389597E+00
     785   1.0083035587E+00
     786   1.0080475662E+00
     787   1.0078296259E+00
     788   1.0077488285E+00
     789   1.0077476200E+00
     790   1.0076793751E+00
     791   1.0074818012E+00
     792   1.0072431257E+00
     793   1.0071707419E+00
     794   1.0074133341E+00
     795   1.0079352311E+00
     796   1.0085970745E+00
     797   1.0092769271E+00
     798   1.0099350275E+00
     799   1.0105669020E+00
     800   1.0111288393E+00
     801   1.0115463042E+00
     802   1.0117932535E+00
     803   1.0119418668E+00
     804   1.0120968794E+00
     805   1.0122682396E+00
     806   1.0123155717E+00
     807   1.0120514688E+00
     808   1.0114188832E+00
     809   1.0105801374E+00
     810   1.0098329559E+00
     811   1.0094395046E+00
     812   1.0094904899E+00
     813   1.0099134103E+00
     814   1.0106387834E+00
     815   1.0115470790E+00
     816   1.0125075296E+00
     817   1.0133429697E+00
     818   1.0138791195E+00
     819   1.0140436583E+00
     820   1.0139156397E+00
     821   1.0136621356E+00
     822   1.0134155987E+00
     823   1.0132109161E+00
     824   1.0130332056E+00
     825   1.0129146473E+00
     826   1.0129642669E+00
     827   1.0132927656E+00
     828   1.0139125534E+00
     829   1.0147128650E+00
     830   1.0155227734E+00
     831   1.0161966501E+00
     832   1.0166396278E+00
     833   1.0168138276E+00
     834   1.0165795246E+00
     835   1.0159604018E+00
     836   1.0151385655E+00
     837   1.0143036348E+00
     838   1.0136826332E+00
     839   1.0133964253E+00
     840   1.0134372085E+00
     841   1.0137299966E+00
     842   1.0142124545E+00
     843   1.0148535952E+00
     844   1.0156088477E+00
     845   1.0163856523E+00
     846   1.0170681168E+00
     847   1.0175703482E+00
     848   1.0178612213E+00
     849   1.0179352671E+00
     850   1.0177710981E+00
     851   1.0173515373E+00
     852   1.0167556110E+00
     853   1.0161148979E+00
     854   1.0156336410E+00
     855   1.0156154680E+00
     856   1.0160807243E+00
     857   1.0169190876E+00
     858   1.0179138018E+00
     859   1.0188349391E+00
     860   1.0195146449E+00
     861   1.0198817400E+00
     862   1.0199687277E+00
     863   1.0199560377E+00
     864   1.0199011244E+00
     865   1.0200039281E+00
     866   1.0203917769E+00
     867   1.0209579757E+00
     868   1.0215652788E+00
     869   1.0220948461E+00
     870   1.0225039773E+00
     871   1.0228101343E+00
     872   1.0230530952E+00
     873   1.0232669721E+00
     874   1.0231723181E+00
     875   1.0229773378E+00
     876   1.0226662520E+00
     877   1.0222805289E+00
     878   1.0218789939E+00
     879   1.0215154402E+00
     880   1.0212450167E+00
     881   1.0211085970E+00
     882   1.0210951422E+00
     883   1.0211192853E+00
     884   1.0210638314E+00
     885   1.0208708720E+00
     886   1.0206465236E+00
     887   1.0203513890E+00
     888   1.0202710139E+00
     889   1.0204477884E+00
     890   1.0208095443E+00
     891   1.0212547008E+00
     892   1.0216680202E+00
     893   1.0219380577E+00
     894   1.0219639732E+00
     895   1.0216939435E+00
     896   1.0211883969E+00
     897   1.0206372328E+00
     898   1.0202933811E+00
     899   1.0203461876E+00
     900   1.0208672489E+00
     901   1.0217003521E+00
     902   1.0225461059E+00
     903   1.0234059777E+00
     904   1.0240669471E+00
     905   1.0244020165E+00
     906   1.0243227303E+00
     907   1.0238352361E+00
     908   1.0231043890E+00
     909   1.0224116498E+00
     910   1.0218176671E+00
     911   1.0216722624E+00
     912   1.0218957002E+00
     913   1.0223574887E+00
     914   1.0229131193E+00
     915   1.0234371715E+00
     916   1.0238230004E+00
     917   1.0239967384E+00
     918   1.0239620393E+00
     919   1.0235313946E+00
     920   1.0231169459E+00
     921   1.0228859646E+00
     922   1.0229768512E+00
     923   1.0233984346E+00
     924   1.0240206275E+00
     925   1.0246596324E+00
     926   1.0251632511E+00
     927   1.0254458213E+00
     928   1.0254708227E+00
     929   1.0252790118E+00
     930   1.0248826921E+00
     931   1.0242301822E+00
     932   1.0237319863E+00
     933   1.0234260530E+00
     934   1.0233346082E+00
     935   1.0233725782E+00
     936   1.0234167033E+00
     937   1.0234043353E+00
     938   1.0233708676E+00
     939   1.0234024881E+00
     940   1.0235502629E+00
     941   1.0237916702E+00
     942   1.0241341313E+00
     943   1.0244807837E+00
     944   1.0247794609E+00
     945   1.0252550798E+00
     946   1.0257845847E+00
     947   1.0262509396E+00
     948   1.0265266552E+00
     949   1.0265496189E+00
     950   1.0264181492E+00
     951   1.0259029054E+00
     952   1.0253366748E+00
     953   1.0248331806E+00
     954   1.0245116557E+00
     955   1.0245321892E+00
     956   1.0249701952E+00
     957   1.0257403646E+00
     958   1.0267073823E+00
     959   1.0273177257E+00
     960   1.0275777229E+00
     961   1.0276106911E+00
     962   1.0275195003E+00
     963   1.0274228937E+00
     964   1.0273098212E+00
     965   1.0270711057E+00
     966   1.0266095948E+00
     967   1.0259343272E+00
     968   1.0252054517E+00
     969   1.0245857871E+00
     970   1.0240544506E+00
     971   1.0239487174E+00
     972   1.0242052985E+00
     973   1.0247759683E+00
     974   1.0255311061E+00
     975   1.0262559624E+00
     976   1.0267216606E+00
     977   1.0268043392E+00
     978   1.0265659414E+00
     979   1.0262218622E+00
     980   1.0260613717E+00
     981   1.0261518682E+00
     982   1.0262843773E+00
     983   1.0265941827E+00
     984   1.0268557395E+00
     985   1.0270043680E+00
     986   1.0270240169E+00
     987   1.0269134604E+00
     988   1.0267372130E+00
     989   1.0262183681E+00
     990   1.0257699785E+00
     991   1.0255224095E+00
     992   1.0255548877E+00
     993   1.0258366486E+00
     994   1.0262239498E+00
     995   1.0265836342E+00
     996   1.0269120735E+00
     997   1.0269178571E+00
     998   1.0269169649E+00
     999   1.0268230069E+00
    1000   1.0265764075E+00
    1001   1.0262029783E+00
    1002   1.0258200740E+00
    1003   1.0255636032E+00
    1004   1.0254791518E+00
    1005   1.0254876069E+00
    1006   1.0255110278E+00
    1007   1.0254388691E+00
    1008   1.0251730190E+00
    1009   1.0250648891E+00
    1010   1.0250301341E+00
    1011   1.0249664479E+00
    1012   1.0247575523E+00
    1013   1.0243934625E+00
    1014   1.0240047156E+00
    1015   1.0237706408E+00
    1016   1.0237989170E+00
    1017   1.0240886127E+00
    1018   1.0245962124E+00
    1019   1.0253524083E+00
    1020   1.0260113555E+00
    1021   1.0266794813E+00
    1022   1.0271034918E+00
    1023   1.0270266872E+00
    1024   1.0263712675E+00
    1025   1.0253010257E+00
    1026   1.0242008973E+00
    1027   1.0233685308E+00
    1028   1.0228847948E+00
    1029   1.0229898054E+00
    1030   1.0235253006E+00
    1031   1.0243567551E+00
    1032   1.0252858209E+00
    1033   1.0260419817E+00
    1034   1.0263667176E+00
    1035   1.0262225081E+00
    1036   1.0254401046E+00
    1037   1.0246007173E+00
    1038   1.0240196202E+00
    1039   1.0238138406E+00
    1040   1.0239142750E+00
    1041   1.0241261808E+00
    1042   1.0242675141E+00
    1043   1.0242502056E+00
    1044   1.0240779758E+00
    1045   1.0238179781E+00
    1046   1.0236380907E+00
    1047   1.0236184197E+00
    1048   1.0238000932E+00
    1049   1.0243977909E+00
    1050   1.0251934276E+00
    1051   1.0259299706E+00
    1052   1.0263652537E+00
    1053   1.0263943844E+00
    1054   1.0260823251E+00
    1055   1.0256058864E+00
    1056   1.0251607270E+00
    1057   1.0248941974E+00
    1058   1.0249357105E+00
    1059   1.0252188747E+00
    1060   1.0255151261E+00
    1061   1.0259041695E+00
    1062   1.0261243842E+00
    1063   1.0260441192E+00
    1064   1.0256143621E+00
    1065   1.0248674813E+00
    1066   1.0239609983E+00
    1067   1.0229323563E+00
    1068   1.0219323499E+00
    1069   1.0212887373E+00
    1070   1.0210231887E+00
    1071   1.0211207384E+00
    1072   1.0214724789E+00
    1073   1.0219447480E+00
    1074   1.0224411332E+00
    1075   1.0229194006E+00
    1076   1.0233695961E+00
    1077   1.0234568624E+00
    1078   1.0233163109E+00
    1079   1.0228796058E+00
    1080   1.0221977958E+00
    1081   1.0213971303E+00
    1082   1.0206033004E+00
    1083   1.0199215489E+00
    1084   1.0194627958E+00
    1085   1.0193644829E+00
    1086   1.0197452565E+00
    1087   1.0206061289E+00
    1088   1.0217824991E+00
    1089   1.0229973738E+00
    1090   1.0236910211E+00
    1091   1.0239107212E+00
    1092   1.0236219335E+00
    1093   1.0229296270E+00
    1094   1.0219792044E+00
    1095   1.0209299281E+00
    1096   1.0199829548E+00
    1097   1.0193639559E+00
    1098   1.0192297225E+00
    1099   1.0195655367E+00
    1100   1.0201696436E+00
    1101   1.0207600180E+00
    1102   1.0211374341E+00
    1103   1.0213034632E+00
    1104   1.0210999768E+00
    1105   1.0207541880E+00
    1106   1.0202812584E+00
    1107   1.0196916380E+00
    1108   1.0190752322E+00
    1109   1.0185641359E+00
    1110   1.0182543027E+00
    1111   1.0181436014E+00
    1112   1.0181494785E+00
    1113   1.0182262180E+00
    1114   1.0183534910E+00
    1115   1.0185319786E+00
    1116   1.0189391907E+00
    1117   1.0194821212E+00
    1118   1.0200248262E+00
    1119   1.0204172181E+00
    1120   1.0205610421E+00
    1121   1.0204211173E+00
    1122   1.0199947581E+00
    1123   1.0192981317E+00
    1124   1.0184412873E+00
    1125   1.0174545016E+00
    1126   1.0166048822E+00
    1127   1.0161034381E+00
    1128   1.0159700271E+00
    1129   1.0161045361E+00
    1130   1.0163196307E+00
    1131   1.0164481413E+00
    1132   1.0164291413E+00
    1133   1.0163134669E+00
    1134   1.0161996381E+00
    1135   1.0161600418E+00
    1136   1.0162074063E+00
    1137   1.0163045395E+00
    1138   1.0163949919E+00
    1139   1.0164233646E+00
    1140   1.0163470601E+00
    1141   1.0161714670E+00
    1142   1.0157890634E+00
    1143   1.0153605288E+00
    1144   1.0149881613E+00
    1145   1.0147540679E+00
    1146   1.0146979662E+00
    1147   1.0147857305E+00
    1148   1.0149441457E+00
    1149   1.0151183907E+00
    1150   1.0153003152E+00
    1151   1.0155123414E+00
    1152   1.0157607971E+00
    1153   1.0160008960E+00
    1154   1.0161538756E+00
    1155   1.0161610643E+00
    1156   1.0160200821E+00
    1157   1.0157767551E+00
    1158   1.0154775116E+00
    1159   1.0151255295E+00
    1160   1.0146951468E+00
    1161   1.0141641585E+00
    1162   1.0134840066E+00
    1163   1.0128176107E+00
    1164   1.0122273953E+00
    1165   1.0117800450E+00
    1166   1.0115138412E+00
    1167   1.0114443635E+00
    1168   1.0115680806E+00
    1169   1.0118565370E+00
    1170   1.0122447660E+00
    1171   1.0126374037E+00
    1172   1.0129421153E+00
    1173   1.0131068412E+00
    1174   1.0131289824E+00
    1175   1.0130322850E+00
    1176   1.0128323089E+00
    1177   1.0125354719E+00
    1178   1.0120556526E+00
    1179   1.0114021446E+00
    1180   1.0106134788E+00
    1181   1.0097331963E+00
    1182   1.0088503322E+00
    1183   1.0080717278E+00
    1184   1.0075179247E+00
    1185   1.0073146109E+00
    1186   1.0075548410E+00
    1187   1.0082385799E+00
    1188   1.0092333712E+00
    1189   1.0102793584E+00
    1190   1.0110616837E+00
    1191   1.0113233407E+00
    1192   1.0109605526E+00
    1193   1.0100554983E+00
    1194   1.0088390910E+00
    1195   1.0075916452E+00
    1196   1.0065479389E+00
    1197   1.0058405345E+00
    1198   1.0054850083E+00
    1199   1.0054033695E+00
    1200   1.0054843465E+00
    1201   1.0056367217E+00
    1202   1.0058349698E+00
    1203   1.0060980346E+00
    1204   1.0064839344E+00
    1205   1.0069922060E+00
    1206   1.0075487676E+00
    1207   1.0080191826E+00
    1208   1.0082587437E+00
    1209   1.0081721142E+00
    1210   1.0077383473E+00
    1211   1.0070016072E+00
    1212   1.0060503800E+00
    1213   1.0049918212E+00
    1214   1.0039466961E+00
    1215   1.0030483838E+00
    1216   1.0024234253E+00
    1217   1.0021609277E+00
    1218   1.0022923895E+00
    1219   1.0027779068E+00
    1220   1.0035120579E+00
    1221   1.0043343687E+00
    1222   1.0050445763E+00
    1223   1.0054426997E+00
    1224   1.0054026742E+00
    1225   1.0049352776E+00
    1226   1.0042048981E+00
    1227   1.0034679183E+00
    1228   1.0029537540E+00
    1229   1.0027626206E+00
    1230   1.0028396610E+00
    1231   1.0030269045E+00
    1232   1.0031555932E+00
    1233   1.0031155950E+00
    1234   1.0028722541E+00
    1235   1.0024577181E+00
    1236   1.0019642543E+00
    1237   1.0015345836E+00
    1238   1.0013241320E+00
    1239   1.0014264122E+00
    1240   1.0017994129E+00
    1241   1.0022666576E+00
    1242   1.0026103257E+00
    1243   1.0026982296E+00
    1244   1.0025481422E+00
    1245   1.0022821568E+00
    1246   1.0020162061E+00
    1247   1.0017898482E+00
    1248   1.0015869130E+00
    1249   1.0014028294E+00
    1250   1.0012710610E+00
    1251   1.0012132304E+00
    1252   1.0011740814E+00
    1253   1.0010335012E+00
    1254   1.0007019010E+00
    1255   1.0002120369E+00
    1256   9.9970330762E-01
    1257   9.9930324097E-01
    1258   9.9901729954E-01
    1259   9.9874068777E-01
    1260   9.9838134722E-01
    1261   9.9796957335E-01
    1262   9.9763998035E-01
    1263   9.9749998475E-01
    1264   9.9751651188E-01
    1265   9.9753685773E-01
    1266   9.9741844112E-01
    1267   9.9713818973E-01
    1268   9.9677465020E-01
    1269   9.9639557928E-01
    1270   9.9598689986E-01
    1271   9.9550403993E-01
    1272   9.9498688242E-01
    1273   9.9459930180E-01
    1274   9.9453202574E-01
    1275   9.9485414692E-01
    1276   9.9545662993E-01
    1277   9.9614607975E-01
    1278   9.9679535453E-01
    1279   9.9739931511E-01
    1280   9.9799282880E-01
    1281   9.9852641555E-01
    1282   9.9884814695E-01
    1283   9.9882555459E-01
    1284   9.9849040867E-01
    1285   9.9804915826E-01
    1286   9.9774675985E-01
    1287   9.9770031085E-01
    1288   9.9784788630E-01
    1289   9.9803647821E-01
    1290   9.9814208483E-01
    1291   9.9810826115E-01
    1292   9.9790267492E-01
    1293   9.9747397844E-01
    1294   9.9678675892E-01
    1295   9.9590671513E-01
    1296   9.9502713658E-01
    1297   9.9438310544E-01
    1298   9.9411685019E-01
    1299   9.9420213901E-01
    1300   9.9449067998E-01
    1301   9.9482986711E-01
    1302   9.9514158911E-01
    1303   9.9540762327E-01
    1304   9.9560051607E-01
    1305   9.9564701171E-01
    1306   9.9546815001E-01
    1307   9.9505559211E-01
    1308   9.9449505177E-01
    1309   9.9392507373E-01
    1310   9.9347001260E-01
    1311   9.9322221104E-01
    1312   9.9326248288E-01
    1313   9.9362790886E-01
    1314   9.9434616232E-01
    1315   9.9535426973E-01
    1316   9.9648968638E-01
    1317   9.9754822316E-01
    1318   9.9837845733E-01
    1319   9.9893380019E-01
    1320   9.9924677782E-01
    1321   9.9936208023E-01
    1322   9.9929256443E-01
    1323   9.9903414845E-01
    1324   9.9860757759E-01
    1325   9.9807989941E-01
    1326   9.9754327808E-01
    1327   9.9708790062E-01
    1328   9.9678780144E-01
    1329   9.9670040765E-01
    1330   9.9684856999E-01
    1331   9.9718058546E-01
    1332   9.9754176604E-01
    1333   9.9771482909E-01
    1334   9.9752001396E-01
    1335   9.9692262398E-01
    1336   9.9605528068E-01
    1337   9.9514074078E-01
    1338   9.9437350965E-01
    1339   9.9384624817E-01
    1340   9.9354625578E-01
    1341   9.9340272060E-01
    1342   9.9332833352E-01
    1343   9.9323790264E-01
    1344   9.9306217859E-01
    1345   9.9277862990E-01
    1346   9.9243918901E-01
    1347   9.9216268642E-01
    1348   9.9207401632E-01
    1349   9.9221510535E-01
    1350   9.9250033214E-01
    1351   9.9275289218E-01
    1352   9.9279437945E-01
    1353   9.9253499359E-01
    1354   9.9200836648E-01
    1355   9.9133232467E-01
    1356   9.9067593998E-01
    1357   9.9023994054E-01
    1358   9.9013844982E-01
    1359   9.9048873325E-01
    1360   9.9131928224E-01
    1361   9.9254099032E-01
    1362   9.9395125932E-01
    1363   9.9529438114E-01
    1364   9.9634520085E-01
    1365   9.9697905476E-01
    1366   9.9718572292E-01
    1367   9.9702482063E-01
    1368   9.9658024371E-01
    1369   9.9593747550E-01
    1370   9.9517711336E-01
    1371   9.9437454512E-01
    1372   9.9359036070E-01
    1373   9.9284901481E-01
    1374   9.9213976954E-01
    1375   9.9145069281E-01
    1376   9.9081660917E-01
    1377   9.9034785328E-01
    1378   9.9020953738E-01
    1379   9.9054013077E-01
    1380   9.9136830535E-01
    1381   9.9257438519E-01
    1382   9.9391817512E-01
    1383   9.9512445597E-01
    1384   9.9597488005E-01
    1385   9.9635696585E-01
    1386   9.9627280242E-01
    1387   9.9581480703E-01
    1388   9.9513756549E-01
    1389   9.9442814310E-01
    1390   9.9387765858E-01
    1391   9.9362489818E-01
    1392   9.9367393278E-01
    1393   9.9394947462E-01
    1394   9.9432553991E-01
    1395   9.9469683615E-01
    1396   9.9501709810E-01
    1397   9.9526492489E-01
    1398   9.9538391993E-01
    1399   9.9526059888E-01
    1400   9.9476430172E-01
    1401   9.9383189758E-01
    1402   9.9253966126E-01
    1403   9.9107552194E-01
    1404   9.8965444707E-01
    1405   9.8844538141E-01
    1406   9.8754380124E-01
    1407   9.8699795510E-01
    1408   9.8683684358E-01
    1409   9.8704410771E-01
    1410   9.8752371103E-01
    1411   9.8810024481E-01
    1412   9.8857291765E-01
    1413   9.8880938035E-01
    1414   9.8880249530E-01
    1415   9.8862980430E-01
    1416   9.8836984542E-01
    1417   9.8804592358E-01
    1418   9.8764491475E-01
    1419   9.8719683567E-01
    1420   9.8681943026E-01
    1421   9.8665277945E-01
    1422   9.8678403945E-01
    1423   9.8720449451E-01
    1424   9.8767169840E-01
    1425   9.8806175626E-01
    1426   9.8833003714E-01
    1427   9.8852591738E-01
    1428   9.8871655326E-01
    1429   9.8892179954E-01
    1430   9.8912985963E-01
    1431   9.8935516318E-01
    1432   9.8965654764E-01
    1433   9.9007518491E-01
    1434   9.9054780252E-01
    1435   9.9089310796E-01
    1436   9.9091642503E-01
    1437   9.9055084693E-01
    1438   9.8991092096E-01
    1439   9.8920308339E-01
    1440   9.8857097928E-01
    1441   9.8801579198E-01
    1442   9.8745540487E-01
    1443   9.8684654583E-01
    1444   9.8625554967E-01
    1445   9.8579690759E-01
    1446   9.8560756913E-01
    1447   9.8576553988E-01
    1448   9.8620171121E-01
    1449   9.8697046028E-01
    1450   9.8809259582E-01
    1451   9.8949658579E-01
    1452   9.9094033217E-01
    1453   9.9206151426E-01
    1454   9.9255231278E-01
    1455   9.9233224396E-01
    1456   9.9158428311E-01
    1457   9.9062770051E-01
    1458   9.8973395517E-01
    1459   9.8903955042E-01
    1460   9.8857874345E-01
    1461   9.8835560778E-01
    1462   9.8836546794E-01
    1463   9.8855289076E-01
    1464   9.8877388256E-01
    1465   9.8883066680E-01
    1466   9.8867897479E-01
    1467   9.8834366800E-01
    1468   9.8799371943E-01
    1469   9.8778288603E-01
    1470   9.8771740212E-01
    1471   9.8768808183E-01
    1472   9.8759692802E-01
    1473   9.8746150424E-01
    1474   9.8739976921E-01
    1475   9.8751118285E-01
    1476   9.8777662075E-01
    1477   9.8807697410E-01
    1478   9.8830777523E-01
    1479   9.8847374735E-01
    1480   9.8866837846E-01
    1481   9.8896389474E-01
    1482   9.8932683839E-01
    1483   9.8963867170E-01
    1484   9.8980873246E-01
    1485   9.8987418955E-01
    1486   9.8983997324E-01
    1487   9.8973414790E-01
    1488   9.8950330980E-01
    1489   9.8909708094E-01
    1490   9.8856674757E-01
    1491   9.8806557608E-01
    1492   9.8773381474E-01
    1493   9.8756446062E-01
    1494   9.8738269499E-01
    1495   9.8697444506E-01
    1496   9.8626100717E-01
    1497   9.8537148643E-01
    1498   9.8456357985E-01
    1499   9.8406753203E-01
    1500   9.8398000007E-01
    1501   9.8426991313E-01
    1502   9.8484082760E-01
    1503   9.8557072291E-01
    1504   9.8630789514E-01
    1505   9.8686593774E-01
    1506   9.8707338385E-01
    1507   9.8685154818E-01
    1508   9.8639571161E-01
    1509   9.8592673072E-01
    1510   9.8563817717E-01
    1511   9.8558776483E-01
    1512   9.8563710490E-01
    1513   9.8558169663E-01
    1514   9.8529375916E-01
    1515   9.8479085346E-01
    1516   9.8419181274E-01
    1517   9.8362114696E-01
    1518   9.8315686247E-01
    1519   9.8285033983E-01
    1520   9.8276860884E-01
    1521   9.8298879524E-01
    1522   9.8353400020E-01
    1523   9.8431544721E-01
    1524   9.8513403065E-01
    1525   9.8580759861E-01
    1526   9.8634071093E-01
    1527   9.8673173899E-01
    1528   9.8715854554E-01
    1529   9.8769043542E-01
    1530   9.8825038458E-01
    1531   9.8867736015E-01
    1532   9.8884568052E-01
    1533   9.8871989324E-01
    1534   9.8831323630E-01
    1535   9.8761667827E-01
    1536   9.8658638851E-01
    1537   9.8522718390E-01
    1538   9.8368273674E-01
    1539   9.8221609346E-01
    1540   9.8103897887E-01
    1541   9.8033810159E-01
    1542   9.8008580140E-01
    1543   9.7999786519E-01
    1544   9.8001094613E-01
    1545   9.8011574823E-01
    1546   9.8034295409E-01
    1547   9.8066074478E-01
    1548   9.8095023685E-01
    1549   9.8109587658E-01
    1550   9.8109267384E-01
    1551   9.8104000962E-01
    1552   9.8106565209E-01
    1553   9.8134225725E-01
    1554   9.8161648704E-01
    1555   9.8184907250E-01
    1556   9.8204991243E-01
    1557   9.8231499261E-01
    1558   9.8272570311E-01
    1559   9.8324713782E-01
    1560   9.8373276519E-01
    1561   9.8404006033E-01
    1562   9.8414484039E-01
    1563   9.8415392064E-01
    1564   9.8420670304E-01
    1565   9.8437684723E-01
    1566   9.8465996250E-01
    1567   9.8505119061E-01
    1568   9.8560817358E-01
    1569   9.8641890700E-01
    1570   9.8747393775E-01
    1571   9.8862054067E-01
    1572   9.8956978097E-01
    1573   9.8997103412E-01
    1574   9.8971202465E-01
    1575   9.8885969896E-01
    1576   9.8760081360E-01
    1577   9.8613839535E-01
    1578   9.8464502888E-01
    1579   9.8328605853E-01
    1580   9.8223341109E-01
    1581   9.8162105693E-01
    1582   9.8147160455E-01
    1583   9.8167422048E-01
    1584   9.8204540598E-01
    1585   9.8243825095E-01
    1586   9.8281070661E-01
    1587   9.8319339793E-01
    1588   9.8355805057E-01
    1589   9.8389895208E-01
    1590   9.8405002621E-01
    1591   9.8382797793E-01
    1592   9.8322731422E-01
    1593   9.8230636784E-01
    1594   9.8117417947E-01
    1595   9.7996202019E-01
    1596   9.7881669080E-01
    1597   9.7790418227E-01
    1598   9.7738096650E-01
    1599   9.7728046508E-01
    1600   9.7761935916E-01
    1601   9.7833279663E-01
    1602   9.7904504922E-01
    1603   9.7974014971E-01
    1604   9.8043299426E-01
    1605   9.8119169660E-01
    1606   9.8206830128E-01
    1607   9.8306465067E-01
    1608   9.8413446278E-01
    1609   9.8520330322E-01
    1610   9.8617099151E-01
    1611   9.8690520339E-01
    1612   9.8725317550E-01
    1613   9.8722075850E-01
    1614   9.8680035589E-01
    1615   9.8614394276E-01
    1616   9.8542397706E-01
    1617   9.8472475067E-01
    1618   9.8403735341E-01
    1619   9.8332838389E-01
    1620   9.8262139453E-01
    1621   9.8202002214E-01
    1622   9.8165715810E-01
    1623   9.8162478234E-01
    1624   9.8195345241E-01
    1625   9.8264019909E-01
    1626   9.8366661993E-01
    1627   9.8497057621E-01
    1628   9.8639517223E-01
    1629   9.8768349256E-01
    1630   9.8857096555E-01
    1631   9.8891996419E-01
    1632   9.8876891013E-01
    1633   9.8832619846E-01
    1634   9.8778001738E-01
    1635   9.8716975465E-01
    1636   9.8652879485E-01
    1637   9.8589613140E-01
    1638   9.8536760826E-01
    1639   9.8503491916E-01
    1640   9.8489451500E-01
    1641   9.8483025535E-01
    1642   9.8470036713E-01
    1643   9.8444509388E-01
    1644   9.8411545536E-01
    1645   9.8378793876E-01
    1646   9.8345812024E-01
    1647   9.8303142277E-01
    1648   9.8243102741E-01
    1649   9.8170571766E-01
    1650   9.8102303277E-01
    1651   9.8079791732E-01
    1652   9.8100441301E-01
    1653   9.8161360058E-01
    1654   9.8248927420E-01
    1655   9.8348046225E-01
    1656   9.8448123986E-01
    1657   9.8538529449E-01
    1658   9.8604146605E-01
    1659   9.8629700445E-01
    1660   9.8610758879E-01
    1661   9.8560917765E-01
    1662   9.8506712919E-01
    1663   9.8468342939E-01
    1664   9.8461855957E-01
    1665   9.8476455874E-01
    1666   9.8494425324E-01
    1667   9.8510341047E-01
    1668   9.8523847676E-01
    1669   9.8536025656E-01
    1670   9.8543953098E-01
    1671   9.8542574482E-01
    1672   9.8530693765E-01
    1673   9.8514748541E-01
    1674   9.8504682286E-01
    1675   9.8505665781E-01
    1676   9.8513936507E-01
    1677   9.8520505885E-01
    1678   9.8515030777E-01
    1679   9.8505679233E-01
    1680   9.8492621905E-01
    1681   9.8476926404E-01
    1682   9.8460104026E-01
    1683   9.8439541150E-01
    1684   9.8413491976E-01
    1685   9.8383195167E-01
    1686   9.8351941295E-01
    1687   9.8323874423E-01
    1688   9.8303898977E-01
    1689   9.8297218825E-01
    1690   9.8306669223E-01
    1691   9.8329934601E-01
    1692   9.8358682007E-01
    1693   9.8381966977E-01
    1694   9.8392083794E-01
    1695   9.8387489722E-01
    1696   9.8370503357E-01
    1697   9.8339573229E-01
    1698   9.8308520720E-01
    1699   9.8274118585E-01
    1700   9.8243605622E-01
    1701   9.8230050572E-01
    1702   9.8238711984E-01
    1703   9.8264390693E-01
    1704   9.8295186422E-01
    1705   9.8322413212E-01
    1706   9.8347573602E-01
    1707   9.8378934331E-01
    1708   9.8421055307E-01
    1709   9.8468040722E-01
    1710   9.8507627762E-01
    1711   9.8532405161E-01
    1712   9.8546485103E-01
    1713   9.8557416707E-01
    1714   9.8574094737E-01
    1715   9.8588945978E-01
    1716   9.8586127759E-01
    1717   9.8567767789E-01
    1718   9.8547846921E-01
    1719   9.8544067328E-01
    1720   9.8562199805E-01
    1721   9.8589826060E-01
    1722   9.8606578769E-01
    1723   9.8600804861E-01
    1724   9.8577464380E-01
    1725   9.8550218253E-01
    1726   9.8527742257E-01
    1727   9.8508081183E-01
    1728   9.8483299641E-01
    1729   9.8463190964E-01
    1730   9.8458166911E-01
    1731   9.8472207215E-01
    1732   9.8504085108E-01
    1733   9.8538943145E-01
    1734   9.8565958218E-01
    1735   9.8590137142E-01
    1736   9.8629770254E-01
    1737   9.8700047110E-01
    1738   9.8798510664E-01
    1739   9.8905059391E-01
    1740   9.8996993522E-01
    1741   9.9062737835E-01
    1742   9.9103724491E-01
    1743   9.9124006947E-01
    1744   9.9121484124E-01
    1745   9.9090131096E-01
    1746   9.9030448440E-01
    1747   9.8954292974E-01
    1748   9.8884493825E-01
    1749   9.8825941148E-01
    1750   9.8774788699E-01
    1751   9.8719079505E-01
    1752   9.8652867047E-01
    1753   9.8581217585E-01
    1754   9.8514580635E-01
    1755   9.8458517306E-01
    1756   9.8410866959E-01
    1757   9.8368106887E-01
    1758   9.8333881769E-01
    1759   9.8318888861E-01
    1760   9.8333180443E-01
    1761   9.8377961715E-01
    1762   9.8445345811E-01
    1763   9.8525609165E-01
    1764   9.8614975906E-01
    1765   9.8716286821E-01
    1766   9.8833773749E-01
    1767   9.8967824185E-01
    1768   9.9115381551E-01
    1769   9.9273672167E-01
    1770   9.9445481258E-01
    1771   9.9630615742E-01
    1772   9.9825666241E-01
    1773   1.0001997112E+00
    1774   1.0019728790E+00
    1775   1.0034161496E+00
    1776   1.0044121904E+00
    1777   1.0048844021E+00
    1778   1.0047830963E+00
    1779   1.0041332931E+00
    1780   1.0030178056E+00
    1781   1.0015872279E+00
    1782   1.0000157991E+00
    1783   9.9844082568E-01
    1784   9.9693309803E-01
    1785   9.9551129663E-01
    1786   9.9417486662E-01
    1787   9.9293200350E-01
    1788   9.9183509027E-01
    1789   9.9091255587E-01
    1790   9.9022402379E-01
    1791   9.8981425489E-01
    1792   9.8968932001E-01
    1793   9.8979154874E-01
    1794   9.9000532844E-01
    1795   9.9018670238E-01
    1796   9.9021270191E-01
    1797   9.9002149580E-01
    1798   9.8963001068E-01
    1799   9.8913240023E-01
    1800   9.8869222168E-01
    1801   9.8850372047E-01
    1802   9.8872541965E-01
    1803   9.8940163092E-01
    1804   9.9041956983E-01
    1805   9.9154644661E-01
    1806   9.9254274923E-01
    1807   9.9327113234E-01
    1808   9.9373407510E-01
    1809   9.9401299486E-01
    1810   9.9417468986E-01
    1811   9.9422777914E-01
    1812   9.9415598897E-01
    1813   9.9395445305E-01
    1814   9.9362445993E-01
    1815   9.9313250706E-01
    1816   9.9240071507E-01
    1817   9.9138298201E-01
    1818   9.9020246578E-01
    1819   9.8906048205E-01
    1820   9.8821441256E-01
    1821   9.8777805490E-01
    1822   9.8766895024E-01
    1823   9.8770028393E-01
    1824   9.8774765220E-01
    1825   9.8782725059E-01
    1826   9.8803183519E-01
    1827   9.8839339967E-01
    1828   9.8881798032E-01
    1829   9.8915781724E-01
    1830   9.8934695943E-01
    1831   9.8943505183E-01
    1832   9.8949823146E-01
    1833   9.8951681391E-01
    1834   9.8936506323E-01
    1835   9.8893903526E-01
    1836   9.8828378706E-01
    1837   9.8768708308E-01
    1838   9.8734204244E-01
    1839   9.8734333481E-01
    1840   9.8764886087E-01
    1841   9.8820322371E-01
    1842   9.8907435158E-01
    1843   9.9041873961E-01
    1844   9.9232114546E-01
    1845   9.9466616144E-01
    1846   9.9718504221E-01
    1847   9.9965407061E-01
    1848   1.0020620572E+00
    1849   1.0045688133E+00
    1850   1.0073078809E+00
    1851   1.0102253369E+00
    1852   1.0131130627E+00
    1853   1.0157926524E+00
    1854   1.0182501478E+00
    1855   1.0205905095E+00
    1856   1.0228676096E+00
    1857   1.0246864236E+00
    1858   1.0260251384E+00
    1859   1.0267469400E+00
    1860   1.0269420232E+00
    1861   1.0267482067E+00
    1862   1.0261590776E+00
    1863   1.0250361351E+00
    1864   1.0233683398E+00
    1865   1.0211357004E+00
    1866   1.0189619061E+00
    1867   1.0172104981E+00
    1868   1.0159590494E+00
    1869   1.0150822164E+00
    1870   1.0144155824E+00
    1871   1.0139162400E+00
    1872   1.0136441611E+00
    1873   1.0136295051E+00
    1874   1.0137954489E+00
    1875   1.0140290847E+00
    1876   1.0143062627E+00
    1877   1.0147073650E+00
    1878   1.0152867863E+00
    1879   1.0159303021E+00
    1880   1.0163899675E+00
    1881   1.0163380639E+00
    1882   1.0157022566E+00
    1883   1.0146949569E+00
    1884   1.0134626335E+00
    1885   1.0120836297E+00
    1886   1.0105255098E+00
    1887   1.0087660285E+00
    1888   1.0068861786E+00
    1889   1.0050310991E+00
    1890   1.0032974950E+00
    1891   1.0016783392E+00
    1892   1.0001174243E+00
    1893   9.9862023505E-01
    1894   9.9728992706E-01
    1895   9.9623822010E-01
    1896   9.9546772812E-01
    1897   9.9485122552E-01
    1898   9.9423380463E-01
    1899   9.9357320627E-01
    1900   9.9297845890E-01
    1901   9.9261187576E-01
    1902   9.9256678838E-01
    1903   9.9282924215E-01
    1904   9.9333146468E-01
    1905   9.9403564925E-01
    1906   9.9494311750E-01
    1907   9.9603045035E-01
    1908   9.9720334216E-01
    1909   9.9833869194E-01
    1910   9.9938021849E-01
    1911   1.0004047121E+00
    1912   1.0015572926E+00
    1913   1.0029174926E+00
    1914   1.0044259157E+00
    1915   1.0059449242E+00
    1916   1.0073886596E+00
    1917   1.0088099438E+00
    1918   1.0103539864E+00
    1919   1.0121398028E+00
    1920   1.0141881163E+00
    1921   1.0164440607E+00
    1922   1.0188368995E+00
    1923   1.0212929890E+00
    1924   1.0236790884E+00
    1925   1.0257688318E+00
    1926   1.0273136129E+00
    1927   1.0281808027E+00
    1928   1.0284461532E+00
    1929   1.0283954298E+00
    1930   1.0278467915E+00
    1931   1.0271810672E+00
    1932   1.0263917840E+00
    1933   1.0255321173E+00
    1934   1.0247838892E+00
    1935   1.0243411740E+00
    1936   1.0242979789E+00
    1937   1.0246522399E+00
    1938   1.0253030606E+00
    1939   1.0259445615E+00
    1940   1.0267963035E+00
    1941   1.0277178666E+00
    1942   1.0286005340E+00
    1943   1.0293365220E+00
    1944   1.0298743480E+00
    1945   1.0303441590E+00
    1946   1.0304766057E+00
    1947   1.0302690436E+00
    1948   1.0297987603E+00
    1949   1.0289032343E+00
    1950   1.0276165537E+00
    1951   1.0260126961E+00
    1952   1.0241196360E+00
    1953   1.0219053692E+00
    1954   1.0193682363E+00
    1955   1.0166417399E+00
    1956   1.0138589247E+00
    1957   1.0113911166E+00
    1958   1.0093445227E+00
    1959   1.0077248189E+00
    1960   1.0064885501E+00
    1961   1.0055958492E+00
    1962   1.0050010883E+00
    1963   1.0046020952E+00
    1964   1.0042436561E+00
    1965   1.0037973430E+00
    1966   1.0032394352E+00
    1967   1.0026444875E+00
    1968   1.0020852115E+00
    1969   1.0015408279E+00
    1970   1.0009190994E+00
    1971   1.0001744021E+00
    1972   9.9939795856E-01
    1973   9.9878467421E-01
    1974   9.9849502536E-01
    1975   9.9854624258E-01
    1976   9.9883862596E-01
    1977   9.9927939880E-01
    1978   9.9986543269E-01
    1979   1.0006435709E+00
    1980   1.0015958555E+00
    1981   1.0025930251E+00
    1982   1.0034879507E+00
    1983   1.0042595947E+00
    1984   1.0050512481E+00
    1985   1.0060518757E+00
    1986   1.0073283465E+00
    1987   1.0087756374E+00
    1988   1.0102347596E+00
    1989   1.0116418102E+00
    1990   1.0130426229E+00
    1991   1.0144572496E+00
    1992   1.0157552541E+00
    1993   1.0166948855E+00
    1994   1.0171162829E+00
    1995   1.0170955469E+00
    1996   1.0168965822E+00
    1997   1.0167667045E+00
    1998   1.0167912549E+00
    1999   1.0169583819E+00
    2000   1.0171431114E+00
    2001   1.0175990303E+00
    2002   1.0184979750E+00
    2003   1.0198745393E+00
    2004   1.0215529588E+00
    2005   1.0232447092E+00
    2006   1.0247330843E+00
    2007   1.0259388652E+00
    2008   1.0268260339E+00
    2009   1.0273746832E+00
    2010   1.0271476097E+00
    2011   1.0262056446E+00
    2012   1.0248796293E+00
    2013   1.0235271496E+00
    2014   1.0225487856E+00
    2015   1.0221271938E+00
    2016   1.0222365967E+00
    2017   1.0227858794E+00
    2018   1.0238082989E+00
    2019   1.0251030360E+00
    2020   1.0265373115E+00
    2021   1.0279554133E+00
    2022   1.0290096348E+00
    2023   1.0295580568E+00
    2024   1.0296307076E+00
    2025   1.0293105768E+00
    2026   1.0286261445E+00
    2027   1.0276448573E+00
    2028   1.0261078596E+00
    2029   1.0245343713E+00
    2030   1.0232527225E+00
    2031   1.0224937679E+00
    2032   1.0223501178E+00
    2033   1.0227490692E+00
    2034   1.0235471032E+00
    2035   1.0245915212E+00
    2036   1.0257008907E+00
    2037   1.0266333049E+00
    2038   1.0271343960E+00
    2039   1.0271360112E+00
    2040   1.0263504877E+00
    2041   1.0252084816E+00
    2042   1.0239569406E+00
    2043   1.0227457112E+00
    2044   1.0216998175E+00
    2045   1.0208996883E+00
    2046   1.0203887516E+00
    2047   1.0201473972E+00
    2048   1.0200719935E+00
    2049   1.0200675839E+00
    2050   1.0199095271E+00
    2051   1.0195939328E+00
    2052   1.0192291741E+00
    2053   1.0187761152E+00
    2054   1.0181801450E+00
    2055   1.0173636085E+00
    2056   1.0162891674E+00
    2057   1.0149873601E+00
    2058   1.0135307969E+00
    2059   1.0119932322E+00
    2060   1.0104467224E+00
    2061   1.0089944756E+00
    2062   1.0077779108E+00
    2063   1.0069303866E+00
    2064   1.0065113764E+00
    2065   1.0064752621E+00
    2066   1.0066867567E+00
    2067   1.0069636853E+00
    2068   1.0071331582E+00
    2069   1.0069714067E+00
    2070   1.0062512577E+00
    2071   1.0048143198E+00
    2072   1.0026826953E+00
    2073   1.0001056818E+00
    2074   9.9748752491E-01
    2075   9.9523141491E-01
    2076   9.9361145621E-01
    2077   9.9273482895E-01
    2078   9.9258886365E-01
    2079   9.9309688496E-01
    2080   9.9413551472E-01
    2081   9.9554576049E-01
    2082   9.9710347547E-01
    2083   9.9862058799E-01
    2084   9.9998830762E-01
    2085   1.0011872610E+00
    2086   1.0022394286E+00
    2087   1.0031383997E+00
    2088   1.0038343252E+00
    2089   1.0042615224E+00
    2090   1.0044072514E+00
    2091   1.0043066060E+00
    2092   1.0039964392E+00
    2093   1.0034895876E+00
    2094   1.0028024276E+00
    2095   1.0020164477E+00
    2096   1.0013121646E+00
    2097   1.0009261690E+00
    2098   1.0010617536E+00
    2099   1.0018087475E+00
    2100   1.0031364250E+00
    2101   1.0049362620E+00
    2102   1.0070762654E+00
    2103   1.0094228889E+00
    2104   1.0118427763E+00
    2105   1.0142092996E+00
    2106   1.0164379921E+00
    2107   1.0185053560E+00
    2108   1.0204303647E+00
    2109   1.0222119977E+00
    2110   1.0237818965E+00
    2111   1.0250088561E+00
    2112   1.0257992505E+00
    2113   1.0261207733E+00
    2114   1.0257441798E+00
    2115   1.0250425841E+00
    2116   1.0239996239E+00
    2117   1.0226585008E+00
    2118   1.0210953918E+00
    2119   1.0194340548E+00
    2120   1.0178348845E+00
    2121   1.0164423537E+00
    2122   1.0153406707E+00
    2123   1.0145443521E+00
    2124   1.0140264514E+00
    2125   1.0137570155E+00
    2126   1.0137122726E+00
    2127   1.0138515489E+00
    2128   1.0141011051E+00
    2129   1.0143843393E+00
    2130   1.0145051775E+00
    2131   1.0144774578E+00
    2132   1.0142879999E+00
    2133   1.0139329485E+00
    2134   1.0134211510E+00
    2135   1.0127722928E+00
    2136   1.0120456137E+00
    2137   1.0113497445E+00
    2138   1.0107987313E+00
    2139   1.0104469952E+00
    2140   1.0102489832E+00
    2141   1.0100827886E+00
    2142   1.0098078126E+00
    2143   1.0093162744E+00
    2144   1.0085353979E+00
    2145   1.0074132114E+00
    2146   1.0059258205E+00
    2147   1.0041281046E+00
    2148   1.0021844569E+00
    2149   1.0003368828E+00
    2150   9.9880169020E-01
    2151   9.9766859511E-01
    2152   9.9687286328E-01
    2153   9.9626910254E-01
    2154   9.9573042021E-01
    2155   9.9520940084E-01
    2156   9.9471421468E-01
    2157   9.9425150564E-01
    2158   9.9380185019E-01
    2159   9.9335397641E-01
    2160   9.9293723356E-01
    2161   9.9260783554E-01
    2162   9.9238806363E-01
    2163   9.9221784509E-01
    2164   9.9198148695E-01
    2165   9.9160588371E-01
    2166   9.9114077494E-01
    2167   9.9075487287E-01
    2168   9.9064895460E-01
    2169   9.9096464430E-01
    2170   9.9176513606E-01
    2171   9.9307502596E-01
    2172   9.9491488044E-01
    2173   9.9727740645E-01
    2174   1.0000699879E+00
    2175   1.0030933858E+00
    2176   1.0061130180E+00
    2177   1.0089738688E+00
    2178   1.0116594642E+00
    2179   1.0142292501E+00
    2180   1.0166899338E+00
    2181   1.0189126286E+00
    2182   1.0206797860E+00
    2183   1.0218123233E+00
    2184   1.0222687278E+00
    2185   1.0221467490E+00
    2186   1.0216440012E+00
    2187   1.0207015793E+00
    2188   1.0196434106E+00
    2189   1.0185912825E+00
    2190   1.0176625407E+00
    2191   1.0169281199E+00
    2192   1.0163541014E+00
    2193   1.0158308568E+00
    2194   1.0152571808E+00
    2195   1.0146032264E+00
    2196   1.0139007888E+00
    2197   1.0131836673E+00
    2198   1.0124516078E+00
    2199   1.0116943604E+00
    2200   1.0109563457E+00
    2201   1.0102969781E+00
    2202   1.0099169042E+00
    2203   1.0099203208E+00
    2204   1.0103354103E+00
    2205   1.0111163655E+00
    2206   1.0121922194E+00
    2207   1.0135105321E+00
    2208   1.0150418947E+00
    2209   1.0167493715E+00
    2210   1.0185637672E+00
    2211   1.0203864569E+00
    2212   1.0221196553E+00
    2213   1.0236758319E+00
    2214   1.0249747851E+00
    2215   1.0259658870E+00
    2216   1.0261697583E+00
    2217   1.0256868587E+00
    2218   1.0244080808E+00
    2219   1.0223537422E+00
    2220   1.0196919619E+00
    2221   1.0166459659E+00
    2222   1.0134222884E+00
    2223   1.0101797830E+00
    2224   1.0070433820E+00
    2225   1.0041220234E+00
    2226   1.0015088568E+00
    2227   9.9925760795E-01
    2228   9.9736556657E-01
    2229   9.9579159119E-01
    2230   9.9449660793E-01
    2231   9.9346223429E-01
    2232   9.9267511036E-01
    2233   9.9209322100E-01
    2234   9.9164171635E-01
    2235   9.9126147768E-01
    2236   9.9097327044E-01
    2237   9.9089100508E-01
    2238   9.9116806505E-01
    2239   9.9190678811E-01
    2240   9.9309691539E-01
    2241   9.9462064655E-01
    2242   9.9630844362E-01
    2243   9.9798093523E-01
    2244   9.9946136228E-01
    2245   1.0005722673E+00
    2246   1.0011643380E+00
    2247   1.0011794446E+00
    2248   1.0006964740E+00
    2249   9.9989558216E-01
    2250   9.9896746995E-01
    2251   9.9802822967E-01
    2252   9.9711083851E-01
    2253   9.9622223903E-01
    2254   9.9539956856E-01
    2255   9.9470438925E-01
    2256   9.9417873850E-01
    2257   9.9381975140E-01
    2258   9.9361182083E-01
    2259   9.9358109230E-01
    2260   9.9380545949E-01
    2261   9.9435573385E-01
    2262   9.9522736230E-01
    2263   9.9633279065E-01
    2264   9.9756569573E-01
    2265   9.9887270175E-01
    2266   1.0002559577E+00
    2267   1.0016997038E+00
    2268   1.0031097318E+00
    2269   1.0043482319E+00
    2270   1.0053390068E+00
    2271   1.0061345650E+00
    2272   1.0068637304E+00
    2273   1.0076040558E+00
    2274   1.0083155415E+00
    2275   1.0089082688E+00
    2276   1.0093664233E+00
    2277   1.0097995630E+00
    2278   1.0103559523E+00
    2279   1.0110826130E+00
    2280   1.0118848553E+00
    2281   1.0126267681E+00
    2282   1.0132578363E+00
    2283   1.0138236805E+00
    2284   1.0143486234E+00
    2285   1.0147276477E+00
    2286   1.0147771683E+00
    2287   1.0144126491E+00
    2288   1.0137644920E+00
    2289   1.0131025221E+00
    2290   1.0126371356E+00
    2291   1.0123862183E+00
    2292   1.0122389001E+00
    2293   1.0121413920E+00
    2294   1.0121484497E+00
    2295   1.0123351027E+00
    2296   1.0127453152E+00
    2297   1.0131890193E+00
    2298   1.0134899493E+00
    2299   1.0136382998E+00
    2300   1.0137976589E+00
    2301   1.0141256451E+00
    2302   1.0146011873E+00
    2303   1.0150365266E+00
    2304   1.0152721820E+00
    2305   1.0153378398E+00
    2306   1.0154064496E+00
    2307   1.0155874351E+00
    2308   1.0157863876E+00
    2309   1.0157710424E+00
    2310   1.0154159401E+00
    2311   1.0146736642E+00
    2312   1.0137792500E+00
    2313   1.0128373942E+00
    2314   1.0117591916E+00
    2315   1.0104278502E+00
    2316   1.0088548517E+00
    2317   1.0072057638E+00
    2318   1.0056483726E+00
    2319   1.0041837051E+00
    2320   1.0026517461E+00
    2321   1.0009158923E+00
    2322   9.9904235319E-01
    2323   9.9729171973E-01
    2324   9.9593461437E-01
    2325   9.9506123256E-01
    2326   9.9455369599E-01
    2327   9.9421598544E-01
    2328   9.9392246462E-01
    2329   9.9364654335E-01
    2330   9.9338486550E-01
    2331   9.9309315888E-01
    2332   9.9273438469E-01
    2333   9.9238720255E-01
    2334   9.9227528165E-01
    2335   9.9264927424E-01
    2336   9.9361533124E-01
    2337   9.9504602087E-01
    2338   9.9666758068E-01
    2339   9.9824715455E-01
    2340   9.9971179964E-01
    2341   1.0011047894E+00
    2342   1.0024504346E+00
    2343   1.0036616812E+00
    2344   1.0045838168E+00
    2345   1.0051035549E+00
    2346   1.0051970296E+00
    2347   1.0048761659E+00
    2348   1.0041121276E+00
    2349   1.0028353649E+00
    2350   1.0010404961E+00
    2351   9.9888550612E-01
    2352   9.9667155458E-01
    2353   9.9471307148E-01
    2354   9.9320245387E-01
    2355   9.9216908781E-01
    2356   9.9154315486E-01
    2357   9.9126424878E-01
    2358   9.9132973783E-01
    2359   9.9166785435E-01
    2360   9.9219492857E-01
    2361   9.9277276717E-01
    2362   9.9329747768E-01
    2363   9.9377586024E-01
    2364   9.9432034020E-01
    2365   9.9507085070E-01
    2366   9.9610702109E-01
    2367   9.9742663573E-01
    2368   9.9899360527E-01
    2369   1.0007937444E+00
    2370   1.0028253997E+00
    2371   1.0050330769E+00
    2372   1.0072464752E+00
    2373   1.0091987395E+00
    2374   1.0106242827E+00
    2375   1.0113729269E+00
    2376   1.0114476000E+00
    2377   1.0109669713E+00
    2378   1.0100208051E+00
    2379   1.0087475602E+00
    2380   1.0073277569E+00
    2381   1.0059891072E+00
    2382   1.0050222635E+00
    2383   1.0046688704E+00
    2384   1.0050365851E+00
    2385   1.0060935436E+00
    2386   1.0077419417E+00
    2387   1.0098994606E+00
    2388   1.0125032820E+00
    2389   1.0154454018E+00
    2390   1.0185260390E+00
    2391   1.0214956951E+00
    2392   1.0241704488E+00
    2393   1.0265112708E+00
    2394   1.0286275991E+00
    2395   1.0304533299E+00
    2396   1.0314966777E+00
    2397   1.0318001171E+00
    2398   1.0309939981E+00
    2399   1.0290470685E+00
    2400   1.0261413351E+00
    2401   1.0225392529E+00
    2402   1.0184863906E+00
    2403   1.0142309110E+00
    2404   1.0100454053E+00
    2405   1.0062792601E+00
    2406   1.0032306112E+00
    2407   1.0009363403E+00
    2408   9.9927907129E-01
    2409   9.9810217561E-01
    2410   9.9736033994E-01
    2411   9.9713082909E-01
    2412   9.9746199293E-01
    2413   9.9822172105E-01
    2414   9.9908817958E-01
    2415   9.9971258562E-01
    2416   9.9991550803E-01
    2417   9.9974609941E-01
    2418   9.9937169442E-01
    2419   9.9894791286E-01
    2420   9.9859645525E-01
    2421   9.9849342397E-01
    2422   9.9892246714E-01
    2423   1.0001738654E+00
    2424   1.0023527689E+00
    2425   1.0052552160E+00
    2426   1.0084461941E+00
    2427   1.0114987875E+00
    2428   1.0141770128E+00
    2429   1.0164241756E+00
    2430   1.0182016773E+00
    2431   1.0193961930E+00
    2432   1.0199047184E+00
    2433   1.0198016623E+00
    2434   1.0193693397E+00
    2435   1.0189172221E+00
    2436   1.0185469252E+00
    2437   1.0181003261E+00
    2438   1.0173357133E+00
    2439   1.0161507425E+00
    2440   1.0146302397E+00
    2441   1.0128928686E+00
    2442   1.0109374767E+00
    2443   1.0086761787E+00
    2444   1.0061116196E+00
    2445   1.0034551657E+00
    2446   1.0010741719E+00
    2447   9.9919982060E-01
    2448   9.9781851926E-01
    2449   9.9673398873E-01
    2450   9.9577303086E-01
    2451   9.9493999598E-01
    2452   9.9433644485E-01
    2453   9.9400090200E-01
    2454   9.9380170787E-01
    2455   9.9353268365E-01
    2456   9.9308740909E-01
    2457   9.9252894977E-01
    2458   9.9197990125E-01
    2459   9.9146446334E-01
    2460   9.9088185550E-01
    2461   9.9015315636E-01
    2462   9.8937959632E-01
    2463   9.8883783949E-01
    2464   9.8878866953E-01
    2465   9.8926350327E-01
    2466   9.9002026082E-01
    2467   9.9071737468E-01
    2468   9.9114112214E-01
    2469   9.9129777034E-01
    2470   9.9131431403E-01
    2471   9.9129059985E-01
    2472   9.9126857830E-01
    2473   9.9132689679E-01
    2474   9.9165318502E-01
    2475   9.9247176794E-01
    2476   9.9386412177E-01
    2477   9.9565187743E-01
    2478   9.9747224155E-01
    2479   9.9899605850E-01
    2480   1.0001003609E+00
    2481   1.0008435249E+00
    2482   1.0012948026E+00
    2483   1.0014170234E+00
    2484   1.0011149318E+00
    2485   1.0003809764E+00
    2486   9.9936398057E-01
    2487   9.9827918330E-01
    2488   9.9725963548E-01
    2489   9.9631223494E-01
    2490   9.9541902886E-01
    2491   9.9466678048E-01
    2492   9.9425028730E-01
    2493   9.9431914366E-01
    2494   9.9480543700E-01
    2495   9.9539924078E-01
    2496   9.9570217016E-01
    2497   9.9542893788E-01
    2498   9.9450210135E-01
    2499   9.9299307831E-01
    2500   9.9101490683E-01
    2501   9.8870389723E-01
    2502   9.8634210113E-01
    2503   9.8418627969E-01
    2504   9.8253372423E-01
    2505   9.8150853526E-01
    2506   9.8100712721E-01
    2507   9.8079103455E-01
    2508   9.8066340364E-01
    2509   9.8059159891E-01
    2510   9.8067839072E-01
    2511   9.8101529448E-01
    2512   9.8156589325E-01
    2513   9.8216399730E-01
    2514   9.8262510913E-01
    2515   9.8300947232E-01
    2516   9.8321805423E-01
    2517   9.8335039615E-01
    2518   9.8345858367E-01
    2519   9.8359457007E-01
    2520   9.8387087613E-01
    2521   9.8444360171E-01
    2522   9.8540640922E-01
    2523   9.8668160792E-01
    2524   9.8801019621E-01
    2525   9.8907301558E-01
    2526   9.8965542986E-01
    2527   9.8972830898E-01
    2528   9.8939519541E-01
    2529   9.8878053625E-01
    2530   9.8796254480E-01
    2531   9.8703712301E-01
    2532   9.8622957584E-01
    2533   9.8570182377E-01
    2534   9.8567622901E-01
    2535   9.8622689852E-01
    2536   9.8728668132E-01
    2537   9.8872846369E-01
    2538   9.9045658420E-01
    2539   9.9242349977E-01
    2540   9.9456572152E-01
    2541   9.9673808942E-01
    2542   9.9873532494E-01
    2543   1.0003994294E+00
    2544   1.0017202912E+00
    2545   1.0028372483E+00
    2546   1.0039353109E+00
    2547   1.0051317957E+00
    2548   1.0064460905E+00
    2549   1.0078551031E+00
    2550   1.0093535699E+00
    2551   1.0109443502E+00
    2552   1.0125691864E+00
    2553   1.0140782082E+00
    2554   1.0152999139E+00
    2555   1.0161721169E+00
    2556   1.0168129209E+00
    2557   1.0172778996E+00
    2558   1.0178244684E+00
    2559   1.0184663636E+00
    2560   1.0191613968E+00
    2561   1.0198968471E+00
    2562   1.0207135483E+00
    2563   1.0216434844E+00
    2564   1.0226150839E+00
    2565   1.0234428429E+00
    2566   1.0239297784E+00
    2567   1.0240577604E+00
    2568   1.0236260238E+00
    2569   1.0229413669E+00
    2570   1.0221093578E+00
    2571   1.0211583808E+00
    2572   1.0201875505E+00
    2573   1.0193625324E+00
    2574   1.0188387057E+00
    2575   1.0186235866E+00
    2576   1.0185030037E+00
    2577   1.0181270570E+00
    2578   1.0172261734E+00
    2579   1.0156549172E+00
    2580   1.0135243590E+00
    2581   1.0111467245E+00
    2582   1.0087160117E+00
    2583   1.0064833119E+00
    2584   1.0047589747E+00
    2585   1.0038868853E+00
    2586   1.0041259747E+00
    2587   1.0055350654E+00
    2588   1.0079618266E+00
    2589   1.0111612669E+00
    2590   1.0149372694E+00
    2591   1.0191744650E+00
    2592   1.0237385651E+00
    2593   1.0283701192E+00
    2594   1.0326951968E+00
    2595   1.0363605655E+00
    2596   1.0393673321E+00
    2597   1.0412372851E+00
    2598   1.0418827628E+00
    2599   1.0415686217E+00
    2600   1.0400156059E+00
    2601   1.0372999589E+00
    2602   1.0337617000E+00
    2603   1.0295485673E+00
    2604   1.0247180473E+00
    2605   1.0195867305E+00
    2606   1.0139450924E+00
    2607   1.0078710871E+00
    2608   1.0016211701E+00
    2609   9.9554920004E-01
    2610   9.9001275904E-01
    2611   9.8533561572E-01
    2612   9.8181941250E-01
    2613   9.7972646393E-01
    2614   9.7916639723E-01
    2615   9.8007090827E-01
    2616   9.8218208954E-01
    2617   9.8477263660E-01
    2618   9.8739916101E-01
    2619   9.8972688784E-01
    2620   9.9162465855E-01
    2621   9.9310097635E-01
    2622   9.9423138000E-01
    2623   9.9513689875E-01
    2624   9.9599325452E-01
    2625   9.9700286654E-01
    2626   9.9830839951E-01
    2627   9.9991192686E-01
    2628   1.0016762744E+00
    2629   1.0034182786E+00
    2630   1.0050164338E+00
    2631   1.0064398893E+00
    2632   1.0076838083E+00
    2633   1.0086942294E+00
    2634   1.0093627357E+00
    2635   1.0095913797E+00
    2636   1.0093540308E+00
    2637   1.0086918789E+00
    2638   1.0076621611E+00
    2639   1.0063117019E+00
    2640   1.0047079026E+00
    2641   1.0029866563E+00
    2642   1.0013533900E+00
    2643   1.0000166429E+00
    2644   9.9910576341E-01
    2645   9.9863102023E-01
    2646   9.9850541592E-01
    2647   9.9859283629E-01
    2648   9.9874094540E-01
    2649   9.9879700602E-01
    2650   9.9862449614E-01
    2651   9.9813857849E-01
    2652   9.9734163268E-01
    2653   9.9632117356E-01
    2654   9.9520647335E-01
    2655   9.9411803752E-01
    2656   9.9314645592E-01
    2657   9.9237269861E-01
    2658   9.9189474938E-01
    2659   9.9182303342E-01
    2660   9.9224575277E-01
    2661   9.9318834644E-01
    2662   9.9459016866E-01
    2663   9.9630474443E-01
    2664   9.9811683625E-01
    2665   9.9977426195E-01
    2666   1.0010386768E+00
    2667   1.0017531490E+00
    2668   1.0018954790E+00
    2669   1.0015888327E+00
    2670   1.0010568725E+00
    2671   1.0005487080E+00
    2672   1.0002726728E+00
    2673   1.0003665624E+00
    2674   1.0008877926E+00
    2675   1.0018179751E+00
    2676   1.0030718931E+00
    2677   1.0045233149E+00
    2678   1.0060507563E+00
    2679   1.0075770300E+00
    2680   1.0090756643E+00
    2681   1.0105478400E+00
    2682   1.0119987259E+00
    2683   1.0134459051E+00
    2684   1.0149828183E+00
    2685   1.0167044961E+00
    2686   1.0186989671E+00
    2687   1.0211228148E+00
    2688   1.0238912761E+00
    2689   1.0268335252E+00
    2690   1.0297128834E+00
    2691   1.0322725113E+00
    2692   1.0342640135E+00
    2693   1.0356550454E+00
    2694   1.0358790018E+00
    2695   1.0352221032E+00
    2696   1.0340983488E+00
    2697   1.0326986749E+00
    2698   1.0312432630E+00
    2699   1.0297895167E+00
    2700   1.0283645375E+00
    2701   1.0265847871E+00
    2702   1.0245113995E+00
    2703   1.0221703085E+00
    2704   1.0194383217E+00
    2705   1.0163052806E+00
    2706   1.0128564232E+00
    2707   1.0092923346E+00
    2708   1.0058650382E+00
    2709   1.0027703495E+00
    2710   1.0000876813E+00
    2711   9.9781274136E-01
    2712   9.9593174883E-01
    2713   9.9445456542E-01
    2714   9.9337867452E-01
    2715   9.9263984479E-01
    2716   9.9211626018E-01
    2717   9.9169434042E-01
    2718   9.9132700786E-01
    2719   9.9101670117E-01
    2720   9.9073630795E-01
    2721   9.9037618775E-01
    2722   9.8978522006E-01
    2723   9.8888082250E-01
    2724   9.8773076231E-01
    2725   9.8652229886E-01
    2726   9.8543441054E-01
    2727   9.8457367708E-01
    2728   9.8404885106E-01
    2729   9.8375095822E-01
    2730   9.8372118043E-01
    2731   9.8396265520E-01
    2732   9.8441227881E-01
    2733   9.8494062747E-01
    2734   9.8543084113E-01
    2735   9.8588452621E-01
    2736   9.8645604817E-01
    2737   9.8737466340E-01
    2738   9.8882509777E-01
    2739   9.9088593863E-01
    2740   9.9355898940E-01
    2741   9.9683307916E-01
    2742   1.0006845660E+00
    2743   1.0049963716E+00
    2744   1.0094862155E+00
    2745   1.0137533646E+00
    2746   1.0174424487E+00
    2747   1.0203937510E+00
    2748   1.0226406223E+00
    2749   1.0242691744E+00
    2750   1.0252950684E+00
    2751   1.0256805953E+00
    2752   1.0255356249E+00
    2753   1.0248272477E+00
    2754   1.0238611246E+00
    2755   1.0229039944E+00
    2756   1.0219262438E+00
    2757   1.0209292816E+00
    2758   1.0199877108E+00
    2759   1.0192496340E+00
    2760   1.0188047866E+00
    2761   1.0185559163E+00
    2762   1.0182375148E+00
    2763   1.0175758815E+00
    2764   1.0164445366E+00
    2765   1.0148764654E+00
    2766   1.0129431418E+00
    2767   1.0106440439E+00
    2768   1.0079076604E+00
    2769   1.0048434700E+00
    2770   1.0016247198E+00
    2771   9.9849718753E-01
    2772   9.9560310040E-01
    2773   9.9290949749E-01
    2774   9.9027071399E-01
    2775   9.8766466499E-01
    2776   9.8515894453E-01
    2777   9.8288148194E-01
    2778   9.8092065518E-01
    2779   9.7925034636E-01
    2780   9.7781959558E-01
    2781   9.7667608823E-01
    2782   9.7599648530E-01
    2783   9.7597915478E-01
    2784   9.7669297149E-01
    2785   9.7801670402E-01
    2786   9.7972327110E-01
    2787   9.8163211185E-01
    2788   9.8366807124E-01
    2789   9.8588984537E-01
    2790   9.8824652341E-01
    2791   9.9049481721E-01
    2792   9.9244565901E-01
    2793   9.9393755162E-01
    2794   9.9492382493E-01
    2795   9.9540750468E-01
    2796   9.9534624489E-01
    2797   9.9465200502E-01
    2798   9.9330117786E-01
    2799   9.9144072516E-01
    2800   9.8935543402E-01
    2801   9.8730830902E-01
    2802   9.8539065748E-01
    2803   9.8352136687E-01
    2804   9.8159287405E-01
    2805   9.7963258472E-01
    2806   9.7783390811E-01
    2807   9.7643399985E-01
    2808   9.7550802199E-01
    2809   9.7535632904E-01
    2810   9.7568602790E-01
    2811   9.7648649806E-01
    2812   9.7783133216E-01
    2813   9.7977835836E-01
    2814   9.8233639174E-01
    2815   9.8546836400E-01
    2816   9.8915922941E-01
    2817   9.9346143953E-01
    2818   9.9844047568E-01
    2819   1.0040391841E+00
    2820   1.0099714360E+00
    2821   1.0157578976E+00
    2822   1.0208966011E+00
    2823   1.0250305284E+00
    2824   1.0279861811E+00
    2825   1.0296860539E+00
    2826   1.0301185825E+00
    2827   1.0291838786E+00
    2828   1.0267179636E+00
    2829   1.0233307507E+00
    2830   1.0192175972E+00
    2831   1.0146968620E+00
    2832   1.0100585876E+00
    2833   1.0056026312E+00
    2834   1.0016861921E+00
    2835   9.9869800504E-01
    2836   9.9696782285E-01
    2837   9.9668335857E-01
    2838   9.9786838638E-01
    2839   1.0004132560E+00
    2840   1.0041019468E+00
    2841   1.0086043248E+00
    2842   1.0134592412E+00
    2843   1.0181073051E+00
    2844   1.0219932455E+00
    2845   1.0246921447E+00
    2846   1.0260416278E+00
    2847   1.0259368590E+00
    2848   1.0243899155E+00
    2849   1.0219413844E+00
    2850   1.0188894344E+00
    2851   1.0157162058E+00
    2852   1.0129121290E+00
    2853   1.0108756264E+00
    2854   1.0098463920E+00
    2855   1.0098938472E+00
    2856   1.0109300529E+00
    2857   1.0127198607E+00
    2858   1.0148931089E+00
    2859   1.0169895747E+00
    2860   1.0185509288E+00
    2861   1.0192286146E+00
    2862   1.0188433642E+00
    2863   1.0174027924E+00
    2864   1.0148706465E+00
    2865   1.0114965135E+00
    2866   1.0075173336E+00
    2867   1.0031982571E+00
    2868   9.9885473383E-01
    2869   9.9476903278E-01
    2870   9.9115953517E-01
    2871   9.8819802264E-01
    2872   9.8601325384E-01
    2873   9.8481666352E-01
    2874   9.8471554816E-01
    2875   9.8562844401E-01
    2876   9.8743879563E-01
    2877   9.8993150586E-01
    2878   9.9288190891E-01
    2879   9.9608669825E-01
    2880   9.9934043150E-01
    2881   1.0024046810E+00
    2882   1.0050162246E+00
    2883   1.0069413857E+00
    2884   1.0080321634E+00
    2885   1.0082304962E+00
    2886   1.0075168580E+00
    2887   1.0058748878E+00
    2888   1.0033163329E+00
    2889   9.9994214037E-01
    2890   9.9596704576E-01
    2891   9.9166313650E-01
    2892   9.8725341319E-01
    2893   9.8285043206E-01
    2894   9.7847788908E-01
    2895   9.7413646367E-01
    2896   9.6985639331E-01
    2897   9.6570039198E-01
    2898   9.6173721465E-01
    2899   9.5788576325E-01
    2900   9.5426536616E-01
    2901   9.5176525729E-01
    2902   9.4966277746E-01
    2903   9.4836229574E-01
    2904   9.4767699426E-01
    2905   9.4790154650E-01
    2906   9.4947080221E-01
    2907   9.5116301156E-01
    2908   9.5331964831E-01
    2909   9.5578668972E-01
    2910   9.5862439043E-01
    2911   9.6224675037E-01
    2912   9.6576430185E-01
    2913   9.6939132625E-01
    2914   9.7308072953E-01
    2915   9.7678474357E-01
    2916   9.8045357491E-01
    2917   9.8403048997E-01
    2918   9.8748403247E-01
    2919   9.9084030737E-01
    2920   9.9417432164E-01
    2921   9.9756192564E-01
    2922   1.0010277838E+00
    2923   1.0045326269E+00
    2924   1.0080166161E+00
    2925   1.0114426725E+00
    2926   1.0147955396E+00
    2927   1.0180415264E+00
    2928   1.0210945641E+00
    2929   1.0238250984E+00
    2930   1.0261069263E+00
    2931   1.0278429476E+00
    2932   1.0289458409E+00
    2933   1.0292995784E+00
    2934   1.0288535672E+00
    2935   1.0271909397E+00
    2936   1.0243723620E+00
    2937   1.0205761263E+00
    2938   1.0158717886E+00
    2939   1.0104814408E+00
    2940   1.0046648108E+00
    2941   9.9869796248E-01
    2942   9.9284848683E-01
    2943   9.8733485193E-01
    2944   9.8229304484E-01
    2945   9.7777656429E-01
    2946   9.7378525457E-01
    2947   9.7017404568E-01
    2948   9.6742388173E-01
    2949   9.6533234776E-01
    2950   9.6386536299E-01
    2951   9.6302062076E-01
    2952   9.6267182741E-01
    2953   9.6265648668E-01
    2954   9.6264804612E-01
    2955   9.6321183990E-01
    2956   9.6397535706E-01
    2957   9.6500728304E-01
    2958   9.6657995255E-01
    2959   9.6885432231E-01
    2960   9.7192862497E-01
    2961   9.7579222566E-01
    2962   9.8030717762E-01
    2963   9.8523310061E-01
    2964   9.9029521000E-01
    2965   9.9526727519E-01
    2966   9.9994487952E-01
    2967   1.0042881791E+00
    2968   1.0082902256E+00
    2969   1.0118758607E+00
    2970   1.0149815522E+00
    2971   1.0174981375E+00
    2972   1.0192838845E+00
    2973   1.0201897536E+00
    2974   1.0200719435E+00
    2975   1.0188146117E+00
    2976   1.0163550697E+00
    2977   1.0127068790E+00
    2978   1.0079759992E+00
    2979   1.0023691631E+00
    2980   9.9619839551E-01
    2981   9.8986987702E-01
    2982   9.8383912598E-01
    2983   9.7854205349E-01
    2984   9.7432575649E-01
    2985   9.7140768098E-01
    2986   9.6987431372E-01
    2987   9.6961047359E-01
    2988   9.7067559838E-01
    2989   9.7295927471E-01
    2990   9.7588481648E-01
    2991   9.7928962646E-01
    2992   9.8285994304E-01
    2993   9.8629151550E-01
    2994   9.8930892947E-01
    2995   9.9167962954E-01
    2996   9.9323599123E-01
    2997   9.9390759541E-01
    2998   9.9375013930E-01
    2999   9.9294028252E-01
    3000   9.9172246425E-01
    3001   9.9033143276E-01
    3002   9.8893478941E-01
    3003   9.8762428869E-01
    3004   9.8644940454E-01
    3005   9.8543302624E-01
    3006   9.8468981996E-01
    3007   9.8431860566E-01
    3008   9.8430746786E-01
    3009   9.8470838386E-01
    3010   9.8549642288E-01
    3011   9.8658725240E-01
    3012   9.8782265785E-01
    3013   9.8897158395E-01
    3014   9.8976316517E-01
    3015   9.8995339534E-01
    3016   9.8939293485E-01
    3017   9.8805500748E-01
    3018   9.8600746256E-01
    3019   9.8336069892E-01
    3020   9.8023561565E-01
    3021   9.7675428066E-01
    3022   9.7300930996E-01
    3023   9.6964602102E-01
    3024   9.6672911961E-01
    3025   9.6462228635E-01
    3026   9.6362365038E-01
    3027   9.6391454202E-01
    3028   9.6556107057E-01
    3029   9.6839907543E-01
    3030   9.7243283633E-01
    3031   9.7719165858E-01
    3032   9.8192827557E-01
    3033   9.8625571585E-01
    3034   9.8976219096E-01
    3035   9.9222875019E-01
    3036   9.9363352423E-01
    3037   9.9408241418E-01
    3038   9.9372636477E-01
    3039   9.9271870495E-01
    3040   9.9120630192E-01
    3041   9.8933123467E-01
    3042   9.8722758780E-01
    3043   9.8500920934E-01
    3044   9.8277067736E-01
    3045   9.8060882985E-01
    3046   9.7863474696E-01
    3047   9.7695804660E-01
    3048   9.7558410056E-01
    3049   9.7484575151E-01
    3050   9.7454566834E-01
    3051   9.7465754949E-01
    3052   9.7521606301E-01
    3053   9.7622388307E-01
    3054   9.7764585639E-01
    3055   9.7935694940E-01
    3056   9.8112894042E-01
    3057   9.8266958402E-01
    3058   9.8368927079E-01
    3059   9.8394371572E-01
    3060   9.8331944747E-01
    3061   9.8188855513E-01
    3062   9.7966606145E-01
    3063   9.7693024473E-01
    3064   9.7401124678E-01
    3065   9.7126108235E-01
    3066   9.6897365493E-01
    3067   9.6732661806E-01
    3068   9.6633227582E-01
    3069   9.6583483538E-01
    3070   9.6625018299E-01
    3071   9.6689879773E-01
    3072   9.6773469848E-01
    3073   9.6862999021E-01
    3074   9.6943258244E-01
    3075   9.7002313538E-01
    3076   9.7030068339E-01
    3077   9.7018103448E-01
    3078   9.7007865041E-01
    3079   9.6969449387E-01
    3080   9.6929640520E-01
    3081   9.6914583559E-01
    3082   9.6952882862E-01
    3083   9.7071822296E-01
    3084   9.7290308100E-01
    3085   9.7613880677E-01
    3086   9.8030793583E-01
    3087   9.8525891613E-01
    3088   9.9065468827E-01
    3089   9.9605221425E-01
    3090   1.0011013088E+00
    3091   1.0053876887E+00
    3092   1.0085530551E+00
    3093   1.0103867608E+00
    3094   1.0108099019E+00
    3095   1.0099130455E+00
    3096   1.0079429922E+00
    3097   1.0051480347E+00
    3098   1.0018228443E+00
    3099   9.9826576613E-01
    3100   9.9472463264E-01
    3101   9.9134081010E-01
    3102   9.8812437691E-01
    3103   9.8496635826E-01
    3104   9.8190851856E-01
    3105   9.7887739528E-01
    3106   9.7596879181E-01
    3107   9.7334087635E-01
    3108   9.7115289699E-01
    3109   9.6953604658E-01
    3110   9.6857613398E-01
    3111   9.6830014267E-01
    3112   9.6852135545E-01
    3113   9.6939610817E-01
    3114   9.7056533142E-01
    3115   9.7154110185E-01
    3116   9.7219115814E-01
    3117   9.7237834586E-01
    3118   9.7208247247E-01
    3119   9.7136395453E-01
    3120   9.7027624795E-01
    3121   9.6889140448E-01
    3122   9.6778532746E-01
    3123   9.6673532011E-01
    3124   9.6605393578E-01
    3125   9.6588086889E-01
    3126   9.6620980538E-01
    3127   9.6691234199E-01
    3128   9.6765844546E-01
    3129   9.6854437958E-01
    3130   9.6933986265E-01
    3131   9.6970862077E-01
    3132   9.6972294425E-01
    3133   9.6939238678E-01
    3134   9.6880689424E-01
    3135   9.6813027465E-01
    3136   9.6754162399E-01
    3137   9.6706719005E-01
    3138   9.6730856734E-01
    3139   9.6784661250E-01
    3140   9.6866779550E-01
    3141   9.6974089436E-01
    3142   9.7094539338E-01
    3143   9.7212289424E-01
    3144   9.7309371993E-01
    3145   9.7364068530E-01
    3146   9.7387330506E-01
    3147   9.7400166665E-01
    3148   9.7412920895E-01
    3149   9.7474246036E-01
    3150   9.7622488101E-01
    3151   9.7889363757E-01
    3152   9.8296571086E-01
    3153   9.8852102957E-01
    3154   9.9545816950E-01
    3155   1.0034532225E+00
    3156   1.0119641041E+00
    3157   1.0203015975E+00
    3158   1.0277520167E+00
    3159   1.0336852173E+00
    3160   1.0376170789E+00
    3161   1.0394123477E+00
    3162   1.0385491548E+00
    3163   1.0351836819E+00
    3164   1.0301058639E+00
    3165   1.0236541922E+00
    3166   1.0163773540E+00
    3167   1.0087553846E+00
    3168   1.0011818628E+00
    3169   9.9398865515E-01
    3170   9.8745346429E-01
    3171   9.8177970839E-01
    3172   9.7707750001E-01
    3173   9.7337697231E-01
    3174   9.7067055659E-01
    3175   9.6889202541E-01
    3176   9.6799720400E-01
    3177   9.6832123290E-01
    3178   9.6920441867E-01
    3179   9.7052361279E-01
    3180   9.7202600904E-01
    3181   9.7350545742E-01
    3182   9.7485507038E-01
    3183   9.7604493632E-01
    3184   9.7703096005E-01
    3185   9.7787203462E-01
    3186   9.7868058326E-01
    3187   9.7930903341E-01
    3188   9.7989686488E-01
    3189   9.8046603084E-01
    3190   9.8095843748E-01
    3191   9.8125850850E-01
    3192   9.8126879429E-01
    3193   9.8097356350E-01
    3194   9.8044483122E-01
    3195   9.7978412907E-01
    3196   9.7904805293E-01
    3197   9.7819691594E-01
    3198   9.7748594336E-01
    3199   9.7681148555E-01
    3200   9.7632619773E-01
    3201   9.7617017865E-01
    3202   9.7638521686E-01
    3203   9.7692096506E-01
    3204   9.7767477253E-01
    3205   9.7853900931E-01
    3206   9.7941354425E-01
    3207   9.8017876135E-01
    3208   9.8067322283E-01
    3209   9.8066698466E-01
    3210   9.8019173925E-01
    3211   9.7921850100E-01
    3212   9.7788411430E-01
    3213   9.7648497218E-01
    3214   9.7528737650E-01
    3215   9.7450868635E-01
    3216   9.7430518880E-01
    3217   9.7477173202E-01
    3218   9.7593287178E-01
    3219   9.7772420590E-01
    3220   9.7995727980E-01
    3221   9.8259560915E-01
    3222   9.8528275849E-01
    3223   9.8791643940E-01
    3224   9.9046763916E-01
    3225   9.9291257678E-01
    3226   9.9520290688E-01
    3227   9.9723977009E-01
    3228   9.9889352043E-01
    3229   1.0000542650E+00
    3230   1.0006745572E+00
    3231   1.0007795119E+00
    3232   1.0004352730E+00
    3233   9.9970765171E-01
    3234   9.9864257250E-01
    3235   9.9728342525E-01
    3236   9.9570991706E-01
    3237   9.9406875596E-01
    3238   9.9256039511E-01
    3239   9.9138907638E-01
    3240   9.9070477946E-01
    3241   9.9056905394E-01
    3242   9.9095369594E-01
    3243   9.9176057933E-01
    3244   9.9283204336E-01
    3245   9.9396602070E-01
    3246   9.9496022857E-01
    3247   9.9569253116E-01
    3248   9.9619733003E-01
    3249   9.9666865431E-01
    3250   9.9734528239E-01
    3251   9.9834770639E-01
    3252   9.9957357148E-01
    3253   1.0007263078E+00
    3254   1.0014562327E+00
    3255   1.0015066832E+00
    3256   1.0007491596E+00
    3257   9.9912904836E-01
    3258   9.9661138028E-01
    3259   9.9320623975E-01
    3260   9.8905013046E-01
    3261   9.8444360859E-01
    3262   9.7975941361E-01
    3263   9.7524573408E-01
    3264   9.7147204392E-01
    3265   9.6839079742E-01
    3266   9.6617361292E-01
    3267   9.6503240697E-01
    3268   9.6510415275E-01
    3269   9.6637574628E-01
    3270   9.6859619234E-01
    3271   9.7148261066E-01
    3272   9.7497973010E-01
    3273   9.7852466099E-01
    3274   9.8218575815E-01
    3275   9.8584849088E-01
    3276   9.8925346664E-01
    3277   9.9205908405E-01
    3278   9.9400457064E-01
    3279   9.9503606826E-01
    3280   9.9528538620E-01
    3281   9.9494650050E-01
    3282   9.9418666063E-01
    3283   9.9317972079E-01
    3284   9.9219349006E-01
    3285   9.9159364583E-01
    3286   9.9171802204E-01
    3287   9.9271756601E-01
    3288   9.9450451780E-01
    3289   9.9686328606E-01
    3290   9.9962460026E-01
    3291   1.0027455100E+00
    3292   1.0062247430E+00
    3293   1.0099499791E+00
    3294   1.0136454886E+00
    3295   1.0169868437E+00
    3296   1.0197681074E+00
    3297   1.0219544749E+00
    3298   1.0235675973E+00
    3299   1.0245356111E+00
    3300   1.0246722066E+00
    3301   1.0238605756E+00
    3302   1.0218949325E+00
    3303   1.0189185566E+00
    3304   1.0151402508E+00
    3305   1.0105197002E+00
    3306   1.0050736977E+00
    3307   9.9895238762E-01
    3308   9.9251224668E-01
    3309   9.8623949541E-01
    3310   9.8059012993E-01
    3311   9.7583974736E-01
    3312   9.7218604266E-01
    3313   9.7011872689E-01
    3314   9.6943679548E-01
    3315   9.7027027688E-01
    3316   9.7250008929E-01
    3317   9.7578902494E-01
    3318   9.7964667244E-01
    3319   9.8355217721E-01
    3320   9.8706737609E-01
    3321   9.8988154248E-01
    3322   9.9179489079E-01
    3323   9.9270692007E-01
    3324   9.9264191714E-01
    3325   9.9176898526E-01
    3326   9.9035662874E-01
    3327   9.8864932145E-01
    3328   9.8688378847E-01
    3329   9.8509392786E-01
    3330   9.8331654995E-01
    3331   9.8165328410E-01
    3332   9.8027227554E-01
    3333   9.7936473708E-01
    3334   9.7907120181E-01
    3335   9.7943933233E-01
    3336   9.8042584325E-01
    3337   9.8191267471E-01
    3338   9.8372151165E-01
    3339   9.8563069515E-01
    3340   9.8741494468E-01
    3341   9.8891142199E-01
    3342   9.9006653715E-01
    3343   9.9098196314E-01
    3344   9.9177077859E-01
    3345   9.9252862945E-01
    3346   9.9333458035E-01
    3347   9.9424750992E-01
    3348   9.9535290953E-01
    3349   9.9675123864E-01
    3350   9.9850999851E-01
    3351   1.0006260444E+00
    3352   1.0030351857E+00
    3353   1.0056502651E+00
    3354   1.0083806032E+00
    3355   1.0111099033E+00
    3356   1.0136889156E+00
    3357   1.0159360345E+00
    3358   1.0176336573E+00
    3359   1.0188979656E+00
    3360   1.0198322713E+00
    3361   1.0205764511E+00
    3362   1.0211977733E+00
    3363   1.0216948153E+00
    3364   1.0220755591E+00
    3365   1.0224048284E+00
    3366   1.0227603305E+00
    3367   1.0231405574E+00
    3368   1.0235044578E+00
    3369   1.0235610903E+00
    3370   1.0232478338E+00
    3371   1.0227295991E+00
    3372   1.0219864297E+00
    3373   1.0209749391E+00
    3374   1.0195651346E+00
    3375   1.0176429335E+00
    3376   1.0152082797E+00
    3377   1.0123605518E+00
    3378   1.0091914805E+00
    3379   1.0057148596E+00
    3380   1.0019219951E+00
    3381   9.9790114497E-01
    3382   9.9389151243E-01
    3383   9.9019492507E-01
    3384   9.8701763826E-01
    3385   9.8439125596E-01
    3386   9.8223313973E-01
    3387   9.8047402247E-01
    3388   9.7913781582E-01
    3389   9.7830000818E-01
    3390   9.7797930011E-01
    3391   9.7807474918E-01
    3392   9.7837490313E-01
    3393   9.7871697005E-01
    3394   9.7914208202E-01
    3395   9.7937117049E-01
    3396   9.7934199525E-01
    3397   9.7886916360E-01
    3398   9.7780934593E-01
    3399   9.7619992966E-01
    3400   9.7430135075E-01
    3401   9.7249487478E-01
    3402   9.7111731390E-01
    3403   9.7023116875E-01
    3404   9.7027752333E-01
    3405   9.7108132890E-01
    3406   9.7256715496E-01
    3407   9.7478401136E-01
    3408   9.7757930061E-01
    3409   9.8066201067E-01
    3410   9.8369810660E-01
    3411   9.8645892060E-01
    3412   9.8890869787E-01
    3413   9.9115951841E-01
    3414   9.9334761839E-01
    3415   9.9554789850E-01
    3416   9.9779932968E-01
    3417   1.0001914456E+00
    3418   1.0028989003E+00
    3419   1.0061017856E+00
    3420   1.0098556092E+00
    3421   1.0140243723E+00
    3422   1.0183440747E+00
    3423   1.0225573983E+00
    3424   1.0264940369E+00
    3425   1.0300324934E+00
    3426   1.0330043341E+00
    3427   1.0352003589E+00
    3428   1.0364605726E+00
    3429   1.0360588999E+00
    3430   1.0345766027E+00
    3431   1.0320088871E+00
    3432   1.0284678208E+00
    3433   1.0241256215E+00
    3434   1.0192291492E+00
    3435   1.0141206544E+00
    3436   1.0091631802E+00
    3437   1.0046079635E+00
    3438   1.0005137642E+00
    3439   9.9678908536E-01
    3440   9.9332047340E-01
    3441   9.9008263365E-01
    3442   9.8715136288E-01
    3443   9.8463787274E-01
    3444   9.8262941593E-01
    3445   9.8120171100E-01
    3446   9.8048171458E-01
    3447   9.8068977941E-01
    3448   9.8209990242E-01
    3449   9.8493285219E-01
    3450   9.8925078915E-01
    3451   9.9492034363E-01
    3452   1.0016530675E+00
    3453   1.0090731109E+00
    3454   1.0167497292E+00
    3455   1.0241894975E+00
    3456   1.0308437875E+00
    3457   1.0361937042E+00
    3458   1.0399000902E+00
    3459   1.0421105295E+00
    3460   1.0421823155E+00
    3461   1.0408715688E+00
    3462   1.0384654235E+00
    3463   1.0350848912E+00
    3464   1.0310406676E+00
    3465   1.0267326281E+00
    3466   1.0225705263E+00
    3467   1.0189040490E+00
    3468   1.0158130973E+00
    3469   1.0134591712E+00
    3470   1.0119212475E+00
    3471   1.0111899166E+00
    3472   1.0112115234E+00
    3473   1.0118036512E+00
    3474   1.0126769886E+00
    3475   1.0135266468E+00
    3476   1.0141260788E+00
    3477   1.0143689918E+00
    3478   1.0142521048E+00
    3479   1.0138492400E+00
    3480   1.0133057561E+00
    3481   1.0128293145E+00
    3482   1.0126349217E+00
    3483   1.0128558045E+00
    3484   1.0134750622E+00
    3485   1.0143525396E+00
    3486   1.0153052020E+00
    3487   1.0161000387E+00
    3488   1.0167873506E+00
    3489   1.0173478765E+00
    3490   1.0177905267E+00
    3491   1.0181211981E+00
    3492   1.0183594500E+00
    3493   1.0185495453E+00
    3494   1.0187423548E+00
    3495   1.0189782889E+00
    3496   1.0193033112E+00
    3497   1.0198041483E+00
    3498   1.0206456898E+00
    3499   1.0218942660E+00
    3500   1.0233761189E+00
    3501   1.0250487066E+00
    3502   1.0265562247E+00
    3503   1.0276795271E+00
    3504   1.0283728331E+00
    3505   1.0287315012E+00
    3506   1.0288951570E+00
    3507   1.0290365561E+00
    3508   1.0292255932E+00
    3509   1.0293115491E+00
    3510   1.0297135341E+00
    3511   1.0302852123E+00
    3512   1.0308781949E+00
    3513   1.0313065792E+00
    3514   1.0314505228E+00
    3515   1.0312885747E+00
    3516   1.0309261034E+00
    3517   1.0300432934E+00
    3518   1.0284896930E+00
    3519   1.0264150836E+00
    3520   1.0238387981E+00
    3521   1.0211096071E+00
    3522   1.0186319427E+00
    3523   1.0166916326E+00
    3524   1.0154084847E+00
    3525   1.0148115735E+00
    3526   1.0149200587E+00
    3527   1.0157287833E+00
    3528   1.0171579885E+00
    3529   1.0188795001E+00
    3530   1.0204957568E+00
    3531   1.0218512450E+00
    3532   1.0228218947E+00
    3533   1.0234227114E+00
    3534   1.0236344629E+00
    3535   1.0233658511E+00
    3536   1.0225622039E+00
    3537   1.0213424776E+00
    3538   1.0200059694E+00
    3539   1.0189254842E+00
    3540   1.0181503282E+00
    3541   1.0177368708E+00
    3542   1.0176051555E+00
    3543   1.0176563451E+00
    3544   1.0178802219E+00
    3545   1.0182375742E+00
    3546   1.0185953270E+00
    3547   1.0187825366E+00
    3548   1.0187210404E+00
    3549   1.0184958823E+00
    3550   1.0182774778E+00
    3551   1.0181639507E+00
    3552   1.0181166155E+00
    3553   1.0179525647E+00
    3554   1.0174586076E+00
    3555   1.0167576190E+00
    3556   1.0158644673E+00
    3557   1.0148332905E+00
    3558   1.0137020917E+00
    3559   1.0125606685E+00
    3560   1.0116014944E+00
    3561   1.0110602860E+00
    3562   1.0110638389E+00
    3563   1.0115099369E+00
    3564   1.0120887188E+00
    3565   1.0124396035E+00
    3566   1.0123270399E+00
    3567   1.0117174821E+00
    3568   1.0107338742E+00
    3569   1.0095603293E+00
    3570   1.0083823770E+00
    3571   1.0073748704E+00
    3572   1.0066893893E+00
    3573   1.0064097064E+00
    3574   1.0065037560E+00
    3575   1.0068226164E+00
    3576   1.0071721773E+00
    3577   1.0073970924E+00
    3578   1.0074113935E+00
    3579   1.0072273273E+00
    3580   1.0068231962E+00
    3581   1.0061539442E+00
    3582   1.0051757066E+00
    3583   1.0038988058E+00
    3584   1.0024091713E+00
    3585   1.0008445594E+00
    3586   9.9935837141E-01
    3587   9.9809986175E-01
    3588   9.9722063815E-01
    3589   9.9687845704E-01
    3590   9.9721303966E-01
    3591   9.9830223240E-01
    3592   1.0001307485E+00
    3593   1.0025893568E+00
    3594   1.0055058830E+00
    3595   1.0086826877E+00
    3596   1.0119211091E+00
    3597   1.0150329576E+00
    3598   1.0178541017E+00
    3599   1.0202588090E+00
    3600   1.0221671723E+00
    3601   1.0235299541E+00
    3602   1.0243002935E+00
    3603   1.0244187814E+00
    3604   1.0238521897E+00
    3605   1.0226456972E+00
    3606   1.0206772877E+00
    3607   1.0183303662E+00
    3608   1.0157027673E+00
    3609   1.0128859088E+00
    3610   1.0099494907E+00
    3611   1.0069566837E+00
    3612   1.0039957880E+00
    3613   1.0011899751E+00
    3614   9.9868416269E-01
    3615   9.9662820558E-01
    3616   9.9516852117E-01
    3617   9.9444066262E-01
    3618   9.9455161051E-01
    3619   9.9555694669E-01
    3620   9.9744349963E-01
    3621   1.0001334148E+00
    3622   1.0035102562E+00
    3623   1.0074390337E+00
    3624   1.0117552568E+00
    3625   1.0162280053E+00
    3626   1.0205355004E+00
    3627   1.0242941342E+00
    3628   1.0271428373E+00
    3629   1.0288407106E+00
    3630   1.0293895438E+00
    3631   1.0284134978E+00
    3632   1.0263005879E+00
    3633   1.0231842647E+00
    3634   1.0192205951E+00
    3635   1.0146997217E+00
    3636   1.0099622588E+00
    3637   1.0053352110E+00
    3638   1.0010804653E+00
    3639   9.9739049729E-01
    3640   9.9441424283E-01
    3641   9.9227401349E-01
    3642   9.9104223867E-01
    3643   9.9070319906E-01
    3644   9.9113551880E-01
    3645   9.9214556136E-01
    3646   9.9352880287E-01
    3647   9.9511399642E-01
    3648   9.9675543916E-01
    3649   9.9830673137E-01
    3650   9.9962276026E-01
    3651   1.0006197416E+00
    3652   1.0013507207E+00
    3653   1.0020244079E+00
    3654   1.0029265303E+00
    3655   1.0042935132E+00
    3656   1.0062185455E+00
    3657   1.0086464471E+00
    3658   1.0114303466E+00
    3659   1.0143839894E+00
    3660   1.0172863422E+00
    3661   1.0198717753E+00
    3662   1.0218593181E+00
    3663   1.0230408674E+00
    3664   1.0233788467E+00
    3665   1.0230428625E+00
    3666   1.0219930835E+00
    3667   1.0206127195E+00
    3668   1.0189344619E+00
    3669   1.0169495192E+00
    3670   1.0146683956E+00
    3671   1.0121062019E+00
    3672   1.0092461952E+00
    3673   1.0060253839E+00
    3674   1.0023879748E+00
    3675   9.9837957448E-01
    3676   9.9420005050E-01
    3677   9.9016282793E-01
    3678   9.8658981098E-01
    3679   9.8372380225E-01
    3680   9.8170709643E-01
    3681   9.8061147953E-01
    3682   9.8046789027E-01
    3683   9.8126064891E-01
    3684   9.8288640794E-01
    3685   9.8533956210E-01
    3686   9.8835315915E-01
    3687   9.9184764332E-01
    3688   9.9582977933E-01
    3689   1.0003280507E+00
    3690   1.0053354420E+00
    3691   1.0107476325E+00
    3692   1.0163686762E+00
    3693   1.0219902787E+00
    3694   1.0270094098E+00
    3695   1.0311721442E+00
    3696   1.0340315053E+00
    3697   1.0351738831E+00
    3698   1.0343519039E+00
    3699   1.0315579005E+00
    3700   1.0270294207E+00
    3701   1.0211724233E+00
    3702   1.0144712970E+00
    3703   1.0073903410E+00
    3704   1.0004498169E+00
    3705   9.9407843656E-01
    3706   9.8860109751E-01
    3707   9.8431762559E-01
    3708   9.8130440319E-01
    3709   9.7955657831E-01
    3710   9.7898643821E-01
    3711   9.7944869995E-01
    3712   9.8074972608E-01
    3713   9.8265729038E-01
    3714   9.8493521810E-01
    3715   9.8739099844E-01
    3716   9.8990850323E-01
    3717   9.9243312118E-01
    3718   9.9492350819E-01
    3719   9.9729809535E-01
    3720   9.9942359536E-01
    3721   1.0011466141E+00
    3722   1.0023432481E+00
    3723   1.0029455603E+00
    3724   1.0029412731E+00
    3725   1.0023578305E+00
    3726   1.0012577841E+00
    3727   9.9973914673E-01
    3728   9.9792622293E-01
    3729   9.9593791446E-01
    3730   9.9385534985E-01
    3731   9.9170874763E-01
    3732   9.8949918663E-01
    3733   9.8723478395E-01
    3734   9.8495599902E-01
    3735   9.8273287975E-01
    3736   9.8059364722E-01
    3737   9.7882528776E-01
    3738   9.7750223709E-01
    3739   9.7677672427E-01
    3740   9.7687376837E-01
    3741   9.7793912019E-01
    3742   9.8001100137E-01
    3743   9.8299134250E-01
    3744   9.8666855285E-01
    3745   9.9077488946E-01
    3746   9.9503942763E-01
    3747   9.9921300326E-01
    3748   1.0030593341E+00
    3749   1.0063469316E+00
    3750   1.0088672613E+00
    3751   1.0104762413E+00
    3752   1.0111282305E+00
    3753   1.0108832743E+00
    3754   1.0098892873E+00
    3755   1.0083610856E+00
    3756   1.0065661569E+00
    3757   1.0048031330E+00
    3758   1.0033547251E+00
    3759   1.0024214487E+00
    3760   1.0020720767E+00
    3761   1.0022401312E+00
    3762   1.0027775221E+00
    3763   1.0035308240E+00
    3764   1.0043912462E+00
    3765   1.0052937940E+00
    3766   1.0061837976E+00
    3767   1.0069831813E+00
    3768   1.0075889968E+00
    3769   1.0078940511E+00
    3770   1.0078008557E+00
    3771   1.0072161917E+00
    3772   1.0060423969E+00
    3773   1.0041869637E+00
    3774   1.0016047802E+00
    3775   9.9834614730E-01
    3776   9.9457110709E-01
    3777   9.9052242510E-01
    3778   9.8647596006E-01
    3779   9.8270108712E-01
    3780   9.7944965637E-01
    3781   9.7695626229E-01
    3782   9.7542233089E-01
    3783   9.7498342103E-01
    3784   9.7567163866E-01
    3785   9.7740297252E-01
    3786   9.8000718922E-01
    3787   9.8327008902E-01
    3788   9.8706237090E-01
    3789   9.9123910667E-01
    3790   9.9562615854E-01
    3791   1.0001524924E+00
    3792   1.0046896139E+00
    3793   1.0090952418E+00
    3794   1.0132481934E+00
    3795   1.0168680966E+00
    3796   1.0197116346E+00
    3797   1.0215275955E+00
    3798   1.0220650843E+00
    3799   1.0212120459E+00
    3800   1.0190138983E+00
    3801   1.0156431585E+00
    3802   1.0113355527E+00
    3803   1.0063465267E+00
    3804   1.0009520413E+00
    3805   9.9546942113E-01
    3806   9.9025347713E-01
    3807   9.8565923983E-01
    3808   9.8198803148E-01
    3809   9.7945074579E-01
    3810   9.7816506355E-01
    3811   9.7816681582E-01
    3812   9.7940682302E-01
    3813   9.8173068011E-01
    3814   9.8484547791E-01
    3815   9.8844813350E-01
    3816   9.9199777378E-01
    3817   9.9512477205E-01
    3818   9.9755035062E-01
    3819   9.9910085593E-01
    3820   9.9970762708E-01
    3821   9.9939408005E-01
    3822   9.9827836734E-01
    3823   9.9657306329E-01
    3824   9.9454946957E-01
    3825   9.9246967313E-01
    3826   9.9051629763E-01
    3827   9.8876482851E-01
    3828   9.8721462705E-01
    3829   9.8584863617E-01
    3830   9.8467869013E-01
    3831   9.8375852575E-01
    3832   9.8316802938E-01
    3833   9.8299080176E-01
    3834   9.8330392095E-01
    3835   9.8416578963E-01
    3836   9.8559102012E-01
    3837   9.8751477979E-01
    3838   9.8976276375E-01
    3839   9.9207796430E-01
    3840   9.9416458527E-01
    3841   9.9573517975E-01
    3842   9.9664322374E-01
    3843   9.9683768706E-01
    3844   9.9636213549E-01
    3845   9.9533195723E-01
    3846   9.9392235317E-01
    3847   9.9234782715E-01
    3848   9.9082429166E-01
    3849   9.8951950480E-01
    3850   9.8852029076E-01
    3851   9.8783339380E-01
    3852   9.8742236468E-01
    3853   9.8724330703E-01
    3854   9.8725512401E-01
    3855   9.8740244717E-01
    3856   9.8759851841E-01
    3857   9.8772879596E-01
    3858   9.8768207713E-01
    3859   9.8738190563E-01
    3860   9.8679787216E-01
    3861   9.8593678890E-01
    3862   9.8483908952E-01
    3863   9.8357767539E-01
    3864   9.8227337048E-01
    3865   9.8127851146E-01
    3866   9.8068154348E-01
    3867   9.8067767986E-01
    3868   9.8133920215E-01
    3869   9.8262403925E-01
    3870   9.8441640605E-01
    3871   9.8656581626E-01
    3872   9.8890759437E-01
    3873   9.9126706490E-01
    3874   9.9347605297E-01
    3875   9.9540328009E-01
    3876   9.9698976929E-01
    3877   9.9825615270E-01
    3878   9.9926780941E-01
    3879   1.0000860065E+00
    3880   1.0007503002E+00
    3881   1.0012974854E+00
    3882   1.0017988054E+00
    3883   1.0023703908E+00
    3884   1.0031389685E+00
    3885   1.0041918660E+00
    3886   1.0055557202E+00
    3887   1.0072054884E+00
    3888   1.0090873013E+00
    3889   1.0111172989E+00
    3890   1.0131560639E+00
    3891   1.0149990393E+00
    3892   1.0164196146E+00
    3893   1.0172450673E+00
    3894   1.0174180540E+00
    3895   1.0169886845E+00
    3896   1.0160547910E+00
    3897   1.0146912877E+00
    3898   1.0128497926E+00
    3899   1.0106757334E+00
    3900   1.0082282374E+00
    3901   1.0056356215E+00
    3902   1.0030479187E+00
    3903   1.0006094253E+00
    3904   9.9846688852E-01
    3905   9.9678195297E-01
    3906   9.9571865955E-01
    3907   9.9539294261E-01
    3908   9.9581585687E-01
    3909   9.9686922555E-01
    3910   9.9833122618E-01
    3911   9.9992525628E-01
    3912   1.0013648837E+00
    3913   1.0023815693E+00
    3914   1.0027556198E+00
    3915   1.0023659079E+00
    3916   1.0012435218E+00
    3917   9.9957977951E-01
    3918   9.9766965740E-01
    3919   9.9581338018E-01
    3920   9.9423754515E-01
    3921   9.9307561869E-01
    3922   9.9240246574E-01
    3923   9.9226614266E-01
    3924   9.9270487030E-01
    3925   9.9372564072E-01
    3926   9.9523071616E-01
    3927   9.9710321283E-01
    3928   9.9919516062E-01
    3929   1.0013546440E+00
    3930   1.0034249360E+00
    3931   1.0052361495E+00
    3932   1.0066177329E+00
    3933   1.0074337216E+00
    3934   1.0075927777E+00
    3935   1.0071361509E+00
    3936   1.0061315718E+00
    3937   1.0046847382E+00
    3938   1.0029339246E+00
    3939   1.0010565839E+00
    3940   9.9925304683E-01
    3941   9.9768703395E-01
    3942   9.9642142437E-01
    3943   9.9539548699E-01
    3944   9.9446186315E-01
    3945   9.9345860054E-01
    3946   9.9226031260E-01
    3947   9.9078535262E-01
    3948   9.8904274487E-01
    3949   9.8702374920E-01
    3950   9.8483780011E-01
    3951   9.8268322500E-01
    3952   9.8081101898E-01
    3953   9.7944000489E-01
    3954   9.7868264961E-01
    3955   9.7852717993E-01
    3956   9.7887689634E-01
    3957   9.7960535581E-01
    3958   9.8057738049E-01
    3959   9.8163110802E-01
    3960   9.8257044860E-01
    3961   9.8320320387E-01
    3962   9.8337741948E-01
    3963   9.8322348266E-01
    3964   9.8284386359E-01
    3965   9.8238527792E-01
    3966   9.8200144308E-01
    3967   9.8175556514E-01
    3968   9.8169245813E-01
    3969   9.8188303723E-01
    3970   9.8240669947E-01
    3971   9.8328930308E-01
    3972   9.8446236818E-01
    3973   9.8579349040E-01
    3974   9.8717074801E-01
    3975   9.8856513453E-01
    3976   9.9000435893E-01
    3977   9.9148640427E-01
    3978   9.9291758951E-01
    3979   9.9417799557E-01
    3980   9.9518585952E-01
    3981   9.9602126380E-01
    3982   9.9689072923E-01
    3983   9.9800151307E-01
    3984   9.9946858600E-01
    3985   1.0013066336E+00
    3986   1.0034931819E+00
    3987   1.0060072814E+00
    3988   1.0087940080E+00
    3989   1.0116496751E+00
    3990   1.0141693898E+00
    3991   1.0159895397E+00
    3992   1.0168225070E+00
    3993   1.0166185079E+00
    3994   1.0155041862E+00
    3995   1.0136594045E+00
    3996   1.0112534583E+00
    3997   1.0084861326E+00
    3998   1.0056572644E+00
    3999   1.0031447264E+00
    4000   1.0012703639E+00
    4001   1.0001602997E+00
    4002   9.9971343727E-01
    4003   9.9969634413E-01
    4004   9.9987841494E-01
    4005   1.0000883131E+00
    4006   1.0001697845E+00
    4007   9.9992590741E-01
    4008   9.9914700484E-01
    4009   9.9772558528E-01
    4010   9.9576146962E-01
    4011   9.9354392539E-01
    4012   9.9141468091E-01
    4013   9.8962644817E-01
    4014   9.8830018774E-01
    4015   9.8748473997E-01
    4016   9.8723310256E-01
    4017   9.8760189864E-01
    4018   9.8857405848E-01
    4019   9.8999488174E-01
    4020   9.9160334065E-01
    4021   9.9315695902E-01
    4022   9.9455988752E-01
    4023   9.9588543257E-01
    4024   9.9728282780E-01
    4025   9.9885960612E-01
    4026   1.0006349844E+00
    4027   1.0025807141E+00
    4028   1.0046778763E+00
    4029   1.0069020571E+00
    4030   1.0091473818E+00
    4031   1.0111759585E+00
    4032   1.0126723656E+00
    4033   1.0133831891E+00
    4034   1.0132342106E+00
    4035   1.0123278044E+00
    4036   1.0108381317E+00
    4037   1.0089082330E+00
    4038   1.0066333463E+00
    4039   1.0041132527E+00
    4040   1.0014894633E+00
    4041   9.9890965123E-01
    4042   9.9645159136E-01
    4043   9.9409759462E-01
    4044   9.9179969452E-01
    4045   9.8958578939E-01
    4046   9.8761380523E-01
    4047   9.8611851979E-01
    4048   9.8529519817E-01
    4049   9.8521615710E-01
    4050   9.8583933046E-01
    4051   9.8708361872E-01
    4052   9.8888980506E-01
    4053   9.9128299518E-01
    4054   9.9414299053E-01
    4055   9.9729992193E-01
    4056   1.0005022764E+00
    4057   1.0034842109E+00
    4058   1.0060569254E+00
    4059   1.0081266005E+00
    4060   1.0096237719E+00
    4061   1.0104562792E+00
    4062   1.0106336234E+00
    4063   1.0102291025E+00
    4064   1.0094665141E+00
    4065   1.0086469092E+00
    4066   1.0080342302E+00
    4067   1.0077873287E+00
    4068   1.0079799217E+00
    4069   1.0086657069E+00
    4070   1.0099042003E+00
    4071   1.0117000098E+00
    4072   1.0139192522E+00
    4073   1.0162787792E+00
    4074   1.0184464633E+00
    4075   1.0201862370E+00
    4076   1.0214299323E+00
    4077   1.0222293256E+00
    4078   1.0226612704E+00
    4079   1.0224518925E+00
    4080   1.0217572494E+00
    4081   1.0205628949E+00
    4082   1.0189903115E+00
    4083   1.0172248116E+00
    4084   1.0154035783E+00
    4085   1.0135860810E+00
    4086   1.0118027057E+00
    4087   1.0101139511E+00
    4088   1.0086058017E+00
    4089   1.0073279482E+00
    4090   1.0062492413E+00
    4091   1.0052923460E+00
    4092   1.0044199411E+00
    4093   1.0036840292E+00
    4094   1.0031784378E+00
    4095   1.0029304086E+00
    4096   1.0028299650E+00
    4097   1.0026676848E+00
    4098   1.0022445627E+00
    4099   1.0014556651E+00
    4100   1.0002831108E+00
    4101   9.9872880203E-01
    4102   9.9677385823E-01
    4103   9.9441892553E-01
    4104   9.9175592293E-01
    4105   9.8898749958E-01
    4106   9.8636421830E-01
    4107   9.8409658530E-01
    4108   9.8232409085E-01
    4109   9.8117033176E-01
    4110   9.8081574098E-01
    4111   9.8150419487E-01
    4112   9.8346303993E-01
    4113   9.8678658837E-01
    4114   9.9136943718E-01
    4115   9.9693842588E-01
    4116   1.0031370735E+00
    4117   1.0095826232E+00
    4118   1.0158653869E+00
    4119   1.0215344183E+00
    4120   1.0261564061E+00
    4121   1.0294598904E+00
    4122   1.0314493342E+00
    4123   1.0323792376E+00
    4124   1.0326232188E+00
    4125   1.0325496146E+00
    4126   1.0318548377E+00
    4127   1.0310881530E+00
    4128   1.0302992909E+00
    4129   1.0295959958E+00
    4130   1.0290269172E+00
    4131   1.0284822429E+00
    4132   1.0277541619E+00
    4133   1.0267305723E+00
    4134   1.0252722075E+00
    4135   1.0233506646E+00
    4136   1.0212670238E+00
    4137   1.0189402860E+00
    4138   1.0163811977E+00
    4139   1.0136597033E+00
    4140   1.0109156691E+00
    4141   1.0083063978E+00
    4142   1.0059488671E+00
    4143   1.0039212807E+00
    4144   1.0023188013E+00
    4145   1.0012887452E+00
    4146   1.0009952466E+00
    4147   1.0015328323E+00
    4148   1.0028684178E+00
    4149   1.0048666306E+00
    4150   1.0073803638E+00
    4151   1.0103224796E+00
    4152   1.0136594409E+00
    4153   1.0173374773E+00
    4154   1.0212451424E+00
    4155   1.0252679272E+00
    4156   1.0289159378E+00
    4157   1.0323140858E+00
    4158   1.0353906880E+00
    4159   1.0381091434E+00
    4160   1.0404232327E+00
    4161   1.0424637352E+00
    4162   1.0438031842E+00
    4163   1.0442058816E+00
    4164   1.0441677928E+00
    4165   1.0434090673E+00
    4166   1.0419290542E+00
    4167   1.0399740736E+00
    4168   1.0373981124E+00
    4169   1.0344586266E+00
    4170   1.0317717855E+00
    4171   1.0293026496E+00
    4172   1.0271492154E+00
    4173   1.0253657614E+00
    4174   1.0239823136E+00
    4175   1.0230024743E+00
    4176   1.0224461080E+00
    4177   1.0221148677E+00
    4178   1.0218564028E+00
    4179   1.0216280738E+00
    4180   1.0211991248E+00
    4181   1.0204534718E+00
    4182   1.0193672036E+00
    4183   1.0180134167E+00
    4184   1.0165171123E+00
    4185   1.0149862837E+00
    4186   1.0134607677E+00
    4187   1.0119121228E+00
    4188   1.0102810296E+00
    4189   1.0085173243E+00
    4190   1.0065983393E+00
    4191   1.0045346827E+00
    4192   1.0023788329E+00
    4193   1.0002437021E+00
    4194   9.9830231801E-01
    4195   9.9675313093E-01
    4196   9.9576540282E-01
    4197   9.9544698250E-01
    4198   9.9585367404E-01
    4199   9.9702606143E-01
    4200   9.9899917970E-01
    4201   1.0017642296E+00
    4202   1.0052065119E+00
    4203   1.0090821472E+00
    4204   1.0131025658E+00
    4205   1.0169282687E+00
    4206   1.0202994594E+00
    4207   1.0231598468E+00
    4208   1.0253881753E+00
    4209   1.0268854437E+00
    4210   1.0275983788E+00
    4211   1.0275929858E+00
    4212   1.0270648492E+00
    4213   1.0262806401E+00
    4214   1.0255106160E+00
    4215   1.0245882528E+00
    4216   1.0238145514E+00
    4217   1.0231338614E+00
    4218   1.0224795988E+00
    4219   1.0217538113E+00
    4220   1.0208224885E+00
    4221   1.0196064113E+00
    4222   1.0181861941E+00
    4223   1.0168273489E+00
    4224   1.0158849635E+00
    4225   1.0156563372E+00
    4226   1.0162997578E+00
    4227   1.0178567832E+00
    4228   1.0201176396E+00
    4229   1.0230793051E+00
    4230   1.0265013033E+00
    4231   1.0300206463E+00
    4232   1.0331578497E+00
    4233   1.0354170702E+00
    4234   1.0364166629E+00
    4235   1.0360897515E+00
    4236   1.0341522504E+00
    4237   1.0307484319E+00
    4238   1.0265834495E+00
    4239   1.0219947715E+00
    4240   1.0175673381E+00
    4241   1.0138133274E+00
    4242   1.0110360584E+00
    4243   1.0092950742E+00
    4244   1.0084785861E+00
    4245   1.0084147337E+00
    4246   1.0089330848E+00
    4247   1.0098576614E+00
    4248   1.0109838698E+00
    4249   1.0120960523E+00
    4250   1.0130295761E+00
    4251   1.0137259701E+00
    4252   1.0140946098E+00
    4253   1.0142254253E+00
    4254   1.0141004273E+00
    4255   1.0137220657E+00
    4256   1.0131634694E+00
    4257   1.0125730158E+00
    4258   1.0121164358E+00
    4259   1.0119040963E+00
    4260   1.0119667996E+00
    4261   1.0122874598E+00
    4262   1.0128356774E+00
    4263   1.0135581944E+00
    4264   1.0143319941E+00
    4265   1.0149523464E+00
    4266   1.0152002237E+00
    4267   1.0149545259E+00
    4268   1.0142773453E+00
    4269   1.0133115615E+00
    4270   1.0122525095E+00
    4271   1.0113167183E+00
    4272   1.0105700334E+00
    4273   1.0100703597E+00
    4274   1.0098393391E+00
    4275   1.0098205421E+00
    4276   1.0098462481E+00
    4277   1.0096777647E+00
    4278   1.0091108385E+00
    4279   1.0080709232E+00
    4280   1.0066248479E+00
    4281   1.0049139043E+00
    4282   1.0030844340E+00
    4283   1.0012829051E+00
    4284   9.9969492038E-01
    4285   9.9855684465E-01
    4286   9.9809377265E-01
    4287   9.9842053705E-01
    4288   9.9948810150E-01
    4289   1.0011247265E+00
    4290   1.0031337831E+00
    4291   1.0053668136E+00
    4292   1.0077186965E+00
    4293   1.0100742617E+00
    4294   1.0122797113E+00
    4295   1.0141766666E+00
    4296   1.0156549249E+00
    4297   1.0166573377E+00
    4298   1.0171225321E+00
    4299   1.0169356341E+00
    4300   1.0159903200E+00
    4301   1.0141512898E+00
    4302   1.0116502613E+00
    4303   1.0088682236E+00
    4304   1.0062335248E+00
    4305   1.0041642420E+00
    4306   1.0029801126E+00
    4307   1.0028984804E+00
    4308   1.0040332823E+00
    4309   1.0063591768E+00
    4310   1.0096616487E+00
    4311   1.0135395047E+00
    4312   1.0174951733E+00
    4313   1.0210737010E+00
    4314   1.0239599140E+00
    4315   1.0259832019E+00
    4316   1.0270612483E+00
    4317   1.0271626860E+00
    4318   1.0264075708E+00
    4319   1.0246868631E+00
    4320   1.0223374780E+00
    4321   1.0196493219E+00
    4322   1.0166900530E+00
    4323   1.0135341364E+00
    4324   1.0102612679E+00
    4325   1.0070128434E+00
    4326   1.0039854134E+00
    4327   1.0013734914E+00
    4328   9.9931478453E-01
    4329   9.9787716844E-01
    4330   9.9708111750E-01
    4331   9.9691800335E-01
    4332   9.9734500329E-01
    4333   9.9827490080E-01
    4334   9.9958871305E-01
    4335   1.0011766676E+00
    4336   1.0029794974E+00
    4337   1.0049885041E+00
    4338   1.0072024459E+00
    4339   1.0095779202E+00
    4340   1.0120133210E+00
    4341   1.0143758928E+00
    4342   1.0165427417E+00
    4343   1.0184168766E+00
    4344   1.0199193979E+00
    4345   1.0210073049E+00
    4346   1.0216502746E+00
    4347   1.0216790024E+00
    4348   1.0213609812E+00
    4349   1.0207162945E+00
    4350   1.0197992196E+00
    4351   1.0186480100E+00
    4352   1.0173051057E+00
    4353   1.0158513984E+00
    4354   1.0144139770E+00
    4355   1.0131455438E+00
    4356   1.0122031320E+00
    4357   1.0117370720E+00
    4358   1.0118830256E+00
    4359   1.0127364765E+00
    4360   1.0143355164E+00
    4361   1.0165141705E+00
    4362   1.0189826204E+00
    4363   1.0214717147E+00
    4364   1.0236218934E+00
    4365   1.0251597610E+00
    4366   1.0258918349E+00
    4367   1.0257055377E+00
    4368   1.0245747531E+00
    4369   1.0225635098E+00
    4370   1.0198110498E+00
    4371   1.0164880812E+00
    4372   1.0127589211E+00
    4373   1.0087033617E+00
    4374   1.0044996675E+00
    4375   1.0003264910E+00
    4376   9.9640633854E-01
    4377   9.9299929352E-01
    4378   9.9031420986E-01
    4379   9.8852988872E-01
    4380   9.8761945276E-01
    4381   9.8748876172E-01
    4382   9.8796248463E-01
    4383   9.8880385722E-01
    4384   9.8973983934E-01
    4385   9.9049867489E-01
    4386   9.9086199430E-01
    4387   9.9071253231E-01
    4388   9.9005576808E-01
    4389   9.8900790160E-01
    4390   9.8776541521E-01
    4391   9.8657762200E-01
    4392   9.8572778641E-01
    4393   9.8551066881E-01
    4394   9.8618991819E-01
    4395   9.8793425537E-01
    4396   9.9075152187E-01
    4397   9.9445150559E-01
    4398   9.9866048726E-01
    4399   1.0028882039E+00
    4400   1.0066206315E+00
    4401   1.0094060430E+00
    4402   1.0109146507E+00
    4403   1.0109739096E+00
    4404   1.0095900400E+00
    4405   1.0069535207E+00
    4406   1.0034125108E+00
    4407   9.9940736724E-01
    4408   9.9537846103E-01
    4409   9.9168233683E-01
    4410   9.8854753500E-01
    4411   9.8607747955E-01
    4412   9.8428131914E-01
    4413   9.8310851093E-01
    4414   9.8245528128E-01
    4415   9.8219580539E-01
    4416   9.8234326647E-01
    4417   9.8265917267E-01
    4418   9.8313967636E-01
    4419   9.8378681780E-01
    4420   9.8459868688E-01
    4421   9.8552977339E-01
    4422   9.8646783918E-01
    4423   9.8724934598E-01
    4424   9.8769960124E-01
    4425   9.8767176904E-01
    4426   9.8706388550E-01
    4427   9.8581974755E-01
    4428   9.8393319924E-01
    4429   9.8146326970E-01
    4430   9.7848313629E-01
    4431   9.7523558394E-01
    4432   9.7208950771E-01
    4433   9.6903671253E-01
    4434   9.6630114100E-01
    4435   9.6401446560E-01
    4436   9.6230384200E-01
    4437   9.6127131979E-01
    4438   9.6078658085E-01
    4439   9.6155946652E-01
    4440   9.6288312440E-01
    4441   9.6453194809E-01
    4442   9.6630432259E-01
    4443   9.6789967072E-01
    4444   9.6904723699E-01
    4445   9.6945144977E-01
    4446   9.6901314909E-01
    4447   9.6794516353E-01
    4448   9.6595719684E-01
    4449   9.6340186783E-01
    4450   9.6056632938E-01
    4451   9.5773425532E-01
    4452   9.5489689109E-01
    4453   9.5255102703E-01
    4454   9.5119209837E-01
    4455   9.5011437643E-01
    4456   9.4966745130E-01
    4457   9.4964698581E-01
    4458   9.5032197550E-01
    4459   9.5215756747E-01
    4460   9.5406374219E-01
    4461   9.5633401974E-01
    4462   9.5884045494E-01
    4463   9.6120588272E-01
    4464   9.6371259514E-01
    4465   9.6583311943E-01
    4466   9.6718402772E-01
    4467   9.6779849062E-01
    4468   9.6763442724E-01
    4469   9.6671585122E-01
    4470   9.6506306894E-01
    4471   9.6263981941E-01
    4472   9.6024626741E-01
    4473   9.5748639192E-01
    4474   9.5466979260E-01
    4475   9.5198142164E-01
    4476   9.4929836827E-01
    4477   9.4676944640E-01
    4478   9.4534549000E-01
    4479   9.4386130412E-01
    4480   9.4272464777E-01
    4481   9.4143684017E-01
    4482   9.4151590675E-01
    4483   9.4184499312E-01
    4484   9.4222658757E-01
    4485   9.4257320045E-01
    4486   9.4317701906E-01
    4487   9.4468695295E-01
    4488   9.4570181475E-01
    4489   9.4666634967E-01
    4490   9.4716548063E-01
    4491   9.4811538563E-01
    4492   9.4924867172E-01
    4493   9.5009331316E-01
    4494   9.5099447257E-01
    4495   9.5175165758E-01
    4496   9.5277480022E-01
    4497   9.5447255227E-01
    4498   9.5610747739E-01
    4499   9.5805976966E-01
    4500   9.6026274248E-01
    4501   9.6238466246E-01
    4502   9.6452654209E-01
    4503   9.6637252722E-01
    4504   9.6734961757E-01
    4505   9.6743462140E-01
    4506   9.6648545090E-01
    4507   9.6447121455E-01
    4508   9.6139844959E-01
    4509   9.5744906419E-01
    4510   9.5369163750E-01
    4511   9.4971215985E-01
    4512   9.4598349883E-01
    4513   9.4250102184E-01
    4514   9.3923778042E-01
    4515   9.3782124629E-01
    4516   9.3661041090E-01
    4517   9.3590873363E-01
    4518   9.3533003172E-01
    4519   9.3663401794E-01
    4520   9.3770966427E-01
    4521   9.3881060325E-01
    4522   9.3965090877E-01
    4523   9.4191221078E-01
    4524   9.4395111056E-01
    4525   9.4607210428E-01
    4526   9.4820079887E-01
    4527   9.5060253722E-01
    4528   9.5383113443E-01
    4529   9.5684480292E-01
    4530   9.5998932970E-01
    4531   9.6311954886E-01
    4532   9.6601263192E-01
    4533   9.6842512491E-01
    4534   9.7068556049E-01
    4535   9.7230759996E-01
    4536   9.7338178867E-01
    4537   9.7388657354E-01
    4538   9.7376058399E-01
    4539   9.7299985932E-01
    4540   9.7169689486E-01
    4541   9.7000219158E-01
    4542   9.6794668134E-01
    4543   9.6618897371E-01
    4544   9.6450343542E-01
    4545   9.6306762193E-01
    4546   9.6211193002E-01
    4547   9.6179773809E-01
    4548   9.6216062421E-01
    4549   9.6305279064E-01
    4550   9.6492813797E-01
    4551   9.6695879908E-01
    4552   9.6914094981E-01
    4553   9.7139951720E-01
    4554   9.7361091510E-01
    4555   9.7561472956E-01
    4556   9.7723027634E-01
    4557   9.7830818880E-01
    4558   9.7874516283E-01
    4559   9.7877748939E-01
    4560   9.7828320174E-01
    4561   9.7731554423E-01
    4562   9.7589082461E-01
    4563   9.7403683749E-01
    4564   9.7186267178E-01
    4565   9.6954415987E-01
    4566   9.6725055921E-01
    4567   9.6493004568E-01
    4568   9.6274382536E-01
    4569   9.6088986548E-01
    4570   9.5881567127E-01
    4571   9.5666380696E-01
    4572   9.5440664189E-01
    4573   9.5175507844E-01
    4574   9.4895696077E-01
    4575   9.4662306896E-01
    4576   9.4394063600E-01
    4577   9.4143431846E-01
    4578   9.3873928306E-01
    4579   9.3777515868E-01
    4580   9.3725092190E-01
    4581   9.3699393828E-01
    4582   9.3646191826E-01
    4583   9.3717118144E-01
    4584   9.3792414185E-01
    4585   9.3822956643E-01
    4586   9.3774335139E-01
    4587   9.3753146019E-01
    4588   9.3737933013E-01
    4589   9.3656804054E-01
    4590   9.3528633696E-01
    4591   9.3463218064E-01
    4592   9.3519807656E-01
    4593   9.3567088906E-01
    4594   9.3616558265E-01
    4595   9.3767360830E-01
    4596   9.4013181427E-01
    4597   9.4232756395E-01
    4598   9.4453525981E-01
    4599   9.4639894644E-01
    4600   9.4888800405E-01
    4601   9.5049224444E-01
    4602   9.5155610000E-01
    4603   9.5211418119E-01
    4604   9.5187864636E-01
    4605   9.5193207621E-01
    4606   9.5138348350E-01
    4607   9.5043502554E-01
    4608   9.4936507547E-01
    4609   9.4797016621E-01
    4610   9.4758895212E-01
    4611   9.4774913535E-01
    4612   9.4823218298E-01
    4613   9.4924585338E-01
    4614   9.5039295612E-01
    4615   9.5265242488E-01
    4616   9.5506249027E-01
    4617   9.5738762899E-01
    4618   9.5963024428E-01
    4619   9.6166276071E-01
    4620   9.6328511333E-01
    4621   9.6513847017E-01
    4622   9.6701049609E-01
    4623   9.6895969245E-01
    4624   9.7114814696E-01
    4625   9.7352210418E-01
    4626   9.7594061254E-01
    4627   9.7819996328E-01
    4628   9.8005504476E-01
    4629   9.8123587434E-01
    4630   9.8150888828E-01
    4631   9.8092930695E-01
    4632   9.7946706299E-01
    4633   9.7746994394E-01
    4634   9.7536038248E-01
    4635   9.7354575562E-01
    4636   9.7232731895E-01
    4637   9.7185474218E-01
    4638   9.7212992931E-01
    4639   9.7302852110E-01
    4640   9.7424427689E-01
    4641   9.7575624449E-01
    4642   9.7703555189E-01
    4643   9.7777844047E-01
    4644   9.7786628603E-01
    4645   9.7728390329E-01
    4646   9.7616247667E-01
    4647   9.7472051903E-01
    4648   9.7318843606E-01
    4649   9.7175318731E-01
    4650   9.7040797475E-01
    4651   9.6953337112E-01
    4652   9.6908092055E-01
    4653   9.6889061148E-01
    4654   9.6902784453E-01
    4655   9.6943545317E-01
    4656   9.7004404094E-01
    4657   9.7079284862E-01
    4658   9.7159878520E-01
    4659   9.7241530934E-01
    4660   9.7347438953E-01
    4661   9.7435803214E-01
    4662   9.7512300813E-01
    4663   9.7576662485E-01
    4664   9.7633548952E-01
    4665   9.7692161601E-01
    4666   9.7761339680E-01
    4667   9.7844417442E-01
    4668   9.7937075861E-01
    4669   9.8025870210E-01
    4670   9.8102601212E-01
    4671   9.8162014363E-01
    4672   9.8180217408E-01
    4673   9.8155121667E-01
    4674   9.8082947650E-01
    4675   9.7967300875E-01
    4676   9.7821476032E-01
    4677   9.7666640573E-01
    4678   9.7526112736E-01
    4679   9.7419037011E-01
    4680   9.7356939299E-01
    4681   9.7334858193E-01
    4682   9.7384169305E-01
    4683   9.7487672445E-01
    4684   9.7635679754E-01
    4685   9.7825146011E-01
    4686   9.8040418395E-01
    4687   9.8262746561E-01
    4688   9.8475690031E-01
    4689   9.8668740762E-01
    4690   9.8836988796E-01
    4691   9.8978274031E-01
    4692   9.9091546557E-01
    4693   9.9178207890E-01
    4694   9.9244489726E-01
    4695   9.9301187546E-01
    4696   9.9359510160E-01
    4697   9.9425949754E-01
    4698   9.9500846650E-01
    4699   9.9582220014E-01
    4700   9.9671756020E-01
    4701   9.9777806732E-01
    4702   9.9912917862E-01
    4703   1.0008821384E+00
    4704   1.0030931284E+00
    4705   1.0057596498E+00
    4706   1.0088354644E+00
    4707   1.0122296489E+00
    4708   1.0157812857E+00
    4709   1.0192424702E+00
    4710   1.0223102384E+00
    4711   1.0247064587E+00
    4712   1.0262564195E+00
    4713   1.0269113544E+00
    4714   1.0267080461E+00
    4715   1.0257124398E+00
    4716   1.0240492870E+00
    4717   1.0216941920E+00
    4718   1.0187884311E+00
    4719   1.0156325905E+00
    4720   1.0122922710E+00
    4721   1.0088770185E+00
    4722   1.0054860143E+00
    4723   1.0022441471E+00
    4724   9.9931196120E-01
    4725   9.9685314143E-01
    4726   9.9498396316E-01
    4727   9.9374563174E-01
    4728   9.9311690969E-01
    4729   9.9304939464E-01
    4730   9.9349245537E-01
    4731   9.9439212206E-01
    4732   9.9567717453E-01
    4733   9.9725821673E-01
    4734   9.9904757707E-01
    4735   1.0009819340E+00
    4736   1.0030220846E+00
    4737   1.0051253698E+00
    4738   1.0072140667E+00
    4739   1.0091700599E+00
    4740   1.0108620910E+00
    4741   1.0121841508E+00
    4742   1.0130780859E+00
    4743   1.0135341057E+00
    4744   1.0135849877E+00
    4745   1.0133093455E+00
    4746   1.0128372866E+00
    4747   1.0123382433E+00
    4748   1.0119821934E+00
    4749   1.0118916029E+00
    4750   1.0121147203E+00
    4751   1.0126362082E+00
    4752   1.0134118468E+00
    4753   1.0144015940E+00
    4754   1.0156147112E+00
    4755   1.0169161952E+00
    4756   1.0183421621E+00
    4757   1.0198738285E+00
    4758   1.0214724771E+00
    4759   1.0231111872E+00
    4760   1.0247407404E+00
    4761   1.0262774549E+00
    4762   1.0276128192E+00
    4763   1.0286404805E+00
    4764   1.0293492705E+00
    4765   1.0296285219E+00
    4766   1.0292524056E+00
    4767   1.0285832627E+00
    4768   1.0275461334E+00
    4769   1.0262183876E+00
    4770   1.0246939904E+00
    4771   1.0230456219E+00
    4772   1.0212953765E+00
    4773   1.0194102166E+00
    4774   1.0173357728E+00
    4775   1.0150122186E+00
    4776   1.0123491163E+00
    4777   1.0094981306E+00
    4778   1.0065267069E+00
    4779   1.0036022939E+00
    4780   1.0009452403E+00
    4781   9.9878665545E-01
    4782   9.9731543651E-01
    4783   9.9663046995E-01
    4784   9.9671917581E-01
    4785   9.9747119058E-01
    4786   9.9871688502E-01
    4787   1.0002701180E+00
    4788   1.0019593936E+00
    4789   1.0036467647E+00
    4790   1.0052410265E+00
    4791   1.0067085592E+00
    4792   1.0080745665E+00
    4793   1.0094049948E+00
    4794   1.0107705915E+00
    4795   1.0122106814E+00
    4796   1.0137158250E+00
    4797   1.0152359020E+00
    4798   1.0167013933E+00
    4799   1.0180391442E+00
    4800   1.0191749624E+00
    4801   1.0200323849E+00
    4802   1.0205399139E+00
    4803   1.0206493574E+00
    4804   1.0204023492E+00
    4805   1.0196550606E+00
    4806   1.0185286727E+00
    4807   1.0170710990E+00
    4808   1.0152500357E+00
    4809   1.0130799182E+00
    4810   1.0106080625E+00
    4811   1.0079183390E+00
    4812   1.0051170026E+00
    4813   1.0023149093E+00
    4814   9.9961897477E-01
    4815   9.9713185979E-01
    4816   9.9494766868E-01
    4817   9.9313467118E-01
    4818   9.9171101800E-01
    4819   9.9062960651E-01
    4820   9.8978447517E-01
    4821   9.8903705713E-01
    4822   9.8824853675E-01
    4823   9.8730437042E-01
    4824   9.8612787200E-01
    4825   9.8467510657E-01
    4826   9.8293922027E-01
    4827   9.8112480809E-01
    4828   9.7922717226E-01
    4829   9.7739707422E-01
    4830   9.7574243286E-01
    4831   9.7432707610E-01
    4832   9.7318277623E-01
    4833   9.7232823700E-01
    4834   9.7178329892E-01
    4835   9.7155424054E-01
    4836   9.7153989532E-01
    4837   9.7209503444E-01
    4838   9.7286503707E-01
    4839   9.7383683754E-01
    4840   9.7502859986E-01
    4841   9.7642282241E-01
    4842   9.7799227562E-01
    4843   9.7968497412E-01
    4844   9.8142506593E-01
    4845   9.8312961692E-01
    4846   9.8472765514E-01
    4847   9.8616243482E-01
    4848   9.8738776158E-01
    4849   9.8844462579E-01
    4850   9.8926551741E-01
    4851   9.8992938407E-01
    4852   9.9056469609E-01
    4853   9.9134928092E-01
    4854   9.9247828655E-01
    4855   9.9411795892E-01
    4856   9.9636785400E-01
    4857   9.9923724729E-01
    4858   1.0026307904E+00
    4859   1.0063402359E+00
    4860   1.0100510877E+00
    4861   1.0133782469E+00
    4862   1.0159344595E+00
    4863   1.0174260648E+00
    4864   1.0177109034E+00
    4865   1.0166777138E+00
    4866   1.0146707721E+00
    4867   1.0119800509E+00
    4868   1.0090034475E+00
    4869   1.0061679049E+00
    4870   1.0038525467E+00
    4871   1.0023226433E+00
    4872   1.0016890658E+00
    4873   1.0019077691E+00
    4874   1.0028159485E+00
    4875   1.0041860218E+00
    4876   1.0057771820E+00
    4877   1.0073761335E+00
    4878   1.0088299494E+00
    4879   1.0100723781E+00
    4880   1.0111350943E+00
    4881   1.0121310600E+00
    4882   1.0132084405E+00
    4883   1.0144930609E+00
    4884   1.0160459533E+00
    4885   1.0178507839E+00
    4886   1.0198253582E+00
    4887   1.0218831550E+00
    4888   1.0238387476E+00
    4889   1.0253382162E+00
    4890   1.0264191854E+00
    4891   1.0268704032E+00
    4892   1.0266123693E+00
    4893   1.0256388113E+00
    4894   1.0239994483E+00
    4895   1.0217792794E+00
    4896   1.0190827530E+00
    4897   1.0160206424E+00
    4898   1.0126964499E+00
    4899   1.0091570292E+00
    4900   1.0054045382E+00
    4901   1.0014408985E+00
    4902   9.9719428110E-01
    4903   9.9263736391E-01
    4904   9.8778520796E-01
    4905   9.8281471089E-01
    4906   9.7784280929E-01
    4907   9.7306449142E-01
    4908   9.6867962749E-01
    4909   9.6487176407E-01
    4910   9.6178261289E-01
    4911   9.5947755772E-01
    4912   9.5766946975E-01
    4913   9.5707021337E-01
    4914   9.5708870950E-01
    4915   9.5745033310E-01
    4916   9.5817175395E-01
    4917   9.5913420195E-01
    4918   9.6000542123E-01
    4919   9.6127394151E-01
    4920   9.6257736136E-01
    4921   9.6369941814E-01
    4922   9.6483465950E-01
    4923   9.6605439998E-01
    4924   9.6744773728E-01
    4925   9.6902403059E-01
    4926   9.7100612851E-01
    4927   9.7356899392E-01
    4928   9.7642419880E-01
    4929   9.7971696802E-01
    4930   9.8341225331E-01
    4931   9.8744504542E-01
    4932   9.9173985861E-01
    4933   9.9622417366E-01
    4934   1.0008252088E+00
    4935   1.0054497035E+00
    4936   1.0099610140E+00
    4937   1.0141719672E+00
    4938   1.0178615527E+00
    4939   1.0208082322E+00
    4940   1.0228257145E+00
    4941   1.0237968721E+00
    4942   1.0237624100E+00
    4943   1.0225574999E+00
    4944   1.0205443650E+00
    4945   1.0180101129E+00
    4946   1.0152216308E+00
    4947   1.0124727200E+00
    4948   1.0100022620E+00
    4949   1.0079719476E+00
    4950   1.0064636866E+00
    4951   1.0054893820E+00
    4952   1.0050070351E+00
    4953   1.0049406256E+00
    4954   1.0052006658E+00
    4955   1.0056992355E+00
    4956   1.0063531312E+00
    4957   1.0070746733E+00
    4958   1.0077584695E+00
    4959   1.0082759675E+00
    4960   1.0084838315E+00
    4961   1.0082429146E+00
    4962   1.0074396752E+00
    4963   1.0060046184E+00
    4964   1.0039279073E+00
    4965   1.0012730022E+00
    4966   9.9818391618E-01
    4967   9.9487871248E-01
    4968   9.9162588954E-01
    4969   9.8870935626E-01
    4970   9.8639313436E-01
    4971   9.8489381545E-01
    4972   9.8436087305E-01
    4973   9.8486144559E-01
    4974   9.8636887882E-01
    4975   9.8876002711E-01
    4976   9.9182808694E-01
    4977   9.9531242633E-01
    4978   9.9893748451E-01
    4979   1.0024485031E+00
    4980   1.0056361355E+00
    4981   1.0083508929E+00
    4982   1.0105120051E+00
    4983   1.0121097725E+00
    4984   1.0131935222E+00
    4985   1.0138413112E+00
    4986   1.0141212313E+00
    4987   1.0140648666E+00
    4988   1.0136682346E+00
    4989   1.0129163280E+00
    4990   1.0118108134E+00
    4991   1.0103826002E+00
    4992   1.0086875791E+00
    4993   1.0067991579E+00
    4994   1.0048074494E+00
    4995   1.0028193473E+00
    4996   1.0009794447E+00
    4997   9.9941746434E-01
    4998   9.9824582958E-01
    4999   9.9753809217E-01
    5000   9.9732601424E-01
    5001   9.9760547993E-01
    5002   9.9832538420E-01
    5003   9.9938786487E-01
    5004   1.0006317267E+00
    5005   1.0018399870E+00
    5006   1.0027723561E+00
    5007   1.0032101581E+00
    5008   1.0029885126E+00
    5009   1.0020313633E+00
    5010   1.0003354123E+00
    5011   9.9797459001E-01
    5012   9.9509208773E-01
    5013   9.9190288613E-01
    5014   9.8868689668E-01
    5015   9.8568406883E-01
    5016   9.8310511779E-01
    5017   9.8108836995E-01
    5018   9.7970645303E-01
    5019   9.7898046941E-01
    5020   9.7888826138E-01
    5021   9.7936213786E-01
    5022   9.8028534684E-01
    5023   9.8150114925E-01
    5024   9.8283890085E-01
    5025   9.8414689480E-01
    5026   9.8531557056E-01
    5027   9.8626236530E-01
    5028   9.8701450983E-01
    5029   9.8758918883E-01
    5030   9.8801442783E-01
    5031   9.8843072707E-01
    5032   9.8898666137E-01
    5033   9.8982978447E-01
    5034   9.9106905402E-01
    5035   9.9275072605E-01
    5036   9.9485505585E-01
    5037   9.9730548018E-01
    5038   9.9997642836E-01
    5039   1.0026951079E+00
    5040   1.0052465328E+00
    5041   1.0073955249E+00
    5042   1.0089279207E+00
    5043   1.0096953962E+00
    5044   1.0096425527E+00
    5045   1.0088071679E+00
    5046   1.0073025162E+00
    5047   1.0052977290E+00
    5048   1.0030029717E+00
    5049   1.0006528249E+00
    5050   9.9847973466E-01
    5051   9.9668016012E-01
    5052   9.9538626156E-01
    5053   9.9465483310E-01
    5054   9.9447347656E-01
    5055   9.9477323818E-01
    5056   9.9543782568E-01
    5057   9.9630985214E-01
    5058   9.9720371560E-01
    5059   9.9793360731E-01
    5060   9.9835335485E-01
    5061   9.9839244502E-01
    5062   9.9807184718E-01
    5063   9.9749444772E-01
    5064   9.9681814650E-01
    5065   9.9622449309E-01
    5066   9.9589026225E-01
    5067   9.9596147335E-01
    5068   9.9652835492E-01
    5069   9.9760473055E-01
    5070   9.9912003474E-01
    5071   1.0009308085E+00
    5072   1.0028507888E+00
    5073   1.0046900304E+00
    5074   1.0062911838E+00
    5075   1.0075549660E+00
    5076   1.0084531175E+00
    5077   1.0090303906E+00
    5078   1.0093961769E+00
    5079   1.0097047113E+00
    5080   1.0101250746E+00
    5081   1.0108063935E+00
    5082   1.0118661122E+00
    5083   1.0133092286E+00
    5084   1.0150620132E+00
    5085   1.0170585459E+00
    5086   1.0191185177E+00
    5087   1.0210577638E+00
    5088   1.0226926833E+00
    5089   1.0238600645E+00
    5090   1.0244324626E+00
    5091   1.0243294884E+00
    5092   1.0235258106E+00
    5093   1.0220549126E+00
    5094   1.0200407082E+00
    5095   1.0175409915E+00
    5096   1.0147416496E+00
    5097   1.0119326581E+00
    5098   1.0092595542E+00
    5099   1.0069038768E+00
    5100   1.0050056176E+00
    5101   1.0036397481E+00
    5102   1.0028031605E+00
    5103   1.0024188676E+00
    5104   1.0023571476E+00
    5105   1.0024652612E+00
    5106   1.0025958310E+00
    5107   1.0026287264E+00
    5108   1.0024871515E+00
    5109   1.0021493254E+00
    5110   1.0016525679E+00
    5111   1.0010828538E+00
    5112   1.0005478019E+00
    5113   1.0001416789E+00
    5114   9.9991801921E-01
    5115   9.9988139597E-01
    5116   9.9999732890E-01
    5117   1.0002085277E+00
    5118   1.0004469777E+00
    5119   1.0006417523E+00
    5120   1.0007307665E+00
    5121   1.0006814797E+00
    5122   1.0005131597E+00
    5123   1.0003044100E+00
    5124   1.0001757879E+00
    5125   1.0002537582E+00
    5126   1.0006344297E+00
    5127   1.0013628655E+00
    5128   1.0024296379E+00
    5129   1.0037748396E+00
    5130   1.0052921466E+00
    5131   1.0068368625E+00
    5132   1.0082482532E+00
    5133   1.0093883019E+00
    5134   1.0101818869E+00
    5135   1.0106348945E+00
    5136   1.0108188934E+00
    5137   1.0108340680E+00
    5138   1.0107754758E+00
    5139   1.0107195264E+00
    5140   1.0107266789E+00
    5141   1.0108436468E+00
    5142   1.0110955676E+00
    5143   1.0114769855E+00
    5144   1.0119708330E+00
    5145   1.0124595401E+00
    5146   1.0129407090E+00
    5147   1.0133782054E+00
    5148   1.0137245724E+00
    5149   1.0139239537E+00
    5150   1.0139062075E+00
    5151   1.0136092720E+00
    5152   1.0130037572E+00
    5153   1.0120984060E+00
    5154   1.0109230537E+00
    5155   1.0095063992E+00
    5156   1.0078689618E+00
    5157   1.0060345236E+00
    5158   1.0040442604E+00
    5159   1.0019566751E+00
    5160   9.9983354508E-01
    5161   9.9772813091E-01
    5162   9.9569032443E-01
    5163   9.9378582279E-01
    5164   9.9211091410E-01
    5165   9.9078708151E-01
    5166   9.8993731379E-01
    5167   9.8966075656E-01
    5168   9.9002085919E-01
    5169   9.9104706723E-01
    5170   9.9273656645E-01
    5171   9.9504418355E-01
    5172   9.9786366245E-01
    5173   1.0010174959E+00
    5174   1.0042714344E+00
    5175   1.0073726528E+00
    5176   1.0100917369E+00
    5177   1.0122467865E+00
    5178   1.0137050366E+00
    5179   1.0143763838E+00
    5180   1.0142153419E+00
    5181   1.0132321150E+00
    5182   1.0114977751E+00
    5183   1.0091311556E+00
    5184   1.0062727800E+00
    5185   1.0030641701E+00
    5186   9.9964518057E-01
    5187   9.9616320484E-01
    5188   9.9277595142E-01
    5189   9.8963656088E-01
    5190   9.8686799604E-01
    5191   9.8454451224E-01
    5192   9.8269210736E-01
    5193   9.8130379696E-01
    5194   9.8035491632E-01
    5195   9.7980757431E-01
    5196   9.7960659318E-01
    5197   9.7967903599E-01
    5198   9.7994604701E-01
    5199   9.8029328894E-01
    5200   9.8084753878E-01
    5201   9.8155184864E-01
    5202   9.8242074131E-01
    5203   9.8355635030E-01
    5204   9.8501718408E-01
    5205   9.8684394849E-01
    5206   9.8905004904E-01
    5207   9.9160696535E-01
    5208   9.9442805072E-01
    5209   9.9736326155E-01
    5210   1.0002161057E+00
    5211   1.0027813509E+00
    5212   1.0048875422E+00
    5213   1.0064256795E+00
    5214   1.0073565013E+00
    5215   1.0077031272E+00
    5216   1.0075402001E+00
    5217   1.0069827317E+00
    5218   1.0061684301E+00
    5219   1.0052288274E+00
    5220   1.0042557528E+00
    5221   1.0032788788E+00
    5222   1.0022670912E+00
    5223   1.0011524997E+00
    5224   9.9986285485E-01
    5225   9.9834719327E-01
    5226   9.9658920765E-01
    5227   9.9461291128E-01
    5228   9.9248639429E-01
    5229   9.9032216961E-01
    5230   9.8826651509E-01
    5231   9.8647376092E-01
    5232   9.8507161365E-01
    5233   9.8413109877E-01
    5234   9.8365291052E-01
    5235   9.8357242912E-01
    5236   9.8377662929E-01
    5237   9.8412452202E-01
    5238   9.8446752949E-01
    5239   9.8466632537E-01
    5240   9.8459500242E-01
    5241   9.8432714762E-01
    5242   9.8380954669E-01
    5243   9.8315948950E-01
    5244   9.8252667110E-01
    5245   9.8205253404E-01
    5246   9.8185514873E-01
    5247   9.8201796728E-01
    5248   9.8258984106E-01
    5249   9.8358944482E-01
    5250   9.8500974255E-01
    5251   9.8682292548E-01
    5252   9.8898807431E-01
    5253   9.9146044828E-01
    5254   9.9419678080E-01
    5255   9.9715097945E-01
    5256   1.0002606235E+00
    5257   1.0034323096E+00
    5258   1.0065367317E+00
    5259   1.0094189786E+00
    5260   1.0119203640E+00
    5261   1.0139028619E+00
    5262   1.0152692395E+00
    5263   1.0159776373E+00
    5264   1.0160522497E+00
    5265   1.0155888449E+00
    5266   1.0147498764E+00
    5267   1.0137451328E+00
    5268   1.0128005536E+00
    5269   1.0121245857E+00
    5270   1.0118823186E+00
    5271   1.0121816285E+00
    5272   1.0130684093E+00
    5273   1.0145571448E+00
    5274   1.0165272986E+00
    5275   1.0188073446E+00
    5276   1.0212771621E+00
    5277   1.0236910805E+00
    5278   1.0258231463E+00
    5279   1.0274611900E+00
    5280   1.0284262358E+00
    5281   1.0285918359E+00
    5282   1.0279042331E+00
    5283   1.0264600666E+00
    5284   1.0242624088E+00
    5285   1.0215058366E+00
    5286   1.0186579407E+00
    5287   1.0159137626E+00
    5288   1.0135402004E+00
    5289   1.0117461415E+00
    5290   1.0106533478E+00
    5291   1.0102783688E+00
    5292   1.0105293423E+00
    5293   1.0112214194E+00
    5294   1.0121102752E+00
    5295   1.0129368018E+00
    5296   1.0134715893E+00
    5297   1.0135482385E+00
    5298   1.0130794006E+00
    5299   1.0120558760E+00
    5300   1.0105331482E+00
    5301   1.0086109296E+00
    5302   1.0064131363E+00
    5303   1.0040528654E+00
    5304   1.0016616862E+00
    5305   9.9934274101E-01
    5306   9.9719211096E-01
    5307   9.9530515650E-01
    5308   9.9379746488E-01
    5309   9.9276342623E-01
    5310   9.9227750187E-01
    5311   9.9238367363E-01
    5312   9.9307958390E-01
    5313   9.9431421981E-01
    5314   9.9599187546E-01
    5315   9.9798278439E-01
    5316   1.0001391198E+00
    5317   1.0023145358E+00
    5318   1.0043837682E+00
    5319   1.0062571298E+00
    5320   1.0078849863E+00
    5321   1.0092503629E+00
    5322   1.0103537364E+00
    5323   1.0112128388E+00
    5324   1.0117539783E+00
    5325   1.0119770952E+00
    5326   1.0118439936E+00
    5327   1.0113049805E+00
    5328   1.0103405345E+00
    5329   1.0089689349E+00
    5330   1.0072562947E+00
    5331   1.0053165736E+00
    5332   1.0032995527E+00
    5333   1.0013684516E+00
    5334   9.9967290180E-01
    5335   9.9832500419E-01
    5336   9.9738469750E-01
    5337   9.9685684096E-01
    5338   9.9669852338E-01
    5339   9.9683293018E-01
    5340   9.9716599009E-01
    5341   9.9760290285E-01
    5342   9.9806211561E-01
    5343   9.9848444624E-01
    5344   9.9883561769E-01
    5345   9.9910214307E-01
    5346   9.9928296080E-01
    5347   9.9938092149E-01
    5348   9.9939770405E-01
    5349   9.9933344976E-01
    5350   9.9918988980E-01
    5351   9.9897463758E-01
    5352   9.9870499862E-01
    5353   9.9841089105E-01
    5354   9.9813673747E-01
    5355   9.9794149949E-01
    5356   9.9789534724E-01
    5357   9.9807194986E-01
    5358   9.9853715286E-01
    5359   9.9933659830E-01
    5360   1.0004852552E+00
    5361   1.0019609429E+00
    5362   1.0037026322E+00
    5363   1.0056137019E+00
    5364   1.0075705616E+00
    5365   1.0094368388E+00
    5366   1.0110815938E+00
    5367   1.0123974276E+00
    5368   1.0133128316E+00
    5369   1.0137946277E+00
    5370   1.0138407748E+00
    5371   1.0134683477E+00
    5372   1.0127031312E+00
    5373   1.0115753050E+00
    5374   1.0101217780E+00
    5375   1.0083926038E+00
    5376   1.0064579835E+00
    5377   1.0044128110E+00
    5378   1.0023763682E+00
    5379   1.0004854598E+00
    5380   9.9888066744E-01
    5381   9.9768783309E-01
    5382   9.9699944748E-01
    5383   9.9686128036E-01
    5384   9.9726761594E-01
    5385   9.9816494003E-01
    5386   9.9946104990E-01
    5387   1.0010359507E+00
    5388   1.0027526093E+00
    5389   1.0044677283E+00
    5390   1.0060434259E+00
    5391   1.0073596941E+00
    5392   1.0083260200E+00
    5393   1.0088901659E+00
    5394   1.0090432690E+00
    5395   1.0088308241E+00
    5396   1.0083046365E+00
    5397   1.0075899561E+00
    5398   1.0068291503E+00
    5399   1.0061425358E+00
    5400   1.0056341579E+00
    5401   1.0053665591E+00
    5402   1.0053535728E+00
    5403   1.0055643113E+00
    5404   1.0059357763E+00
    5405   1.0063898752E+00
    5406   1.0068512563E+00
    5407   1.0072633896E+00
    5408   1.0076003991E+00
    5409   1.0078716825E+00
    5410   1.0081171109E+00
    5411   1.0083934590E+00
    5412   1.0087564997E+00
    5413   1.0092450511E+00
    5414   1.0098717943E+00
    5415   1.0106219822E+00
    5416   1.0114579785E+00
    5417   1.0123267560E+00
    5418   1.0131686416E+00
    5419   1.0139265485E+00
    5420   1.0145545088E+00
    5421   1.0150233368E+00
    5422   1.0153365187E+00
    5423   1.0154931336E+00
    5424   1.0154269124E+00
    5425   1.0152593464E+00
    5426   1.0149811535E+00
    5427   1.0146211012E+00
    5428   1.0142161086E+00
    5429   1.0138048528E+00
    5430   1.0134227713E+00
    5431   1.0130986955E+00
    5432   1.0128540977E+00
    5433   1.0127036397E+00
    5434   1.0126550741E+00
    5435   1.0127081341E+00
    5436   1.0128539769E+00
    5437   1.0130768716E+00
    5438   1.0133579765E+00
    5439   1.0136790742E+00
    5440   1.0140359594E+00
    5441   1.0144155099E+00
    5442   1.0147267036E+00
    5443   1.0150369690E+00
    5444   1.0152941364E+00
    5445   1.0154679779E+00
    5446   1.0155291302E+00
    5447   1.0154490557E+00
    5448   1.0152049387E+00
    5449   1.0147867571E+00
    5450   1.0142039920E+00
    5451   1.0134884518E+00
    5452   1.0126911976E+00
    5453   1.0118746174E+00
    5454   1.0111028450E+00
    5455   1.0104336007E+00
    5456   1.0099129036E+00
    5457   1.0095726308E+00
    5458   1.0094305735E+00
    5459   1.0094960450E+00
    5460   1.0097784137E+00
    5461   1.0102338181E+00
    5462   1.0109000153E+00
    5463   1.0117668767E+00
    5464   1.0128240885E+00
    5465   1.0140514917E+00
    5466   1.0154107797E+00
    5467   1.0168433104E+00
    5468   1.0182713531E+00
    5469   1.0196021132E+00
    5470   1.0207343405E+00
    5471   1.0215678945E+00
    5472   1.0220159560E+00
    5473   1.0220178493E+00
    5474   1.0215799001E+00
    5475   1.0206861194E+00
    5476   1.0192865397E+00
    5477   1.0176521160E+00
    5478   1.0158267344E+00
    5479   1.0139306583E+00
    5480   1.0120855197E+00
    5481   1.0103987827E+00
    5482   1.0089527092E+00
    5483   1.0077971562E+00
    5484   1.0069475366E+00
    5485   1.0063878550E+00
    5486   1.0060775820E+00
    5487   1.0059607682E+00
    5488   1.0059759631E+00
    5489   1.0060655994E+00
    5490   1.0061833163E+00
    5491   1.0062977739E+00
    5492   1.0063922667E+00
    5493   1.0064608250E+00
    5494   1.0065027332E+00
    5495   1.0065176756E+00
    5496   1.0065029193E+00
    5497   1.0064528227E+00
    5498   1.0063602181E+00
    5499   1.0062191406E+00
    5500   1.0060285422E+00
    5501   1.0057964737E+00
    5502   1.0055436965E+00
    5503   1.0053058544E+00
    5504   1.0051341039E+00
    5505   1.0050732625E+00
    5506   1.0051900471E+00
    5507   1.0055297915E+00
    5508   1.0061199556E+00
    5509   1.0069631241E+00
    5510   1.0080313210E+00
    5511   1.0092660973E+00
    5512   1.0105839795E+00
    5513   1.0118867356E+00
    5514   1.0130745090E+00
    5515   1.0140590558E+00
    5516   1.0147745181E+00
    5517   1.0151842072E+00
    5518   1.0152831249E+00
    5519   1.0150967313E+00
    5520   1.0146767211E+00
    5521   1.0140945244E+00
    5522   1.0134331977E+00
    5523   1.0127784343E+00
    5524   1.0122095248E+00
    5525   1.0117911103E+00
    5526   1.0115836974E+00
    5527   1.0115707873E+00
    5528   1.0117484356E+00
    5529   1.0121141497E+00
    5530   1.0126039156E+00
    5531   1.0131611015E+00
    5532   1.0137298091E+00
    5533   1.0142631892E+00
    5534   1.0147299058E+00
    5535   1.0151180934E+00
    5536   1.0154362827E+00
    5537   1.0157107863E+00
    5538   1.0159793796E+00
    5539   1.0162819113E+00
    5540   1.0166495322E+00
    5541   1.0170949719E+00
    5542   1.0176082736E+00
    5543   1.0182026511E+00
    5544   1.0186826023E+00
    5545   1.0190575576E+00
    5546   1.0192763008E+00
    5547   1.0192523947E+00
    5548   1.0189463200E+00
    5549   1.0183475523E+00
    5550   1.0174755763E+00
    5551   1.0163757507E+00
    5552   1.0151116127E+00
    5553   1.0137556859E+00
    5554   1.0123804330E+00
    5555   1.0110502373E+00
    5556   1.0098147949E+00
    5557   1.0087043470E+00
    5558   1.0077275336E+00
    5559   1.0068727425E+00
    5560   1.0061133661E+00
    5561   1.0054195694E+00
    5562   1.0047537439E+00
    5563   1.0041065601E+00
    5564   1.0034888223E+00
    5565   1.0029287931E+00
    5566   1.0024782970E+00
    5567   1.0022002054E+00
    5568   1.0021553419E+00
    5569   1.0023888615E+00
    5570   1.0029195401E+00
    5571   1.0037344864E+00
    5572   1.0047901099E+00
    5573   1.0060184812E+00
    5574   1.0073370849E+00
    5575   1.0086596827E+00
    5576   1.0099063740E+00
    5577   1.0110115489E+00
    5578   1.0119290615E+00
    5579   1.0126345264E+00
    5580   1.0131250862E+00
    5581   1.0134172681E+00
    5582   1.0135434839E+00
    5583   1.0135473742E+00
    5584   1.0134779600E+00
    5585   1.0133827337E+00
    5586   1.0133004259E+00
    5587   1.0132548465E+00
    5588   1.0132513485E+00
    5589   1.0132773802E+00
    5590   1.0133309284E+00
    5591   1.0133091824E+00
    5592   1.0132089579E+00
    5593   1.0130172210E+00
    5594   1.0126980563E+00
    5595   1.0122477278E+00
    5596   1.0116810990E+00
    5597   1.0110308232E+00
    5598   1.0103438363E+00
    5599   1.0096758341E+00
    5600   1.0090846465E+00
    5601   1.0086233029E+00
    5602   1.0083333519E+00
    5603   1.0082389291E+00
    5604   1.0083423061E+00
    5605   1.0086219651E+00
    5606   1.0090341775E+00
    5607   1.0095184974E+00
    5608   1.0100066299E+00
    5609   1.0104331688E+00
    5610   1.0107461188E+00
    5611   1.0109150846E+00
    5612   1.0109354116E+00
    5613   1.0108303584E+00
    5614   1.0106507001E+00
    5615   1.0103976711E+00
    5616   1.0101705595E+00
    5617   1.0100013242E+00
    5618   1.0099129783E+00
    5619   1.0099159610E+00
    5620   1.0100047214E+00
    5621   1.0101598344E+00
    5622   1.0103504732E+00
    5623   1.0105368573E+00
    5624   1.0106729858E+00
    5625   1.0107102588E+00
    5626   1.0106023591E+00
    5627   1.0103112331E+00
    5628   1.0098134616E+00
    5629   1.0091058513E+00
    5630   1.0082088315E+00
    5631   1.0071663659E+00
    5632   1.0060416671E+00
    5633   1.0049090288E+00
    5634   1.0038432532E+00
    5635   1.0029089221E+00
    5636   1.0021518007E+00
    5637   1.0015939998E+00
    5638   1.0012334510E+00
    5639   1.0010472598E+00
    5640   1.0009978512E+00
    5641   1.0010405221E+00
    5642   1.0011310019E+00
    5643   1.0012318125E+00
    5644   1.0013165692E+00
    5645   1.0013718622E+00
    5646   1.0013968733E+00
    5647   1.0014012133E+00
    5648   1.0014015802E+00
    5649   1.0014177889E+00
    5650   1.0014686549E+00
    5651   1.0015682507E+00
    5652   1.0017231077E+00
    5653   1.0019308186E+00
    5654   1.0021802147E+00
    5655   1.0024529150E+00
    5656   1.0027257781E+00
    5657   1.0029737829E+00
    5658   1.0031729976E+00
    5659   1.0033033823E+00
    5660   1.0033511425E+00
    5661   1.0033102589E+00
    5662   1.0031828637E+00
    5663   1.0029784234E+00
    5664   1.0027124639E+00
    5665   1.0024033093E+00
    5666   1.0020704219E+00
    5667   1.0017376499E+00
    5668   1.0014243593E+00
    5669   1.0011489868E+00
    5670   1.0009267572E+00
    5671   1.0007684663E+00
    5672   1.0006797543E+00
    5673   1.0006611133E+00
    5674   1.0007087398E+00
    5675   1.0008161090E+00
    5676   1.0009758698E+00
    5677   1.0011814319E+00
    5678   1.0014275958E+00
    5679   1.0017098349E+00
    5680   1.0020223960E+00
    5681   1.0023560325E+00
    5682   1.0026965344E+00
    5683   1.0030250470E+00
    5684   1.0033205006E+00
    5685   1.0035635906E+00
    5686   1.0037411008E+00
    5687   1.0038492188E+00
    5688   1.0038948225E+00
    5689   1.0038943678E+00
    5690   1.0038707085E+00
    5691   1.0038487102E+00
    5692   1.0038507851E+00
    5693   1.0038933953E+00
    5694   1.0039851502E+00
    5695   1.0041265639E+00
    5696   1.0043110498E+00
    5697   1.0045265311E+00
    5698   1.0047572035E+00
    5699   1.0049853186E+00
    5700   1.0051930876E+00
    5701   1.0053648130E+00
    5702   1.0054891246E+00
    5703   1.0055609080E+00
    5704   1.0055823671E+00
    5705   1.0055627279E+00
    5706   1.0055163318E+00
    5707   1.0054592811E+00
    5708   1.0054052510E+00
    5709   1.0053614801E+00
    5710   1.0053261289E+00
    5711   1.0052879662E+00
    5712   1.0052286932E+00
    5713   1.0051273755E+00
    5714   1.0049657419E+00
    5715   1.0047328535E+00
    5716   1.0044279440E+00
    5717   1.0040608814E+00
    5718   1.0036503971E+00
    5719   1.0032207506E+00
    5720   1.0027977247E+00
    5721   1.0024048231E+00
    5722   1.0020603686E+00
    5723   1.0017758882E+00
    5724   1.0015558231E+00
    5725   1.0013983126E+00
    5726   1.0012966491E+00
    5727   1.0012410231E+00
    5728   1.0012203112E+00
    5729   1.0012237508E+00
    5730   1.0012423511E+00
    5731   1.0012698524E+00
    5732   1.0013030421E+00
    5733   1.0013413579E+00
    5734   1.0013859183E+00
    5735   1.0014382749E+00
    5736   1.0014992410E+00
    5737   1.0015680715E+00
    5738   1.0016421289E+00
    5739   1.0017170317E+00
    5740   1.0017871778E+00
    5741   1.0018464457E+00
    5742   1.0018888577E+00
    5743   1.0019090452E+00
    5744   1.0019024959E+00
    5745   1.0018657280E+00
    5746   1.0017966003E+00
    5747   1.0016948594E+00
    5748   1.0015628203E+00
    5749   1.0014058915E+00
    5750   1.0012326284E+00
    5751   1.0010541642E+00
    5752   1.0008831110E+00
    5753   1.0007322067E+00
    5754   1.0006130625E+00
    5755   1.0005352991E+00
    5756   1.0005062170E+00
    5757   1.0005309655E+00
    5758   1.0006129863E+00
    5759   1.0007544617E+00
    5760   1.0009559412E+00
    5761   1.0012156877E+00
    5762   1.0015290099E+00
    5763   1.0018865121E+00
    5764   1.0022740895E+00
    5765   1.0026735855E+00
    5766   1.0030646800E+00
    5767   1.0034275696E+00
    5768   1.0037458238E+00
    5769   1.0040087841E+00
    5770   1.0042130163E+00
    5771   1.0043625696E+00
    5772   1.0044680653E+00
    5773   1.0045448768E+00
    5774   1.0046108039E+00
    5775   1.0046836687E+00
    5776   1.0047791272E+00
    5777   1.0049088286E+00
    5778   1.0050789592E+00
    5779   1.0052892476E+00
    5780   1.0055326268E+00
    5781   1.0057958318E+00
    5782   1.0060611034E+00
    5783   1.0063089197E+00
    5784   1.0065213535E+00
    5785   1.0066853983E+00
    5786   1.0067955087E+00
    5787   1.0068546808E+00
    5788   1.0068736465E+00
    5789   1.0068681851E+00
    5790   1.0068550970E+00
    5791   1.0068478834E+00
    5792   1.0068534148E+00
    5793   1.0068706678E+00
    5794   1.0068919589E+00
    5795   1.0069062672E+00
    5796   1.0069035295E+00
    5797   1.0068785055E+00
    5798   1.0068330088E+00
    5799   1.0067758629E+00
    5800   1.0067206309E+00
    5801   1.0066818007E+00
    5802   1.0066705226E+00
    5803   1.0066910950E+00
    5804   1.0067391801E+00
    5805   1.0068029962E+00
    5806   1.0068704660E+00
    5807   1.0068999154E+00
    5808   1.0068905842E+00
    5809   1.0068280439E+00
    5810   1.0067042967E+00
    5811   1.0065215646E+00
    5812   1.0062889107E+00
    5813   1.0060201482E+00
    5814   1.0057313146E+00
    5815   1.0054383903E+00
    5816   1.0051557915E+00
    5817   1.0048958341E+00
    5818   1.0046689695E+00
    5819   1.0044843079E+00
    5820   1.0043498905E+00
    5821   1.0042723615E+00
    5822   1.0042560180E+00
    5823   1.0043015245E+00
    5824   1.0044047721E+00
    5825   1.0045563930E+00
    5826   1.0047423050E+00
    5827   1.0049453863E+00
    5828   1.0051480271E+00
    5829   1.0053349739E+00
    5830   1.0054957275E+00
    5831   1.0056258562E+00
    5832   1.0057269203E+00
    5833   1.0058051256E+00
    5834   1.0058691594E+00
    5835   1.0059277942E+00
    5836   1.0059877962E+00
    5837   1.0060525235E+00
    5838   1.0061214103E+00
    5839   1.0061903431E+00
    5840   1.0062527421E+00
    5841   1.0063010080E+00
    5842   1.0063279409E+00
    5843   1.0063278303E+00
    5844   1.0062971010E+00
    5845   1.0062345835E+00
    5846   1.0061415463E+00
    5847   1.0060215690E+00
    5848   1.0058802406E+00
    5849   1.0057250987E+00
    5850   1.0055677842E+00
    5851   1.0054024085E+00
    5852   1.0052475197E+00
    5853   1.0051071595E+00
    5854   1.0049832928E+00
    5855   1.0048781293E+00
    5856   1.0047929326E+00
    5857   1.0047284728E+00
    5858   1.0046853402E+00
    5859   1.0046640151E+00
    5860   1.0046646999E+00
    5861   1.0046870204E+00
    5862   1.0047297580E+00
    5863   1.0047907359E+00
    5864   1.0048668731E+00
    5865   1.0049543173E+00
    5866   1.0050485408E+00
    5867   1.0051443522E+00
    5868   1.0052358796E+00
    5869   1.0053166564E+00
    5870   1.0053799134E+00
    5871   1.0054191086E+00
    5872   1.0054286287E+00
    5873   1.0054045488E+00
    5874   1.0053453187E+00
    5875   1.0052522546E+00
    5876   1.0051297320E+00
    5877   1.0049850143E+00
    5878   1.0048277247E+00
    5879   1.0046690427E+00
    5880   1.0045207494E+00
    5881   1.0043942262E+00
    5882   1.0042994495E+00
    5883   1.0042439832E+00
    5884   1.0042319923E+00
    5885   1.0042633887E+00
    5886   1.0043333093E+00
    5887   1.0044321584E+00
    5888   1.0045463824E+00
    5889   1.0046600032E+00
    5890   1.0047567617E+00
    5891   1.0048225506E+00
    5892   1.0048476877E+00
    5893   1.0048285418E+00
    5894   1.0047680939E+00
    5895   1.0046752407E+00
    5896   1.0045629499E+00
    5897   1.0044456891E+00
    5898   1.0043367408E+00
    5899   1.0042460269E+00
    5900   1.0041788998E+00
    5901   1.0041361956E+00
    5902   1.0041174953E+00
    5903   1.0041109108E+00
    5904   1.0041160241E+00
    5905   1.0041298224E+00
    5906   1.0041491694E+00
    5907   1.0041739431E+00
    5908   1.0042048601E+00
    5909   1.0042421991E+00
    5910   1.0042846576E+00
    5911   1.0043287467E+00
    5912   1.0043689336E+00
    5913   1.0043985013E+00
    5914   1.0044108836E+00
    5915   1.0044010947E+00
    5916   1.0043668397E+00
    5917   1.0043089750E+00
    5918   1.0042311813E+00
    5919   1.0041389712E+00
    5920   1.0040383883E+00
    5921   1.0039348549E+00
    5922   1.0038325468E+00
    5923   1.0037344333E+00
    5924   1.0036428286E+00
    5925   1.0035600916E+00
    5926   1.0034890665E+00
    5927   1.0034330007E+00
    5928   1.0033949284E+00
    5929   1.0033767600E+00
    5930   1.0033784637E+00
    5931   1.0033976989E+00
    5932   1.0034300753E+00
    5933   1.0034699529E+00
    5934   1.0035114814E+00
    5935   1.0035495069E+00
    5936   1.0035800800E+00
    5937   1.0036005196E+00
    5938   1.0036091960E+00
    5939   1.0036052986E+00
    5940   1.0035887898E+00
    5941   1.0035605803E+00
    5942   1.0035227831E+00
    5943   1.0034788057E+00
    5944   1.0034330716E+00
    5945   1.0033903105E+00
    5946   1.0033545549E+00
    5947   1.0033281446E+00
    5948   1.0033111055E+00
    5949   1.0033011699E+00
    5950   1.0032944956E+00
    5951   1.0032868711E+00
    5952   1.0032750051E+00
    5953   1.0032574601E+00
    5954   1.0032349355E+00
    5955   1.0032098629E+00
    5956   1.0031855305E+00
    5957   1.0031651037E+00
    5958   1.0031509021E+00
    5959   1.0031441491E+00
    5960   1.0031451936E+00
    5961   1.0031540088E+00
    5962   1.0031706572E+00
    5963   1.0031954386E+00
    5964   1.0032285837E+00
    5965   1.0032695759E+00
    5966   1.0033163766E+00
    5967   1.0033649192E+00
    5968   1.0034091745E+00
    5969   1.0034419104E+00
    5970   1.0034562906E+00
    5971   1.0034484348E+00
    5972   1.0034110538E+00
    5973   1.0033514774E+00
    5974   1.0032761556E+00
    5975   1.0031956366E+00
    5976   1.0031233849E+00
    5977   1.0030731045E+00
    5978   1.0030563710E+00
    5979   1.0030805025E+00
    5980   1.0031470645E+00
    5981   1.0032512903E+00
    5982   1.0033825430E+00
    5983   1.0035257867E+00
    5984   1.0036638571E+00
    5985   1.0037801632E+00
    5986   1.0038613255E+00
    5987   1.0038992320E+00
    5988   1.0038921019E+00
    5989   1.0038443665E+00
    5990   1.0037654460E+00
    5991   1.0036677358E+00
    5992   1.0035642451E+00
    5993   1.0034663599E+00
    5994   1.0033821288E+00
    5995   1.0033153421E+00
    5996   1.0032654911E+00
    5997   1.0032285082E+00
    5998   1.0031980288E+00
    5999   1.0031668378E+00
    6000   1.0031281942E+00
    6001   1.0030768353E+00
    6002   1.0030095992E+00
    6003   1.0029256998E+00
    6004   1.0028267268E+00
    6005   1.0027164308E+00
    6006   1.0026003228E+00
    6007   1.0024850979E+00
    6008   1.0023778884E+00
    6009   1.0022853728E+00
    6010   1.0022128096E+00
    6011   1.0021631366E+00
    6012   1.0021363356E+00
    6013   1.0021292798E+00
    6014   1.0021362054E+00
    6015   1.0021497871E+00
    6016   1.0021626018E+00
    6017   1.0021686189E+00
    6018   1.0021643244E+00
    6019   1.0021491918E+00
    6020   1.0021254059E+00
    6021   1.0020969663E+00
    6022   1.0020684721E+00
    6023   1.0020439647E+00
    6024   1.0020261674E+00
    6025   1.0020163001E+00
    6026   1.0020144294E+00
    6027   1.0020201024E+00
    6028   1.0020329143E+00
    6029   1.0020527088E+00
    6030   1.0020793000E+00
    6031   1.0021118351E+00
    6032   1.0021480885E+00
    6033   1.0021840169E+00
    6034   1.0022138172E+00
    6035   1.0022305554E+00
    6036   1.0022272629E+00
    6037   1.0021982539E+00
    6038   1.0021403513E+00
    6039   1.0020537220E+00
    6040   1.0019421127E+00
    6041   1.0018124308E+00
    6042   1.0016737814E+00
    6043   1.0015361941E+00
    6044   1.0014093193E+00
    6045   1.0013013341E+00
    6046   1.0012182116E+00
    6047   1.0011634081E+00
    6048   1.0011379426E+00
    6049   1.0011407749E+00
    6050   1.0011693433E+00
    6051   1.0012201038E+00
    6052   1.0012889377E+00
    6053   1.0013713672E+00
    6054   1.0014626108E+00
    6055   1.0015575796E+00
    6056   1.0016509349E+00
    6057   1.0017372855E+00
    6058   1.0018115375E+00
    6059   1.0018693400E+00
    6060   1.0019075308E+00
    6061   1.0019244702E+00
    6062   1.0019201682E+00
    6063   1.0018961583E+00
    6064   1.0018551456E+00
    6065   1.0018005347E+00
    6066   1.0017359877E+00
    6067   1.0016651365E+00
    6068   1.0015914895E+00
    6069   1.0015184696E+00
    6070   1.0014494523E+00
    6071   1.0013876824E+00
    6072   1.0013360143E+00
    6073   1.0012965149E+00
    6074   1.0012700325E+00
    6075   1.0012558633E+00
    6076   1.0012516356E+00
    6077   1.0012534882E+00
    6078   1.0012565619E+00
    6079   1.0012557519E+00
    6080   1.0012467966E+00
    6081   1.0012260693E+00
    6082   1.0011929303E+00
    6083   1.0011488768E+00
    6084   1.0010972742E+00
    6085   1.0010432687E+00
    6086   1.0009928280E+00
    6087   1.0009517485E+00
    6088   1.0009246581E+00
    6089   1.0009142035E+00
    6090   1.0009205914E+00
    6091   1.0009415884E+00
    6092   1.0009729718E+00
    6093   1.0010093132E+00
    6094   1.0010449036E+00
    6095   1.0010746140E+00
    6096   1.0010945271E+00
    6097   1.0011022494E+00
    6098   1.0010968933E+00
    6099   1.0010788025E+00
    6100   1.0010491485E+00
    6101   1.0010095530E+00
    6102   1.0009618566E+00
    6103   1.0009080818E+00
    6104   1.0008505396E+00
    6105   1.0007919639E+00
    6106   1.0007355473E+00
    6107   1.0006847986E+00
    6108   1.0006432182E+00
    6109   1.0006138521E+00
    6110   1.0005988225E+00
    6111   1.0005989385E+00
    6112   1.0006134753E+00
    6113   1.0006401819E+00
    6114   1.0006755311E+00
    6115   1.0007151749E+00
    6116   1.0007545200E+00
    6117   1.0007893166E+00
    6118   1.0008161626E+00
    6119   1.0008328564E+00
    6120   1.0008385672E+00
    6121   1.0008338174E+00
    6122   1.0008202918E+00
    6123   1.0008005022E+00
    6124   1.0007773617E+00
    6125   1.0007537357E+00
    6126   1.0007320408E+00
    6127   1.0007139436E+00
    6128   1.0007001904E+00
    6129   1.0006905770E+00
    6130   1.0006840607E+00
    6131   1.0006790040E+00
    6132   1.0006735196E+00
    6133   1.0006658572E+00
    6134   1.0006547532E+00
    6135   1.0006396690E+00
    6136   1.0006208776E+00
    6137   1.0005994008E+00
    6138   1.0005768338E+00
    6139   1.0005551017E+00
    6140   1.0005361911E+00
    6141   1.0005218888E+00
    6142   1.0005135610E+00
    6143   1.0005120009E+00
    6144   1.0005173641E+00
    6145   1.0005291918E+00
    6146   1.0005465044E+00
    6147   1.0005679415E+00
    6148   1.0005919288E+00
    6149   1.0006168580E+00
    6150   1.0006412620E+00
    6151   1.0006639626E+00
    6152   1.0006841626E+00
    6153   1.0007014653E+00
    6154   1.0007158293E+00
    6155   1.0007274790E+00
    6156   1.0007367998E+00
    6157   1.0007442257E+00
    6158   1.0007501232E+00
    6159   1.0007546703E+00
    6160   1.0007577486E+00
    6161   1.0007588858E+00
    6162   1.0007572821E+00
    6163   1.0007519406E+00
    6164   1.0007418836E+00
    6165   1.0007264083E+00
    6166   1.0007053160E+00
    6167   1.0006790489E+00
    6168   1.0006486854E+00
    6169   1.0006157759E+00
    6170   1.0005820492E+00
    6171   1.0005490591E+00
    6172   1.0005178721E+00
    6173   1.0004888862E+00
    6174   1.0004618313E+00
    6175   1.0004359447E+00
    6176   1.0004102601E+00
    6177   1.0003839304E+00
    6178   1.0003565043E+00
    6179   1.0003281042E+00
    6180   1.0002994800E+00
    6181   1.0002719417E+00
    6182   1.0002471943E+00
    6183   1.0002271135E+00
    6184   1.0002135051E+00
    6185   1.0002078806E+00
    6186   1.0002112623E+00
    6187   1.0002240195E+00
    6188   1.0002457363E+00
    6189   1.0002751311E+00
    6190   1.0003100645E+00
    6191   1.0003476725E+00
    6192   1.0003846405E+00
    6193   1.0004175939E+00
    6194   1.0004435386E+00
    6195   1.0004602669E+00
    6196   1.0004666418E+00
    6197   1.0004627029E+00
    6198   1.0004495700E+00
    6199   1.0004291702E+00
    6200   1.0004038550E+00
    6201   1.0003759983E+00
    6202   1.0003476683E+00
    6203   1.0003204349E+00
    6204   1.0002953286E+00
    6205   1.0002729212E+00
    6206   1.0002534715E+00
    6207   1.0002370801E+00
    6208   1.0002238091E+00
    6209   1.0002137440E+00
    6210   1.0002069945E+00
    6211   1.0002036397E+00
    6212   1.0002036390E+00
    6213   1.0002067385E+00
    6214   1.0002124045E+00
    6215   1.0002198094E+00
    6216   1.0002278814E+00
    6217   1.0002354091E+00
    6218   1.0002411853E+00
    6219   1.0002441674E+00
    6220   1.0002436296E+00
    6221   1.0002392871E+00
    6222   1.0002313703E+00
    6223   1.0002206343E+00
    6224   1.0002083019E+00
    6225   1.0001959438E+00
    6226   1.0001853106E+00
    6227   1.0001781291E+00
    6228   1.0001758770E+00
    6229   1.0001795571E+00
    6230   1.0001895042E+00
    6231   1.0002052663E+00
    6232   1.0002256028E+00
    6233   1.0002486176E+00
    6234   1.0002720184E+00
    6235   1.0002934557E+00
    6236   1.0003108791E+00
    6237   1.0003228374E+00
    6238   1.0003286635E+00
    6239   1.0003285086E+00
    6240   1.0003232219E+00
    6241   1.0003141137E+00
    6242   1.0003026681E+00
    6243   1.0002902858E+00
    6244   1.0002781221E+00
    6245   1.0002670443E+00
    6246   1.0002576904E+00
    6247   1.0002505698E+00
    6248   1.0002461415E+00
    6249   1.0002448195E+00
    6250   1.0002468892E+00
    6251   1.0002523615E+00
    6252   1.0002608203E+00
    6253   1.0002713326E+00
    6254   1.0002824809E+00
    6255   1.0002925400E+00
    6256   1.0002997721E+00
    6257   1.0003027675E+00
    6258   1.0003007349E+00
    6259   1.0002936546E+00
    6260   1.0002822525E+00
    6261   1.0002678043E+00
    6262   1.0002518292E+00
    6263   1.0002357589E+00
    6264   1.0002206634E+00
    6265   1.0002070955E+00
    6266   1.0001950784E+00
    6267   1.0001842227E+00
    6268   1.0001739289E+00
    6269   1.0001636105E+00
    6270   1.0001528806E+00
    6271   1.0001416589E+00
    6272   1.0001301880E+00
    6273   1.0001189725E+00
    6274   1.0001086683E+00
    6275   1.0000999537E+00
    6276   1.0000934073E+00
    6277   1.0000894145E+00
    6278   1.0000881173E+00
    6279   1.0000894147E+00
    6280   1.0000930095E+00
    6281   1.0000984880E+00
    6282   1.0001054084E+00
    6283   1.0001133759E+00
    6284   1.0001220863E+00
    6285   1.0001313326E+00
    6286   1.0001409758E+00
    6287   1.0001508909E+00
    6288   1.0001609056E+00
    6289   1.0001707548E+00
    6290   1.0001800704E+00
    6291   1.0001884184E+00
    6292   1.0001953791E+00
    6293   1.0002006478E+00
    6294   1.0002041247E+00
    6295   1.0002059666E+00
    6296   1.0002065833E+00
    6297   1.0002065793E+00
    6298   1.0002066559E+00
    6299   1.0002074985E+00
    6300   1.0002096744E+00
    6301   1.0002135663E+00
    6302   1.0002193524E+00
    6303   1.0002270276E+00
    6304   1.0002364487E+00
    6305   1.0002473736E+00
    6306   1.0002594751E+00
    6307   1.0002723228E+00
    6308   1.0002853510E+00
    6309   1.0002978344E+00
    6310   1.0003088993E+00
    6311   1.0003175783E+00
    6312   1.0003229060E+00
    6313   1.0003240380E+00
    6314   1.0003203733E+00
    6315   1.0003116591E+00
    6316   1.0002980611E+00
    6317   1.0002801851E+00
    6318   1.0002590450E+00
    6319   1.0002359749E+00
    6320   1.0002124946E+00
    6321   1.0001901419E+00
    6322   1.0001702909E+00
    6323   1.0001539817E+00
    6324   1.0001417887E+00
    6325   1.0001337544E+00
    6326   1.0001294053E+00
    6327   1.0001278538E+00
    6328   1.0001279642E+00
    6329   1.0001285512E+00
    6330   1.0001285654E+00
    6331   1.0001272350E+00
    6332   1.0001241393E+00
    6333   1.0001192141E+00
    6334   1.0001127003E+00
    6335   1.0001050552E+00
    6336   1.0000968528E+00
    6337   1.0000886922E+00
    6338   1.0000811299E+00
    6339   1.0000746382E+00
    6340   1.0000695870E+00
    6341   1.0000662383E+00
    6342   1.0000647473E+00
    6343   1.0000651664E+00
    6344   1.0000674511E+00
    6345   1.0000714698E+00
    6346   1.0000770134E+00
    6347   1.0000838026E+00
    6348   1.0000914914E+00
    6349   1.0000996673E+00
    6350   1.0001078563E+00
    6351   1.0001155359E+00
    6352   1.0001221632E+00
    6353   1.0001272145E+00
    6354   1.0001302355E+00
    6355   1.0001308948E+00
    6356   1.0001290345E+00
    6357   1.0001247062E+00
    6358   1.0001181856E+00
    6359   1.0001099563E+00
    6360   1.0001006642E+00
    6361   1.0000910496E+00
    6362   1.0000818679E+00
    6363   1.0000738129E+00
    6364   1.0000674505E+00
    6365   1.0000631705E+00
    6366   1.0000611580E+00
    6367   1.0000613877E+00
    6368   1.0000636380E+00
    6369   1.0000675246E+00
    6370   1.0000725467E+00
    6371   1.0000781410E+00
    6372   1.0000837400E+00
    6373   1.0000888301E+00
    6374   1.0000930053E+00
    6375   1.0000960104E+00
    6376   1.0000977639E+00
    6377   1.0000983543E+00
    6378   1.0000980082E+00
    6379   1.0000970367E+00
    6380   1.0000957701E+00
    6381   1.0000944944E+00
    6382   1.0000934001E+00
    6383   1.0000925513E+00
    6384   1.0000918793E+00
    6385   1.0000912046E+00
    6386   1.0000902811E+00
    6387   1.0000888548E+00
    6388   1.0000867241E+00
    6389   1.0000837859E+00
    6390   1.0000800597E+00
    6391   1.0000756852E+00
    6392   1.0000708980E+00
    6393   1.0000659899E+00
    6394   1.0000612644E+00
    6395   1.0000569960E+00
    6396   1.0000534007E+00
    6397   1.0000506205E+00
    6398   1.0000487234E+00
    6399   1.0000477121E+00
    6400   1.0000475363E+00
    6401   1.0000481034E+00
    6402   1.0000492851E+00
    6403   1.0000509237E+00
    6404   1.0000528395E+00
    6405   1.0000548434E+00
    6406   1.0000567530E+00
    6407   1.0000584117E+00
    6408   1.0000597074E+00
    6409   1.0000605872E+00
    6410   1.0000610649E+00
    6411   1.0000612168E+00
    6412   1.0000611652E+00
    6413   1.0000610521E+00
    6414   1.0000610084E+00
    6415   1.0000611286E+00
    6416   1.0000614570E+00
    6417   1.0000619878E+00
    6418   1.0000626764E+00
    6419   1.0000634560E+00
    6420   1.0000642536E+00
    6421   1.0000649998E+00
    6422   1.0000656323E+00
    6423   1.0000660942E+00
    6424   1.0000663308E+00
    6425   1.0000662894E+00
    6426   1.0000659247E+00
    6427   1.0000652115E+00
    6428   1.0000641596E+00
    6429   1.0000628268E+00
    6430   1.0000613220E+00
    6431   1.0000597954E+00
    6432   1.0000584148E+00
    6433   1.0000573326E+00
    6434   1.0000566503E+00
    6435   1.0000563898E+00
    6436   1.0000564785E+00
    6437   1.0000567558E+00
    6438   1.0000570003E+00
    6439   1.0000569740E+00
    6440   1.0000564730E+00
    6441   1.0000553732E+00
    6442   1.0000536570E+00
    6443   1.0000514174E+00
    6444   1.0000488378E+00
    6445   1.0000461541E+00
    6446   1.0000436080E+00
    6447   1.0000414037E+00
    6448   1.0000396750E+00
    6449   1.0000384717E+00
    6450   1.0000377660E+00
    6451   1.0000374744E+00
    6452   1.0000374895E+00
    6453   1.0000377097E+00
    6454   1.0000380594E+00
    6455   1.0000384954E+00
    6456   1.0000390013E+00
    6457   1.0000395728E+00
    6458   1.0000402022E+00
    6459   1.0000408656E+00
    6460   1.0000415178E+00
    6461   1.0000420953E+00
    6462   1.0000425267E+00
    6463   1.0000427513E+00
    6464   1.0000427400E+00
    6465   1.0000425169E+00
    6466   1.0000421771E+00
    6467   1.0000418967E+00
    6468   1.0000419322E+00
    6469   1.0000426056E+00
    6470   1.0000442751E+00
    6471   1.0000472893E+00
    6472   1.0000519292E+00
    6473   1.0000583437E+00
    6474   1.0000664893E+00
    6475   1.0000760860E+00
    6476   1.0000866051E+00
    6477   1.0000972961E+00
    6478   1.0001072593E+00
    6479   1.0001155554E+00
    6480   1.0001213370E+00
    6481   1.0001239780E+00
    6482   1.0001231736E+00
    6483   1.0001189916E+00
    6484   1.0001118603E+00
    6485   1.0001024989E+00
    6486   1.0000918042E+00
    6487   1.0000807176E+00
    6488   1.0000701000E+00
    6489   1.0000606359E+00
    6490   1.0000527808E+00
    6491   1.0000467523E+00
    6492   1.0000425583E+00
    6493   1.0000400484E+00
    6494   1.0000389741E+00
    6495   1.0000390449E+00
    6496   1.0000399737E+00
    6497   1.0000415054E+00
    6498   1.0000434307E+00
    6499   1.0000455847E+00
    6500   1.0000478344E+00
    6501   1.0000500602E+00
    6502   1.0000521371E+00
    6503   1.0000539218E+00
    6504   1.0000552517E+00
    6505   1.0000559565E+00
    6506   1.0000558800E+00
    6507   1.0000549090E+00
    6508   1.0000529979E+00
    6509   1.0000501856E+00
    6510   1.0000465968E+00
    6511   1.0000424290E+00
    6512   1.0000379278E+00
    6513   1.0000333554E+00
    6514   1.0000289598E+00
    6515   1.0000249489E+00
    6516   1.0000214737E+00
    6517   1.0000186200E+00
    6518   1.0000164094E+00
    6519   1.0000148067E+00
    6520   1.0000137315E+00
    6521   1.0000130732E+00
    6522   1.0000127059E+00
    6523   1.0000125031E+00
    6524   1.0000123500E+00
    6525   1.0000121531E+00
    6526   1.0000118467E+00
    6527   1.0000113943E+00
    6528   1.0000107874E+00
    6529   1.0000100408E+00
    6530   1.0000091859E+00
    6531   1.0000082644E+00
    6532   1.0000073234E+00
    6533   1.0000064130E+00
    6534   1.0000055862E+00
    6535   1.0000049017E+00
    6536   1.0000044263E+00
    6537   1.0000042361E+00
    6538   1.0000044141E+00
    6539   1.0000050421E+00
    6540   1.0000061876E+00
    6541   1.0000078862E+00
    6542   1.0000101247E+00
    6543   1.0000128268E+00
    6544   1.0000158501E+00
    6545   1.0000189936E+00
    6546   1.0000220199E+00
    6547   1.0000246881E+00
    6548   1.0000267904E+00
    6549   1.0000281864E+00
    6550   1.0000288249E+00
    6551   1.0000287489E+00
    6552   1.0000280822E+00
    6553   1.0000270017E+00
    6554   1.0000257023E+00
    6555   1.0000243638E+00
    6556   1.0000231273E+00
    6557   1.0000220836E+00
    6558   1.0000212753E+00
    6559   1.0000207082E+00
    6560   1.0000203651E+00
    6561   1.0000202187E+00
    6562   1.0000202378E+00
    6563   1.0000203879E+00
    6564   1.0000206270E+00
    6565   1.0000209013E+00
    6566   1.0000211441E+00
    6567   1.0000212800E+00
    6568   1.0000212338E+00
    6569   1.0000209435E+00
    6570   1.0000203720E+00
    6571   1.0000195151E+00
    6572   1.0000184047E+00
    6573   1.0000171035E+00
    6574   1.0000156952E+00
    6575   1.0000142708E+00
    6576   1.0000129156E+00
    6577   1.0000116976E+00
    6578   1.0000106612E+00
    6579   1.0000098259E+00
    6580   1.0000091888E+00
    6581   1.0000087312E+00
    6582   1.0000084258E+00
    6583   1.0000082451E+00
    6584   1.0000081673E+00
    6585   1.0000081797E+00
    6586   1.0000082793E+00
    6587   1.0000084688E+00
    6588   1.0000087528E+00
    6589   1.0000091323E+00
    6590   1.0000096016E+00
    6591   1.0000101487E+00
    6592   1.0000107571E+00
    6593   1.0000114112E+00
    6594   1.0000121011E+00
    6595   1.0000128264E+00
    6596   1.0000135964E+00
    6597   1.0000144268E+00
    6598   1.0000153319E+00
    6599   1.0000163172E+00
    6600   1.0000173720E+00
    6601   1.0000184676E+00
    6602   1.0000195595E+00
    6603   1.0000205944E+00
    6604   1.0000215193E+00
    6605   1.0000222895E+00
    6606   1.0000228737E+00
    6607   1.0000232544E+00
    6608   1.0000234254E+00
    6609   1.0000233859E+00
    6610   1.0000231365E+00
    6611   1.0000226761E+00
    6612   1.0000220033E+00
    6613   1.0000211197E+00
    6614   1.0000200349E+00
    6615   1.0000187706E+00
    6616   1.0000173622E+00
    6617   1.0000158573E+00
    6618   1.0000143122E+00
    6619   1.0000127857E+00
    6620   1.0000113338E+00
    6621   1.0000100040E+00
    6622   1.0000088318E+00
    6623   1.0000078386E+00
    6624   1.0000070310E+00
    6625   1.0000064017E+00
    6626   1.0000059315E+00
    6627   1.0000055919E+00
    6628   1.0000053485E+00
    6629   1.0000051654E+00
    6630   1.0000050099E+00
    6631   1.0000048575E+00
    6632   1.0000046947E+00
    6633   1.0000045208E+00
    6634   1.0000043460E+00
    6635   1.0000041881E+00
    6636   1.0000040676E+00
    6637   1.0000040022E+00
    6638   1.0000040033E+00
    6639   1.0000040727E+00
    6640   1.0000042024E+00
    6641   1.0000043760E+00
    6642   1.0000045720E+00
    6643   1.0000047683E+00
    6644   1.0000049464E+00
    6645   1.0000050950E+00
    6646   1.0000052115E+00
    6647   1.0000053024E+00
    6648   1.0000053815E+00
    6649   1.0000054685E+00
    6650   1.0000055849E+00
    6651   1.0000057517E+00
    6652   1.0000059855E+00
    6653   1.0000062957E+00
    6654   1.0000066825E+00
    6655   1.0000071362E+00
    6656   1.0000076381E+00
    6657   1.0000081630E+00
    6658   1.0000086835E+00
    6659   1.0000091743E+00
    6660   1.0000096165E+00
    6661   1.0000099998E+00
    6662   1.0000103234E+00
    6663   1.0000105929E+00
    6664   1.0000108169E+00
    6665   1.0000110026E+00
    6666   1.0000111526E+00
    6667   1.0000112634E+00
    6668   1.0000113262E+00
    6669   1.0000113288E+00
    6670   1.0000112586E+00
    6671   1.0000111060E+00
    6672   1.0000108663E+00
    6673   1.0000105414E+00
    6674   1.0000101398E+00
    6675   1.0000096764E+00
    6676   1.0000091705E+00
    6677   1.0000086445E+00
    6678   1.0000081225E+00
    6679   1.0000076283E+00
    6680   1.0000071839E+00
    6681   1.0000068078E+00
    6682   1.0000065133E+00
    6683   1.0000063072E+00
    6684   1.0000061894E+00
    6685   1.0000061520E+00
    6686   1.0000061808E+00
    6687   1.0000062560E+00
    6688   1.0000063546E+00
    6689   1.0000064540E+00
    6690   1.0000065348E+00
    6691   1.0000065841E+00
    6692   1.0000065974E+00
    6693   1.0000065788E+00
    6694   1.0000065391E+00
    6695   1.0000064931E+00
    6696   1.0000064561E+00
    6697   1.0000064416E+00
    6698   1.0000064586E+00
    6699   1.0000065106E+00
    6700   1.0000065952E+00
    6701   1.0000067042E+00
    6702   1.0000068238E+00
    6703   1.0000069353E+00
    6704   1.0000070171E+00
    6705   1.0000070467E+00
    6706   1.0000070050E+00
    6707   1.0000068797E+00
    6708   1.0000066697E+00
    6709   1.0000063871E+00
    6710   1.0000060569E+00
    6711   1.0000057136E+00
    6712   1.0000053955E+00
    6713   1.0000051374E+00
    6714   1.0000049649E+00
    6715   1.0000048892E+00
    6716   1.0000049066E+00
    6717   1.0000049995E+00
    6718   1.0000051411E+00
    6719   1.0000053011E+00
    6720   1.0000054516E+00
    6721   1.0000055721E+00
    6722   1.0000056528E+00
    6723   1.0000056951E+00
    6724   1.0000057104E+00
    6725   1.0000057173E+00
    6726   1.0000057377E+00
    6727   1.0000057923E+00
    6728   1.0000058975E+00
    6729   1.0000060623E+00
    6730   1.0000062871E+00
    6731   1.0000065636E+00
    6732   1.0000068764E+00
    6733   1.0000072049E+00
    6734   1.0000075261E+00
    6735   1.0000078171E+00
    6736   1.0000080571E+00
    6737   1.0000082294E+00
    6738   1.0000083224E+00
    6739   1.0000083308E+00
    6740   1.0000082549E+00
    6741   1.0000081004E+00
    6742   1.0000078776E+00
    6743   1.0000076002E+00
    6744   1.0000072841E+00
    6745   1.0000069464E+00
    6746   1.0000066039E+00
    6747   1.0000062718E+00
    6748   1.0000059617E+00
    6749   1.0000056808E+00
    6750   1.0000054311E+00
    6751   1.0000052103E+00
    6752   1.0000050127E+00
    6753   1.0000048322E+00
    6754   1.0000046646E+00
    6755   1.0000045094E+00
    6756   1.0000043712E+00
    6757   1.0000042583E+00
    6758   1.0000041810E+00
    6759   1.0000041481E+00
    6760   1.0000041642E+00
    6761   1.0000042272E+00
    6762   1.0000043274E+00
    6763   1.0000044489E+00
    6764   1.0000045716E+00
    6765   1.0000046747E+00
    6766   1.0000047404E+00
    6767   1.0000047570E+00
    6768   1.0000047205E+00
    6769   1.0000046348E+00
    6770   1.0000045102E+00
    6771   1.0000043604E+00
    6772   1.0000041988E+00
    6773   1.0000040358E+00
    6774   1.0000038764E+00
    6775   1.0000037204E+00
    6776   1.0000035637E+00
    6777   1.0000034013E+00
    6778   1.0000032297E+00
    6779   1.0000030504E+00
    6780   1.0000028699E+00
    6781   1.0000026998E+00
    6782   1.0000025541E+00
    6783   1.0000024462E+00
    6784   1.0000023860E+00
    6785   1.0000023774E+00
    6786   1.0000024175E+00
    6787   1.0000024976E+00
    6788   1.0000026040E+00
    6789   1.0000027212E+00
    6790   1.0000028339E+00
    6791   1.0000029289E+00
    6792   1.0000029963E+00
    6793   1.0000030296E+00
    6794   1.0000030253E+00
    6795   1.0000029822E+00
    6796   1.0000029009E+00
    6797   1.0000027837E+00
    6798   1.0000026345E+00
    6799   1.0000024596E+00
    6800   1.0000022678E+00
    6801   1.0000020700E+00
    6802   1.0000018790E+00
    6803   1.0000017077E+00
    6804   1.0000015672E+00
    6805   1.0000014653E+00
    6806   1.0000014050E+00
    6807   1.0000013843E+00
    6808   1.0000013962E+00
    6809   1.0000014310E+00
    6810   1.0000014782E+00
    6811   1.0000015283E+00
    6812   1.0000015754E+00
    6813   1.0000016173E+00
    6814   1.0000016561E+00
    6815   1.0000016967E+00
    6816   1.0000017451E+00
    6817   1.0000018065E+00
    6818   1.0000018834E+00
    6819   1.0000019748E+00
    6820   1.0000020759E+00
    6821   1.0000021791E+00
    6822   1.0000022752E+00
    6823   1.0000023552E+00
    6824   1.0000024116E+00
    6825   1.0000024398E+00
    6826   1.0000024377E+00
    6827   1.0000024061E+00
    6828   1.0000023479E+00
    6829   1.0000022676E+00
    6830   1.0000021702E+00
    6831   1.0000020610E+00
    6832   1.0000019450E+00
    6833   1.0000018268E+00
    6834   1.0000017099E+00
    6835   1.0000015967E+00
    6836   1.0000014881E+00
    6837   1.0000013843E+00
    6838   1.0000012844E+00
    6839   1.0000011880E+00
    6840   1.0000010955E+00
    6841   1.0000010089E+00
    6842   1.0000009318E+00
    6843   1.0000008689E+00
    6844   1.0000008256E+00
    6845   1.0000008064E+00
    6846   1.0000008141E+00
    6847   1.0000008487E+00
    6848   1.0000009070E+00
    6849   1.0000009823E+00
    6850   1.0000010653E+00
    6851   1.0000011451E+00
    6852   1.0000012105E+00
    6853   1.0000012522E+00
    6854   1.0000012636E+00
    6855   1.0000012424E+00
    6856   1.0000011910E+00
    6857   1.0000011161E+00
    6858   1.0000010280E+00
    6859   1.0000009387E+00
    6860   1.0000008604E+00
    6861   1.0000008036E+00
    6862   1.0000007759E+00
    6863   1.0000007811E+00
    6864   1.0000008192E+00
    6865   1.0000008868E+00
    6866   1.0000009783E+00
    6867   1.0000010866E+00
    6868   1.0000012046E+00
    6869   1.0000013257E+00
    6870   1.0000014448E+00
    6871   1.0000015579E+00
    6872   1.0000016625E+00
    6873   1.0000017566E+00
    6874   1.0000018390E+00
    6875   1.0000019083E+00
    6876   1.0000019630E+00
    6877   1.0000020011E+00
    6878   1.0000020207E+00
    6879   1.0000020198E+00
    6880   1.0000019972E+00
    6881   1.0000019527E+00
    6882   1.0000018872E+00
    6883   1.0000018034E+00
    6884   1.0000017051E+00
    6885   1.0000015972E+00
    6886   1.0000014852E+00
    6887   1.0000013744E+00
    6888   1.0000012697E+00
    6889   1.0000011746E+00
    6890   1.0000010915E+00
    6891   1.0000010211E+00
    6892   1.0000009629E+00
    6893   1.0000009155E+00
    6894   1.0000008769E+00
    6895   1.0000008447E+00
    6896   1.0000008172E+00
    6897   1.0000007928E+00
    6898   1.0000007706E+00
    6899   1.0000007502E+00
    6900   1.0000007315E+00
    6901   1.0000007142E+00
    6902   1.0000006978E+00
    6903   1.0000006818E+00
    6904   1.0000006650E+00
    6905   1.0000006468E+00
    6906   1.0000006266E+00
    6907   1.0000006046E+00
    6908   1.0000005817E+00
    6909   1.0000005596E+00
    6910   1.0000005405E+00
    6911   1.0000005269E+00
    6912   1.0000005211E+00
    6913   1.0000005251E+00
    6914   1.0000005405E+00
    6915   1.0000005680E+00
    6916   1.0000006077E+00
    6917   1.0000006586E+00
    6918   1.0000007187E+00
    6919   1.0000007847E+00
    6920   1.0000008524E+00
    6921   1.0000009164E+00
    6922   1.0000009717E+00
    6923   1.0000010135E+00
    6924   1.0000010387E+00
    6925   1.0000010461E+00
    6926   1.0000010369E+00
    6927   1.0000010140E+00
    6928   1.0000009819E+00
    6929   1.0000009456E+00
    6930   1.0000009093E+00
    6931   1.0000008761E+00
    6932   1.0000008477E+00
    6933   1.0000008237E+00
    6934   1.0000008027E+00
    6935   1.0000007826E+00
    6936   1.0000007613E+00
    6937   1.0000007371E+00
    6938   1.0000007096E+00
    6939   1.0000006791E+00
    6940   1.0000006471E+00
    6941   1.0000006154E+00
    6942   1.0000005862E+00
    6943   1.0000005613E+00
    6944   1.0000005423E+00
    6945   1.0000005300E+00
    6946   1.0000005250E+00
    6947   1.0000005275E+00
    6948   1.0000005379E+00
    6949   1.0000005562E+00
    6950   1.0000005826E+00
    6951   1.0000006170E+00
    6952   1.0000006588E+00
    6953   1.0000007067E+00
    6954   1.0000007584E+00
    6955   1.0000008111E+00
    6956   1.0000008618E+00
    6957   1.0000009077E+00
    6958   1.0000009466E+00
    6959   1.0000009778E+00
    6960   1.0000010012E+00
    6961   1.0000010181E+00
    6962   1.0000010297E+00
    6963   1.0000010374E+00
    6964   1.0000010417E+00
    6965   1.0000010425E+00
    6966   1.0000010389E+00
    6967   1.0000010294E+00
    6968   1.0000010130E+00
    6969   1.0000009887E+00
    6970   1.0000009567E+00
    6971   1.0000009177E+00
    6972   1.0000008738E+00
    6973   1.0000008271E+00
    6974   1.0000007803E+00
    6975   1.0000007356E+00
    6976   1.0000006948E+00
    6977   1.0000006588E+00
    6978   1.0000006275E+00
    6979   1.0000006000E+00
    6980   1.0000005750E+00
    6981   1.0000005510E+00
    6982   1.0000005266E+00
    6983   1.0000005013E+00
    6984   1.0000004751E+00
    6985   1.0000004491E+00
    6986   1.0000004247E+00
    6987   1.0000004040E+00
    6988   1.0000003885E+00
    6989   1.0000003797E+00
    6990   1.0000003781E+00
    6991   1.0000003834E+00
    6992   1.0000003945E+00
    6993   1.0000004098E+00
    6994   1.0000004272E+00
    6995   1.0000004443E+00
    6996   1.0000004590E+00
    6997   1.0000004694E+00
    6998   1.0000004741E+00
    6999   1.0000004724E+00
    7000   1.0000004643E+00
    7001   1.0000004502E+00
    7002   1.0000004311E+00
    7003   1.0000004081E+00
    7004   1.0000003828E+00
    7005   1.0000003565E+00
    7006   1.0000003307E+00
    7007   1.0000003067E+00
    7008   1.0000002856E+00
    7009   1.0000002684E+00
    7010   1.0000002557E+00
    7011   1.0000002476E+00
    7012   1.0000002441E+00
    7013   1.0000002446E+00
    7014   1.0000002484E+00
    7015   1.0000002544E+00
    7016   1.0000002614E+00
    7017   1.0000002684E+00
    7018   1.0000002744E+00
    7019   1.0000002785E+00
    7020   1.0000002800E+00
    7021   1.0000002785E+00
    7022   1.0000002735E+00
    7023   1.0000002651E+00
    7024   1.0000002534E+00
    7025   1.0000002391E+00
    7026   1.0000002230E+00
    7027   1.0000002065E+00
    7028   1.0000001908E+00
    7029   1.0000001779E+00
    7030   1.0000001692E+00
    7031   1.0000001665E+00
    7032   1.0000001709E+00
    7033   1.0000001833E+00
    7034   1.0000002037E+00
    7035   1.0000002316E+00
    7036   1.0000002654E+00
    7037   1.0000003030E+00
    7038   1.0000003414E+00
    7039   1.0000003775E+00
    7040   1.0000004081E+00
    7041   1.0000004306E+00
    7042   1.0000004434E+00
    7043   1.0000004460E+00
    7044   1.0000004391E+00
    7045   1.0000004245E+00
    7046   1.0000004047E+00
    7047   1.0000003828E+00
    7048   1.0000003617E+00
    7049   1.0000003442E+00
    7050   1.0000003326E+00
    7051   1.0000003284E+00
    7052   1.0000003325E+00
    7053   1.0000003451E+00
    7054   1.0000003652E+00
    7055   1.0000003911E+00
    7056   1.0000004202E+00
    7057   1.0000004491E+00
    7058   1.0000004740E+00
    7059   1.0000004913E+00
    7060   1.0000004983E+00
    7061   1.0000004929E+00
    7062   1.0000004749E+00
    7063   1.0000004452E+00
    7064   1.0000004062E+00
    7065   1.0000003611E+00
    7066   1.0000003134E+00
    7067   1.0000002666E+00
    7068   1.0000002232E+00
    7069   1.0000001853E+00
    7070   1.0000001538E+00
    7071   1.0000001286E+00
    7072   1.0000001093E+00
    7073   1.0000000948E+00
    7074   1.0000000842E+00
    7075   1.0000000765E+00
    7076   1.0000000711E+00
    7077   1.0000000679E+00
    7078   1.0000000670E+00
    7079   1.0000000688E+00
    7080   1.0000000739E+00
    7081   1.0000000825E+00
    7082   1.0000000950E+00
    7083   1.0000001111E+00
    7084   1.0000001303E+00
    7085   1.0000001518E+00
    7086   1.0000001744E+00
    7087   1.0000001970E+00
    7088   1.0000002183E+00
    7089   1.0000002375E+00
    7090   1.0000002536E+00
    7091   1.0000002662E+00
    7092   1.0000002750E+00
    7093   1.0000002800E+00
    7094   1.0000002810E+00
    7095   1.0000002780E+00
    7096   1.0000002710E+00
    7097   1.0000002601E+00
    7098   1.0000002456E+00
    7099   1.0000002277E+00
    7100   1.0000002074E+00
    7101   1.0000001854E+00
    7102   1.0000001629E+00
    7103   1.0000001410E+00
    7104   1.0000001208E+00
    7105   1.0000001033E+00
    7106   1.0000000891E+00
    7107   1.0000000788E+00
    7108   1.0000000723E+00
    7109   1.0000000695E+00
    7110   1.0000000702E+00
    7111   1.0000000739E+00
    7112   1.0000000799E+00
    7113   1.0000000876E+00
    7114   1.0000000961E+00
    7115   1.0000001046E+00
    7116   1.0000001123E+00
    7117   1.0000001185E+00
    7118   1.0000001228E+00
    7119   1.0000001250E+00
    7120   1.0000001252E+00
    7121   1.0000001236E+00
    7122   1.0000001209E+00
    7123   1.0000001175E+00
    7124   1.0000001142E+00
    7125   1.0000001113E+00
    7126   1.0000001091E+00
    7127   1.0000001078E+00
    7128   1.0000001074E+00
    7129   1.0000001079E+00
    7130   1.0000001091E+00
    7131   1.0000001109E+00
    7132   1.0000001133E+00
    7133   1.0000001160E+00
    7134   1.0000001187E+00
    7135   1.0000001210E+00
    7136   1.0000001224E+00
    7137   1.0000001225E+00
    7138   1.0000001208E+00
    7139   1.0000001172E+00
    7140   1.0000001118E+00
    7141   1.0000001048E+00
    7142   1.0000000969E+00
    7143   1.0000000889E+00
    7144   1.0000000813E+00
    7145   1.0000000749E+00
    7146   1.0000000699E+00
    7147   1.0000000665E+00
    7148   1.0000000646E+00
    7149   1.0000000640E+00
    7150   1.0000000644E+00
    7151   1.0000000653E+00
    7152   1.0000000663E+00
    7153   1.0000000671E+00
    7154   1.0000000675E+00
    7155   1.0000000674E+00
    7156   1.0000000666E+00
    7157   1.0000000652E+00
    7158   1.0000000633E+00
    7159   1.0000000610E+00
    7160   1.0000000586E+00
    7161   1.0000000564E+00
    7162   1.0000000546E+00
    7163   1.0000000533E+00
    7164   1.0000000528E+00
    7165   1.0000000532E+00
    7166   1.0000000543E+00
    7167   1.0000000562E+00
    7168   1.0000000587E+00
    7169   1.0000000616E+00
    7170   1.0000000646E+00
    7171   1.0000000676E+00
    7172   1.0000000702E+00
    7173   1.0000000723E+00
    7174   1.0000000737E+00
    7175   1.0000000743E+00
    7176   1.0000000738E+00
    7177   1.0000000724E+00
    7178   1.0000000701E+00
    7179   1.0000000669E+00
    7180   1.0000000633E+00
    7181   1.0000000595E+00
    7182   1.0000000558E+00
    7183   1.0000000526E+00
    7184   1.0000000502E+00
    7185   1.0000000488E+00
    7186   1.0000000486E+00
    7187   1.0000000496E+00
    7188   1.0000000515E+00
    7189   1.0000000542E+00
    7190   1.0000000572E+00
    7191   1.0000000599E+00
    7192   1.0000000621E+00
    7193   1.0000000631E+00
    7194   1.0000000629E+00
    7195   1.0000000613E+00
    7196   1.0000000585E+00
    7197   1.0000000546E+00
    7198   1.0000000502E+00
    7199   1.0000000458E+00
    7200   1.0000000417E+00
    7201   1.0000000383E+00
    7202   1.0000000361E+00
    7203   1.0000000351E+00
    7204   1.0000000354E+00
    7205   1.0000000369E+00
    7206   1.0000000395E+00
    7207   1.0000000430E+00
    7208   1.0000000471E+00
    7209   1.0000000514E+00
    7210   1.0000000556E+00
    7211   1.0000000593E+00
    7212   1.0000000623E+00
    7213   1.0000000641E+00
    7214   1.0000000645E+00
    7215   1.0000000635E+00
    7216   1.0000000610E+00
    7217   1.0000000571E+00
    7218   1.0000000522E+00
    7219   1.0000000465E+00
    7220   1.0000000404E+00
    7221   1.0000000344E+00
    7222   1.0000000287E+00
    7223   1.0000000236E+00
    7224   1.0000000193E+00
    7225   1.0000000158E+00
    7226   1.0000000131E+00
    7227   1.0000000112E+00
    7228   1.0000000100E+00
    7229   1.0000000093E+00
    7230   1.0000000090E+00
    7231   1.0000000092E+00
    7232   1.0000000095E+00
    7233   1.0000000101E+00
    7234   1.0000000108E+00
    7235   1.0000000116E+00
    7236   1.0000000124E+00
    7237   1.0000000131E+00
    7238   1.0000000137E+00
    7239   1.0000000142E+00
    7240   1.0000000145E+00
    7241   1.0000000145E+00
    7242   1.0000000142E+00
    7243   1.0000000138E+00
    7244   1.0000000131E+00
    7245   1.0000000122E+00
    7246   1.0000000113E+00
    7247   1.0000000103E+00
    7248   1.0000000094E+00
    7249   1.0000000085E+00
    7250   1.0000000077E+00
    7251   1.0000000071E+00
    7252   1.0000000065E+00
    7253   1.0000000062E+00
    7254   1.0000000059E+00
    7255   1.0000000058E+00
    7256   1.0000000057E+00
    7257   1.0000000058E+00
    7258   1.0000000059E+00
    7259   1.0000000061E+00
    7260   1.0000000064E+00
    7261   1.0000000067E+00
    7262   1.0000000070E+00
    7263   1.0000000073E+00
    7264   1.0000000077E+00
    7265   1.0000000081E+00
    7266   1.0000000087E+00
    7267   1.0000000095E+00
    7268   1.0000000105E+00
    7269   1.0000000119E+00
    7270   1.0000000135E+00
    7271   1.0000000155E+00
    7272   1.0000000176E+00
    7273   1.0000000197E+00
    7274   1.0000000218E+00
    7275   1.0000000236E+00
    7276   1.0000000249E+00
    7277   1.0000000258E+00
    7278   1.0000000262E+00
    7279   1.0000000260E+00
    7280   1.0000000256E+00
    7281   1.0000000250E+00
    7282   1.0000000244E+00
    7283   1.0000000240E+00
    7284   1.0000000240E+00
    7285   1.0000000244E+00
    7286   1.0000000251E+00
    7287   1.0000000262E+00
    7288   1.0000000275E+00
    7289   1.0000000287E+00
    7290   1.0000000298E+00
    7291   1.0000000304E+00
    7292   1.0000000306E+00
    7293   1.0000000303E+00
    7294   1.0000000295E+00
    7295   1.0000000283E+00
    7296   1.0000000268E+00
    7297   1.0000000250E+00
    7298   1.0000000232E+00
    7299   1.0000000212E+00
    7300   1.0000000193E+00
    7301   1.0000000175E+00
    7302   1.0000000157E+00
    7303   1.0000000141E+00
    7304   1.0000000128E+00
    7305   1.0000000117E+00
    7306   1.0000000109E+00
    7307   1.0000000106E+00
    7308   1.0000000106E+00
    7309   1.0000000111E+00
    7310   1.0000000119E+00
    7311   1.0000000130E+00
    7312   1.0000000143E+00
    7313   1.0000000155E+00
    7314   1.0000000167E+00
    7315   1.0000000178E+00
    7316   1.0000000186E+00
    7317   1.0000000192E+00
    7318   1.0000000196E+00
    7319   1.0000000200E+00
    7320   1.0000000202E+00
    7321   1.0000000204E+00
    7322   1.0000000206E+00
    7323   1.0000000206E+00
    7324   1.0000000206E+00
    7325   1.0000000203E+00
    7326   1.0000000198E+00
    7327   1.0000000191E+00
    7328   1.0000000180E+00
    7329   1.0000000168E+00
    7330   1.0000000154E+00
    7331   1.0000000140E+00
    7332   1.0000000127E+00
    7333   1.0000000115E+00
    7334   1.0000000105E+00
    7335   1.0000000097E+00
    7336   1.0000000090E+00
    7337   1.0000000084E+00
    7338   1.0000000079E+00
    7339   1.0000000073E+00
    7340   1.0000000067E+00
    7341   1.0000000059E+00
    7342   1.0000000052E+00
    7343   1.0000000044E+00
    7344   1.0000000036E+00
    7345   1.0000000030E+00
    7346   1.0000000024E+00
    7347   1.0000000020E+00
    7348   1.0000000018E+00
    7349   1.0000000018E+00
    7350   1.0000000019E+00
    7351   1.0000000022E+00
    7352   1.0000000025E+00
    7353   1.0000000029E+00
    7354   1.0000000033E+00
    7355   1.0000000037E+00
    7356   1.0000000041E+00
    7357   1.0000000044E+00
    7358   1.0000000047E+00
    7359   1.0000000049E+00
    7360   1.0000000051E+00
    7361   1.0000000053E+00
    7362   1.0000000054E+00
    7363   1.0000000056E+00
    7364   1.0000000057E+00
    7365   1.0000000059E+00
    7366   1.0000000061E+00
    7367   1.0000000064E+00
    7368   1.0000000067E+00
    7369   1.0000000070E+00
    7370   1.0000000074E+00
    7371   1.0000000078E+00
    7372   1.0000000082E+00
    7373   1.0000000085E+00
    7374   1.0000000088E+00
    7375   1.0000000090E+00
    7376   1.0000000090E+00
    7377   1.0000000089E+00
    7378   1.0000000086E+00
    7379   1.0000000081E+00
    7380   1.0000000075E+00
    7381   1.0000000068E+00
    7382   1.0000000060E+00
    7383   1.0000000051E+00
    7384   1.0000000043E+00
    7385   1.0000000034E+00
    7386   1.0000000027E+00
    7387   1.0000000020E+00
    7388   1.0000000014E+00
    7389   1.0000000010E+00
    7390   1.0000000006E+00
    7391   1.0000000004E+00
    7392   1.0000000002E+00
    7393   1.0000000001E+00
    7394   1.0000000000E+00
    7395   9.9999999996E-01
    7396   9.9999999993E-01
    7397   9.9999999992E-01
    7398   9.9999999992E-01
    7399   9.9999999993E-01
    7400   9.9999999994E-01
    7401   9.9999999998E-01
    7402   1.0000000000E+00
    7403   1.0000000001E+00
    7404   1.0000000002E+00
    7405   1.0000000003E+00
    7406   1.0000000005E+00
    7407   1.0000000007E+00
    7408   1.0000000010E+00
    7409   1.0000000012E+00
    7410   1.0000000015E+00
    7411   1.0000000017E+00
    7412   1.0000000019E+00
    7413   1.0000000020E+00
    7414   1.0000000021E+00
    7415   1.0000000020E+00
    7416   1.0000000019E+00
    7417   1.0000000018E+00
    7418   1.0000000015E+00
    7419   1.0000000013E+00
    7420   1.0000000010E+00
    7421   1.0000000008E+00
    7422   1.0000000006E+00
    7423   1.0000000004E+00
    7424   1.0000000003E+00
    7425   1.0000000002E+00
    7426   1.0000000001E+00
    7427   1.0000000000E+00
    7428   9.9999999999E-01
    7429   9.9999999997E-01
    7430   9.9999999996E-01
    7431   9.9999999996E-01
    7432   9.9999999995E-01
    7433   9.9999999995E-01
    7434   9.9999999995E-01
    7435   9.9999999995E-01
    7436   9.9999999995E-01
    7437   9.9999999995E-01
    7438   9.9999999996E-01
    7439   9.9999999996E-01
    7440   9.9999999996E-01
    7441   9.9999999996E-01
    7442   9.9999999996E-01
    7443   9.9999999996E-01
    7444   9.9999999996E-01
    7445   9.9999999996E-01
    7446   9.9999999997E-01
    7447   9.9999999997E-01
    7448   9.9999999997E-01
    7449   9.9999999997E-01
    7450   9.9999999997E-01
    7451   9.9999999997E-01
    7452   9.9999999997E-01
    7453   9.9999999997E-01
    7454   9.9999999997E-01
    7455   9.9999999998E-01
    7456   9.9999999998E-01
    7457   9.9999999998E-01
    7458   9.9999999998E-01
    7459   9.9999999999E-01
    7460   1.0000000000E+00
    7461   1.0000000000E+00
    7462   1.0000000001E+00
    7463   1.0000000001E+00
    7464   1.0000000002E+00
    7465   1.0000000003E+00
    7466   1.0000000005E+00
    7467   1.0000000007E+00
    7468   1.0000000009E+00
    7469   1.0000000012E+00
    7470   1.0000000015E+00
    7471   1.0000000019E+00
    7472   1.0000000022E+00
    7473   1.0000000024E+00
    7474   1.0000000026E+00
    7475   1.0000000027E+00
    7476   1.0000000027E+00
    7477   1.0000000026E+00
    7478   1.0000000024E+00
    7479   1.0000000022E+00
    7480   1.0000000018E+00
    7481   1.0000000015E+00
    7482   1.0000000012E+00
    7483   1.0000000009E+00
    7484   1.0000000007E+00
    7485   1.0000000005E+00
    7486   1.0000000003E+00
    7487   1.0000000002E+00
    7488   1.0000000001E+00
    7489   1.0000000001E+00
    7490   1.0000000000E+00
    7491   1.0000000000E+00
    7492   1.0000000000E+00
    7493   1.0000000000E+00
    7494   1.0000000000E+00
    7495   1.0000000000E+00
    7496   1.0000000000E+00
    7497   1.0000000000E+00
    7498   1.0000000000E+00
    7499   1.0000000000E+00
    7500   1.0000000000E+00
    7501   1.0000000000E+00
    7502   1.0000000000E+00
    7503   1.0000000000E+00
    7504   1.0000000000E+00
    7505   1.0000000000E+00
    7506   1.0000000000E+00
    7507   1.0000000000E+00
    7508   1.0000000000E+00
    7509   1.0000000000E+00
    7510   1.0000000000E+00
    7511   1.0000000000E+00
    7512   1.0000000000E+00
    7513   1.0000000000E+00
    7514   1.0000000000E+00
    7515   1.0000000000E+00
    7516   1.0000000000E+00
    7517   1.0000000000E+00
    7518   1.0000000000E+00
    7519   1.0000000000E+00
    7520   1.0000000000E+00
    7521   1.0000000000E+00
    7522   1.0000000000E+00
    7523   1.0000000000E+00
    7524   1.0000000000E+00
    7525   1.0000000000E+00
    7526   1.0000000000E+00
    7527   1.0000000000E+00
    7528   1.0000000000E+00
    7529   1.0000000000E+00
    7530   1.0000000000E+00
    7531   1.0000000000E+00
    7532   1.0000000000E+00
    7533   1.0000000000E+00
    7534   1.0000000000E+00
    7535   1.0000000000E+00
    7536   1.0000000000E+00
    7537   1.0000000000E+00
    7538   1.0000000000E+00
    7539   1.0000000000E+00
    7540   1.0000000000E+00
    7541   1.0000000000E+00
    7542   1.0000000000E+00
    7543   1.0000000000E+00
    7544   1.0000000000E+00
    7545   1.0000000000E+00
    7546   1.0000000000E+00
    7547   1.0000000000E+00
    7548   1.0000000000E+00
    7549   1.0000000000E+00
    7550   1.0000000000E+00
    7551   1.0000000000E+00
    7552   1.0000000000E+00
    7553   1.0000000000E+00
    7554   1.0000000000E+00
    7555   1.0000000000E+00
    7556   1.0000000000E+00
    7557   1.0000000000E+00
    7558   1.0000000000E+00
    7559   1.0000000000E+00
    7560   1.0000000000E+00
    7561   1.0000000000E+00
    7562   1.0000000000E+00
    7563   1.0000000000E+00
    7564   1.0000000000E+00
    7565   1.0000000000E+00
    7566   1.0000000000E+00
    7567   1.0000000000E+00
    7568   1.0000000000E+00
    7569   1.0000000000E+00
    7570   1.0000000000E+00
    7571   1.0000000000E+00
    7572   1.0000000000E+00
    7573   1.0000000000E+00
    7574   1.0000000000E+00
    7575   1.0000000000E+00
    7576   1.0000000000E+00
    7577   1.0000000000E+00
    7578   1.0000000000E+00
    7579   1.0000000000E+00
    7580   1.0000000000E+00
    7581   1.0000000000E+00
    7582   1.0000000000E+00
    7583   1.0000000000E+00
    7584   1.0000000000E+00
    7585   1.0000000000E+00
    7586   1.0000000000E+00
    7587   1.0000000000E+00
    7588   1.0000000000E+00
    7589   1.0000000000E+00
    7590   1.0000000000E+00
    7591   1.0000000000E+00
    7592   1.0000000000E+00
    7593   1.0000000000E+00
    7594   1.0000000000E+00
    7595   1.0000000000E+00
    7596   1.0000000000E+00
    7597   1.0000000000E+00
    7598   1.0000000000E+00
    7599   1.0000000000E+00
    7600   1.0000000000E+00
    7601   1.0000000000E+00
    7602   1.0000000000E+00
    7603   1.0000000000E+00
    7604   1.0000000000E+00
    7605   1.0000000000E+00
    7606   1.0000000000E+00
    7607   1.0000000000E+00
    7608   1.0000000000E+00
    7609   1.0000000000E+00
    7610   1.0000000000E+00
    7611   1.0000000000E+00
    7612   1.0000000000E+00
    7613   1.0000000000E+00
    7614   1.0000000000E+00
    7615   1.0000000000E+00
    7616   1.0000000000E+00
    7617   1.0000000000E+00
    7618   1.0000000000E+00
    7619   1.0000000000E+00
    7620   1.0000000000E+00
    7621   1.0000000000E+00
    7622   1.0000000000E+00
    7623   1.0000000000E+00
    7624   1.0000000000E+00
    7625   1.0000000000E+00
    7626   1.0000000000E+00
    7627   1.0000000000E+00
    7628   1.0000000000E+00
    7629   1.0000000000E+00
    7630   1.0000000000E+00
    7631   1.0000000000E+00
    7632   1.0000000000E+00
    7633   1.0000000000E+00
    7634   1.0000000000E+00
    7635   1.0000000000E+00
    7636   1.0000000000E+00
    7637   1.0000000000E+00
    7638   1.0000000000E+00
    7639   1.0000000000E+00
    7640   1.0000000000E+00
    7641   1.0000000000E+00
    7642   1.0000000000E+00
    7643   1.0000000000E+00
    7644   1.0000000000E+00
    7645   1.0000000000E+00
    7646   1.0000000000E+00
    7647   1.0000000000E+00
    7648   1.0000000000E+00
    7649   1.0000000000E+00
    7650   1.0000000000E+00
    7651   1.0000000000E+00
    7652   1.0000000000E+00
    7653   1.0000000000E+00
    7654   1.0000000000E+00
    7655   1.0000000000E+00
    7656   1.0000000000E+00
    7657   1.0000000000E+00
    7658   1.0000000000E+00
    7659   1.0000000000E+00
    7660   1.0000000000E+00
    7661   1.0000000000E+00
    7662   1.0000000000E+00
    7663   1.0000000000E+00
    7664   1.0000000000E+00
    7665   1.0000000000E+00
    7666   1.0000000000E+00
    7667   1.0000000000E+00
    7668   1.0000000000E+00
    7669   1.0000000000E+00
    7670   1.0000000000E+00
    7671   1.0000000000E+00
    7672   1.0000000000E+00
    7673   1.0000000000E+00
    7674   1.0000000000E+00
    7675   1.0000000000E+00
    7676   1.0000000000E+00
    7677   1.0000000000E+00
    7678   1.0000000000E+00
    7679   1.0000000000E+00
    7680   1.0000000000E+00
    7681   1.0000000000E+00
    7682   1.0000000000E+00
    7683   1.0000000000E+00
    7684   1.0000000000E+00
    7685   1.0000000000E+00
    7686   1.0000000000E+00
    7687   1.0000000000E+00
    7688   1.0000000000E+00
    7689   1.0000000000E+00
    7690   1.0000000000E+00
    7691   1.0000000000E+00
    7692   1.0000000000E+00
    7693   1.0000000000E+00
    7694   1.0000000000E+00
    7695   1.0000000000E+00
    7696   1.0000000000E+00
    7697   1.0000000000E+00
    7698   1.0000000000E+00
    7699   1.0000000000E+00
    7700   1.0000000000E+00
    7701   1.0000000000E+00
    7702   1.0000000000E+00
    7703   1.0000000000E+00
    7704   1.0000000000E+00
    7705   1.0000000000E+00
    7706   1.0000000000E+00
    7707   1.0000000000E+00
    7708   1.0000000000E+00
    7709   1.0000000000E+00
    7710   1.0000000000E+00
    7711   1.0000000000E+00
    7712   1.0000000000E+00
    7713   1.0000000000E+00
    7714   1.0000000000E+00
    7715   1.0000000000E+00
    7716   1.0000000000E+00
    7717   1.0000000000E+00
    7718   1.0000000000E+00
    7719   1.0000000000E+00
    7720   1.0000000000E+00
    7721   1.0000000000E+00
    7722   1.0000000000E+00
    7723   1.0000000000E+00
    7724   1.0000000000E+00
    7725   1.0000000000E+00
    7726   1.0000000000E+00
    7727   1.0000000000E+00
    7728   1.0000000000E+00
    7729   1.0000000000E+00
    7730   1.0000000000E+00
    7731   1.0000000000E+00
    7732   1.0000000000E+00
    7733   1.0000000000E+00
    7734   1.0000000000E+00
    7735   1.0000000000E+00
    7736   1.0000000000E+00
    7737   1.0000000000E+00
    7738   1.0000000000E+00
    7739   1.0000000000E+00
    7740   1.0000000000E+00
    7741   1.0000000000E+00
    7742   1.0000000000E+00
    7743   1.0000000000E+00
    7744   1.0000000000E+00
    7745   1.0000000000E+00
    7746   1.0000000000E+00
    7747   1.0000000000E+00
    7748   1.0000000000E+00
    7749   1.0000000000E+00
    7750   1.0000000000E+00
    7751   1.0000000000E+00
    7752   1.0000000000E+00
    7753   1.0000000000E+00
    7754   1.0000000000E+00
    7755   1.0000000000E+00
    7756   1.0000000000E+00
    7757   1.0000000000E+00
    7758   1.0000000000E+00
    7759   1.0000000000E+00
    7760   1.0000000000E+00
    7761   1.0000000000E+00
    7762   1.0000000000E+00
    7763   1.0000000000E+00
    7764   1.0000000000E+00
    7765   1.0000000000E+00
    7766   1.0000000000E+00
    7767   1.0000000000E+00
    7768   1.0000000000E+00
    7769   1.0000000000E+00
    7770   1.0000000000E+00
    7771   1.0000000000E+00
    7772   1.0000000000E+00
    7773   1.0000000000E+00
    7774   1.0000000000E+00
    7775   1.0000000000E+00
    7776   1.0000000000E+00
    7777   1.0000000000E+00
    7778   1.0000000000E+00
    7779   1.0000000000E+00
    7780   1.0000000000E+00
    7781   1.0000000000E+00
    7782   1.0000000000E+00
    7783   1.0000000000E+00
    7784   1.0000000000E+00
    7785   1.0000000000E+00
    7786   1.0000000000E+00
    7787   1.0000000000E+00
    7788   1.0000000000E+00
    7789   1.0000000000E+00
    7790   1.0000000000E+00
    7791   1.0000000000E+00
    7792   1.0000000000E+00
    7793   1.0000000000E+00
    7794   1.0000000000E+00
    7795   1.0000000000E+00
    7796   1.0000000000E+00
    7797   1.0000000000E+00
    7798   1.0000000000E+00
    7799   1.0000000000E+00
    7800   1.0000000000E+00
    7801   1.0000000000E+00
    7802   1.0000000000E+00
    7803   1.0000000000E+00
    7804   1.0000000000E+00
    7805   1.0000000000E+00
    7806   1.0000000000E+00
    7807   1.0000000000E+00
    7808   1.0000000000E+00
    7809   1.0000000000E+00
    7810   1.0000000000E+00
    7811   1.0000000000E+00
    7812   1.0000000000E+00
    7813   1.0000000000E+00
    7814   1.0000000000E+00
    7815   1.0000000000E+00
    7816   1.0000000000E+00
    7817   1.0000000000E+00
    7818   1.0000000000E+00
    7819   1.0000000000E+00
    7820   1.0000000000E+00
    7821   1.0000000000E+00
    7822   1.0000000000E+00
    7823   1.0000000000E+00
    7824   1.0000000000E+00
    7825   1.0000000000E+00
    7826   1.0000000000E+00
    7827   1.0000000000E+00
    7828   1.0000000000E+00
    7829   1.0000000000E+00
    7830   1.0000000000E+00
    7831   1.0000000000E+00
    7832   1.0000000000E+00
    7833   1.0000000000E+00
    7834   1.0000000000E+00
    7835   1.0000000000E+00
    7836   1.0000000000E+00
    7837   1.0000000000E+00
    7838   1.0000000000E+00
    7839   1.0000000000E+00
    7840   1.0000000000E+00
    7841   1.0000000000E+00
    7842   1.0000000000E+00
    7843   1.0000000000E+00
    7844   1.0000000000E+00
    7845   1.0000000000E+00
    7846   1.0000000000E+00
    7847   1.0000000000E+00
    7848   1.0000000000E+00
    7849   1.0000000000E+00
    7850   1.0000000000E+00
    7851   1.0000000000E+00
    7852   1.0000000000E+00
    7853   1.0000000000E+00
    7854   1.0000000000E+00
    7855   1.0000000000E+00
    7856   1.0000000000E+00
    7857   1.0000000000E+00
    7858   1.0000000000E+00
    7859   1.0000000000E+00
    7860   1.0000000000E+00
    7861   1.0000000000E+00
    7862   1.0000000000E+00
    7863   1.0000000000E+00
    7864   1.0000000000E+00
    7865   1.0000000000E+00
    7866   1.0000000000E+00
    7867   1.0000000000E+00
    7868   1.0000000000E+00
    7869   1.0000000000E+00
    7870   1.0000000000E+00
    7871   1.0000000000E+00
    7872   1.0000000000E+00
    7873   1.0000000000E+00
    7874   1.0000000000E+00
    7875   1.0000000000E+00
    7876   1.0000000000E+00
    7877   1.0000000000E+00
    7878   1.0000000000E+00
    7879   1.0000000000E+00
    7880   1.0000000000E+00
    7881   1.0000000000E+00
    7882   1.0000000000E+00
    7883   1.0000000000E+00
    7884   1.0000000000E+00
    7885   1.0000000000E+00
    7886   1.0000000000E+00
    7887   1.0000000000E+00
    7888   1.0000000000E+00
    7889   1.0000000000E+00
    7890   1.0000000000E+00
    7891   1.0000000000E+00
    7892   1.0000000000E+00
    7893   1.0000000000E+00
    7894   1.0000000000E+00
    7895   1.0000000000E+00
    7896   1.0000000000E+00
    7897   1.0000000000E+00
    7898   1.0000000000E+00
    7899   1.0000000000E+00
    7900   1.0000000000E+00
    7901   1.0000000000E+00
    7902   1.0000000000E+00
    7903   1.0000000000E+00
    7904   1.0000000000E+00
    7905   1.0000000000E+00
    7906   1.0000000000E+00
    7907   1.0000000000E+00
    7908   1.0000000000E+00
    7909   1.0000000000E+00
    7910   1.0000000000E+00
    7911   1.0000000000E+00
    7912   1.0000000000E+00
    7913   1.0000000000E+00
    7914   1.0000000000E+00
    7915   1.0000000000E+00
    7916   1.0000000000E+00
    7917   1.0000000000E+00
    7918   1.0000000000E+00
    7919   1.0000000000E+00
    7920   1.0000000000E+00
    7921   1.0000000000E+00
    7922   1.0000000000E+00
    7923   1.0000000000E+00
    7924   1.0000000000E+00
    7925   1.0000000000E+00
    7926   1.0000000000E+00
    7927   1.0000000000E+00
    7928   1.0000000000E+00
    7929   1.0000000000E+00
    7930   1.0000000000E+00
    7931   1.0000000000E+00
    7932   1.0000000000E+00
    7933   1.0000000000E+00
    7934   1.0000000000E+00
    7935   1.0000000000E+00
    7936   1.0000000000E+00
    7937   1.0000000000E+00
    7938   1.0000000000E+00
    7939   1.0000000000E+00
    7940   1.0000000000E+00
    7941   1.0000000000E+00
    7942   1.0000000000E+00
    7943   1.0000000000E+00
    7944   1.0000000000E+00
    7945   1.0000000000E+00
    7946   1.0000000000E+00
    7947   1.0000000000E+00
    7948   1.0000000000E+00
    7949   1.0000000000E+00
    7950   1.0000000000E+00
    7951   1.0000000000E+00
    7952   1.0000000000E+00
    7953   1.0000000000E+00
    7954   1.0000000000E+00
    7955   1.0000000000E+00
    7956   1.0000000000E+00
    7957   1.0000000000E+00
    7958   1.0000000000E+00
    7959   1.0000000000E+00
    7960   1.0000000000E+00
    7961   1.0000000000E+00
    7962   1.0000000000E+00
    7963   1.0000000000E+00
    7964   1.0000000000E+00
    7965   1.0000000000E+00
    7966   1.0000000000E+00
    7967   1.0000000000E+00
    7968   1.0000000000E+00
    7969   1.0000000000E+00
    7970   1.0000000000E+00
    7971   1.0000000000E+00
    7972   1.0000000000E+00
    7973   1.0000000000E+00
    7974   1.0000000000E+00
    7975   1.0000000000E+00
    7976   1.0000000000E+00
    7977   1.0000000000E+00
    7978   1.0000000000E+00
    7979   1.0000000000E+00
    7980   1.0000000000E+00
    7981   1.0000000000E+00
    7982   1.0000000000E+00
    7983   1.0000000000E+00
    7984   1.0000000000E+00
    7985   1.0000000000E+00
    7986   1.0000000000E+00
    7987   1.0000000000E+00
    7988   1.0000000000E+00
    7989   1.0000000000E+00
    7990   1.0000000000E+00
    7991   1.0000000000E+00
    7992   1.0000000000E+00
    7993   1.0000000000E+00
    7994   1.0000000000E+00
    7995   1.0000000000E+00
    7996   1.0000000000E+00
    7997   1.0000000000E+00
    7998   1.0000000000E+00
    7999   1.0000000000E+00
    8000   1.0000000000E+00
    8001   1.0000000000E+00
    8002   1.0000000000E+00
    8003   1.0000000000E+00
    8004   1.0000000000E+00
    8005   1.0000000000E+00
    8006   1.0000000000E+00
    8007   1.0000000000E+00
    8008   1.0000000000E+00
    8009   1.0000000000E+00
    8010   1.0000000000E+00
    8011   1.0000000000E+00
    8012   1.0000000000E+00
    8013   1.0000000000E+00
    8014   1.0000000000E+00
    8015   1.0000000000E+00
    8016   1.0000000000E+00
    8017   1.0000000000E+00
    8018   1.0000000000E+00
    8019   1.0000000000E+00
    8020   1.0000000000E+00
    8021   1.0000000000E+00
    8022   1.0000000000E+00
    8023   1.0000000000E+00
    8024   1.0000000000E+00
    8025   1.0000000000E+00
    8026   1.0000000000E+00
    8027   1.0000000000E+00
    8028   1.0000000000E+00
    8029   1.0000000000E+00
    8030   1.0000000000E+00
    8031   1.0000000000E+00
    8032   1.0000000000E+00
    8033   1.0000000000E+00
    8034   1.0000000000E+00
    8035   1.0000000000E+00
    8036   1.0000000000E+00
    8037   1.0000000000E+00
    8038   1.0000000000E+00
    8039   1.0000000000E+00
    8040   1.0000000000E+00
    8041   1.0000000000E+00
    8042   1.0000000000E+00
    8043   1.0000000000E+00
    8044   1.0000000000E+00
    8045   1.0000000000E+00
    8046   1.0000000000E+00
    8047   1.0000000000E+00
    8048   1.0000000000E+00
    8049   1.0000000000E+00
    8050   1.0000000000E+00
    8051   1.0000000000E+00
    8052   1.0000000000E+00
    8053   1.0000000000E+00
    8054   1.0000000000E+00
    8055   1.0000000000E+00
    8056   1.0000000000E+00
    8057   1.0000000000E+00
    8058   1.0000000000E+00
    8059   1.0000000000E+00
    8060   1.0000000000E+00
    8061   1.0000000000E+00
    8062   1.0000000000E+00
    8063   1.0000000000E+00
    8064   1.0000000000E+00
    8065   1.0000000000E+00
    8066   1.0000000000E+00
    8067   1.0000000000E+00
    8068   1.0000000000E+00
    8069   1.0000000000E+00
    8070   1.0000000000E+00
    8071   1.0000000000E+00
    8072   1.0000000000E+00
    8073   1.0000000000E+00
    8074   1.0000000000E+00
    8075   1.0000000000E+00
    8076   1.0000000000E+00
    8077   1.0000000000E+00
    8078   1.0000000000E+00
    8079   1.0000000000E+00
    8080   1.0000000000E+00
    8081   1.0000000000E+00
    8082   1.0000000000E+00
    8083   1.0000000000E+00
    8084   1.0000000000E+00
    8085   1.0000000000E+00
    8086   1.0000000000E+00
    8087   1.0000000000E+00
    8088   1.0000000000E+00
    8089   1.0000000000E+00
    8090   1.0000000000E+00
    8091   1.0000000000E+00
    8092   1.0000000000E+00
    8093   1.0000000000E+00
    8094   1.0000000000E+00
    8095   1.0000000000E+00
    8096   1.0000000000E+00
    8097   1.0000000000E+00
    8098   1.0000000000E+00
    8099   1.0000000000E+00
    8100   1.0000000000E+00
    8101   1.0000000000E+00
    8102   1.0000000000E+00
    8103   1.0000000000E+00
    8104   1.0000000000E+00
    8105   1.0000000000E+00
    8106   1.0000000000E+00
    8107   1.0000000000E+00
    8108   1.0000000000E+00
    8109   1.0000000000E+00
    8110   1.0000000000E+00
    8111   1.0000000000E+00
    8112   1.0000000000E+00
    8113   1.0000000000E+00
    8114   1.0000000000E+00
    8115   1.0000000000E+00
    8116   1.0000000000E+00
    8117   1.0000000000E+00
    8118   1.0000000000E+00
    8119   1.0000000000E+00
    8120   1.0000000000E+00
    8121   1.0000000000E+00
    8122   1.0000000000E+00
    8123   1.0000000000E+00
    8124   1.0000000000E+00
    8125   1.0000000000E+00
    8126   1.0000000000E+00
    8127   1.0000000000E+00
    8128   1.0000000000E+00
    8129   1.0000000000E+00
    8130   1.0000000000E+00
    8131   1.0000000000E+00
    8132   1.0000000000E+00
    8133   1.0000000000E+00
    8134   1.0000000000E+00
    8135   1.0000000000E+00
    8136   1.0000000000E+00
    8137   1.0000000000E+00
    8138   1.0000000000E+00
    8139   1.0000000000E+00
    8140   1.0000000000E+00
    8141   1.0000000000E+00
    8142   1.0000000000E+00
    8143   1.0000000000E+00
    8144   1.0000000000E+00
    8145   1.0000000000E+00
    8146   1.0000000000E+00
    8147   1.0000000000E+00
    8148   1.0000000000E+00
    8149   1.0000000000E+00
    8150   1.0000000000E+00
    8151   1.0000000000E+00
    8152   1.0000000000E+00
    8153   1.0000000000E+00
    8154   1.0000000000E+00
    8155   1.0000000000E+00
    8156   1.0000000000E+00
    8157   1.0000000000E+00
    8158   1.0000000000E+00
    8159   1.0000000000E+00
    8160   1.0000000000E+00
    8161   1.0000000000E+00
    8162   1.0000000000E+00
    8163   1.0000000000E+00
    8164   1.0000000000E+00
    8165   1.0000000000E+00
    8166   1.0000000000E+00
    8167   1.0000000000E+00
    8168   1.0000000000E+00
    8169   1.0000000000E+00
    8170   1.0000000000E+00
    8171   1.0000000000E+00
    8172   1.0000000000E+00
    8173   1.0000000000E+00
    8174   1.0000000000E+00
    8175   1.0000000000E+00
    8176   1.0000000000E+00
    8177   1.0000000000E+00
    8178   1.0000000000E+00
    8179   1.0000000000E+00
    8180   1.0000000000E+00
    8181   1.0000000000E+00
    8182   1.0000000000E+00
    8183   1.0000000000E+00
    8184   1.0000000000E+00
    8185   1.0000000000E+00
    8186   1.0000000000E+00
    8187   1.0000000000E+00
    8188   1.0000000000E+00
    8189   1.0000000000E+00
    8190   1.0000000000E+00
    8191   1.0000000000E+00
    8192   1.0000000000E+00
    8193   1.0000000000E+00
    8194   1.0000000000E+00
    8195   1.0000000000E+00
    8196   1.0000000000E+00
    8197   1.0000000000E+00
    8198   1.0000000000E+00
    8199   1.0000000000E+00
    8200   1.0000000000E+00
    8201   1.0000000000E+00
    8202   1.0000000000E+00
    8203   1.0000000000E+00
    8204   1.0000000000E+00
    8205   1.0000000000E+00
    8206   1.0000000000E+00
    8207   1.0000000000E+00
    8208   1.0000000000E+00
    8209   1.0000000000E+00
    8210   1.0000000000E+00
    8211   1.0000000000E+00
    8212   1.0000000000E+00
    8213   1.0000000000E+00
    8214   1.0000000000E+00
    8215   1.0000000000E+00
    8216   1.0000000000E+00
    8217   1.0000000000E+00
    8218   1.0000000000E+00
    8219   1.0000000000E+00
    8220   1.0000000000E+00
    8221   1.0000000000E+00
    8222   1.0000000000E+00
    8223   1.0000000000E+00
    8224   1.0000000000E+00
    8225   1.0000000000E+00
    8226   1.0000000000E+00
    8227   1.0000000000E+00
    8228   1.0000000000E+00
    8229   1.0000000000E+00
    8230   1.0000000000E+00
    8231   1.0000000000E+00
    8232   1.0000000000E+00
    8233   1.0000000000E+00
    8234   1.0000000000E+00
    8235   1.0000000000E+00
    8236   1.0000000000E+00
    8237   1.0000000000E+00
    8238   1.0000000000E+00
    8239   1.0000000000E+00
    8240   1.0000000000E+00
    8241   1.0000000000E+00
    8242   1.0000000000E+00
    8243   1.0000000000E+00
    8244   1.0000000000E+00
    8245   1.0000000000E+00
    8246   1.0000000000E+00
    8247   1.0000000000E+00
    8248   1.0000000000E+00
    8249   1.0000000000E+00
    8250   1.0000000000E+00
    8251   1.0000000000E+00
    8252   1.0000000000E+00
    8253   1.0000000000E+00
    8254   1.0000000000E+00
    8255   1.0000000000E+00
    8256   1.0000000000E+00
    8257   1.0000000000E+00
    8258   1.0000000000E+00
    8259   1.0000000000E+00
    8260   1.0000000000E+00
    8261   1.0000000000E+00
    8262   1.0000000000E+00
    8263   1.0000000000E+00
    8264   1.0000000000E+00
    8265   1.0000000000E+00
    8266   1.0000000000E+00
    8267   1.0000000000E+00
    8268   1.0000000000E+00
    8269   1.0000000000E+00
    8270   1.0000000000E+00
    8271   1.0000000000E+00
    8272   1.0000000000E+00
    8273   1.0000000000E+00
    8274   1.0000000000E+00
    8275   1.0000000000E+00
    8276   1.0000000000E+00
    8277   1.0000000000E+00
    8278   1.0000000000E+00
    8279   1.0000000000E+00
    8280   1.0000000000E+00
    8281   1.0000000000E+00
    8282   1.0000000000E+00
    8283   1.0000000000E+00
    8284   1.0000000000E+00
    8285   1.0000000000E+00
    8286   1.0000000000E+00
    8287   1.0000000000E+00
    8288   1.0000000000E+00
    8289   1.0000000000E+00
    8290   1.0000000000E+00
    8291   1.0000000000E+00
    8292   1.0000000000E+00
    8293   1.0000000000E+00
    8294   1.0000000000E+00
    8295   1.0000000000E+00
    8296   1.0000000000E+00
    8297   1.0000000000E+00
    8298   1.0000000000E+00
    8299   1.0000000000E+00
    8300   1.0000000000E+00
    8301   1.0000000000E+00
    8302   1.0000000000E+00
    8303   1.0000000000E+00
    8304   1.0000000000E+00
    8305   1.0000000000E+00
    8306   1.0000000000E+00
    8307   1.0000000000E+00
    8308   1.0000000000E+00
    8309   1.0000000000E+00
    8310   1.0000000000E+00
    8311   1.0000000000E+00
    8312   1.0000000000E+00
    8313   1.0000000000E+00
    8314   1.0000000000E+00
    8315   1.0000000000E+00
    8316   1.0000000000E+00
    8317   1.0000000000E+00
    8318   1.0000000000E+00
    8319   1.0000000000E+00
    8320   1.0000000000E+00
    8321   1.0000000000E+00
    8322   1.0000000000E+00
    8323   1.0000000000E+00
    8324   1.0000000000E+00
    8325   1.0000000000E+00
    8326   1.0000000000E+00
    8327   1.0000000000E+00
    8328   1.0000000000E+00
    8329   1.0000000000E+00
    8330   1.0000000000E+00
    8331   1.0000000000E+00
    8332   1.0000000000E+00
    8333   1.0000000000E+00
    8334   1.0000000000E+00
    8335   1.0000000000E+00
    8336   1.0000000000E+00
    8337   1.0000000000E+00
    8338   1.0000000000E+00
    8339   1.0000000000E+00
    8340   1.0000000000E+00
    8341   1.0000000000E+00
    8342   1.0000000000E+00
    8343   1.0000000000E+00
    8344   1.0000000000E+00
    8345   1.0000000000E+00
    8346   1.0000000000E+00
    8347   1.0000000000E+00
    8348   1.0000000000E+00
    8349   1.0000000000E+00
    8350   1.0000000000E+00
    8351   1.0000000000E+00
    8352   1.0000000000E+00
    8353   1.0000000000E+00
    8354   1.0000000000E+00
    8355   1.0000000000E+00
    8356   1.0000000000E+00
    8357   1.0000000000E+00
    8358   1.0000000000E+00
    8359   1.0000000000E+00
    8360   1.0000000000E+00
    8361   1.0000000000E+00
    8362   1.0000000000E+00
    8363   1.0000000000E+00
    8364   1.0000000000E+00
    8365   1.0000000000E+00
    8366   1.0000000000E+00
    8367   1.0000000000E+00
    8368   1.0000000000E+00
    8369   1.0000000000E+00
    8370   1.0000000000E+00
    8371   1.0000000000E+00
    8372   1.0000000000E+00
    8373   1.0000000000E+00
    8374   1.0000000000E+00
    8375   1.0000000000E+00
    8376   1.0000000000E+00
    8377   1.0000000000E+00
    8378   1.0000000000E+00
    8379   1.0000000000E+00
    8380   1.0000000000E+00
    8381   1.0000000000E+00
    8382   1.0000000000E+00
    8383   1.0000000000E+00
    8384   1.0000000000E+00
    8385   1.0000000000E+00
    8386   1.0000000000E+00
    8387   1.0000000000E+00
    8388   1.0000000000E+00
    8389   1.0000000000E+00
    8390   1.0000000000E+00
    8391   1.0000000000E+00
    8392   1.0000000000E+00
    8393   1.0000000000E+00
    8394   1.0000000000E+00
    8395   1.0000000000E+00
    8396   1.0000000000E+00
    8397   1.0000000000E+00
    8398   1.0000000000E+00
    8399   1.0000000000E+00
    8400   1.0000000000E+00
    8401   1.0000000000E+00
    8402   1.0000000000E+00
    8403   1.0000000000E+00
    8404   1.0000000000E+00
    8405   1.0000000000E+00
    8406   1.0000000000E+00
    8407   1.0000000000E+00
    8408   1.0000000000E+00
    8409   1.0000000000E+00
    8410   1.0000000000E+00
    8411   1.0000000000E+00
    8412   1.0000000000E+00
    8413   1.0000000000E+00
    8414   1.0000000000E+00
    8415   1.0000000000E+00
    8416   1.0000000000E+00
    8417   1.0000000000E+00
    8418   1.0000000000E+00
    8419   1.0000000000E+00
    8420   1.0000000000E+00
    8421   1.0000000000E+00
    8422   1.0000000000E+00
    8423   1.0000000000E+00
    8424   1.0000000000E+00
    8425   1.0000000000E+00
    8426   1.0000000000E+00
    8427   1.0000000000E+00
    8428   1.0000000000E+00
    8429   1.0000000000E+00
    8430   1.0000000000E+00
    8431   1.0000000000E+00
    8432   1.0000000000E+00
    8433   1.0000000000E+00
    8434   1.0000000000E+00
    8435   1.0000000000E+00
    8436   1.0000000000E+00
    8437   1.0000000000E+00
    8438   1.0000000000E+00
    8439   1.0000000000E+00
    8440   1.0000000000E+00
    8441   1.0000000000E+00
    8442   1.0000000000E+00
    8443   1.0000000000E+00
    8444   1.0000000000E+00
    8445   1.0000000000E+00
    8446   1.0000000000E+00
    8447   1.0000000000E+00
    8448   1.0000000000E+00
    8449   1.0000000000E+00
    8450   1.0000000000E+00
    8451   1.0000000000E+00
    8452   1.0000000000E+00
    8453   1.0000000000E+00
    8454   1.0000000000E+00
    8455   1.0000000000E+00
    8456   1.0000000000E+00
    8457   1.0000000000E+00
    8458   1.0000000000E+00
    8459   1.0000000000E+00
    8460   1.0000000000E+00
    8461   1.0000000000E+00
    8462   1.0000000000E+00
    8463   1.0000000000E+00
    8464   1.0000000000E+00
    8465   1.0000000000E+00
    8466   1.0000000000E+00
    8467   1.0000000000E+00
    8468   1.0000000000E+00
    8469   1.0000000000E+00
    8470   1.0000000000E+00
    8471   1.0000000000E+00
    8472   1.0000000000E+00
    8473   1.0000000000E+00
    8474   1.0000000000E+00
    8475   1.0000000000E+00
    8476   1.0000000000E+00
    8477   1.0000000000E+00
    8478   1.0000000000E+00
    8479   1.0000000000E+00
    8480   1.0000000000E+00
    8481   1.0000000000E+00
    8482   1.0000000000E+00
    8483   1.0000000000E+00
    8484   1.0000000000E+00
    8485   1.0000000000E+00
    8486   1.0000000000E+00
    8487   1.0000000000E+00
    8488   1.0000000000E+00
    8489   1.0000000000E+00
    8490   1.0000000000E+00
    8491   1.0000000000E+00
    8492   1.0000000000E+00
    8493   1.0000000000E+00
    8494   1.0000000000E+00
    8495   1.0000000000E+00
    8496   1.0000000000E+00
    8497   1.0000000000E+00
    8498   1.0000000000E+00
    8499   1.0000000000E+00
    8500   1.0000000000E+00
    8501   1.0000000000E+00
    8502   1.0000000000E+00
    8503   1.0000000000E+00
    8504   1.0000000000E+00
    8505   1.0000000000E+00
    8506   1.0000000000E+00
    8507   1.0000000000E+00
    8508   1.0000000000E+00
    8509   1.0000000000E+00
    8510   1.0000000000E+00
    8511   1.0000000000E+00
    8512   1.0000000000E+00
    8513   1.0000000000E+00
    8514   1.0000000000E+00
    8515   1.0000000000E+00
    8516   1.0000000000E+00
    8517   1.0000000000E+00
    8518   1.0000000000E+00
    8519   1.0000000000E+00
    8520   1.0000000000E+00
    8521   1.0000000000E+00
    8522   1.0000000000E+00
    8523   1.0000000000E+00
    8524   1.0000000000E+00
    8525   1.0000000000E+00
    8526   1.0000000000E+00
    8527   1.0000000000E+00
    8528   1.0000000000E+00
    8529   1.0000000000E+00
    8530   1.0000000000E+00
    8531   1.0000000000E+00
    8532   1.0000000000E+00
    8533   1.0000000000E+00
    8534   1.0000000000E+00
    8535   1.0000000000E+00
    8536   1.0000000000E+00
    8537   1.0000000000E+00
    8538   1.0000000000E+00
    8539   1.0000000000E+00
    8540   1.0000000000E+00
    8541   1.0000000000E+00
    8542   1.0000000000E+00
    8543   1.0000000000E+00
    8544   1.0000000000E+00
    8545   1.0000000000E+00
    8546   1.0000000000E+00
    8547   1.0000000000E+00
    8548   1.0000000000E+00
    8549   1.0000000000E+00
    8550   1.0000000000E+00
    8551   1.0000000000E+00
    8552   1.0000000000E+00
    8553   1.0000000000E+00
    8554   1.0000000000E+00
    8555   1.0000000000E+00
    8556   1.0000000000E+00
    8557   1.0000000000E+00
    8558   1.0000000000E+00
    8559   1.0000000000E+00
    8560   1.0000000000E+00
    8561   1.0000000000E+00
    8562   1.0000000000E+00
    8563   1.0000000000E+00
    8564   1.0000000000E+00
    8565   1.0000000000E+00
    8566   1.0000000000E+00
    8567   1.0000000000E+00
    8568   1.0000000000E+00
    8569   1.0000000000E+00
    8570   1.0000000000E+00
    8571   1.0000000000E+00
    8572   1.0000000000E+00
    8573   1.0000000000E+00
    8574   1.0000000000E+00
    8575   1.0000000000E+00
    8576   1.0000000000E+00
    8577   1.0000000000E+00
    8578   1.0000000000E+00
    8579   1.0000000000E+00
    8580   1.0000000000E+00
    8581   1.0000000000E+00
    8582   1.0000000000E+00
    8583   1.0000000000E+00
    8584   1.0000000000E+00
    8585   1.0000000000E+00
    8586   1.0000000000E+00
    8587   1.0000000000E+00
    8588   1.0000000000E+00
    8589   1.0000000000E+00
    8590   1.0000000000E+00
    8591   1.0000000000E+00
    8592   1.0000000000E+00
    8593   1.0000000000E+00
    8594   1.0000000000E+00
    8595   1.0000000000E+00
    8596   1.0000000000E+00
    8597   1.0000000000E+00
    8598   1.0000000000E+00
    8599   1.0000000000E+00
    8600   1.0000000000E+00
    8601   1.0000000000E+00
    8602   1.0000000000E+00
    8603   1.0000000000E+00
    8604   1.0000000000E+00
    8605   1.0000000000E+00
    8606   1.0000000000E+00
    8607   1.0000000000E+00
    8608   1.0000000000E+00
    8609   1.0000000000E+00
    8610   1.0000000000E+00
    8611   1.0000000000E+00
    8612   1.0000000000E+00
    8613   1.0000000000E+00
    8614   1.0000000000E+00
    8615   1.0000000000E+00
    8616   1.0000000000E+00
    8617   1.0000000000E+00
    8618   1.0000000000E+00
    8619   1.0000000000E+00
    8620   1.0000000000E+00
    8621   1.0000000000E+00
    8622   1.0000000000E+00
    8623   1.0000000000E+00
    8624   1.0000000000E+00
    8625   1.0000000000E+00
    8626   1.0000000000E+00
    8627   1.0000000000E+00
    8628   1.0000000000E+00
    8629   1.0000000000E+00
    8630   1.0000000000E+00
    8631   1.0000000000E+00
    8632   1.0000000000E+00
    8633   1.0000000000E+00
    8634   1.0000000000E+00
    8635   1.0000000000E+00
    8636   1.0000000000E+00
    8637   1.0000000000E+00
    8638   1.0000000000E+00
    8639   1.0000000000E+00
    8640   1.0000000000E+00
    8641   1.0000000000E+00
    8642   1.0000000000E+00
    8643   1.0000000000E+00
    8644   1.0000000000E+00
    8645   1.0000000000E+00
    8646   1.0000000000E+00
    8647   1.0000000000E+00
    8648   1.0000000000E+00
    8649   1.0000000000E+00
    8650   1.0000000000E+00
    8651   1.0000000000E+00
    8652   1.0000000000E+00
    8653   1.0000000000E+00
    8654   1.0000000000E+00
    8655   1.0000000000E+00
    8656   1.0000000000E+00
    8657   1.0000000000E+00
    8658   1.0000000000E+00
    8659   1.0000000000E+00
    8660   1.0000000000E+00
    8661   1.0000000000E+00
    8662   1.0000000000E+00
    8663   1.0000000000E+00
    8664   1.0000000000E+00
    8665   1.0000000000E+00
    8666   1.0000000000E+00
    8667   1.0000000000E+00
    8668   1.0000000000E+00
    8669   1.0000000000E+00
    8670   1.0000000000E+00
    8671   1.0000000000E+00
    8672   1.0000000000E+00
    8673   1.0000000000E+00
    8674   1.0000000000E+00
    8675   1.0000000000E+00
    8676   1.0000000000E+00
    8677   1.0000000000E+00
    8678   1.0000000000E+00
    8679   1.0000000000E+00
    8680   1.0000000000E+00
    8681   1.0000000000E+00
    8682   1.0000000000E+00
    8683   1.0000000000E+00
    8684   1.0000000000E+00
    8685   1.0000000000E+00
    8686   1.0000000000E+00
    8687   1.0000000000E+00
    8688   1.0000000000E+00
    8689   1.0000000000E+00
    8690   1.0000000000E+00
    8691   1.0000000000E+00
    8692   1.0000000000E+00
    8693   1.0000000000E+00
    8694   1.0000000000E+00
    8695   1.0000000000E+00
    8696   1.0000000000E+00
    8697   1.0000000000E+00
    8698   1.0000000000E+00
    8699   1.0000000000E+00
    8700   1.0000000000E+00
    8701   1.0000000000E+00
    8702   1.0000000000E+00
    8703   1.0000000000E+00
    8704   1.0000000000E+00
    8705   1.0000000000E+00
    8706   1.0000000000E+00
    8707   1.0000000000E+00
    8708   1.0000000000E+00
    8709   1.0000000000E+00
    8710   1.0000000000E+00
    8711   1.0000000000E+00
    8712   1.0000000000E+00
    8713   1.0000000000E+00
    8714   1.0000000000E+00
    8715   1.0000000000E+00
    8716   1.0000000000E+00
    8717   1.0000000000E+00
    8718   1.0000000000E+00
    8719   1.0000000000E+00
    8720   1.0000000000E+00
    8721   1.0000000000E+00
    8722   1.0000000000E+00
    8723   1.0000000000E+00
    8724   1.0000000000E+00
    8725   1.0000000000E+00
    8726   1.0000000000E+00
    8727   1.0000000000E+00
    8728   1.0000000000E+00
    8729   1.0000000000E+00
    8730   1.0000000000E+00
    8731   1.0000000000E+00
    8732   1.0000000000E+00
    8733   1.0000000000E+00
    8734   1.0000000000E+00
    8735   1.0000000000E+00
    8736   1.0000000000E+00
    8737   1.0000000000E+00
    8738   1.0000000000E+00
    8739   1.0000000000E+00
    8740   1.0000000000E+00
    8741   1.0000000000E+00
    8742   1.0000000000E+00
    8743   1.0000000000E+00
    8744   1.0000000000E+00
    8745   1.0000000000E+00
    8746   1.0000000000E+00
    8747   1.0000000000E+00
    8748   1.0000000000E+00
    8749   1.0000000000E+00
    8750   1.0000000000E+00
    8751   1.0000000000E+00
    8752   1.0000000000E+00
    8753   1.0000000000E+00
    8754   1.0000000000E+00
    8755   1.0000000000E+00
    8756   1.0000000000E+00
    8757   1.0000000000E+00
    8758   1.0000000000E+00
    8759   1.0000000000E+00
    8760   1.0000000000E+00
    8761   1.0000000000E+00
    8762   1.0000000000E+00
    8763   1.0000000000E+00
    8764   1.0000000000E+00
    8765   1.0000000000E+00
    8766   1.0000000000E+00
    8767   1.0000000000E+00
    8768   1.0000000000E+00
    8769   1.0000000000E+00
    8770   1.0000000000E+00
    8771   1.0000000000E+00
    8772   1.0000000000E+00
    8773   1.0000000000E+00
    8774   1.0000000000E+00
    8775   1.0000000000E+00
    8776   1.0000000000E+00
    8777   1.0000000000E+00
    8778   1.0000000000E+00
    8779   1.0000000000E+00
    8780   1.0000000000E+00
    8781   1.0000000000E+00
    8782   1.0000000000E+00
    8783   1.0000000000E+00
    8784   1.0000000000E+00
    8785   1.0000000000E+00
    8786   1.0000000000E+00
    8787   1.0000000000E+00
    8788   1.0000000000E+00
    8789   1.0000000000E+00
    8790   1.0000000000E+00
    8791   1.0000000000E+00
    8792   1.0000000000E+00
    8793   1.0000000000E+00
    8794   1.0000000000E+00
    8795   1.0000000000E+00
    8796   1.0000000000E+00
    8797   1.0000000000E+00
    8798   1.0000000000E+00
    8799   1.0000000000E+00
    8800   1.0000000000E+00
    8801   1.0000000000E+00
    8802   1.0000000000E+00
    8803   1.0000000000E+00
    8804   1.0000000000E+00
    8805   1.0000000000E+00
    8806   1.0000000000E+00
    8807   1.0000000000E+00
    8808   1.0000000000E+00
    8809   1.0000000000E+00
    8810   1.0000000000E+00
    8811   1.0000000000E+00
    8812   1.0000000000E+00
    8813   1.0000000000E+00
    8814   1.0000000000E+00
    8815   1.0000000000E+00
    8816   1.0000000000E+00
    8817   1.0000000000E+00
    8818   1.0000000000E+00
    8819   1.0000000000E+00
    8820   1.0000000000E+00
    8821   1.0000000000E+00
    8822   1.0000000000E+00
    8823   1.0000000000E+00
    8824   1.0000000000E+00
    8825   1.0000000000E+00
    8826   1.0000000000E+00
    8827   1.0000000000E+00
    8828   1.0000000000E+00
    8829   1.0000000000E+00
    8830   1.0000000000E+00
    8831   1.0000000000E+00
    8832   1.0000000000E+00
    8833   1.0000000000E+00
    8834   1.0000000000E+00
    8835   1.0000000000E+00
    8836   1.0000000000E+00
    8837   1.0000000000E+00
    8838   1.0000000000E+00
    8839   1.0000000000E+00
    8840   1.0000000000E+00
    8841   1.0000000000E+00
    8842   1.0000000000E+00
    8843   1.0000000000E+00
    8844   1.0000000000E+00
    8845   1.0000000000E+00
    8846   1.0000000000E+00
    8847   1.0000000000E+00
    8848   1.0000000000E+00
    8849   1.0000000000E+00
    8850   1.0000000000E+00
    8851   1.0000000000E+00
    8852   1.0000000000E+00
    8853   1.0000000000E+00
    8854   1.0000000000E+00
    8855   1.0000000000E+00
    8856   1.0000000000E+00
    8857   1.0000000000E+00
    8858   1.0000000000E+00
    8859   1.0000000000E+00
    8860   1.0000000000E+00
    8861   1.0000000000E+00
    8862   1.0000000000E+00
    8863   1.0000000000E+00
    8864   1.0000000000E+00
    8865   1.0000000000E+00
    8866   1.0000000000E+00
    8867   1.0000000000E+00
    8868   1.0000000000E+00
    8869   1.0000000000E+00
    8870   1.0000000000E+00
    8871   1.0000000000E+00
    8872   1.0000000000E+00
    8873   1.0000000000E+00
    8874   1.0000000000E+00
    8875   1.0000000000E+00
    8876   1.0000000000E+00
    8877   1.0000000000E+00
    8878   1.0000000000E+00
    8879   1.0000000000E+00
    8880   1.0000000000E+00
    8881   1.0000000000E+00
    8882   1.0000000000E+00
    8883   1.0000000000E+00
    8884   1.0000000000E+00
    8885   1.0000000000E+00
    8886   1.0000000000E+00
    8887   1.0000000000E+00
    8888   1.0000000000E+00
    8889   1.0000000000E+00
    8890   1.0000000000E+00
    8891   1.0000000000E+00
    8892   1.0000000000E+00
    8893   1.0000000000E+00
    8894   1.0000000000E+00
    8895   1.0000000000E+00
    8896   1.0000000000E+00
    8897   1.0000000000E+00
    8898   1.0000000000E+00
    8899   1.0000000000E+00
    8900   1.0000000000E+00
    8901   1.0000000000E+00
    8902   1.0000000000E+00
    8903   1.0000000000E+00
    8904   1.0000000000E+00
    8905   1.0000000000E+00
    8906   1.0000000000E+00
    8907   1.0000000000E+00
    8908   1.0000000000E+00
    8909   1.0000000000E+00
    8910   1.0000000000E+00
    8911   1.0000000000E+00
    8912   1.0000000000E+00
    8913   1.0000000000E+00
    8914   1.0000000000E+00
    8915   1.0000000000E+00
    8916   1.0000000000E+00
    8917   1.0000000000E+00
    8918   1.0000000000E+00
    8919   1.0000000000E+00
    8920   1.0000000000E+00
    8921   1.0000000000E+00
    8922   1.0000000000E+00
    8923   1.0000000000E+00
    8924   1.0000000000E+00
    8925   1.0000000000E+00
    8926   1.0000000000E+00
    8927   1.0000000000E+00
    8928   1.0000000000E+00
    8929   1.0000000000E+00
    8930   1.0000000000E+00
    8931   1.0000000000E+00
    8932   1.0000000000E+00
    8933   1.0000000000E+00
    8934   1.0000000000E+00
    8935   1.0000000000E+00
    8936   1.0000000000E+00
    8937   1.0000000000E+00
    8938   1.0000000000E+00
    8939   1.0000000000E+00
    8940   1.0000000000E+00
    8941   1.0000000000E+00
    8942   1.0000000000E+00
    8943   1.0000000000E+00
    8944   1.0000000000E+00
    8945   1.0000000000E+00
    8946   1.0000000000E+00
    8947   1.0000000000E+00
    8948   1.0000000000E+00
    8949   1.0000000000E+00
    8950   1.0000000000E+00
    8951   1.0000000000E+00
    8952   1.0000000000E+00
    8953   1.0000000000E+00
    8954   1.0000000000E+00
    8955   1.0000000000E+00
    8956   1.0000000000E+00
    8957   1.0000000000E+00
    8958   1.0000000000E+00
    8959   1.0000000000E+00
    8960   1.0000000000E+00
    8961   1.0000000000E+00
    8962   1.0000000000E+00
    8963   1.0000000000E+00
    8964   1.0000000000E+00
    8965   1.0000000000E+00
    8966   1.0000000000E+00
    8967   1.0000000000E+00
    8968   1.0000000000E+00
    8969   1.0000000000E+00
    8970   1.0000000000E+00
    8971   1.0000000000E+00
    8972   1.0000000000E+00
    8973   1.0000000000E+00
    8974   1.0000000000E+00
    8975   1.0000000000E+00
    8976   1.0000000000E+00
    8977   1.0000000000E+00
    8978   1.0000000000E+00
    8979   1.0000000000E+00
    8980   1.0000000000E+00
    8981   1.0000000000E+00
    8982   1.0000000000E+00
    8983   1.0000000000E+00
    8984   1.0000000000E+00
    8985   1.0000000000E+00
    8986   1.0000000000E+00
    8987   1.0000000000E+00
    8988   1.0000000000E+00
    8989   1.0000000000E+00
    8990   1.0000000000E+00
    8991   1.0000000000E+00
    8992   1.0000000000E+00
    8993   1.0000000000E+00
    8994   1.0000000000E+00
    8995   1.0000000000E+00
    8996   1.0000000000E+00
    8997   1.0000000000E+00
    8998   1.0000000000E+00
    8999   1.0000000000E+00
    9000   1.0000000000E+00
    9001   1.0000000000E+00
    9002   1.0000000000E+00
    9003   1.0000000000E+00
    9004   1.0000000000E+00
    9005   1.0000000000E+00
    9006   1.0000000000E+00
    9007   1.0000000000E+00
    9008   1.0000000000E+00
    9009   1.0000000000E+00
    9010   1.0000000000E+00
    9011   1.0000000000E+00
    9012   1.0000000000E+00
    9013   1.0000000000E+00
    9014   1.0000000000E+00
    9015   1.0000000000E+00
    9016   1.0000000000E+00
    9017   1.0000000000E+00
    9018   1.0000000000E+00
    9019   1.0000000000E+00
    9020   1.0000000000E+00
    9021   1.0000000000E+00
    9022   1.0000000000E+00
    9023   1.0000000000E+00
    9024   1.0000000000E+00
    9025   1.0000000000E+00
    9026   1.0000000000E+00
    9027   1.0000000000E+00
    9028   1.0000000000E+00
    9029   1.0000000000E+00
    9030   1.0000000000E+00
    9031   1.0000000000E+00
    9032   1.0000000000E+00
    9033   1.0000000000E+00
    9034   1.0000000000E+00
    9035   1.0000000000E+00
    9036   1.0000000000E+00
    9037   1.0000000000E+00
    9038   1.0000000000E+00
    9039   1.0000000000E+00
    9040   1.0000000000E+00
    9041   1.0000000000E+00
    9042   1.0000000000E+00
    9043   1.0000000000E+00
    9044   1.0000000000E+00
    9045   1.0000000000E+00
    9046   1.0000000000E+00
    9047   1.0000000000E+00
    9048   1.0000000000E+00
    9049   1.0000000000E+00
    9050   1.0000000000E+00
    9051   1.0000000000E+00
    9052   1.0000000000E+00
    9053   1.0000000000E+00
    9054   1.0000000000E+00
    9055   1.0000000000E+00
    9056   1.0000000000E+00
    9057   1.0000000000E+00
    9058   1.0000000000E+00
    9059   1.0000000000E+00
    9060   1.0000000000E+00
    9061   1.0000000000E+00
    9062   1.0000000000E+00
    9063   1.0000000000E+00
    9064   1.0000000000E+00
    9065   1.0000000000E+00
    9066   1.0000000000E+00
    9067   1.0000000000E+00
    9068   1.0000000000E+00
    9069   1.0000000000E+00
    9070   1.0000000000E+00
    9071   1.0000000000E+00
    9072   1.0000000000E+00
    9073   1.0000000000E+00
    9074   1.0000000000E+00
    9075   1.0000000000E+00
    9076   1.0000000000E+00
    9077   1.0000000000E+00
    9078   1.0000000000E+00
    9079   1.0000000000E+00
    9080   1.0000000000E+00
    9081   1.0000000000E+00
    9082   1.0000000000E+00
    9083   1.0000000000E+00
    9084   1.0000000000E+00
    9085   1.0000000000E+00
    9086   1.0000000000E+00
    9087   1.0000000000E+00
    9088   1.0000000000E+00
    9089   1.0000000000E+00
    9090   1.0000000000E+00
    9091   1.0000000000E+00
    9092   1.0000000000E+00
    9093   1.0000000000E+00
    9094   1.0000000000E+00
    9095   1.0000000000E+00
    9096   1.0000000000E+00
    9097   1.0000000000E+00
    9098   1.0000000000E+00
    9099   1.0000000000E+00
    9100   1.0000000000E+00
    9101   1.0000000000E+00
    9102   1.0000000000E+00
    9103   1.0000000000E+00
    9104   1.0000000000E+00
    9105   1.0000000000E+00
    9106   1.0000000000E+00
    9107   1.0000000000E+00
    9108   1.0000000000E+00
    9109   1.0000000000E+00
    9110   1.0000000000E+00
    9111   1.0000000000E+00
    9112   1.0000000000E+00
    9113   1.0000000000E+00
    9114   1.0000000000E+00
    9115   1.0000000000E+00
    9116   1.0000000000E+00
    9117   1.0000000000E+00
    9118   1.0000000000E+00
    9119   1.0000000000E+00
    9120   1.0000000000E+00
    9121   1.0000000000E+00
    9122   1.0000000000E+00
    9123   1.0000000000E+00
    9124   1.0000000000E+00
    9125   1.0000000000E+00
    9126   1.0000000000E+00
    9127   1.0000000000E+00
    9128   1.0000000000E+00
    9129   1.0000000000E+00
    9130   1.0000000000E+00
    9131   1.0000000000E+00
    9132   1.0000000000E+00
    9133   1.0000000000E+00
    9134   1.0000000000E+00
    9135   1.0000000000E+00
    9136   1.0000000000E+00
    9137   1.0000000000E+00
    9138   1.0000000000E+00
    9139   1.0000000000E+00
    9140   1.0000000000E+00
    9141   1.0000000000E+00
    9142   1.0000000000E+00
    9143   1.0000000000E+00
    9144   1.0000000000E+00
    9145   1.0000000000E+00
    9146   1.0000000000E+00
    9147   1.0000000000E+00
    9148   1.0000000000E+00
    9149   1.0000000000E+00
    9150   1.0000000000E+00
    9151   1.0000000000E+00
    9152   1.0000000000E+00
    9153   1.0000000000E+00
    9154   1.0000000000E+00
    9155   1.0000000000E+00
    9156   1.0000000000E+00
    9157   1.0000000000E+00
    9158   1.0000000000E+00
    9159   1.0000000000E+00
    9160   1.0000000000E+00
    9161   1.0000000000E+00
    9162   1.0000000000E+00
    9163   1.0000000000E+00
    9164   1.0000000000E+00
    9165   1.0000000000E+00
    9166   1.0000000000E+00
    9167   1.0000000000E+00
    9168   1.0000000000E+00
    9169   1.0000000000E+00
    9170   1.0000000000E+00
    9171   1.0000000000E+00
    9172   1.0000000000E+00
    9173   1.0000000000E+00
    9174   1.0000000000E+00
    9175   1.0000000000E+00
    9176   1.0000000000E+00
    9177   1.0000000000E+00
    9178   1.0000000000E+00
    9179   1.0000000000E+00
    9180   1.0000000000E+00
    9181   1.0000000000E+00
    9182   1.0000000000E+00
    9183   1.0000000000E+00
    9184   1.0000000000E+00
    9185   1.0000000000E+00
    9186   1.0000000000E+00
    9187   1.0000000000E+00
    9188   1.0000000000E+00
    9189   1.0000000000E+00
    9190   1.0000000000E+00
    9191   1.0000000000E+00
    9192   1.0000000000E+00
    9193   1.0000000000E+00
    9194   1.0000000000E+00
    9195   1.0000000000E+00
    9196   1.0000000000E+00
    9197   1.0000000000E+00
    9198   1.0000000000E+00
    9199   1.0000000000E+00
    9200   1.0000000000E+00
    9201   1.0000000000E+00
    9202   1.0000000000E+00
    9203   1.0000000000E+00
    9204   1.0000000000E+00
    9205   1.0000000000E+00
    9206   1.0000000000E+00
    9207   1.0000000000E+00
    9208   1.0000000000E+00
    9209   1.0000000000E+00
    9210   1.0000000000E+00
    9211   1.0000000000E+00
    9212   1.0000000000E+00
    9213   1.0000000000E+00
    9214   1.0000000000E+00
    9215   1.0000000000E+00
    9216   1.0000000000E+00
    9217   1.0000000000E+00
    9218   1.0000000000E+00
    9219   1.0000000000E+00
    9220   1.0000000000E+00
    9221   1.0000000000E+00
    9222   1.0000000000E+00
    9223   1.0000000000E+00
    9224   1.0000000000E+00
    9225   1.0000000000E+00
    9226   1.0000000000E+00
    9227   1.0000000000E+00
    9228   1.0000000000E+00
    9229   1.0000000000E+00
    9230   1.0000000000E+00
    9231   1.0000000000E+00
    9232   1.0000000000E+00
    9233   1.0000000000E+00
    9234   1.0000000000E+00
    9235   1.0000000000E+00
    9236   1.0000000000E+00
    9237   1.0000000000E+00
    9238   1.0000000000E+00
    9239   1.0000000000E+00
    9240   1.0000000000E+00
    9241   1.0000000000E+00
    9242   1.0000000000E+00
    9243   1.0000000000E+00
    9244   1.0000000000E+00
    9245   1.0000000000E+00
    9246   1.0000000000E+00
    9247   1.0000000000E+00
    9248   1.0000000000E+00
    9249   1.0000000000E+00
    9250   1.0000000000E+00
    9251   1.0000000000E+00
    9252   1.0000000000E+00
    9253   1.0000000000E+00
    9254   1.0000000000E+00
    9255   1.0000000000E+00
    9256   1.0000000000E+00
    9257   1.0000000000E+00
    9258   1.0000000000E+00
    9259   1.0000000000E+00
    9260   1.0000000000E+00
    9261   1.0000000000E+00
    9262   1.0000000000E+00
    9263   1.0000000000E+00
    9264   1.0000000000E+00
    9265   1.0000000000E+00
    9266   1.0000000000E+00
    9267   1.0000000000E+00
    9268   1.0000000000E+00
    9269   1.0000000000E+00
    9270   1.0000000000E+00
    9271   1.0000000000E+00
    9272   1.0000000000E+00
    9273   1.0000000000E+00
    9274   1.0000000000E+00
    9275   1.0000000000E+00
    9276   1.0000000000E+00
    9277   1.0000000000E+00
    9278   1.0000000000E+00
    9279   1.0000000000E+00
    9280   1.0000000000E+00
    9281   1.0000000000E+00
    9282   1.0000000000E+00
    9283   1.0000000000E+00
    9284   1.0000000000E+00
    9285   1.0000000000E+00
    9286   1.0000000000E+00
    9287   1.0000000000E+00
    9288   1.0000000000E+00
    9289   1.0000000000E+00
    9290   1.0000000000E+00
    9291   1.0000000000E+00
    9292   1.0000000000E+00
    9293   1.0000000000E+00
    9294   1.0000000000E+00
    9295   1.0000000000E+00
    9296   1.0000000000E+00
    9297   1.0000000000E+00
    9298   1.0000000000E+00
    9299   1.0000000000E+00
    9300   1.0000000000E+00
    9301   1.0000000000E+00
    9302   1.0000000000E+00
    9303   1.0000000000E+00
    9304   1.0000000000E+00
    9305   1.0000000000E+00
    9306   1.0000000000E+00
    9307   1.0000000000E+00
    9308   1.0000000000E+00
    9309   1.0000000000E+00
    9310   1.0000000000E+00
    9311   1.0000000000E+00
    9312   1.0000000000E+00
    9313   1.0000000000E+00
    9314   1.0000000000E+00
    9315   1.0000000000E+00
    9316   1.0000000000E+00
    9317   1.0000000000E+00
    9318   1.0000000000E+00
    9319   1.0000000000E+00
    9320   1.0000000000E+00
    9321   1.0000000000E+00
    9322   1.0000000000E+00
    9323   1.0000000000E+00
    9324   1.0000000000E+00
    9325   1.0000000000E+00
    9326   1.0000000000E+00
    9327   1.0000000000E+00
    9328   1.0000000000E+00
    9329   1.0000000000E+00
    9330   1.0000000000E+00
    9331   1.0000000000E+00
    9332   1.0000000000E+00
    9333   1.0000000000E+00
    9334   1.0000000000E+00
    9335   1.0000000000E+00
    9336   1.0000000000E+00
    9337   1.0000000000E+00
    9338   1.0000000000E+00
    9339   1.0000000000E+00
    9340   1.0000000000E+00
    9341   1.0000000000E+00
    9342   1.0000000000E+00
    9343   1.0000000000E+00
    9344   1.0000000000E+00
    9345   1.0000000000E+00
    9346   1.0000000000E+00
    9347   1.0000000000E+00
    9348   1.0000000000E+00
    9349   1.0000000000E+00
    9350   1.0000000000E+00
    9351   1.0000000000E+00
    9352   1.0000000000E+00
    9353   1.0000000000E+00
    9354   1.0000000000E+00
    9355   1.0000000000E+00
    9356   1.0000000000E+00
    9357   1.0000000000E+00
    9358   1.0000000000E+00
    9359   1.0000000000E+00
    9360   1.0000000000E+00
    9361   1.0000000000E+00
    9362   1.0000000000E+00
    9363   1.0000000000E+00
    9364   1.0000000000E+00
    9365   1.0000000000E+00
    9366   1.0000000000E+00
    9367   1.0000000000E+00
    9368   1.0000000000E+00
    9369   1.0000000000E+00
    9370   1.0000000000E+00
    9371   1.0000000000E+00
    9372   1.0000000000E+00
    9373   1.0000000000E+00
    9374   1.0000000000E+00
    9375   1.0000000000E+00
    9376   1.0000000000E+00
    9377   1.0000000000E+00
    9378   1.0000000000E+00
    9379   1.0000000000E+00
    9380   1.0000000000E+00
    9381   1.0000000000E+00
    9382   1.0000000000E+00
    9383   1.0000000000E+00
    9384   1.0000000000E+00
    9385   1.0000000000E+00
    9386   1.0000000000E+00
    9387   1.0000000000E+00
    9388   1.0000000000E+00
    9389   1.0000000000E+00
    9390   1.0000000000E+00
    9391   1.0000000000E+00
    9392   1.0000000000E+00
    9393   1.0000000000E+00
    9394   1.0000000000E+00
    9395   1.0000000000E+00
    9396   1.0000000000E+00
    9397   1.0000000000E+00
    9398   1.0000000000E+00
    9399   1.0000000000E+00
    9400   1.0000000000E+00
    9401   1.0000000000E+00
    9402   1.0000000000E+00
    9403   1.0000000000E+00
    9404   1.0000000000E+00
    9405   1.0000000000E+00
    9406   1.0000000000E+00
    9407   1.0000000000E+00
    9408   1.0000000000E+00
    9409   1.0000000000E+00
    9410   1.0000000000E+00
    9411   1.0000000000E+00
    9412   1.0000000000E+00
    9413   1.0000000000E+00
    9414   1.0000000000E+00
    9415   1.0000000000E+00
    9416   1.0000000000E+00
    9417   1.0000000000E+00
    9418   1.0000000000E+00
    9419   1.0000000000E+00
    9420   1.0000000000E+00
    9421   1.0000000000E+00
    9422   1.0000000000E+00
    9423   1.0000000000E+00
    9424   1.0000000000E+00
    9425   1.0000000000E+00
    9426   1.0000000000E+00
    9427   1.0000000000E+00
    9428   1.0000000000E+00
    9429   1.0000000000E+00
    9430   1.0000000000E+00
    9431   1.0000000000E+00
    9432   1.0000000000E+00
    9433   1.0000000000E+00
    9434   1.0000000000E+00
    9435   1.0000000000E+00
    9436   1.0000000000E+00
    9437   1.0000000000E+00
    9438   1.0000000000E+00
    9439   1.0000000000E+00
    9440   1.0000000000E+00
    9441   1.0000000000E+00
    9442   1.0000000000E+00
    9443   1.0000000000E+00
    9444   1.0000000000E+00
    9445   1.0000000000E+00
    9446   1.0000000000E+00
    9447   1.0000000000E+00
    9448   1.0000000000E+00
    9449   1.0000000000E+00
    9450   1.0000000000E+00
    9451   1.0000000000E+00
    9452   1.0000000000E+00
    9453   1.0000000000E+00
    9454   1.0000000000E+00
    9455   1.0000000000E+00
    9456   1.0000000000E+00
    9457   1.0000000000E+00
    9458   1.0000000000E+00
    9459   1.0000000000E+00
    9460   1.0000000000E+00
    9461   1.0000000000E+00
    9462   1.0000000000E+00
    9463   1.0000000000E+00
    9464   1.0000000000E+00
    9465   1.0000000000E+00
    9466   1.0000000000E+00
    9467   1.0000000000E+00
    9468   1.0000000000E+00
    9469   1.0000000000E+00
    9470   1.0000000000E+00
    9471   1.0000000000E+00
    9472   1.0000000000E+00
    9473   1.0000000000E+00
    9474   1.0000000000E+00
    9475   1.0000000000E+00
    9476   1.0000000000E+00
    9477   1.0000000000E+00
    9478   1.0000000000E+00
    9479   1.0000000000E+00
    9480   1.0000000000E+00
    9481   1.0000000000E+00
    9482   1.0000000000E+00
    9483   1.0000000000E+00
    9484   1.0000000000E+00
    9485   1.0000000000E+00
    9486   1.0000000000E+00
    9487   1.0000000000E+00
    9488   1.0000000000E+00
    9489   1.0000000000E+00
    9490   1.0000000000E+00
    9491   1.0000000000E+00
    9492   1.0000000000E+00
    9493   1.0000000000E+00
    9494   1.0000000000E+00
    9495   1.0000000000E+00
    9496   1.0000000000E+00
    9497   1.0000000000E+00
    9498   1.0000000000E+00
    9499   1.0000000000E+00
    9500   1.0000000000E+00
    9501   1.0000000000E+00
    9502   1.0000000000E+00
    9503   1.0000000000E+00
    9504   1.0000000000E+00
    9505   1.0000000000E+00
    9506   1.0000000000E+00
    9507   1.0000000000E+00
    9508   1.0000000000E+00
    9509   1.0000000000E+00
    9510   1.0000000000E+00
    9511   1.0000000000E+00
    9512   1.0000000000E+00
    9513   1.0000000000E+00
    9514   1.0000000000E+00
    9515   1.0000000000E+00
    9516   1.0000000000E+00
    9517   1.0000000000E+00
    9518   1.0000000000E+00
    9519   1.0000000000E+00
    9520   1.0000000000E+00
    9521   1.0000000000E+00
    9522   1.0000000000E+00
    9523   1.0000000000E+00
    9524   1.0000000000E+00
    9525   1.0000000000E+00
    9526   1.0000000000E+00
    9527   1.0000000000E+00
    9528   1.0000000000E+00
    9529   1.0000000000E+00
    9530   1.0000000000E+00
    9531   1.0000000000E+00
    9532   1.0000000000E+00
    9533   1.0000000000E+00
    9534   1.0000000000E+00
    9535   1.0000000000E+00
    9536   1.0000000000E+00
    9537   1.0000000000E+00
    9538   1.0000000000E+00
    9539   1.0000000000E+00
    9540   1.0000000000E+00
    9541   1.0000000000E+00
    9542   1.0000000000E+00
    9543   1.0000000000E+00
    9544   1.0000000000E+00
    9545   1.0000000000E+00
    9546   1.0000000000E+00
    9547   1.0000000000E+00
    9548   1.0000000000E+00
    9549   1.0000000000E+00
    9550   1.0000000000E+00
    9551   1.0000000000E+00
    9552   1.0000000000E+00
    9553   1.0000000000E+00
    9554   1.0000000000E+00
    9555   1.0000000000E+00
    9556   1.0000000000E+00
    9557   1.0000000000E+00
    9558   1.0000000000E+00
    9559   1.0000000000E+00
    9560   1.0000000000E+00
    9561   1.0000000000E+00
    9562   1.0000000000E+00
    9563   1.0000000000E+00
    9564   1.0000000000E+00
    9565   1.0000000000E+00
    9566   1.0000000000E+00
    9567   1.0000000000E+00
    9568   1.0000000000E+00
    9569   1.0000000000E+00
    9570   1.0000000000E+00
    9571   1.0000000000E+00
    9572   1.0000000000E+00
    9573   1.0000000000E+00
    9574   1.0000000000E+00
    9575   1.0000000000E+00
    9576   1.0000000000E+00
    9577   1.0000000000E+00
    9578   1.0000000000E+00
    9579   1.0000000000E+00
    9580   1.0000000000E+00
    9581   1.0000000000E+00
    9582   1.0000000000E+00
    9583   1.0000000000E+00
    9584   1.0000000000E+00
    9585   1.0000000000E+00
    9586   1.0000000000E+00
    9587   1.0000000000E+00
    9588   1.0000000000E+00
    9589   1.0000000000E+00
    9590   1.0000000000E+00
    9591   1.0000000000E+00
    9592   1.0000000000E+00
    9593   1.0000000000E+00
    9594   1.0000000000E+00
    9595   1.0000000000E+00
    9596   1.0000000000E+00
    9597   1.0000000000E+00
    9598   1.0000000000E+00
    9599   1.0000000000E+00
    9600   1.0000000000E+00
    9601   1.0000000000E+00
    9602   1.0000000000E+00
    9603   1.0000000000E+00
    9604   1.0000000000E+00
    9605   1.0000000000E+00
    9606   1.0000000000E+00
    9607   1.0000000000E+00
    9608   1.0000000000E+00
    9609   1.0000000000E+00
    9610   1.0000000000E+00
    9611   1.0000000000E+00
    9612   1.0000000000E+00
    9613   1.0000000000E+00
    9614   1.0000000000E+00
    9615   1.0000000000E+00
    9616   1.0000000000E+00
    9617   1.0000000000E+00
    9618   1.0000000000E+00
    9619   1.0000000000E+00
    9620   1.0000000000E+00
    9621   1.0000000000E+00
    9622   1.0000000000E+00
    9623   1.0000000000E+00
    9624   1.0000000000E+00
    9625   1.0000000000E+00
    9626   1.0000000000E+00
    9627   1.0000000000E+00
    9628   1.0000000000E+00
    9629   1.0000000000E+00
    9630   1.0000000000E+00
    9631   1.0000000000E+00
    9632   1.0000000000E+00
    9633   1.0000000000E+00
    9634   1.0000000000E+00
    9635   1.0000000000E+00
    9636   1.0000000000E+00
    9637   1.0000000000E+00
    9638   1.0000000000E+00
    9639   1.0000000000E+00
    9640   1.0000000000E+00
    9641   1.0000000000E+00
    9642   1.0000000000E+00
    9643   1.0000000000E+00
    9644   1.0000000000E+00
    9645   1.0000000000E+00
    9646   1.0000000000E+00
    9647   1.0000000000E+00
    9648   1.0000000000E+00
    9649   1.0000000000E+00
    9650   1.0000000000E+00
    9651   1.0000000000E+00
    9652   1.0000000000E+00
    9653   1.0000000000E+00
    9654   1.0000000000E+00
    9655   1.0000000000E+00
    9656   1.0000000000E+00
    9657   1.0000000000E+00
    9658   1.0000000000E+00
    9659   1.0000000000E+00
    9660   1.0000000000E+00
    9661   1.0000000000E+00
    9662   1.0000000000E+00
    9663   1.0000000000E+00
    9664   1.0000000000E+00
    9665   1.0000000000E+00
    9666   1.0000000000E+00
    9667   1.0000000000E+00
    9668   1.0000000000E+00
    9669   1.0000000000E+00
    9670   1.0000000000E+00
    9671   1.0000000000E+00
    9672   1.0000000000E+00
    9673   1.0000000000E+00
    9674   1.0000000000E+00
    9675   1.0000000000E+00
    9676   1.0000000000E+00
    9677   1.0000000000E+00
    9678   1.0000000000E+00
    9679   1.0000000000E+00
    9680   1.0000000000E+00
    9681   1.0000000000E+00
    9682   1.0000000000E+00
    9683   1.0000000000E+00
    9684   1.0000000000E+00
    9685   1.0000000000E+00
    9686   1.0000000000E+00
    9687   1.0000000000E+00
    9688   1.0000000000E+00
    9689   1.0000000000E+00
    9690   1.0000000000E+00
    9691   1.0000000000E+00
    9692   1.0000000000E+00
    9693   1.0000000000E+00
    9694   1.0000000000E+00
    9695   1.0000000000E+00
    9696   1.0000000000E+00
    9697   1.0000000000E+00
    9698   1.0000000000E+00
    9699   1.0000000000E+00
    9700   1.0000000000E+00
    9701   1.0000000000E+00
    9702   1.0000000000E+00
    9703   1.0000000000E+00
    9704   1.0000000000E+00
    9705   1.0000000000E+00
    9706   1.0000000000E+00
    9707   1.0000000000E+00
    9708   1.0000000000E+00
    9709   1.0000000000E+00
    9710   1.0000000000E+00
    9711   1.0000000000E+00
    9712   1.0000000000E+00
    9713   1.0000000000E+00
    9714   1.0000000000E+00
    9715   1.0000000000E+00
    9716   1.0000000000E+00
    9717   1.0000000000E+00
    9718   1.0000000000E+00
    9719   1.0000000000E+00
    9720   1.0000000000E+00
    9721   1.0000000000E+00
    9722   1.0000000000E+00
    9723   1.0000000000E+00
    9724   1.0000000000E+00
    9725   1.0000000000E+00
    9726   1.0000000000E+00
    9727   1.0000000000E+00
    9728   1.0000000000E+00
    9729   1.0000000000E+00
    9730   1.0000000000E+00
    9731   1.0000000000E+00
    9732   1.0000000000E+00
    9733   1.0000000000E+00
    9734   1.0000000000E+00
    9735   1.0000000000E+00
    9736   1.0000000000E+00
    9737   1.0000000000E+00
    9738   1.0000000000E+00
    9739   1.0000000000E+00
    9740   1.0000000000E+00
    9741   1.0000000000E+00
    9742   1.0000000000E+00
    9743   1.0000000000E+00
    9744   1.0000000000E+00
    9745   1.0000000000E+00
    9746   1.0000000000E+00
    9747   1.0000000000E+00
    9748   1.0000000000E+00
    9749   1.0000000000E+00
    9750   1.0000000000E+00
    9751   1.0000000000E+00
    9752   1.0000000000E+00
    9753   1.0000000000E+00
    9754   1.0000000000E+00
    9755   1.0000000000E+00
    9756   1.0000000000E+00
    9757   1.0000000000E+00
    9758   1.0000000000E+00
    9759   1.0000000000E+00
    9760   1.0000000000E+00
    9761   1.0000000000E+00
    9762   1.0000000000E+00
    9763   1.0000000000E+00
    9764   1.0000000000E+00
    9765   1.0000000000E+00
    9766   1.0000000000E+00
    9767   1.0000000000E+00
    9768   1.0000000000E+00
    9769   1.0000000000E+00
    9770   1.0000000000E+00
    9771   1.0000000000E+00
    9772   1.0000000000E+00
    9773   1.0000000000E+00
    9774   1.0000000000E+00
    9775   1.0000000000E+00
    9776   1.0000000000E+00
    9777   1.0000000000E+00
    9778   1.0000000000E+00
    9779   1.0000000000E+00
    9780   1.0000000000E+00
    9781   1.0000000000E+00
    9782   1.0000000000E+00
    9783   1.0000000000E+00
    9784   1.0000000000E+00
    9785   1.0000000000E+00
    9786   1.0000000000E+00
    9787   1.0000000000E+00
    9788   1.0000000000E+00
    9789   1.0000000000E+00
    9790   1.0000000000E+00
    9791   1.0000000000E+00
    9792   1.0000000000E+00
    9793   1.0000000000E+00
    9794   1.0000000000E+00
    9795   1.0000000000E+00
    9796   1.0000000000E+00
    9797   1.0000000000E+00
    9798   1.0000000000E+00
    9799   1.0000000000E+00
    9800   1.0000000000E+00
    9801   1.0000000000E+00
    9802   1.0000000000E+00
    9803   1.0000000000E+00
    9804   1.0000000000E+00
    9805   1.0000000000E+00
    9806   1.0000000000E+00
    9807   1.0000000000E+00
    9808   1.0000000000E+00
    9809   1.0000000000E+00
    9810   1.0000000000E+00
    9811   1.0000000000E+00
    9812   1.0000000000E+00
    9813   1.0000000000E+00
    9814   1.0000000000E+00
    9815   1.0000000000E+00
    9816   1.0000000000E+00
    9817   1.0000000000E+00
    9818   1.0000000000E+00
    9819   1.0000000000E+00
    9820   1.0000000000E+00
    9821   1.0000000000E+00
    9822   1.0000000000E+00
    9823   1.0000000000E+00
    9824   1.0000000000E+00
    9825   1.0000000000E+00
    9826   1.0000000000E+00
    9827   1.0000000000E+00
    9828   1.0000000000E+00
    9829   1.0000000000E+00
    9830   1.0000000000E+00
    9831   1.0000000000E+00
    9832   1.0000000000E+00
    9833   1.0000000000E+00
    9834   1.0000000000E+00
    9835   1.0000000000E+00
    9836   1.0000000000E+00
    9837   1.0000000000E+00
    9838   1.0000000000E+00
    9839   1.0000000000E+00
    9840   1.0000000000E+00
    9841   1.0000000000E+00
    9842   1.0000000000E+00
    9843   1.0000000000E+00
    9844   1.0000000000E+00
    9845   1.0000000000E+00
    9846   1.0000000000E+00
    9847   1.0000000000E+00
    9848   1.0000000000E+00
    9849   1.0000000000E+00
    9850   1.0000000000E+00
    9851   1.0000000000E+00
    9852   1.0000000000E+00
    9853   1.0000000000E+00
    9854   1.0000000000E+00
    9855   1.0000000000E+00
    9856   1.0000000000E+00
    9857   1.0000000000E+00
    9858   1.0000000000E+00
    9859   1.0000000000E+00
    9860   1.0000000000E+00
    9861   1.0000000000E+00
    9862   1.0000000000E+00
    9863   1.0000000000E+00
    9864   1.0000000000E+00
    9865   1.0000000000E+00
    9866   1.0000000000E+00
    9867   1.0000000000E+00
    9868   1.0000000000E+00
    9869   1.0000000000E+00
    9870   1.0000000000E+00
    9871   1.0000000000E+00
    9872   1.0000000000E+00
    9873   1.0000000000E+00
    9874   1.0000000000E+00
    9875   1.0000000000E+00
    9876   1.0000000000E+00
    9877   1.0000000000E+00
    9878   1.0000000000E+00
    9879   1.0000000000E+00
    9880   1.0000000000E+00
    9881   1.0000000000E+00
    9882   1.0000000000E+00
    9883   1.0000000000E+00
    9884   1.0000000000E+00
    9885   1.0000000000E+00
    9886   1.0000000000E+00
    9887   1.0000000000E+00
    9888   1.0000000000E+00
    9889   1.0000000000E+00
    9890   1.0000000000E+00
    9891   1.0000000000E+00
    9892   1.0000000000E+00
    9893   1.0000000000E+00
    9894   1.0000000000E+00
    9895   1.0000000000E+00
    9896   1.0000000000E+00
    9897   1.0000000000E+00
    9898   1.0000000000E+00
    9899   1.0000000000E+00
    9900   1.0000000000E+00
    9901   1.0000000000E+00
    9902   1.0000000000E+00
    9903   1.0000000000E+00
    9904   1.0000000000E+00
    9905   1.0000000000E+00
    9906   1.0000000000E+00
    9907   1.0000000000E+00
    9908   1.0000000000E+00
    9909   1.0000000000E+00
    9910   1.0000000000E+00
    9911   1.0000000000E+00
    9912   1.0000000000E+00
    9913   1.0000000000E+00
    9914   1.0000000000E+00
    9915   1.0000000000E+00
    9916   1.0000000000E+00
    9917   1.0000000000E+00
    9918   1.0000000000E+00
    9919   1.0000000000E+00
    9920   1.0000000000E+00
    9921   1.0000000000E+00
    9922   1.0000000000E+00
    9923   1.0000000000E+00
    9924   1.0000000000E+00
    9925   1.0000000000E+00
    9926   1.0000000000E+00
    9927   1.0000000000E+00
    9928   1.0000000000E+00
    9929   1.0000000000E+00
    9930   1.0000000000E+00
    9931   1.0000000000E+00
    9932   1.0000000000E+00
    9933   1.0000000000E+00
    9934   1.0000000000E+00
    9935   1.0000000000E+00
    9936   1.0000000000E+00
    9937   1.0000000000E+00
    9938   1.0000000000E+00
    9939   1.0000000000E+00
    9940   1.0000000000E+00
    9941   1.0000000000E+00
    9942   1.0000000000E+00
    9943   1.0000000000E+00
    9944   1.0000000000E+00
    9945   1.0000000000E+00
    9946   1.0000000000E+00
    9947   1.0000000000E+00
    9948   1.0000000000E+00
    9949   1.0000000000E+00
    9950   1.0000000000E+00
    9951   1.0000000000E+00
    9952   1.0000000000E+00
    9953   1.0000000000E+00
    9954   1.0000000000E+00
    9955   1.0000000000E+00
    9956   1.0000000000E+00
    9957   1.0000000000E+00
    9958   1.0000000000E+00
    9959   1.0000000000E+00
    9960   1.0000000000E+00
    9961   1.0000000000E+00
    9962   1.0000000000E+00
    9963   1.0000000000E+00
    9964   1.0000000000E+00
    9965   1.0000000000E+00
    9966   1.0000000000E+00
    9967   1.0000000000E+00
    9968   1.0000000000E+00
    9969   1.0000000000E+00
    9970   1.0000000000E+00
    9971   1.0000000000E+00
    9972   1.0000000000E+00
    9973   1.0000000000E+00
    9974   1.0000000000E+00
    9975   1.0000000000E+00
    9976   1.0000000000E+00
    9977   1.0000000000E+00
    9978   1.0000000000E+00
    9979   1.0000000000E+00
    9980   1.0000000000E+00
    9981   1.0000000000E+00
    9982   1.0000000000E+00
    9983   1.0000000000E+00
    9984   1.0000000000E+00
    9985   1.0000000000E+00
    9986   1.0000000000E+00
    9987   1.0000000000E+00
    9988   1.0000000000E+00
    9989   1.0000000000E+00
    9990   1.0000000000E+00
    9991   1.0000000000E+00
    9992   1.0000000000E+00
    9993   1.0000000000E+00
    9994   1.0000000000E+00
    9995   1.0000000000E+00
    9996   1.0000000000E+00
    9997   1.0000000000E+00
    9998   1.0000000000E+00
    9999   1.0000000000E+00
   10000   8.3593750000E-01
   10001   1.6406250000E-01
   10002   0.0000000000E+00
   10003   0.0000000000E+00
