# ic  density_f1
      -2   0.0000000000E+00
      -1   1.1389552401E-01
       0   7.4939266535E-01
       1   9.4756778555E-01
       2   9.4825378355E-01
       3   9.4860753104E-01
       4   9.4896740262E-01
       5   9.4879543087E-01
       6   9.4885151549E-01
       7   9.4888054992E-01
       8   9.4858224618E-01
       9   9.4815867903E-01
      10   9.4782741042E-01
      11   9.4818635040E-01
      12   9.4802239464E-01
      13   9.4778829409E-01
      14   9.4757518406E-01
      15   9.4706998794E-01
      16   9.4753683474E-01
      17   9.4781440582E-01
      18   9.4784619739E-01
      19   9.4783320891E-01
      20   9.4752583811E-01
      21   9.4795900576E-01
      22   9.4884983990E-01
      23   9.4952692135E-01
      24   9.5014644601E-01
      25   9.5031458749E-01
      26   9.5121099357E-01
      27   9.5217415630E-01
      28   9.5309949666E-01
      29   9.5392609217E-01
      30   9.5437776354E-01
      31   9.5521733337E-01
      32   9.5551209969E-01
      33   9.5556547331E-01
      34   9.5533720004E-01
      35   9.5462496887E-01
      36   9.5291603828E-01
      37   9.5120749052E-01
      38   9.4897609157E-01
      39   9.4638808958E-01
      40   9.4374083037E-01
      41   9.4052647927E-01
      42   9.3814807432E-01
      43   9.3626840705E-01
      44   9.3443446501E-01
      45   9.3245038423E-01
      46   9.3248035586E-01
      47   9.3282599263E-01
      48   9.3265763512E-01
      49   9.3328630174E-01
      50   9.3478229995E-01
      51   9.3587024142E-01
      52   9.3693670212E-01
      53   9.3753960754E-01
      54   9.3916265649E-01
      55   9.3988975760E-01
      56   9.4026948864E-01
      57   9.4009600561E-01
      58   9.4034054073E-01
      59   9.4115236065E-01
      60   9.4150398741E-01
      61   9.4161981322E-01
      62   9.4184804463E-01
      63   9.4312998754E-01
      64   9.4399440635E-01
      65   9.4453212065E-01
      66   9.4494378558E-01
      67   9.4564400594E-01
      68   9.4548378456E-01
      69   9.4503262864E-01
      70   9.4417136622E-01
      71   9.4288938107E-01
      72   9.4236546802E-01
      73   9.4119378775E-01
      74   9.3999152249E-01
      75   9.3844190494E-01
      76   9.3777743176E-01
      77   9.3784609992E-01
      78   9.3763239182E-01
      79   9.3692720461E-01
      80   9.3707410183E-01
      81   9.3762873881E-01
      82   9.3774038228E-01
      83   9.3739215870E-01
      84   9.3821883658E-01
      85   9.3830210644E-01
      86   9.3802948598E-01
      87   9.3715064396E-01
      88   9.3648043840E-01
      89   9.3653673983E-01
      90   9.3595232964E-01
      91   9.3510667685E-01
      92   9.3388433355E-01
      93   9.3424454688E-01
      94   9.3422396611E-01
      95   9.3395607457E-01
      96   9.3406219832E-01
      97   9.3517847010E-01
      98   9.3552773130E-01
      99   9.3530825699E-01
     100   9.3653863190E-01
     101   9.3741413114E-01
     102   9.3811740365E-01
     103   9.3835359407E-01
     104   9.3857728242E-01
     105   9.3945151841E-01
     106   9.3958672205E-01
     107   9.3951768970E-01
     108   9.3865339044E-01
     109   9.3868964172E-01
     110   9.3827340274E-01
     111   9.3748375707E-01
     112   9.3607825627E-01
     113   9.3607761531E-01
     114   9.3586714922E-01
     115   9.3509143615E-01
     116   9.3452245732E-01
     117   9.3499967053E-01
     118   9.3492197397E-01
     119   9.3479247173E-01
     120   9.3413836950E-01
     121   9.3481067880E-01
     122   9.3472087350E-01
     123   9.3424554977E-01
     124   9.3287817115E-01
     125   9.3277598110E-01
     126   9.3238366202E-01
     127   9.3141187374E-01
     128   9.3010307923E-01
     129   9.3039163237E-01
     130   9.2996823367E-01
     131   9.2897996640E-01
     132   9.2987504620E-01
     133   9.3038771947E-01
     134   9.3073523763E-01
     135   9.3042756977E-01
     136   9.3174296563E-01
     137   9.3276900795E-01
     138   9.3363482355E-01
     139   9.3394552178E-01
     140   9.3559596721E-01
     141   9.3712383349E-01
     142   9.3826708067E-01
     143   9.3872643002E-01
     144   9.4010020878E-01
     145   9.4082077819E-01
     146   9.4081353590E-01
     147   9.4007818989E-01
     148   9.4033137657E-01
     149   9.4006409978E-01
     150   9.3981136276E-01
     151   9.3937987509E-01
     152   9.3921360224E-01
     153   9.4004892879E-01
     154   9.4036105681E-01
     155   9.4062155612E-01
     156   9.4022588085E-01
     157   9.4071149327E-01
     158   9.4098534540E-01
     159   9.4096463128E-01
     160   9.4043282072E-01
     161   9.4066322270E-01
     162   9.4112170518E-01
     163   9.4115182691E-01
     164   9.4056275475E-01
     165   9.4093887734E-01
     166   9.4110854716E-01
     167   9.4095702227E-01
     168   9.4055746738E-01
     169   9.3951191763E-01
     170   9.3950679694E-01
     171   9.3896255265E-01
     172   9.3834461725E-01
     173   9.3733610041E-01
     174   9.3716876351E-01
     175   9.3781855092E-01
     176   9.3842555830E-01
     177   9.3908011763E-01
     178   9.4100757104E-01
     179   9.4379905685E-01
     180   9.4659534667E-01
     181   9.4947194947E-01
     182   9.5284695039E-01
     183   9.5684460120E-01
     184   9.6071692125E-01
     185   9.6479569097E-01
     186   9.6895243575E-01
     187   9.7300710365E-01
     188   9.7680036502E-01
     189   9.8023620449E-01
     190   9.8323623447E-01
     191   9.8581484544E-01
     192   9.8787348107E-01
     193   9.8935073851E-01
     194   9.9035290687E-01
     195   9.9103293477E-01
     196   9.9153989928E-01
     197   9.9193668754E-01
     198   9.9219422167E-01
     199   9.9226240336E-01
     200   9.9214062386E-01
     201   9.9187077553E-01
     202   9.9146166461E-01
     203   9.9083672210E-01
     204   9.8987547629E-01
     205   9.8852767440E-01
     206   9.8690024122E-01
     207   9.8523245970E-01
     208   9.8377932444E-01
     209   9.8270436718E-01
     210   9.8205749975E-01
     211   9.8182547192E-01
     212   9.8197263500E-01
     213   9.8241017647E-01
     214   9.8313079483E-01
     215   9.8375128095E-01
     216   9.8403722381E-01
     217   9.8385801893E-01
     218   9.8327317367E-01
     219   9.8250789459E-01
     220   9.8183514338E-01
     221   9.8148213505E-01
     222   9.8162138619E-01
     223   9.8241619555E-01
     224   9.8403426736E-01
     225   9.8657301651E-01
     226   9.8994304547E-01
     227   9.9381351809E-01
     228   9.9768412804E-01
     229   1.0010529884E+00
     230   1.0035680140E+00
     231   1.0050735731E+00
     232   1.0055748288E+00
     233   1.0052048136E+00
     234   1.0042317373E+00
     235   1.0030565603E+00
     236   1.0021254982E+00
     237   1.0017589975E+00
     238   1.0020007432E+00
     239   1.0025999169E+00
     240   1.0031467762E+00
     241   1.0032678863E+00
     242   1.0027518417E+00
     243   1.0015470631E+00
     244   9.9969426523E-01
     245   9.9728937175E-01
     246   9.9450366206E-01
     247   9.9160140265E-01
     248   9.8889253342E-01
     249   9.8662919129E-01
     250   9.8490005791E-01
     251   9.8370458180E-01
     252   9.8303414777E-01
     253   9.8273040888E-01
     254   9.8281270617E-01
     255   9.8325082265E-01
     256   9.8394389742E-01
     257   9.8473311042E-01
     258   9.8548246048E-01
     259   9.8616292900E-01
     260   9.8686333223E-01
     261   9.8771672053E-01
     262   9.8880581536E-01
     263   9.9011950528E-01
     264   9.9158245165E-01
     265   9.9311326209E-01
     266   9.9464781444E-01
     267   9.9611581973E-01
     268   9.9741222611E-01
     269   9.9841127609E-01
     270   9.9902631717E-01
     271   9.9926087597E-01
     272   9.9919631880E-01
     273   9.9892546375E-01
     274   9.9849392293E-01
     275   9.9790188773E-01
     276   9.9716184448E-01
     277   9.9634900414E-01
     278   9.9557572976E-01
     279   9.9492789716E-01
     280   9.9440077027E-01
     281   9.9390542107E-01
     282   9.9334005124E-01
     283   9.9266595120E-01
     284   9.9192340147E-01
     285   9.9118322117E-01
     286   9.9048812304E-01
     287   9.8984001550E-01
     288   9.8923933983E-01
     289   9.8872893195E-01
     290   9.8838890564E-01
     291   9.8828239864E-01
     292   9.8840460045E-01
     293   9.8868304252E-01
     294   9.8903197925E-01
     295   9.8941212496E-01
     296   9.8983925914E-01
     297   9.9034047177E-01
     298   9.9090924158E-01
     299   9.9150717994E-01
     300   9.9211274491E-01
     301   9.9276861130E-01
     302   9.9357301218E-01
     303   9.9461572247E-01
     304   9.9591498035E-01
     305   9.9740917572E-01
     306   9.9900641276E-01
     307   1.0006431963E+00
     308   1.0022926738E+00
     309   1.0039238720E+00
     310   1.0054692346E+00
     311   1.0068420629E+00
     312   1.0079890271E+00
     313   1.0089149940E+00
     314   1.0096367722E+00
     315   1.0101011880E+00
     316   1.0101520761E+00
     317   1.0095917130E+00
     318   1.0082973057E+00
     319   1.0063002261E+00
     320   1.0037653194E+00
     321   1.0009024080E+00
     322   9.9789742400E-01
     323   9.9490964890E-01
     324   9.9210732656E-01
     325   9.8967890411E-01
     326   9.8778708237E-01
     327   9.8650151975E-01
     328   9.8577506093E-01
     329   9.8548444444E-01
     330   9.8549921780E-01
     331   9.8572089047E-01
     332   9.8606269408E-01
     333   9.8640190625E-01
     334   9.8670390624E-01
     335   9.8681837227E-01
     336   9.8678961489E-01
     337   9.8675005551E-01
     338   9.8683360540E-01
     339   9.8708542026E-01
     340   9.8743062642E-01
     341   9.8772827291E-01
     342   9.8785773724E-01
     343   9.8776723413E-01
     344   9.8745729157E-01
     345   9.8694371578E-01
     346   9.8625957884E-01
     347   9.8549987382E-01
     348   9.8485486261E-01
     349   9.8457960417E-01
     350   9.8490126409E-01
     351   9.8593124418E-01
     352   9.8764255780E-01
     353   9.8991261644E-01
     354   9.9263281155E-01
     355   9.9559032614E-01
     356   9.9857762190E-01
     357   1.0013134007E+00
     358   1.0035002816E+00
     359   1.0049543060E+00
     360   1.0057032614E+00
     361   1.0059548720E+00
     362   1.0059902927E+00
     363   1.0060515628E+00
     364   1.0062644045E+00
     365   1.0066938553E+00
     366   1.0073785250E+00
     367   1.0083141565E+00
     368   1.0093993866E+00
     369   1.0104183951E+00
     370   1.0111043819E+00
     371   1.0112463124E+00
     372   1.0107552455E+00
     373   1.0096464116E+00
     374   1.0079772707E+00
     375   1.0058219568E+00
     376   1.0033080731E+00
     377   1.0006603573E+00
     378   9.9817895472E-01
     379   9.9613982050E-01
     380   9.9468378582E-01
     381   9.9377764729E-01
     382   9.9326907781E-01
     383   9.9298001197E-01
     384   9.9276548543E-01
     385   9.9250673611E-01
     386   9.9208010519E-01
     387   9.9136440026E-01
     388   9.9030138372E-01
     389   9.8895627347E-01
     390   9.8751559456E-01
     391   9.8620960937E-01
     392   9.8519739525E-01
     393   9.8456833887E-01
     394   9.8440897791E-01
     395   9.8462265697E-01
     396   9.8527800420E-01
     397   9.8641344988E-01
     398   9.8800519370E-01
     399   9.8993685955E-01
     400   9.9203128064E-01
     401   9.9412194493E-01
     402   9.9610729693E-01
     403   9.9794762659E-01
     404   9.9962245492E-01
     405   1.0011048245E+00
     406   1.0023828217E+00
     407   1.0035013210E+00
     408   1.0045634523E+00
     409   1.0056654872E+00
     410   1.0068054641E+00
     411   1.0078435414E+00
     412   1.0085564733E+00
     413   1.0087501926E+00
     414   1.0083429540E+00
     415   1.0073599059E+00
     416   1.0058605936E+00
     417   1.0038811218E+00
     418   1.0014513952E+00
     419   9.9866644253E-01
     420   9.9573712686E-01
     421   9.9296771951E-01
     422   9.9067529981E-01
     423   9.8911684373E-01
     424   9.8847194041E-01
     425   9.8886618667E-01
     426   9.9037818538E-01
     427   9.9299536105E-01
     428   9.9654309741E-01
     429   1.0006588019E+00
     430   1.0048672292E+00
     431   1.0087300298E+00
     432   1.0119656750E+00
     433   1.0144590936E+00
     434   1.0161765142E+00
     435   1.0170874340E+00
     436   1.0171788180E+00
     437   1.0165522893E+00
     438   1.0154045775E+00
     439   1.0139694283E+00
     440   1.0125743038E+00
     441   1.0112732706E+00
     442   1.0100820086E+00
     443   1.0090495552E+00
     444   1.0082996107E+00
     445   1.0079579357E+00
     446   1.0080287701E+00
     447   1.0083423648E+00
     448   1.0086357210E+00
     449   1.0086980444E+00
     450   1.0084535031E+00
     451   1.0079264868E+00
     452   1.0071496157E+00
     453   1.0061278025E+00
     454   1.0049003318E+00
     455   1.0036187524E+00
     456   1.0025309423E+00
     457   1.0018635392E+00
     458   1.0017008611E+00
     459   1.0019741500E+00
     460   1.0025743844E+00
     461   1.0034767287E+00
     462   1.0047502449E+00
     463   1.0064459565E+00
     464   1.0084702977E+00
     465   1.0105705741E+00
     466   1.0124521968E+00
     467   1.0139142705E+00
     468   1.0148801003E+00
     469   1.0153310723E+00
     470   1.0151962795E+00
     471   1.0143000678E+00
     472   1.0127467735E+00
     473   1.0106579168E+00
     474   1.0082848741E+00
     475   1.0058518330E+00
     476   1.0034721744E+00
     477   1.0011961454E+00
     478   9.9912901176E-01
     479   9.9748502085E-01
     480   9.9651229152E-01
     481   9.9635260138E-01
     482   9.9695880051E-01
     483   9.9813935425E-01
     484   9.9968477702E-01
     485   1.0014578240E+00
     486   1.0033795931E+00
     487   1.0053538826E+00
     488   1.0072274193E+00
     489   1.0088390468E+00
     490   1.0101088529E+00
     491   1.0110658667E+00
     492   1.0117803578E+00
     493   1.0122681695E+00
     494   1.0124632873E+00
     495   1.0122859412E+00
     496   1.0117344877E+00
     497   1.0109063915E+00
     498   1.0099328367E+00
     499   1.0089001944E+00
     500   1.0078372823E+00
     501   1.0067737104E+00
     502   1.0057967812E+00
     503   1.0050396700E+00
     504   1.0046084845E+00
     505   1.0045188616E+00
     506   1.0047023599E+00
     507   1.0050756902E+00
     508   1.0056042783E+00
     509   1.0063038168E+00
     510   1.0071859386E+00
     511   1.0082074253E+00
     512   1.0092885006E+00
     513   1.0103082577E+00
     514   1.0112371699E+00
     515   1.0121190190E+00
     516   1.0129910554E+00
     517   1.0138691648E+00
     518   1.0147197100E+00
     519   1.0154716061E+00
     520   1.0160346476E+00
     521   1.0163071677E+00
     522   1.0161798489E+00
     523   1.0155535481E+00
     524   1.0143767691E+00
     525   1.0126837281E+00
     526   1.0106049654E+00
     527   1.0083396371E+00
     528   1.0061039105E+00
     529   1.0040804010E+00
     530   1.0023900236E+00
     531   1.0010888145E+00
     532   1.0001795798E+00
     533   9.9962393629E-01
     534   9.9934678490E-01
     535   9.9923657449E-01
     536   9.9915761845E-01
     537   9.9898462837E-01
     538   9.9865473043E-01
     539   9.9820846287E-01
     540   9.9779071035E-01
     541   9.9760348038E-01
     542   9.9783557442E-01
     543   9.9860706547E-01
     544   9.9995275766E-01
     545   1.0018334756E+00
     546   1.0041493068E+00
     547   1.0067411141E+00
     548   1.0093989729E+00
     549   1.0119170153E+00
     550   1.0140355227E+00
     551   1.0157152951E+00
     552   1.0169740838E+00
     553   1.0178525393E+00
     554   1.0183540682E+00
     555   1.0184182562E+00
     556   1.0179656552E+00
     557   1.0169543601E+00
     558   1.0153916611E+00
     559   1.0132988719E+00
     560   1.0106818788E+00
     561   1.0075547676E+00
     562   1.0040048164E+00
     563   1.0002309875E+00
     564   9.9651001984E-01
     565   9.9311078094E-01
     566   9.9022636750E-01
     567   9.8797189040E-01
     568   9.8643333926E-01
     569   9.8570533939E-01
     570   9.8587600070E-01
     571   9.8697102563E-01
     572   9.8891087104E-01
     573   9.9152187980E-01
     574   9.9459421206E-01
     575   9.9793284667E-01
     576   1.0013578137E+00
     577   1.0046664588E+00
     578   1.0076149297E+00
     579   1.0099637645E+00
     580   1.0115663632E+00
     581   1.0124239737E+00
     582   1.0126545145E+00
     583   1.0124003795E+00
     584   1.0117518964E+00
     585   1.0107444159E+00
     586   1.0094145526E+00
     587   1.0078485389E+00
     588   1.0061757643E+00
     589   1.0045233847E+00
     590   1.0029818440E+00
     591   1.0016130002E+00
     592   1.0004826778E+00
     593   9.9967168556E-01
     594   9.9924684363E-01
     595   9.9922027504E-01
     596   9.9953898642E-01
     597   1.0001196907E+00
     598   1.0009021492E+00
     599   1.0018726240E+00
     600   1.0030371397E+00
     601   1.0043712959E+00
     602   1.0057931230E+00
     603   1.0071885541E+00
     604   1.0084835763E+00
     605   1.0096341051E+00
     606   1.0107242264E+00
     607   1.0118428334E+00
     608   1.0130357730E+00
     609   1.0142917455E+00
     610   1.0155583050E+00
     611   1.0167790505E+00
     612   1.0179124031E+00
     613   1.0189250319E+00
     614   1.0197788905E+00
     615   1.0204383385E+00
     616   1.0209005121E+00
     617   1.0212183097E+00
     618   1.0214818924E+00
     619   1.0218057184E+00
     620   1.0221159728E+00
     621   1.0222278930E+00
     622   1.0221731960E+00
     623   1.0217872314E+00
     624   1.0210437553E+00
     625   1.0199646743E+00
     626   1.0185751899E+00
     627   1.0168885805E+00
     628   1.0149346731E+00
     629   1.0127901046E+00
     630   1.0105617916E+00
     631   1.0083295147E+00
     632   1.0061044215E+00
     633   1.0038535700E+00
     634   1.0015829637E+00
     635   9.9940748399E-01
     636   9.9753888458E-01
     637   9.9619732776E-01
     638   9.9551842951E-01
     639   9.9552532245E-01
     640   9.9617452396E-01
     641   9.9741528689E-01
     642   9.9919755783E-01
     643   1.0014275553E+00
     644   1.0039302441E+00
     645   1.0064762209E+00
     646   1.0088695066E+00
     647   1.0110208138E+00
     648   1.0129357113E+00
     649   1.0146343335E+00
     650   1.0161057204E+00
     651   1.0171166382E+00
     652   1.0176575951E+00
     653   1.0176818076E+00
     654   1.0171581319E+00
     655   1.0160249976E+00
     656   1.0141694018E+00
     657   1.0115116439E+00
     658   1.0081155746E+00
     659   1.0042136312E+00
     660   1.0001139976E+00
     661   9.9607304462E-01
     662   9.9224364329E-01
     663   9.8872924578E-01
     664   9.8567541463E-01
     665   9.8330357696E-01
     666   9.8185882934E-01
     667   9.8152583271E-01
     668   9.8238503252E-01
     669   9.8442659542E-01
     670   9.8758646844E-01
     671   9.9180738756E-01
     672   9.9679277495E-01
     673   1.0022113762E+00
     674   1.0076131885E+00
     675   1.0125673801E+00
     676   1.0166396480E+00
     677   1.0196936034E+00
     678   1.0216547639E+00
     679   1.0224722697E+00
     680   1.0221330188E+00
     681   1.0207280136E+00
     682   1.0184955615E+00
     683   1.0157644648E+00
     684   1.0128301667E+00
     685   1.0098699350E+00
     686   1.0069632513E+00
     687   1.0041763190E+00
     688   1.0016207410E+00
     689   9.9943301117E-01
     690   9.9771111040E-01
     691   9.9648350167E-01
     692   9.9574330380E-01
     693   9.9550239311E-01
     694   9.9580395954E-01
     695   9.9667239461E-01
     696   9.9804650354E-01
     697   9.9976018702E-01
     698   1.0015893063E+00
     699   1.0033171532E+00
     700   1.0047636006E+00
     701   1.0057667615E+00
     702   1.0061659164E+00
     703   1.0058355664E+00
     704   1.0047615182E+00
     705   1.0030863756E+00
     706   1.0010710087E+00
     707   9.9898683094E-01
     708   9.9701721343E-01
     709   9.9522969643E-01
     710   9.9361587475E-01
     711   9.9213899633E-01
     712   9.9075179687E-01
     713   9.8939219987E-01
     714   9.8799751238E-01
     715   9.8655158354E-01
     716   9.8513431220E-01
     717   9.8392170371E-01
     718   9.8312586232E-01
     719   9.8291274073E-01
     720   9.8335757281E-01
     721   9.8445759125E-01
     722   9.8617419119E-01
     723   9.8844993897E-01
     724   9.9117877043E-01
     725   9.9415880390E-01
     726   9.9708527286E-01
     727   9.9960803358E-01
     728   1.0014269197E+00
     729   1.0023592562E+00
     730   1.0023449206E+00
     731   1.0014104928E+00
     732   9.9964659628E-01
     733   9.9721806606E-01
     734   9.9438155799E-01
     735   9.9144722525E-01
     736   9.8878805212E-01
     737   9.8667231677E-01
     738   9.8527001522E-01
     739   9.8469424242E-01
     740   9.8501370255E-01
     741   9.8626201461E-01
     742   9.8840534752E-01
     743   9.9130637343E-01
     744   9.9472672737E-01
     745   9.9837750712E-01
     746   1.0019874186E+00
     747   1.0053435541E+00
     748   1.0082867353E+00
     749   1.0106900170E+00
     750   1.0124603060E+00
     751   1.0135678372E+00
     752   1.0140684426E+00
     753   1.0140801833E+00
     754   1.0137165424E+00
     755   1.0130350996E+00
     756   1.0120175670E+00
     757   1.0105944189E+00
     758   1.0088619166E+00
     759   1.0068863561E+00
     760   1.0047783734E+00
     761   1.0026285100E+00
     762   1.0005028798E+00
     763   9.9848083845E-01
     764   9.9668842209E-01
     765   9.9528407392E-01
     766   9.9439574695E-01
     767   9.9405910611E-01
     768   9.9420825451E-01
     769   9.9472504828E-01
     770   9.9550634516E-01
     771   9.9649842981E-01
     772   9.9767718917E-01
     773   9.9900810560E-01
     774   1.0004261503E+00
     775   1.0018621721E+00
     776   1.0032623542E+00
     777   1.0045831459E+00
     778   1.0057394885E+00
     779   1.0065627283E+00
     780   1.0068235636E+00
     781   1.0063236625E+00
     782   1.0049955187E+00
     783   1.0029400376E+00
     784   1.0003796451E+00
     785   9.9757740627E-01
     786   9.9478981619E-01
     787   9.9227298605E-01
     788   9.9030131959E-01
     789   9.8914801900E-01
     790   9.8900688532E-01
     791   9.9000325233E-01
     792   9.9198695836E-01
     793   9.9473309922E-01
     794   9.9796302656E-01
     795   1.0013681988E+00
     796   1.0046193113E+00
     797   1.0073683094E+00
     798   1.0092994762E+00
     799   1.0102290256E+00
     800   1.0101075045E+00
     801   1.0091761469E+00
     802   1.0077188518E+00
     803   1.0060032861E+00
     804   1.0042403423E+00
     805   1.0026030438E+00
     806   1.0012532769E+00
     807   1.0003173116E+00
     808   9.9981506799E-01
     809   9.9961148084E-01
     810   9.9945402645E-01
     811   9.9908893389E-01
     812   9.9837808556E-01
     813   9.9734234819E-01
     814   9.9611884230E-01
     815   9.9488958489E-01
     816   9.9384527176E-01
     817   9.9318702235E-01
     818   9.9311764110E-01
     819   9.9378644070E-01
     820   9.9520189065E-01
     821   9.9718319709E-01
     822   9.9937905441E-01
     823   1.0013927316E+00
     824   1.0028968038E+00
     825   1.0036705835E+00
     826   1.0036167350E+00
     827   1.0027377996E+00
     828   1.0011485970E+00
     829   9.9910066293E-01
     830   9.9695704253E-01
     831   9.9509869528E-01
     832   9.9380154019E-01
     833   9.9319454999E-01
     834   9.9320682729E-01
     835   9.9368468322E-01
     836   9.9444142558E-01
     837   9.9526851429E-01
     838   9.9593511575E-01
     839   9.9621529758E-01
     840   9.9596733811E-01
     841   9.9521936545E-01
     842   9.9419074360E-01
     843   9.9322138766E-01
     844   9.9265326196E-01
     845   9.9273510511E-01
     846   9.9359344889E-01
     847   9.9524813880E-01
     848   9.9762763125E-01
     849   1.0005654883E+00
     850   1.0038036956E+00
     851   1.0070342119E+00
     852   1.0099806177E+00
     853   1.0124701681E+00
     854   1.0144433866E+00
     855   1.0158976916E+00
     856   1.0168332017E+00
     857   1.0172354286E+00
     858   1.0169527125E+00
     859   1.0161520420E+00
     860   1.0148793110E+00
     861   1.0131931800E+00
     862   1.0111198207E+00
     863   1.0086701485E+00
     864   1.0059013388E+00
     865   1.0029572843E+00
     866   1.0000512969E+00
     867   9.9740663578E-01
     868   9.9520561679E-01
     869   9.9357102198E-01
     870   9.9256808916E-01
     871   9.9219996018E-01
     872   9.9238775205E-01
     873   9.9295830678E-01
     874   9.9367536046E-01
     875   9.9431326893E-01
     876   9.9473357729E-01
     877   9.9491685128E-01
     878   9.9493342567E-01
     879   9.9488250604E-01
     880   9.9484934675E-01
     881   9.9489627282E-01
     882   9.9506721546E-01
     883   9.9538039848E-01
     884   9.9580614998E-01
     885   9.9626306818E-01
     886   9.9663667110E-01
     887   9.9683609995E-01
     888   9.9684961360E-01
     889   9.9673771712E-01
     890   9.9660053247E-01
     891   9.9653590481E-01
     892   9.9662293936E-01
     893   9.9692479313E-01
     894   9.9748252124E-01
     895   9.9828770009E-01
     896   9.9925429276E-01
     897   1.0002237769E+00
     898   1.0010207599E+00
     899   1.0015295946E+00
     900   1.0017400192E+00
     901   1.0017325912E+00
     902   1.0016221095E+00
     903   1.0015011667E+00
     904   1.0014201044E+00
     905   1.0013990587E+00
     906   1.0014448181E+00
     907   1.0015552801E+00
     908   1.0017200006E+00
     909   1.0019295209E+00
     910   1.0021982017E+00
     911   1.0025810757E+00
     912   1.0031629073E+00
     913   1.0040202247E+00
     914   1.0051865391E+00
     915   1.0066093233E+00
     916   1.0081904917E+00
     917   1.0097843508E+00
     918   1.0112021980E+00
     919   1.0122194134E+00
     920   1.0125964330E+00
     921   1.0121359989E+00
     922   1.0107566799E+00
     923   1.0085413978E+00
     924   1.0057238657E+00
     925   1.0026181541E+00
     926   9.9953543454E-01
     927   9.9672764378E-01
     928   9.9437085641E-01
     929   9.9257441145E-01
     930   9.9139088791E-01
     931   9.9081710669E-01
     932   9.9079627567E-01
     933   9.9123225780E-01
     934   9.9201406540E-01
     935   9.9304220020E-01
     936   9.9424076825E-01
     937   9.9554986819E-01
     938   9.9690989072E-01
     939   9.9825291857E-01
     940   9.9950231810E-01
     941   1.0005818557E+00
     942   1.0014231091E+00
     943   1.0019672768E+00
     944   1.0021701381E+00
     945   1.0020162068E+00
     946   1.0015317444E+00
     947   1.0007880066E+00
     948   9.9988124129E-01
     949   9.9889428924E-01
     950   9.9786427670E-01
     951   9.9677768277E-01
     952   9.9559057030E-01
     953   9.9426102746E-01
     954   9.9276804448E-01
     955   9.9109185599E-01
     956   9.8927074996E-01
     957   9.8731803751E-01
     958   9.8528184571E-01
     959   9.8329246997E-01
     960   9.8154022719E-01
     961   9.8024712295E-01
     962   9.7961312228E-01
     963   9.7976900348E-01
     964   9.8075117769E-01
     965   9.8250182191E-01
     966   9.8487952964E-01
     967   9.8766722582E-01
     968   9.9058363473E-01
     969   9.9330933762E-01
     970   9.9553361436E-01
     971   9.9700808109E-01
     972   9.9758267659E-01
     973   9.9721032689E-01
     974   9.9593463396E-01
     975   9.9388072101E-01
     976   9.9125401495E-01
     977   9.8832659326E-01
     978   9.8535365932E-01
     979   9.8269892650E-01
     980   9.8051376492E-01
     981   9.7884934091E-01
     982   9.7773971281E-01
     983   9.7718099029E-01
     984   9.7716454688E-01
     985   9.7765839555E-01
     986   9.7857861334E-01
     987   9.7978469947E-01
     988   9.8111345359E-01
     989   9.8242870190E-01
     990   9.8364730789E-01
     991   9.8471149865E-01
     992   9.8572185596E-01
     993   9.8661639781E-01
     994   9.8747321466E-01
     995   9.8843204571E-01
     996   9.8964454861E-01
     997   9.9122387632E-01
     998   9.9318096758E-01
     999   9.9541005261E-01
    1000   9.9773090190E-01
    1001   9.9995205545E-01
    1002   1.0019085863E+00
    1003   1.0034645220E+00
    1004   1.0045050995E+00
    1005   1.0049567686E+00
    1006   1.0048298207E+00
    1007   1.0042428377E+00
    1008   1.0033930513E+00
    1009   1.0024864728E+00
    1010   1.0016747774E+00
    1011   1.0010443153E+00
    1012   1.0006487670E+00
    1013   1.0005438427E+00
    1014   1.0007902327E+00
    1015   1.0014340718E+00
    1016   1.0024965060E+00
    1017   1.0039941267E+00
    1018   1.0059664326E+00
    1019   1.0084688697E+00
    1020   1.0115159458E+00
    1021   1.0150292755E+00
    1022   1.0187932445E+00
    1023   1.0223034552E+00
    1024   1.0253160922E+00
    1025   1.0274849165E+00
    1026   1.0285697420E+00
    1027   1.0284148954E+00
    1028   1.0269599296E+00
    1029   1.0242765868E+00
    1030   1.0205889029E+00
    1031   1.0162389150E+00
    1032   1.0116049743E+00
    1033   1.0070194526E+00
    1034   1.0027325743E+00
    1035   9.9896293434E-01
    1036   9.9584906029E-01
    1037   9.9352668024E-01
    1038   9.9207824631E-01
    1039   9.9148344682E-01
    1040   9.9163998966E-01
    1041   9.9237359449E-01
    1042   9.9347528758E-01
    1043   9.9473463835E-01
    1044   9.9596050361E-01
    1045   9.9699457071E-01
    1046   9.9772571531E-01
    1047   9.9810287332E-01
    1048   9.9813728550E-01
    1049   9.9788975565E-01
    1050   9.9744675681E-01
    1051   9.9689782917E-01
    1052   9.9632500359E-01
    1053   9.9580224723E-01
    1054   9.9539831937E-01
    1055   9.9517665799E-01
    1056   9.9518908058E-01
    1057   9.9546640321E-01
    1058   9.9601325134E-01
    1059   9.9681112270E-01
    1060   9.9782951797E-01
    1061   9.9903922228E-01
    1062   1.0004170185E+00
    1063   1.0019366085E+00
    1064   1.0035544177E+00
    1065   1.0052036803E+00
    1066   1.0068046654E+00
    1067   1.0082830570E+00
    1068   1.0095758431E+00
    1069   1.0106138373E+00
    1070   1.0112948723E+00
    1071   1.0114782607E+00
    1072   1.0110195867E+00
    1073   1.0098342775E+00
    1074   1.0079483390E+00
    1075   1.0055029231E+00
    1076   1.0027154498E+00
    1077   9.9982866292E-01
    1078   9.9707572126E-01
    1079   9.9466570679E-01
    1080   9.9276632927E-01
    1081   9.9147069251E-01
    1082   9.9076524777E-01
    1083   9.9052957658E-01
    1084   9.9058224847E-01
    1085   9.9075234424E-01
    1086   9.9093032929E-01
    1087   9.9107474407E-01
    1088   9.9119248559E-01
    1089   9.9132834444E-01
    1090   9.9158000298E-01
    1091   9.9211538072E-01
    1092   9.9315034233E-01
    1093   9.9487740185E-01
    1094   9.9738268860E-01
    1095   1.0006055432E+00
    1096   1.0043646314E+00
    1097   1.0084192929E+00
    1098   1.0125082143E+00
    1099   1.0163425869E+00
    1100   1.0195885860E+00
    1101   1.0218960314E+00
    1102   1.0229862306E+00
    1103   1.0228096295E+00
    1104   1.0212692322E+00
    1105   1.0186842884E+00
    1106   1.0154134675E+00
    1107   1.0116754532E+00
    1108   1.0077254917E+00
    1109   1.0038040390E+00
    1110   1.0001123981E+00
    1111   9.9677279525E-01
    1112   9.9381574946E-01
    1113   9.9121458914E-01
    1114   9.8894488510E-01
    1115   9.8702326155E-01
    1116   9.8549452536E-01
    1117   9.8437910987E-01
    1118   9.8361294286E-01
    1119   9.8324759582E-01
    1120   9.8308795449E-01
    1121   9.8308315717E-01
    1122   9.8321279936E-01
    1123   9.8344415950E-01
    1124   9.8372306559E-01
    1125   9.8398550316E-01
    1126   9.8419467802E-01
    1127   9.8436989989E-01
    1128   9.8457788644E-01
    1129   9.8489402516E-01
    1130   9.8536398664E-01
    1131   9.8599342968E-01
    1132   9.8676482918E-01
    1133   9.8765903767E-01
    1134   9.8865110747E-01
    1135   9.8973149839E-01
    1136   9.9088544013E-01
    1137   9.9202776256E-01
    1138   9.9314636029E-01
    1139   9.9421835687E-01
    1140   9.9521042277E-01
    1141   9.9606072499E-01
    1142   9.9667802144E-01
    1143   9.9696508635E-01
    1144   9.9685506529E-01
    1145   9.9634202804E-01
    1146   9.9549411309E-01
    1147   9.9445224497E-01
    1148   9.9341623877E-01
    1149   9.9261785439E-01
    1150   9.9228481402E-01
    1151   9.9260287930E-01
    1152   9.9368601751E-01
    1153   9.9556440984E-01
    1154   9.9818522209E-01
    1155   1.0014151698E+00
    1156   1.0050441272E+00
    1157   1.0087984852E+00
    1158   1.0123760204E+00
    1159   1.0155021067E+00
    1160   1.0179815620E+00
    1161   1.0197178526E+00
    1162   1.0207193904E+00
    1163   1.0210684848E+00
    1164   1.0207179934E+00
    1165   1.0200857539E+00
    1166   1.0194041318E+00
    1167   1.0189525716E+00
    1168   1.0189416650E+00
    1169   1.0194454789E+00
    1170   1.0204005397E+00
    1171   1.0216514195E+00
    1172   1.0230004854E+00
    1173   1.0242384575E+00
    1174   1.0252288574E+00
    1175   1.0257295201E+00
    1176   1.0255841954E+00
    1177   1.0251168418E+00
    1178   1.0244261035E+00
    1179   1.0237000274E+00
    1180   1.0230344788E+00
    1181   1.0224025514E+00
    1182   1.0216960962E+00
    1183   1.0207915673E+00
    1184   1.0195875213E+00
    1185   1.0180081273E+00
    1186   1.0160242989E+00
    1187   1.0136159035E+00
    1188   1.0108967303E+00
    1189   1.0081742371E+00
    1190   1.0056963149E+00
    1191   1.0037002006E+00
    1192   1.0023071347E+00
    1193   1.0015152953E+00
    1194   1.0012408770E+00
    1195   1.0013628343E+00
    1196   1.0017371688E+00
    1197   1.0021910167E+00
    1198   1.0025307901E+00
    1199   1.0025822969E+00
    1200   1.0022442419E+00
    1201   1.0015187519E+00
    1202   1.0004978735E+00
    1203   9.9932457179E-01
    1204   9.9816527346E-01
    1205   9.9720721909E-01
    1206   9.9666108135E-01
    1207   9.9673893252E-01
    1208   9.9759933141E-01
    1209   9.9928628350E-01
    1210   1.0017037257E+00
    1211   1.0046412457E+00
    1212   1.0078341283E+00
    1213   1.0110223787E+00
    1214   1.0139811517E+00
    1215   1.0165234756E+00
    1216   1.0184999994E+00
    1217   1.0198107422E+00
    1218   1.0204209740E+00
    1219   1.0203621911E+00
    1220   1.0197039637E+00
    1221   1.0185079050E+00
    1222   1.0167986111E+00
    1223   1.0145658868E+00
    1224   1.0116891995E+00
    1225   1.0082658049E+00
    1226   1.0043327062E+00
    1227   1.0000218725E+00
    1228   9.9554912664E-01
    1229   9.9118456937E-01
    1230   9.8720748285E-01
    1231   9.8389970112E-01
    1232   9.8163718420E-01
    1233   9.8049098922E-01
    1234   9.8054200163E-01
    1235   9.8171794020E-01
    1236   9.8381698355E-01
    1237   9.8654425470E-01
    1238   9.8956416508E-01
    1239   9.9255417849E-01
    1240   9.9524739850E-01
    1241   9.9745814750E-01
    1242   9.9909571080E-01
    1243   1.0001713856E+00
    1244   1.0007898613E+00
    1245   1.0011132662E+00
    1246   1.0013050624E+00
    1247   1.0014769657E+00
    1248   1.0016668260E+00
    1249   1.0018576265E+00
    1250   1.0020162346E+00
    1251   1.0021175674E+00
    1252   1.0021411942E+00
    1253   1.0020536354E+00
    1254   1.0018039489E+00
    1255   1.0013447490E+00
    1256   1.0006601527E+00
    1257   9.9976924710E-01
    1258   9.9870049856E-01
    1259   9.9746138761E-01
    1260   9.9603402688E-01
    1261   9.9440523799E-01
    1262   9.9260239305E-01
    1263   9.9069851599E-01
    1264   9.8878228145E-01
    1265   9.8692257316E-01
    1266   9.8516179656E-01
    1267   9.8354668266E-01
    1268   9.8216479934E-01
    1269   9.8110904086E-01
    1270   9.8055318842E-01
    1271   9.8063518016E-01
    1272   9.8116845084E-01
    1273   9.8208711496E-01
    1274   9.8324873464E-01
    1275   9.8452495697E-01
    1276   9.8580508782E-01
    1277   9.8697773969E-01
    1278   9.8792950584E-01
    1279   9.8858181541E-01
    1280   9.8894373864E-01
    1281   9.8913148363E-01
    1282   9.8933108247E-01
    1283   9.8972504267E-01
    1284   9.9043427160E-01
    1285   9.9150954985E-01
    1286   9.9296270004E-01
    1287   9.9479224865E-01
    1288   9.9697736248E-01
    1289   9.9944970172E-01
    1290   1.0020827020E+00
    1291   1.0047205389E+00
    1292   1.0072264809E+00
    1293   1.0095000801E+00
    1294   1.0114463461E+00
    1295   1.0129294188E+00
    1296   1.0137719431E+00
    1297   1.0138215266E+00
    1298   1.0130397889E+00
    1299   1.0115355536E+00
    1300   1.0095141357E+00
    1301   1.0071847394E+00
    1302   1.0047034426E+00
    1303   1.0021866708E+00
    1304   9.9976195993E-01
    1305   9.9758966648E-01
    1306   9.9583102030E-01
    1307   9.9458916096E-01
    1308   9.9387673679E-01
    1309   9.9363232168E-01
    1310   9.9376339458E-01
    1311   9.9416963166E-01
    1312   9.9473416713E-01
    1313   9.9530671543E-01
    1314   9.9571824503E-01
    1315   9.9583227082E-01
    1316   9.9559687498E-01
    1317   9.9504838704E-01
    1318   9.9426347315E-01
    1319   9.9330349112E-01
    1320   9.9220442301E-01
    1321   9.9101990665E-01
    1322   9.8987618821E-01
    1323   9.8897913269E-01
    1324   9.8855871963E-01
    1325   9.8879010360E-01
    1326   9.8974695137E-01
    1327   9.9141011168E-01
    1328   9.9370716457E-01
    1329   9.9654969012E-01
    1330   9.9978288334E-01
    1331   1.0032012450E+00
    1332   1.0065344145E+00
    1333   1.0094628368E+00
    1334   1.0117521437E+00
    1335   1.0132560694E+00
    1336   1.0139115113E+00
    1337   1.0136956235E+00
    1338   1.0126121329E+00
    1339   1.0107236546E+00
    1340   1.0081970402E+00
    1341   1.0053062059E+00
    1342   1.0023743114E+00
    1343   9.9968996797E-01
    1344   9.9744880425E-01
    1345   9.9574385874E-01
    1346   9.9459031688E-01
    1347   9.9394818591E-01
    1348   9.9372661998E-01
    1349   9.9378564225E-01
    1350   9.9395744149E-01
    1351   9.9408949004E-01
    1352   9.9408631778E-01
    1353   9.9391693876E-01
    1354   9.9358214469E-01
    1355   9.9307330411E-01
    1356   9.9235875258E-01
    1357   9.9140979349E-01
    1358   9.9024255525E-01
    1359   9.8892611773E-01
    1360   9.8758183755E-01
    1361   9.8639009816E-01
    1362   9.8538960891E-01
    1363   9.8468285792E-01
    1364   9.8436094650E-01
    1365   9.8452363750E-01
    1366   9.8525046326E-01
    1367   9.8655674415E-01
    1368   9.8836888603E-01
    1369   9.9054103945E-01
    1370   9.9290237322E-01
    1371   9.9530105722E-01
    1372   9.9761212716E-01
    1373   9.9971581238E-01
    1374   1.0014812674E+00
    1375   1.0027878035E+00
    1376   1.0035777009E+00
    1377   1.0039004002E+00
    1378   1.0039058598E+00
    1379   1.0037922006E+00
    1380   1.0037468862E+00
    1381   1.0039175855E+00
    1382   1.0044108056E+00
    1383   1.0052867803E+00
    1384   1.0065244458E+00
    1385   1.0079793531E+00
    1386   1.0093807612E+00
    1387   1.0103984160E+00
    1388   1.0107539811E+00
    1389   1.0103091466E+00
    1390   1.0090732266E+00
    1391   1.0071461981E+00
    1392   1.0046571953E+00
    1393   1.0017481622E+00
    1394   9.9859249062E-01
    1395   9.9539843814E-01
    1396   9.9236347003E-01
    1397   9.8961253306E-01
    1398   9.8717319981E-01
    1399   9.8501444327E-01
    1400   9.8311849839E-01
    1401   9.8152404460E-01
    1402   9.8030479026E-01
    1403   9.7951357329E-01
    1404   9.7914328238E-01
    1405   9.7914087454E-01
    1406   9.7945659050E-01
    1407   9.8005737968E-01
    1408   9.8095178139E-01
    1409   9.8224419491E-01
    1410   9.8368429136E-01
    1411   9.8522492575E-01
    1412   9.8680647745E-01
    1413   9.8844225168E-01
    1414   9.9019491401E-01
    1415   9.9210287412E-01
    1416   9.9412670304E-01
    1417   9.9616964914E-01
    1418   9.9815060964E-01
    1419   1.0000600025E+00
    1420   1.0019439771E+00
    1421   1.0038371839E+00
    1422   1.0057110825E+00
    1423   1.0074893546E+00
    1424   1.0091049876E+00
    1425   1.0105321770E+00
    1426   1.0117542432E+00
    1427   1.0127070677E+00
    1428   1.0132693706E+00
    1429   1.0133304996E+00
    1430   1.0128783843E+00
    1431   1.0120375190E+00
    1432   1.0109230116E+00
    1433   1.0096617419E+00
    1434   1.0082902916E+00
    1435   1.0067513008E+00
    1436   1.0050119286E+00
    1437   1.0030613002E+00
    1438   1.0008710635E+00
    1439   9.9836990242E-01
    1440   9.9548612725E-01
    1441   9.9224378438E-01
    1442   9.8882700642E-01
    1443   9.8552907938E-01
    1444   9.8264310884E-01
    1445   9.8052582522E-01
    1446   9.7912556193E-01
    1447   9.7844385345E-01
    1448   9.7843253681E-01
    1449   9.7903373515E-01
    1450   9.8016042575E-01
    1451   9.8166835748E-01
    1452   9.8336877003E-01
    1453   9.8508449096E-01
    1454   9.8670230805E-01
    1455   9.8817610601E-01
    1456   9.8948704525E-01
    1457   9.9061360914E-01
    1458   9.9155105054E-01
    1459   9.9238511545E-01
    1460   9.9332310375E-01
    1461   9.9459937013E-01
    1462   9.9644719017E-01
    1463   9.9896340012E-01
    1464   1.0020970656E+00
    1465   1.0056890167E+00
    1466   1.0095273231E+00
    1467   1.0133722747E+00
    1468   1.0168165945E+00
    1469   1.0195922445E+00
    1470   1.0214488667E+00
    1471   1.0223268877E+00
    1472   1.0223832207E+00
    1473   1.0219109273E+00
    1474   1.0212144774E+00
    1475   1.0205228702E+00
    1476   1.0199750578E+00
    1477   1.0196437204E+00
    1478   1.0195789389E+00
    1479   1.0196793309E+00
    1480   1.0197321690E+00
    1481   1.0197083650E+00
    1482   1.0194363485E+00
    1483   1.0189071364E+00
    1484   1.0182120876E+00
    1485   1.0174799371E+00
    1486   1.0168165937E+00
    1487   1.0162789820E+00
    1488   1.0158731269E+00
    1489   1.0155457925E+00
    1490   1.0151659748E+00
    1491   1.0145279703E+00
    1492   1.0134141940E+00
    1493   1.0116683819E+00
    1494   1.0092381846E+00
    1495   1.0063237739E+00
    1496   1.0031053408E+00
    1497   9.9979708071E-01
    1498   9.9660350045E-01
    1499   9.9371867058E-01
    1500   9.9131670295E-01
    1501   9.8949485782E-01
    1502   9.8832260669E-01
    1503   9.8766950673E-01
    1504   9.8735689556E-01
    1505   9.8721801270E-01
    1506   9.8711372166E-01
    1507   9.8693416318E-01
    1508   9.8657548690E-01
    1509   9.8594149505E-01
    1510   9.8498294838E-01
    1511   9.8373752855E-01
    1512   9.8233261171E-01
    1513   9.8094377766E-01
    1514   9.7974582198E-01
    1515   9.7889836581E-01
    1516   9.7855112993E-01
    1517   9.7887457120E-01
    1518   9.8025316092E-01
    1519   9.8258616298E-01
    1520   9.8590830912E-01
    1521   9.9006555634E-01
    1522   9.9479788191E-01
    1523   9.9981813120E-01
    1524   1.0048490980E+00
    1525   1.0096198994E+00
    1526   1.0138626212E+00
    1527   1.0173534432E+00
    1528   1.0200001572E+00
    1529   1.0219099911E+00
    1530   1.0230173559E+00
    1531   1.0236741595E+00
    1532   1.0239279440E+00
    1533   1.0237619084E+00
    1534   1.0231702611E+00
    1535   1.0221832986E+00
    1536   1.0208417980E+00
    1537   1.0191463415E+00
    1538   1.0170577486E+00
    1539   1.0145726511E+00
    1540   1.0118090327E+00
    1541   1.0090142311E+00
    1542   1.0064326304E+00
    1543   1.0042621841E+00
    1544   1.0025200437E+00
    1545   1.0011111444E+00
    1546   9.9991966422E-01
    1547   9.9884246622E-01
    1548   9.9777214177E-01
    1549   9.9657217283E-01
    1550   9.9509927269E-01
    1551   9.9327140774E-01
    1552   9.9118040175E-01
    1553   9.8902428152E-01
    1554   9.8707261312E-01
    1555   9.8557411882E-01
    1556   9.8471176527E-01
    1557   9.8461675734E-01
    1558   9.8538422225E-01
    1559   9.8704561085E-01
    1560   9.8950902085E-01
    1561   9.9252319979E-01
    1562   9.9571444918E-01
    1563   9.9869209348E-01
    1564   1.0011556391E+00
    1565   1.0029293287E+00
    1566   1.0039214448E+00
    1567   1.0040729853E+00
    1568   1.0033588097E+00
    1569   1.0018399302E+00
    1570   9.9970253201E-01
    1571   9.9722571777E-01
    1572   9.9469725037E-01
    1573   9.9234755267E-01
    1574   9.9034930396E-01
    1575   9.8886493410E-01
    1576   9.8807723403E-01
    1577   9.8815578024E-01
    1578   9.8917986238E-01
    1579   9.9108206633E-01
    1580   9.9366133114E-01
    1581   9.9665862345E-01
    1582   9.9983640341E-01
    1583   1.0030042642E+00
    1584   1.0059941584E+00
    1585   1.0086404534E+00
    1586   1.0108086226E+00
    1587   1.0124539442E+00
    1588   1.0136453430E+00
    1589   1.0145113449E+00
    1590   1.0151452086E+00
    1591   1.0155485301E+00
    1592   1.0156588085E+00
    1593   1.0154289006E+00
    1594   1.0148813361E+00
    1595   1.0140888686E+00
    1596   1.0131131717E+00
    1597   1.0119702353E+00
    1598   1.0106581479E+00
    1599   1.0092198372E+00
    1600   1.0077198644E+00
    1601   1.0063149716E+00
    1602   1.0050856184E+00
    1603   1.0040512972E+00
    1604   1.0032035283E+00
    1605   1.0025468820E+00
    1606   1.0021110211E+00
    1607   1.0019116421E+00
    1608   1.0019015729E+00
    1609   1.0019628852E+00
    1610   1.0019531853E+00
    1611   1.0017693676E+00
    1612   1.0013770613E+00
    1613   1.0007865533E+00
    1614   1.0000116942E+00
    1615   9.9905490535E-01
    1616   9.9792881911E-01
    1617   9.9668309206E-01
    1618   9.9539802827E-01
    1619   9.9414084755E-01
    1620   9.9292653461E-01
    1621   9.9172129160E-01
    1622   9.9048453520E-01
    1623   9.8922338016E-01
    1624   9.8807437117E-01
    1625   9.8710555940E-01
    1626   9.8642529831E-01
    1627   9.8608777040E-01
    1628   9.8610855619E-01
    1629   9.8648983992E-01
    1630   9.8722574184E-01
    1631   9.8828047723E-01
    1632   9.8956438183E-01
    1633   9.9093648935E-01
    1634   9.9224122267E-01
    1635   9.9335497744E-01
    1636   9.9420721696E-01
    1637   9.9476570309E-01
    1638   9.9501085757E-01
    1639   9.9493060124E-01
    1640   9.9454336956E-01
    1641   9.9392337247E-01
    1642   9.9319290523E-01
    1643   9.9247780645E-01
    1644   9.9185847920E-01
    1645   9.9135345435E-01
    1646   9.9094787563E-01
    1647   9.9064132812E-01
    1648   9.9047299611E-01
    1649   9.9049489009E-01
    1650   9.9079753791E-01
    1651   9.9137493612E-01
    1652   9.9220832243E-01
    1653   9.9329522093E-01
    1654   9.9464284886E-01
    1655   9.9626252412E-01
    1656   9.9813887376E-01
    1657   1.0002088584E+00
    1658   1.0023711326E+00
    1659   1.0045153347E+00
    1660   1.0065426957E+00
    1661   1.0083619107E+00
    1662   1.0098744295E+00
    1663   1.0109888009E+00
    1664   1.0116208074E+00
    1665   1.0117492772E+00
    1666   1.0115468981E+00
    1667   1.0111991903E+00
    1668   1.0109354469E+00
    1669   1.0109559804E+00
    1670   1.0114029924E+00
    1671   1.0123557359E+00
    1672   1.0138278282E+00
    1673   1.0157561550E+00
    1674   1.0179922955E+00
    1675   1.0203177607E+00
    1676   1.0224889988E+00
    1677   1.0242894716E+00
    1678   1.0255833918E+00
    1679   1.0262760747E+00
    1680   1.0259713847E+00
    1681   1.0248830229E+00
    1682   1.0229058705E+00
    1683   1.0201207216E+00
    1684   1.0167604237E+00
    1685   1.0131548713E+00
    1686   1.0096569742E+00
    1687   1.0065820294E+00
    1688   1.0041825721E+00
    1689   1.0026462975E+00
    1690   1.0020869671E+00
    1691   1.0025196306E+00
    1692   1.0038408516E+00
    1693   1.0058446266E+00
    1694   1.0082809539E+00
    1695   1.0109302473E+00
    1696   1.0136460773E+00
    1697   1.0163437799E+00
    1698   1.0189533093E+00
    1699   1.0214463523E+00
    1700   1.0235914796E+00
    1701   1.0252125861E+00
    1702   1.0263274763E+00
    1703   1.0267475287E+00
    1704   1.0263298669E+00
    1705   1.0249511772E+00
    1706   1.0225753763E+00
    1707   1.0193116555E+00
    1708   1.0154102095E+00
    1709   1.0111933335E+00
    1710   1.0069698613E+00
    1711   1.0029899055E+00
    1712   9.9945064874E-01
    1713   9.9651647825E-01
    1714   9.9431106580E-01
    1715   9.9288300845E-01
    1716   9.9218271575E-01
    1717   9.9208882321E-01
    1718   9.9247638906E-01
    1719   9.9327906610E-01
    1720   9.9449534209E-01
    1721   9.9613604605E-01
    1722   9.9815683598E-01
    1723   1.0004326669E+00
    1724   1.0027895089E+00
    1725   1.0050578089E+00
    1726   1.0070955025E+00
    1727   1.0087673647E+00
    1728   1.0099150827E+00
    1729   1.0103704984E+00
    1730   1.0100212808E+00
    1731   1.0088819352E+00
    1732   1.0071124392E+00
    1733   1.0049534886E+00
    1734   1.0026799770E+00
    1735   1.0005424016E+00
    1736   9.9875734360E-01
    1737   9.9753872343E-01
    1738   9.9706564983E-01
    1739   9.9742885335E-01
    1740   9.9858579970E-01
    1741   1.0003638142E+00
    1742   1.0025402275E+00
    1743   1.0048959706E+00
    1744   1.0072290504E+00
    1745   1.0093555135E+00
    1746   1.0110777385E+00
    1747   1.0122294704E+00
    1748   1.0127535684E+00
    1749   1.0127540477E+00
    1750   1.0124665265E+00
    1751   1.0121617868E+00
    1752   1.0120505407E+00
    1753   1.0122486957E+00
    1754   1.0127984668E+00
    1755   1.0136908683E+00
    1756   1.0148494197E+00
    1757   1.0160941150E+00
    1758   1.0171442323E+00
    1759   1.0176947391E+00
    1760   1.0175344011E+00
    1761   1.0166339008E+00
    1762   1.0149586167E+00
    1763   1.0127741765E+00
    1764   1.0102055643E+00
    1765   1.0073757764E+00
    1766   1.0044454593E+00
    1767   1.0016014566E+00
    1768   9.9901024111E-01
    1769   9.9676143945E-01
    1770   9.9485667392E-01
    1771   9.9325719271E-01
    1772   9.9194465976E-01
    1773   9.9093826068E-01
    1774   9.9025454172E-01
    1775   9.8984943190E-01
    1776   9.8960677263E-01
    1777   9.8945168952E-01
    1778   9.8926718616E-01
    1779   9.8907293295E-01
    1780   9.8892049149E-01
    1781   9.8883824046E-01
    1782   9.8880923028E-01
    1783   9.8879848247E-01
    1784   9.8879634171E-01
    1785   9.8882897072E-01
    1786   9.8892557950E-01
    1787   9.8908157577E-01
    1788   9.8926455746E-01
    1789   9.8946738643E-01
    1790   9.8976096868E-01
    1791   9.9029342167E-01
    1792   9.9122889940E-01
    1793   9.9267352224E-01
    1794   9.9464553576E-01
    1795   9.9710244345E-01
    1796   9.9998583906E-01
    1797   1.0032315165E+00
    1798   1.0067366897E+00
    1799   1.0103263740E+00
    1800   1.0137704611E+00
    1801   1.0168531914E+00
    1802   1.0194414920E+00
    1803   1.0214942165E+00
    1804   1.0230121108E+00
    1805   1.0239825963E+00
    1806   1.0243711462E+00
    1807   1.0242107494E+00
    1808   1.0234102552E+00
    1809   1.0219589770E+00
    1810   1.0200625408E+00
    1811   1.0176508483E+00
    1812   1.0147644004E+00
    1813   1.0115252909E+00
    1814   1.0081379594E+00
    1815   1.0048305212E+00
    1816   1.0017848304E+00
    1817   9.9911059218E-01
    1818   9.9687016460E-01
    1819   9.9511355574E-01
    1820   9.9387820229E-01
    1821   9.9315126066E-01
    1822   9.9283818144E-01
    1823   9.9278017046E-01
    1824   9.9281606773E-01
    1825   9.9284322781E-01
    1826   9.9282932824E-01
    1827   9.9277379916E-01
    1828   9.9266439296E-01
    1829   9.9247326319E-01
    1830   9.9219065070E-01
    1831   9.9185439858E-01
    1832   9.9153680990E-01
    1833   9.9129676217E-01
    1834   9.9113673602E-01
    1835   9.9103423957E-01
    1836   9.9098616516E-01
    1837   9.9098051623E-01
    1838   9.9107522637E-01
    1839   9.9129447347E-01
    1840   9.9160629621E-01
    1841   9.9193539989E-01
    1842   9.9220622892E-01
    1843   9.9237069922E-01
    1844   9.9239323136E-01
    1845   9.9221580759E-01
    1846   9.9175179587E-01
    1847   9.9093045327E-01
    1848   9.8976177089E-01
    1849   9.8836437526E-01
    1850   9.8692895340E-01
    1851   9.8564749899E-01
    1852   9.8466390895E-01
    1853   9.8407304194E-01
    1854   9.8394625906E-01
    1855   9.8433806051E-01
    1856   9.8525134958E-01
    1857   9.8658517305E-01
    1858   9.8823473765E-01
    1859   9.8989573108E-01
    1860   9.9139684448E-01
    1861   9.9263795927E-01
    1862   9.9356697532E-01
    1863   9.9413629116E-01
    1864   9.9427375517E-01
    1865   9.9390266414E-01
    1866   9.9298583483E-01
    1867   9.9154396942E-01
    1868   9.8963231524E-01
    1869   9.8730704763E-01
    1870   9.8462514769E-01
    1871   9.8168194573E-01
    1872   9.7864586537E-01
    1873   9.7574360696E-01
    1874   9.7319454920E-01
    1875   9.7108143300E-01
    1876   9.6943415206E-01
    1877   9.6857045342E-01
    1878   9.6803005929E-01
    1879   9.6790680924E-01
    1880   9.6818650964E-01
    1881   9.6881572488E-01
    1882   9.6970701609E-01
    1883   9.7077216612E-01
    1884   9.7190830813E-01
    1885   9.7321627523E-01
    1886   9.7489561341E-01
    1887   9.7666607729E-01
    1888   9.7860066529E-01
    1889   9.8060300260E-01
    1890   9.8256292215E-01
    1891   9.8438727386E-01
    1892   9.8599022074E-01
    1893   9.8726849607E-01
    1894   9.8810614171E-01
    1895   9.8842672671E-01
    1896   9.8825917498E-01
    1897   9.8776162616E-01
    1898   9.8717382354E-01
    1899   9.8670539893E-01
    1900   9.8655033643E-01
    1901   9.8676224569E-01
    1902   9.8724707226E-01
    1903   9.8792060968E-01
    1904   9.8861379057E-01
    1905   9.8910184566E-01
    1906   9.8914577702E-01
    1907   9.8857502701E-01
    1908   9.8736914637E-01
    1909   9.8568252579E-01
    1910   9.8378802772E-01
    1911   9.8197579292E-01
    1912   9.8046932593E-01
    1913   9.7939503350E-01
    1914   9.7879411146E-01
    1915   9.7860590877E-01
    1916   9.7878037042E-01
    1917   9.7927468406E-01
    1918   9.7970113275E-01
    1919   9.7994138390E-01
    1920   9.7988246387E-01
    1921   9.7951314783E-01
    1922   9.7890264478E-01
    1923   9.7814378975E-01
    1924   9.7730536365E-01
    1925   9.7642202763E-01
    1926   9.7550361717E-01
    1927   9.7446394904E-01
    1928   9.7360678574E-01
    1929   9.7268972454E-01
    1930   9.7164464755E-01
    1931   9.7045076239E-01
    1932   9.6909427866E-01
    1933   9.6763344110E-01
    1934   9.6618381452E-01
    1935   9.6484505694E-01
    1936   9.6355724737E-01
    1937   9.6302937040E-01
    1938   9.6277170066E-01
    1939   9.6290972242E-01
    1940   9.6353304181E-01
    1941   9.6463331731E-01
    1942   9.6610517873E-01
    1943   9.6780567718E-01
    1944   9.7004554579E-01
    1945   9.7225380827E-01
    1946   9.7454675264E-01
    1947   9.7693263485E-01
    1948   9.7938051618E-01
    1949   9.8183371470E-01
    1950   9.8421662812E-01
    1951   9.8644444720E-01
    1952   9.8842471744E-01
    1953   9.9005535079E-01
    1954   9.9124038847E-01
    1955   9.9193321559E-01
    1956   9.9218521952E-01
    1957   9.9215441129E-01
    1958   9.9211624625E-01
    1959   9.9231224568E-01
    1960   9.9293267137E-01
    1961   9.9407824185E-01
    1962   9.9574630393E-01
    1963   9.9784862181E-01
    1964   1.0002218031E+00
    1965   1.0026370973E+00
    1966   1.0048295429E+00
    1967   1.0065561070E+00
    1968   1.0076618292E+00
    1969   1.0081185377E+00
    1970   1.0080223544E+00
    1971   1.0075023797E+00
    1972   1.0067491287E+00
    1973   1.0059210692E+00
    1974   1.0051347758E+00
    1975   1.0044645975E+00
    1976   1.0039209174E+00
    1977   1.0034451344E+00
    1978   1.0029329581E+00
    1979   1.0022808397E+00
    1980   1.0014276255E+00
    1981   1.0003668916E+00
    1982   9.9912789240E-01
    1983   9.9774661518E-01
    1984   9.9625059028E-01
    1985   9.9466198792E-01
    1986   9.9300432453E-01
    1987   9.9130182622E-01
    1988   9.8957267590E-01
    1989   9.8781014762E-01
    1990   9.8612725328E-01
    1991   9.8456537171E-01
    1992   9.8324620445E-01
    1993   9.8232253699E-01
    1994   9.8191883145E-01
    1995   9.8211163171E-01
    1996   9.8292348078E-01
    1997   9.8433217170E-01
    1998   9.8627934862E-01
    1999   9.8867402914E-01
    2000   9.9139492782E-01
    2001   9.9430287977E-01
    2002   9.9726360673E-01
    2003   1.0001681153E+00
    2004   1.0029342363E+00
    2005   1.0054924141E+00
    2006   1.0077711101E+00
    2007   1.0096999301E+00
    2008   1.0112266056E+00
    2009   1.0123255672E+00
    2010   1.0129789280E+00
    2011   1.0131436535E+00
    2012   1.0127350651E+00
    2013   1.0116519164E+00
    2014   1.0098332956E+00
    2015   1.0073098790E+00
    2016   1.0042170217E+00
    2017   1.0007739864E+00
    2018   9.9724978267E-01
    2019   9.9393610415E-01
    2020   9.9112413936E-01
    2021   9.8907072136E-01
    2022   9.8795265956E-01
    2023   9.8783248309E-01
    2024   9.8865251533E-01
    2025   9.9026131763E-01
    2026   9.9245186773E-01
    2027   9.9498622759E-01
    2028   9.9759986115E-01
    2029   1.0000070572E+00
    2030   1.0019256599E+00
    2031   1.0031244029E+00
    2032   1.0034679329E+00
    2033   1.0029323464E+00
    2034   1.0015889109E+00
    2035   9.9958445850E-01
    2036   9.9713569718E-01
    2037   9.9453140871E-01
    2038   9.9211418901E-01
    2039   9.9022510117E-01
    2040   9.8912923056E-01
    2041   9.8896474204E-01
    2042   9.8973681671E-01
    2043   9.9134882256E-01
    2044   9.9363891301E-01
    2045   9.9639793666E-01
    2046   9.9937455221E-01
    2047   1.0022974500E+00
    2048   1.0049248710E+00
    2049   1.0071007989E+00
    2050   1.0087759398E+00
    2051   1.0099735713E+00
    2052   1.0107258121E+00
    2053   1.0110330696E+00
    2054   1.0108702499E+00
    2055   1.0102201803E+00
    2056   1.0090942073E+00
    2057   1.0075228351E+00
    2058   1.0055395527E+00
    2059   1.0031933963E+00
    2060   1.0005883521E+00
    2061   9.9791128446E-01
    2062   9.9541302245E-01
    2063   9.9334425595E-01
    2064   9.9188897328E-01
    2065   9.9113945840E-01
    2066   9.9111458608E-01
    2067   9.9178774205E-01
    2068   9.9309403577E-01
    2069   9.9491535416E-01
    2070   9.9707440916E-01
    2071   9.9936748077E-01
    2072   1.0016229682E+00
    2073   1.0037413231E+00
    2074   1.0056832618E+00
    2075   1.0074178104E+00
    2076   1.0088815095E+00
    2077   1.0099898566E+00
    2078   1.0106869257E+00
    2079   1.0109806566E+00
    2080   1.0109295014E+00
    2081   1.0105966826E+00
    2082   1.0100222890E+00
    2083   1.0092423636E+00
    2084   1.0083280754E+00
    2085   1.0073914245E+00
    2086   1.0065393742E+00
    2087   1.0058104773E+00
    2088   1.0051510007E+00
    2089   1.0044545893E+00
    2090   1.0036302531E+00
    2091   1.0026413010E+00
    2092   1.0014958165E+00
    2093   1.0002178006E+00
    2094   9.9884371683E-01
    2095   9.9745481282E-01
    2096   9.9620522689E-01
    2097   9.9529979532E-01
    2098   9.9492269666E-01
    2099   9.9516342622E-01
    2100   9.9599007765E-01
    2101   9.9728077457E-01
    2102   9.9887390056E-01
    2103   1.0005920141E+00
    2104   1.0022352293E+00
    2105   1.0035798434E+00
    2106   1.0044181193E+00
    2107   1.0046312523E+00
    2108   1.0042393245E+00
    2109   1.0033803811E+00
    2110   1.0022317417E+00
    2111   1.0009358886E+00
    2112   9.9958424743E-01
    2113   9.9825463991E-01
    2114   9.9704784502E-01
    2115   9.9607836875E-01
    2116   9.9542902055E-01
    2117   9.9511757199E-01
    2118   9.9511031648E-01
    2119   9.9536822595E-01
    2120   9.9587585002E-01
    2121   9.9661996173E-01
    2122   9.9753731577E-01
    2123   9.9848571097E-01
    2124   9.9927308932E-01
    2125   9.9972738791E-01
    2126   9.9975215626E-01
    2127   9.9932975978E-01
    2128   9.9848824647E-01
    2129   9.9728105473E-01
    2130   9.9580543024E-01
    2131   9.9423660906E-01
    2132   9.9282830668E-01
    2133   9.9185807955E-01
    2134   9.9154844142E-01
    2135   9.9201420670E-01
    2136   9.9326005138E-01
    2137   9.9520653601E-01
    2138   9.9770453527E-01
    2139   1.0005217956E+00
    2140   1.0033296799E+00
    2141   1.0057343475E+00
    2142   1.0073660965E+00
    2143   1.0079856184E+00
    2144   1.0075453718E+00
    2145   1.0061759750E+00
    2146   1.0041272262E+00
    2147   1.0017142631E+00
    2148   9.9928919833E-01
    2149   9.9721484405E-01
    2150   9.9581312376E-01
    2151   9.9529169381E-01
    2152   9.9569124185E-01
    2153   9.9689087564E-01
    2154   9.9867092654E-01
    2155   1.0007911633E+00
    2156   1.0030394577E+00
    2157   1.0052367461E+00
    2158   1.0072275342E+00
    2159   1.0088902322E+00
    2160   1.0101680604E+00
    2161   1.0110831328E+00
    2162   1.0117028211E+00
    2163   1.0120683856E+00
    2164   1.0121396755E+00
    2165   1.0118029602E+00
    2166   1.0109410386E+00
    2167   1.0094294799E+00
    2168   1.0073335071E+00
    2169   1.0047241835E+00
    2170   1.0017128073E+00
    2171   9.9845415590E-01
    2172   9.9515288323E-01
    2173   9.9205759047E-01
    2174   9.8940748860E-01
    2175   9.8740345247E-01
    2176   9.8620033599E-01
    2177   9.8573730547E-01
    2178   9.8597634917E-01
    2179   9.8684208267E-01
    2180   9.8824812367E-01
    2181   9.9008613774E-01
    2182   9.9222026235E-01
    2183   9.9450661741E-01
    2184   9.9682871197E-01
    2185   9.9911721646E-01
    2186   1.0013362174E+00
    2187   1.0034437391E+00
    2188   1.0053626665E+00
    2189   1.0069878064E+00
    2190   1.0082207862E+00
    2191   1.0089997688E+00
    2192   1.0093030770E+00
    2193   1.0091307202E+00
    2194   1.0084930911E+00
    2195   1.0074245044E+00
    2196   1.0060076665E+00
    2197   1.0043796540E+00
    2198   1.0027081311E+00
    2199   1.0011501878E+00
    2200   9.9982466436E-01
    2201   9.9881335625E-01
    2202   9.9817702771E-01
    2203   9.9796111259E-01
    2204   9.9818284965E-01
    2205   9.9881035975E-01
    2206   9.9975861435E-01
    2207   1.0009125835E+00
    2208   1.0021614647E+00
    2209   1.0034177833E+00
    2210   1.0046116020E+00
    2211   1.0056699727E+00
    2212   1.0065078820E+00
    2213   1.0070506730E+00
    2214   1.0072235103E+00
    2215   1.0070306897E+00
    2216   1.0065085469E+00
    2217   1.0057078651E+00
    2218   1.0047013478E+00
    2219   1.0035904768E+00
    2220   1.0025145309E+00
    2221   1.0016362478E+00
    2222   1.0011027837E+00
    2223   1.0009997434E+00
    2224   1.0013247840E+00
    2225   1.0019916776E+00
    2226   1.0028527274E+00
    2227   1.0037209271E+00
    2228   1.0043874439E+00
    2229   1.0046451064E+00
    2230   1.0043311200E+00
    2231   1.0033835093E+00
    2232   1.0018822485E+00
    2233   1.0000468610E+00
    2234   9.9818882415E-01
    2235   9.9664400758E-01
    2236   9.9571650726E-01
    2237   9.9564665550E-01
    2238   9.9659113415E-01
    2239   9.9859769341E-01
    2240   1.0015731638E+00
    2241   1.0052643870E+00
    2242   1.0092779561E+00
    2243   1.0131476967E+00
    2244   1.0164275709E+00
    2245   1.0187724476E+00
    2246   1.0199839703E+00
    2247   1.0200257112E+00
    2248   1.0190212960E+00
    2249   1.0172377000E+00
    2250   1.0150390461E+00
    2251   1.0128059297E+00
    2252   1.0108442766E+00
    2253   1.0093331605E+00
    2254   1.0083005083E+00
    2255   1.0076968830E+00
    2256   1.0074778167E+00
    2257   1.0075758580E+00
    2258   1.0079498189E+00
    2259   1.0085664889E+00
    2260   1.0094043182E+00
    2261   1.0104643223E+00
    2262   1.0117653896E+00
    2263   1.0133117453E+00
    2264   1.0150488548E+00
    2265   1.0168433050E+00
    2266   1.0185051127E+00
    2267   1.0198365392E+00
    2268   1.0206703419E+00
    2269   1.0208764952E+00
    2270   1.0203521834E+00
    2271   1.0190656466E+00
    2272   1.0169161913E+00
    2273   1.0140405944E+00
    2274   1.0106887706E+00
    2275   1.0070285543E+00
    2276   1.0032453617E+00
    2277   9.9948664415E-01
    2278   9.9589164145E-01
    2279   9.9262397847E-01
    2280   9.8986757650E-01
    2281   9.8778541062E-01
    2282   9.8646516454E-01
    2283   9.8593277222E-01
    2284   9.8625488445E-01
    2285   9.8731798806E-01
    2286   9.8912625824E-01
    2287   9.9162603958E-01
    2288   9.9469007956E-01
    2289   9.9812329889E-01
    2290   1.0017075105E+00
    2291   1.0052500207E+00
    2292   1.0085946676E+00
    2293   1.0115917752E+00
    2294   1.0140702999E+00
    2295   1.0158793932E+00
    2296   1.0169145546E+00
    2297   1.0171131543E+00
    2298   1.0167640854E+00
    2299   1.0160593579E+00
    2300   1.0152214102E+00
    2301   1.0144538867E+00
    2302   1.0139611527E+00
    2303   1.0139564330E+00
    2304   1.0146207855E+00
    2305   1.0160351903E+00
    2306   1.0181437177E+00
    2307   1.0207820935E+00
    2308   1.0237473881E+00
    2309   1.0268518083E+00
    2310   1.0300633716E+00
    2311   1.0327982883E+00
    2312   1.0350016472E+00
    2313   1.0365917291E+00
    2314   1.0374455381E+00
    2315   1.0376342044E+00
    2316   1.0373291689E+00
    2317   1.0367003576E+00
    2318   1.0352557417E+00
    2319   1.0336316480E+00
    2320   1.0317757644E+00
    2321   1.0297993629E+00
    2322   1.0278268137E+00
    2323   1.0259186763E+00
    2324   1.0241088918E+00
    2325   1.0224936552E+00
    2326   1.0209735798E+00
    2327   1.0198739766E+00
    2328   1.0191795759E+00
    2329   1.0187845205E+00
    2330   1.0185360022E+00
    2331   1.0183040554E+00
    2332   1.0180301118E+00
    2333   1.0176973642E+00
    2334   1.0172678998E+00
    2335   1.0166601980E+00
    2336   1.0157949474E+00
    2337   1.0146598016E+00
    2338   1.0133315956E+00
    2339   1.0119050614E+00
    2340   1.0104043571E+00
    2341   1.0089193314E+00
    2342   1.0074579462E+00
    2343   1.0061100790E+00
    2344   1.0050175312E+00
    2345   1.0043070382E+00
    2346   1.0040301374E+00
    2347   1.0041625626E+00
    2348   1.0046566519E+00
    2349   1.0054870065E+00
    2350   1.0066393714E+00
    2351   1.0080534828E+00
    2352   1.0095824778E+00
    2353   1.0110194242E+00
    2354   1.0121759690E+00
    2355   1.0129462561E+00
    2356   1.0133058827E+00
    2357   1.0132630362E+00
    2358   1.0128257409E+00
    2359   1.0120262417E+00
    2360   1.0109736377E+00
    2361   1.0098688795E+00
    2362   1.0089505618E+00
    2363   1.0084107085E+00
    2364   1.0083483281E+00
    2365   1.0087918131E+00
    2366   1.0097516564E+00
    2367   1.0112426733E+00
    2368   1.0132727780E+00
    2369   1.0156425398E+00
    2370   1.0181855444E+00
    2371   1.0206541636E+00
    2372   1.0228387968E+00
    2373   1.0246217766E+00
    2374   1.0259381279E+00
    2375   1.0267333563E+00
    2376   1.0269697830E+00
    2377   1.0266824573E+00
    2378   1.0260870393E+00
    2379   1.0252818254E+00
    2380   1.0244318995E+00
    2381   1.0238256452E+00
    2382   1.0233550769E+00
    2383   1.0229475129E+00
    2384   1.0225296095E+00
    2385   1.0220317991E+00
    2386   1.0213622565E+00
    2387   1.0204090270E+00
    2388   1.0190987729E+00
    2389   1.0174978792E+00
    2390   1.0157268963E+00
    2391   1.0140281039E+00
    2392   1.0126957670E+00
    2393   1.0118086946E+00
    2394   1.0113974774E+00
    2395   1.0114433774E+00
    2396   1.0118984381E+00
    2397   1.0126687105E+00
    2398   1.0135970389E+00
    2399   1.0144894962E+00
    2400   1.0151884787E+00
    2401   1.0156392607E+00
    2402   1.0158931158E+00
    2403   1.0160449412E+00
    2404   1.0161616249E+00
    2405   1.0162572342E+00
    2406   1.0163417433E+00
    2407   1.0164039610E+00
    2408   1.0163788990E+00
    2409   1.0163517948E+00
    2410   1.0162050364E+00
    2411   1.0158345336E+00
    2412   1.0151776592E+00
    2413   1.0142475553E+00
    2414   1.0131050632E+00
    2415   1.0117907782E+00
    2416   1.0102812687E+00
    2417   1.0085058645E+00
    2418   1.0064048698E+00
    2419   1.0039746834E+00
    2420   1.0012680598E+00
    2421   9.9836798521E-01
    2422   9.9537847267E-01
    2423   9.9244509369E-01
    2424   9.8977591312E-01
    2425   9.8762226542E-01
    2426   9.8621272493E-01
    2427   9.8567836942E-01
    2428   9.8602005785E-01
    2429   9.8713326392E-01
    2430   9.8886487543E-01
    2431   9.9105675278E-01
    2432   9.9355198963E-01
    2433   9.9618036752E-01
    2434   9.9876167502E-01
    2435   1.0011394693E+00
    2436   1.0032208031E+00
    2437   1.0049794816E+00
    2438   1.0064131706E+00
    2439   1.0074909365E+00
    2440   1.0081437644E+00
    2441   1.0083092981E+00
    2442   1.0079928205E+00
    2443   1.0072903652E+00
    2444   1.0063584125E+00
    2445   1.0053632113E+00
    2446   1.0044568569E+00
    2447   1.0037896053E+00
    2448   1.0035271160E+00
    2449   1.0038373481E+00
    2450   1.0048462018E+00
    2451   1.0065967931E+00
    2452   1.0090489698E+00
    2453   1.0121164465E+00
    2454   1.0157023449E+00
    2455   1.0196981269E+00
    2456   1.0239505911E+00
    2457   1.0282594475E+00
    2458   1.0325362440E+00
    2459   1.0360573633E+00
    2460   1.0390369760E+00
    2461   1.0414371802E+00
    2462   1.0432185644E+00
    2463   1.0444621975E+00
    2464   1.0453673116E+00
    2465   1.0451463810E+00
    2466   1.0447652847E+00
    2467   1.0441286297E+00
    2468   1.0432106414E+00
    2469   1.0421987537E+00
    2470   1.0405281059E+00
    2471   1.0383990013E+00
    2472   1.0361564320E+00
    2473   1.0336652959E+00
    2474   1.0309374688E+00
    2475   1.0279558296E+00
    2476   1.0247453272E+00
    2477   1.0213317397E+00
    2478   1.0176839289E+00
    2479   1.0140973073E+00
    2480   1.0105477264E+00
    2481   1.0070928990E+00
    2482   1.0038371217E+00
    2483   1.0009334612E+00
    2484   9.9854696727E-01
    2485   9.9680074908E-01
    2486   9.9574727779E-01
    2487   9.9538297929E-01
    2488   9.9568299377E-01
    2489   9.9661642961E-01
    2490   9.9812987959E-01
    2491   1.0001212325E+00
    2492   1.0024381921E+00
    2493   1.0049130813E+00
    2494   1.0074068666E+00
    2495   1.0098215180E+00
    2496   1.0120738142E+00
    2497   1.0140623744E+00
    2498   1.0156673597E+00
    2499   1.0167890779E+00
    2500   1.0173887145E+00
    2501   1.0174890214E+00
    2502   1.0171362751E+00
    2503   1.0163643311E+00
    2504   1.0151966025E+00
    2505   1.0136817299E+00
    2506   1.0119210240E+00
    2507   1.0100537221E+00
    2508   1.0082118556E+00
    2509   1.0064919973E+00
    2510   1.0049433053E+00
    2511   1.0036344650E+00
    2512   1.0026353226E+00
    2513   1.0019929054E+00
    2514   1.0016959471E+00
    2515   1.0016520156E+00
    2516   1.0017153794E+00
    2517   1.0017426166E+00
    2518   1.0016324372E+00
    2519   1.0013260098E+00
    2520   1.0007846900E+00
    2521   9.9998353027E-01
    2522   9.9893215790E-01
    2523   9.9770188828E-01
    2524   9.9642372602E-01
    2525   9.9524911309E-01
    2526   9.9430220039E-01
    2527   9.9365949783E-01
    2528   9.9338805744E-01
    2529   9.9356559795E-01
    2530   9.9425939575E-01
    2531   9.9553668837E-01
    2532   9.9738897189E-01
    2533   9.9971714158E-01
    2534   1.0023491989E+00
    2535   1.0050782850E+00
    2536   1.0076895608E+00
    2537   1.0099829912E+00
    2538   1.0117219139E+00
    2539   1.0127113804E+00
    2540   1.0129081382E+00
    2541   1.0123425855E+00
    2542   1.0111688348E+00
    2543   1.0095934488E+00
    2544   1.0078138008E+00
    2545   1.0059896411E+00
    2546   1.0042435173E+00
    2547   1.0026631978E+00
    2548   1.0012862034E+00
    2549   1.0000793686E+00
    2550   9.9894344013E-01
    2551   9.9775844711E-01
    2552   9.9644481683E-01
    2553   9.9500062645E-01
    2554   9.9349222035E-01
    2555   9.9201468669E-01
    2556   9.9065831904E-01
    2557   9.8950496512E-01
    2558   9.8864010795E-01
    2559   9.8815380860E-01
    2560   9.8811628705E-01
    2561   9.8853123942E-01
    2562   9.8937267238E-01
    2563   9.9053737411E-01
    2564   9.9186600750E-01
    2565   9.9326236312E-01
    2566   9.9461663081E-01
    2567   9.9581046712E-01
    2568   9.9671883980E-01
    2569   9.9723819514E-01
    2570   9.9732014909E-01
    2571   9.9698221847E-01
    2572   9.9628633667E-01
    2573   9.9530593748E-01
    2574   9.9410941967E-01
    2575   9.9276874308E-01
    2576   9.9137276024E-01
    2577   9.9002259030E-01
    2578   9.8880857914E-01
    2579   9.8779114275E-01
    2580   9.8700554290E-01
    2581   9.8648790248E-01
    2582   9.8629558798E-01
    2583   9.8649755495E-01
    2584   9.8713717658E-01
    2585   9.8819464575E-01
    2586   9.8957588236E-01
    2587   9.9113369504E-01
    2588   9.9270135230E-01
    2589   9.9411416791E-01
    2590   9.9521679549E-01
    2591   9.9587543347E-01
    2592   9.9600972212E-01
    2593   9.9563480298E-01
    2594   9.9488113358E-01
    2595   9.9396546324E-01
    2596   9.9311535598E-01
    2597   9.9253914292E-01
    2598   9.9232485961E-01
    2599   9.9247850975E-01
    2600   9.9294964129E-01
    2601   9.9363863768E-01
    2602   9.9441591319E-01
    2603   9.9514738354E-01
    2604   9.9573441778E-01
    2605   9.9615407839E-01
    2606   9.9647413316E-01
    2607   9.9682877826E-01
    2608   9.9737062464E-01
    2609   9.9823082636E-01
    2610   9.9950362952E-01
    2611   1.0012473818E+00
    2612   1.0034793208E+00
    2613   1.0061518586E+00
    2614   1.0091249440E+00
    2615   1.0121627231E+00
    2616   1.0149664306E+00
    2617   1.0172602095E+00
    2618   1.0187488561E+00
    2619   1.0191457306E+00
    2620   1.0184800859E+00
    2621   1.0167049300E+00
    2622   1.0139382687E+00
    2623   1.0104217334E+00
    2624   1.0064829979E+00
    2625   1.0024700945E+00
    2626   9.9868719792E-01
    2627   9.9535978194E-01
    2628   9.9263021707E-01
    2629   9.9056589703E-01
    2630   9.8916376050E-01
    2631   9.8835081406E-01
    2632   9.8799238277E-01
    2633   9.8791734830E-01
    2634   9.8795179090E-01
    2635   9.8794350198E-01
    2636   9.8774521615E-01
    2637   9.8730259138E-01
    2638   9.8652353736E-01
    2639   9.8534899904E-01
    2640   9.8383229396E-01
    2641   9.8209178204E-01
    2642   9.8031053177E-01
    2643   9.7870269398E-01
    2644   9.7748111795E-01
    2645   9.7684081583E-01
    2646   9.7695279586E-01
    2647   9.7795490552E-01
    2648   9.7993234117E-01
    2649   9.8288387058E-01
    2650   9.8674323197E-01
    2651   9.9136255652E-01
    2652   9.9639305463E-01
    2653   1.0015705693E+00
    2654   1.0065409727E+00
    2655   1.0109343010E+00
    2656   1.0143451017E+00
    2657   1.0163777785E+00
    2658   1.0168984497E+00
    2659   1.0158525136E+00
    2660   1.0133676761E+00
    2661   1.0097097434E+00
    2662   1.0052440129E+00
    2663   1.0003930402E+00
    2664   9.9558641257E-01
    2665   9.9120370280E-01
    2666   9.8752395575E-01
    2667   9.8469789810E-01
    2668   9.8274768739E-01
    2669   9.8158552630E-01
    2670   9.8098664126E-01
    2671   9.8086687148E-01
    2672   9.8087908427E-01
    2673   9.8072500716E-01
    2674   9.8022436175E-01
    2675   9.7925410144E-01
    2676   9.7779820192E-01
    2677   9.7593543688E-01
    2678   9.7380654449E-01
    2679   9.7157954351E-01
    2680   9.6939114886E-01
    2681   9.6727672491E-01
    2682   9.6588557698E-01
    2683   9.6486767432E-01
    2684   9.6436596998E-01
    2685   9.6444381716E-01
    2686   9.6510195725E-01
    2687   9.6631154249E-01
    2688   9.6789579250E-01
    2689   9.7021372223E-01
    2690   9.7276807647E-01
    2691   9.7538243518E-01
    2692   9.7794865908E-01
    2693   9.8030724414E-01
    2694   9.8234523741E-01
    2695   9.8400499307E-01
    2696   9.8528174338E-01
    2697   9.8621954157E-01
    2698   9.8690561993E-01
    2699   9.8745499185E-01
    2700   9.8797875624E-01
    2701   9.8854581837E-01
    2702   9.8915826802E-01
    2703   9.8974312424E-01
    2704   9.9024151084E-01
    2705   9.9054394661E-01
    2706   9.9055425929E-01
    2707   9.9021106864E-01
    2708   9.8945048136E-01
    2709   9.8823477243E-01
    2710   9.8657999379E-01
    2711   9.8457130796E-01
    2712   9.8234880780E-01
    2713   9.8007299270E-01
    2714   9.7789430788E-01
    2715   9.7594463539E-01
    2716   9.7434427006E-01
    2717   9.7320294269E-01
    2718   9.7249311429E-01
    2719   9.7253511101E-01
    2720   9.7315778995E-01
    2721   9.7415934585E-01
    2722   9.7550100268E-01
    2723   9.7708353309E-01
    2724   9.7883150166E-01
    2725   9.8068309270E-01
    2726   9.8257776417E-01
    2727   9.8445929711E-01
    2728   9.8629161891E-01
    2729   9.8806612503E-01
    2730   9.8978289159E-01
    2731   9.9140785733E-01
    2732   9.9288365125E-01
    2733   9.9408169128E-01
    2734   9.9488501765E-01
    2735   9.9523368105E-01
    2736   9.9510480206E-01
    2737   9.9449738537E-01
    2738   9.9341208937E-01
    2739   9.9185834538E-01
    2740   9.8988092299E-01
    2741   9.8757599700E-01
    2742   9.8507613563E-01
    2743   9.8251743989E-01
    2744   9.8002025267E-01
    2745   9.7770114509E-01
    2746   9.7570118770E-01
    2747   9.7419830500E-01
    2748   9.7338327812E-01
    2749   9.7332013387E-01
    2750   9.7431579067E-01
    2751   9.7628605568E-01
    2752   9.7899468366E-01
    2753   9.8238252804E-01
    2754   9.8624821973E-01
    2755   9.9031180280E-01
    2756   9.9421259893E-01
    2757   9.9755227129E-01
    2758   9.9997592048E-01
    2759   1.0012499103E+00
    2760   1.0012945609E+00
    2761   1.0001684499E+00
    2762   9.9803692704E-01
    2763   9.9515470839E-01
    2764   9.9185770666E-01
    2765   9.8853573716E-01
    2766   9.8556943363E-01
    2767   9.8325223365E-01
    2768   9.8173791040E-01
    2769   9.8103804752E-01
    2770   9.8105825042E-01
    2771   9.8163579665E-01
    2772   9.8253246576E-01
    2773   9.8363767868E-01
    2774   9.8455994358E-01
    2775   9.8506697079E-01
    2776   9.8501801628E-01
    2777   9.8438479341E-01
    2778   9.8326091671E-01
    2779   9.8181041818E-01
    2780   9.8021201581E-01
    2781   9.7863197666E-01
    2782   9.7722579896E-01
    2783   9.7614258767E-01
    2784   9.7550682346E-01
    2785   9.7529897664E-01
    2786   9.7574816214E-01
    2787   9.7663287846E-01
    2788   9.7776372754E-01
    2789   9.7907837427E-01
    2790   9.8047525307E-01
    2791   9.8185769887E-01
    2792   9.8312236233E-01
    2793   9.8417047117E-01
    2794   9.8494065385E-01
    2795   9.8543556712E-01
    2796   9.8571536770E-01
    2797   9.8585787562E-01
    2798   9.8591398652E-01
    2799   9.8586387088E-01
    2800   9.8577700146E-01
    2801   9.8560632409E-01
    2802   9.8536112960E-01
    2803   9.8509570333E-01
    2804   9.8484006912E-01
    2805   9.8461135680E-01
    2806   9.8442738816E-01
    2807   9.8431936424E-01
    2808   9.8432418876E-01
    2809   9.8445509101E-01
    2810   9.8467199901E-01
    2811   9.8487715377E-01
    2812   9.8494196583E-01
    2813   9.8474572694E-01
    2814   9.8420266306E-01
    2815   9.8322777908E-01
    2816   9.8187180141E-01
    2817   9.8019749318E-01
    2818   9.7821707359E-01
    2819   9.7613860931E-01
    2820   9.7419172918E-01
    2821   9.7262022718E-01
    2822   9.7162874735E-01
    2823   9.7134670081E-01
    2824   9.7182131815E-01
    2825   9.7301257453E-01
    2826   9.7479579332E-01
    2827   9.7730776734E-01
    2828   9.8004851806E-01
    2829   9.8284710739E-01
    2830   9.8546163468E-01
    2831   9.8764900769E-01
    2832   9.8922810315E-01
    2833   9.9009807667E-01
    2834   9.9023342443E-01
    2835   9.8967171471E-01
    2836   9.8850970780E-01
    2837   9.8690599838E-01
    2838   9.8507463181E-01
    2839   9.8325892642E-01
    2840   9.8168844141E-01
    2841   9.8053685130E-01
    2842   9.7984069751E-01
    2843   9.7976646640E-01
    2844   9.8020941998E-01
    2845   9.8100167436E-01
    2846   9.8204666703E-01
    2847   9.8318093515E-01
    2848   9.8424343746E-01
    2849   9.8511335924E-01
    2850   9.8574089131E-01
    2851   9.8615355086E-01
    2852   9.8643174188E-01
    2853   9.8666578901E-01
    2854   9.8691706432E-01
    2855   9.8719921440E-01
    2856   9.8747920892E-01
    2857   9.8768903634E-01
    2858   9.8773025167E-01
    2859   9.8750604121E-01
    2860   9.8699414357E-01
    2861   9.8610180598E-01
    2862   9.8489743460E-01
    2863   9.8350451872E-01
    2864   9.8209188009E-01
    2865   9.8082896701E-01
    2866   9.7984253069E-01
    2867   9.7919425300E-01
    2868   9.7888024159E-01
    2869   9.7884154290E-01
    2870   9.7897529468E-01
    2871   9.7914340734E-01
    2872   9.7912432331E-01
    2873   9.7891156286E-01
    2874   9.7835014851E-01
    2875   9.7734401457E-01
    2876   9.7599497221E-01
    2877   9.7441921227E-01
    2878   9.7275986353E-01
    2879   9.7116009222E-01
    2880   9.6974977712E-01
    2881   9.6863556304E-01
    2882   9.6773784934E-01
    2883   9.6751487042E-01
    2884   9.6774015756E-01
    2885   9.6824140688E-01
    2886   9.6904812513E-01
    2887   9.7011039364E-01
    2888   9.7140708227E-01
    2889   9.7293720428E-01
    2890   9.7466885483E-01
    2891   9.7655703405E-01
    2892   9.7872878348E-01
    2893   9.8081747231E-01
    2894   9.8279903605E-01
    2895   9.8456808526E-01
    2896   9.8600590659E-01
    2897   9.8700561143E-01
    2898   9.8750255200E-01
    2899   9.8750837927E-01
    2900   9.8712407592E-01
    2901   9.8651802185E-01
    2902   9.8587674517E-01
    2903   9.8535636465E-01
    2904   9.8505713947E-01
    2905   9.8502232315E-01
    2906   9.8524149342E-01
    2907   9.8562972276E-01
    2908   9.8616477676E-01
    2909   9.8661222420E-01
    2910   9.8681672339E-01
    2911   9.8668036286E-01
    2912   9.8618362812E-01
    2913   9.8540119445E-01
    2914   9.8446846903E-01
    2915   9.8353631853E-01
    2916   9.8274029567E-01
    2917   9.8219075116E-01
    2918   9.8196833263E-01
    2919   9.8211093036E-01
    2920   9.8259348510E-01
    2921   9.8332075287E-01
    2922   9.8414575337E-01
    2923   9.8491050981E-01
    2924   9.8563556747E-01
    2925   9.8622347933E-01
    2926   9.8675687538E-01
    2927   9.8732793917E-01
    2928   9.8801275330E-01
    2929   9.8887435092E-01
    2930   9.8996412883E-01
    2931   9.9131124397E-01
    2932   9.9289702103E-01
    2933   9.9463419009E-01
    2934   9.9637562105E-01
    2935   9.9795759276E-01
    2936   9.9925165190E-01
    2937   1.0001916148E+00
    2938   1.0007637096E+00
    2939   1.0009783610E+00
    2940   1.0008540100E+00
    2941   1.0004250408E+00
    2942   9.9975542311E-01
    2943   9.9893299934E-01
    2944   9.9804138423E-01
    2945   9.9713139519E-01
    2946   9.9621839023E-01
    2947   9.9530832368E-01
    2948   9.9442575759E-01
    2949   9.9361426986E-01
    2950   9.9290585080E-01
    2951   9.9228402336E-01
    2952   9.9167241746E-01
    2953   9.9095886339E-01
    2954   9.9003492324E-01
    2955   9.8882233141E-01
    2956   9.8727772390E-01
    2957   9.8539007256E-01
    2958   9.8318985684E-01
    2959   9.8070439705E-01
    2960   9.7825899630E-01
    2961   9.7606748926E-01
    2962   9.7432579008E-01
    2963   9.7328163409E-01
    2964   9.7306240748E-01
    2965   9.7370543684E-01
    2966   9.7517394906E-01
    2967   9.7736980968E-01
    2968   9.8013410414E-01
    2969   9.8324608852E-01
    2970   9.8642786544E-01
    2971   9.8944660077E-01
    2972   9.9207341823E-01
    2973   9.9415145280E-01
    2974   9.9565650126E-01
    2975   9.9658460261E-01
    2976   9.9695208111E-01
    2977   9.9679615635E-01
    2978   9.9619187096E-01
    2979   9.9525795894E-01
    2980   9.9413727524E-01
    2981   9.9296519011E-01
    2982   9.9185088307E-01
    2983   9.9088430897E-01
    2984   9.9015460757E-01
    2985   9.8975235079E-01
    2986   9.8974371749E-01
    2987   9.9013370713E-01
    2988   9.9084836719E-01
    2989   9.9175542242E-01
    2990   9.9271378066E-01
    2991   9.9362036521E-01
    2992   9.9442830376E-01
    2993   9.9513706559E-01
    2994   9.9577451312E-01
    2995   9.9638962826E-01
    2996   9.9705353169E-01
    2997   9.9784884271E-01
    2998   9.9883500661E-01
    2999   1.0000029842E+00
    3000   1.0012488961E+00
    3001   1.0023897992E+00
    3002   1.0032171105E+00
    3003   1.0035572744E+00
    3004   1.0033101136E+00
    3005   1.0024592111E+00
    3006   1.0010691537E+00
    3007   9.9928474147E-01
    3008   9.9732865527E-01
    3009   9.9547914725E-01
    3010   9.9401851027E-01
    3011   9.9316705471E-01
    3012   9.9303155015E-01
    3013   9.9359033307E-01
    3014   9.9471528868E-01
    3015   9.9621055434E-01
    3016   9.9784748655E-01
    3017   9.9939044337E-01
    3018   1.0006228799E+00
    3019   1.0013823469E+00
    3020   1.0015980506E+00
    3021   1.0013086163E+00
    3022   1.0006443703E+00
    3023   9.9978010217E-01
    3024   9.9888453361E-01
    3025   9.9809046666E-01
    3026   9.9749154110E-01
    3027   9.9714972056E-01
    3028   9.9709692469E-01
    3029   9.9732703870E-01
    3030   9.9779123994E-01
    3031   9.9840977448E-01
    3032   9.9910118941E-01
    3033   9.9981187116E-01
    3034   1.0005283620E+00
    3035   1.0012667232E+00
    3036   1.0020519496E+00
    3037   1.0029038425E+00
    3038   1.0038369675E+00
    3039   1.0048647722E+00
    3040   1.0059957792E+00
    3041   1.0072176841E+00
    3042   1.0084812928E+00
    3043   1.0096989660E+00
    3044   1.0107636374E+00
    3045   1.0115763253E+00
    3046   1.0120659469E+00
    3047   1.0121913644E+00
    3048   1.0119325276E+00
    3049   1.0112837153E+00
    3050   1.0102576958E+00
    3051   1.0088945905E+00
    3052   1.0072655530E+00
    3053   1.0054645366E+00
    3054   1.0035942436E+00
    3055   1.0017557316E+00
    3056   1.0000471998E+00
    3057   9.9856419748E-01
    3058   9.9739238085E-01
    3059   9.9658831087E-01
    3060   9.9615767371E-01
    3061   9.9604544149E-01
    3062   9.9614904637E-01
    3063   9.9634944468E-01
    3064   9.9654675834E-01
    3065   9.9668421557E-01
    3066   9.9675508536E-01
    3067   9.9679749276E-01
    3068   9.9688607927E-01
    3069   9.9712128040E-01
    3070   9.9761280471E-01
    3071   9.9845325911E-01
    3072   9.9968778260E-01
    3073   1.0012937543E+00
    3074   1.0031840164E+00
    3075   1.0052327133E+00
    3076   1.0073102943E+00
    3077   1.0093084256E+00
    3078   1.0111456435E+00
    3079   1.0127601223E+00
    3080   1.0141042203E+00
    3081   1.0151471058E+00
    3082   1.0158862708E+00
    3083   1.0163639208E+00
    3084   1.0164749541E+00
    3085   1.0163355390E+00
    3086   1.0159313844E+00
    3087   1.0152632453E+00
    3088   1.0143750776E+00
    3089   1.0133491919E+00
    3090   1.0122895498E+00
    3091   1.0112946146E+00
    3092   1.0104383916E+00
    3093   1.0097680984E+00
    3094   1.0093112080E+00
    3095   1.0090792225E+00
    3096   1.0090622990E+00
    3097   1.0092234767E+00
    3098   1.0095047829E+00
    3099   1.0098466988E+00
    3100   1.0102083257E+00
    3101   1.0105734004E+00
    3102   1.0109376352E+00
    3103   1.0112926524E+00
    3104   1.0116331630E+00
    3105   1.0118698039E+00
    3106   1.0120327299E+00
    3107   1.0121110994E+00
    3108   1.0120898532E+00
    3109   1.0119470054E+00
    3110   1.0116484836E+00
    3111   1.0111654269E+00
    3112   1.0104923473E+00
    3113   1.0096505886E+00
    3114   1.0086747470E+00
    3115   1.0075967254E+00
    3116   1.0064437481E+00
    3117   1.0052507070E+00
    3118   1.0040723891E+00
    3119   1.0029816593E+00
    3120   1.0020534870E+00
    3121   1.0013495134E+00
    3122   1.0009181934E+00
    3123   1.0008084176E+00
    3124   1.0010807085E+00
    3125   1.0018007264E+00
    3126   1.0030144820E+00
    3127   1.0047199892E+00
    3128   1.0068539045E+00
    3129   1.0092971594E+00
    3130   1.0118903976E+00
    3131   1.0144478127E+00
    3132   1.0167686633E+00
    3133   1.0186570820E+00
    3134   1.0200151880E+00
    3135   1.0205990983E+00
    3136   1.0205134497E+00
    3137   1.0199243576E+00
    3138   1.0189773370E+00
    3139   1.0178676876E+00
    3140   1.0167762706E+00
    3141   1.0158531302E+00
    3142   1.0152066153E+00
    3143   1.0148919244E+00
    3144   1.0149044825E+00
    3145   1.0151883359E+00
    3146   1.0156636256E+00
    3147   1.0162602118E+00
    3148   1.0169656624E+00
    3149   1.0177406519E+00
    3150   1.0185153090E+00
    3151   1.0193951545E+00
    3152   1.0203174783E+00
    3153   1.0212470148E+00
    3154   1.0221323238E+00
    3155   1.0228989670E+00
    3156   1.0234501546E+00
    3157   1.0236829527E+00
    3158   1.0235170828E+00
    3159   1.0229314864E+00
    3160   1.0219879707E+00
    3161   1.0205434394E+00
    3162   1.0188939745E+00
    3163   1.0170970152E+00
    3164   1.0152540121E+00
    3165   1.0135037750E+00
    3166   1.0119940844E+00
    3167   1.0108650238E+00
    3168   1.0102358749E+00
    3169   1.0102004652E+00
    3170   1.0108251690E+00
    3171   1.0121373393E+00
    3172   1.0141019136E+00
    3173   1.0165992259E+00
    3174   1.0194211674E+00
    3175   1.0223070386E+00
    3176   1.0250553511E+00
    3177   1.0270961193E+00
    3178   1.0284403718E+00
    3179   1.0289573091E+00
    3180   1.0286008953E+00
    3181   1.0274592233E+00
    3182   1.0257111224E+00
    3183   1.0235837541E+00
    3184   1.0212984040E+00
    3185   1.0190366940E+00
    3186   1.0169301448E+00
    3187   1.0149313092E+00
    3188   1.0132004035E+00
    3189   1.0117114537E+00
    3190   1.0104498765E+00
    3191   1.0094057666E+00
    3192   1.0085784623E+00
    3193   1.0079884202E+00
    3194   1.0076739410E+00
    3195   1.0076709136E+00
    3196   1.0079898721E+00
    3197   1.0086085901E+00
    3198   1.0094832612E+00
    3199   1.0105670222E+00
    3200   1.0118180633E+00
    3201   1.0131919829E+00
    3202   1.0146306029E+00
    3203   1.0160645603E+00
    3204   1.0174315726E+00
    3205   1.0186969205E+00
    3206   1.0199161141E+00
    3207   1.0209948686E+00
    3208   1.0219649319E+00
    3209   1.0229460403E+00
    3210   1.0239327736E+00
    3211   1.0249766382E+00
    3212   1.0261202872E+00
    3213   1.0273629675E+00
    3214   1.0286387708E+00
    3215   1.0298496549E+00
    3216   1.0309726359E+00
    3217   1.0314631345E+00
    3218   1.0316142855E+00
    3219   1.0313251166E+00
    3220   1.0305394537E+00
    3221   1.0292881004E+00
    3222   1.0276703465E+00
    3223   1.0258488048E+00
    3224   1.0240646013E+00
    3225   1.0223747516E+00
    3226   1.0208666983E+00
    3227   1.0197393510E+00
    3228   1.0189297489E+00
    3229   1.0184280480E+00
    3230   1.0181968828E+00
    3231   1.0181669534E+00
    3232   1.0182532404E+00
    3233   1.0183904602E+00
    3234   1.0185622690E+00
    3235   1.0187995621E+00
    3236   1.0191465722E+00
    3237   1.0196626418E+00
    3238   1.0202707451E+00
    3239   1.0208674479E+00
    3240   1.0215483929E+00
    3241   1.0222331264E+00
    3242   1.0228920545E+00
    3243   1.0234807620E+00
    3244   1.0239499408E+00
    3245   1.0242731102E+00
    3246   1.0244632650E+00
    3247   1.0245627308E+00
    3248   1.0246892520E+00
    3249   1.0245977708E+00
    3250   1.0244178980E+00
    3251   1.0241789066E+00
    3252   1.0238696401E+00
    3253   1.0235654807E+00
    3254   1.0233547140E+00
    3255   1.0233171134E+00
    3256   1.0235266795E+00
    3257   1.0240667302E+00
    3258   1.0251084684E+00
    3259   1.0265848962E+00
    3260   1.0284388627E+00
    3261   1.0307450053E+00
    3262   1.0332472839E+00
    3263   1.0357444082E+00
    3264   1.0380463951E+00
    3265   1.0400756598E+00
    3266   1.0417009741E+00
    3267   1.0421562860E+00
    3268   1.0420806619E+00
    3269   1.0412519607E+00
    3270   1.0397248895E+00
    3271   1.0376762756E+00
    3272   1.0352992894E+00
    3273   1.0322799697E+00
    3274   1.0293423674E+00
    3275   1.0265022910E+00
    3276   1.0239185571E+00
    3277   1.0217434473E+00
    3278   1.0200558678E+00
    3279   1.0188537973E+00
    3280   1.0180767713E+00
    3281   1.0176343354E+00
    3282   1.0174530862E+00
    3283   1.0173558329E+00
    3284   1.0171933758E+00
    3285   1.0169597496E+00
    3286   1.0165894369E+00
    3287   1.0161506008E+00
    3288   1.0157866059E+00
    3289   1.0156664558E+00
    3290   1.0159329124E+00
    3291   1.0166740569E+00
    3292   1.0179182830E+00
    3293   1.0196345861E+00
    3294   1.0217252103E+00
    3295   1.0240300673E+00
    3296   1.0264153085E+00
    3297   1.0282953406E+00
    3298   1.0296884325E+00
    3299   1.0304499741E+00
    3300   1.0305069731E+00
    3301   1.0298961453E+00
    3302   1.0287123252E+00
    3303   1.0271021909E+00
    3304   1.0252980575E+00
    3305   1.0234976741E+00
    3306   1.0217782122E+00
    3307   1.0205317413E+00
    3308   1.0197375041E+00
    3309   1.0193841250E+00
    3310   1.0194153274E+00
    3311   1.0197497668E+00
    3312   1.0202896997E+00
    3313   1.0209206643E+00
    3314   1.0215209213E+00
    3315   1.0219890959E+00
    3316   1.0223190255E+00
    3317   1.0224861793E+00
    3318   1.0224546855E+00
    3319   1.0225129010E+00
    3320   1.0226735986E+00
    3321   1.0229979024E+00
    3322   1.0235269363E+00
    3323   1.0242766855E+00
    3324   1.0252245924E+00
    3325   1.0262953086E+00
    3326   1.0274038339E+00
    3327   1.0284479781E+00
    3328   1.0290067331E+00
    3329   1.0293911727E+00
    3330   1.0295499980E+00
    3331   1.0295728382E+00
    3332   1.0296013128E+00
    3333   1.0297988958E+00
    3334   1.0303491485E+00
    3335   1.0315417003E+00
    3336   1.0330275410E+00
    3337   1.0351093796E+00
    3338   1.0376274234E+00
    3339   1.0402949948E+00
    3340   1.0428355612E+00
    3341   1.0452380728E+00
    3342   1.0467687374E+00
    3343   1.0471862895E+00
    3344   1.0469169641E+00
    3345   1.0457086089E+00
    3346   1.0437567483E+00
    3347   1.0412774524E+00
    3348   1.0379907595E+00
    3349   1.0349207569E+00
    3350   1.0320286763E+00
    3351   1.0294423749E+00
    3352   1.0272599126E+00
    3353   1.0255240425E+00
    3354   1.0242408160E+00
    3355   1.0233288069E+00
    3356   1.0224620439E+00
    3357   1.0217302452E+00
    3358   1.0209347586E+00
    3359   1.0199863004E+00
    3360   1.0188325023E+00
    3361   1.0174355820E+00
    3362   1.0157775229E+00
    3363   1.0138843957E+00
    3364   1.0118481803E+00
    3365   1.0098236060E+00
    3366   1.0079954861E+00
    3367   1.0065360705E+00
    3368   1.0055761529E+00
    3369   1.0051966420E+00
    3370   1.0054285271E+00
    3371   1.0062476423E+00
    3372   1.0075626656E+00
    3373   1.0092159743E+00
    3374   1.0110214597E+00
    3375   1.0127155450E+00
    3376   1.0141892237E+00
    3377   1.0153664036E+00
    3378   1.0162335717E+00
    3379   1.0168187466E+00
    3380   1.0171693612E+00
    3381   1.0173525752E+00
    3382   1.0174584032E+00
    3383   1.0175874264E+00
    3384   1.0178205774E+00
    3385   1.0181916765E+00
    3386   1.0186847406E+00
    3387   1.0192577335E+00
    3388   1.0199028987E+00
    3389   1.0205709278E+00
    3390   1.0211193359E+00
    3391   1.0216706704E+00
    3392   1.0221136520E+00
    3393   1.0224039822E+00
    3394   1.0225274125E+00
    3395   1.0224890850E+00
    3396   1.0222833404E+00
    3397   1.0218688897E+00
    3398   1.0211736764E+00
    3399   1.0201303503E+00
    3400   1.0187447219E+00
    3401   1.0168867025E+00
    3402   1.0147273380E+00
    3403   1.0123284722E+00
    3404   1.0097464375E+00
    3405   1.0070870009E+00
    3406   1.0044827919E+00
    3407   1.0020727897E+00
    3408   9.9996903992E-01
    3409   9.9823437580E-01
    3410   9.9688673182E-01
    3411   9.9592290266E-01
    3412   9.9533972332E-01
    3413   9.9513671376E-01
    3414   9.9530186929E-01
    3415   9.9579857826E-01
    3416   9.9656867579E-01
    3417   9.9754903351E-01
    3418   9.9868485190E-01
    3419   9.9992666445E-01
    3420   1.0012131313E+00
    3421   1.0024572851E+00
    3422   1.0035516123E+00
    3423   1.0043900093E+00
    3424   1.0048894386E+00
    3425   1.0049972044E+00
    3426   1.0046842588E+00
    3427   1.0039393907E+00
    3428   1.0027760820E+00
    3429   1.0012470503E+00
    3430   9.9944918901E-01
    3431   9.9750817743E-01
    3432   9.9554819486E-01
    3433   9.9366573037E-01
    3434   9.9192272897E-01
    3435   9.9035760991E-01
    3436   9.8899952158E-01
    3437   9.8787351499E-01
    3438   9.8698590657E-01
    3439   9.8632973241E-01
    3440   9.8597255368E-01
    3441   9.8582219485E-01
    3442   9.8590192009E-01
    3443   9.8621921792E-01
    3444   9.8676355088E-01
    3445   9.8749178204E-01
    3446   9.8832460434E-01
    3447   9.8916016312E-01
    3448   9.8989582313E-01
    3449   9.9044561133E-01
    3450   9.9074675253E-01
    3451   9.9075876967E-01
    3452   9.9046346681E-01
    3453   9.8986878783E-01
    3454   9.8901204334E-01
    3455   9.8795621814E-01
    3456   9.8677797546E-01
    3457   9.8555314670E-01
    3458   9.8434756031E-01
    3459   9.8317103962E-01
    3460   9.8217799453E-01
    3461   9.8138194081E-01
    3462   9.8076986472E-01
    3463   9.8038720498E-01
    3464   9.8022720457E-01
    3465   9.8026110489E-01
    3466   9.8044713011E-01
    3467   9.8074128931E-01
    3468   9.8110441387E-01
    3469   9.8150336054E-01
    3470   9.8190806147E-01
    3471   9.8228789485E-01
    3472   9.8259483518E-01
    3473   9.8278166422E-01
    3474   9.8292358429E-01
    3475   9.8284892794E-01
    3476   9.8256802705E-01
    3477   9.8207266182E-01
    3478   9.8137789972E-01
    3479   9.8053775470E-01
    3480   9.7964691233E-01
    3481   9.7882999009E-01
    3482   9.7821917923E-01
    3483   9.7792760826E-01
    3484   9.7802668206E-01
    3485   9.7850095303E-01
    3486   9.7935253963E-01
    3487   9.8059903180E-01
    3488   9.8193311666E-01
    3489   9.8327786793E-01
    3490   9.8447876816E-01
    3491   9.8539086697E-01
    3492   9.8590378558E-01
    3493   9.8595760124E-01
    3494   9.8554550847E-01
    3495   9.8470436250E-01
    3496   9.8350047638E-01
    3497   9.8201932319E-01
    3498   9.8036057314E-01
    3499   9.7863068857E-01
    3500   9.7684431668E-01
    3501   9.7531716790E-01
    3502   9.7400039263E-01
    3503   9.7285926633E-01
    3504   9.7193762466E-01
    3505   9.7122341837E-01
    3506   9.7070203567E-01
    3507   9.7035817926E-01
    3508   9.7017162231E-01
    3509   9.6998761632E-01
    3510   9.7013371806E-01
    3511   9.7043309576E-01
    3512   9.7078945752E-01
    3513   9.7130355235E-01
    3514   9.7197884526E-01
    3515   9.7279657056E-01
    3516   9.7371854958E-01
    3517   9.7469822242E-01
    3518   9.7562539860E-01
    3519   9.7658146000E-01
    3520   9.7752640709E-01
    3521   9.7823231036E-01
    3522   9.7871115092E-01
    3523   9.7891211827E-01
    3524   9.7882189011E-01
    3525   9.7847043144E-01
    3526   9.7792097457E-01
    3527   9.7725323904E-01
    3528   9.7655056759E-01
    3529   9.7585878163E-01
    3530   9.7524363109E-01
    3531   9.7499565604E-01
    3532   9.7487152583E-01
    3533   9.7494971193E-01
    3534   9.7520453159E-01
    3535   9.7558981372E-01
    3536   9.7606448727E-01
    3537   9.7659850873E-01
    3538   9.7716505496E-01
    3539   9.7772768526E-01
    3540   9.7817049464E-01
    3541   9.7860420760E-01
    3542   9.7891219698E-01
    3543   9.7900937728E-01
    3544   9.7894797927E-01
    3545   9.7874877388E-01
    3546   9.7845034435E-01
    3547   9.7811676926E-01
    3548   9.7784280432E-01
    3549   9.7774462771E-01
    3550   9.7793335669E-01
    3551   9.7847429575E-01
    3552   9.7932770030E-01
    3553   9.8062167253E-01
    3554   9.8205195900E-01
    3555   9.8347166686E-01
    3556   9.8470476184E-01
    3557   9.8554524764E-01
    3558   9.8581259556E-01
    3559   9.8539518135E-01
    3560   9.8428780383E-01
    3561   9.8260267522E-01
    3562   9.8054549699E-01
    3563   9.7836779986E-01
    3564   9.7631777444E-01
    3565   9.7456895436E-01
    3566   9.7324339582E-01
    3567   9.7272760510E-01
    3568   9.7270351614E-01
    3569   9.7318624383E-01
    3570   9.7405288720E-01
    3571   9.7513148465E-01
    3572   9.7625080367E-01
    3573   9.7727190711E-01
    3574   9.7810223553E-01
    3575   9.7868518811E-01
    3576   9.7894391139E-01
    3577   9.7908416383E-01
    3578   9.7896884569E-01
    3579   9.7865936567E-01
    3580   9.7822857338E-01
    3581   9.7771419289E-01
    3582   9.7713584637E-01
    3583   9.7650250825E-01
    3584   9.7582722187E-01
    3585   9.7513558632E-01
    3586   9.7444919759E-01
    3587   9.7368423237E-01
    3588   9.7315019306E-01
    3589   9.7256382434E-01
    3590   9.7188074165E-01
    3591   9.7110041727E-01
    3592   9.7020285568E-01
    3593   9.6918676008E-01
    3594   9.6806353952E-01
    3595   9.6676263949E-01
    3596   9.6536550081E-01
    3597   9.6428746184E-01
    3598   9.6309159764E-01
    3599   9.6200380050E-01
    3600   9.6107462898E-01
    3601   9.6033039639E-01
    3602   9.5956150870E-01
    3603   9.5925669983E-01
    3604   9.5936787380E-01
    3605   9.5950924229E-01
    3606   9.5985998795E-01
    3607   9.6037907878E-01
    3608   9.6092980298E-01
    3609   9.6147321811E-01
    3610   9.6252282053E-01
    3611   9.6341005807E-01
    3612   9.6439262247E-01
    3613   9.6552870859E-01
    3614   9.6685131215E-01
    3615   9.6836823358E-01
    3616   9.6997721133E-01
    3617   9.7204626212E-01
    3618   9.7413015701E-01
    3619   9.7615896134E-01
    3620   9.7804061867E-01
    3621   9.7963548531E-01
    3622   9.8083211854E-01
    3623   9.8156165926E-01
    3624   9.8179813605E-01
    3625   9.8155283803E-01
    3626   9.8087128253E-01
    3627   9.7981198242E-01
    3628   9.7844598202E-01
    3629   9.7709670635E-01
    3630   9.7567621628E-01
    3631   9.7431328419E-01
    3632   9.7306163652E-01
    3633   9.7193702547E-01
    3634   9.7093841517E-01
    3635   9.7005443607E-01
    3636   9.6925430118E-01
    3637   9.6834445814E-01
    3638   9.6772169615E-01
    3639   9.6704913892E-01
    3640   9.6626175398E-01
    3641   9.6543133071E-01
    3642   9.6457811165E-01
    3643   9.6373465765E-01
    3644   9.6278868603E-01
    3645   9.6203528408E-01
    3646   9.6174704462E-01
    3647   9.6151949607E-01
    3648   9.6162932740E-01
    3649   9.6212420497E-01
    3650   9.6300441843E-01
    3651   9.6404776515E-01
    3652   9.6567003779E-01
    3653   9.6744557995E-01
    3654   9.6912139956E-01
    3655   9.7067333418E-01
    3656   9.7196598563E-01
    3657   9.7289620883E-01
    3658   9.7341969544E-01
    3659   9.7354006629E-01
    3660   9.7329122231E-01
    3661   9.7312373608E-01
    3662   9.7286382874E-01
    3663   9.7270176955E-01
    3664   9.7272861198E-01
    3665   9.7296215092E-01
    3666   9.7336468273E-01
    3667   9.7384772413E-01
    3668   9.7428750409E-01
    3669   9.7446916366E-01
    3670   9.7445311797E-01
    3671   9.7418810964E-01
    3672   9.7353640935E-01
    3673   9.7265680382E-01
    3674   9.7165596751E-01
    3675   9.7064525758E-01
    3676   9.6972235192E-01
    3677   9.6895911747E-01
    3678   9.6824595850E-01
    3679   9.6792783332E-01
    3680   9.6784955067E-01
    3681   9.6776333560E-01
    3682   9.6770415178E-01
    3683   9.6761601456E-01
    3684   9.6747621405E-01
    3685   9.6729131533E-01
    3686   9.6693673787E-01
    3687   9.6694161035E-01
    3688   9.6705661106E-01
    3689   9.6728225511E-01
    3690   9.6774118449E-01
    3691   9.6844389136E-01
    3692   9.6935978418E-01
    3693   9.7041191677E-01
    3694   9.7138133320E-01
    3695   9.7248382560E-01
    3696   9.7340409770E-01
    3697   9.7403939193E-01
    3698   9.7444542674E-01
    3699   9.7464916109E-01
    3700   9.7471233666E-01
    3701   9.7472609507E-01
    3702   9.7480048300E-01
    3703   9.7503693985E-01
    3704   9.7544355895E-01
    3705   9.7633395970E-01
    3706   9.7745992896E-01
    3707   9.7878058562E-01
    3708   9.8024906225E-01
    3709   9.8177904963E-01
    3710   9.8328971620E-01
    3711   9.8470974235E-01
    3712   9.8597833420E-01
    3713   9.8704582199E-01
    3714   9.8787237575E-01
    3715   9.8842231281E-01
    3716   9.8865539531E-01
    3717   9.8852224589E-01
    3718   9.8797153080E-01
    3719   9.8696340800E-01
    3720   9.8547272238E-01
    3721   9.8366039648E-01
    3722   9.8156390905E-01
    3723   9.7934477341E-01
    3724   9.7717394513E-01
    3725   9.7520692342E-01
    3726   9.7357471405E-01
    3727   9.7237060560E-01
    3728   9.7163900886E-01
    3729   9.7136907613E-01
    3730   9.7142158140E-01
    3731   9.7180864192E-01
    3732   9.7254933083E-01
    3733   9.7324068536E-01
    3734   9.7393054239E-01
    3735   9.7458032863E-01
    3736   9.7518545521E-01
    3737   9.7577464996E-01
    3738   9.7640485151E-01
    3739   9.7715123213E-01
    3740   9.7805985357E-01
    3741   9.7921995357E-01
    3742   9.8076837731E-01
    3743   9.8248785915E-01
    3744   9.8438615858E-01
    3745   9.8636969379E-01
    3746   9.8832262782E-01
    3747   9.9012295567E-01
    3748   9.9165729364E-01
    3749   9.9283976080E-01
    3750   9.9363203330E-01
    3751   9.9405657955E-01
    3752   9.9419487515E-01
    3753   9.9416870916E-01
    3754   9.9411115747E-01
    3755   9.9413783029E-01
    3756   9.9432633861E-01
    3757   9.9470627830E-01
    3758   9.9525809171E-01
    3759   9.9591910438E-01
    3760   9.9659683207E-01
    3761   9.9718942704E-01
    3762   9.9760976944E-01
    3763   9.9780630067E-01
    3764   9.9777381894E-01
    3765   9.9755201335E-01
    3766   9.9721544090E-01
    3767   9.9686119647E-01
    3768   9.9659807740E-01
    3769   9.9653668991E-01
    3770   9.9677757793E-01
    3771   9.9739591244E-01
    3772   9.9842519818E-01
    3773   9.9984525619E-01
    3774   1.0015794697E+00
    3775   1.0035035640E+00
    3776   1.0054647175E+00
    3777   1.0073072131E+00
    3778   1.0088996470E+00
    3779   1.0101580612E+00
    3780   1.0110591437E+00
    3781   1.0116387375E+00
    3782   1.0119741426E+00
    3783   1.0121537645E+00
    3784   1.0122428341E+00
    3785   1.0122564306E+00
    3786   1.0121492595E+00
    3787   1.0118261837E+00
    3788   1.0111703269E+00
    3789   1.0100795347E+00
    3790   1.0084996281E+00
    3791   1.0064447550E+00
    3792   1.0040000760E+00
    3793   1.0013077769E+00
    3794   9.9854154098E-01
    3795   9.9587626077E-01
    3796   9.9345957645E-01
    3797   9.9139054179E-01
    3798   9.8970898262E-01
    3799   9.8839702261E-01
    3800   9.8739161520E-01
    3801   9.8660437610E-01
    3802   9.8594366299E-01
    3803   9.8533423944E-01
    3804   9.8473170836E-01
    3805   9.8413093127E-01
    3806   9.8356845632E-01
    3807   9.8311854139E-01
    3808   9.8288207291E-01
    3809   9.8296882638E-01
    3810   9.8346192780E-01
    3811   9.8443290275E-01
    3812   9.8597728846E-01
    3813   9.8793892900E-01
    3814   9.9026865088E-01
    3815   9.9283692835E-01
    3816   9.9547717466E-01
    3817   9.9800201653E-01
    3818   1.0002203883E+00
    3819   1.0019578513E+00
    3820   1.0030763339E+00
    3821   1.0034884501E+00
    3822   1.0031639541E+00
    3823   1.0021300008E+00
    3824   1.0004689170E+00
    3825   9.9831507654E-01
    3826   9.9584868680E-01
    3827   9.9328299211E-01
    3828   9.9084435068E-01
    3829   9.8874934548E-01
    3830   9.8718514848E-01
    3831   9.8629683033E-01
    3832   9.8618077756E-01
    3833   9.8688075908E-01
    3834   9.8838432763E-01
    3835   9.9062068845E-01
    3836   9.9346361487E-01
    3837   9.9674197112E-01
    3838   1.0002566354E+00
    3839   1.0037992610E+00
    3840   1.0071683244E+00
    3841   1.0101813805E+00
    3842   1.0126859494E+00
    3843   1.0145711678E+00
    3844   1.0157787103E+00
    3845   1.0163085089E+00
    3846   1.0162160250E+00
    3847   1.0156024461E+00
    3848   1.0146025947E+00
    3849   1.0133738000E+00
    3850   1.0120856778E+00
    3851   1.0109162973E+00
    3852   1.0099586030E+00
    3853   1.0093478212E+00
    3854   1.0091117196E+00
    3855   1.0092113570E+00
    3856   1.0095623027E+00
    3857   1.0100440247E+00
    3858   1.0105192032E+00
    3859   1.0108537211E+00
    3860   1.0109375079E+00
    3861   1.0107041638E+00
    3862   1.0101435146E+00
    3863   1.0093004520E+00
    3864   1.0082585230E+00
    3865   1.0071146748E+00
    3866   1.0059562700E+00
    3867   1.0048487982E+00
    3868   1.0038354529E+00
    3869   1.0029433008E+00
    3870   1.0021897236E+00
    3871   1.0015862160E+00
    3872   1.0011403655E+00
    3873   1.0008571963E+00
    3874   1.0007392743E+00
    3875   1.0007837860E+00
    3876   1.0009767951E+00
    3877   1.0012883978E+00
    3878   1.0016739571E+00
    3879   1.0020833554E+00
    3880   1.0024748137E+00
    3881   1.0028262421E+00
    3882   1.0031388373E+00
    3883   1.0034331078E+00
    3884   1.0037420705E+00
    3885   1.0041058660E+00
    3886   1.0045680337E+00
    3887   1.0051700006E+00
    3888   1.0059410869E+00
    3889   1.0068857071E+00
    3890   1.0079733979E+00
    3891   1.0091368489E+00
    3892   1.0102792854E+00
    3893   1.0113076953E+00
    3894   1.0120697823E+00
    3895   1.0124742255E+00
    3896   1.0124943866E+00
    3897   1.0121124721E+00
    3898   1.0113882314E+00
    3899   1.0104412451E+00
    3900   1.0094320778E+00
    3901   1.0085334914E+00
    3902   1.0079017879E+00
    3903   1.0076566411E+00
    3904   1.0078719518E+00
    3905   1.0085747175E+00
    3906   1.0097477422E+00
    3907   1.0113344715E+00
    3908   1.0132468117E+00
    3909   1.0153763554E+00
    3910   1.0176069225E+00
    3911   1.0198244355E+00
    3912   1.0219267619E+00
    3913   1.0239084832E+00
    3914   1.0254318761E+00
    3915   1.0265793500E+00
    3916   1.0273401164E+00
    3917   1.0276665849E+00
    3918   1.0275821045E+00
    3919   1.0271382055E+00
    3920   1.0264060403E+00
    3921   1.0254673545E+00
    3922   1.0244605102E+00
    3923   1.0233591531E+00
    3924   1.0221714575E+00
    3925   1.0210988937E+00
    3926   1.0200577253E+00
    3927   1.0190247019E+00
    3928   1.0179674089E+00
    3929   1.0168550200E+00
    3930   1.0156665250E+00
    3931   1.0143960950E+00
    3932   1.0130569283E+00
    3933   1.0116835247E+00
    3934   1.0103302887E+00
    3935   1.0090642573E+00
    3936   1.0079523216E+00
    3937   1.0070465957E+00
    3938   1.0063727514E+00
    3939   1.0059245847E+00
    3940   1.0056665754E+00
    3941   1.0055406667E+00
    3942   1.0054619234E+00
    3943   1.0053738829E+00
    3944   1.0052209736E+00
    3945   1.0049811487E+00
    3946   1.0046692080E+00
    3947   1.0043314911E+00
    3948   1.0040325768E+00
    3949   1.0038380962E+00
    3950   1.0037993898E+00
    3951   1.0039437239E+00
    3952   1.0042709150E+00
    3953   1.0047553970E+00
    3954   1.0053526157E+00
    3955   1.0060089137E+00
    3956   1.0066733405E+00
    3957   1.0073082961E+00
    3958   1.0078953768E+00
    3959   1.0084343162E+00
    3960   1.0089360590E+00
    3961   1.0094136223E+00
    3962   1.0098745842E+00
    3963   1.0103170605E+00
    3964   1.0107290549E+00
    3965   1.0110904530E+00
    3966   1.0113775895E+00
    3967   1.0115705418E+00
    3968   1.0116618868E+00
    3969   1.0116634965E+00
    3970   1.0116074720E+00
    3971   1.0115394948E+00
    3972   1.0115079469E+00
    3973   1.0115684358E+00
    3974   1.0116802808E+00
    3975   1.0118765659E+00
    3976   1.0121315411E+00
    3977   1.0123923862E+00
    3978   1.0126083601E+00
    3979   1.0127324893E+00
    3980   1.0127315030E+00
    3981   1.0125918718E+00
    3982   1.0123193183E+00
    3983   1.0119322950E+00
    3984   1.0114534555E+00
    3985   1.0109042229E+00
    3986   1.0103050854E+00
    3987   1.0096801896E+00
    3988   1.0090623859E+00
    3989   1.0084954252E+00
    3990   1.0080323784E+00
    3991   1.0077310783E+00
    3992   1.0076471481E+00
    3993   1.0078242391E+00
    3994   1.0082815606E+00
    3995   1.0090010890E+00
    3996   1.0099250757E+00
    3997   1.0109549379E+00
    3998   1.0119005657E+00
    3999   1.0126646043E+00
    4000   1.0131073812E+00
    4001   1.0131413081E+00
    4002   1.0127401551E+00
    4003   1.0119448296E+00
    4004   1.0108608176E+00
    4005   1.0096440733E+00
    4006   1.0084761513E+00
    4007   1.0075327725E+00
    4008   1.0069529103E+00
    4009   1.0068155997E+00
    4010   1.0071286646E+00
    4011   1.0078295687E+00
    4012   1.0087961260E+00
    4013   1.0098645747E+00
    4014   1.0108532511E+00
    4015   1.0115898703E+00
    4016   1.0119385431E+00
    4017   1.0118207924E+00
    4018   1.0112252548E+00
    4019   1.0102040808E+00
    4020   1.0088588026E+00
    4021   1.0073245384E+00
    4022   1.0057217982E+00
    4023   1.0042007093E+00
    4024   1.0028664757E+00
    4025   1.0017913553E+00
    4026   1.0010184890E+00
    4027   1.0005608376E+00
    4028   1.0004080699E+00
    4029   1.0005340352E+00
    4030   1.0009018641E+00
    4031   1.0014658727E+00
    4032   1.0021720126E+00
    4033   1.0029597319E+00
    4034   1.0037669779E+00
    4035   1.0045377086E+00
    4036   1.0052295181E+00
    4037   1.0058188362E+00
    4038   1.0063023109E+00
    4039   1.0066942448E+00
    4040   1.0070205889E+00
    4041   1.0073103339E+00
    4042   1.0075858713E+00
    4043   1.0078549233E+00
    4044   1.0081071360E+00
    4045   1.0083174324E+00
    4046   1.0084557661E+00
    4047   1.0085002304E+00
    4048   1.0084491123E+00
    4049   1.0083280484E+00
    4050   1.0081904348E+00
    4051   1.0081114062E+00
    4052   1.0081771018E+00
    4053   1.0084714205E+00
    4054   1.0090624766E+00
    4055   1.0099907343E+00
    4056   1.0112604168E+00
    4057   1.0128351435E+00
    4058   1.0146379674E+00
    4059   1.0165834324E+00
    4060   1.0185136584E+00
    4061   1.0201685770E+00
    4062   1.0215104030E+00
    4063   1.0223519702E+00
    4064   1.0225826479E+00
    4065   1.0221495424E+00
    4066   1.0210696856E+00
    4067   1.0194343195E+00
    4068   1.0174016951E+00
    4069   1.0151786075E+00
    4070   1.0129934095E+00
    4071   1.0110651263E+00
    4072   1.0095740290E+00
    4073   1.0086384784E+00
    4074   1.0083099926E+00
    4075   1.0085400062E+00
    4076   1.0092203390E+00
    4077   1.0102119979E+00
    4078   1.0113237213E+00
    4079   1.0123738463E+00
    4080   1.0132072065E+00
    4081   1.0137146450E+00
    4082   1.0138436178E+00
    4083   1.0135991222E+00
    4084   1.0130360460E+00
    4085   1.0122453057E+00
    4086   1.0113368029E+00
    4087   1.0104223924E+00
    4088   1.0096016921E+00
    4089   1.0089526043E+00
    4090   1.0085269908E+00
    4091   1.0083505776E+00
    4092   1.0084254520E+00
    4093   1.0087337002E+00
    4094   1.0092414233E+00
    4095   1.0099029191E+00
    4096   1.0106648349E+00
    4097   1.0114833054E+00
    4098   1.0122865624E+00
    4099   1.0129810861E+00
    4100   1.0135653146E+00
    4101   1.0139702385E+00
    4102   1.0141567648E+00
    4103   1.0141028152E+00
    4104   1.0138075500E+00
    4105   1.0132933283E+00
    4106   1.0126043572E+00
    4107   1.0118023337E+00
    4108   1.0109597204E+00
    4109   1.0101512250E+00
    4110   1.0094442162E+00
    4111   1.0088894632E+00
    4112   1.0085142319E+00
    4113   1.0083196218E+00
    4114   1.0082827611E+00
    4115   1.0083627307E+00
    4116   1.0085079575E+00
    4117   1.0086629931E+00
    4118   1.0087737726E+00
    4119   1.0087916280E+00
    4120   1.0086827267E+00
    4121   1.0084105123E+00
    4122   1.0079470156E+00
    4123   1.0073218947E+00
    4124   1.0065413386E+00
    4125   1.0056378670E+00
    4126   1.0046586041E+00
    4127   1.0036623217E+00
    4128   1.0027143191E+00
    4129   1.0018791171E+00
    4130   1.0012125976E+00
    4131   1.0007558583E+00
    4132   1.0005323397E+00
    4133   1.0005481968E+00
    4134   1.0007945913E+00
    4135   1.0012503809E+00
    4136   1.0018844735E+00
    4137   1.0026579933E+00
    4138   1.0035266332E+00
    4139   1.0044431775E+00
    4140   1.0053599047E+00
    4141   1.0062309221E+00
    4142   1.0070151630E+00
    4143   1.0076808445E+00
    4144   1.0082110794E+00
    4145   1.0086086289E+00
    4146   1.0088969124E+00
    4147   1.0091153798E+00
    4148   1.0093098618E+00
    4149   1.0095209339E+00
    4150   1.0097741192E+00
    4151   1.0100746220E+00
    4152   1.0104073045E+00
    4153   1.0107411137E+00
    4154   1.0110366341E+00
    4155   1.0112553541E+00
    4156   1.0113688466E+00
    4157   1.0113654265E+00
    4158   1.0112541154E+00
    4159   1.0110702043E+00
    4160   1.0107858660E+00
    4161   1.0104709415E+00
    4162   1.0101272267E+00
    4163   1.0097422274E+00
    4164   1.0092973143E+00
    4165   1.0087689057E+00
    4166   1.0081372422E+00
    4167   1.0073954490E+00
    4168   1.0065571959E+00
    4169   1.0056609048E+00
    4170   1.0047685555E+00
    4171   1.0039583897E+00
    4172   1.0033129607E+00
    4173   1.0029057853E+00
    4174   1.0027901111E+00
    4175   1.0029919495E+00
    4176   1.0035075896E+00
    4177   1.0043045794E+00
    4178   1.0053251322E+00
    4179   1.0064915083E+00
    4180   1.0077131716E+00
    4181   1.0088950784E+00
    4182   1.0099458513E+00
    4183   1.0107846599E+00
    4184   1.0113465724E+00
    4185   1.0115871665E+00
    4186   1.0114872304E+00
    4187   1.0110572040E+00
    4188   1.0103395766E+00
    4189   1.0094070808E+00
    4190   1.0083558279E+00
    4191   1.0072998083E+00
    4192   1.0063290736E+00
    4193   1.0055502159E+00
    4194   1.0050350350E+00
    4195   1.0048138659E+00
    4196   1.0048837202E+00
    4197   1.0052027032E+00
    4198   1.0056953888E+00
    4199   1.0062641509E+00
    4200   1.0068046260E+00
    4201   1.0072221079E+00
    4202   1.0074455377E+00
    4203   1.0074367176E+00
    4204   1.0071936467E+00
    4205   1.0067478287E+00
    4206   1.0061561313E+00
    4207   1.0054886913E+00
    4208   1.0048154979E+00
    4209   1.0041949804E+00
    4210   1.0036673883E+00
    4211   1.0032539270E+00
    4212   1.0029604214E+00
    4213   1.0027829664E+00
    4214   1.0027131666E+00
    4215   1.0027417549E+00
    4216   1.0028605337E+00
    4217   1.0030630048E+00
    4218   1.0033438590E+00
    4219   1.0036973292E+00
    4220   1.0041147294E+00
    4221   1.0045820829E+00
    4222   1.0050789589E+00
    4223   1.0055791332E+00
    4224   1.0060528084E+00
    4225   1.0064695431E+00
    4226   1.0068011683E+00
    4227   1.0070245182E+00
    4228   1.0071241145E+00
    4229   1.0070946611E+00
    4230   1.0069426584E+00
    4231   1.0066862939E+00
    4232   1.0063533189E+00
    4233   1.0059774985E+00
    4234   1.0055947008E+00
    4235   1.0052394286E+00
    4236   1.0049419571E+00
    4237   1.0047259709E+00
    4238   1.0046094176E+00
    4239   1.0045889790E+00
    4240   1.0046649372E+00
    4241   1.0048255492E+00
    4242   1.0050504790E+00
    4243   1.0053180718E+00
    4244   1.0056058575E+00
    4245   1.0058925585E+00
    4246   1.0061602868E+00
    4247   1.0063968210E+00
    4248   1.0065972007E+00
    4249   1.0067637428E+00
    4250   1.0069042092E+00
    4251   1.0070287611E+00
    4252   1.0071467805E+00
    4253   1.0072643373E+00
    4254   1.0073824346E+00
    4255   1.0074958573E+00
    4256   1.0075927428E+00
    4257   1.0076554799E+00
    4258   1.0076635580E+00
    4259   1.0075982692E+00
    4260   1.0074481395E+00
    4261   1.0072133685E+00
    4262   1.0069077831E+00
    4263   1.0065576328E+00
    4264   1.0061974008E+00
    4265   1.0058633383E+00
    4266   1.0055857822E+00
    4267   1.0053817300E+00
    4268   1.0052495706E+00
    4269   1.0051678612E+00
    4270   1.0050991630E+00
    4271   1.0049983486E+00
    4272   1.0048231974E+00
    4273   1.0045443681E+00
    4274   1.0041522892E+00
    4275   1.0036597283E+00
    4276   1.0030999993E+00
    4277   1.0025214891E+00
    4278   1.0019795280E+00
    4279   1.0015269579E+00
    4280   1.0012051577E+00
    4281   1.0010374405E+00
    4282   1.0010262538E+00
    4283   1.0011545129E+00
    4284   1.0013902266E+00
    4285   1.0016929325E+00
    4286   1.0020205422E+00
    4287   1.0023356528E+00
    4288   1.0026114499E+00
    4289   1.0028324171E+00
    4290   1.0029959050E+00
    4291   1.0031149431E+00
    4292   1.0032052945E+00
    4293   1.0032849392E+00
    4294   1.0033689866E+00
    4295   1.0034678040E+00
    4296   1.0035873487E+00
    4297   1.0037308061E+00
    4298   1.0039005537E+00
    4299   1.0040997906E+00
    4300   1.0043334224E+00
    4301   1.0046077391E+00
    4302   1.0049284244E+00
    4303   1.0052969144E+00
    4304   1.0057060907E+00
    4305   1.0061371269E+00
    4306   1.0065592996E+00
    4307   1.0069335319E+00
    4308   1.0072189539E+00
    4309   1.0073807064E+00
    4310   1.0073970391E+00
    4311   1.0072642318E+00
    4312   1.0069984155E+00
    4313   1.0066337617E+00
    4314   1.0062169883E+00
    4315   1.0057990258E+00
    4316   1.0054258344E+00
    4317   1.0051310118E+00
    4318   1.0049323384E+00
    4319   1.0048328279E+00
    4320   1.0048250522E+00
    4321   1.0048965114E+00
    4322   1.0050340261E+00
    4323   1.0052261148E+00
    4324   1.0054632752E+00
    4325   1.0057365689E+00
    4326   1.0060350560E+00
    4327   1.0063428532E+00
    4328   1.0066369757E+00
    4329   1.0068872549E+00
    4330   1.0070590636E+00
    4331   1.0071183891E+00
    4332   1.0070376756E+00
    4333   1.0068005747E+00
    4334   1.0064077699E+00
    4335   1.0058642067E+00
    4336   1.0051907622E+00
    4337   1.0044347724E+00
    4338   1.0036319238E+00
    4339   1.0028267193E+00
    4340   1.0020620805E+00
    4341   1.0013751314E+00
    4342   1.0007943908E+00
    4343   1.0003385685E+00
    4344   1.0000164584E+00
    4345   9.9982718601E-01
    4346   9.9976054722E-01
    4347   9.9979787297E-01
    4348   9.9991408853E-01
    4349   1.0000811304E+00
    4350   1.0002720523E+00
    4351   1.0004647049E+00
    4352   1.0006441670E+00
    4353   1.0008038266E+00
    4354   1.0009455071E+00
    4355   1.0010789563E+00
    4356   1.0012206282E+00
    4357   1.0013915647E+00
    4358   1.0016145602E+00
    4359   1.0019113070E+00
    4360   1.0023002334E+00
    4361   1.0027950864E+00
    4362   1.0034034647E+00
    4363   1.0041243163E+00
    4364   1.0049442461E+00
    4365   1.0058338342E+00
    4366   1.0067460484E+00
    4367   1.0076185287E+00
    4368   1.0083801847E+00
    4369   1.0089609962E+00
    4370   1.0093029467E+00
    4371   1.0093698288E+00
    4372   1.0091539003E+00
    4373   1.0086777667E+00
    4374   1.0079905379E+00
    4375   1.0071585914E+00
    4376   1.0062530072E+00
    4377   1.0053371250E+00
    4378   1.0044577332E+00
    4379   1.0036418973E+00
    4380   1.0028991446E+00
    4381   1.0022269263E+00
    4382   1.0016168265E+00
    4383   1.0010597293E+00
    4384   1.0005492406E+00
    4385   1.0000833296E+00
    4386   9.9966429272E-01
    4387   9.9929719912E-01
    4388   9.9898733948E-01
    4389   9.9873771390E-01
    4390   9.9854771973E-01
    4391   9.9841360635E-01
    4392   9.9833024685E-01
    4393   9.9829307205E-01
    4394   9.9829914440E-01
    4395   9.9834714637E-01
    4396   9.9843680224E-01
    4397   9.9856834522E-01
    4398   9.9874213403E-01
    4399   9.9895803464E-01
    4400   9.9921427213E-01
    4401   9.9950606628E-01
    4402   9.9982486454E-01
    4403   1.0001588061E+00
    4404   1.0004942480E+00
    4405   1.0008174391E+00
    4406   1.0011154139E+00
    4407   1.0013759425E+00
    4408   1.0015872390E+00
    4409   1.0017383583E+00
    4410   1.0018206130E+00
    4411   1.0018294923E+00
    4412   1.0017661835E+00
    4413   1.0016381246E+00
    4414   1.0014586063E+00
    4415   1.0012456848E+00
    4416   1.0010204211E+00
    4417   1.0008041955E+00
    4418   1.0006151058E+00
    4419   1.0004642407E+00
    4420   1.0003532748E+00
    4421   1.0002746529E+00
    4422   1.0002145237E+00
    4423   1.0001572718E+00
    4424   1.0000898855E+00
    4425   1.0000048504E+00
    4426   9.9990129178E-01
    4427   9.9978483519E-01
    4428   9.9966667993E-01
    4429   9.9956197356E-01
    4430   9.9948740829E-01
    4431   9.9945833750E-01
    4432   9.9948626712E-01
    4433   9.9957765562E-01
    4434   9.9973430290E-01
    4435   9.9995466968E-01
    4436   1.0002350132E+00
    4437   1.0005696235E+00
    4438   1.0009503180E+00
    4439   1.0013659161E+00
    4440   1.0018022189E+00
    4441   1.0022423543E+00
    4442   1.0026669494E+00
    4443   1.0030539413E+00
    4444   1.0033786176E+00
    4445   1.0036149133E+00
    4446   1.0037385189E+00
    4447   1.0037312295E+00
    4448   1.0035850438E+00
    4449   1.0033045087E+00
    4450   1.0029066565E+00
    4451   1.0024188606E+00
    4452   1.0018753840E+00
    4453   1.0013132335E+00
    4454   1.0007676965E+00
    4455   1.0002680580E+00
    4456   9.9983437085E-01
    4457   9.9947622364E-01
    4458   9.9919385024E-01
    4459   9.9898091411E-01
    4460   9.9882761938E-01
    4461   9.9872298526E-01
    4462   9.9865600650E-01
    4463   9.9861625196E-01
    4464   9.9859456488E-01
    4465   9.9858394108E-01
    4466   9.9858004163E-01
    4467   9.9858080540E-01
    4468   9.9858528558E-01
    4469   9.9859250121E-01
    4470   9.9860110152E-01
    4471   9.9860994070E-01
    4472   9.9861889300E-01
    4473   9.9862911742E-01
    4474   9.9864261228E-01
    4475   9.9866166374E-01
    4476   9.9868894475E-01
    4477   9.9872839528E-01
    4478   9.9878618772E-01
    4479   9.9887082203E-01
    4480   9.9899193956E-01
    4481   9.9915828242E-01
    4482   9.9937561616E-01
    4483   9.9964511340E-01
    4484   9.9996211457E-01
    4485   1.0003150263E+00
    4486   1.0006846040E+00
    4487   1.0010444886E+00
    4488   1.0013638759E+00
    4489   1.0016123343E+00
    4490   1.0017655868E+00
    4491   1.0018104359E+00
    4492   1.0017473950E+00
    4493   1.0015906336E+00
    4494   1.0013657288E+00
    4495   1.0011059306E+00
    4496   1.0008473974E+00
    4497   1.0006237592E+00
    4498   1.0004607257E+00
    4499   1.0003719444E+00
    4500   1.0003573191E+00
    4501   1.0004042353E+00
    4502   1.0004910566E+00
    4503   1.0005915781E+00
    4504   1.0006792837E+00
    4505   1.0007309461E+00
    4506   1.0007296197E+00
    4507   1.0006669741E+00
    4508   1.0005444445E+00
    4509   1.0003725015E+00
    4510   1.0001678914E+00
    4511   9.9994966048E-01
    4512   9.9973538695E-01
    4513   9.9953879288E-01
    4514   9.9936898693E-01
    4515   9.9923075765E-01
    4516   9.9912518760E-01
    4517   9.9905033534E-01
    4518   9.9900222729E-01
    4519   9.9897637649E-01
    4520   9.9896953977E-01
    4521   9.9898098873E-01
    4522   9.9901270370E-01
    4523   9.9906854093E-01
    4524   9.9915300191E-01
    4525   9.9927022399E-01
    4526   9.9942325523E-01
    4527   9.9961315418E-01
    4528   9.9983753630E-01
    4529   1.0000888623E+00
    4530   1.0003534229E+00
    4531   1.0006119728E+00
    4532   1.0008422061E+00
    4533   1.0010223265E+00
    4534   1.0011345418E+00
    4535   1.0011676466E+00
    4536   1.0011184991E+00
    4537   1.0009925391E+00
    4538   1.0008033330E+00
    4539   1.0005708652E+00
    4540   1.0003184758E+00
    4541   1.0000690241E+00
    4542   9.9984151272E-01
    4543   9.9964938426E-01
    4544   9.9950088936E-01
    4545   9.9940088176E-01
    4546   9.9935288480E-01
    4547   9.9936056666E-01
    4548   9.9942844665E-01
    4549   9.9956205434E-01
    4550   9.9976758762E-01
    4551   1.0000507168E+00
    4552   1.0004141709E+00
    4553   1.0008543610E+00
    4554   1.0013581323E+00
    4555   1.0019011026E+00
    4556   1.0024485710E+00
    4557   1.0029589805E+00
    4558   1.0033890700E+00
    4559   1.0036996045E+00
    4560   1.0038608097E+00
    4561   1.0038568588E+00
    4562   1.0036886898E+00
    4563   1.0033743021E+00
    4564   1.0029459801E+00
    4565   1.0024448009E+00
    4566   1.0019138453E+00
    4567   1.0013920160E+00
    4568   1.0009099056E+00
    4569   1.0004880834E+00
    4570   1.0001372472E+00
    4571   9.9985943486E-01
    4572   9.9964980654E-01
    4573   9.9949887029E-01
    4574   9.9939499786E-01
    4575   9.9932676742E-01
    4576   9.9928450314E-01
    4577   9.9926068418E-01
    4578   9.9924950629E-01
    4579   9.9924629551E-01
    4580   9.9924733364E-01
    4581   9.9925009300E-01
    4582   9.9925341195E-01
    4583   9.9925718871E-01
    4584   9.9926165608E-01
    4585   9.9926673641E-01
    4586   9.9927193796E-01
    4587   9.9927677419E-01
    4588   9.9928122691E-01
    4589   9.9928576933E-01
    4590   9.9929091508E-01
    4591   9.9929672592E-01
    4592   9.9930275050E-01
    4593   9.9930844632E-01
    4594   9.9931366942E-01
    4595   9.9931875312E-01
    4596   9.9932409834E-01
    4597   9.9932967402E-01
    4598   9.9933492055E-01
    4599   9.9933917168E-01
    4600   9.9934222441E-01
    4601   9.9934455265E-01
    4602   9.9934699701E-01
    4603   9.9935023723E-01
    4604   9.9935451494E-01
    4605   9.9935978559E-01
    4606   9.9936604376E-01
    4607   9.9937341891E-01
    4608   9.9938191656E-01
    4609   9.9939109026E-01
    4610   9.9940004944E-01
    4611   9.9940790390E-01
    4612   9.9941430975E-01
    4613   9.9941964546E-01
    4614   9.9942465753E-01
    4615   9.9942988466E-01
    4616   9.9943535535E-01
    4617   9.9944078276E-01
    4618   9.9944601466E-01
    4619   9.9945127679E-01
    4620   9.9945697464E-01
    4621   9.9946326050E-01
    4622   9.9946980283E-01
    4623   9.9947599897E-01
    4624   9.9948144703E-01
    4625   9.9948624917E-01
    4626   9.9949088322E-01
    4627   9.9949578367E-01
    4628   9.9950102814E-01
    4629   9.9950639731E-01
    4630   9.9951170581E-01
    4631   9.9951705156E-01
    4632   9.9952273551E-01
    4633   9.9952894442E-01
    4634   9.9953552515E-01
    4635   9.9954208439E-01
    4636   9.9954832287E-01
    4637   9.9955428194E-01
    4638   9.9956026624E-01
    4639   9.9956652114E-01
    4640   9.9957297795E-01
    4641   9.9957931042E-01
    4642   9.9958524383E-01
    4643   9.9959081804E-01
    4644   9.9959635570E-01
    4645   9.9960217181E-01
    4646   9.9960830368E-01
    4647   9.9961451241E-01
    4648   9.9962054290E-01
    4649   9.9962638813E-01
    4650   9.9963231405E-01
    4651   9.9963864579E-01
    4652   9.9964555685E-01
    4653   9.9965311476E-01
    4654   9.9966162197E-01
    4655   9.9967206548E-01
    4656   9.9968646973E-01
    4657   9.9970813702E-01
    4658   9.9974195049E-01
    4659   9.9979488789E-01
    4660   9.9987663053E-01
    4661   9.9999985271E-01
    4662   1.0001796831E+00
    4663   1.0004320187E+00
    4664   1.0007707170E+00
    4665   1.0012040123E+00
    4666   1.0017307152E+00
    4667   1.0023369184E+00
    4668   1.0029940950E+00
    4669   1.0036595440E+00
    4670   1.0042799083E+00
    4671   1.0047978009E+00
    4672   1.0051605763E+00
    4673   1.0053293585E+00
    4674   1.0052860815E+00
    4675   1.0050367287E+00
    4676   1.0046100190E+00
    4677   1.0040520217E+00
    4678   1.0034181416E+00
    4679   1.0027643496E+00
    4680   1.0021395116E+00
    4681   1.0015800586E+00
    4682   1.0011068890E+00
    4683   1.0007288607E+00
    4684   1.0004422481E+00
    4685   1.0002368583E+00
    4686   1.0000997239E+00
    4687   1.0000181070E+00
    4688   9.9998146994E-01
    4689   9.9998238545E-01
    4690   1.0000166033E+00
    4691   1.0000824373E+00
    4692   1.0001795802E+00
    4693   1.0003075139E+00
    4694   1.0004638227E+00
    4695   1.0006428282E+00
    4696   1.0008349272E+00
    4697   1.0010268505E+00
    4698   1.0012028513E+00
    4699   1.0013466464E+00
    4700   1.0014437955E+00
    4701   1.0014840771E+00
    4702   1.0014633418E+00
    4703   1.0013843554E+00
    4704   1.0012563572E+00
    4705   1.0010934272E+00
    4706   1.0009121178E+00
    4707   1.0007290098E+00
    4708   1.0005588015E+00
    4709   1.0004132975E+00
    4710   1.0003013668E+00
    4711   1.0002297008E+00
    4712   1.0002040498E+00
    4713   1.0002305192E+00
    4714   1.0003164535E+00
    4715   1.0004704529E+00
    4716   1.0007012119E+00
    4717   1.0010151683E+00
    4718   1.0014133287E+00
    4719   1.0018880000E+00
    4720   1.0024203753E+00
    4721   1.0029799254E+00
    4722   1.0035262972E+00
    4723   1.0040139186E+00
    4724   1.0043988238E+00
    4725   1.0046464899E+00
    4726   1.0047389449E+00
    4727   1.0046793157E+00
    4728   1.0044924389E+00
    4729   1.0042210810E+00
    4730   1.0039184094E+00
    4731   1.0036382871E+00
    4732   1.0034254511E+00
    4733   1.0033075995E+00
    4734   1.0032909303E+00
    4735   1.0033599115E+00
    4736   1.0034811945E+00
    4737   1.0036107641E+00
    4738   1.0037027915E+00
    4739   1.0037183440E+00
    4740   1.0036321889E+00
    4741   1.0034364211E+00
    4742   1.0031404250E+00
    4743   1.0027675478E+00
    4744   1.0023495718E+00
    4745   1.0019204444E+00
    4746   1.0015106747E+00
    4747   1.0011434161E+00
    4748   1.0008326718E+00
    4749   1.0005834908E+00
    4750   1.0003936138E+00
    4751   1.0002558535E+00
    4752   1.0001605417E+00
    4753   1.0000975627E+00
    4754   1.0000577444E+00
    4755   1.0000335857E+00
    4756   1.0000194491E+00
    4757   1.0000114004E+00
    4758   1.0000068761E+00
    4759   1.0000043103E+00
    4760   1.0000028043E+00
    4761   1.0000018715E+00
    4762   1.0000012607E+00
    4763   1.0000008460E+00
    4764   1.0000005626E+00
    4765   1.0000003744E+00
    4766   1.0000002580E+00
    4767   1.0000001967E+00
    4768   1.0000001774E+00
    4769   1.0000001904E+00
    4770   1.0000002277E+00
    4771   1.0000002826E+00
    4772   1.0000003489E+00
    4773   1.0000004201E+00
    4774   1.0000004899E+00
    4775   1.0000005517E+00
    4776   1.0000005999E+00
    4777   1.0000006306E+00
    4778   1.0000006421E+00
    4779   1.0000006358E+00
    4780   1.0000006155E+00
    4781   1.0000005867E+00
    4782   1.0000005558E+00
    4783   1.0000005284E+00
    4784   1.0000005086E+00
    4785   1.0000004982E+00
    4786   1.0000004968E+00
    4787   1.0000005025E+00
    4788   1.0000005129E+00
    4789   1.0000005262E+00
    4790   1.0000005420E+00
    4791   1.0000005622E+00
    4792   1.0000005905E+00
    4793   1.0000006316E+00
    4794   1.0000006908E+00
    4795   1.0000007716E+00
    4796   1.0000008754E+00
    4797   1.0000010000E+00
    4798   1.0000011392E+00
    4799   1.0000012838E+00
    4800   1.0000014219E+00
    4801   1.0000015406E+00
    4802   1.0000016278E+00
    4803   1.0000016738E+00
    4804   1.0000016728E+00
    4805   1.0000016231E+00
    4806   1.0000015280E+00
    4807   1.0000013944E+00
    4808   1.0000012325E+00
    4809   1.0000010539E+00
    4810   1.0000008701E+00
    4811   1.0000006916E+00
    4812   1.0000005267E+00
    4813   1.0000003812E+00
    4814   1.0000002583E+00
    4815   1.0000001587E+00
    4816   1.0000000812E+00
    4817   1.0000000236E+00
    4818   9.9999998291E-01
    4819   9.9999995599E-01
    4820   9.9999994019E-01
    4821   9.9999993350E-01
    4822   9.9999993465E-01
    4823   9.9999994316E-01
    4824   9.9999995908E-01
    4825   9.9999998290E-01
    4826   1.0000000152E+00
    4827   1.0000000565E+00
    4828   1.0000001068E+00
    4829   1.0000001656E+00
    4830   1.0000002316E+00
    4831   1.0000003024E+00
    4832   1.0000003749E+00
    4833   1.0000004447E+00
    4834   1.0000005072E+00
    4835   1.0000005572E+00
    4836   1.0000005905E+00
    4837   1.0000006038E+00
    4838   1.0000005956E+00
    4839   1.0000005666E+00
    4840   1.0000005194E+00
    4841   1.0000004585E+00
    4842   1.0000003894E+00
    4843   1.0000003176E+00
    4844   1.0000002482E+00
    4845   1.0000001852E+00
    4846   1.0000001311E+00
    4847   1.0000000869E+00
    4848   1.0000000524E+00
    4849   1.0000000265E+00
    4850   1.0000000079E+00
    4851   9.9999999480E-01
    4852   9.9999998610E-01
    4853   9.9999998091E-01
    4854   9.9999997889E-01
    4855   9.9999998007E-01
    4856   9.9999998465E-01
    4857   9.9999999278E-01
    4858   1.0000000044E+00
    4859   1.0000000189E+00
    4860   1.0000000353E+00
    4861   1.0000000524E+00
    4862   1.0000000686E+00
    4863   1.0000000820E+00
    4864   1.0000000915E+00
    4865   1.0000000962E+00
    4866   1.0000000960E+00
    4867   1.0000000916E+00
    4868   1.0000000845E+00
    4869   1.0000000766E+00
    4870   1.0000000702E+00
    4871   1.0000000670E+00
    4872   1.0000000681E+00
    4873   1.0000000739E+00
    4874   1.0000000836E+00
    4875   1.0000000956E+00
    4876   1.0000001079E+00
    4877   1.0000001181E+00
    4878   1.0000001241E+00
    4879   1.0000001248E+00
    4880   1.0000001195E+00
    4881   1.0000001088E+00
    4882   1.0000000941E+00
    4883   1.0000000776E+00
    4884   1.0000000617E+00
    4885   1.0000000492E+00
    4886   1.0000000423E+00
    4887   1.0000000431E+00
    4888   1.0000000528E+00
    4889   1.0000000718E+00
    4890   1.0000000994E+00
    4891   1.0000001342E+00
    4892   1.0000001735E+00
    4893   1.0000002144E+00
    4894   1.0000002533E+00
    4895   1.0000002873E+00
    4896   1.0000003138E+00
    4897   1.0000003315E+00
    4898   1.0000003406E+00
    4899   1.0000003423E+00
    4900   1.0000003390E+00
    4901   1.0000003337E+00
    4902   1.0000003291E+00
    4903   1.0000003277E+00
    4904   1.0000003306E+00
    4905   1.0000003381E+00
    4906   1.0000003496E+00
    4907   1.0000003638E+00
    4908   1.0000003795E+00
    4909   1.0000003958E+00
    4910   1.0000004123E+00
    4911   1.0000004292E+00
    4912   1.0000004471E+00
    4913   1.0000004665E+00
    4914   1.0000004876E+00
    4915   1.0000005098E+00
    4916   1.0000005319E+00
    4917   1.0000005523E+00
    4918   1.0000005690E+00
    4919   1.0000005802E+00
    4920   1.0000005844E+00
    4921   1.0000005808E+00
    4922   1.0000005691E+00
    4923   1.0000005496E+00
    4924   1.0000005230E+00
    4925   1.0000004901E+00
    4926   1.0000004519E+00
    4927   1.0000004097E+00
    4928   1.0000003646E+00
    4929   1.0000003182E+00
    4930   1.0000002719E+00
    4931   1.0000002272E+00
    4932   1.0000001853E+00
    4933   1.0000001475E+00
    4934   1.0000001145E+00
    4935   1.0000000867E+00
    4936   1.0000000644E+00
    4937   1.0000000472E+00
    4938   1.0000000349E+00
    4939   1.0000000266E+00
    4940   1.0000000217E+00
    4941   1.0000000193E+00
    4942   1.0000000186E+00
    4943   1.0000000189E+00
    4944   1.0000000194E+00
    4945   1.0000000200E+00
    4946   1.0000000202E+00
    4947   1.0000000203E+00
    4948   1.0000000202E+00
    4949   1.0000000202E+00
    4950   1.0000000207E+00
    4951   1.0000000217E+00
    4952   1.0000000236E+00
    4953   1.0000000264E+00
    4954   1.0000000302E+00
    4955   1.0000000352E+00
    4956   1.0000000414E+00
    4957   1.0000000488E+00
    4958   1.0000000574E+00
    4959   1.0000000670E+00
    4960   1.0000000778E+00
    4961   1.0000000895E+00
    4962   1.0000001022E+00
    4963   1.0000001162E+00
    4964   1.0000001317E+00
    4965   1.0000001493E+00
    4966   1.0000001694E+00
    4967   1.0000001921E+00
    4968   1.0000002172E+00
    4969   1.0000002440E+00
    4970   1.0000002709E+00
    4971   1.0000002961E+00
    4972   1.0000003173E+00
    4973   1.0000003324E+00
    4974   1.0000003395E+00
    4975   1.0000003380E+00
    4976   1.0000003278E+00
    4977   1.0000003102E+00
    4978   1.0000002872E+00
    4979   1.0000002609E+00
    4980   1.0000002340E+00
    4981   1.0000002083E+00
    4982   1.0000001853E+00
    4983   1.0000001655E+00
    4984   1.0000001489E+00
    4985   1.0000001351E+00
    4986   1.0000001233E+00
    4987   1.0000001129E+00
    4988   1.0000001037E+00
    4989   1.0000000956E+00
    4990   1.0000000890E+00
    4991   1.0000000844E+00
    4992   1.0000000823E+00
    4993   1.0000000827E+00
    4994   1.0000000856E+00
    4995   1.0000000903E+00
    4996   1.0000000958E+00
    4997   1.0000001011E+00
    4998   1.0000001049E+00
    4999   1.0000001063E+00
    5000   1.0000001048E+00
    5001   1.0000001002E+00
    5002   1.0000000928E+00
    5003   1.0000000834E+00
    5004   1.0000000728E+00
    5005   1.0000000620E+00
    5006   1.0000000520E+00
    5007   1.0000000437E+00
    5008   1.0000000378E+00
    5009   1.0000000352E+00
    5010   1.0000000363E+00
    5011   1.0000000417E+00
    5012   1.0000000518E+00
    5013   1.0000000666E+00
    5014   1.0000000862E+00
    5015   1.0000001100E+00
    5016   1.0000001370E+00
    5017   1.0000001659E+00
    5018   1.0000001950E+00
    5019   1.0000002224E+00
    5020   1.0000002460E+00
    5021   1.0000002641E+00
    5022   1.0000002754E+00
    5023   1.0000002790E+00
    5024   1.0000002750E+00
    5025   1.0000002639E+00
    5026   1.0000002470E+00
    5027   1.0000002260E+00
    5028   1.0000002027E+00
    5029   1.0000001791E+00
    5030   1.0000001571E+00
    5031   1.0000001380E+00
    5032   1.0000001230E+00
    5033   1.0000001127E+00
    5034   1.0000001074E+00
    5035   1.0000001069E+00
    5036   1.0000001107E+00
    5037   1.0000001180E+00
    5038   1.0000001275E+00
    5039   1.0000001380E+00
    5040   1.0000001478E+00
    5041   1.0000001558E+00
    5042   1.0000001607E+00
    5043   1.0000001618E+00
    5044   1.0000001588E+00
    5045   1.0000001522E+00
    5046   1.0000001425E+00
    5047   1.0000001308E+00
    5048   1.0000001184E+00
    5049   1.0000001064E+00
    5050   1.0000000957E+00
    5051   1.0000000870E+00
    5052   1.0000000806E+00
    5053   1.0000000764E+00
    5054   1.0000000740E+00
    5055   1.0000000730E+00
    5056   1.0000000726E+00
    5057   1.0000000722E+00
    5058   1.0000000714E+00
    5059   1.0000000697E+00
    5060   1.0000000670E+00
    5061   1.0000000634E+00
    5062   1.0000000590E+00
    5063   1.0000000541E+00
    5064   1.0000000488E+00
    5065   1.0000000436E+00
    5066   1.0000000385E+00
    5067   1.0000000337E+00
    5068   1.0000000292E+00
    5069   1.0000000250E+00
    5070   1.0000000212E+00
    5071   1.0000000176E+00
    5072   1.0000000143E+00
    5073   1.0000000114E+00
    5074   1.0000000088E+00
    5075   1.0000000066E+00
    5076   1.0000000049E+00
    5077   1.0000000035E+00
    5078   1.0000000027E+00
    5079   1.0000000023E+00
    5080   1.0000000024E+00
    5081   1.0000000030E+00
    5082   1.0000000040E+00
    5083   1.0000000053E+00
    5084   1.0000000068E+00
    5085   1.0000000084E+00
    5086   1.0000000099E+00
    5087   1.0000000111E+00
    5088   1.0000000120E+00
    5089   1.0000000124E+00
    5090   1.0000000122E+00
    5091   1.0000000115E+00
    5092   1.0000000103E+00
    5093   1.0000000089E+00
    5094   1.0000000072E+00
    5095   1.0000000056E+00
    5096   1.0000000042E+00
    5097   1.0000000031E+00
    5098   1.0000000026E+00
    5099   1.0000000027E+00
    5100   1.0000000034E+00
    5101   1.0000000046E+00
    5102   1.0000000064E+00
    5103   1.0000000083E+00
    5104   1.0000000103E+00
    5105   1.0000000120E+00
    5106   1.0000000133E+00
    5107   1.0000000139E+00
    5108   1.0000000139E+00
    5109   1.0000000131E+00
    5110   1.0000000118E+00
    5111   1.0000000101E+00
    5112   1.0000000082E+00
    5113   1.0000000063E+00
    5114   1.0000000047E+00
    5115   1.0000000035E+00
    5116   1.0000000030E+00
    5117   1.0000000033E+00
    5118   1.0000000047E+00
    5119   1.0000000074E+00
    5120   1.0000000116E+00
    5121   1.0000000176E+00
    5122   1.0000000255E+00
    5123   1.0000000354E+00
    5124   1.0000000470E+00
    5125   1.0000000599E+00
    5126   1.0000000733E+00
    5127   1.0000000862E+00
    5128   1.0000000975E+00
    5129   1.0000001061E+00
    5130   1.0000001112E+00
    5131   1.0000001122E+00
    5132   1.0000001092E+00
    5133   1.0000001024E+00
    5134   1.0000000928E+00
    5135   1.0000000815E+00
    5136   1.0000000695E+00
    5137   1.0000000581E+00
    5138   1.0000000480E+00
    5139   1.0000000397E+00
    5140   1.0000000335E+00
    5141   1.0000000292E+00
    5142   1.0000000265E+00
    5143   1.0000000249E+00
    5144   1.0000000240E+00
    5145   1.0000000232E+00
    5146   1.0000000223E+00
    5147   1.0000000211E+00
    5148   1.0000000194E+00
    5149   1.0000000174E+00
    5150   1.0000000150E+00
    5151   1.0000000125E+00
    5152   1.0000000100E+00
    5153   1.0000000076E+00
    5154   1.0000000054E+00
    5155   1.0000000034E+00
    5156   1.0000000018E+00
    5157   1.0000000004E+00
    5158   9.9999999927E-01
    5159   9.9999999843E-01
    5160   9.9999999783E-01
    5161   9.9999999744E-01
    5162   9.9999999726E-01
    5163   9.9999999726E-01
    5164   9.9999999744E-01
    5165   9.9999999779E-01
    5166   9.9999999834E-01
    5167   9.9999999907E-01
    5168   9.9999999999E-01
    5169   1.0000000011E+00
    5170   1.0000000023E+00
    5171   1.0000000037E+00
    5172   1.0000000052E+00
    5173   1.0000000067E+00
    5174   1.0000000082E+00
    5175   1.0000000096E+00
    5176   1.0000000108E+00
    5177   1.0000000119E+00
    5178   1.0000000128E+00
    5179   1.0000000134E+00
    5180   1.0000000138E+00
    5181   1.0000000140E+00
    5182   1.0000000140E+00
    5183   1.0000000137E+00
    5184   1.0000000133E+00
    5185   1.0000000128E+00
    5186   1.0000000121E+00
    5187   1.0000000113E+00
    5188   1.0000000104E+00
    5189   1.0000000094E+00
    5190   1.0000000084E+00
    5191   1.0000000072E+00
    5192   1.0000000060E+00
    5193   1.0000000048E+00
    5194   1.0000000036E+00
    5195   1.0000000025E+00
    5196   1.0000000014E+00
    5197   1.0000000005E+00
    5198   9.9999999981E-01
    5199   9.9999999926E-01
    5200   9.9999999889E-01
    5201   9.9999999868E-01
    5202   9.9999999863E-01
    5203   9.9999999870E-01
    5204   9.9999999889E-01
    5205   9.9999999915E-01
    5206   9.9999999947E-01
    5207   9.9999999981E-01
    5208   1.0000000002E+00
    5209   1.0000000005E+00
    5210   1.0000000007E+00
    5211   1.0000000008E+00
    5212   1.0000000009E+00
    5213   1.0000000009E+00
    5214   1.0000000007E+00
    5215   1.0000000005E+00
    5216   1.0000000002E+00
    5217   9.9999999995E-01
    5218   9.9999999965E-01
    5219   9.9999999937E-01
    5220   9.9999999913E-01
    5221   9.9999999894E-01
    5222   9.9999999882E-01
    5223   9.9999999876E-01
    5224   9.9999999878E-01
    5225   9.9999999888E-01
    5226   9.9999999907E-01
    5227   9.9999999936E-01
    5228   9.9999999976E-01
    5229   1.0000000003E+00
    5230   1.0000000010E+00
    5231   1.0000000019E+00
    5232   1.0000000030E+00
    5233   1.0000000043E+00
    5234   1.0000000059E+00
    5235   1.0000000077E+00
    5236   1.0000000098E+00
    5237   1.0000000119E+00
    5238   1.0000000140E+00
    5239   1.0000000160E+00
    5240   1.0000000177E+00
    5241   1.0000000191E+00
    5242   1.0000000200E+00
    5243   1.0000000205E+00
    5244   1.0000000207E+00
    5245   1.0000000205E+00
    5246   1.0000000202E+00
    5247   1.0000000199E+00
    5248   1.0000000197E+00
    5249   1.0000000196E+00
    5250   1.0000000197E+00
    5251   1.0000000198E+00
    5252   1.0000000199E+00
    5253   1.0000000199E+00
    5254   1.0000000197E+00
    5255   1.0000000193E+00
    5256   1.0000000186E+00
    5257   1.0000000176E+00
    5258   1.0000000165E+00
    5259   1.0000000152E+00
    5260   1.0000000139E+00
    5261   1.0000000127E+00
    5262   1.0000000114E+00
    5263   1.0000000102E+00
    5264   1.0000000091E+00
    5265   1.0000000081E+00
    5266   1.0000000073E+00
    5267   1.0000000067E+00
    5268   1.0000000063E+00
    5269   1.0000000061E+00
    5270   1.0000000060E+00
    5271   1.0000000061E+00
    5272   1.0000000063E+00
    5273   1.0000000065E+00
    5274   1.0000000067E+00
    5275   1.0000000067E+00
    5276   1.0000000066E+00
    5277   1.0000000063E+00
    5278   1.0000000060E+00
    5279   1.0000000056E+00
    5280   1.0000000052E+00
    5281   1.0000000049E+00
    5282   1.0000000047E+00
    5283   1.0000000047E+00
    5284   1.0000000048E+00
    5285   1.0000000051E+00
    5286   1.0000000054E+00
    5287   1.0000000059E+00
    5288   1.0000000064E+00
    5289   1.0000000068E+00
    5290   1.0000000072E+00
    5291   1.0000000075E+00
    5292   1.0000000076E+00
    5293   1.0000000075E+00
    5294   1.0000000072E+00
    5295   1.0000000067E+00
    5296   1.0000000060E+00
    5297   1.0000000052E+00
    5298   1.0000000043E+00
    5299   1.0000000035E+00
    5300   1.0000000026E+00
    5301   1.0000000019E+00
    5302   1.0000000013E+00
    5303   1.0000000008E+00
    5304   1.0000000004E+00
    5305   1.0000000001E+00
    5306   9.9999999995E-01
    5307   9.9999999983E-01
    5308   9.9999999975E-01
    5309   9.9999999971E-01
    5310   9.9999999968E-01
    5311   9.9999999967E-01
    5312   9.9999999967E-01
    5313   9.9999999967E-01
    5314   9.9999999968E-01
    5315   9.9999999968E-01
    5316   9.9999999969E-01
    5317   9.9999999970E-01
    5318   9.9999999970E-01
    5319   9.9999999971E-01
    5320   9.9999999971E-01
    5321   9.9999999972E-01
    5322   9.9999999973E-01
    5323   9.9999999974E-01
    5324   9.9999999976E-01
    5325   9.9999999978E-01
    5326   9.9999999982E-01
    5327   9.9999999989E-01
    5328   9.9999999999E-01
    5329   1.0000000001E+00
    5330   1.0000000004E+00
    5331   1.0000000007E+00
    5332   1.0000000011E+00
    5333   1.0000000017E+00
    5334   1.0000000024E+00
    5335   1.0000000033E+00
    5336   1.0000000043E+00
    5337   1.0000000054E+00
    5338   1.0000000066E+00
    5339   1.0000000077E+00
    5340   1.0000000088E+00
    5341   1.0000000097E+00
    5342   1.0000000103E+00
    5343   1.0000000107E+00
    5344   1.0000000108E+00
    5345   1.0000000105E+00
    5346   1.0000000099E+00
    5347   1.0000000091E+00
    5348   1.0000000080E+00
    5349   1.0000000069E+00
    5350   1.0000000057E+00
    5351   1.0000000045E+00
    5352   1.0000000035E+00
    5353   1.0000000026E+00
    5354   1.0000000018E+00
    5355   1.0000000012E+00
    5356   1.0000000008E+00
    5357   1.0000000005E+00
    5358   1.0000000002E+00
    5359   1.0000000001E+00
    5360   9.9999999999E-01
    5361   9.9999999994E-01
    5362   9.9999999991E-01
    5363   9.9999999989E-01
    5364   9.9999999988E-01
    5365   9.9999999988E-01
    5366   9.9999999988E-01
    5367   9.9999999988E-01
    5368   9.9999999988E-01
    5369   9.9999999988E-01
    5370   9.9999999988E-01
    5371   9.9999999988E-01
    5372   9.9999999988E-01
    5373   9.9999999988E-01
    5374   9.9999999988E-01
    5375   9.9999999988E-01
    5376   9.9999999988E-01
    5377   9.9999999988E-01
    5378   9.9999999988E-01
    5379   9.9999999988E-01
    5380   9.9999999988E-01
    5381   9.9999999989E-01
    5382   9.9999999989E-01
    5383   9.9999999989E-01
    5384   9.9999999989E-01
    5385   9.9999999989E-01
    5386   9.9999999990E-01
    5387   9.9999999990E-01
    5388   9.9999999990E-01
    5389   9.9999999990E-01
    5390   9.9999999990E-01
    5391   9.9999999990E-01
    5392   9.9999999990E-01
    5393   9.9999999990E-01
    5394   9.9999999990E-01
    5395   9.9999999990E-01
    5396   9.9999999990E-01
    5397   9.9999999991E-01
    5398   9.9999999991E-01
    5399   9.9999999991E-01
    5400   9.9999999991E-01
    5401   9.9999999991E-01
    5402   9.9999999991E-01
    5403   9.9999999991E-01
    5404   9.9999999991E-01
    5405   9.9999999991E-01
    5406   9.9999999992E-01
    5407   9.9999999992E-01
    5408   9.9999999992E-01
    5409   9.9999999992E-01
    5410   9.9999999992E-01
    5411   9.9999999992E-01
    5412   9.9999999992E-01
    5413   9.9999999992E-01
    5414   9.9999999992E-01
    5415   9.9999999993E-01
    5416   9.9999999993E-01
    5417   9.9999999993E-01
    5418   9.9999999993E-01
    5419   9.9999999993E-01
    5420   9.9999999993E-01
    5421   9.9999999993E-01
    5422   9.9999999993E-01
    5423   9.9999999993E-01
    5424   9.9999999994E-01
    5425   9.9999999994E-01
    5426   9.9999999994E-01
    5427   9.9999999994E-01
    5428   9.9999999994E-01
    5429   9.9999999994E-01
    5430   9.9999999994E-01
    5431   9.9999999994E-01
    5432   9.9999999994E-01
    5433   9.9999999994E-01
    5434   9.9999999995E-01
    5435   9.9999999995E-01
    5436   9.9999999995E-01
    5437   9.9999999995E-01
    5438   9.9999999995E-01
    5439   9.9999999995E-01
    5440   9.9999999995E-01
    5441   9.9999999996E-01
    5442   9.9999999996E-01
    5443   9.9999999996E-01
    5444   9.9999999996E-01
    5445   9.9999999996E-01
    5446   9.9999999996E-01
    5447   9.9999999996E-01
    5448   9.9999999996E-01
    5449   9.9999999996E-01
    5450   9.9999999997E-01
    5451   9.9999999997E-01
    5452   9.9999999997E-01
    5453   9.9999999997E-01
    5454   9.9999999997E-01
    5455   9.9999999997E-01
    5456   9.9999999997E-01
    5457   9.9999999997E-01
    5458   9.9999999998E-01
    5459   9.9999999998E-01
    5460   9.9999999998E-01
    5461   9.9999999998E-01
    5462   9.9999999999E-01
    5463   1.0000000000E+00
    5464   1.0000000000E+00
    5465   1.0000000000E+00
    5466   1.0000000001E+00
    5467   1.0000000002E+00
    5468   1.0000000003E+00
    5469   1.0000000004E+00
    5470   1.0000000006E+00
    5471   1.0000000008E+00
    5472   1.0000000011E+00
    5473   1.0000000014E+00
    5474   1.0000000017E+00
    5475   1.0000000020E+00
    5476   1.0000000023E+00
    5477   1.0000000025E+00
    5478   1.0000000027E+00
    5479   1.0000000027E+00
    5480   1.0000000027E+00
    5481   1.0000000025E+00
    5482   1.0000000023E+00
    5483   1.0000000020E+00
    5484   1.0000000017E+00
    5485   1.0000000014E+00
    5486   1.0000000010E+00
    5487   1.0000000008E+00
    5488   1.0000000006E+00
    5489   1.0000000004E+00
    5490   1.0000000003E+00
    5491   1.0000000002E+00
    5492   1.0000000001E+00
    5493   1.0000000001E+00
    5494   1.0000000000E+00
    5495   1.0000000000E+00
    5496   1.0000000000E+00
    5497   1.0000000000E+00
    5498   1.0000000000E+00
    5499   1.0000000000E+00
    5500   1.0000000000E+00
    5501   1.0000000000E+00
    5502   1.0000000000E+00
    5503   1.0000000000E+00
    5504   1.0000000000E+00
    5505   1.0000000000E+00
    5506   1.0000000000E+00
    5507   1.0000000000E+00
    5508   1.0000000000E+00
    5509   1.0000000000E+00
    5510   1.0000000000E+00
    5511   1.0000000000E+00
    5512   1.0000000000E+00
    5513   1.0000000000E+00
    5514   1.0000000000E+00
    5515   1.0000000000E+00
    5516   1.0000000000E+00
    5517   1.0000000000E+00
    5518   1.0000000000E+00
    5519   1.0000000000E+00
    5520   1.0000000000E+00
    5521   1.0000000000E+00
    5522   1.0000000000E+00
    5523   1.0000000000E+00
    5524   1.0000000000E+00
    5525   1.0000000000E+00
    5526   1.0000000000E+00
    5527   1.0000000000E+00
    5528   1.0000000000E+00
    5529   1.0000000000E+00
    5530   1.0000000000E+00
    5531   1.0000000000E+00
    5532   1.0000000000E+00
    5533   1.0000000000E+00
    5534   1.0000000000E+00
    5535   1.0000000000E+00
    5536   1.0000000000E+00
    5537   1.0000000000E+00
    5538   1.0000000000E+00
    5539   1.0000000000E+00
    5540   1.0000000000E+00
    5541   1.0000000000E+00
    5542   1.0000000000E+00
    5543   1.0000000000E+00
    5544   1.0000000000E+00
    5545   1.0000000000E+00
    5546   1.0000000000E+00
    5547   1.0000000000E+00
    5548   1.0000000000E+00
    5549   1.0000000000E+00
    5550   1.0000000000E+00
    5551   1.0000000000E+00
    5552   1.0000000000E+00
    5553   1.0000000000E+00
    5554   1.0000000000E+00
    5555   1.0000000000E+00
    5556   1.0000000000E+00
    5557   1.0000000000E+00
    5558   1.0000000000E+00
    5559   1.0000000000E+00
    5560   1.0000000000E+00
    5561   1.0000000000E+00
    5562   1.0000000000E+00
    5563   1.0000000000E+00
    5564   1.0000000000E+00
    5565   1.0000000000E+00
    5566   1.0000000000E+00
    5567   1.0000000000E+00
    5568   1.0000000000E+00
    5569   1.0000000000E+00
    5570   1.0000000000E+00
    5571   1.0000000000E+00
    5572   1.0000000000E+00
    5573   1.0000000000E+00
    5574   1.0000000000E+00
    5575   1.0000000000E+00
    5576   1.0000000000E+00
    5577   1.0000000000E+00
    5578   1.0000000000E+00
    5579   1.0000000000E+00
    5580   1.0000000000E+00
    5581   1.0000000000E+00
    5582   1.0000000000E+00
    5583   1.0000000000E+00
    5584   1.0000000000E+00
    5585   1.0000000000E+00
    5586   1.0000000000E+00
    5587   1.0000000000E+00
    5588   1.0000000000E+00
    5589   1.0000000000E+00
    5590   1.0000000000E+00
    5591   1.0000000000E+00
    5592   1.0000000000E+00
    5593   1.0000000000E+00
    5594   1.0000000000E+00
    5595   1.0000000000E+00
    5596   1.0000000000E+00
    5597   1.0000000000E+00
    5598   1.0000000000E+00
    5599   1.0000000000E+00
    5600   1.0000000000E+00
    5601   1.0000000000E+00
    5602   1.0000000000E+00
    5603   1.0000000000E+00
    5604   1.0000000000E+00
    5605   1.0000000000E+00
    5606   1.0000000000E+00
    5607   1.0000000000E+00
    5608   1.0000000000E+00
    5609   1.0000000000E+00
    5610   1.0000000000E+00
    5611   1.0000000000E+00
    5612   1.0000000000E+00
    5613   1.0000000000E+00
    5614   1.0000000000E+00
    5615   1.0000000000E+00
    5616   1.0000000000E+00
    5617   1.0000000000E+00
    5618   1.0000000000E+00
    5619   1.0000000000E+00
    5620   1.0000000000E+00
    5621   1.0000000000E+00
    5622   1.0000000000E+00
    5623   1.0000000000E+00
    5624   1.0000000000E+00
    5625   1.0000000000E+00
    5626   1.0000000000E+00
    5627   1.0000000000E+00
    5628   1.0000000000E+00
    5629   1.0000000000E+00
    5630   1.0000000000E+00
    5631   1.0000000000E+00
    5632   1.0000000000E+00
    5633   1.0000000000E+00
    5634   1.0000000000E+00
    5635   1.0000000000E+00
    5636   1.0000000000E+00
    5637   1.0000000000E+00
    5638   1.0000000000E+00
    5639   1.0000000000E+00
    5640   1.0000000000E+00
    5641   1.0000000000E+00
    5642   1.0000000000E+00
    5643   1.0000000000E+00
    5644   1.0000000000E+00
    5645   1.0000000000E+00
    5646   1.0000000000E+00
    5647   1.0000000000E+00
    5648   1.0000000000E+00
    5649   1.0000000000E+00
    5650   1.0000000000E+00
    5651   1.0000000000E+00
    5652   1.0000000000E+00
    5653   1.0000000000E+00
    5654   1.0000000000E+00
    5655   1.0000000000E+00
    5656   1.0000000000E+00
    5657   1.0000000000E+00
    5658   1.0000000000E+00
    5659   1.0000000000E+00
    5660   1.0000000000E+00
    5661   1.0000000000E+00
    5662   1.0000000000E+00
    5663   1.0000000000E+00
    5664   1.0000000000E+00
    5665   1.0000000000E+00
    5666   1.0000000000E+00
    5667   1.0000000000E+00
    5668   1.0000000000E+00
    5669   1.0000000000E+00
    5670   1.0000000000E+00
    5671   1.0000000000E+00
    5672   1.0000000000E+00
    5673   1.0000000000E+00
    5674   1.0000000000E+00
    5675   1.0000000000E+00
    5676   1.0000000000E+00
    5677   1.0000000000E+00
    5678   1.0000000000E+00
    5679   1.0000000000E+00
    5680   1.0000000000E+00
    5681   1.0000000000E+00
    5682   1.0000000000E+00
    5683   1.0000000000E+00
    5684   1.0000000000E+00
    5685   1.0000000000E+00
    5686   1.0000000000E+00
    5687   1.0000000000E+00
    5688   1.0000000000E+00
    5689   1.0000000000E+00
    5690   1.0000000000E+00
    5691   1.0000000000E+00
    5692   1.0000000000E+00
    5693   1.0000000000E+00
    5694   1.0000000000E+00
    5695   1.0000000000E+00
    5696   1.0000000000E+00
    5697   1.0000000000E+00
    5698   1.0000000000E+00
    5699   1.0000000000E+00
    5700   1.0000000000E+00
    5701   1.0000000000E+00
    5702   1.0000000000E+00
    5703   1.0000000000E+00
    5704   1.0000000000E+00
    5705   1.0000000000E+00
    5706   1.0000000000E+00
    5707   1.0000000000E+00
    5708   1.0000000000E+00
    5709   1.0000000000E+00
    5710   1.0000000000E+00
    5711   1.0000000000E+00
    5712   1.0000000000E+00
    5713   1.0000000000E+00
    5714   1.0000000000E+00
    5715   1.0000000000E+00
    5716   1.0000000000E+00
    5717   1.0000000000E+00
    5718   1.0000000000E+00
    5719   1.0000000000E+00
    5720   1.0000000000E+00
    5721   1.0000000000E+00
    5722   1.0000000000E+00
    5723   1.0000000000E+00
    5724   1.0000000000E+00
    5725   1.0000000000E+00
    5726   1.0000000000E+00
    5727   1.0000000000E+00
    5728   1.0000000000E+00
    5729   1.0000000000E+00
    5730   1.0000000000E+00
    5731   1.0000000000E+00
    5732   1.0000000000E+00
    5733   1.0000000000E+00
    5734   1.0000000000E+00
    5735   1.0000000000E+00
    5736   1.0000000000E+00
    5737   1.0000000000E+00
    5738   1.0000000000E+00
    5739   1.0000000000E+00
    5740   1.0000000000E+00
    5741   1.0000000000E+00
    5742   1.0000000000E+00
    5743   1.0000000000E+00
    5744   1.0000000000E+00
    5745   1.0000000000E+00
    5746   1.0000000000E+00
    5747   1.0000000000E+00
    5748   1.0000000000E+00
    5749   1.0000000000E+00
    5750   1.0000000000E+00
    5751   1.0000000000E+00
    5752   1.0000000000E+00
    5753   1.0000000000E+00
    5754   1.0000000000E+00
    5755   1.0000000000E+00
    5756   1.0000000000E+00
    5757   1.0000000000E+00
    5758   1.0000000000E+00
    5759   1.0000000000E+00
    5760   1.0000000000E+00
    5761   1.0000000000E+00
    5762   1.0000000000E+00
    5763   1.0000000000E+00
    5764   1.0000000000E+00
    5765   1.0000000000E+00
    5766   1.0000000000E+00
    5767   1.0000000000E+00
    5768   1.0000000000E+00
    5769   1.0000000000E+00
    5770   1.0000000000E+00
    5771   1.0000000000E+00
    5772   1.0000000000E+00
    5773   1.0000000000E+00
    5774   1.0000000000E+00
    5775   1.0000000000E+00
    5776   1.0000000000E+00
    5777   1.0000000000E+00
    5778   1.0000000000E+00
    5779   1.0000000000E+00
    5780   1.0000000000E+00
    5781   1.0000000000E+00
    5782   1.0000000000E+00
    5783   1.0000000000E+00
    5784   1.0000000000E+00
    5785   1.0000000000E+00
    5786   1.0000000000E+00
    5787   1.0000000000E+00
    5788   1.0000000000E+00
    5789   1.0000000000E+00
    5790   1.0000000000E+00
    5791   1.0000000000E+00
    5792   1.0000000000E+00
    5793   1.0000000000E+00
    5794   1.0000000000E+00
    5795   1.0000000000E+00
    5796   1.0000000000E+00
    5797   1.0000000000E+00
    5798   1.0000000000E+00
    5799   1.0000000000E+00
    5800   1.0000000000E+00
    5801   1.0000000000E+00
    5802   1.0000000000E+00
    5803   1.0000000000E+00
    5804   1.0000000000E+00
    5805   1.0000000000E+00
    5806   1.0000000000E+00
    5807   1.0000000000E+00
    5808   1.0000000000E+00
    5809   1.0000000000E+00
    5810   1.0000000000E+00
    5811   1.0000000000E+00
    5812   1.0000000000E+00
    5813   1.0000000000E+00
    5814   1.0000000000E+00
    5815   1.0000000000E+00
    5816   1.0000000000E+00
    5817   1.0000000000E+00
    5818   1.0000000000E+00
    5819   1.0000000000E+00
    5820   1.0000000000E+00
    5821   1.0000000000E+00
    5822   1.0000000000E+00
    5823   1.0000000000E+00
    5824   1.0000000000E+00
    5825   1.0000000000E+00
    5826   1.0000000000E+00
    5827   1.0000000000E+00
    5828   1.0000000000E+00
    5829   1.0000000000E+00
    5830   1.0000000000E+00
    5831   1.0000000000E+00
    5832   1.0000000000E+00
    5833   1.0000000000E+00
    5834   1.0000000000E+00
    5835   1.0000000000E+00
    5836   1.0000000000E+00
    5837   1.0000000000E+00
    5838   1.0000000000E+00
    5839   1.0000000000E+00
    5840   1.0000000000E+00
    5841   1.0000000000E+00
    5842   1.0000000000E+00
    5843   1.0000000000E+00
    5844   1.0000000000E+00
    5845   1.0000000000E+00
    5846   1.0000000000E+00
    5847   1.0000000000E+00
    5848   1.0000000000E+00
    5849   1.0000000000E+00
    5850   1.0000000000E+00
    5851   1.0000000000E+00
    5852   1.0000000000E+00
    5853   1.0000000000E+00
    5854   1.0000000000E+00
    5855   1.0000000000E+00
    5856   1.0000000000E+00
    5857   1.0000000000E+00
    5858   1.0000000000E+00
    5859   1.0000000000E+00
    5860   1.0000000000E+00
    5861   1.0000000000E+00
    5862   1.0000000000E+00
    5863   1.0000000000E+00
    5864   1.0000000000E+00
    5865   1.0000000000E+00
    5866   1.0000000000E+00
    5867   1.0000000000E+00
    5868   1.0000000000E+00
    5869   1.0000000000E+00
    5870   1.0000000000E+00
    5871   1.0000000000E+00
    5872   1.0000000000E+00
    5873   1.0000000000E+00
    5874   1.0000000000E+00
    5875   1.0000000000E+00
    5876   1.0000000000E+00
    5877   1.0000000000E+00
    5878   1.0000000000E+00
    5879   1.0000000000E+00
    5880   1.0000000000E+00
    5881   1.0000000000E+00
    5882   1.0000000000E+00
    5883   1.0000000000E+00
    5884   1.0000000000E+00
    5885   1.0000000000E+00
    5886   1.0000000000E+00
    5887   1.0000000000E+00
    5888   1.0000000000E+00
    5889   1.0000000000E+00
    5890   1.0000000000E+00
    5891   1.0000000000E+00
    5892   1.0000000000E+00
    5893   1.0000000000E+00
    5894   1.0000000000E+00
    5895   1.0000000000E+00
    5896   1.0000000000E+00
    5897   1.0000000000E+00
    5898   1.0000000000E+00
    5899   1.0000000000E+00
    5900   1.0000000000E+00
    5901   1.0000000000E+00
    5902   1.0000000000E+00
    5903   1.0000000000E+00
    5904   1.0000000000E+00
    5905   1.0000000000E+00
    5906   1.0000000000E+00
    5907   1.0000000000E+00
    5908   1.0000000000E+00
    5909   1.0000000000E+00
    5910   1.0000000000E+00
    5911   1.0000000000E+00
    5912   1.0000000000E+00
    5913   1.0000000000E+00
    5914   1.0000000000E+00
    5915   1.0000000000E+00
    5916   1.0000000000E+00
    5917   1.0000000000E+00
    5918   1.0000000000E+00
    5919   1.0000000000E+00
    5920   1.0000000000E+00
    5921   1.0000000000E+00
    5922   1.0000000000E+00
    5923   1.0000000000E+00
    5924   1.0000000000E+00
    5925   1.0000000000E+00
    5926   1.0000000000E+00
    5927   1.0000000000E+00
    5928   1.0000000000E+00
    5929   1.0000000000E+00
    5930   1.0000000000E+00
    5931   1.0000000000E+00
    5932   1.0000000000E+00
    5933   1.0000000000E+00
    5934   1.0000000000E+00
    5935   1.0000000000E+00
    5936   1.0000000000E+00
    5937   1.0000000000E+00
    5938   1.0000000000E+00
    5939   1.0000000000E+00
    5940   1.0000000000E+00
    5941   1.0000000000E+00
    5942   1.0000000000E+00
    5943   1.0000000000E+00
    5944   1.0000000000E+00
    5945   1.0000000000E+00
    5946   1.0000000000E+00
    5947   1.0000000000E+00
    5948   1.0000000000E+00
    5949   1.0000000000E+00
    5950   1.0000000000E+00
    5951   1.0000000000E+00
    5952   1.0000000000E+00
    5953   1.0000000000E+00
    5954   1.0000000000E+00
    5955   1.0000000000E+00
    5956   1.0000000000E+00
    5957   1.0000000000E+00
    5958   1.0000000000E+00
    5959   1.0000000000E+00
    5960   1.0000000000E+00
    5961   1.0000000000E+00
    5962   1.0000000000E+00
    5963   1.0000000000E+00
    5964   1.0000000000E+00
    5965   1.0000000000E+00
    5966   1.0000000000E+00
    5967   1.0000000000E+00
    5968   1.0000000000E+00
    5969   1.0000000000E+00
    5970   1.0000000000E+00
    5971   1.0000000000E+00
    5972   1.0000000000E+00
    5973   1.0000000000E+00
    5974   1.0000000000E+00
    5975   1.0000000000E+00
    5976   1.0000000000E+00
    5977   1.0000000000E+00
    5978   1.0000000000E+00
    5979   1.0000000000E+00
    5980   1.0000000000E+00
    5981   1.0000000000E+00
    5982   1.0000000000E+00
    5983   1.0000000000E+00
    5984   1.0000000000E+00
    5985   1.0000000000E+00
    5986   1.0000000000E+00
    5987   1.0000000000E+00
    5988   1.0000000000E+00
    5989   1.0000000000E+00
    5990   1.0000000000E+00
    5991   1.0000000000E+00
    5992   1.0000000000E+00
    5993   1.0000000000E+00
    5994   1.0000000000E+00
    5995   1.0000000000E+00
    5996   1.0000000000E+00
    5997   1.0000000000E+00
    5998   1.0000000000E+00
    5999   1.0000000000E+00
    6000   1.0000000000E+00
    6001   1.0000000000E+00
    6002   1.0000000000E+00
    6003   1.0000000000E+00
    6004   1.0000000000E+00
    6005   1.0000000000E+00
    6006   1.0000000000E+00
    6007   1.0000000000E+00
    6008   1.0000000000E+00
    6009   1.0000000000E+00
    6010   1.0000000000E+00
    6011   1.0000000000E+00
    6012   1.0000000000E+00
    6013   1.0000000000E+00
    6014   1.0000000000E+00
    6015   1.0000000000E+00
    6016   1.0000000000E+00
    6017   1.0000000000E+00
    6018   1.0000000000E+00
    6019   1.0000000000E+00
    6020   1.0000000000E+00
    6021   1.0000000000E+00
    6022   1.0000000000E+00
    6023   1.0000000000E+00
    6024   1.0000000000E+00
    6025   1.0000000000E+00
    6026   1.0000000000E+00
    6027   1.0000000000E+00
    6028   1.0000000000E+00
    6029   1.0000000000E+00
    6030   1.0000000000E+00
    6031   1.0000000000E+00
    6032   1.0000000000E+00
    6033   1.0000000000E+00
    6034   1.0000000000E+00
    6035   1.0000000000E+00
    6036   1.0000000000E+00
    6037   1.0000000000E+00
    6038   1.0000000000E+00
    6039   1.0000000000E+00
    6040   1.0000000000E+00
    6041   1.0000000000E+00
    6042   1.0000000000E+00
    6043   1.0000000000E+00
    6044   1.0000000000E+00
    6045   1.0000000000E+00
    6046   1.0000000000E+00
    6047   1.0000000000E+00
    6048   1.0000000000E+00
    6049   1.0000000000E+00
    6050   1.0000000000E+00
    6051   1.0000000000E+00
    6052   1.0000000000E+00
    6053   1.0000000000E+00
    6054   1.0000000000E+00
    6055   1.0000000000E+00
    6056   1.0000000000E+00
    6057   1.0000000000E+00
    6058   1.0000000000E+00
    6059   1.0000000000E+00
    6060   1.0000000000E+00
    6061   1.0000000000E+00
    6062   1.0000000000E+00
    6063   1.0000000000E+00
    6064   1.0000000000E+00
    6065   1.0000000000E+00
    6066   1.0000000000E+00
    6067   1.0000000000E+00
    6068   1.0000000000E+00
    6069   1.0000000000E+00
    6070   1.0000000000E+00
    6071   1.0000000000E+00
    6072   1.0000000000E+00
    6073   1.0000000000E+00
    6074   1.0000000000E+00
    6075   1.0000000000E+00
    6076   1.0000000000E+00
    6077   1.0000000000E+00
    6078   1.0000000000E+00
    6079   1.0000000000E+00
    6080   1.0000000000E+00
    6081   1.0000000000E+00
    6082   1.0000000000E+00
    6083   1.0000000000E+00
    6084   1.0000000000E+00
    6085   1.0000000000E+00
    6086   1.0000000000E+00
    6087   1.0000000000E+00
    6088   1.0000000000E+00
    6089   1.0000000000E+00
    6090   1.0000000000E+00
    6091   1.0000000000E+00
    6092   1.0000000000E+00
    6093   1.0000000000E+00
    6094   1.0000000000E+00
    6095   1.0000000000E+00
    6096   1.0000000000E+00
    6097   1.0000000000E+00
    6098   1.0000000000E+00
    6099   1.0000000000E+00
    6100   1.0000000000E+00
    6101   1.0000000000E+00
    6102   1.0000000000E+00
    6103   1.0000000000E+00
    6104   1.0000000000E+00
    6105   1.0000000000E+00
    6106   1.0000000000E+00
    6107   1.0000000000E+00
    6108   1.0000000000E+00
    6109   1.0000000000E+00
    6110   1.0000000000E+00
    6111   1.0000000000E+00
    6112   1.0000000000E+00
    6113   1.0000000000E+00
    6114   1.0000000000E+00
    6115   1.0000000000E+00
    6116   1.0000000000E+00
    6117   1.0000000000E+00
    6118   1.0000000000E+00
    6119   1.0000000000E+00
    6120   1.0000000000E+00
    6121   1.0000000000E+00
    6122   1.0000000000E+00
    6123   1.0000000000E+00
    6124   1.0000000000E+00
    6125   1.0000000000E+00
    6126   1.0000000000E+00
    6127   1.0000000000E+00
    6128   1.0000000000E+00
    6129   1.0000000000E+00
    6130   1.0000000000E+00
    6131   1.0000000000E+00
    6132   1.0000000000E+00
    6133   1.0000000000E+00
    6134   1.0000000000E+00
    6135   1.0000000000E+00
    6136   1.0000000000E+00
    6137   1.0000000000E+00
    6138   1.0000000000E+00
    6139   1.0000000000E+00
    6140   1.0000000000E+00
    6141   1.0000000000E+00
    6142   1.0000000000E+00
    6143   1.0000000000E+00
    6144   1.0000000000E+00
    6145   1.0000000000E+00
    6146   1.0000000000E+00
    6147   1.0000000000E+00
    6148   1.0000000000E+00
    6149   1.0000000000E+00
    6150   1.0000000000E+00
    6151   1.0000000000E+00
    6152   1.0000000000E+00
    6153   1.0000000000E+00
    6154   1.0000000000E+00
    6155   1.0000000000E+00
    6156   1.0000000000E+00
    6157   1.0000000000E+00
    6158   1.0000000000E+00
    6159   1.0000000000E+00
    6160   1.0000000000E+00
    6161   1.0000000000E+00
    6162   1.0000000000E+00
    6163   1.0000000000E+00
    6164   1.0000000000E+00
    6165   1.0000000000E+00
    6166   1.0000000000E+00
    6167   1.0000000000E+00
    6168   1.0000000000E+00
    6169   1.0000000000E+00
    6170   1.0000000000E+00
    6171   1.0000000000E+00
    6172   1.0000000000E+00
    6173   1.0000000000E+00
    6174   1.0000000000E+00
    6175   1.0000000000E+00
    6176   1.0000000000E+00
    6177   1.0000000000E+00
    6178   1.0000000000E+00
    6179   1.0000000000E+00
    6180   1.0000000000E+00
    6181   1.0000000000E+00
    6182   1.0000000000E+00
    6183   1.0000000000E+00
    6184   1.0000000000E+00
    6185   1.0000000000E+00
    6186   1.0000000000E+00
    6187   1.0000000000E+00
    6188   1.0000000000E+00
    6189   1.0000000000E+00
    6190   1.0000000000E+00
    6191   1.0000000000E+00
    6192   1.0000000000E+00
    6193   1.0000000000E+00
    6194   1.0000000000E+00
    6195   1.0000000000E+00
    6196   1.0000000000E+00
    6197   1.0000000000E+00
    6198   1.0000000000E+00
    6199   1.0000000000E+00
    6200   1.0000000000E+00
    6201   1.0000000000E+00
    6202   1.0000000000E+00
    6203   1.0000000000E+00
    6204   1.0000000000E+00
    6205   1.0000000000E+00
    6206   1.0000000000E+00
    6207   1.0000000000E+00
    6208   1.0000000000E+00
    6209   1.0000000000E+00
    6210   1.0000000000E+00
    6211   1.0000000000E+00
    6212   1.0000000000E+00
    6213   1.0000000000E+00
    6214   1.0000000000E+00
    6215   1.0000000000E+00
    6216   1.0000000000E+00
    6217   1.0000000000E+00
    6218   1.0000000000E+00
    6219   1.0000000000E+00
    6220   1.0000000000E+00
    6221   1.0000000000E+00
    6222   1.0000000000E+00
    6223   1.0000000000E+00
    6224   1.0000000000E+00
    6225   1.0000000000E+00
    6226   1.0000000000E+00
    6227   1.0000000000E+00
    6228   1.0000000000E+00
    6229   1.0000000000E+00
    6230   1.0000000000E+00
    6231   1.0000000000E+00
    6232   1.0000000000E+00
    6233   1.0000000000E+00
    6234   1.0000000000E+00
    6235   1.0000000000E+00
    6236   1.0000000000E+00
    6237   1.0000000000E+00
    6238   1.0000000000E+00
    6239   1.0000000000E+00
    6240   1.0000000000E+00
    6241   1.0000000000E+00
    6242   1.0000000000E+00
    6243   1.0000000000E+00
    6244   1.0000000000E+00
    6245   1.0000000000E+00
    6246   1.0000000000E+00
    6247   1.0000000000E+00
    6248   1.0000000000E+00
    6249   1.0000000000E+00
    6250   1.0000000000E+00
    6251   1.0000000000E+00
    6252   1.0000000000E+00
    6253   1.0000000000E+00
    6254   1.0000000000E+00
    6255   1.0000000000E+00
    6256   1.0000000000E+00
    6257   1.0000000000E+00
    6258   1.0000000000E+00
    6259   1.0000000000E+00
    6260   1.0000000000E+00
    6261   1.0000000000E+00
    6262   1.0000000000E+00
    6263   1.0000000000E+00
    6264   1.0000000000E+00
    6265   1.0000000000E+00
    6266   1.0000000000E+00
    6267   1.0000000000E+00
    6268   1.0000000000E+00
    6269   1.0000000000E+00
    6270   1.0000000000E+00
    6271   1.0000000000E+00
    6272   1.0000000000E+00
    6273   1.0000000000E+00
    6274   1.0000000000E+00
    6275   1.0000000000E+00
    6276   1.0000000000E+00
    6277   1.0000000000E+00
    6278   1.0000000000E+00
    6279   1.0000000000E+00
    6280   1.0000000000E+00
    6281   1.0000000000E+00
    6282   1.0000000000E+00
    6283   1.0000000000E+00
    6284   1.0000000000E+00
    6285   1.0000000000E+00
    6286   1.0000000000E+00
    6287   1.0000000000E+00
    6288   1.0000000000E+00
    6289   1.0000000000E+00
    6290   1.0000000000E+00
    6291   1.0000000000E+00
    6292   1.0000000000E+00
    6293   1.0000000000E+00
    6294   1.0000000000E+00
    6295   1.0000000000E+00
    6296   1.0000000000E+00
    6297   1.0000000000E+00
    6298   1.0000000000E+00
    6299   1.0000000000E+00
    6300   1.0000000000E+00
    6301   1.0000000000E+00
    6302   1.0000000000E+00
    6303   1.0000000000E+00
    6304   1.0000000000E+00
    6305   1.0000000000E+00
    6306   1.0000000000E+00
    6307   1.0000000000E+00
    6308   1.0000000000E+00
    6309   1.0000000000E+00
    6310   1.0000000000E+00
    6311   1.0000000000E+00
    6312   1.0000000000E+00
    6313   1.0000000000E+00
    6314   1.0000000000E+00
    6315   1.0000000000E+00
    6316   1.0000000000E+00
    6317   1.0000000000E+00
    6318   1.0000000000E+00
    6319   1.0000000000E+00
    6320   1.0000000000E+00
    6321   1.0000000000E+00
    6322   1.0000000000E+00
    6323   1.0000000000E+00
    6324   1.0000000000E+00
    6325   1.0000000000E+00
    6326   1.0000000000E+00
    6327   1.0000000000E+00
    6328   1.0000000000E+00
    6329   1.0000000000E+00
    6330   1.0000000000E+00
    6331   1.0000000000E+00
    6332   1.0000000000E+00
    6333   1.0000000000E+00
    6334   1.0000000000E+00
    6335   1.0000000000E+00
    6336   1.0000000000E+00
    6337   1.0000000000E+00
    6338   1.0000000000E+00
    6339   1.0000000000E+00
    6340   1.0000000000E+00
    6341   1.0000000000E+00
    6342   1.0000000000E+00
    6343   1.0000000000E+00
    6344   1.0000000000E+00
    6345   1.0000000000E+00
    6346   1.0000000000E+00
    6347   1.0000000000E+00
    6348   1.0000000000E+00
    6349   1.0000000000E+00
    6350   1.0000000000E+00
    6351   1.0000000000E+00
    6352   1.0000000000E+00
    6353   1.0000000000E+00
    6354   1.0000000000E+00
    6355   1.0000000000E+00
    6356   1.0000000000E+00
    6357   1.0000000000E+00
    6358   1.0000000000E+00
    6359   1.0000000000E+00
    6360   1.0000000000E+00
    6361   1.0000000000E+00
    6362   1.0000000000E+00
    6363   1.0000000000E+00
    6364   1.0000000000E+00
    6365   1.0000000000E+00
    6366   1.0000000000E+00
    6367   1.0000000000E+00
    6368   1.0000000000E+00
    6369   1.0000000000E+00
    6370   1.0000000000E+00
    6371   1.0000000000E+00
    6372   1.0000000000E+00
    6373   1.0000000000E+00
    6374   1.0000000000E+00
    6375   1.0000000000E+00
    6376   1.0000000000E+00
    6377   1.0000000000E+00
    6378   1.0000000000E+00
    6379   1.0000000000E+00
    6380   1.0000000000E+00
    6381   1.0000000000E+00
    6382   1.0000000000E+00
    6383   1.0000000000E+00
    6384   1.0000000000E+00
    6385   1.0000000000E+00
    6386   1.0000000000E+00
    6387   1.0000000000E+00
    6388   1.0000000000E+00
    6389   1.0000000000E+00
    6390   1.0000000000E+00
    6391   1.0000000000E+00
    6392   1.0000000000E+00
    6393   1.0000000000E+00
    6394   1.0000000000E+00
    6395   1.0000000000E+00
    6396   1.0000000000E+00
    6397   1.0000000000E+00
    6398   1.0000000000E+00
    6399   1.0000000000E+00
    6400   1.0000000000E+00
    6401   1.0000000000E+00
    6402   1.0000000000E+00
    6403   1.0000000000E+00
    6404   1.0000000000E+00
    6405   1.0000000000E+00
    6406   1.0000000000E+00
    6407   1.0000000000E+00
    6408   1.0000000000E+00
    6409   1.0000000000E+00
    6410   1.0000000000E+00
    6411   1.0000000000E+00
    6412   1.0000000000E+00
    6413   1.0000000000E+00
    6414   1.0000000000E+00
    6415   1.0000000000E+00
    6416   1.0000000000E+00
    6417   1.0000000000E+00
    6418   1.0000000000E+00
    6419   1.0000000000E+00
    6420   1.0000000000E+00
    6421   1.0000000000E+00
    6422   1.0000000000E+00
    6423   1.0000000000E+00
    6424   1.0000000000E+00
    6425   1.0000000000E+00
    6426   1.0000000000E+00
    6427   1.0000000000E+00
    6428   1.0000000000E+00
    6429   1.0000000000E+00
    6430   1.0000000000E+00
    6431   1.0000000000E+00
    6432   1.0000000000E+00
    6433   1.0000000000E+00
    6434   1.0000000000E+00
    6435   1.0000000000E+00
    6436   1.0000000000E+00
    6437   1.0000000000E+00
    6438   1.0000000000E+00
    6439   1.0000000000E+00
    6440   1.0000000000E+00
    6441   1.0000000000E+00
    6442   1.0000000000E+00
    6443   1.0000000000E+00
    6444   1.0000000000E+00
    6445   1.0000000000E+00
    6446   1.0000000000E+00
    6447   1.0000000000E+00
    6448   1.0000000000E+00
    6449   1.0000000000E+00
    6450   1.0000000000E+00
    6451   1.0000000000E+00
    6452   1.0000000000E+00
    6453   1.0000000000E+00
    6454   1.0000000000E+00
    6455   1.0000000000E+00
    6456   1.0000000000E+00
    6457   1.0000000000E+00
    6458   1.0000000000E+00
    6459   1.0000000000E+00
    6460   1.0000000000E+00
    6461   1.0000000000E+00
    6462   1.0000000000E+00
    6463   1.0000000000E+00
    6464   1.0000000000E+00
    6465   1.0000000000E+00
    6466   1.0000000000E+00
    6467   1.0000000000E+00
    6468   1.0000000000E+00
    6469   1.0000000000E+00
    6470   1.0000000000E+00
    6471   1.0000000000E+00
    6472   1.0000000000E+00
    6473   1.0000000000E+00
    6474   1.0000000000E+00
    6475   1.0000000000E+00
    6476   1.0000000000E+00
    6477   1.0000000000E+00
    6478   1.0000000000E+00
    6479   1.0000000000E+00
    6480   1.0000000000E+00
    6481   1.0000000000E+00
    6482   1.0000000000E+00
    6483   1.0000000000E+00
    6484   1.0000000000E+00
    6485   1.0000000000E+00
    6486   1.0000000000E+00
    6487   1.0000000000E+00
    6488   1.0000000000E+00
    6489   1.0000000000E+00
    6490   1.0000000000E+00
    6491   1.0000000000E+00
    6492   1.0000000000E+00
    6493   1.0000000000E+00
    6494   1.0000000000E+00
    6495   1.0000000000E+00
    6496   1.0000000000E+00
    6497   1.0000000000E+00
    6498   1.0000000000E+00
    6499   1.0000000000E+00
    6500   1.0000000000E+00
    6501   1.0000000000E+00
    6502   1.0000000000E+00
    6503   1.0000000000E+00
    6504   1.0000000000E+00
    6505   1.0000000000E+00
    6506   1.0000000000E+00
    6507   1.0000000000E+00
    6508   1.0000000000E+00
    6509   1.0000000000E+00
    6510   1.0000000000E+00
    6511   1.0000000000E+00
    6512   1.0000000000E+00
    6513   1.0000000000E+00
    6514   1.0000000000E+00
    6515   1.0000000000E+00
    6516   1.0000000000E+00
    6517   1.0000000000E+00
    6518   1.0000000000E+00
    6519   1.0000000000E+00
    6520   1.0000000000E+00
    6521   1.0000000000E+00
    6522   1.0000000000E+00
    6523   1.0000000000E+00
    6524   1.0000000000E+00
    6525   1.0000000000E+00
    6526   1.0000000000E+00
    6527   1.0000000000E+00
    6528   1.0000000000E+00
    6529   1.0000000000E+00
    6530   1.0000000000E+00
    6531   1.0000000000E+00
    6532   1.0000000000E+00
    6533   1.0000000000E+00
    6534   1.0000000000E+00
    6535   1.0000000000E+00
    6536   1.0000000000E+00
    6537   1.0000000000E+00
    6538   1.0000000000E+00
    6539   1.0000000000E+00
    6540   1.0000000000E+00
    6541   1.0000000000E+00
    6542   1.0000000000E+00
    6543   1.0000000000E+00
    6544   1.0000000000E+00
    6545   1.0000000000E+00
    6546   1.0000000000E+00
    6547   1.0000000000E+00
    6548   1.0000000000E+00
    6549   1.0000000000E+00
    6550   1.0000000000E+00
    6551   1.0000000000E+00
    6552   1.0000000000E+00
    6553   1.0000000000E+00
    6554   1.0000000000E+00
    6555   1.0000000000E+00
    6556   1.0000000000E+00
    6557   1.0000000000E+00
    6558   1.0000000000E+00
    6559   1.0000000000E+00
    6560   1.0000000000E+00
    6561   1.0000000000E+00
    6562   1.0000000000E+00
    6563   1.0000000000E+00
    6564   1.0000000000E+00
    6565   1.0000000000E+00
    6566   1.0000000000E+00
    6567   1.0000000000E+00
    6568   1.0000000000E+00
    6569   1.0000000000E+00
    6570   1.0000000000E+00
    6571   1.0000000000E+00
    6572   1.0000000000E+00
    6573   1.0000000000E+00
    6574   1.0000000000E+00
    6575   1.0000000000E+00
    6576   1.0000000000E+00
    6577   1.0000000000E+00
    6578   1.0000000000E+00
    6579   1.0000000000E+00
    6580   1.0000000000E+00
    6581   1.0000000000E+00
    6582   1.0000000000E+00
    6583   1.0000000000E+00
    6584   1.0000000000E+00
    6585   1.0000000000E+00
    6586   1.0000000000E+00
    6587   1.0000000000E+00
    6588   1.0000000000E+00
    6589   1.0000000000E+00
    6590   1.0000000000E+00
    6591   1.0000000000E+00
    6592   1.0000000000E+00
    6593   1.0000000000E+00
    6594   1.0000000000E+00
    6595   1.0000000000E+00
    6596   1.0000000000E+00
    6597   1.0000000000E+00
    6598   1.0000000000E+00
    6599   1.0000000000E+00
    6600   1.0000000000E+00
    6601   1.0000000000E+00
    6602   1.0000000000E+00
    6603   1.0000000000E+00
    6604   1.0000000000E+00
    6605   1.0000000000E+00
    6606   1.0000000000E+00
    6607   1.0000000000E+00
    6608   1.0000000000E+00
    6609   1.0000000000E+00
    6610   1.0000000000E+00
    6611   1.0000000000E+00
    6612   1.0000000000E+00
    6613   1.0000000000E+00
    6614   1.0000000000E+00
    6615   1.0000000000E+00
    6616   1.0000000000E+00
    6617   1.0000000000E+00
    6618   1.0000000000E+00
    6619   1.0000000000E+00
    6620   1.0000000000E+00
    6621   1.0000000000E+00
    6622   1.0000000000E+00
    6623   1.0000000000E+00
    6624   1.0000000000E+00
    6625   1.0000000000E+00
    6626   1.0000000000E+00
    6627   1.0000000000E+00
    6628   1.0000000000E+00
    6629   1.0000000000E+00
    6630   1.0000000000E+00
    6631   1.0000000000E+00
    6632   1.0000000000E+00
    6633   1.0000000000E+00
    6634   1.0000000000E+00
    6635   1.0000000000E+00
    6636   1.0000000000E+00
    6637   1.0000000000E+00
    6638   1.0000000000E+00
    6639   1.0000000000E+00
    6640   1.0000000000E+00
    6641   1.0000000000E+00
    6642   1.0000000000E+00
    6643   1.0000000000E+00
    6644   1.0000000000E+00
    6645   1.0000000000E+00
    6646   1.0000000000E+00
    6647   1.0000000000E+00
    6648   1.0000000000E+00
    6649   1.0000000000E+00
    6650   1.0000000000E+00
    6651   1.0000000000E+00
    6652   1.0000000000E+00
    6653   1.0000000000E+00
    6654   1.0000000000E+00
    6655   1.0000000000E+00
    6656   1.0000000000E+00
    6657   1.0000000000E+00
    6658   1.0000000000E+00
    6659   1.0000000000E+00
    6660   1.0000000000E+00
    6661   1.0000000000E+00
    6662   1.0000000000E+00
    6663   1.0000000000E+00
    6664   1.0000000000E+00
    6665   1.0000000000E+00
    6666   1.0000000000E+00
    6667   1.0000000000E+00
    6668   1.0000000000E+00
    6669   1.0000000000E+00
    6670   1.0000000000E+00
    6671   1.0000000000E+00
    6672   1.0000000000E+00
    6673   1.0000000000E+00
    6674   1.0000000000E+00
    6675   1.0000000000E+00
    6676   1.0000000000E+00
    6677   1.0000000000E+00
    6678   1.0000000000E+00
    6679   1.0000000000E+00
    6680   1.0000000000E+00
    6681   1.0000000000E+00
    6682   1.0000000000E+00
    6683   1.0000000000E+00
    6684   1.0000000000E+00
    6685   1.0000000000E+00
    6686   1.0000000000E+00
    6687   1.0000000000E+00
    6688   1.0000000000E+00
    6689   1.0000000000E+00
    6690   1.0000000000E+00
    6691   1.0000000000E+00
    6692   1.0000000000E+00
    6693   1.0000000000E+00
    6694   1.0000000000E+00
    6695   1.0000000000E+00
    6696   1.0000000000E+00
    6697   1.0000000000E+00
    6698   1.0000000000E+00
    6699   1.0000000000E+00
    6700   1.0000000000E+00
    6701   1.0000000000E+00
    6702   1.0000000000E+00
    6703   1.0000000000E+00
    6704   1.0000000000E+00
    6705   1.0000000000E+00
    6706   1.0000000000E+00
    6707   1.0000000000E+00
    6708   1.0000000000E+00
    6709   1.0000000000E+00
    6710   1.0000000000E+00
    6711   1.0000000000E+00
    6712   1.0000000000E+00
    6713   1.0000000000E+00
    6714   1.0000000000E+00
    6715   1.0000000000E+00
    6716   1.0000000000E+00
    6717   1.0000000000E+00
    6718   1.0000000000E+00
    6719   1.0000000000E+00
    6720   1.0000000000E+00
    6721   1.0000000000E+00
    6722   1.0000000000E+00
    6723   1.0000000000E+00
    6724   1.0000000000E+00
    6725   1.0000000000E+00
    6726   1.0000000000E+00
    6727   1.0000000000E+00
    6728   1.0000000000E+00
    6729   1.0000000000E+00
    6730   1.0000000000E+00
    6731   1.0000000000E+00
    6732   1.0000000000E+00
    6733   1.0000000000E+00
    6734   1.0000000000E+00
    6735   1.0000000000E+00
    6736   1.0000000000E+00
    6737   1.0000000000E+00
    6738   1.0000000000E+00
    6739   1.0000000000E+00
    6740   1.0000000000E+00
    6741   1.0000000000E+00
    6742   1.0000000000E+00
    6743   1.0000000000E+00
    6744   1.0000000000E+00
    6745   1.0000000000E+00
    6746   1.0000000000E+00
    6747   1.0000000000E+00
    6748   1.0000000000E+00
    6749   1.0000000000E+00
    6750   1.0000000000E+00
    6751   1.0000000000E+00
    6752   1.0000000000E+00
    6753   1.0000000000E+00
    6754   1.0000000000E+00
    6755   1.0000000000E+00
    6756   1.0000000000E+00
    6757   1.0000000000E+00
    6758   1.0000000000E+00
    6759   1.0000000000E+00
    6760   1.0000000000E+00
    6761   1.0000000000E+00
    6762   1.0000000000E+00
    6763   1.0000000000E+00
    6764   1.0000000000E+00
    6765   1.0000000000E+00
    6766   1.0000000000E+00
    6767   1.0000000000E+00
    6768   1.0000000000E+00
    6769   1.0000000000E+00
    6770   1.0000000000E+00
    6771   1.0000000000E+00
    6772   1.0000000000E+00
    6773   1.0000000000E+00
    6774   1.0000000000E+00
    6775   1.0000000000E+00
    6776   1.0000000000E+00
    6777   1.0000000000E+00
    6778   1.0000000000E+00
    6779   1.0000000000E+00
    6780   1.0000000000E+00
    6781   1.0000000000E+00
    6782   1.0000000000E+00
    6783   1.0000000000E+00
    6784   1.0000000000E+00
    6785   1.0000000000E+00
    6786   1.0000000000E+00
    6787   1.0000000000E+00
    6788   1.0000000000E+00
    6789   1.0000000000E+00
    6790   1.0000000000E+00
    6791   1.0000000000E+00
    6792   1.0000000000E+00
    6793   1.0000000000E+00
    6794   1.0000000000E+00
    6795   1.0000000000E+00
    6796   1.0000000000E+00
    6797   1.0000000000E+00
    6798   1.0000000000E+00
    6799   1.0000000000E+00
    6800   1.0000000000E+00
    6801   1.0000000000E+00
    6802   1.0000000000E+00
    6803   1.0000000000E+00
    6804   1.0000000000E+00
    6805   1.0000000000E+00
    6806   1.0000000000E+00
    6807   1.0000000000E+00
    6808   1.0000000000E+00
    6809   1.0000000000E+00
    6810   1.0000000000E+00
    6811   1.0000000000E+00
    6812   1.0000000000E+00
    6813   1.0000000000E+00
    6814   1.0000000000E+00
    6815   1.0000000000E+00
    6816   1.0000000000E+00
    6817   1.0000000000E+00
    6818   1.0000000000E+00
    6819   1.0000000000E+00
    6820   1.0000000000E+00
    6821   1.0000000000E+00
    6822   1.0000000000E+00
    6823   1.0000000000E+00
    6824   1.0000000000E+00
    6825   1.0000000000E+00
    6826   1.0000000000E+00
    6827   1.0000000000E+00
    6828   1.0000000000E+00
    6829   1.0000000000E+00
    6830   1.0000000000E+00
    6831   1.0000000000E+00
    6832   1.0000000000E+00
    6833   1.0000000000E+00
    6834   1.0000000000E+00
    6835   1.0000000000E+00
    6836   1.0000000000E+00
    6837   1.0000000000E+00
    6838   1.0000000000E+00
    6839   1.0000000000E+00
    6840   1.0000000000E+00
    6841   1.0000000000E+00
    6842   1.0000000000E+00
    6843   1.0000000000E+00
    6844   1.0000000000E+00
    6845   1.0000000000E+00
    6846   1.0000000000E+00
    6847   1.0000000000E+00
    6848   1.0000000000E+00
    6849   1.0000000000E+00
    6850   1.0000000000E+00
    6851   1.0000000000E+00
    6852   1.0000000000E+00
    6853   1.0000000000E+00
    6854   1.0000000000E+00
    6855   1.0000000000E+00
    6856   1.0000000000E+00
    6857   1.0000000000E+00
    6858   1.0000000000E+00
    6859   1.0000000000E+00
    6860   1.0000000000E+00
    6861   1.0000000000E+00
    6862   1.0000000000E+00
    6863   1.0000000000E+00
    6864   1.0000000000E+00
    6865   1.0000000000E+00
    6866   1.0000000000E+00
    6867   1.0000000000E+00
    6868   1.0000000000E+00
    6869   1.0000000000E+00
    6870   1.0000000000E+00
    6871   1.0000000000E+00
    6872   1.0000000000E+00
    6873   1.0000000000E+00
    6874   1.0000000000E+00
    6875   1.0000000000E+00
    6876   1.0000000000E+00
    6877   1.0000000000E+00
    6878   1.0000000000E+00
    6879   1.0000000000E+00
    6880   1.0000000000E+00
    6881   1.0000000000E+00
    6882   1.0000000000E+00
    6883   1.0000000000E+00
    6884   1.0000000000E+00
    6885   1.0000000000E+00
    6886   1.0000000000E+00
    6887   1.0000000000E+00
    6888   1.0000000000E+00
    6889   1.0000000000E+00
    6890   1.0000000000E+00
    6891   1.0000000000E+00
    6892   1.0000000000E+00
    6893   1.0000000000E+00
    6894   1.0000000000E+00
    6895   1.0000000000E+00
    6896   1.0000000000E+00
    6897   1.0000000000E+00
    6898   1.0000000000E+00
    6899   1.0000000000E+00
    6900   1.0000000000E+00
    6901   1.0000000000E+00
    6902   1.0000000000E+00
    6903   1.0000000000E+00
    6904   1.0000000000E+00
    6905   1.0000000000E+00
    6906   1.0000000000E+00
    6907   1.0000000000E+00
    6908   1.0000000000E+00
    6909   1.0000000000E+00
    6910   1.0000000000E+00
    6911   1.0000000000E+00
    6912   1.0000000000E+00
    6913   1.0000000000E+00
    6914   1.0000000000E+00
    6915   1.0000000000E+00
    6916   1.0000000000E+00
    6917   1.0000000000E+00
    6918   1.0000000000E+00
    6919   1.0000000000E+00
    6920   1.0000000000E+00
    6921   1.0000000000E+00
    6922   1.0000000000E+00
    6923   1.0000000000E+00
    6924   1.0000000000E+00
    6925   1.0000000000E+00
    6926   1.0000000000E+00
    6927   1.0000000000E+00
    6928   1.0000000000E+00
    6929   1.0000000000E+00
    6930   1.0000000000E+00
    6931   1.0000000000E+00
    6932   1.0000000000E+00
    6933   1.0000000000E+00
    6934   1.0000000000E+00
    6935   1.0000000000E+00
    6936   1.0000000000E+00
    6937   1.0000000000E+00
    6938   1.0000000000E+00
    6939   1.0000000000E+00
    6940   1.0000000000E+00
    6941   1.0000000000E+00
    6942   1.0000000000E+00
    6943   1.0000000000E+00
    6944   1.0000000000E+00
    6945   1.0000000000E+00
    6946   1.0000000000E+00
    6947   1.0000000000E+00
    6948   1.0000000000E+00
    6949   1.0000000000E+00
    6950   1.0000000000E+00
    6951   1.0000000000E+00
    6952   1.0000000000E+00
    6953   1.0000000000E+00
    6954   1.0000000000E+00
    6955   1.0000000000E+00
    6956   1.0000000000E+00
    6957   1.0000000000E+00
    6958   1.0000000000E+00
    6959   1.0000000000E+00
    6960   1.0000000000E+00
    6961   1.0000000000E+00
    6962   1.0000000000E+00
    6963   1.0000000000E+00
    6964   1.0000000000E+00
    6965   1.0000000000E+00
    6966   1.0000000000E+00
    6967   1.0000000000E+00
    6968   1.0000000000E+00
    6969   1.0000000000E+00
    6970   1.0000000000E+00
    6971   1.0000000000E+00
    6972   1.0000000000E+00
    6973   1.0000000000E+00
    6974   1.0000000000E+00
    6975   1.0000000000E+00
    6976   1.0000000000E+00
    6977   1.0000000000E+00
    6978   1.0000000000E+00
    6979   1.0000000000E+00
    6980   1.0000000000E+00
    6981   1.0000000000E+00
    6982   1.0000000000E+00
    6983   1.0000000000E+00
    6984   1.0000000000E+00
    6985   1.0000000000E+00
    6986   1.0000000000E+00
    6987   1.0000000000E+00
    6988   1.0000000000E+00
    6989   1.0000000000E+00
    6990   1.0000000000E+00
    6991   1.0000000000E+00
    6992   1.0000000000E+00
    6993   1.0000000000E+00
    6994   1.0000000000E+00
    6995   1.0000000000E+00
    6996   1.0000000000E+00
    6997   1.0000000000E+00
    6998   1.0000000000E+00
    6999   1.0000000000E+00
    7000   1.0000000000E+00
    7001   1.0000000000E+00
    7002   1.0000000000E+00
    7003   1.0000000000E+00
    7004   1.0000000000E+00
    7005   1.0000000000E+00
    7006   1.0000000000E+00
    7007   1.0000000000E+00
    7008   1.0000000000E+00
    7009   1.0000000000E+00
    7010   1.0000000000E+00
    7011   1.0000000000E+00
    7012   1.0000000000E+00
    7013   1.0000000000E+00
    7014   1.0000000000E+00
    7015   1.0000000000E+00
    7016   1.0000000000E+00
    7017   1.0000000000E+00
    7018   1.0000000000E+00
    7019   1.0000000000E+00
    7020   1.0000000000E+00
    7021   1.0000000000E+00
    7022   1.0000000000E+00
    7023   1.0000000000E+00
    7024   1.0000000000E+00
    7025   1.0000000000E+00
    7026   1.0000000000E+00
    7027   1.0000000000E+00
    7028   1.0000000000E+00
    7029   1.0000000000E+00
    7030   1.0000000000E+00
    7031   1.0000000000E+00
    7032   1.0000000000E+00
    7033   1.0000000000E+00
    7034   1.0000000000E+00
    7035   1.0000000000E+00
    7036   1.0000000000E+00
    7037   1.0000000000E+00
    7038   1.0000000000E+00
    7039   1.0000000000E+00
    7040   1.0000000000E+00
    7041   1.0000000000E+00
    7042   1.0000000000E+00
    7043   1.0000000000E+00
    7044   1.0000000000E+00
    7045   1.0000000000E+00
    7046   1.0000000000E+00
    7047   1.0000000000E+00
    7048   1.0000000000E+00
    7049   1.0000000000E+00
    7050   1.0000000000E+00
    7051   1.0000000000E+00
    7052   1.0000000000E+00
    7053   1.0000000000E+00
    7054   1.0000000000E+00
    7055   1.0000000000E+00
    7056   1.0000000000E+00
    7057   1.0000000000E+00
    7058   1.0000000000E+00
    7059   1.0000000000E+00
    7060   1.0000000000E+00
    7061   1.0000000000E+00
    7062   1.0000000000E+00
    7063   1.0000000000E+00
    7064   1.0000000000E+00
    7065   1.0000000000E+00
    7066   1.0000000000E+00
    7067   1.0000000000E+00
    7068   1.0000000000E+00
    7069   1.0000000000E+00
    7070   1.0000000000E+00
    7071   1.0000000000E+00
    7072   1.0000000000E+00
    7073   1.0000000000E+00
    7074   1.0000000000E+00
    7075   1.0000000000E+00
    7076   1.0000000000E+00
    7077   1.0000000000E+00
    7078   1.0000000000E+00
    7079   1.0000000000E+00
    7080   1.0000000000E+00
    7081   1.0000000000E+00
    7082   1.0000000000E+00
    7083   1.0000000000E+00
    7084   1.0000000000E+00
    7085   1.0000000000E+00
    7086   1.0000000000E+00
    7087   1.0000000000E+00
    7088   1.0000000000E+00
    7089   1.0000000000E+00
    7090   1.0000000000E+00
    7091   1.0000000000E+00
    7092   1.0000000000E+00
    7093   1.0000000000E+00
    7094   1.0000000000E+00
    7095   1.0000000000E+00
    7096   1.0000000000E+00
    7097   1.0000000000E+00
    7098   1.0000000000E+00
    7099   1.0000000000E+00
    7100   1.0000000000E+00
    7101   1.0000000000E+00
    7102   1.0000000000E+00
    7103   1.0000000000E+00
    7104   1.0000000000E+00
    7105   1.0000000000E+00
    7106   1.0000000000E+00
    7107   1.0000000000E+00
    7108   1.0000000000E+00
    7109   1.0000000000E+00
    7110   1.0000000000E+00
    7111   1.0000000000E+00
    7112   1.0000000000E+00
    7113   1.0000000000E+00
    7114   1.0000000000E+00
    7115   1.0000000000E+00
    7116   1.0000000000E+00
    7117   1.0000000000E+00
    7118   1.0000000000E+00
    7119   1.0000000000E+00
    7120   1.0000000000E+00
    7121   1.0000000000E+00
    7122   1.0000000000E+00
    7123   1.0000000000E+00
    7124   1.0000000000E+00
    7125   1.0000000000E+00
    7126   1.0000000000E+00
    7127   1.0000000000E+00
    7128   1.0000000000E+00
    7129   1.0000000000E+00
    7130   1.0000000000E+00
    7131   1.0000000000E+00
    7132   1.0000000000E+00
    7133   1.0000000000E+00
    7134   1.0000000000E+00
    7135   1.0000000000E+00
    7136   1.0000000000E+00
    7137   1.0000000000E+00
    7138   1.0000000000E+00
    7139   1.0000000000E+00
    7140   1.0000000000E+00
    7141   1.0000000000E+00
    7142   1.0000000000E+00
    7143   1.0000000000E+00
    7144   1.0000000000E+00
    7145   1.0000000000E+00
    7146   1.0000000000E+00
    7147   1.0000000000E+00
    7148   1.0000000000E+00
    7149   1.0000000000E+00
    7150   1.0000000000E+00
    7151   1.0000000000E+00
    7152   1.0000000000E+00
    7153   1.0000000000E+00
    7154   1.0000000000E+00
    7155   1.0000000000E+00
    7156   1.0000000000E+00
    7157   1.0000000000E+00
    7158   1.0000000000E+00
    7159   1.0000000000E+00
    7160   1.0000000000E+00
    7161   1.0000000000E+00
    7162   1.0000000000E+00
    7163   1.0000000000E+00
    7164   1.0000000000E+00
    7165   1.0000000000E+00
    7166   1.0000000000E+00
    7167   1.0000000000E+00
    7168   1.0000000000E+00
    7169   1.0000000000E+00
    7170   1.0000000000E+00
    7171   1.0000000000E+00
    7172   1.0000000000E+00
    7173   1.0000000000E+00
    7174   1.0000000000E+00
    7175   1.0000000000E+00
    7176   1.0000000000E+00
    7177   1.0000000000E+00
    7178   1.0000000000E+00
    7179   1.0000000000E+00
    7180   1.0000000000E+00
    7181   1.0000000000E+00
    7182   1.0000000000E+00
    7183   1.0000000000E+00
    7184   1.0000000000E+00
    7185   1.0000000000E+00
    7186   1.0000000000E+00
    7187   1.0000000000E+00
    7188   1.0000000000E+00
    7189   1.0000000000E+00
    7190   1.0000000000E+00
    7191   1.0000000000E+00
    7192   1.0000000000E+00
    7193   1.0000000000E+00
    7194   1.0000000000E+00
    7195   1.0000000000E+00
    7196   1.0000000000E+00
    7197   1.0000000000E+00
    7198   1.0000000000E+00
    7199   1.0000000000E+00
    7200   1.0000000000E+00
    7201   1.0000000000E+00
    7202   1.0000000000E+00
    7203   1.0000000000E+00
    7204   1.0000000000E+00
    7205   1.0000000000E+00
    7206   1.0000000000E+00
    7207   1.0000000000E+00
    7208   1.0000000000E+00
    7209   1.0000000000E+00
    7210   1.0000000000E+00
    7211   1.0000000000E+00
    7212   1.0000000000E+00
    7213   1.0000000000E+00
    7214   1.0000000000E+00
    7215   1.0000000000E+00
    7216   1.0000000000E+00
    7217   1.0000000000E+00
    7218   1.0000000000E+00
    7219   1.0000000000E+00
    7220   1.0000000000E+00
    7221   1.0000000000E+00
    7222   1.0000000000E+00
    7223   1.0000000000E+00
    7224   1.0000000000E+00
    7225   1.0000000000E+00
    7226   1.0000000000E+00
    7227   1.0000000000E+00
    7228   1.0000000000E+00
    7229   1.0000000000E+00
    7230   1.0000000000E+00
    7231   1.0000000000E+00
    7232   1.0000000000E+00
    7233   1.0000000000E+00
    7234   1.0000000000E+00
    7235   1.0000000000E+00
    7236   1.0000000000E+00
    7237   1.0000000000E+00
    7238   1.0000000000E+00
    7239   1.0000000000E+00
    7240   1.0000000000E+00
    7241   1.0000000000E+00
    7242   1.0000000000E+00
    7243   1.0000000000E+00
    7244   1.0000000000E+00
    7245   1.0000000000E+00
    7246   1.0000000000E+00
    7247   1.0000000000E+00
    7248   1.0000000000E+00
    7249   1.0000000000E+00
    7250   1.0000000000E+00
    7251   1.0000000000E+00
    7252   1.0000000000E+00
    7253   1.0000000000E+00
    7254   1.0000000000E+00
    7255   1.0000000000E+00
    7256   1.0000000000E+00
    7257   1.0000000000E+00
    7258   1.0000000000E+00
    7259   1.0000000000E+00
    7260   1.0000000000E+00
    7261   1.0000000000E+00
    7262   1.0000000000E+00
    7263   1.0000000000E+00
    7264   1.0000000000E+00
    7265   1.0000000000E+00
    7266   1.0000000000E+00
    7267   1.0000000000E+00
    7268   1.0000000000E+00
    7269   1.0000000000E+00
    7270   1.0000000000E+00
    7271   1.0000000000E+00
    7272   1.0000000000E+00
    7273   1.0000000000E+00
    7274   1.0000000000E+00
    7275   1.0000000000E+00
    7276   1.0000000000E+00
    7277   1.0000000000E+00
    7278   1.0000000000E+00
    7279   1.0000000000E+00
    7280   1.0000000000E+00
    7281   1.0000000000E+00
    7282   1.0000000000E+00
    7283   1.0000000000E+00
    7284   1.0000000000E+00
    7285   1.0000000000E+00
    7286   1.0000000000E+00
    7287   1.0000000000E+00
    7288   1.0000000000E+00
    7289   1.0000000000E+00
    7290   1.0000000000E+00
    7291   1.0000000000E+00
    7292   1.0000000000E+00
    7293   1.0000000000E+00
    7294   1.0000000000E+00
    7295   1.0000000000E+00
    7296   1.0000000000E+00
    7297   1.0000000000E+00
    7298   1.0000000000E+00
    7299   1.0000000000E+00
    7300   1.0000000000E+00
    7301   1.0000000000E+00
    7302   1.0000000000E+00
    7303   1.0000000000E+00
    7304   1.0000000000E+00
    7305   1.0000000000E+00
    7306   1.0000000000E+00
    7307   1.0000000000E+00
    7308   1.0000000000E+00
    7309   1.0000000000E+00
    7310   1.0000000000E+00
    7311   1.0000000000E+00
    7312   1.0000000000E+00
    7313   1.0000000000E+00
    7314   1.0000000000E+00
    7315   1.0000000000E+00
    7316   1.0000000000E+00
    7317   1.0000000000E+00
    7318   1.0000000000E+00
    7319   1.0000000000E+00
    7320   1.0000000000E+00
    7321   1.0000000000E+00
    7322   1.0000000000E+00
    7323   1.0000000000E+00
    7324   1.0000000000E+00
    7325   1.0000000000E+00
    7326   1.0000000000E+00
    7327   1.0000000000E+00
    7328   1.0000000000E+00
    7329   1.0000000000E+00
    7330   1.0000000000E+00
    7331   1.0000000000E+00
    7332   1.0000000000E+00
    7333   1.0000000000E+00
    7334   1.0000000000E+00
    7335   1.0000000000E+00
    7336   1.0000000000E+00
    7337   1.0000000000E+00
    7338   1.0000000000E+00
    7339   1.0000000000E+00
    7340   1.0000000000E+00
    7341   1.0000000000E+00
    7342   1.0000000000E+00
    7343   1.0000000000E+00
    7344   1.0000000000E+00
    7345   1.0000000000E+00
    7346   1.0000000000E+00
    7347   1.0000000000E+00
    7348   1.0000000000E+00
    7349   1.0000000000E+00
    7350   1.0000000000E+00
    7351   1.0000000000E+00
    7352   1.0000000000E+00
    7353   1.0000000000E+00
    7354   1.0000000000E+00
    7355   1.0000000000E+00
    7356   1.0000000000E+00
    7357   1.0000000000E+00
    7358   1.0000000000E+00
    7359   1.0000000000E+00
    7360   1.0000000000E+00
    7361   1.0000000000E+00
    7362   1.0000000000E+00
    7363   1.0000000000E+00
    7364   1.0000000000E+00
    7365   1.0000000000E+00
    7366   1.0000000000E+00
    7367   1.0000000000E+00
    7368   1.0000000000E+00
    7369   1.0000000000E+00
    7370   1.0000000000E+00
    7371   1.0000000000E+00
    7372   1.0000000000E+00
    7373   1.0000000000E+00
    7374   1.0000000000E+00
    7375   1.0000000000E+00
    7376   1.0000000000E+00
    7377   1.0000000000E+00
    7378   1.0000000000E+00
    7379   1.0000000000E+00
    7380   1.0000000000E+00
    7381   1.0000000000E+00
    7382   1.0000000000E+00
    7383   1.0000000000E+00
    7384   1.0000000000E+00
    7385   1.0000000000E+00
    7386   1.0000000000E+00
    7387   1.0000000000E+00
    7388   1.0000000000E+00
    7389   1.0000000000E+00
    7390   1.0000000000E+00
    7391   1.0000000000E+00
    7392   1.0000000000E+00
    7393   1.0000000000E+00
    7394   1.0000000000E+00
    7395   1.0000000000E+00
    7396   1.0000000000E+00
    7397   1.0000000000E+00
    7398   1.0000000000E+00
    7399   1.0000000000E+00
    7400   1.0000000000E+00
    7401   1.0000000000E+00
    7402   1.0000000000E+00
    7403   1.0000000000E+00
    7404   1.0000000000E+00
    7405   1.0000000000E+00
    7406   1.0000000000E+00
    7407   1.0000000000E+00
    7408   1.0000000000E+00
    7409   1.0000000000E+00
    7410   1.0000000000E+00
    7411   1.0000000000E+00
    7412   1.0000000000E+00
    7413   1.0000000000E+00
    7414   1.0000000000E+00
    7415   1.0000000000E+00
    7416   1.0000000000E+00
    7417   1.0000000000E+00
    7418   1.0000000000E+00
    7419   1.0000000000E+00
    7420   1.0000000000E+00
    7421   1.0000000000E+00
    7422   1.0000000000E+00
    7423   1.0000000000E+00
    7424   1.0000000000E+00
    7425   1.0000000000E+00
    7426   1.0000000000E+00
    7427   1.0000000000E+00
    7428   1.0000000000E+00
    7429   1.0000000000E+00
    7430   1.0000000000E+00
    7431   1.0000000000E+00
    7432   1.0000000000E+00
    7433   1.0000000000E+00
    7434   1.0000000000E+00
    7435   1.0000000000E+00
    7436   1.0000000000E+00
    7437   1.0000000000E+00
    7438   1.0000000000E+00
    7439   1.0000000000E+00
    7440   1.0000000000E+00
    7441   1.0000000000E+00
    7442   1.0000000000E+00
    7443   1.0000000000E+00
    7444   1.0000000000E+00
    7445   1.0000000000E+00
    7446   1.0000000000E+00
    7447   1.0000000000E+00
    7448   1.0000000000E+00
    7449   1.0000000000E+00
    7450   1.0000000000E+00
    7451   1.0000000000E+00
    7452   1.0000000000E+00
    7453   1.0000000000E+00
    7454   1.0000000000E+00
    7455   1.0000000000E+00
    7456   1.0000000000E+00
    7457   1.0000000000E+00
    7458   1.0000000000E+00
    7459   1.0000000000E+00
    7460   1.0000000000E+00
    7461   1.0000000000E+00
    7462   1.0000000000E+00
    7463   1.0000000000E+00
    7464   1.0000000000E+00
    7465   1.0000000000E+00
    7466   1.0000000000E+00
    7467   1.0000000000E+00
    7468   1.0000000000E+00
    7469   1.0000000000E+00
    7470   1.0000000000E+00
    7471   1.0000000000E+00
    7472   1.0000000000E+00
    7473   1.0000000000E+00
    7474   1.0000000000E+00
    7475   1.0000000000E+00
    7476   1.0000000000E+00
    7477   1.0000000000E+00
    7478   1.0000000000E+00
    7479   1.0000000000E+00
    7480   1.0000000000E+00
    7481   1.0000000000E+00
    7482   1.0000000000E+00
    7483   1.0000000000E+00
    7484   1.0000000000E+00
    7485   1.0000000000E+00
    7486   1.0000000000E+00
    7487   1.0000000000E+00
    7488   1.0000000000E+00
    7489   1.0000000000E+00
    7490   1.0000000000E+00
    7491   1.0000000000E+00
    7492   1.0000000000E+00
    7493   1.0000000000E+00
    7494   1.0000000000E+00
    7495   1.0000000000E+00
    7496   1.0000000000E+00
    7497   1.0000000000E+00
    7498   1.0000000000E+00
    7499   1.0000000000E+00
    7500   1.0000000000E+00
    7501   1.0000000000E+00
    7502   1.0000000000E+00
    7503   1.0000000000E+00
    7504   1.0000000000E+00
    7505   1.0000000000E+00
    7506   1.0000000000E+00
    7507   1.0000000000E+00
    7508   1.0000000000E+00
    7509   1.0000000000E+00
    7510   1.0000000000E+00
    7511   1.0000000000E+00
    7512   1.0000000000E+00
    7513   1.0000000000E+00
    7514   1.0000000000E+00
    7515   1.0000000000E+00
    7516   1.0000000000E+00
    7517   1.0000000000E+00
    7518   1.0000000000E+00
    7519   1.0000000000E+00
    7520   1.0000000000E+00
    7521   1.0000000000E+00
    7522   1.0000000000E+00
    7523   1.0000000000E+00
    7524   1.0000000000E+00
    7525   1.0000000000E+00
    7526   1.0000000000E+00
    7527   1.0000000000E+00
    7528   1.0000000000E+00
    7529   1.0000000000E+00
    7530   1.0000000000E+00
    7531   1.0000000000E+00
    7532   1.0000000000E+00
    7533   1.0000000000E+00
    7534   1.0000000000E+00
    7535   1.0000000000E+00
    7536   1.0000000000E+00
    7537   1.0000000000E+00
    7538   1.0000000000E+00
    7539   1.0000000000E+00
    7540   1.0000000000E+00
    7541   1.0000000000E+00
    7542   1.0000000000E+00
    7543   1.0000000000E+00
    7544   1.0000000000E+00
    7545   1.0000000000E+00
    7546   1.0000000000E+00
    7547   1.0000000000E+00
    7548   1.0000000000E+00
    7549   1.0000000000E+00
    7550   1.0000000000E+00
    7551   1.0000000000E+00
    7552   1.0000000000E+00
    7553   1.0000000000E+00
    7554   1.0000000000E+00
    7555   1.0000000000E+00
    7556   1.0000000000E+00
    7557   1.0000000000E+00
    7558   1.0000000000E+00
    7559   1.0000000000E+00
    7560   1.0000000000E+00
    7561   1.0000000000E+00
    7562   1.0000000000E+00
    7563   1.0000000000E+00
    7564   1.0000000000E+00
    7565   1.0000000000E+00
    7566   1.0000000000E+00
    7567   1.0000000000E+00
    7568   1.0000000000E+00
    7569   1.0000000000E+00
    7570   1.0000000000E+00
    7571   1.0000000000E+00
    7572   1.0000000000E+00
    7573   1.0000000000E+00
    7574   1.0000000000E+00
    7575   1.0000000000E+00
    7576   1.0000000000E+00
    7577   1.0000000000E+00
    7578   1.0000000000E+00
    7579   1.0000000000E+00
    7580   1.0000000000E+00
    7581   1.0000000000E+00
    7582   1.0000000000E+00
    7583   1.0000000000E+00
    7584   1.0000000000E+00
    7585   1.0000000000E+00
    7586   1.0000000000E+00
    7587   1.0000000000E+00
    7588   1.0000000000E+00
    7589   1.0000000000E+00
    7590   1.0000000000E+00
    7591   1.0000000000E+00
    7592   1.0000000000E+00
    7593   1.0000000000E+00
    7594   1.0000000000E+00
    7595   1.0000000000E+00
    7596   1.0000000000E+00
    7597   1.0000000000E+00
    7598   1.0000000000E+00
    7599   1.0000000000E+00
    7600   1.0000000000E+00
    7601   1.0000000000E+00
    7602   1.0000000000E+00
    7603   1.0000000000E+00
    7604   1.0000000000E+00
    7605   1.0000000000E+00
    7606   1.0000000000E+00
    7607   1.0000000000E+00
    7608   1.0000000000E+00
    7609   1.0000000000E+00
    7610   1.0000000000E+00
    7611   1.0000000000E+00
    7612   1.0000000000E+00
    7613   1.0000000000E+00
    7614   1.0000000000E+00
    7615   1.0000000000E+00
    7616   1.0000000000E+00
    7617   1.0000000000E+00
    7618   1.0000000000E+00
    7619   1.0000000000E+00
    7620   1.0000000000E+00
    7621   1.0000000000E+00
    7622   1.0000000000E+00
    7623   1.0000000000E+00
    7624   1.0000000000E+00
    7625   1.0000000000E+00
    7626   1.0000000000E+00
    7627   1.0000000000E+00
    7628   1.0000000000E+00
    7629   1.0000000000E+00
    7630   1.0000000000E+00
    7631   1.0000000000E+00
    7632   1.0000000000E+00
    7633   1.0000000000E+00
    7634   1.0000000000E+00
    7635   1.0000000000E+00
    7636   1.0000000000E+00
    7637   1.0000000000E+00
    7638   1.0000000000E+00
    7639   1.0000000000E+00
    7640   1.0000000000E+00
    7641   1.0000000000E+00
    7642   1.0000000000E+00
    7643   1.0000000000E+00
    7644   1.0000000000E+00
    7645   1.0000000000E+00
    7646   1.0000000000E+00
    7647   1.0000000000E+00
    7648   1.0000000000E+00
    7649   1.0000000000E+00
    7650   1.0000000000E+00
    7651   1.0000000000E+00
    7652   1.0000000000E+00
    7653   1.0000000000E+00
    7654   1.0000000000E+00
    7655   1.0000000000E+00
    7656   1.0000000000E+00
    7657   1.0000000000E+00
    7658   1.0000000000E+00
    7659   1.0000000000E+00
    7660   1.0000000000E+00
    7661   1.0000000000E+00
    7662   1.0000000000E+00
    7663   1.0000000000E+00
    7664   1.0000000000E+00
    7665   1.0000000000E+00
    7666   1.0000000000E+00
    7667   1.0000000000E+00
    7668   1.0000000000E+00
    7669   1.0000000000E+00
    7670   1.0000000000E+00
    7671   1.0000000000E+00
    7672   1.0000000000E+00
    7673   1.0000000000E+00
    7674   1.0000000000E+00
    7675   1.0000000000E+00
    7676   1.0000000000E+00
    7677   1.0000000000E+00
    7678   1.0000000000E+00
    7679   1.0000000000E+00
    7680   1.0000000000E+00
    7681   1.0000000000E+00
    7682   1.0000000000E+00
    7683   1.0000000000E+00
    7684   1.0000000000E+00
    7685   1.0000000000E+00
    7686   1.0000000000E+00
    7687   1.0000000000E+00
    7688   1.0000000000E+00
    7689   1.0000000000E+00
    7690   1.0000000000E+00
    7691   1.0000000000E+00
    7692   1.0000000000E+00
    7693   1.0000000000E+00
    7694   1.0000000000E+00
    7695   1.0000000000E+00
    7696   1.0000000000E+00
    7697   1.0000000000E+00
    7698   1.0000000000E+00
    7699   1.0000000000E+00
    7700   1.0000000000E+00
    7701   1.0000000000E+00
    7702   1.0000000000E+00
    7703   1.0000000000E+00
    7704   1.0000000000E+00
    7705   1.0000000000E+00
    7706   1.0000000000E+00
    7707   1.0000000000E+00
    7708   1.0000000000E+00
    7709   1.0000000000E+00
    7710   1.0000000000E+00
    7711   1.0000000000E+00
    7712   1.0000000000E+00
    7713   1.0000000000E+00
    7714   1.0000000000E+00
    7715   1.0000000000E+00
    7716   1.0000000000E+00
    7717   1.0000000000E+00
    7718   1.0000000000E+00
    7719   1.0000000000E+00
    7720   1.0000000000E+00
    7721   1.0000000000E+00
    7722   1.0000000000E+00
    7723   1.0000000000E+00
    7724   1.0000000000E+00
    7725   1.0000000000E+00
    7726   1.0000000000E+00
    7727   1.0000000000E+00
    7728   1.0000000000E+00
    7729   1.0000000000E+00
    7730   1.0000000000E+00
    7731   1.0000000000E+00
    7732   1.0000000000E+00
    7733   1.0000000000E+00
    7734   1.0000000000E+00
    7735   1.0000000000E+00
    7736   1.0000000000E+00
    7737   1.0000000000E+00
    7738   1.0000000000E+00
    7739   1.0000000000E+00
    7740   1.0000000000E+00
    7741   1.0000000000E+00
    7742   1.0000000000E+00
    7743   1.0000000000E+00
    7744   1.0000000000E+00
    7745   1.0000000000E+00
    7746   1.0000000000E+00
    7747   1.0000000000E+00
    7748   1.0000000000E+00
    7749   1.0000000000E+00
    7750   1.0000000000E+00
    7751   1.0000000000E+00
    7752   1.0000000000E+00
    7753   1.0000000000E+00
    7754   1.0000000000E+00
    7755   1.0000000000E+00
    7756   1.0000000000E+00
    7757   1.0000000000E+00
    7758   1.0000000000E+00
    7759   1.0000000000E+00
    7760   1.0000000000E+00
    7761   1.0000000000E+00
    7762   1.0000000000E+00
    7763   1.0000000000E+00
    7764   1.0000000000E+00
    7765   1.0000000000E+00
    7766   1.0000000000E+00
    7767   1.0000000000E+00
    7768   1.0000000000E+00
    7769   1.0000000000E+00
    7770   1.0000000000E+00
    7771   1.0000000000E+00
    7772   1.0000000000E+00
    7773   1.0000000000E+00
    7774   1.0000000000E+00
    7775   1.0000000000E+00
    7776   1.0000000000E+00
    7777   1.0000000000E+00
    7778   1.0000000000E+00
    7779   1.0000000000E+00
    7780   1.0000000000E+00
    7781   1.0000000000E+00
    7782   1.0000000000E+00
    7783   1.0000000000E+00
    7784   1.0000000000E+00
    7785   1.0000000000E+00
    7786   1.0000000000E+00
    7787   1.0000000000E+00
    7788   1.0000000000E+00
    7789   1.0000000000E+00
    7790   1.0000000000E+00
    7791   1.0000000000E+00
    7792   1.0000000000E+00
    7793   1.0000000000E+00
    7794   1.0000000000E+00
    7795   1.0000000000E+00
    7796   1.0000000000E+00
    7797   1.0000000000E+00
    7798   1.0000000000E+00
    7799   1.0000000000E+00
    7800   1.0000000000E+00
    7801   1.0000000000E+00
    7802   1.0000000000E+00
    7803   1.0000000000E+00
    7804   1.0000000000E+00
    7805   1.0000000000E+00
    7806   1.0000000000E+00
    7807   1.0000000000E+00
    7808   1.0000000000E+00
    7809   1.0000000000E+00
    7810   1.0000000000E+00
    7811   1.0000000000E+00
    7812   1.0000000000E+00
    7813   1.0000000000E+00
    7814   1.0000000000E+00
    7815   1.0000000000E+00
    7816   1.0000000000E+00
    7817   1.0000000000E+00
    7818   1.0000000000E+00
    7819   1.0000000000E+00
    7820   1.0000000000E+00
    7821   1.0000000000E+00
    7822   1.0000000000E+00
    7823   1.0000000000E+00
    7824   1.0000000000E+00
    7825   1.0000000000E+00
    7826   1.0000000000E+00
    7827   1.0000000000E+00
    7828   1.0000000000E+00
    7829   1.0000000000E+00
    7830   1.0000000000E+00
    7831   1.0000000000E+00
    7832   1.0000000000E+00
    7833   1.0000000000E+00
    7834   1.0000000000E+00
    7835   1.0000000000E+00
    7836   1.0000000000E+00
    7837   1.0000000000E+00
    7838   1.0000000000E+00
    7839   1.0000000000E+00
    7840   1.0000000000E+00
    7841   1.0000000000E+00
    7842   1.0000000000E+00
    7843   1.0000000000E+00
    7844   1.0000000000E+00
    7845   1.0000000000E+00
    7846   1.0000000000E+00
    7847   1.0000000000E+00
    7848   1.0000000000E+00
    7849   1.0000000000E+00
    7850   1.0000000000E+00
    7851   1.0000000000E+00
    7852   1.0000000000E+00
    7853   1.0000000000E+00
    7854   1.0000000000E+00
    7855   1.0000000000E+00
    7856   1.0000000000E+00
    7857   1.0000000000E+00
    7858   1.0000000000E+00
    7859   1.0000000000E+00
    7860   1.0000000000E+00
    7861   1.0000000000E+00
    7862   1.0000000000E+00
    7863   1.0000000000E+00
    7864   1.0000000000E+00
    7865   1.0000000000E+00
    7866   1.0000000000E+00
    7867   1.0000000000E+00
    7868   1.0000000000E+00
    7869   1.0000000000E+00
    7870   1.0000000000E+00
    7871   1.0000000000E+00
    7872   1.0000000000E+00
    7873   1.0000000000E+00
    7874   1.0000000000E+00
    7875   1.0000000000E+00
    7876   1.0000000000E+00
    7877   1.0000000000E+00
    7878   1.0000000000E+00
    7879   1.0000000000E+00
    7880   1.0000000000E+00
    7881   1.0000000000E+00
    7882   1.0000000000E+00
    7883   1.0000000000E+00
    7884   1.0000000000E+00
    7885   1.0000000000E+00
    7886   1.0000000000E+00
    7887   1.0000000000E+00
    7888   1.0000000000E+00
    7889   1.0000000000E+00
    7890   1.0000000000E+00
    7891   1.0000000000E+00
    7892   1.0000000000E+00
    7893   1.0000000000E+00
    7894   1.0000000000E+00
    7895   1.0000000000E+00
    7896   1.0000000000E+00
    7897   1.0000000000E+00
    7898   1.0000000000E+00
    7899   1.0000000000E+00
    7900   1.0000000000E+00
    7901   1.0000000000E+00
    7902   1.0000000000E+00
    7903   1.0000000000E+00
    7904   1.0000000000E+00
    7905   1.0000000000E+00
    7906   1.0000000000E+00
    7907   1.0000000000E+00
    7908   1.0000000000E+00
    7909   1.0000000000E+00
    7910   1.0000000000E+00
    7911   1.0000000000E+00
    7912   1.0000000000E+00
    7913   1.0000000000E+00
    7914   1.0000000000E+00
    7915   1.0000000000E+00
    7916   1.0000000000E+00
    7917   1.0000000000E+00
    7918   1.0000000000E+00
    7919   1.0000000000E+00
    7920   1.0000000000E+00
    7921   1.0000000000E+00
    7922   1.0000000000E+00
    7923   1.0000000000E+00
    7924   1.0000000000E+00
    7925   1.0000000000E+00
    7926   1.0000000000E+00
    7927   1.0000000000E+00
    7928   1.0000000000E+00
    7929   1.0000000000E+00
    7930   1.0000000000E+00
    7931   1.0000000000E+00
    7932   1.0000000000E+00
    7933   1.0000000000E+00
    7934   1.0000000000E+00
    7935   1.0000000000E+00
    7936   1.0000000000E+00
    7937   1.0000000000E+00
    7938   1.0000000000E+00
    7939   1.0000000000E+00
    7940   1.0000000000E+00
    7941   1.0000000000E+00
    7942   1.0000000000E+00
    7943   1.0000000000E+00
    7944   1.0000000000E+00
    7945   1.0000000000E+00
    7946   1.0000000000E+00
    7947   1.0000000000E+00
    7948   1.0000000000E+00
    7949   1.0000000000E+00
    7950   1.0000000000E+00
    7951   1.0000000000E+00
    7952   1.0000000000E+00
    7953   1.0000000000E+00
    7954   1.0000000000E+00
    7955   1.0000000000E+00
    7956   1.0000000000E+00
    7957   1.0000000000E+00
    7958   1.0000000000E+00
    7959   1.0000000000E+00
    7960   1.0000000000E+00
    7961   1.0000000000E+00
    7962   1.0000000000E+00
    7963   1.0000000000E+00
    7964   1.0000000000E+00
    7965   1.0000000000E+00
    7966   1.0000000000E+00
    7967   1.0000000000E+00
    7968   1.0000000000E+00
    7969   1.0000000000E+00
    7970   1.0000000000E+00
    7971   1.0000000000E+00
    7972   1.0000000000E+00
    7973   1.0000000000E+00
    7974   1.0000000000E+00
    7975   1.0000000000E+00
    7976   1.0000000000E+00
    7977   1.0000000000E+00
    7978   1.0000000000E+00
    7979   1.0000000000E+00
    7980   1.0000000000E+00
    7981   1.0000000000E+00
    7982   1.0000000000E+00
    7983   1.0000000000E+00
    7984   1.0000000000E+00
    7985   1.0000000000E+00
    7986   1.0000000000E+00
    7987   1.0000000000E+00
    7988   1.0000000000E+00
    7989   1.0000000000E+00
    7990   1.0000000000E+00
    7991   1.0000000000E+00
    7992   1.0000000000E+00
    7993   1.0000000000E+00
    7994   1.0000000000E+00
    7995   1.0000000000E+00
    7996   1.0000000000E+00
    7997   1.0000000000E+00
    7998   1.0000000000E+00
    7999   1.0000000000E+00
    8000   1.0000000000E+00
    8001   1.0000000000E+00
    8002   1.0000000000E+00
    8003   1.0000000000E+00
    8004   1.0000000000E+00
    8005   1.0000000000E+00
    8006   1.0000000000E+00
    8007   1.0000000000E+00
    8008   1.0000000000E+00
    8009   1.0000000000E+00
    8010   1.0000000000E+00
    8011   1.0000000000E+00
    8012   1.0000000000E+00
    8013   1.0000000000E+00
    8014   1.0000000000E+00
    8015   1.0000000000E+00
    8016   1.0000000000E+00
    8017   1.0000000000E+00
    8018   1.0000000000E+00
    8019   1.0000000000E+00
    8020   1.0000000000E+00
    8021   1.0000000000E+00
    8022   1.0000000000E+00
    8023   1.0000000000E+00
    8024   1.0000000000E+00
    8025   1.0000000000E+00
    8026   1.0000000000E+00
    8027   1.0000000000E+00
    8028   1.0000000000E+00
    8029   1.0000000000E+00
    8030   1.0000000000E+00
    8031   1.0000000000E+00
    8032   1.0000000000E+00
    8033   1.0000000000E+00
    8034   1.0000000000E+00
    8035   1.0000000000E+00
    8036   1.0000000000E+00
    8037   1.0000000000E+00
    8038   1.0000000000E+00
    8039   1.0000000000E+00
    8040   1.0000000000E+00
    8041   1.0000000000E+00
    8042   1.0000000000E+00
    8043   1.0000000000E+00
    8044   1.0000000000E+00
    8045   1.0000000000E+00
    8046   1.0000000000E+00
    8047   1.0000000000E+00
    8048   1.0000000000E+00
    8049   1.0000000000E+00
    8050   1.0000000000E+00
    8051   1.0000000000E+00
    8052   1.0000000000E+00
    8053   1.0000000000E+00
    8054   1.0000000000E+00
    8055   1.0000000000E+00
    8056   1.0000000000E+00
    8057   1.0000000000E+00
    8058   1.0000000000E+00
    8059   1.0000000000E+00
    8060   1.0000000000E+00
    8061   1.0000000000E+00
    8062   1.0000000000E+00
    8063   1.0000000000E+00
    8064   1.0000000000E+00
    8065   1.0000000000E+00
    8066   1.0000000000E+00
    8067   1.0000000000E+00
    8068   1.0000000000E+00
    8069   1.0000000000E+00
    8070   1.0000000000E+00
    8071   1.0000000000E+00
    8072   1.0000000000E+00
    8073   1.0000000000E+00
    8074   1.0000000000E+00
    8075   1.0000000000E+00
    8076   1.0000000000E+00
    8077   1.0000000000E+00
    8078   1.0000000000E+00
    8079   1.0000000000E+00
    8080   1.0000000000E+00
    8081   1.0000000000E+00
    8082   1.0000000000E+00
    8083   1.0000000000E+00
    8084   1.0000000000E+00
    8085   1.0000000000E+00
    8086   1.0000000000E+00
    8087   1.0000000000E+00
    8088   1.0000000000E+00
    8089   1.0000000000E+00
    8090   1.0000000000E+00
    8091   1.0000000000E+00
    8092   1.0000000000E+00
    8093   1.0000000000E+00
    8094   1.0000000000E+00
    8095   1.0000000000E+00
    8096   1.0000000000E+00
    8097   1.0000000000E+00
    8098   1.0000000000E+00
    8099   1.0000000000E+00
    8100   1.0000000000E+00
    8101   1.0000000000E+00
    8102   1.0000000000E+00
    8103   1.0000000000E+00
    8104   1.0000000000E+00
    8105   1.0000000000E+00
    8106   1.0000000000E+00
    8107   1.0000000000E+00
    8108   1.0000000000E+00
    8109   1.0000000000E+00
    8110   1.0000000000E+00
    8111   1.0000000000E+00
    8112   1.0000000000E+00
    8113   1.0000000000E+00
    8114   1.0000000000E+00
    8115   1.0000000000E+00
    8116   1.0000000000E+00
    8117   1.0000000000E+00
    8118   1.0000000000E+00
    8119   1.0000000000E+00
    8120   1.0000000000E+00
    8121   1.0000000000E+00
    8122   1.0000000000E+00
    8123   1.0000000000E+00
    8124   1.0000000000E+00
    8125   1.0000000000E+00
    8126   1.0000000000E+00
    8127   1.0000000000E+00
    8128   1.0000000000E+00
    8129   1.0000000000E+00
    8130   1.0000000000E+00
    8131   1.0000000000E+00
    8132   1.0000000000E+00
    8133   1.0000000000E+00
    8134   1.0000000000E+00
    8135   1.0000000000E+00
    8136   1.0000000000E+00
    8137   1.0000000000E+00
    8138   1.0000000000E+00
    8139   1.0000000000E+00
    8140   1.0000000000E+00
    8141   1.0000000000E+00
    8142   1.0000000000E+00
    8143   1.0000000000E+00
    8144   1.0000000000E+00
    8145   1.0000000000E+00
    8146   1.0000000000E+00
    8147   1.0000000000E+00
    8148   1.0000000000E+00
    8149   1.0000000000E+00
    8150   1.0000000000E+00
    8151   1.0000000000E+00
    8152   1.0000000000E+00
    8153   1.0000000000E+00
    8154   1.0000000000E+00
    8155   1.0000000000E+00
    8156   1.0000000000E+00
    8157   1.0000000000E+00
    8158   1.0000000000E+00
    8159   1.0000000000E+00
    8160   1.0000000000E+00
    8161   1.0000000000E+00
    8162   1.0000000000E+00
    8163   1.0000000000E+00
    8164   1.0000000000E+00
    8165   1.0000000000E+00
    8166   1.0000000000E+00
    8167   1.0000000000E+00
    8168   1.0000000000E+00
    8169   1.0000000000E+00
    8170   1.0000000000E+00
    8171   1.0000000000E+00
    8172   1.0000000000E+00
    8173   1.0000000000E+00
    8174   1.0000000000E+00
    8175   1.0000000000E+00
    8176   1.0000000000E+00
    8177   1.0000000000E+00
    8178   1.0000000000E+00
    8179   1.0000000000E+00
    8180   1.0000000000E+00
    8181   1.0000000000E+00
    8182   1.0000000000E+00
    8183   1.0000000000E+00
    8184   1.0000000000E+00
    8185   1.0000000000E+00
    8186   1.0000000000E+00
    8187   1.0000000000E+00
    8188   1.0000000000E+00
    8189   1.0000000000E+00
    8190   1.0000000000E+00
    8191   1.0000000000E+00
    8192   1.0000000000E+00
    8193   1.0000000000E+00
    8194   1.0000000000E+00
    8195   1.0000000000E+00
    8196   1.0000000000E+00
    8197   1.0000000000E+00
    8198   1.0000000000E+00
    8199   1.0000000000E+00
    8200   1.0000000000E+00
    8201   1.0000000000E+00
    8202   1.0000000000E+00
    8203   1.0000000000E+00
    8204   1.0000000000E+00
    8205   1.0000000000E+00
    8206   1.0000000000E+00
    8207   1.0000000000E+00
    8208   1.0000000000E+00
    8209   1.0000000000E+00
    8210   1.0000000000E+00
    8211   1.0000000000E+00
    8212   1.0000000000E+00
    8213   1.0000000000E+00
    8214   1.0000000000E+00
    8215   1.0000000000E+00
    8216   1.0000000000E+00
    8217   1.0000000000E+00
    8218   1.0000000000E+00
    8219   1.0000000000E+00
    8220   1.0000000000E+00
    8221   1.0000000000E+00
    8222   1.0000000000E+00
    8223   1.0000000000E+00
    8224   1.0000000000E+00
    8225   1.0000000000E+00
    8226   1.0000000000E+00
    8227   1.0000000000E+00
    8228   1.0000000000E+00
    8229   1.0000000000E+00
    8230   1.0000000000E+00
    8231   1.0000000000E+00
    8232   1.0000000000E+00
    8233   1.0000000000E+00
    8234   1.0000000000E+00
    8235   1.0000000000E+00
    8236   1.0000000000E+00
    8237   1.0000000000E+00
    8238   1.0000000000E+00
    8239   1.0000000000E+00
    8240   1.0000000000E+00
    8241   1.0000000000E+00
    8242   1.0000000000E+00
    8243   1.0000000000E+00
    8244   1.0000000000E+00
    8245   1.0000000000E+00
    8246   1.0000000000E+00
    8247   1.0000000000E+00
    8248   1.0000000000E+00
    8249   1.0000000000E+00
    8250   1.0000000000E+00
    8251   1.0000000000E+00
    8252   1.0000000000E+00
    8253   1.0000000000E+00
    8254   1.0000000000E+00
    8255   1.0000000000E+00
    8256   1.0000000000E+00
    8257   1.0000000000E+00
    8258   1.0000000000E+00
    8259   1.0000000000E+00
    8260   1.0000000000E+00
    8261   1.0000000000E+00
    8262   1.0000000000E+00
    8263   1.0000000000E+00
    8264   1.0000000000E+00
    8265   1.0000000000E+00
    8266   1.0000000000E+00
    8267   1.0000000000E+00
    8268   1.0000000000E+00
    8269   1.0000000000E+00
    8270   1.0000000000E+00
    8271   1.0000000000E+00
    8272   1.0000000000E+00
    8273   1.0000000000E+00
    8274   1.0000000000E+00
    8275   1.0000000000E+00
    8276   1.0000000000E+00
    8277   1.0000000000E+00
    8278   1.0000000000E+00
    8279   1.0000000000E+00
    8280   1.0000000000E+00
    8281   1.0000000000E+00
    8282   1.0000000000E+00
    8283   1.0000000000E+00
    8284   1.0000000000E+00
    8285   1.0000000000E+00
    8286   1.0000000000E+00
    8287   1.0000000000E+00
    8288   1.0000000000E+00
    8289   1.0000000000E+00
    8290   1.0000000000E+00
    8291   1.0000000000E+00
    8292   1.0000000000E+00
    8293   1.0000000000E+00
    8294   1.0000000000E+00
    8295   1.0000000000E+00
    8296   1.0000000000E+00
    8297   1.0000000000E+00
    8298   1.0000000000E+00
    8299   1.0000000000E+00
    8300   1.0000000000E+00
    8301   1.0000000000E+00
    8302   1.0000000000E+00
    8303   1.0000000000E+00
    8304   1.0000000000E+00
    8305   1.0000000000E+00
    8306   1.0000000000E+00
    8307   1.0000000000E+00
    8308   1.0000000000E+00
    8309   1.0000000000E+00
    8310   1.0000000000E+00
    8311   1.0000000000E+00
    8312   1.0000000000E+00
    8313   1.0000000000E+00
    8314   1.0000000000E+00
    8315   1.0000000000E+00
    8316   1.0000000000E+00
    8317   1.0000000000E+00
    8318   1.0000000000E+00
    8319   1.0000000000E+00
    8320   1.0000000000E+00
    8321   1.0000000000E+00
    8322   1.0000000000E+00
    8323   1.0000000000E+00
    8324   1.0000000000E+00
    8325   1.0000000000E+00
    8326   1.0000000000E+00
    8327   1.0000000000E+00
    8328   1.0000000000E+00
    8329   1.0000000000E+00
    8330   1.0000000000E+00
    8331   1.0000000000E+00
    8332   1.0000000000E+00
    8333   1.0000000000E+00
    8334   1.0000000000E+00
    8335   1.0000000000E+00
    8336   1.0000000000E+00
    8337   1.0000000000E+00
    8338   1.0000000000E+00
    8339   1.0000000000E+00
    8340   1.0000000000E+00
    8341   1.0000000000E+00
    8342   1.0000000000E+00
    8343   1.0000000000E+00
    8344   1.0000000000E+00
    8345   1.0000000000E+00
    8346   1.0000000000E+00
    8347   1.0000000000E+00
    8348   1.0000000000E+00
    8349   1.0000000000E+00
    8350   1.0000000000E+00
    8351   1.0000000000E+00
    8352   1.0000000000E+00
    8353   1.0000000000E+00
    8354   1.0000000000E+00
    8355   1.0000000000E+00
    8356   1.0000000000E+00
    8357   1.0000000000E+00
    8358   1.0000000000E+00
    8359   1.0000000000E+00
    8360   1.0000000000E+00
    8361   1.0000000000E+00
    8362   1.0000000000E+00
    8363   1.0000000000E+00
    8364   1.0000000000E+00
    8365   1.0000000000E+00
    8366   1.0000000000E+00
    8367   1.0000000000E+00
    8368   1.0000000000E+00
    8369   1.0000000000E+00
    8370   1.0000000000E+00
    8371   1.0000000000E+00
    8372   1.0000000000E+00
    8373   1.0000000000E+00
    8374   1.0000000000E+00
    8375   1.0000000000E+00
    8376   1.0000000000E+00
    8377   1.0000000000E+00
    8378   1.0000000000E+00
    8379   1.0000000000E+00
    8380   1.0000000000E+00
    8381   1.0000000000E+00
    8382   1.0000000000E+00
    8383   1.0000000000E+00
    8384   1.0000000000E+00
    8385   1.0000000000E+00
    8386   1.0000000000E+00
    8387   1.0000000000E+00
    8388   1.0000000000E+00
    8389   1.0000000000E+00
    8390   1.0000000000E+00
    8391   1.0000000000E+00
    8392   1.0000000000E+00
    8393   1.0000000000E+00
    8394   1.0000000000E+00
    8395   1.0000000000E+00
    8396   1.0000000000E+00
    8397   1.0000000000E+00
    8398   1.0000000000E+00
    8399   1.0000000000E+00
    8400   1.0000000000E+00
    8401   1.0000000000E+00
    8402   1.0000000000E+00
    8403   1.0000000000E+00
    8404   1.0000000000E+00
    8405   1.0000000000E+00
    8406   1.0000000000E+00
    8407   1.0000000000E+00
    8408   1.0000000000E+00
    8409   1.0000000000E+00
    8410   1.0000000000E+00
    8411   1.0000000000E+00
    8412   1.0000000000E+00
    8413   1.0000000000E+00
    8414   1.0000000000E+00
    8415   1.0000000000E+00
    8416   1.0000000000E+00
    8417   1.0000000000E+00
    8418   1.0000000000E+00
    8419   1.0000000000E+00
    8420   1.0000000000E+00
    8421   1.0000000000E+00
    8422   1.0000000000E+00
    8423   1.0000000000E+00
    8424   1.0000000000E+00
    8425   1.0000000000E+00
    8426   1.0000000000E+00
    8427   1.0000000000E+00
    8428   1.0000000000E+00
    8429   1.0000000000E+00
    8430   1.0000000000E+00
    8431   1.0000000000E+00
    8432   1.0000000000E+00
    8433   1.0000000000E+00
    8434   1.0000000000E+00
    8435   1.0000000000E+00
    8436   1.0000000000E+00
    8437   1.0000000000E+00
    8438   1.0000000000E+00
    8439   1.0000000000E+00
    8440   1.0000000000E+00
    8441   1.0000000000E+00
    8442   1.0000000000E+00
    8443   1.0000000000E+00
    8444   1.0000000000E+00
    8445   1.0000000000E+00
    8446   1.0000000000E+00
    8447   1.0000000000E+00
    8448   1.0000000000E+00
    8449   1.0000000000E+00
    8450   1.0000000000E+00
    8451   1.0000000000E+00
    8452   1.0000000000E+00
    8453   1.0000000000E+00
    8454   1.0000000000E+00
    8455   1.0000000000E+00
    8456   1.0000000000E+00
    8457   1.0000000000E+00
    8458   1.0000000000E+00
    8459   1.0000000000E+00
    8460   1.0000000000E+00
    8461   1.0000000000E+00
    8462   1.0000000000E+00
    8463   1.0000000000E+00
    8464   1.0000000000E+00
    8465   1.0000000000E+00
    8466   1.0000000000E+00
    8467   1.0000000000E+00
    8468   1.0000000000E+00
    8469   1.0000000000E+00
    8470   1.0000000000E+00
    8471   1.0000000000E+00
    8472   1.0000000000E+00
    8473   1.0000000000E+00
    8474   1.0000000000E+00
    8475   1.0000000000E+00
    8476   1.0000000000E+00
    8477   1.0000000000E+00
    8478   1.0000000000E+00
    8479   1.0000000000E+00
    8480   1.0000000000E+00
    8481   1.0000000000E+00
    8482   1.0000000000E+00
    8483   1.0000000000E+00
    8484   1.0000000000E+00
    8485   1.0000000000E+00
    8486   1.0000000000E+00
    8487   1.0000000000E+00
    8488   1.0000000000E+00
    8489   1.0000000000E+00
    8490   1.0000000000E+00
    8491   1.0000000000E+00
    8492   1.0000000000E+00
    8493   1.0000000000E+00
    8494   1.0000000000E+00
    8495   1.0000000000E+00
    8496   1.0000000000E+00
    8497   1.0000000000E+00
    8498   1.0000000000E+00
    8499   1.0000000000E+00
    8500   1.0000000000E+00
    8501   1.0000000000E+00
    8502   1.0000000000E+00
    8503   1.0000000000E+00
    8504   1.0000000000E+00
    8505   1.0000000000E+00
    8506   1.0000000000E+00
    8507   1.0000000000E+00
    8508   1.0000000000E+00
    8509   1.0000000000E+00
    8510   1.0000000000E+00
    8511   1.0000000000E+00
    8512   1.0000000000E+00
    8513   1.0000000000E+00
    8514   1.0000000000E+00
    8515   1.0000000000E+00
    8516   1.0000000000E+00
    8517   1.0000000000E+00
    8518   1.0000000000E+00
    8519   1.0000000000E+00
    8520   1.0000000000E+00
    8521   1.0000000000E+00
    8522   1.0000000000E+00
    8523   1.0000000000E+00
    8524   1.0000000000E+00
    8525   1.0000000000E+00
    8526   1.0000000000E+00
    8527   1.0000000000E+00
    8528   1.0000000000E+00
    8529   1.0000000000E+00
    8530   1.0000000000E+00
    8531   1.0000000000E+00
    8532   1.0000000000E+00
    8533   1.0000000000E+00
    8534   1.0000000000E+00
    8535   1.0000000000E+00
    8536   1.0000000000E+00
    8537   1.0000000000E+00
    8538   1.0000000000E+00
    8539   1.0000000000E+00
    8540   1.0000000000E+00
    8541   1.0000000000E+00
    8542   1.0000000000E+00
    8543   1.0000000000E+00
    8544   1.0000000000E+00
    8545   1.0000000000E+00
    8546   1.0000000000E+00
    8547   1.0000000000E+00
    8548   1.0000000000E+00
    8549   1.0000000000E+00
    8550   1.0000000000E+00
    8551   1.0000000000E+00
    8552   1.0000000000E+00
    8553   1.0000000000E+00
    8554   1.0000000000E+00
    8555   1.0000000000E+00
    8556   1.0000000000E+00
    8557   1.0000000000E+00
    8558   1.0000000000E+00
    8559   1.0000000000E+00
    8560   1.0000000000E+00
    8561   1.0000000000E+00
    8562   1.0000000000E+00
    8563   1.0000000000E+00
    8564   1.0000000000E+00
    8565   1.0000000000E+00
    8566   1.0000000000E+00
    8567   1.0000000000E+00
    8568   1.0000000000E+00
    8569   1.0000000000E+00
    8570   1.0000000000E+00
    8571   1.0000000000E+00
    8572   1.0000000000E+00
    8573   1.0000000000E+00
    8574   1.0000000000E+00
    8575   1.0000000000E+00
    8576   1.0000000000E+00
    8577   1.0000000000E+00
    8578   1.0000000000E+00
    8579   1.0000000000E+00
    8580   1.0000000000E+00
    8581   1.0000000000E+00
    8582   1.0000000000E+00
    8583   1.0000000000E+00
    8584   1.0000000000E+00
    8585   1.0000000000E+00
    8586   1.0000000000E+00
    8587   1.0000000000E+00
    8588   1.0000000000E+00
    8589   1.0000000000E+00
    8590   1.0000000000E+00
    8591   1.0000000000E+00
    8592   1.0000000000E+00
    8593   1.0000000000E+00
    8594   1.0000000000E+00
    8595   1.0000000000E+00
    8596   1.0000000000E+00
    8597   1.0000000000E+00
    8598   1.0000000000E+00
    8599   1.0000000000E+00
    8600   1.0000000000E+00
    8601   1.0000000000E+00
    8602   1.0000000000E+00
    8603   1.0000000000E+00
    8604   1.0000000000E+00
    8605   1.0000000000E+00
    8606   1.0000000000E+00
    8607   1.0000000000E+00
    8608   1.0000000000E+00
    8609   1.0000000000E+00
    8610   1.0000000000E+00
    8611   1.0000000000E+00
    8612   1.0000000000E+00
    8613   1.0000000000E+00
    8614   1.0000000000E+00
    8615   1.0000000000E+00
    8616   1.0000000000E+00
    8617   1.0000000000E+00
    8618   1.0000000000E+00
    8619   1.0000000000E+00
    8620   1.0000000000E+00
    8621   1.0000000000E+00
    8622   1.0000000000E+00
    8623   1.0000000000E+00
    8624   1.0000000000E+00
    8625   1.0000000000E+00
    8626   1.0000000000E+00
    8627   1.0000000000E+00
    8628   1.0000000000E+00
    8629   1.0000000000E+00
    8630   1.0000000000E+00
    8631   1.0000000000E+00
    8632   1.0000000000E+00
    8633   1.0000000000E+00
    8634   1.0000000000E+00
    8635   1.0000000000E+00
    8636   1.0000000000E+00
    8637   1.0000000000E+00
    8638   1.0000000000E+00
    8639   1.0000000000E+00
    8640   1.0000000000E+00
    8641   1.0000000000E+00
    8642   1.0000000000E+00
    8643   1.0000000000E+00
    8644   1.0000000000E+00
    8645   1.0000000000E+00
    8646   1.0000000000E+00
    8647   1.0000000000E+00
    8648   1.0000000000E+00
    8649   1.0000000000E+00
    8650   1.0000000000E+00
    8651   1.0000000000E+00
    8652   1.0000000000E+00
    8653   1.0000000000E+00
    8654   1.0000000000E+00
    8655   1.0000000000E+00
    8656   1.0000000000E+00
    8657   1.0000000000E+00
    8658   1.0000000000E+00
    8659   1.0000000000E+00
    8660   1.0000000000E+00
    8661   1.0000000000E+00
    8662   1.0000000000E+00
    8663   1.0000000000E+00
    8664   1.0000000000E+00
    8665   1.0000000000E+00
    8666   1.0000000000E+00
    8667   1.0000000000E+00
    8668   1.0000000000E+00
    8669   1.0000000000E+00
    8670   1.0000000000E+00
    8671   1.0000000000E+00
    8672   1.0000000000E+00
    8673   1.0000000000E+00
    8674   1.0000000000E+00
    8675   1.0000000000E+00
    8676   1.0000000000E+00
    8677   1.0000000000E+00
    8678   1.0000000000E+00
    8679   1.0000000000E+00
    8680   1.0000000000E+00
    8681   1.0000000000E+00
    8682   1.0000000000E+00
    8683   1.0000000000E+00
    8684   1.0000000000E+00
    8685   1.0000000000E+00
    8686   1.0000000000E+00
    8687   1.0000000000E+00
    8688   1.0000000000E+00
    8689   1.0000000000E+00
    8690   1.0000000000E+00
    8691   1.0000000000E+00
    8692   1.0000000000E+00
    8693   1.0000000000E+00
    8694   1.0000000000E+00
    8695   1.0000000000E+00
    8696   1.0000000000E+00
    8697   1.0000000000E+00
    8698   1.0000000000E+00
    8699   1.0000000000E+00
    8700   1.0000000000E+00
    8701   1.0000000000E+00
    8702   1.0000000000E+00
    8703   1.0000000000E+00
    8704   1.0000000000E+00
    8705   1.0000000000E+00
    8706   1.0000000000E+00
    8707   1.0000000000E+00
    8708   1.0000000000E+00
    8709   1.0000000000E+00
    8710   1.0000000000E+00
    8711   1.0000000000E+00
    8712   1.0000000000E+00
    8713   1.0000000000E+00
    8714   1.0000000000E+00
    8715   1.0000000000E+00
    8716   1.0000000000E+00
    8717   1.0000000000E+00
    8718   1.0000000000E+00
    8719   1.0000000000E+00
    8720   1.0000000000E+00
    8721   1.0000000000E+00
    8722   1.0000000000E+00
    8723   1.0000000000E+00
    8724   1.0000000000E+00
    8725   1.0000000000E+00
    8726   1.0000000000E+00
    8727   1.0000000000E+00
    8728   1.0000000000E+00
    8729   1.0000000000E+00
    8730   1.0000000000E+00
    8731   1.0000000000E+00
    8732   1.0000000000E+00
    8733   1.0000000000E+00
    8734   1.0000000000E+00
    8735   1.0000000000E+00
    8736   1.0000000000E+00
    8737   1.0000000000E+00
    8738   1.0000000000E+00
    8739   1.0000000000E+00
    8740   1.0000000000E+00
    8741   1.0000000000E+00
    8742   1.0000000000E+00
    8743   1.0000000000E+00
    8744   1.0000000000E+00
    8745   1.0000000000E+00
    8746   1.0000000000E+00
    8747   1.0000000000E+00
    8748   1.0000000000E+00
    8749   1.0000000000E+00
    8750   1.0000000000E+00
    8751   1.0000000000E+00
    8752   1.0000000000E+00
    8753   1.0000000000E+00
    8754   1.0000000000E+00
    8755   1.0000000000E+00
    8756   1.0000000000E+00
    8757   1.0000000000E+00
    8758   1.0000000000E+00
    8759   1.0000000000E+00
    8760   1.0000000000E+00
    8761   1.0000000000E+00
    8762   1.0000000000E+00
    8763   1.0000000000E+00
    8764   1.0000000000E+00
    8765   1.0000000000E+00
    8766   1.0000000000E+00
    8767   1.0000000000E+00
    8768   1.0000000000E+00
    8769   1.0000000000E+00
    8770   1.0000000000E+00
    8771   1.0000000000E+00
    8772   1.0000000000E+00
    8773   1.0000000000E+00
    8774   1.0000000000E+00
    8775   1.0000000000E+00
    8776   1.0000000000E+00
    8777   1.0000000000E+00
    8778   1.0000000000E+00
    8779   1.0000000000E+00
    8780   1.0000000000E+00
    8781   1.0000000000E+00
    8782   1.0000000000E+00
    8783   1.0000000000E+00
    8784   1.0000000000E+00
    8785   1.0000000000E+00
    8786   1.0000000000E+00
    8787   1.0000000000E+00
    8788   1.0000000000E+00
    8789   1.0000000000E+00
    8790   1.0000000000E+00
    8791   1.0000000000E+00
    8792   1.0000000000E+00
    8793   1.0000000000E+00
    8794   1.0000000000E+00
    8795   1.0000000000E+00
    8796   1.0000000000E+00
    8797   1.0000000000E+00
    8798   1.0000000000E+00
    8799   1.0000000000E+00
    8800   1.0000000000E+00
    8801   1.0000000000E+00
    8802   1.0000000000E+00
    8803   1.0000000000E+00
    8804   1.0000000000E+00
    8805   1.0000000000E+00
    8806   1.0000000000E+00
    8807   1.0000000000E+00
    8808   1.0000000000E+00
    8809   1.0000000000E+00
    8810   1.0000000000E+00
    8811   1.0000000000E+00
    8812   1.0000000000E+00
    8813   1.0000000000E+00
    8814   1.0000000000E+00
    8815   1.0000000000E+00
    8816   1.0000000000E+00
    8817   1.0000000000E+00
    8818   1.0000000000E+00
    8819   1.0000000000E+00
    8820   1.0000000000E+00
    8821   1.0000000000E+00
    8822   1.0000000000E+00
    8823   1.0000000000E+00
    8824   1.0000000000E+00
    8825   1.0000000000E+00
    8826   1.0000000000E+00
    8827   1.0000000000E+00
    8828   1.0000000000E+00
    8829   1.0000000000E+00
    8830   1.0000000000E+00
    8831   1.0000000000E+00
    8832   1.0000000000E+00
    8833   1.0000000000E+00
    8834   1.0000000000E+00
    8835   1.0000000000E+00
    8836   1.0000000000E+00
    8837   1.0000000000E+00
    8838   1.0000000000E+00
    8839   1.0000000000E+00
    8840   1.0000000000E+00
    8841   1.0000000000E+00
    8842   1.0000000000E+00
    8843   1.0000000000E+00
    8844   1.0000000000E+00
    8845   1.0000000000E+00
    8846   1.0000000000E+00
    8847   1.0000000000E+00
    8848   1.0000000000E+00
    8849   1.0000000000E+00
    8850   1.0000000000E+00
    8851   1.0000000000E+00
    8852   1.0000000000E+00
    8853   1.0000000000E+00
    8854   1.0000000000E+00
    8855   1.0000000000E+00
    8856   1.0000000000E+00
    8857   1.0000000000E+00
    8858   1.0000000000E+00
    8859   1.0000000000E+00
    8860   1.0000000000E+00
    8861   1.0000000000E+00
    8862   1.0000000000E+00
    8863   1.0000000000E+00
    8864   1.0000000000E+00
    8865   1.0000000000E+00
    8866   1.0000000000E+00
    8867   1.0000000000E+00
    8868   1.0000000000E+00
    8869   1.0000000000E+00
    8870   1.0000000000E+00
    8871   1.0000000000E+00
    8872   1.0000000000E+00
    8873   1.0000000000E+00
    8874   1.0000000000E+00
    8875   1.0000000000E+00
    8876   1.0000000000E+00
    8877   1.0000000000E+00
    8878   1.0000000000E+00
    8879   1.0000000000E+00
    8880   1.0000000000E+00
    8881   1.0000000000E+00
    8882   1.0000000000E+00
    8883   1.0000000000E+00
    8884   1.0000000000E+00
    8885   1.0000000000E+00
    8886   1.0000000000E+00
    8887   1.0000000000E+00
    8888   1.0000000000E+00
    8889   1.0000000000E+00
    8890   1.0000000000E+00
    8891   1.0000000000E+00
    8892   1.0000000000E+00
    8893   1.0000000000E+00
    8894   1.0000000000E+00
    8895   1.0000000000E+00
    8896   1.0000000000E+00
    8897   1.0000000000E+00
    8898   1.0000000000E+00
    8899   1.0000000000E+00
    8900   1.0000000000E+00
    8901   1.0000000000E+00
    8902   1.0000000000E+00
    8903   1.0000000000E+00
    8904   1.0000000000E+00
    8905   1.0000000000E+00
    8906   1.0000000000E+00
    8907   1.0000000000E+00
    8908   1.0000000000E+00
    8909   1.0000000000E+00
    8910   1.0000000000E+00
    8911   1.0000000000E+00
    8912   1.0000000000E+00
    8913   1.0000000000E+00
    8914   1.0000000000E+00
    8915   1.0000000000E+00
    8916   1.0000000000E+00
    8917   1.0000000000E+00
    8918   1.0000000000E+00
    8919   1.0000000000E+00
    8920   1.0000000000E+00
    8921   1.0000000000E+00
    8922   1.0000000000E+00
    8923   1.0000000000E+00
    8924   1.0000000000E+00
    8925   1.0000000000E+00
    8926   1.0000000000E+00
    8927   1.0000000000E+00
    8928   1.0000000000E+00
    8929   1.0000000000E+00
    8930   1.0000000000E+00
    8931   1.0000000000E+00
    8932   1.0000000000E+00
    8933   1.0000000000E+00
    8934   1.0000000000E+00
    8935   1.0000000000E+00
    8936   1.0000000000E+00
    8937   1.0000000000E+00
    8938   1.0000000000E+00
    8939   1.0000000000E+00
    8940   1.0000000000E+00
    8941   1.0000000000E+00
    8942   1.0000000000E+00
    8943   1.0000000000E+00
    8944   1.0000000000E+00
    8945   1.0000000000E+00
    8946   1.0000000000E+00
    8947   1.0000000000E+00
    8948   1.0000000000E+00
    8949   1.0000000000E+00
    8950   1.0000000000E+00
    8951   1.0000000000E+00
    8952   1.0000000000E+00
    8953   1.0000000000E+00
    8954   1.0000000000E+00
    8955   1.0000000000E+00
    8956   1.0000000000E+00
    8957   1.0000000000E+00
    8958   1.0000000000E+00
    8959   1.0000000000E+00
    8960   1.0000000000E+00
    8961   1.0000000000E+00
    8962   1.0000000000E+00
    8963   1.0000000000E+00
    8964   1.0000000000E+00
    8965   1.0000000000E+00
    8966   1.0000000000E+00
    8967   1.0000000000E+00
    8968   1.0000000000E+00
    8969   1.0000000000E+00
    8970   1.0000000000E+00
    8971   1.0000000000E+00
    8972   1.0000000000E+00
    8973   1.0000000000E+00
    8974   1.0000000000E+00
    8975   1.0000000000E+00
    8976   1.0000000000E+00
    8977   1.0000000000E+00
    8978   1.0000000000E+00
    8979   1.0000000000E+00
    8980   1.0000000000E+00
    8981   1.0000000000E+00
    8982   1.0000000000E+00
    8983   1.0000000000E+00
    8984   1.0000000000E+00
    8985   1.0000000000E+00
    8986   1.0000000000E+00
    8987   1.0000000000E+00
    8988   1.0000000000E+00
    8989   1.0000000000E+00
    8990   1.0000000000E+00
    8991   1.0000000000E+00
    8992   1.0000000000E+00
    8993   1.0000000000E+00
    8994   1.0000000000E+00
    8995   1.0000000000E+00
    8996   1.0000000000E+00
    8997   1.0000000000E+00
    8998   1.0000000000E+00
    8999   1.0000000000E+00
    9000   1.0000000000E+00
    9001   1.0000000000E+00
    9002   1.0000000000E+00
    9003   1.0000000000E+00
    9004   1.0000000000E+00
    9005   1.0000000000E+00
    9006   1.0000000000E+00
    9007   1.0000000000E+00
    9008   1.0000000000E+00
    9009   1.0000000000E+00
    9010   1.0000000000E+00
    9011   1.0000000000E+00
    9012   1.0000000000E+00
    9013   1.0000000000E+00
    9014   1.0000000000E+00
    9015   1.0000000000E+00
    9016   1.0000000000E+00
    9017   1.0000000000E+00
    9018   1.0000000000E+00
    9019   1.0000000000E+00
    9020   1.0000000000E+00
    9021   1.0000000000E+00
    9022   1.0000000000E+00
    9023   1.0000000000E+00
    9024   1.0000000000E+00
    9025   1.0000000000E+00
    9026   1.0000000000E+00
    9027   1.0000000000E+00
    9028   1.0000000000E+00
    9029   1.0000000000E+00
    9030   1.0000000000E+00
    9031   1.0000000000E+00
    9032   1.0000000000E+00
    9033   1.0000000000E+00
    9034   1.0000000000E+00
    9035   1.0000000000E+00
    9036   1.0000000000E+00
    9037   1.0000000000E+00
    9038   1.0000000000E+00
    9039   1.0000000000E+00
    9040   1.0000000000E+00
    9041   1.0000000000E+00
    9042   1.0000000000E+00
    9043   1.0000000000E+00
    9044   1.0000000000E+00
    9045   1.0000000000E+00
    9046   1.0000000000E+00
    9047   1.0000000000E+00
    9048   1.0000000000E+00
    9049   1.0000000000E+00
    9050   1.0000000000E+00
    9051   1.0000000000E+00
    9052   1.0000000000E+00
    9053   1.0000000000E+00
    9054   1.0000000000E+00
    9055   1.0000000000E+00
    9056   1.0000000000E+00
    9057   1.0000000000E+00
    9058   1.0000000000E+00
    9059   1.0000000000E+00
    9060   1.0000000000E+00
    9061   1.0000000000E+00
    9062   1.0000000000E+00
    9063   1.0000000000E+00
    9064   1.0000000000E+00
    9065   1.0000000000E+00
    9066   1.0000000000E+00
    9067   1.0000000000E+00
    9068   1.0000000000E+00
    9069   1.0000000000E+00
    9070   1.0000000000E+00
    9071   1.0000000000E+00
    9072   1.0000000000E+00
    9073   1.0000000000E+00
    9074   1.0000000000E+00
    9075   1.0000000000E+00
    9076   1.0000000000E+00
    9077   1.0000000000E+00
    9078   1.0000000000E+00
    9079   1.0000000000E+00
    9080   1.0000000000E+00
    9081   1.0000000000E+00
    9082   1.0000000000E+00
    9083   1.0000000000E+00
    9084   1.0000000000E+00
    9085   1.0000000000E+00
    9086   1.0000000000E+00
    9087   1.0000000000E+00
    9088   1.0000000000E+00
    9089   1.0000000000E+00
    9090   1.0000000000E+00
    9091   1.0000000000E+00
    9092   1.0000000000E+00
    9093   1.0000000000E+00
    9094   1.0000000000E+00
    9095   1.0000000000E+00
    9096   1.0000000000E+00
    9097   1.0000000000E+00
    9098   1.0000000000E+00
    9099   1.0000000000E+00
    9100   1.0000000000E+00
    9101   1.0000000000E+00
    9102   1.0000000000E+00
    9103   1.0000000000E+00
    9104   1.0000000000E+00
    9105   1.0000000000E+00
    9106   1.0000000000E+00
    9107   1.0000000000E+00
    9108   1.0000000000E+00
    9109   1.0000000000E+00
    9110   1.0000000000E+00
    9111   1.0000000000E+00
    9112   1.0000000000E+00
    9113   1.0000000000E+00
    9114   1.0000000000E+00
    9115   1.0000000000E+00
    9116   1.0000000000E+00
    9117   1.0000000000E+00
    9118   1.0000000000E+00
    9119   1.0000000000E+00
    9120   1.0000000000E+00
    9121   1.0000000000E+00
    9122   1.0000000000E+00
    9123   1.0000000000E+00
    9124   1.0000000000E+00
    9125   1.0000000000E+00
    9126   1.0000000000E+00
    9127   1.0000000000E+00
    9128   1.0000000000E+00
    9129   1.0000000000E+00
    9130   1.0000000000E+00
    9131   1.0000000000E+00
    9132   1.0000000000E+00
    9133   1.0000000000E+00
    9134   1.0000000000E+00
    9135   1.0000000000E+00
    9136   1.0000000000E+00
    9137   1.0000000000E+00
    9138   1.0000000000E+00
    9139   1.0000000000E+00
    9140   1.0000000000E+00
    9141   1.0000000000E+00
    9142   1.0000000000E+00
    9143   1.0000000000E+00
    9144   1.0000000000E+00
    9145   1.0000000000E+00
    9146   1.0000000000E+00
    9147   1.0000000000E+00
    9148   1.0000000000E+00
    9149   1.0000000000E+00
    9150   1.0000000000E+00
    9151   1.0000000000E+00
    9152   1.0000000000E+00
    9153   1.0000000000E+00
    9154   1.0000000000E+00
    9155   1.0000000000E+00
    9156   1.0000000000E+00
    9157   1.0000000000E+00
    9158   1.0000000000E+00
    9159   1.0000000000E+00
    9160   1.0000000000E+00
    9161   1.0000000000E+00
    9162   1.0000000000E+00
    9163   1.0000000000E+00
    9164   1.0000000000E+00
    9165   1.0000000000E+00
    9166   1.0000000000E+00
    9167   1.0000000000E+00
    9168   1.0000000000E+00
    9169   1.0000000000E+00
    9170   1.0000000000E+00
    9171   1.0000000000E+00
    9172   1.0000000000E+00
    9173   1.0000000000E+00
    9174   1.0000000000E+00
    9175   1.0000000000E+00
    9176   1.0000000000E+00
    9177   1.0000000000E+00
    9178   1.0000000000E+00
    9179   1.0000000000E+00
    9180   1.0000000000E+00
    9181   1.0000000000E+00
    9182   1.0000000000E+00
    9183   1.0000000000E+00
    9184   1.0000000000E+00
    9185   1.0000000000E+00
    9186   1.0000000000E+00
    9187   1.0000000000E+00
    9188   1.0000000000E+00
    9189   1.0000000000E+00
    9190   1.0000000000E+00
    9191   1.0000000000E+00
    9192   1.0000000000E+00
    9193   1.0000000000E+00
    9194   1.0000000000E+00
    9195   1.0000000000E+00
    9196   1.0000000000E+00
    9197   1.0000000000E+00
    9198   1.0000000000E+00
    9199   1.0000000000E+00
    9200   1.0000000000E+00
    9201   1.0000000000E+00
    9202   1.0000000000E+00
    9203   1.0000000000E+00
    9204   1.0000000000E+00
    9205   1.0000000000E+00
    9206   1.0000000000E+00
    9207   1.0000000000E+00
    9208   1.0000000000E+00
    9209   1.0000000000E+00
    9210   1.0000000000E+00
    9211   1.0000000000E+00
    9212   1.0000000000E+00
    9213   1.0000000000E+00
    9214   1.0000000000E+00
    9215   1.0000000000E+00
    9216   1.0000000000E+00
    9217   1.0000000000E+00
    9218   1.0000000000E+00
    9219   1.0000000000E+00
    9220   1.0000000000E+00
    9221   1.0000000000E+00
    9222   1.0000000000E+00
    9223   1.0000000000E+00
    9224   1.0000000000E+00
    9225   1.0000000000E+00
    9226   1.0000000000E+00
    9227   1.0000000000E+00
    9228   1.0000000000E+00
    9229   1.0000000000E+00
    9230   1.0000000000E+00
    9231   1.0000000000E+00
    9232   1.0000000000E+00
    9233   1.0000000000E+00
    9234   1.0000000000E+00
    9235   1.0000000000E+00
    9236   1.0000000000E+00
    9237   1.0000000000E+00
    9238   1.0000000000E+00
    9239   1.0000000000E+00
    9240   1.0000000000E+00
    9241   1.0000000000E+00
    9242   1.0000000000E+00
    9243   1.0000000000E+00
    9244   1.0000000000E+00
    9245   1.0000000000E+00
    9246   1.0000000000E+00
    9247   1.0000000000E+00
    9248   1.0000000000E+00
    9249   1.0000000000E+00
    9250   1.0000000000E+00
    9251   1.0000000000E+00
    9252   1.0000000000E+00
    9253   1.0000000000E+00
    9254   1.0000000000E+00
    9255   1.0000000000E+00
    9256   1.0000000000E+00
    9257   1.0000000000E+00
    9258   1.0000000000E+00
    9259   1.0000000000E+00
    9260   1.0000000000E+00
    9261   1.0000000000E+00
    9262   1.0000000000E+00
    9263   1.0000000000E+00
    9264   1.0000000000E+00
    9265   1.0000000000E+00
    9266   1.0000000000E+00
    9267   1.0000000000E+00
    9268   1.0000000000E+00
    9269   1.0000000000E+00
    9270   1.0000000000E+00
    9271   1.0000000000E+00
    9272   1.0000000000E+00
    9273   1.0000000000E+00
    9274   1.0000000000E+00
    9275   1.0000000000E+00
    9276   1.0000000000E+00
    9277   1.0000000000E+00
    9278   1.0000000000E+00
    9279   1.0000000000E+00
    9280   1.0000000000E+00
    9281   1.0000000000E+00
    9282   1.0000000000E+00
    9283   1.0000000000E+00
    9284   1.0000000000E+00
    9285   1.0000000000E+00
    9286   1.0000000000E+00
    9287   1.0000000000E+00
    9288   1.0000000000E+00
    9289   1.0000000000E+00
    9290   1.0000000000E+00
    9291   1.0000000000E+00
    9292   1.0000000000E+00
    9293   1.0000000000E+00
    9294   1.0000000000E+00
    9295   1.0000000000E+00
    9296   1.0000000000E+00
    9297   1.0000000000E+00
    9298   1.0000000000E+00
    9299   1.0000000000E+00
    9300   1.0000000000E+00
    9301   1.0000000000E+00
    9302   1.0000000000E+00
    9303   1.0000000000E+00
    9304   1.0000000000E+00
    9305   1.0000000000E+00
    9306   1.0000000000E+00
    9307   1.0000000000E+00
    9308   1.0000000000E+00
    9309   1.0000000000E+00
    9310   1.0000000000E+00
    9311   1.0000000000E+00
    9312   1.0000000000E+00
    9313   1.0000000000E+00
    9314   1.0000000000E+00
    9315   1.0000000000E+00
    9316   1.0000000000E+00
    9317   1.0000000000E+00
    9318   1.0000000000E+00
    9319   1.0000000000E+00
    9320   1.0000000000E+00
    9321   1.0000000000E+00
    9322   1.0000000000E+00
    9323   1.0000000000E+00
    9324   1.0000000000E+00
    9325   1.0000000000E+00
    9326   1.0000000000E+00
    9327   1.0000000000E+00
    9328   1.0000000000E+00
    9329   1.0000000000E+00
    9330   1.0000000000E+00
    9331   1.0000000000E+00
    9332   1.0000000000E+00
    9333   1.0000000000E+00
    9334   1.0000000000E+00
    9335   1.0000000000E+00
    9336   1.0000000000E+00
    9337   1.0000000000E+00
    9338   1.0000000000E+00
    9339   1.0000000000E+00
    9340   1.0000000000E+00
    9341   1.0000000000E+00
    9342   1.0000000000E+00
    9343   1.0000000000E+00
    9344   1.0000000000E+00
    9345   1.0000000000E+00
    9346   1.0000000000E+00
    9347   1.0000000000E+00
    9348   1.0000000000E+00
    9349   1.0000000000E+00
    9350   1.0000000000E+00
    9351   1.0000000000E+00
    9352   1.0000000000E+00
    9353   1.0000000000E+00
    9354   1.0000000000E+00
    9355   1.0000000000E+00
    9356   1.0000000000E+00
    9357   1.0000000000E+00
    9358   1.0000000000E+00
    9359   1.0000000000E+00
    9360   1.0000000000E+00
    9361   1.0000000000E+00
    9362   1.0000000000E+00
    9363   1.0000000000E+00
    9364   1.0000000000E+00
    9365   1.0000000000E+00
    9366   1.0000000000E+00
    9367   1.0000000000E+00
    9368   1.0000000000E+00
    9369   1.0000000000E+00
    9370   1.0000000000E+00
    9371   1.0000000000E+00
    9372   1.0000000000E+00
    9373   1.0000000000E+00
    9374   1.0000000000E+00
    9375   1.0000000000E+00
    9376   1.0000000000E+00
    9377   1.0000000000E+00
    9378   1.0000000000E+00
    9379   1.0000000000E+00
    9380   1.0000000000E+00
    9381   1.0000000000E+00
    9382   1.0000000000E+00
    9383   1.0000000000E+00
    9384   1.0000000000E+00
    9385   1.0000000000E+00
    9386   1.0000000000E+00
    9387   1.0000000000E+00
    9388   1.0000000000E+00
    9389   1.0000000000E+00
    9390   1.0000000000E+00
    9391   1.0000000000E+00
    9392   1.0000000000E+00
    9393   1.0000000000E+00
    9394   1.0000000000E+00
    9395   1.0000000000E+00
    9396   1.0000000000E+00
    9397   1.0000000000E+00
    9398   1.0000000000E+00
    9399   1.0000000000E+00
    9400   1.0000000000E+00
    9401   1.0000000000E+00
    9402   1.0000000000E+00
    9403   1.0000000000E+00
    9404   1.0000000000E+00
    9405   1.0000000000E+00
    9406   1.0000000000E+00
    9407   1.0000000000E+00
    9408   1.0000000000E+00
    9409   1.0000000000E+00
    9410   1.0000000000E+00
    9411   1.0000000000E+00
    9412   1.0000000000E+00
    9413   1.0000000000E+00
    9414   1.0000000000E+00
    9415   1.0000000000E+00
    9416   1.0000000000E+00
    9417   1.0000000000E+00
    9418   1.0000000000E+00
    9419   1.0000000000E+00
    9420   1.0000000000E+00
    9421   1.0000000000E+00
    9422   1.0000000000E+00
    9423   1.0000000000E+00
    9424   1.0000000000E+00
    9425   1.0000000000E+00
    9426   1.0000000000E+00
    9427   1.0000000000E+00
    9428   1.0000000000E+00
    9429   1.0000000000E+00
    9430   1.0000000000E+00
    9431   1.0000000000E+00
    9432   1.0000000000E+00
    9433   1.0000000000E+00
    9434   1.0000000000E+00
    9435   1.0000000000E+00
    9436   1.0000000000E+00
    9437   1.0000000000E+00
    9438   1.0000000000E+00
    9439   1.0000000000E+00
    9440   1.0000000000E+00
    9441   1.0000000000E+00
    9442   1.0000000000E+00
    9443   1.0000000000E+00
    9444   1.0000000000E+00
    9445   1.0000000000E+00
    9446   1.0000000000E+00
    9447   1.0000000000E+00
    9448   1.0000000000E+00
    9449   1.0000000000E+00
    9450   1.0000000000E+00
    9451   1.0000000000E+00
    9452   1.0000000000E+00
    9453   1.0000000000E+00
    9454   1.0000000000E+00
    9455   1.0000000000E+00
    9456   1.0000000000E+00
    9457   1.0000000000E+00
    9458   1.0000000000E+00
    9459   1.0000000000E+00
    9460   1.0000000000E+00
    9461   1.0000000000E+00
    9462   1.0000000000E+00
    9463   1.0000000000E+00
    9464   1.0000000000E+00
    9465   1.0000000000E+00
    9466   1.0000000000E+00
    9467   1.0000000000E+00
    9468   1.0000000000E+00
    9469   1.0000000000E+00
    9470   1.0000000000E+00
    9471   1.0000000000E+00
    9472   1.0000000000E+00
    9473   1.0000000000E+00
    9474   1.0000000000E+00
    9475   1.0000000000E+00
    9476   1.0000000000E+00
    9477   1.0000000000E+00
    9478   1.0000000000E+00
    9479   1.0000000000E+00
    9480   1.0000000000E+00
    9481   1.0000000000E+00
    9482   1.0000000000E+00
    9483   1.0000000000E+00
    9484   1.0000000000E+00
    9485   1.0000000000E+00
    9486   1.0000000000E+00
    9487   1.0000000000E+00
    9488   1.0000000000E+00
    9489   1.0000000000E+00
    9490   1.0000000000E+00
    9491   1.0000000000E+00
    9492   1.0000000000E+00
    9493   1.0000000000E+00
    9494   1.0000000000E+00
    9495   1.0000000000E+00
    9496   1.0000000000E+00
    9497   1.0000000000E+00
    9498   1.0000000000E+00
    9499   1.0000000000E+00
    9500   1.0000000000E+00
    9501   1.0000000000E+00
    9502   1.0000000000E+00
    9503   1.0000000000E+00
    9504   1.0000000000E+00
    9505   1.0000000000E+00
    9506   1.0000000000E+00
    9507   1.0000000000E+00
    9508   1.0000000000E+00
    9509   1.0000000000E+00
    9510   1.0000000000E+00
    9511   1.0000000000E+00
    9512   1.0000000000E+00
    9513   1.0000000000E+00
    9514   1.0000000000E+00
    9515   1.0000000000E+00
    9516   1.0000000000E+00
    9517   1.0000000000E+00
    9518   1.0000000000E+00
    9519   1.0000000000E+00
    9520   1.0000000000E+00
    9521   1.0000000000E+00
    9522   1.0000000000E+00
    9523   1.0000000000E+00
    9524   1.0000000000E+00
    9525   1.0000000000E+00
    9526   1.0000000000E+00
    9527   1.0000000000E+00
    9528   1.0000000000E+00
    9529   1.0000000000E+00
    9530   1.0000000000E+00
    9531   1.0000000000E+00
    9532   1.0000000000E+00
    9533   1.0000000000E+00
    9534   1.0000000000E+00
    9535   1.0000000000E+00
    9536   1.0000000000E+00
    9537   1.0000000000E+00
    9538   1.0000000000E+00
    9539   1.0000000000E+00
    9540   1.0000000000E+00
    9541   1.0000000000E+00
    9542   1.0000000000E+00
    9543   1.0000000000E+00
    9544   1.0000000000E+00
    9545   1.0000000000E+00
    9546   1.0000000000E+00
    9547   1.0000000000E+00
    9548   1.0000000000E+00
    9549   1.0000000000E+00
    9550   1.0000000000E+00
    9551   1.0000000000E+00
    9552   1.0000000000E+00
    9553   1.0000000000E+00
    9554   1.0000000000E+00
    9555   1.0000000000E+00
    9556   1.0000000000E+00
    9557   1.0000000000E+00
    9558   1.0000000000E+00
    9559   1.0000000000E+00
    9560   1.0000000000E+00
    9561   1.0000000000E+00
    9562   1.0000000000E+00
    9563   1.0000000000E+00
    9564   1.0000000000E+00
    9565   1.0000000000E+00
    9566   1.0000000000E+00
    9567   1.0000000000E+00
    9568   1.0000000000E+00
    9569   1.0000000000E+00
    9570   1.0000000000E+00
    9571   1.0000000000E+00
    9572   1.0000000000E+00
    9573   1.0000000000E+00
    9574   1.0000000000E+00
    9575   1.0000000000E+00
    9576   1.0000000000E+00
    9577   1.0000000000E+00
    9578   1.0000000000E+00
    9579   1.0000000000E+00
    9580   1.0000000000E+00
    9581   1.0000000000E+00
    9582   1.0000000000E+00
    9583   1.0000000000E+00
    9584   1.0000000000E+00
    9585   1.0000000000E+00
    9586   1.0000000000E+00
    9587   1.0000000000E+00
    9588   1.0000000000E+00
    9589   1.0000000000E+00
    9590   1.0000000000E+00
    9591   1.0000000000E+00
    9592   1.0000000000E+00
    9593   1.0000000000E+00
    9594   1.0000000000E+00
    9595   1.0000000000E+00
    9596   1.0000000000E+00
    9597   1.0000000000E+00
    9598   1.0000000000E+00
    9599   1.0000000000E+00
    9600   1.0000000000E+00
    9601   1.0000000000E+00
    9602   1.0000000000E+00
    9603   1.0000000000E+00
    9604   1.0000000000E+00
    9605   1.0000000000E+00
    9606   1.0000000000E+00
    9607   1.0000000000E+00
    9608   1.0000000000E+00
    9609   1.0000000000E+00
    9610   1.0000000000E+00
    9611   1.0000000000E+00
    9612   1.0000000000E+00
    9613   1.0000000000E+00
    9614   1.0000000000E+00
    9615   1.0000000000E+00
    9616   1.0000000000E+00
    9617   1.0000000000E+00
    9618   1.0000000000E+00
    9619   1.0000000000E+00
    9620   1.0000000000E+00
    9621   1.0000000000E+00
    9622   1.0000000000E+00
    9623   1.0000000000E+00
    9624   1.0000000000E+00
    9625   1.0000000000E+00
    9626   1.0000000000E+00
    9627   1.0000000000E+00
    9628   1.0000000000E+00
    9629   1.0000000000E+00
    9630   1.0000000000E+00
    9631   1.0000000000E+00
    9632   1.0000000000E+00
    9633   1.0000000000E+00
    9634   1.0000000000E+00
    9635   1.0000000000E+00
    9636   1.0000000000E+00
    9637   1.0000000000E+00
    9638   1.0000000000E+00
    9639   1.0000000000E+00
    9640   1.0000000000E+00
    9641   1.0000000000E+00
    9642   1.0000000000E+00
    9643   1.0000000000E+00
    9644   1.0000000000E+00
    9645   1.0000000000E+00
    9646   1.0000000000E+00
    9647   1.0000000000E+00
    9648   1.0000000000E+00
    9649   1.0000000000E+00
    9650   1.0000000000E+00
    9651   1.0000000000E+00
    9652   1.0000000000E+00
    9653   1.0000000000E+00
    9654   1.0000000000E+00
    9655   1.0000000000E+00
    9656   1.0000000000E+00
    9657   1.0000000000E+00
    9658   1.0000000000E+00
    9659   1.0000000000E+00
    9660   1.0000000000E+00
    9661   1.0000000000E+00
    9662   1.0000000000E+00
    9663   1.0000000000E+00
    9664   1.0000000000E+00
    9665   1.0000000000E+00
    9666   1.0000000000E+00
    9667   1.0000000000E+00
    9668   1.0000000000E+00
    9669   1.0000000000E+00
    9670   1.0000000000E+00
    9671   1.0000000000E+00
    9672   1.0000000000E+00
    9673   1.0000000000E+00
    9674   1.0000000000E+00
    9675   1.0000000000E+00
    9676   1.0000000000E+00
    9677   1.0000000000E+00
    9678   1.0000000000E+00
    9679   1.0000000000E+00
    9680   1.0000000000E+00
    9681   1.0000000000E+00
    9682   1.0000000000E+00
    9683   1.0000000000E+00
    9684   1.0000000000E+00
    9685   1.0000000000E+00
    9686   1.0000000000E+00
    9687   1.0000000000E+00
    9688   1.0000000000E+00
    9689   1.0000000000E+00
    9690   1.0000000000E+00
    9691   1.0000000000E+00
    9692   1.0000000000E+00
    9693   1.0000000000E+00
    9694   1.0000000000E+00
    9695   1.0000000000E+00
    9696   1.0000000000E+00
    9697   1.0000000000E+00
    9698   1.0000000000E+00
    9699   1.0000000000E+00
    9700   1.0000000000E+00
    9701   1.0000000000E+00
    9702   1.0000000000E+00
    9703   1.0000000000E+00
    9704   1.0000000000E+00
    9705   1.0000000000E+00
    9706   1.0000000000E+00
    9707   1.0000000000E+00
    9708   1.0000000000E+00
    9709   1.0000000000E+00
    9710   1.0000000000E+00
    9711   1.0000000000E+00
    9712   1.0000000000E+00
    9713   1.0000000000E+00
    9714   1.0000000000E+00
    9715   1.0000000000E+00
    9716   1.0000000000E+00
    9717   1.0000000000E+00
    9718   1.0000000000E+00
    9719   1.0000000000E+00
    9720   1.0000000000E+00
    9721   1.0000000000E+00
    9722   1.0000000000E+00
    9723   1.0000000000E+00
    9724   1.0000000000E+00
    9725   1.0000000000E+00
    9726   1.0000000000E+00
    9727   1.0000000000E+00
    9728   1.0000000000E+00
    9729   1.0000000000E+00
    9730   1.0000000000E+00
    9731   1.0000000000E+00
    9732   1.0000000000E+00
    9733   1.0000000000E+00
    9734   1.0000000000E+00
    9735   1.0000000000E+00
    9736   1.0000000000E+00
    9737   1.0000000000E+00
    9738   1.0000000000E+00
    9739   1.0000000000E+00
    9740   1.0000000000E+00
    9741   1.0000000000E+00
    9742   1.0000000000E+00
    9743   1.0000000000E+00
    9744   1.0000000000E+00
    9745   1.0000000000E+00
    9746   1.0000000000E+00
    9747   1.0000000000E+00
    9748   1.0000000000E+00
    9749   1.0000000000E+00
    9750   1.0000000000E+00
    9751   1.0000000000E+00
    9752   1.0000000000E+00
    9753   1.0000000000E+00
    9754   1.0000000000E+00
    9755   1.0000000000E+00
    9756   1.0000000000E+00
    9757   1.0000000000E+00
    9758   1.0000000000E+00
    9759   1.0000000000E+00
    9760   1.0000000000E+00
    9761   1.0000000000E+00
    9762   1.0000000000E+00
    9763   1.0000000000E+00
    9764   1.0000000000E+00
    9765   1.0000000000E+00
    9766   1.0000000000E+00
    9767   1.0000000000E+00
    9768   1.0000000000E+00
    9769   1.0000000000E+00
    9770   1.0000000000E+00
    9771   1.0000000000E+00
    9772   1.0000000000E+00
    9773   1.0000000000E+00
    9774   1.0000000000E+00
    9775   1.0000000000E+00
    9776   1.0000000000E+00
    9777   1.0000000000E+00
    9778   1.0000000000E+00
    9779   1.0000000000E+00
    9780   1.0000000000E+00
    9781   1.0000000000E+00
    9782   1.0000000000E+00
    9783   1.0000000000E+00
    9784   1.0000000000E+00
    9785   1.0000000000E+00
    9786   1.0000000000E+00
    9787   1.0000000000E+00
    9788   1.0000000000E+00
    9789   1.0000000000E+00
    9790   1.0000000000E+00
    9791   1.0000000000E+00
    9792   1.0000000000E+00
    9793   1.0000000000E+00
    9794   1.0000000000E+00
    9795   1.0000000000E+00
    9796   1.0000000000E+00
    9797   1.0000000000E+00
    9798   1.0000000000E+00
    9799   1.0000000000E+00
    9800   1.0000000000E+00
    9801   1.0000000000E+00
    9802   1.0000000000E+00
    9803   1.0000000000E+00
    9804   1.0000000000E+00
    9805   1.0000000000E+00
    9806   1.0000000000E+00
    9807   1.0000000000E+00
    9808   1.0000000000E+00
    9809   1.0000000000E+00
    9810   1.0000000000E+00
    9811   1.0000000000E+00
    9812   1.0000000000E+00
    9813   1.0000000000E+00
    9814   1.0000000000E+00
    9815   1.0000000000E+00
    9816   1.0000000000E+00
    9817   1.0000000000E+00
    9818   1.0000000000E+00
    9819   1.0000000000E+00
    9820   1.0000000000E+00
    9821   1.0000000000E+00
    9822   1.0000000000E+00
    9823   1.0000000000E+00
    9824   1.0000000000E+00
    9825   1.0000000000E+00
    9826   1.0000000000E+00
    9827   1.0000000000E+00
    9828   1.0000000000E+00
    9829   1.0000000000E+00
    9830   1.0000000000E+00
    9831   1.0000000000E+00
    9832   1.0000000000E+00
    9833   1.0000000000E+00
    9834   1.0000000000E+00
    9835   1.0000000000E+00
    9836   1.0000000000E+00
    9837   1.0000000000E+00
    9838   1.0000000000E+00
    9839   1.0000000000E+00
    9840   1.0000000000E+00
    9841   1.0000000000E+00
    9842   1.0000000000E+00
    9843   1.0000000000E+00
    9844   1.0000000000E+00
    9845   1.0000000000E+00
    9846   1.0000000000E+00
    9847   1.0000000000E+00
    9848   1.0000000000E+00
    9849   1.0000000000E+00
    9850   1.0000000000E+00
    9851   1.0000000000E+00
    9852   1.0000000000E+00
    9853   1.0000000000E+00
    9854   1.0000000000E+00
    9855   1.0000000000E+00
    9856   1.0000000000E+00
    9857   1.0000000000E+00
    9858   1.0000000000E+00
    9859   1.0000000000E+00
    9860   1.0000000000E+00
    9861   1.0000000000E+00
    9862   1.0000000000E+00
    9863   1.0000000000E+00
    9864   1.0000000000E+00
    9865   1.0000000000E+00
    9866   1.0000000000E+00
    9867   1.0000000000E+00
    9868   1.0000000000E+00
    9869   1.0000000000E+00
    9870   1.0000000000E+00
    9871   1.0000000000E+00
    9872   1.0000000000E+00
    9873   1.0000000000E+00
    9874   1.0000000000E+00
    9875   1.0000000000E+00
    9876   1.0000000000E+00
    9877   1.0000000000E+00
    9878   1.0000000000E+00
    9879   1.0000000000E+00
    9880   1.0000000000E+00
    9881   1.0000000000E+00
    9882   1.0000000000E+00
    9883   1.0000000000E+00
    9884   1.0000000000E+00
    9885   1.0000000000E+00
    9886   1.0000000000E+00
    9887   1.0000000000E+00
    9888   1.0000000000E+00
    9889   1.0000000000E+00
    9890   1.0000000000E+00
    9891   1.0000000000E+00
    9892   1.0000000000E+00
    9893   1.0000000000E+00
    9894   1.0000000000E+00
    9895   1.0000000000E+00
    9896   1.0000000000E+00
    9897   1.0000000000E+00
    9898   1.0000000000E+00
    9899   1.0000000000E+00
    9900   1.0000000000E+00
    9901   1.0000000000E+00
    9902   1.0000000000E+00
    9903   1.0000000000E+00
    9904   1.0000000000E+00
    9905   1.0000000000E+00
    9906   1.0000000000E+00
    9907   1.0000000000E+00
    9908   1.0000000000E+00
    9909   1.0000000000E+00
    9910   1.0000000000E+00
    9911   1.0000000000E+00
    9912   1.0000000000E+00
    9913   1.0000000000E+00
    9914   1.0000000000E+00
    9915   1.0000000000E+00
    9916   1.0000000000E+00
    9917   1.0000000000E+00
    9918   1.0000000000E+00
    9919   1.0000000000E+00
    9920   1.0000000000E+00
    9921   1.0000000000E+00
    9922   1.0000000000E+00
    9923   1.0000000000E+00
    9924   1.0000000000E+00
    9925   1.0000000000E+00
    9926   1.0000000000E+00
    9927   1.0000000000E+00
    9928   1.0000000000E+00
    9929   1.0000000000E+00
    9930   1.0000000000E+00
    9931   1.0000000000E+00
    9932   1.0000000000E+00
    9933   1.0000000000E+00
    9934   1.0000000000E+00
    9935   1.0000000000E+00
    9936   1.0000000000E+00
    9937   1.0000000000E+00
    9938   1.0000000000E+00
    9939   1.0000000000E+00
    9940   1.0000000000E+00
    9941   1.0000000000E+00
    9942   1.0000000000E+00
    9943   1.0000000000E+00
    9944   1.0000000000E+00
    9945   1.0000000000E+00
    9946   1.0000000000E+00
    9947   1.0000000000E+00
    9948   1.0000000000E+00
    9949   1.0000000000E+00
    9950   1.0000000000E+00
    9951   1.0000000000E+00
    9952   1.0000000000E+00
    9953   1.0000000000E+00
    9954   1.0000000000E+00
    9955   1.0000000000E+00
    9956   1.0000000000E+00
    9957   1.0000000000E+00
    9958   1.0000000000E+00
    9959   1.0000000000E+00
    9960   1.0000000000E+00
    9961   1.0000000000E+00
    9962   1.0000000000E+00
    9963   1.0000000000E+00
    9964   1.0000000000E+00
    9965   1.0000000000E+00
    9966   1.0000000000E+00
    9967   1.0000000000E+00
    9968   1.0000000000E+00
    9969   1.0000000000E+00
    9970   1.0000000000E+00
    9971   1.0000000000E+00
    9972   1.0000000000E+00
    9973   1.0000000000E+00
    9974   1.0000000000E+00
    9975   1.0000000000E+00
    9976   1.0000000000E+00
    9977   1.0000000000E+00
    9978   1.0000000000E+00
    9979   1.0000000000E+00
    9980   1.0000000000E+00
    9981   1.0000000000E+00
    9982   1.0000000000E+00
    9983   1.0000000000E+00
    9984   1.0000000000E+00
    9985   1.0000000000E+00
    9986   1.0000000000E+00
    9987   1.0000000000E+00
    9988   1.0000000000E+00
    9989   1.0000000000E+00
    9990   1.0000000000E+00
    9991   1.0000000000E+00
    9992   1.0000000000E+00
    9993   1.0000000000E+00
    9994   1.0000000000E+00
    9995   1.0000000000E+00
    9996   1.0000000000E+00
    9997   1.0000000000E+00
    9998   1.0000000000E+00
    9999   1.0000000000E+00
   10000   8.3593750000E-01
   10001   1.6406250000E-01
   10002   0.0000000000E+00
   10003   0.0000000000E+00
