# ic  density_f1
      -2   0.0000000000E+00
      -1   1.7605901384E-01
       0   8.4057812117E-01
       1   9.8891306385E-01
       2   9.9166016343E-01
       3   9.9450799742E-01
       4   9.9722813504E-01
       5   9.9965109848E-01
       6   1.0016883167E+00
       7   1.0033484591E+00
       8   1.0047256550E+00
       9   1.0059504336E+00
      10   1.0071277131E+00
      11   1.0083025266E+00
      12   1.0094730878E+00
      13   1.0106330193E+00
      14   1.0118028097E+00
      15   1.0130242305E+00
      16   1.0143291624E+00
      17   1.0157154223E+00
      18   1.0171502810E+00
      19   1.0186449029E+00
      20   1.0200163119E+00
      21   1.0212471249E+00
      22   1.0222799962E+00
      23   1.0229548488E+00
      24   1.0231596630E+00
      25   1.0228471717E+00
      26   1.0220508626E+00
      27   1.0208589055E+00
      28   1.0193697215E+00
      29   1.0176620601E+00
      30   1.0157926607E+00
      31   1.0138172481E+00
      32   1.0117748361E+00
      33   1.0096835814E+00
      34   1.0076722957E+00
      35   1.0058135415E+00
      36   1.0042676524E+00
      37   1.0032611196E+00
      38   1.0030464289E+00
      39   1.0038319516E+00
      40   1.0057097602E+00
      41   1.0086126191E+00
      42   1.0123135684E+00
      43   1.0164606626E+00
      44   1.0206277003E+00
      45   1.0243692224E+00
      46   1.0272783967E+00
      47   1.0290492279E+00
      48   1.0295478917E+00
      49   1.0289129278E+00
      50   1.0270198016E+00
      51   1.0245767034E+00
      52   1.0219695159E+00
      53   1.0195436032E+00
      54   1.0175904062E+00
      55   1.0162702736E+00
      56   1.0156016112E+00
      57   1.0154709408E+00
      58   1.0156590164E+00
      59   1.0158809104E+00
      60   1.0158399480E+00
      61   1.0152886253E+00
      62   1.0140951103E+00
      63   1.0122330253E+00
      64   1.0098066376E+00
      65   1.0071099656E+00
      66   1.0043783116E+00
      67   1.0018638397E+00
      68   9.9977003582E-01
      69   9.9822648089E-01
      70   9.9727379334E-01
      71   9.9685853196E-01
      72   9.9684748065E-01
      73   9.9706506389E-01
      74   9.9734506534E-01
      75   9.9757664870E-01
      76   9.9772350310E-01
      77   9.9781283173E-01
      78   9.9791210874E-01
      79   9.9810999888E-01
      80   9.9850436883E-01
      81   9.9918528753E-01
      82   1.0002013207E+00
      83   1.0015195378E+00
      84   1.0030095313E+00
      85   1.0044725351E+00
      86   1.0057080104E+00
      87   1.0065810986E+00
      88   1.0070517077E+00
      89   1.0071591331E+00
      90   1.0069927917E+00
      91   1.0066784665E+00
      92   1.0063813341E+00
      93   1.0062991568E+00
      94   1.0066214527E+00
      95   1.0074653168E+00
      96   1.0088294396E+00
      97   1.0105976286E+00
      98   1.0125868527E+00
      99   1.0146015356E+00
     100   1.0164573580E+00
     101   1.0179763407E+00
     102   1.0189889065E+00
     103   1.0193661262E+00
     104   1.0190636406E+00
     105   1.0181328813E+00
     106   1.0166947372E+00
     107   1.0148183959E+00
     108   1.0125164133E+00
     109   1.0099321524E+00
     110   1.0071132632E+00
     111   1.0042071889E+00
     112   1.0013894465E+00
     113   9.9881338101E-01
     114   9.9659621247E-01
     115   9.9484958740E-01
     116   9.9371243310E-01
     117   9.9333736745E-01
     118   9.9382338129E-01
     119   9.9514023358E-01
     120   9.9710361413E-01
     121   9.9942175355E-01
     122   1.0017765229E+00
     123   1.0038836583E+00
     124   1.0055085699E+00
     125   1.0064680115E+00
     126   1.0066609903E+00
     127   1.0061263110E+00
     128   1.0050688368E+00
     129   1.0038034160E+00
     130   1.0026315353E+00
     131   1.0017293412E+00
     132   1.0011190514E+00
     133   1.0007259198E+00
     134   1.0004541901E+00
     135   1.0002161962E+00
     136   9.9990943671E-01
     137   9.9939721402E-01
     138   9.9854463785E-01
     139   9.9729838493E-01
     140   9.9574060370E-01
     141   9.9406366946E-01
     142   9.9248347963E-01
     143   9.9116462473E-01
     144   9.9021297091E-01
     145   9.8971836580E-01
     146   9.8979090435E-01
     147   9.9058026148E-01
     148   9.9204453845E-01
     149   9.9405300318E-01
     150   9.9632858304E-01
     151   9.9853768279E-01
     152   1.0003796998E+00
     153   1.0016247807E+00
     154   1.0021083406E+00
     155   1.0017373936E+00
     156   1.0005418444E+00
     157   9.9873471385E-01
     158   9.9670427143E-01
     159   9.9490829523E-01
     160   9.9372587141E-01
     161   9.9336099395E-01
     162   9.9384370565E-01
     163   9.9509386281E-01
     164   9.9697149192E-01
     165   9.9927494656E-01
     166   1.0017179474E+00
     167   1.0039527977E+00
     168   1.0056661887E+00
     169   1.0066954938E+00
     170   1.0070743536E+00
     171   1.0069713970E+00
     172   1.0065789732E+00
     173   1.0060469845E+00
     174   1.0054987327E+00
     175   1.0050787876E+00
     176   1.0049527495E+00
     177   1.0052441434E+00
     178   1.0059382161E+00
     179   1.0068994788E+00
     180   1.0079328729E+00
     181   1.0088671514E+00
     182   1.0095936649E+00
     183   1.0100260562E+00
     184   1.0100604053E+00
     185   1.0096015646E+00
     186   1.0086467304E+00
     187   1.0073472237E+00
     188   1.0059781784E+00
     189   1.0048306785E+00
     190   1.0041096840E+00
     191   1.0039072865E+00
     192   1.0042423165E+00
     193   1.0051007461E+00
     194   1.0064256476E+00
     195   1.0080753951E+00
     196   1.0098164664E+00
     197   1.0113908896E+00
     198   1.0126197268E+00
     199   1.0134595820E+00
     200   1.0139657231E+00
     201   1.0142037944E+00
     202   1.0141982385E+00
     203   1.0139616186E+00
     204   1.0135698358E+00
     205   1.0131664974E+00
     206   1.0128568897E+00
     207   1.0128205894E+00
     208   1.0130455112E+00
     209   1.0134958561E+00
     210   1.0141458094E+00
     211   1.0149738855E+00
     212   1.0158978692E+00
     213   1.0167203357E+00
     214   1.0171613887E+00
     215   1.0169791741E+00
     216   1.0160940982E+00
     217   1.0146279832E+00
     218   1.0128461119E+00
     219   1.0110690049E+00
     220   1.0096215664E+00
     221   1.0088213534E+00
     222   1.0089619338E+00
     223   1.0102206129E+00
     224   1.0125455761E+00
     225   1.0156933481E+00
     226   1.0191861574E+00
     227   1.0224958168E+00
     228   1.0251553836E+00
     229   1.0268138988E+00
     230   1.0272371031E+00
     231   1.0263128889E+00
     232   1.0240876786E+00
     233   1.0207927077E+00
     234   1.0168216397E+00
     235   1.0125109365E+00
     236   1.0082431282E+00
     237   1.0042628921E+00
     238   1.0006984562E+00
     239   9.9771565791E-01
     240   9.9549117246E-01
     241   9.9415943855E-01
     242   9.9375198637E-01
     243   9.9418192339E-01
     244   9.9528985658E-01
     245   9.9688667891E-01
     246   9.9875932314E-01
     247   1.0006871132E+00
     248   1.0024137360E+00
     249   1.0036969180E+00
     250   1.0043826301E+00
     251   1.0044549077E+00
     252   1.0040402556E+00
     253   1.0033027419E+00
     254   1.0023856337E+00
     255   1.0013928209E+00
     256   1.0004151974E+00
     257   9.9955113846E-01
     258   9.9888841005E-01
     259   9.9846661211E-01
     260   9.9826630779E-01
     261   9.9824589105E-01
     262   9.9839473170E-01
     263   9.9874817345E-01
     264   9.9934337998E-01
     265   1.0001541932E+00
     266   1.0010679011E+00
     267   1.0019313782E+00
     268   1.0026301555E+00
     269   1.0031341003E+00
     270   1.0034781492E+00
     271   1.0037097898E+00
     272   1.0038617473E+00
     273   1.0039734922E+00
     274   1.0041276899E+00
     275   1.0044480842E+00
     276   1.0050453857E+00
     277   1.0059529854E+00
     278   1.0071073798E+00
     279   1.0083856731E+00
     280   1.0096580467E+00
     281   1.0108030640E+00
     282   1.0116796553E+00
     283   1.0121027568E+00
     284   1.0118715968E+00
     285   1.0108457071E+00
     286   1.0090096867E+00
     287   1.0064719621E+00
     288   1.0034044231E+00
     289   9.9998324099E-01
     290   9.9638052611E-01
     291   9.9279674561E-01
     292   9.8947881256E-01
     293   9.8668401000E-01
     294   9.8460642554E-01
     295   9.8332087322E-01
     296   9.8278378616E-01
     297   9.8288227797E-01
     298   9.8348635080E-01
     299   9.8446569723E-01
     300   9.8567087754E-01
     301   9.8691065551E-01
     302   9.8808543442E-01
     303   9.8901486997E-01
     304   9.8970534532E-01
     305   9.9024542756E-01
     306   9.9073998291E-01
     307   9.9126720029E-01
     308   9.9187498201E-01
     309   9.9261693235E-01
     310   9.9357992383E-01
     311   9.9486510414E-01
     312   9.9653347954E-01
     313   9.9856559841E-01
     314   1.0008727787E+00
     315   1.0033478546E+00
     316   1.0059029036E+00
     317   1.0084538123E+00
     318   1.0108672543E+00
     319   1.0129308471E+00
     320   1.0143914765E+00
     321   1.0150443500E+00
     322   1.0148076857E+00
     323   1.0137425087E+00
     324   1.0118872477E+00
     325   1.0094677809E+00
     326   1.0066570124E+00
     327   1.0036736636E+00
     328   1.0007915171E+00
     329   9.9826622887E-01
     330   9.9625626132E-01
     331   9.9478545732E-01
     332   9.9377194168E-01
     333   9.9309484574E-01
     334   9.9264440415E-01
     335   9.9232039716E-01
     336   9.9205849535E-01
     337   9.9175245550E-01
     338   9.9135375829E-01
     339   9.9090434318E-01
     340   9.9052757567E-01
     341   9.9037378310E-01
     342   9.9053934108E-01
     343   9.9102050201E-01
     344   9.9172733405E-01
     345   9.9253412986E-01
     346   9.9331782987E-01
     347   9.9395941868E-01
     348   9.9432985234E-01
     349   9.9430405017E-01
     350   9.9381725879E-01
     351   9.9292882939E-01
     352   9.9183598969E-01
     353   9.9081389818E-01
     354   9.9011679295E-01
     355   9.8990375299E-01
     356   9.9022419170E-01
     357   9.9104841300E-01
     358   9.9229860725E-01
     359   9.9385014865E-01
     360   9.9551499146E-01
     361   9.9704632714E-01
     362   9.9818701140E-01
     363   9.9874312743E-01
     364   9.9863527304E-01
     365   9.9789530743E-01
     366   9.9662321520E-01
     367   9.9494819342E-01
     368   9.9302065862E-01
     369   9.9102285401E-01
     370   9.8915293622E-01
     371   9.8760784163E-01
     372   9.8658003657E-01
     373   9.8604877858E-01
     374   9.8600256144E-01
     375   9.8638900241E-01
     376   9.8716482330E-01
     377   9.8829474921E-01
     378   9.8972237574E-01
     379   9.9134721829E-01
     380   9.9303289856E-01
     381   9.9463984773E-01
     382   9.9605244135E-01
     383   9.9717633249E-01
     384   9.9791570825E-01
     385   9.9816389501E-01
     386   9.9782928343E-01
     387   9.9688338883E-01
     388   9.9539229521E-01
     389   9.9350213633E-01
     390   9.9138920958E-01
     391   9.8921300520E-01
     392   9.8710167765E-01
     393   9.8516682855E-01
     394   9.8351858446E-01
     395   9.8225396699E-01
     396   9.8137151539E-01
     397   9.8098689739E-01
     398   9.8095093403E-01
     399   9.8110189340E-01
     400   9.8138231272E-01
     401   9.8174848765E-01
     402   9.8219243136E-01
     403   9.8271636478E-01
     404   9.8331826402E-01
     405   9.8399974009E-01
     406   9.8478206777E-01
     407   9.8570612603E-01
     408   9.8680687237E-01
     409   9.8807956015E-01
     410   9.8946461354E-01
     411   9.9086531059E-01
     412   9.9218584557E-01
     413   9.9335745612E-01
     414   9.9436114228E-01
     415   9.9518510879E-01
     416   9.9583046355E-01
     417   9.9633614018E-01
     418   9.9677789645E-01
     419   9.9727058540E-01
     420   9.9793228569E-01
     421   9.9883253939E-01
     422   9.9995681704E-01
     423   1.0012087289E+00
     424   1.0024432702E+00
     425   1.0035036090E+00
     426   1.0042396805E+00
     427   1.0045124777E+00
     428   1.0042048803E+00
     429   1.0032510191E+00
     430   1.0016708589E+00
     431   9.9958009584E-01
     432   9.9716004328E-01
     433   9.9460529024E-01
     434   9.9208444794E-01
     435   9.8973483383E-01
     436   9.8768145609E-01
     437   9.8605074788E-01
     438   9.8496013131E-01
     439   9.8449210363E-01
     440   9.8467728176E-01
     441   9.8550203826E-01
     442   9.8693326168E-01
     443   9.8893595251E-01
     444   9.9146557978E-01
     445   9.9444090868E-01
     446   9.9772229203E-01
     447   1.0011178226E+00
     448   1.0044165297E+00
     449   1.0074239683E+00
     450   1.0099758248E+00
     451   1.0119305901E+00
     452   1.0131666481E+00
     453   1.0136043515E+00
     454   1.0132438156E+00
     455   1.0121836557E+00
     456   1.0105945412E+00
     457   1.0086591557E+00
     458   1.0065183285E+00
     459   1.0042538689E+00
     460   1.0019040605E+00
     461   9.9948224544E-01
     462   9.9697689952E-01
     463   9.9434303972E-01
     464   9.9151222925E-01
     465   9.8843293147E-01
     466   9.8512094439E-01
     467   9.8168319616E-01
     468   9.7829611852E-01
     469   9.7515571309E-01
     470   9.7243564814E-01
     471   9.7027432507E-01
     472   9.6878031811E-01
     473   9.6788705622E-01
     474   9.6805517419E-01
     475   9.6907065986E-01
     476   9.7071900704E-01
     477   9.7297115407E-01
     478   9.7568935203E-01
     479   9.7875378171E-01
     480   9.8206399049E-01
     481   9.8551558374E-01
     482   9.8897967525E-01
     483   9.9231089574E-01
     484   9.9538150327E-01
     485   9.9811036916E-01
     486   1.0004577210E+00
     487   1.0023897117E+00
     488   1.0038487306E+00
     489   1.0047608226E+00
     490   1.0050740756E+00
     491   1.0047906703E+00
     492   1.0039632633E+00
     493   1.0026653352E+00
     494   1.0009734969E+00
     495   9.9898549691E-01
     496   9.9685599743E-01
     497   9.9480791386E-01
     498   9.9309528862E-01
     499   9.9193741058E-01
     500   9.9146859174E-01
     501   9.9173228553E-01
     502   9.9270856106E-01
     503   9.9434053018E-01
     504   9.9654413471E-01
     505   9.9914869397E-01
     506   1.0019459697E+00
     507   1.0047002169E+00
     508   1.0071803191E+00
     509   1.0092062468E+00
     510   1.0106656334E+00
     511   1.0114533734E+00
     512   1.0114755082E+00
     513   1.0106740325E+00
     514   1.0090649957E+00
     515   1.0067444710E+00
     516   1.0038501058E+00
     517   1.0005115370E+00
     518   9.9683454520E-01
     519   9.9292894043E-01
     520   9.8894673700E-01
     521   9.8508966919E-01
     522   9.8157773208E-01
     523   9.7856950433E-01
     524   9.7621322787E-01
     525   9.7484570312E-01
     526   9.7430715423E-01
     527   9.7469940873E-01
     528   9.7597459705E-01
     529   9.7796112272E-01
     530   9.8038544171E-01
     531   9.8294100685E-01
     532   9.8537521704E-01
     533   9.8754226061E-01
     534   9.8939636754E-01
     535   9.9094733031E-01
     536   9.9222438756E-01
     537   9.9327281978E-01
     538   9.9416289830E-01
     539   9.9497694369E-01
     540   9.9577769149E-01
     541   9.9653529006E-01
     542   9.9717070945E-01
     543   9.9759623207E-01
     544   9.9778740189E-01
     545   9.9781140358E-01
     546   9.9779569299E-01
     547   9.9787020656E-01
     548   9.9813073986E-01
     549   9.9863998971E-01
     550   9.9944024239E-01
     551   1.0005433628E+00
     552   1.0018977768E+00
     553   1.0033672427E+00
     554   1.0047565484E+00
     555   1.0058792245E+00
     556   1.0066208296E+00
     557   1.0069553535E+00
     558   1.0068734979E+00
     559   1.0064161311E+00
     560   1.0056176220E+00
     561   1.0045633377E+00
     562   1.0034206761E+00
     563   1.0024075834E+00
     564   1.0017208820E+00
     565   1.0014734094E+00
     566   1.0016803430E+00
     567   1.0022881775E+00
     568   1.0032039892E+00
     569   1.0042928033E+00
     570   1.0053582394E+00
     571   1.0061517074E+00
     572   1.0064353988E+00
     573   1.0060715983E+00
     574   1.0050761816E+00
     575   1.0035974149E+00
     576   1.0018424801E+00
     577   1.0000097576E+00
     578   9.9826354801E-01
     579   9.9673928293E-01
     580   9.9554130213E-01
     581   9.9471568169E-01
     582   9.9422269283E-01
     583   9.9394765510E-01
     584   9.9375809066E-01
     585   9.9357202364E-01
     586   9.9338678134E-01
     587   9.9324846938E-01
     588   9.9319331599E-01
     589   9.9321120270E-01
     590   9.9325287714E-01
     591   9.9325745876E-01
     592   9.9317703186E-01
     593   9.9297720350E-01
     594   9.9258069394E-01
     595   9.9194903776E-01
     596   9.9110006880E-01
     597   9.9015254781E-01
     598   9.8931438206E-01
     599   9.8881844167E-01
     600   9.8884890323E-01
     601   9.8950272862E-01
     602   9.9079391269E-01
     603   9.9267269742E-01
     604   9.9502794893E-01
     605   9.9767021268E-01
     606   1.0003279295E+00
     607   1.0026882297E+00
     608   1.0044759887E+00
     609   1.0055274549E+00
     610   1.0058152236E+00
     611   1.0054218840E+00
     612   1.0045011514E+00
     613   1.0032608563E+00
     614   1.0019612320E+00
     615   1.0008942483E+00
     616   1.0003246531E+00
     617   1.0004142157E+00
     618   1.0011768358E+00
     619   1.0024918364E+00
     620   1.0041581543E+00
     621   1.0059467220E+00
     622   1.0076233388E+00
     623   1.0089522552E+00
     624   1.0097148370E+00
     625   1.0097561255E+00
     626   1.0090309319E+00
     627   1.0076076994E+00
     628   1.0056222100E+00
     629   1.0032187572E+00
     630   1.0005281743E+00
     631   9.9769194579E-01
     632   9.9489338871E-01
     633   9.9235129630E-01
     634   9.9027164193E-01
     635   9.8879360773E-01
     636   9.8797064417E-01
     637   9.8779046829E-01
     638   9.8820186383E-01
     639   9.8911659689E-01
     640   9.9038862650E-01
     641   9.9180348272E-01
     642   9.9311016642E-01
     643   9.9408907877E-01
     644   9.9461236772E-01
     645   9.9465641243E-01
     646   9.9426963824E-01
     647   9.9353798768E-01
     648   9.9258649529E-01
     649   9.9160898139E-01
     650   9.9087991320E-01
     651   9.9071306099E-01
     652   9.9137847506E-01
     653   9.9302515233E-01
     654   9.9565035785E-01
     655   9.9911433610E-01
     656   1.0031651505E+00
     657   1.0074455055E+00
     658   1.0114956986E+00
     659   1.0147986150E+00
     660   1.0168931309E+00
     661   1.0175171662E+00
     662   1.0166966793E+00
     663   1.0147242006E+00
     664   1.0120498591E+00
     665   1.0091612259E+00
     666   1.0065090502E+00
     667   1.0044721988E+00
     668   1.0033188642E+00
     669   1.0031449221E+00
     670   1.0038218971E+00
     671   1.0050079055E+00
     672   1.0062421117E+00
     673   1.0070821455E+00
     674   1.0072125626E+00
     675   1.0064798418E+00
     676   1.0048724191E+00
     677   1.0024970482E+00
     678   9.9957615690E-01
     679   9.9643858515E-01
     680   9.9346329194E-01
     681   9.9097670609E-01
     682   9.8915712164E-01
     683   9.8800509881E-01
     684   9.8739291011E-01
     685   9.8715060671E-01
     686   9.8713088408E-01
     687   9.8722532690E-01
     688   9.8735346948E-01
     689   9.8746405025E-01
     690   9.8756099341E-01
     691   9.8772515994E-01
     692   9.8809322390E-01
     693   9.8878888100E-01
     694   9.8984914921E-01
     695   9.9120036094E-01
     696   9.9270112276E-01
     697   9.9421553527E-01
     698   9.9565797938E-01
     699   9.9698076757E-01
     700   9.9813223839E-01
     701   9.9903828339E-01
     702   9.9963060534E-01
     703   9.9989274868E-01
     704   9.9987394821E-01
     705   9.9965218391E-01
     706   9.9928073035E-01
     707   9.9877013112E-01
     708   9.9812206390E-01
     709   9.9737988536E-01
     710   9.9664456348E-01
     711   9.9603818653E-01
     712   9.9564837713E-01
     713   9.9550313235E-01
     714   9.9559289500E-01
     715   9.9591012306E-01
     716   9.9646136647E-01
     717   9.9723768729E-01
     718   9.9817668884E-01
     719   9.9914827480E-01
     720   1.0000112376E+00
     721   1.0006653641E+00
     722   1.0010775614E+00
     723   1.0012560807E+00
     724   1.0012023842E+00
     725   1.0008869964E+00
     726   1.0002703777E+00
     727   9.9933341290E-01
     728   9.9808625068E-01
     729   9.9655013875E-01
     730   9.9473018602E-01
     731   9.9262782599E-01
     732   9.9029159620E-01
     733   9.8786053679E-01
     734   9.8555943004E-01
     735   9.8363841431E-01
     736   9.8229645277E-01
     737   9.8163614376E-01
     738   9.8166644133E-01
     739   9.8233075776E-01
     740   9.8352660091E-01
     741   9.8510290536E-01
     742   9.8685210143E-01
     743   9.8852599086E-01
     744   9.8988687189E-01
     745   9.9077029460E-01
     746   9.9112057527E-01
     747   9.9098072815E-01
     748   9.9045353607E-01
     749   9.8966175769E-01
     750   9.8874741930E-01
     751   9.8793081709E-01
     752   9.8732986352E-01
     753   9.8709446471E-01
     754   9.8728769547E-01
     755   9.8788792797E-01
     756   9.8882160870E-01
     757   9.9001116363E-01
     758   9.9140519592E-01
     759   9.9297505251E-01
     760   9.9468967321E-01
     761   9.9649749297E-01
     762   9.9833135064E-01
     763   1.0001251641E+00
     764   1.0018185508E+00
     765   1.0033418022E+00
     766   1.0045971530E+00
     767   1.0054627227E+00
     768   1.0058261985E+00
     769   1.0056262139E+00
     770   1.0048702634E+00
     771   1.0036208653E+00
     772   1.0019692042E+00
     773   1.0000244294E+00
     774   9.9792524254E-01
     775   9.9585314294E-01
     776   9.9402104853E-01
     777   9.9263398364E-01
     778   9.9184202123E-01
     779   9.9171183978E-01
     780   9.9222600274E-01
     781   9.9329783659E-01
     782   9.9478405253E-01
     783   9.9649213644E-01
     784   9.9819470013E-01
     785   9.9966545097E-01
     786   1.0007339875E+00
     787   1.0013351596E+00
     788   1.0015252331E+00
     789   1.0014578439E+00
     790   1.0013357569E+00
     791   1.0013622268E+00
     792   1.0017027397E+00
     793   1.0024525719E+00
     794   1.0036046322E+00
     795   1.0050281007E+00
     796   1.0064782233E+00
     797   1.0076496081E+00
     798   1.0082592416E+00
     799   1.0081244218E+00
     800   1.0072028770E+00
     801   1.0055895593E+00
     802   1.0034876707E+00
     803   1.0011738092E+00
     804   9.9896115529E-01
     805   9.9715400225E-01
     806   9.9599302691E-01
     807   9.9560835105E-01
     808   9.9600110174E-01
     809   9.9706033899E-01
     810   9.9860042363E-01
     811   1.0003952344E+00
     812   1.0021963911E+00
     813   1.0037463581E+00
     814   1.0048067064E+00
     815   1.0052083470E+00
     816   1.0049032380E+00
     817   1.0039848285E+00
     818   1.0026600190E+00
     819   1.0011892129E+00
     820   9.9982815985E-01
     821   9.9879411590E-01
     822   9.9825131784E-01
     823   9.9829760877E-01
     824   9.9894296723E-01
     825   1.0000933540E+00
     826   1.0015610644E+00
     827   1.0031089026E+00
     828   1.0045100293E+00
     829   1.0055941901E+00
     830   1.0062628274E+00
     831   1.0064829186E+00
     832   1.0062812503E+00
     833   1.0057483631E+00
     834   1.0050378803E+00
     835   1.0043423564E+00
     836   1.0038446925E+00
     837   1.0036703203E+00
     838   1.0038685729E+00
     839   1.0044302535E+00
     840   1.0053259867E+00
     841   1.0065043838E+00
     842   1.0079186254E+00
     843   1.0095076788E+00
     844   1.0111887178E+00
     845   1.0128831406E+00
     846   1.0145255111E+00
     847   1.0160530704E+00
     848   1.0173785410E+00
     849   1.0183745194E+00
     850   1.0188927811E+00
     851   1.0188122877E+00
     852   1.0180826653E+00
     853   1.0167344745E+00
     854   1.0148561424E+00
     855   1.0125646844E+00
     856   1.0099932474E+00
     857   1.0072918774E+00
     858   1.0046192291E+00
     859   1.0021138933E+00
     860   9.9985975636E-01
     861   9.9787441215E-01
     862   9.9613282266E-01
     863   9.9460774822E-01
     864   9.9329391880E-01
     865   9.9219959469E-01
     866   9.9131928927E-01
     867   9.9061878896E-01
     868   9.9004898312E-01
     869   9.8957498291E-01
     870   9.8919088086E-01
     871   9.8890514139E-01
     872   9.8871032142E-01
     873   9.8856848999E-01
     874   9.8842976280E-01
     875   9.8826999668E-01
     876   9.8811441876E-01
     877   9.8802682700E-01
     878   9.8807309374E-01
     879   9.8828987822E-01
     880   9.8868058187E-01
     881   9.8923255094E-01
     882   9.8992998719E-01
     883   9.9074662579E-01
     884   9.9162613278E-01
     885   9.9247689752E-01
     886   9.9319408726E-01
     887   9.9373360091E-01
     888   9.9408222394E-01
     889   9.9430346003E-01
     890   9.9448384385E-01
     891   9.9469387963E-01
     892   9.9498032993E-01
     893   9.9537382521E-01
     894   9.9589207527E-01
     895   9.9652705809E-01
     896   9.9722723837E-01
     897   9.9790097391E-01
     898   9.9845223506E-01
     899   9.9882932327E-01
     900   9.9905200558E-01
     901   9.9919957058E-01
     902   9.9937138367E-01
     903   9.9965190600E-01
     904   1.0000992138E+00
     905   1.0007484271E+00
     906   1.0016089760E+00
     907   1.0026498124E+00
     908   1.0037881833E+00
     909   1.0049063299E+00
     910   1.0058984645E+00
     911   1.0067194383E+00
     912   1.0073990109E+00
     913   1.0080122856E+00
     914   1.0086304036E+00
     915   1.0093030482E+00
     916   1.0099970279E+00
     917   1.0107152937E+00
     918   1.0114434418E+00
     919   1.0121276781E+00
     920   1.0126837261E+00
     921   1.0129994357E+00
     922   1.0129672550E+00
     923   1.0125129042E+00
     924   1.0115963010E+00
     925   1.0101907045E+00
     926   1.0082689823E+00
     927   1.0058211555E+00
     928   1.0028933941E+00
     929   9.9961324362E-01
     930   9.9617562324E-01
     931   9.9279795181E-01
     932   9.8967549808E-01
     933   9.8696203210E-01
     934   9.8477282609E-01
     935   9.8318847683E-01
     936   9.8224585483E-01
     937   9.8192390558E-01
     938   9.8214295225E-01
     939   9.8275444943E-01
     940   9.8371905238E-01
     941   9.8493169640E-01
     942   9.8624781320E-01
     943   9.8763214778E-01
     944   9.8900370331E-01
     945   9.9028976152E-01
     946   9.9145286693E-01
     947   9.9250184916E-01
     948   9.9347325599E-01
     949   9.9439890340E-01
     950   9.9528823253E-01
     951   9.9613996870E-01
     952   9.9696777464E-01
     953   9.9780990534E-01
     954   9.9870876307E-01
     955   9.9967816173E-01
     956   1.0006887524E+00
     957   1.0016856785E+00
     958   1.0026214524E+00
     959   1.0034735945E+00
     960   1.0042337861E+00
     961   1.0048861588E+00
     962   1.0054011364E+00
     963   1.0057521125E+00
     964   1.0059338615E+00
     965   1.0059574766E+00
     966   1.0058216067E+00
     967   1.0054896594E+00
     968   1.0049014365E+00
     969   1.0040164707E+00
     970   1.0028541521E+00
     971   1.0014974121E+00
     972   1.0000600020E+00
     973   9.9865121684E-01
     974   9.9736936572E-01
     975   9.9632168286E-01
     976   9.9563906211E-01
     977   9.9545807746E-01
     978   9.9587437518E-01
     979   9.9690084976E-01
     980   9.9846005314E-01
     981   1.0004093666E+00
     982   1.0025714655E+00
     983   1.0047454337E+00
     984   1.0067029213E+00
     985   1.0082001326E+00
     986   1.0090273833E+00
     987   1.0090791434E+00
     988   1.0083978685E+00
     989   1.0071576305E+00
     990   1.0055981325E+00
     991   1.0039554601E+00
     992   1.0024265244E+00
     993   1.0011641986E+00
     994   1.0002735234E+00
     995   9.9979131494E-01
     996   9.9966317056E-01
     997   9.9974964366E-01
     998   9.9987512702E-01
     999   9.9989481994E-01
    1000   9.9973769625E-01
    1001   9.9940385267E-01
    1002   9.9893341399E-01
    1003   9.9838510133E-01
    1004   9.9784366433E-01
    1005   9.9743685435E-01
    1006   9.9732706258E-01
    1007   9.9766652597E-01
    1008   9.9854195957E-01
    1009   9.9994861195E-01
    1010   1.0018101681E+00
    1011   1.0040208264E+00
    1012   1.0064695108E+00
    1013   1.0090336012E+00
    1014   1.0115686920E+00
    1015   1.0138013192E+00
    1016   1.0155777641E+00
    1017   1.0167566566E+00
    1018   1.0172779119E+00
    1019   1.0171407351E+00
    1020   1.0163569027E+00
    1021   1.0149361358E+00
    1022   1.0129113741E+00
    1023   1.0103724609E+00
    1024   1.0074691216E+00
    1025   1.0043770085E+00
    1026   1.0012566574E+00
    1027   9.9823819334E-01
    1028   9.9543399538E-01
    1029   9.9295231149E-01
    1030   9.9088785155E-01
    1031   9.8929378560E-01
    1032   9.8816343202E-01
    1033   9.8744463650E-01
    1034   9.8708077016E-01
    1035   9.8704834110E-01
    1036   9.8736328698E-01
    1037   9.8805499238E-01
    1038   9.8913253253E-01
    1039   9.9056825424E-01
    1040   9.9230253157E-01
    1041   9.9425134512E-01
    1042   9.9629859930E-01
    1043   9.9827835656E-01
    1044   9.9997383707E-01
    1045   1.0011547297E+00
    1046   1.0016453026E+00
    1047   1.0013873893E+00
    1048   1.0004641224E+00
    1049   9.9908010601E-01
    1050   9.9752115695E-01
    1051   9.9611621298E-01
    1052   9.9520267035E-01
    1053   9.9509000490E-01
    1054   9.9600582575E-01
    1055   9.9800555786E-01
    1056   1.0009832764E+00
    1057   1.0046696949E+00
    1058   1.0087037157E+00
    1059   1.0126167348E+00
    1060   1.0160117143E+00
    1061   1.0185460945E+00
    1062   1.0199828203E+00
    1063   1.0202391044E+00
    1064   1.0194071454E+00
    1065   1.0177347074E+00
    1066   1.0155623510E+00
    1067   1.0132446121E+00
    1068   1.0110904794E+00
    1069   1.0093379626E+00
    1070   1.0081508251E+00
    1071   1.0076166381E+00
    1072   1.0077402690E+00
    1073   1.0084440926E+00
    1074   1.0095884243E+00
    1075   1.0110099591E+00
    1076   1.0125610880E+00
    1077   1.0141562271E+00
    1078   1.0156066219E+00
    1079   1.0168861800E+00
    1080   1.0179391729E+00
    1081   1.0187198343E+00
    1082   1.0192304846E+00
    1083   1.0194943089E+00
    1084   1.0195273018E+00
    1085   1.0193205022E+00
    1086   1.0188482575E+00
    1087   1.0180958454E+00
    1088   1.0170845276E+00
    1089   1.0158776767E+00
    1090   1.0145712728E+00
    1091   1.0133026386E+00
    1092   1.0121595469E+00
    1093   1.0113064371E+00
    1094   1.0109009621E+00
    1095   1.0109972068E+00
    1096   1.0115772638E+00
    1097   1.0125202365E+00
    1098   1.0136259686E+00
    1099   1.0146604218E+00
    1100   1.0154005542E+00
    1101   1.0156660767E+00
    1102   1.0153417351E+00
    1103   1.0143989005E+00
    1104   1.0129129836E+00
    1105   1.0110600317E+00
    1106   1.0090797259E+00
    1107   1.0072138808E+00
    1108   1.0056485130E+00
    1109   1.0044865576E+00
    1110   1.0037558874E+00
    1111   1.0034344836E+00
    1112   1.0034704161E+00
    1113   1.0037896439E+00
    1114   1.0043011169E+00
    1115   1.0049120128E+00
    1116   1.0055509548E+00
    1117   1.0061879126E+00
    1118   1.0068029325E+00
    1119   1.0073805413E+00
    1120   1.0078917556E+00
    1121   1.0082677788E+00
    1122   1.0084492680E+00
    1123   1.0084127942E+00
    1124   1.0081795645E+00
    1125   1.0077985411E+00
    1126   1.0073216705E+00
    1127   1.0067921225E+00
    1128   1.0062478355E+00
    1129   1.0057243260E+00
    1130   1.0052423691E+00
    1131   1.0047860682E+00
    1132   1.0042921373E+00
    1133   1.0036679227E+00
    1134   1.0028314790E+00
    1135   1.0017464099E+00
    1136   1.0004278507E+00
    1137   9.9892101466E-01
    1138   9.9727501209E-01
    1139   9.9553500725E-01
    1140   9.9375324258E-01
    1141   9.9199902162E-01
    1142   9.9035035315E-01
    1143   9.8887196539E-01
    1144   9.8760116396E-01
    1145   9.8655970799E-01
    1146   9.8578584124E-01
    1147   9.8535945252E-01
    1148   9.8537379846E-01
    1149   9.8599296111E-01
    1150   9.8729822078E-01
    1151   9.8923469024E-01
    1152   9.9179124875E-01
    1153   9.9489429579E-01
    1154   9.9843688186E-01
    1155   1.0022572530E+00
    1156   1.0061208523E+00
    1157   1.0097377101E+00
    1158   1.0128213384E+00
    1159   1.0151756259E+00
    1160   1.0167016848E+00
    1161   1.0172982364E+00
    1162   1.0171707178E+00
    1163   1.0164321785E+00
    1164   1.0152884399E+00
    1165   1.0140027759E+00
    1166   1.0128443804E+00
    1167   1.0120121247E+00
    1168   1.0115759446E+00
    1169   1.0114758514E+00
    1170   1.0115759543E+00
    1171   1.0117305629E+00
    1172   1.0118188784E+00
    1173   1.0117435992E+00
    1174   1.0114249709E+00
    1175   1.0108209052E+00
    1176   1.0099662224E+00
    1177   1.0089907542E+00
    1178   1.0080861872E+00
    1179   1.0074394670E+00
    1180   1.0071757861E+00
    1181   1.0073290628E+00
    1182   1.0079383397E+00
    1183   1.0090078351E+00
    1184   1.0105308536E+00
    1185   1.0124483207E+00
    1186   1.0146283385E+00
    1187   1.0168952713E+00
    1188   1.0190909841E+00
    1189   1.0211168749E+00
    1190   1.0229234824E+00
    1191   1.0244683020E+00
    1192   1.0256947928E+00
    1193   1.0265615962E+00
    1194   1.0271704788E+00
    1195   1.0275040894E+00
    1196   1.0276077261E+00
    1197   1.0278057404E+00
    1198   1.0279940108E+00
    1199   1.0281100945E+00
    1200   1.0280887055E+00
    1201   1.0278851928E+00
    1202   1.0274502783E+00
    1203   1.0267748366E+00
    1204   1.0255726072E+00
    1205   1.0237831662E+00
    1206   1.0216067558E+00
    1207   1.0190873818E+00
    1208   1.0163986493E+00
    1209   1.0136894105E+00
    1210   1.0110643144E+00
    1211   1.0086107436E+00
    1212   1.0064239133E+00
    1213   1.0045900820E+00
    1214   1.0031396533E+00
    1215   1.0020213637E+00
    1216   1.0011335036E+00
    1217   1.0003959332E+00
    1218   9.9980527846E-01
    1219   9.9942893693E-01
    1220   9.9934820380E-01
    1221   9.9960348995E-01
    1222   1.0001845861E+00
    1223   1.0010613280E+00
    1224   1.0022104470E+00
    1225   1.0036036480E+00
    1226   1.0051690677E+00
    1227   1.0067730647E+00
    1228   1.0082544564E+00
    1229   1.0094930596E+00
    1230   1.0104563724E+00
    1231   1.0111848490E+00
    1232   1.0117334084E+00
    1233   1.0121290050E+00
    1234   1.0123873723E+00
    1235   1.0124498020E+00
    1236   1.0124232923E+00
    1237   1.0123505363E+00
    1238   1.0122313177E+00
    1239   1.0120106200E+00
    1240   1.0116150812E+00
    1241   1.0110226770E+00
    1242   1.0102986641E+00
    1243   1.0095675360E+00
    1244   1.0089505255E+00
    1245   1.0085246047E+00
    1246   1.0083296132E+00
    1247   1.0083988804E+00
    1248   1.0087676402E+00
    1249   1.0094423568E+00
    1250   1.0103635961E+00
    1251   1.0114093996E+00
    1252   1.0124500386E+00
    1253   1.0134133812E+00
    1254   1.0143048356E+00
    1255   1.0151720839E+00
    1256   1.0160502193E+00
    1257   1.0167688466E+00
    1258   1.0173433262E+00
    1259   1.0176797147E+00
    1260   1.0177360994E+00
    1261   1.0175007753E+00
    1262   1.0169599645E+00
    1263   1.0161066784E+00
    1264   1.0149829062E+00
    1265   1.0137121405E+00
    1266   1.0124806613E+00
    1267   1.0114699308E+00
    1268   1.0107876965E+00
    1269   1.0104443160E+00
    1270   1.0103787991E+00
    1271   1.0104992568E+00
    1272   1.0107013933E+00
    1273   1.0108627670E+00
    1274   1.0108570359E+00
    1275   1.0105041767E+00
    1276   1.0097767430E+00
    1277   1.0087220792E+00
    1278   1.0074593679E+00
    1279   1.0061451784E+00
    1280   1.0049073232E+00
    1281   1.0038236595E+00
    1282   1.0029367138E+00
    1283   1.0022745133E+00
    1284   1.0018522934E+00
    1285   1.0016583526E+00
    1286   1.0016506727E+00
    1287   1.0017823535E+00
    1288   1.0020432250E+00
    1289   1.0024827341E+00
    1290   1.0031894054E+00
    1291   1.0042366998E+00
    1292   1.0056332475E+00
    1293   1.0073098965E+00
    1294   1.0091438251E+00
    1295   1.0109907764E+00
    1296   1.0126973801E+00
    1297   1.0140941540E+00
    1298   1.0149969752E+00
    1299   1.0152402902E+00
    1300   1.0147334662E+00
    1301   1.0135029491E+00
    1302   1.0116885366E+00
    1303   1.0094980362E+00
    1304   1.0071562188E+00
    1305   1.0048790627E+00
    1306   1.0028727698E+00
    1307   1.0013300350E+00
    1308   1.0004015800E+00
    1309   1.0001513412E+00
    1310   1.0005273621E+00
    1311   1.0013728367E+00
    1312   1.0024731066E+00
    1313   1.0036079940E+00
    1314   1.0045806402E+00
    1315   1.0052195346E+00
    1316   1.0053583967E+00
    1317   1.0048990158E+00
    1318   1.0038078680E+00
    1319   1.0021526781E+00
    1320   1.0000860547E+00
    1321   9.9779534719E-01
    1322   9.9545424195E-01
    1323   9.9320258351E-01
    1324   9.9114298099E-01
    1325   9.8942690806E-01
    1326   9.8812774528E-01
    1327   9.8728529564E-01
    1328   9.8687656123E-01
    1329   9.8680695767E-01
    1330   9.8694836079E-01
    1331   9.8717745469E-01
    1332   9.8739295626E-01
    1333   9.8750928330E-01
    1334   9.8744889899E-01
    1335   9.8715626204E-01
    1336   9.8663323726E-01
    1337   9.8596828514E-01
    1338   9.8532883665E-01
    1339   9.8491276439E-01
    1340   9.8488637820E-01
    1341   9.8534355830E-01
    1342   9.8630063738E-01
    1343   9.8769797892E-01
    1344   9.8950194681E-01
    1345   9.9152955058E-01
    1346   9.9359122577E-01
    1347   9.9549593807E-01
    1348   9.9706741224E-01
    1349   9.9821199609E-01
    1350   9.9893930301E-01
    1351   9.9933389530E-01
    1352   9.9949960580E-01
    1353   9.9951504496E-01
    1354   9.9942222965E-01
    1355   9.9923699762E-01
    1356   9.9895392207E-01
    1357   9.9853367491E-01
    1358   9.9788966747E-01
    1359   9.9690074027E-01
    1360   9.9545726376E-01
    1361   9.9351642595E-01
    1362   9.9113071722E-01
    1363   9.8843377353E-01
    1364   9.8560126658E-01
    1365   9.8281769976E-01
    1366   9.8026423893E-01
    1367   9.7811615557E-01
    1368   9.7652917464E-01
    1369   9.7560835622E-01
    1370   9.7537543665E-01
    1371   9.7572444292E-01
    1372   9.7652490928E-01
    1373   9.7778212015E-01
    1374   9.7907545617E-01
    1375   9.8035491692E-01
    1376   9.8151038385E-01
    1377   9.8244328801E-01
    1378   9.8308458187E-01
    1379   9.8341262775E-01
    1380   9.8345802556E-01
    1381   9.8328385861E-01
    1382   9.8295292197E-01
    1383   9.8250766203E-01
    1384   9.8197719568E-01
    1385   9.8135132076E-01
    1386   9.8084661584E-01
    1387   9.8051474870E-01
    1388   9.8042561188E-01
    1389   9.8068973319E-01
    1390   9.8133061401E-01
    1391   9.8231419603E-01
    1392   9.8355560831E-01
    1393   9.8492439785E-01
    1394   9.8625039405E-01
    1395   9.8734211508E-01
    1396   9.8802448143E-01
    1397   9.8818625962E-01
    1398   9.8781569715E-01
    1399   9.8700467247E-01
    1400   9.8591967645E-01
    1401   9.8472377446E-01
    1402   9.8372385978E-01
    1403   9.8303869492E-01
    1404   9.8278411669E-01
    1405   9.8305343360E-01
    1406   9.8385237257E-01
    1407   9.8511042409E-01
    1408   9.8668951700E-01
    1409   9.8840537238E-01
    1410   9.9005490582E-01
    1411   9.9144155947E-01
    1412   9.9239706825E-01
    1413   9.9280265814E-01
    1414   9.9261078822E-01
    1415   9.9186146259E-01
    1416   9.9068434171E-01
    1417   9.8927993202E-01
    1418   9.8788233052E-01
    1419   9.8671376763E-01
    1420   9.8594327848E-01
    1421   9.8564101759E-01
    1422   9.8583263381E-01
    1423   9.8648189263E-01
    1424   9.8738770993E-01
    1425   9.8845787694E-01
    1426   9.8960080671E-01
    1427   9.9077533191E-01
    1428   9.9199327512E-01
    1429   9.9330595543E-01
    1430   9.9477997320E-01
    1431   9.9646661566E-01
    1432   9.9836911688E-01
    1433   1.0004161142E+00
    1434   1.0024545670E+00
    1435   1.0042718060E+00
    1436   1.0056434290E+00
    1437   1.0063893072E+00
    1438   1.0064146253E+00
    1439   1.0057236511E+00
    1440   1.0044113902E+00
    1441   1.0026450035E+00
    1442   1.0006391194E+00
    1443   9.9862038300E-01
    1444   9.9677871721E-01
    1445   9.9521765221E-01
    1446   9.9392818765E-01
    1447   9.9280361774E-01
    1448   9.9168955943E-01
    1449   9.9044359685E-01
    1450   9.8897615402E-01
    1451   9.8726249064E-01
    1452   9.8533790344E-01
    1453   9.8329250324E-01
    1454   9.8126726475E-01
    1455   9.7943957251E-01
    1456   9.7798800478E-01
    1457   9.7704434313E-01
    1458   9.7658119128E-01
    1459   9.7675615474E-01
    1460   9.7741171192E-01
    1461   9.7835280709E-01
    1462   9.7955013291E-01
    1463   9.8091783972E-01
    1464   9.8235655994E-01
    1465   9.8375485062E-01
    1466   9.8501282464E-01
    1467   9.8606797943E-01
    1468   9.8689616075E-01
    1469   9.8748373823E-01
    1470   9.8779653567E-01
    1471   9.8777864617E-01
    1472   9.8738710415E-01
    1473   9.8661452348E-01
    1474   9.8555359544E-01
    1475   9.8436526720E-01
    1476   9.8307288310E-01
    1477   9.8176637113E-01
    1478   9.8049478831E-01
    1479   9.7932662398E-01
    1480   9.7836382835E-01
    1481   9.7772125054E-01
    1482   9.7749230907E-01
    1483   9.7773355222E-01
    1484   9.7847904097E-01
    1485   9.7976259765E-01
    1486   9.8157852476E-01
    1487   9.8403800529E-01
    1488   9.8694938923E-01
    1489   9.9007086276E-01
    1490   9.9315816858E-01
    1491   9.9594370805E-01
    1492   9.9823285904E-01
    1493   9.9992043002E-01
    1494   1.0009711835E+00
    1495   1.0014043511E+00
    1496   1.0013041617E+00
    1497   1.0008350037E+00
    1498   1.0002205943E+00
    1499   9.9967570702E-01
    1500   9.9932729575E-01
    1501   9.9918071190E-01
    1502   9.9915246724E-01
    1503   9.9913772234E-01
    1504   9.9905787298E-01
    1505   9.9886188076E-01
    1506   9.9850433642E-01
    1507   9.9794550093E-01
    1508   9.9718887472E-01
    1509   9.9632340383E-01
    1510   9.9552126440E-01
    1511   9.9497782299E-01
    1512   9.9483162617E-01
    1513   9.9512019562E-01
    1514   9.9579308663E-01
    1515   9.9675335263E-01
    1516   9.9787994523E-01
    1517   9.9901387385E-01
    1518   9.9993806836E-01
    1519   1.0003988352E+00
    1520   1.0001812706E+00
    1521   9.9919639019E-01
    1522   9.9751794713E-01
    1523   9.9534553788E-01
    1524   9.9292886872E-01
    1525   9.9051090395E-01
    1526   9.8831358625E-01
    1527   9.8654132116E-01
    1528   9.8536328663E-01
    1529   9.8486693343E-01
    1530   9.8501474868E-01
    1531   9.8564581127E-01
    1532   9.8653150562E-01
    1533   9.8745180362E-01
    1534   9.8824252921E-01
    1535   9.8877746902E-01
    1536   9.8900611649E-01
    1537   9.8885936138E-01
    1538   9.8829772317E-01
    1539   9.8740136021E-01
    1540   9.8630708598E-01
    1541   9.8516937546E-01
    1542   9.8409738032E-01
    1543   9.8313108948E-01
    1544   9.8226961160E-01
    1545   9.8151922808E-01
    1546   9.8091484307E-01
    1547   9.8049912998E-01
    1548   9.8028580997E-01
    1549   9.8024788717E-01
    1550   9.8034200472E-01
    1551   9.8050543063E-01
    1552   9.8094436835E-01
    1553   9.8158959881E-01
    1554   9.8246844759E-01
    1555   9.8358620942E-01
    1556   9.8488292991E-01
    1557   9.8628789727E-01
    1558   9.8773073656E-01
    1559   9.8912180960E-01
    1560   9.9032771587E-01
    1561   9.9118125378E-01
    1562   9.9153798063E-01
    1563   9.9134665970E-01
    1564   9.9068205783E-01
    1565   9.8971811159E-01
    1566   9.8866743434E-01
    1567   9.8773327840E-01
    1568   9.8709665283E-01
    1569   9.8692203222E-01
    1570   9.8734009251E-01
    1571   9.8844307286E-01
    1572   9.9025223686E-01
    1573   9.9258645704E-01
    1574   9.9529411136E-01
    1575   9.9819019489E-01
    1576   1.0011031912E+00
    1577   1.0038629479E+00
    1578   1.0062745179E+00
    1579   1.0081201188E+00
    1580   1.0092074434E+00
    1581   1.0094122696E+00
    1582   1.0086758924E+00
    1583   1.0070911380E+00
    1584   1.0047304590E+00
    1585   1.0017013756E+00
    1586   9.9815663720E-01
    1587   9.9430883622E-01
    1588   9.9040880120E-01
    1589   9.8665210866E-01
    1590   9.8327635554E-01
    1591   9.8039558357E-01
    1592   9.7801862617E-01
    1593   9.7621420204E-01
    1594   9.7503208570E-01
    1595   9.7450002769E-01
    1596   9.7460169000E-01
    1597   9.7528037161E-01
    1598   9.7646923396E-01
    1599   9.7812229653E-01
    1600   9.8018372377E-01
    1601   9.8269856756E-01
    1602   9.8557966757E-01
    1603   9.8858129983E-01
    1604   9.9158166950E-01
    1605   9.9441357113E-01
    1606   9.9694507540E-01
    1607   9.9907612700E-01
    1608   1.0007263588E+00
    1609   1.0018434487E+00
    1610   1.0024335280E+00
    1611   1.0025824004E+00
    1612   1.0024346035E+00
    1613   1.0021333249E+00
    1614   1.0017612516E+00
    1615   1.0013249553E+00
    1616   1.0007881895E+00
    1617   1.0001200860E+00
    1618   9.9931805594E-01
    1619   9.9839636172E-01
    1620   9.9736513223E-01
    1621   9.9622955687E-01
    1622   9.9501104950E-01
    1623   9.9376425091E-01
    1624   9.9256535551E-01
    1625   9.9147726151E-01
    1626   9.9052237321E-01
    1627   9.8968975055E-01
    1628   9.8897176197E-01
    1629   9.8839756911E-01
    1630   9.8803400714E-01
    1631   9.8795452917E-01
    1632   9.8820443098E-01
    1633   9.8879087391E-01
    1634   9.8969983295E-01
    1635   9.9091522402E-01
    1636   9.9241587651E-01
    1637   9.9415142073E-01
    1638   9.9602380548E-01
    1639   9.9790071901E-01
    1640   9.9965886454E-01
    1641   1.0012243298E+00
    1642   1.0025779123E+00
    1643   1.0037241342E+00
    1644   1.0046551181E+00
    1645   1.0053421269E+00
    1646   1.0057579646E+00
    1647   1.0059021224E+00
    1648   1.0058015469E+00
    1649   1.0054888251E+00
    1650   1.0049856696E+00
    1651   1.0043147425E+00
    1652   1.0035320080E+00
    1653   1.0027461676E+00
    1654   1.0021000572E+00
    1655   1.0017219544E+00
    1656   1.0016805049E+00
    1657   1.0019719480E+00
    1658   1.0025396068E+00
    1659   1.0033008077E+00
    1660   1.0041596161E+00
    1661   1.0050078686E+00
    1662   1.0057350032E+00
    1663   1.0062594129E+00
    1664   1.0065675960E+00
    1665   1.0067292475E+00
    1666   1.0068693526E+00
    1667   1.0071112570E+00
    1668   1.0075261612E+00
    1669   1.0081159580E+00
    1670   1.0088279012E+00
    1671   1.0095779443E+00
    1672   1.0102641866E+00
    1673   1.0107740035E+00
    1674   1.0110006048E+00
    1675   1.0108746065E+00
    1676   1.0104035765E+00
    1677   1.0096350524E+00
    1678   1.0086659743E+00
    1679   1.0076137049E+00
    1680   1.0064996996E+00
    1681   1.0053129980E+00
    1682   1.0040209039E+00
    1683   1.0025939534E+00
    1684   1.0010155606E+00
    1685   9.9928304174E-01
    1686   9.9741400732E-01
    1687   9.9546216897E-01
    1688   9.9353019354E-01
    1689   9.9176267849E-01
    1690   9.9031553667E-01
    1691   9.8930658261E-01
    1692   9.8882241138E-01
    1693   9.8890869189E-01
    1694   9.8947387643E-01
    1695   9.9045210403E-01
    1696   9.9172090809E-01
    1697   9.9312193543E-01
    1698   9.9447684250E-01
    1699   9.9561647383E-01
    1700   9.9641359119E-01
    1701   9.9680311750E-01
    1702   9.9678135557E-01
    1703   9.9639119223E-01
    1704   9.9570577944E-01
    1705   9.9481836692E-01
    1706   9.9383547850E-01
    1707   9.9286632247E-01
    1708   9.9200597215E-01
    1709   9.9131970337E-01
    1710   9.9083642065E-01
    1711   9.9055358712E-01
    1712   9.9044804272E-01
    1713   9.9048513152E-01
    1714   9.9062246737E-01
    1715   9.9081287474E-01
    1716   9.9101135678E-01
    1717   9.9118694700E-01
    1718   9.9133371758E-01
    1719   9.9147373888E-01
    1720   9.9164807851E-01
    1721   9.9190019742E-01
    1722   9.9225865877E-01
    1723   9.9272589906E-01
    1724   9.9327451784E-01
    1725   9.9385360869E-01
    1726   9.9441919834E-01
    1727   9.9490168783E-01
    1728   9.9527924303E-01
    1729   9.9556483727E-01
    1730   9.9581439179E-01
    1731   9.9612229752E-01
    1732   9.9660426330E-01
    1733   9.9737225632E-01
    1734   9.9850643820E-01
    1735   1.0000311731E+00
    1736   1.0019020528E+00
    1737   1.0040091640E+00
    1738   1.0061959161E+00
    1739   1.0082871183E+00
    1740   1.0101180714E+00
    1741   1.0115723008E+00
    1742   1.0124849959E+00
    1743   1.0128461241E+00
    1744   1.0126616101E+00
    1745   1.0119801957E+00
    1746   1.0109048164E+00
    1747   1.0095657926E+00
    1748   1.0080978758E+00
    1749   1.0066245843E+00
    1750   1.0052543713E+00
    1751   1.0040830707E+00
    1752   1.0031930336E+00
    1753   1.0026439270E+00
    1754   1.0024606987E+00
    1755   1.0026280985E+00
    1756   1.0030952567E+00
    1757   1.0037845864E+00
    1758   1.0045967462E+00
    1759   1.0054093339E+00
    1760   1.0060784683E+00
    1761   1.0064542415E+00
    1762   1.0064107836E+00
    1763   1.0058782207E+00
    1764   1.0048606021E+00
    1765   1.0034327783E+00
    1766   1.0017246265E+00
    1767   9.9990472333E-01
    1768   9.9816670397E-01
    1769   9.9671116906E-01
    1770   9.9571743159E-01
    1771   9.9530953473E-01
    1772   9.9553266934E-01
    1773   9.9635300141E-01
    1774   9.9767941884E-01
    1775   9.9939083608E-01
    1776   1.0013526065E+00
    1777   1.0034174221E+00
    1778   1.0054232394E+00
    1779   1.0072030425E+00
    1780   1.0086082490E+00
    1781   1.0095313312E+00
    1782   1.0099133508E+00
    1783   1.0097359821E+00
    1784   1.0090142259E+00
    1785   1.0078035930E+00
    1786   1.0062169413E+00
    1787   1.0044294824E+00
    1788   1.0026563757E+00
    1789   1.0011079593E+00
    1790   9.9994650958E-01
    1791   9.9926560294E-01
    1792   9.9909357840E-01
    1793   9.9940491424E-01
    1794   1.0001256519E+00
    1795   1.0011333238E+00
    1796   1.0022652225E+00
    1797   1.0033455478E+00
    1798   1.0042243724E+00
    1799   1.0048066619E+00
    1800   1.0050561020E+00
    1801   1.0049784631E+00
    1802   1.0046053463E+00
    1803   1.0039808855E+00
    1804   1.0032017132E+00
    1805   1.0023869108E+00
    1806   1.0016695758E+00
    1807   1.0011616031E+00
    1808   1.0009237998E+00
    1809   1.0009597516E+00
    1810   1.0012295153E+00
    1811   1.0016660241E+00
    1812   1.0021830292E+00
    1813   1.0026790351E+00
    1814   1.0030511670E+00
    1815   1.0032253680E+00
    1816   1.0031902164E+00
    1817   1.0030110555E+00
    1818   1.0028127668E+00
    1819   1.0027412204E+00
    1820   1.0029259264E+00
    1821   1.0034602601E+00
    1822   1.0043965353E+00
    1823   1.0057418646E+00
    1824   1.0074478962E+00
    1825   1.0094027544E+00
    1826   1.0114400311E+00
    1827   1.0133705427E+00
    1828   1.0150234424E+00
    1829   1.0162742765E+00
    1830   1.0170491617E+00
    1831   1.0173144727E+00
    1832   1.0170701452E+00
    1833   1.0163551617E+00
    1834   1.0152551720E+00
    1835   1.0138961565E+00
    1836   1.0124233909E+00
    1837   1.0109792163E+00
    1838   1.0096258893E+00
    1839   1.0085062672E+00
    1840   1.0076839052E+00
    1841   1.0072145375E+00
    1842   1.0071273203E+00
    1843   1.0074047454E+00
    1844   1.0079815207E+00
    1845   1.0087586820E+00
    1846   1.0096212812E+00
    1847   1.0104478541E+00
    1848   1.0111126721E+00
    1849   1.0114925854E+00
    1850   1.0114869665E+00
    1851   1.0110456250E+00
    1852   1.0101883385E+00
    1853   1.0090032241E+00
    1854   1.0076269205E+00
    1855   1.0062204933E+00
    1856   1.0049512274E+00
    1857   1.0039788750E+00
    1858   1.0034379719E+00
    1859   1.0034135840E+00
    1860   1.0039205215E+00
    1861   1.0049006836E+00
    1862   1.0062441059E+00
    1863   1.0078247646E+00
    1864   1.0095340078E+00
    1865   1.0112993798E+00
    1866   1.0130951799E+00
    1867   1.0149649688E+00
    1868   1.0168479096E+00
    1869   1.0188898797E+00
    1870   1.0211435790E+00
    1871   1.0236157965E+00
    1872   1.0262503262E+00
    1873   1.0289165286E+00
    1874   1.0314314447E+00
    1875   1.0335928525E+00
    1876   1.0353181526E+00
    1877   1.0363186293E+00
    1878   1.0361915685E+00
    1879   1.0353999466E+00
    1880   1.0338313510E+00
    1881   1.0316398401E+00
    1882   1.0290426517E+00
    1883   1.0262706519E+00
    1884   1.0235851044E+00
    1885   1.0210051994E+00
    1886   1.0186804225E+00
    1887   1.0167292198E+00
    1888   1.0150375522E+00
    1889   1.0134932773E+00
    1890   1.0119533107E+00
    1891   1.0102872861E+00
    1892   1.0084129548E+00
    1893   1.0063092698E+00
    1894   1.0040090657E+00
    1895   1.0015856995E+00
    1896   9.9914472579E-01
    1897   9.9681872109E-01
    1898   9.9475552834E-01
    1899   9.9309692581E-01
    1900   9.9195598956E-01
    1901   9.9140623483E-01
    1902   9.9148631279E-01
    1903   9.9221017983E-01
    1904   9.9356706926E-01
    1905   9.9550570876E-01
    1906   9.9791266909E-01
    1907   1.0006034898E+00
    1908   1.0033371139E+00
    1909   1.0058476311E+00
    1910   1.0078770048E+00
    1911   1.0091995516E+00
    1912   1.0096434607E+00
    1913   1.0091202387E+00
    1914   1.0076597556E+00
    1915   1.0054313334E+00
    1916   1.0027293050E+00
    1917   9.9992158052E-01
    1918   9.9738258589E-01
    1919   9.9543775034E-01
    1920   9.9433084351E-01
    1921   9.9420680847E-01
    1922   9.9509737698E-01
    1923   9.9690841899E-01
    1924   9.9942148726E-01
    1925   1.0023237992E+00
    1926   1.0052651978E+00
    1927   1.0079219592E+00
    1928   1.0100421256E+00
    1929   1.0114628955E+00
    1930   1.0121115692E+00
    1931   1.0120067038E+00
    1932   1.0112605652E+00
    1933   1.0100676035E+00
    1934   1.0086660142E+00
    1935   1.0072809535E+00
    1936   1.0060762383E+00
    1937   1.0051370339E+00
    1938   1.0044831063E+00
    1939   1.0040924197E+00
    1940   1.0039154029E+00
    1941   1.0038782683E+00
    1942   1.0038895231E+00
    1943   1.0038605376E+00
    1944   1.0037330281E+00
    1945   1.0034933453E+00
    1946   1.0031604355E+00
    1947   1.0027570208E+00
    1948   1.0022858902E+00
    1949   1.0017355684E+00
    1950   1.0011044678E+00
    1951   1.0004140571E+00
    1952   9.9971109067E-01
    1953   9.9904718660E-01
    1954   9.9846185523E-01
    1955   9.9798146325E-01
    1956   9.9763211246E-01
    1957   9.9744640257E-01
    1958   9.9744898008E-01
    1959   9.9764625856E-01
    1960   9.9801744663E-01
    1961   9.9853030256E-01
    1962   9.9916681682E-01
    1963   9.9993718525E-01
    1964   1.0008693646E+00
    1965   1.0019824571E+00
    1966   1.0032661728E+00
    1967   1.0046814807E+00
    1968   1.0061787905E+00
    1969   1.0076728884E+00
    1970   1.0090932512E+00
    1971   1.0103278159E+00
    1972   1.0112397255E+00
    1973   1.0117023073E+00
    1974   1.0116437452E+00
    1975   1.0110768434E+00
    1976   1.0100958882E+00
    1977   1.0088484305E+00
    1978   1.0075051418E+00
    1979   1.0062413702E+00
    1980   1.0052248666E+00
    1981   1.0045950116E+00
    1982   1.0044308877E+00
    1983   1.0047225559E+00
    1984   1.0053665581E+00
    1985   1.0061924836E+00
    1986   1.0070072059E+00
    1987   1.0076338422E+00
    1988   1.0079334782E+00
    1989   1.0078150415E+00
    1990   1.0072471484E+00
    1991   1.0062746110E+00
    1992   1.0050264886E+00
    1993   1.0036994374E+00
    1994   1.0025162448E+00
    1995   1.0016773319E+00
    1996   1.0013278442E+00
    1997   1.0015484749E+00
    1998   1.0023607713E+00
    1999   1.0037315747E+00
    2000   1.0055720294E+00
    2001   1.0077389893E+00
    2002   1.0100504533E+00
    2003   1.0123213835E+00
    2004   1.0144119337E+00
    2005   1.0160877648E+00
    2006   1.0173301500E+00
    2007   1.0180622642E+00
    2008   1.0182382347E+00
    2009   1.0178642231E+00
    2010   1.0170053660E+00
    2011   1.0157821919E+00
    2012   1.0143481744E+00
    2013   1.0128605121E+00
    2014   1.0114583732E+00
    2015   1.0102520385E+00
    2016   1.0093160115E+00
    2017   1.0086796950E+00
    2018   1.0083200663E+00
    2019   1.0081665117E+00
    2020   1.0081235436E+00
    2021   1.0081037086E+00
    2022   1.0080534527E+00
    2023   1.0079584205E+00
    2024   1.0078377731E+00
    2025   1.0076869874E+00
    2026   1.0075210810E+00
    2027   1.0073430219E+00
    2028   1.0071276717E+00
    2029   1.0068437786E+00
    2030   1.0064501714E+00
    2031   1.0059074050E+00
    2032   1.0051998494E+00
    2033   1.0043590806E+00
    2034   1.0034739226E+00
    2035   1.0026781096E+00
    2036   1.0021200286E+00
    2037   1.0019275684E+00
    2038   1.0021798592E+00
    2039   1.0028901081E+00
    2040   1.0039973852E+00
    2041   1.0053655497E+00
    2042   1.0067933384E+00
    2043   1.0080414708E+00
    2044   1.0088771316E+00
    2045   1.0091259879E+00
    2046   1.0087143614E+00
    2047   1.0076860627E+00
    2048   1.0061897545E+00
    2049   1.0044440417E+00
    2050   1.0026927984E+00
    2051   1.0011619079E+00
    2052   1.0000243448E+00
    2053   9.9937733145E-01
    2054   9.9923499764E-01
    2055   9.9953846363E-01
    2056   1.0001811828E+00
    2057   1.0010424784E+00
    2058   1.0020187206E+00
    2059   1.0030421472E+00
    2060   1.0040836200E+00
    2061   1.0051421369E+00
    2062   1.0062278150E+00
    2063   1.0073448953E+00
    2064   1.0084786889E+00
    2065   1.0095878063E+00
    2066   1.0106035323E+00
    2067   1.0114387807E+00
    2068   1.0120073222E+00
    2069   1.0122504827E+00
    2070   1.0121810167E+00
    2071   1.0117970011E+00
    2072   1.0112524362E+00
    2073   1.0107086749E+00
    2074   1.0103044700E+00
    2075   1.0101577729E+00
    2076   1.0103277525E+00
    2077   1.0108012330E+00
    2078   1.0114939732E+00
    2079   1.0122675149E+00
    2080   1.0129593344E+00
    2081   1.0134200066E+00
    2082   1.0135468318E+00
    2083   1.0133027613E+00
    2084   1.0127149523E+00
    2085   1.0118562912E+00
    2086   1.0108197904E+00
    2087   1.0096966222E+00
    2088   1.0085628684E+00
    2089   1.0074736171E+00
    2090   1.0064607116E+00
    2091   1.0055325874E+00
    2092   1.0046772281E+00
    2093   1.0038693341E+00
    2094   1.0030792214E+00
    2095   1.0022785658E+00
    2096   1.0014400625E+00
    2097   1.0005335291E+00
    2098   9.9952451998E-01
    2099   9.9838022079E-01
    2100   9.9708080483E-01
    2101   9.9562957915E-01
    2102   9.9405589745E-01
    2103   9.9241102754E-01
    2104   9.9076179621E-01
    2105   9.8918692938E-01
    2106   9.8777522042E-01
    2107   9.8662067768E-01
    2108   9.8581057635E-01
    2109   9.8540861033E-01
    2110   9.8543959029E-01
    2111   9.8588224553E-01
    2112   9.8667125647E-01
    2113   9.8770503481E-01
    2114   9.8885488260E-01
    2115   9.8997566813E-01
    2116   9.9092095502E-01
    2117   9.9156461734E-01
    2118   9.9182457984E-01
    2119   9.9167917315E-01
    2120   9.9116764946E-01
    2121   9.9037557137E-01
    2122   9.8941321908E-01
    2123   9.8837510197E-01
    2124   9.8742221165E-01
    2125   9.8664812669E-01
    2126   9.8610843924E-01
    2127   9.8586848340E-01
    2128   9.8594033193E-01
    2129   9.8629736851E-01
    2130   9.8688463452E-01
    2131   9.8763330304E-01
    2132   9.8847167622E-01
    2133   9.8933049978E-01
    2134   9.9014596895E-01
    2135   9.9086596406E-01
    2136   9.9146093320E-01
    2137   9.9193409333E-01
    2138   9.9232298532E-01
    2139   9.9268976175E-01
    2140   9.9310416410E-01
    2141   9.9362696813E-01
    2142   9.9429875431E-01
    2143   9.9513350352E-01
    2144   9.9611345036E-01
    2145   9.9718548303E-01
    2146   9.9826307608E-01
    2147   9.9923870967E-01
    2148   1.0000059430E+00
    2149   1.0004836067E+00
    2150   1.0006313362E+00
    2151   1.0004518378E+00
    2152   9.9998255637E-01
    2153   9.9928415039E-01
    2154   9.9843051551E-01
    2155   9.9750046132E-01
    2156   9.9656815637E-01
    2157   9.9569327873E-01
    2158   9.9491470283E-01
    2159   9.9425175822E-01
    2160   9.9371210904E-01
    2161   9.9329795179E-01
    2162   9.9301304951E-01
    2163   9.9287712629E-01
    2164   9.9285671399E-01
    2165   9.9292934701E-01
    2166   9.9305139209E-01
    2167   9.9316916907E-01
    2168   9.9322724491E-01
    2169   9.9317588171E-01
    2170   9.9297881137E-01
    2171   9.9262194858E-01
    2172   9.9212029103E-01
    2173   9.9151824959E-01
    2174   9.9087947283E-01
    2175   9.9026885748E-01
    2176   9.8973381069E-01
    2177   9.8929285839E-01
    2178   9.8893478971E-01
    2179   9.8862654780E-01
    2180   9.8832433890E-01
    2181   9.8798444066E-01
    2182   9.8757202480E-01
    2183   9.8706809568E-01
    2184   9.8647347105E-01
    2185   9.8580870125E-01
    2186   9.8510907038E-01
    2187   9.8438133575E-01
    2188   9.8374266632E-01
    2189   9.8322651113E-01
    2190   9.8281329414E-01
    2191   9.8256019683E-01
    2192   9.8248273787E-01
    2193   9.8257654147E-01
    2194   9.8281473674E-01
    2195   9.8315273581E-01
    2196   9.8353972004E-01
    2197   9.8393318340E-01
    2198   9.8431085503E-01
    2199   9.8467650331E-01
    2200   9.8505799552E-01
    2201   9.8549821121E-01
    2202   9.8603436893E-01
    2203   9.8667775168E-01
    2204   9.8749241470E-01
    2205   9.8834004291E-01
    2206   9.8914514670E-01
    2207   9.8979476844E-01
    2208   9.9017181005E-01
    2209   9.9018526792E-01
    2210   9.8978779096E-01
    2211   9.8898359823E-01
    2212   9.8782761301E-01
    2213   9.8641778207E-01
    2214   9.8488198275E-01
    2215   9.8336144043E-01
    2216   9.8199369070E-01
    2217   9.8089899920E-01
    2218   9.8017259620E-01
    2219   9.7988157318E-01
    2220   9.8003236102E-01
    2221   9.8066209508E-01
    2222   9.8181619303E-01
    2223   9.8324120119E-01
    2224   9.8486211325E-01
    2225   9.8651657030E-01
    2226   9.8803469340E-01
    2227   9.8926563202E-01
    2228   9.9009868416E-01
    2229   9.9047954561E-01
    2230   9.9042106928E-01
    2231   9.9000614150E-01
    2232   9.8937755599E-01
    2233   9.8871265726E-01
    2234   9.8818694605E-01
    2235   9.8793829432E-01
    2236   9.8804369008E-01
    2237   9.8851429386E-01
    2238   9.8930476786E-01
    2239   9.9032826046E-01
    2240   9.9146978532E-01
    2241   9.9259762546E-01
    2242   9.9357170994E-01
    2243   9.9428364608E-01
    2244   9.9463193873E-01
    2245   9.9456557780E-01
    2246   9.9408225192E-01
    2247   9.9321478513E-01
    2248   9.9203125081E-01
    2249   9.9063495929E-01
    2250   9.8916263931E-01
    2251   9.8777331781E-01
    2252   9.8662451947E-01
    2253   9.8584280520E-01
    2254   9.8550016950E-01
    2255   9.8560535154E-01
    2256   9.8610958574E-01
    2257   9.8692017839E-01
    2258   9.8791442815E-01
    2259   9.8895242078E-01
    2260   9.8989136698E-01
    2261   9.9060428541E-01
    2262   9.9099969403E-01
    2263   9.9103504096E-01
    2264   9.9071820001E-01
    2265   9.9009935469E-01
    2266   9.8925923288E-01
    2267   9.8828159019E-01
    2268   9.8735821309E-01
    2269   9.8659157480E-01
    2270   9.8610238607E-01
    2271   9.8598689971E-01
    2272   9.8626809177E-01
    2273   9.8689749640E-01
    2274   9.8776751731E-01
    2275   9.8873658317E-01
    2276   9.8965698969E-01
    2277   9.9039908228E-01
    2278   9.9087083057E-01
    2279   9.9103363600E-01
    2280   9.9091142888E-01
    2281   9.9058627223E-01
    2282   9.9017677551E-01
    2283   9.8980502433E-01
    2284   9.8956537738E-01
    2285   9.8950779195E-01
    2286   9.8963874358E-01
    2287   9.8993183780E-01
    2288   9.9033725584E-01
    2289   9.9078471049E-01
    2290   9.9117821741E-01
    2291   9.9145911675E-01
    2292   9.9152256614E-01
    2293   9.9133100190E-01
    2294   9.9089838330E-01
    2295   9.9027766214E-01
    2296   9.8954867675E-01
    2297   9.8880010829E-01
    2298   9.8811737954E-01
    2299   9.8757474885E-01
    2300   9.8722582811E-01
    2301   9.8709075245E-01
    2302   9.8714587561E-01
    2303   9.8732508685E-01
    2304   9.8753679052E-01
    2305   9.8768987985E-01
    2306   9.8771585593E-01
    2307   9.8757784732E-01
    2308   9.8726739871E-01
    2309   9.8679792115E-01
    2310   9.8620259281E-01
    2311   9.8551680862E-01
    2312   9.8483063780E-01
    2313   9.8429017592E-01
    2314   9.8388289089E-01
    2315   9.8369970802E-01
    2316   9.8378233297E-01
    2317   9.8416047076E-01
    2318   9.8485660420E-01
    2319   9.8587742819E-01
    2320   9.8719471930E-01
    2321   9.8872848381E-01
    2322   9.9034664926E-01
    2323   9.9188665321E-01
    2324   9.9319055174E-01
    2325   9.9413899540E-01
    2326   9.9467290384E-01
    2327   9.9480139004E-01
    2328   9.9459960539E-01
    2329   9.9419810145E-01
    2330   9.9375989181E-01
    2331   9.9344337338E-01
    2332   9.9335813137E-01
    2333   9.9353025651E-01
    2334   9.9389350305E-01
    2335   9.9431175382E-01
    2336   9.9462206921E-01
    2337   9.9467939395E-01
    2338   9.9438187322E-01
    2339   9.9370411733E-01
    2340   9.9267410173E-01
    2341   9.9137251310E-01
    2342   9.8993451891E-01
    2343   9.8851431872E-01
    2344   9.8725808416E-01
    2345   9.8627633778E-01
    2346   9.8563018627E-01
    2347   9.8533534537E-01
    2348   9.8537598103E-01
    2349   9.8571630469E-01
    2350   9.8630227639E-01
    2351   9.8705719269E-01
    2352   9.8788151310E-01
    2353   9.8866520637E-01
    2354   9.8930993748E-01
    2355   9.8975052063E-01
    2356   9.8996478175E-01
    2357   9.8997044838E-01
    2358   9.8981575036E-01
    2359   9.8957147296E-01
    2360   9.8931366219E-01
    2361   9.8914986856E-01
    2362   9.8918468500E-01
    2363   9.8941898101E-01
    2364   9.8986403626E-01
    2365   9.9046543493E-01
    2366   9.9113759479E-01
    2367   9.9178880172E-01
    2368   9.9234069704E-01
    2369   9.9273787367E-01
    2370   9.9295142279E-01
    2371   9.9298265048E-01
    2372   9.9286746646E-01
    2373   9.9267525308E-01
    2374   9.9249545572E-01
    2375   9.9241323793E-01
    2376   9.9248429344E-01
    2377   9.9272061330E-01
    2378   9.9309203179E-01
    2379   9.9353874904E-01
    2380   9.9398544671E-01
    2381   9.9435158111E-01
    2382   9.9455971767E-01
    2383   9.9454682026E-01
    2384   9.9427945109E-01
    2385   9.9376675845E-01
    2386   9.9306250321E-01
    2387   9.9225279796E-01
    2388   9.9143528134E-01
    2389   9.9069976561E-01
    2390   9.9011731708E-01
    2391   9.8973687183E-01
    2392   9.8956882077E-01
    2393   9.8965588314E-01
    2394   9.8994904883E-01
    2395   9.9038387453E-01
    2396   9.9090926205E-01
    2397   9.9147226897E-01
    2398   9.9204263425E-01
    2399   9.9261565193E-01
    2400   9.9320355510E-01
    2401   9.9382243285E-01
    2402   9.9448308975E-01
    2403   9.9518896803E-01
    2404   9.9593753148E-01
    2405   9.9671934829E-01
    2406   9.9751320391E-01
    2407   9.9828075598E-01
    2408   9.9896625554E-01
    2409   9.9950361557E-01
    2410   9.9982759387E-01
    2411   9.9988386865E-01
    2412   9.9963594874E-01
    2413   9.9907118362E-01
    2414   9.9820913678E-01
    2415   9.9711161995E-01
    2416   9.9588774047E-01
    2417   9.9468626555E-01
    2418   9.9367330201E-01
    2419   9.9300138296E-01
    2420   9.9278067663E-01
    2421   9.9306114130E-01
    2422   9.9382770820E-01
    2423   9.9500526133E-01
    2424   9.9646948866E-01
    2425   9.9806223604E-01
    2426   9.9961189255E-01
    2427   1.0009581066E+00
    2428   1.0019754440E+00
    2429   1.0025881355E+00
    2430   1.0027711292E+00
    2431   1.0025399701E+00
    2432   1.0019377423E+00
    2433   1.0010271649E+00
    2434   9.9988918956E-01
    2435   9.9862281681E-01
    2436   9.9733994591E-01
    2437   9.9615399341E-01
    2438   9.9516664972E-01
    2439   9.9445872988E-01
    2440   9.9408679088E-01
    2441   9.9408179478E-01
    2442   9.9444510821E-01
    2443   9.9514136524E-01
    2444   9.9609315342E-01
    2445   9.9718470125E-01
    2446   9.9827752236E-01
    2447   9.9923364609E-01
    2448   9.9993796950E-01
    2449   1.0003134041E+00
    2450   1.0003281855E+00
    2451   9.9999887639E-01
    2452   9.9939088605E-01
    2453   9.9861331872E-01
    2454   9.9780360993E-01
    2455   9.9710219412E-01
    2456   9.9662464721E-01
    2457   9.9644223377E-01
    2458   9.9657748718E-01
    2459   9.9701229008E-01
    2460   9.9769980117E-01
    2461   9.9857251435E-01
    2462   9.9954517532E-01
    2463   1.0005174968E+00
    2464   1.0013820016E+00
    2465   1.0020367163E+00
    2466   1.0023976175E+00
    2467   1.0024058952E+00
    2468   1.0020304883E+00
    2469   1.0012705295E+00
    2470   1.0001611351E+00
    2471   9.9877925983E-01
    2472   9.9724227585E-01
    2473   9.9569438198E-01
    2474   9.9428399107E-01
    2475   9.9314107177E-01
    2476   9.9236294309E-01
    2477   9.9200877131E-01
    2478   9.9209574390E-01
    2479   9.9264121652E-01
    2480   9.9357011061E-01
    2481   9.9480474312E-01
    2482   9.9624510311E-01
    2483   9.9777980780E-01
    2484   9.9930250159E-01
    2485   1.0007177313E+00
    2486   1.0019395626E+00
    2487   1.0028891403E+00
    2488   1.0034986325E+00
    2489   1.0037224734E+00
    2490   1.0035495723E+00
    2491   1.0030081131E+00
    2492   1.0021598359E+00
    2493   1.0010874107E+00
    2494   9.9988163287E-01
    2495   9.9863165941E-01
    2496   9.9741721179E-01
    2497   9.9630091164E-01
    2498   9.9532270234E-01
    2499   9.9450087677E-01
    2500   9.9384278901E-01
    2501   9.9336178020E-01
    2502   9.9309151466E-01
    2503   9.9308895369E-01
    2504   9.9342352179E-01
    2505   9.9415696716E-01
    2506   9.9532217534E-01
    2507   9.9690707624E-01
    2508   9.9884612264E-01
    2509   1.0010194533E+00
    2510   1.0032610941E+00
    2511   1.0053781408E+00
    2512   1.0071810361E+00
    2513   1.0085192635E+00
    2514   1.0093119033E+00
    2515   1.0095623084E+00
    2516   1.0093527301E+00
    2517   1.0088226472E+00
    2518   1.0081448600E+00
    2519   1.0074730986E+00
    2520   1.0069399400E+00
    2521   1.0066479703E+00
    2522   1.0066077592E+00
    2523   1.0067717470E+00
    2524   1.0070358506E+00
    2525   1.0072632323E+00
    2526   1.0073161045E+00
    2527   1.0070875786E+00
    2528   1.0065259144E+00
    2529   1.0056459376E+00
    2530   1.0045254888E+00
    2531   1.0032881695E+00
    2532   1.0020764096E+00
    2533   1.0010209037E+00
    2534   1.0002134405E+00
    2535   9.9968924656E-01
    2536   9.9942221479E-01
    2537   9.9933370752E-01
    2538   9.9931285865E-01
    2539   9.9924390891E-01
    2540   9.9903440755E-01
    2541   9.9863738654E-01
    2542   9.9806141019E-01
    2543   9.9736643555E-01
    2544   9.9664810870E-01
    2545   9.9601654614E-01
    2546   9.9557618085E-01
    2547   9.9541067108E-01
    2548   9.9557318948E-01
    2549   9.9608094257E-01
    2550   9.9691308879E-01
    2551   9.9801228128E-01
    2552   9.9929048347E-01
    2553   1.0006385766E+00
    2554   1.0019377608E+00
    2555   1.0030709892E+00
    2556   1.0039342154E+00
    2557   1.0044479323E+00
    2558   1.0045683221E+00
    2559   1.0042950059E+00
    2560   1.0036711142E+00
    2561   1.0027740720E+00
    2562   1.0017007318E+00
    2563   1.0005531978E+00
    2564   9.9943015119E-01
    2565   9.9842362275E-01
    2566   9.9761677796E-01
    2567   9.9707882393E-01
    2568   9.9685764625E-01
    2569   9.9697416785E-01
    2570   9.9742219975E-01
    2571   9.9817364312E-01
    2572   9.9918500980E-01
    2573   1.0004013607E+00
    2574   1.0017581309E+00
    2575   1.0031844709E+00
    2576   1.0046108024E+00
    2577   1.0059784564E+00
    2578   1.0072451475E+00
    2579   1.0083814509E+00
    2580   1.0093609152E+00
    2581   1.0101518823E+00
    2582   1.0107180532E+00
    2583   1.0110276436E+00
    2584   1.0110638728E+00
    2585   1.0108290723E+00
    2586   1.0103421801E+00
    2587   1.0096354213E+00
    2588   1.0087555341E+00
    2589   1.0077683963E+00
    2590   1.0067598150E+00
    2591   1.0058261961E+00
    2592   1.0050574777E+00
    2593   1.0045208305E+00
    2594   1.0042527932E+00
    2595   1.0042602769E+00
    2596   1.0045242080E+00
    2597   1.0049999757E+00
    2598   1.0056166199E+00
    2599   1.0062817580E+00
    2600   1.0069035763E+00
    2601   1.0073894093E+00
    2602   1.0076861628E+00
    2603   1.0077971739E+00
    2604   1.0077274308E+00
    2605   1.0074960049E+00
    2606   1.0071223992E+00
    2607   1.0066294253E+00
    2608   1.0060486472E+00
    2609   1.0054193485E+00
    2610   1.0047803557E+00
    2611   1.0041620245E+00
    2612   1.0035855849E+00
    2613   1.0030696789E+00
    2614   1.0026362890E+00
    2615   1.0023088619E+00
    2616   1.0021040656E+00
    2617   1.0020263222E+00
    2618   1.0020723062E+00
    2619   1.0022436295E+00
    2620   1.0025568483E+00
    2621   1.0030403722E+00
    2622   1.0037181372E+00
    2623   1.0045908745E+00
    2624   1.0056267447E+00
    2625   1.0067653379E+00
    2626   1.0079286537E+00
    2627   1.0090301823E+00
    2628   1.0099804300E+00
    2629   1.0106960643E+00
    2630   1.0111187126E+00
    2631   1.0112398829E+00
    2632   1.0111175949E+00
    2633   1.0108704812E+00
    2634   1.0106480928E+00
    2635   1.0105914506E+00
    2636   1.0108011488E+00
    2637   1.0113287141E+00
    2638   1.0121727527E+00
    2639   1.0132014007E+00
    2640   1.0143516025E+00
    2641   1.0154456532E+00
    2642   1.0163074494E+00
    2643   1.0167929239E+00
    2644   1.0168223107E+00
    2645   1.0163942046E+00
    2646   1.0155753268E+00
    2647   1.0144780783E+00
    2648   1.0132405400E+00
    2649   1.0120144547E+00
    2650   1.0109544583E+00
    2651   1.0101997575E+00
    2652   1.0098494127E+00
    2653   1.0099431876E+00
    2654   1.0104592558E+00
    2655   1.0113294286E+00
    2656   1.0124781561E+00
    2657   1.0137840749E+00
    2658   1.0150906311E+00
    2659   1.0163420381E+00
    2660   1.0174043534E+00
    2661   1.0181970545E+00
    2662   1.0186909450E+00
    2663   1.0189093223E+00
    2664   1.0189098772E+00
    2665   1.0187602510E+00
    2666   1.0185225664E+00
    2667   1.0182511868E+00
    2668   1.0179945477E+00
    2669   1.0177896649E+00
    2670   1.0176749118E+00
    2671   1.0176024487E+00
    2672   1.0174581670E+00
    2673   1.0173105945E+00
    2674   1.0170828293E+00
    2675   1.0167678001E+00
    2676   1.0163771104E+00
    2677   1.0159287640E+00
    2678   1.0154447309E+00
    2679   1.0149576560E+00
    2680   1.0145155061E+00
    2681   1.0141734080E+00
    2682   1.0139747537E+00
    2683   1.0139348567E+00
    2684   1.0140392165E+00
    2685   1.0142562807E+00
    2686   1.0145705035E+00
    2687   1.0149323217E+00
    2688   1.0152494190E+00
    2689   1.0155532915E+00
    2690   1.0157492442E+00
    2691   1.0157768527E+00
    2692   1.0155949913E+00
    2693   1.0151845901E+00
    2694   1.0145421095E+00
    2695   1.0136740183E+00
    2696   1.0126011044E+00
    2697   1.0113699121E+00
    2698   1.0100582409E+00
    2699   1.0087642395E+00
    2700   1.0075822206E+00
    2701   1.0065799639E+00
    2702   1.0057903291E+00
    2703   1.0052182724E+00
    2704   1.0048526358E+00
    2705   1.0046716993E+00
    2706   1.0046414987E+00
    2707   1.0047158825E+00
    2708   1.0048458719E+00
    2709   1.0049962485E+00
    2710   1.0051576620E+00
    2711   1.0053438204E+00
    2712   1.0055770425E+00
    2713   1.0058682835E+00
    2714   1.0061992604E+00
    2715   1.0065721993E+00
    2716   1.0069763050E+00
    2717   1.0074138620E+00
    2718   1.0078885363E+00
    2719   1.0083934214E+00
    2720   1.0089063463E+00
    2721   1.0093947668E+00
    2722   1.0098237232E+00
    2723   1.0101587817E+00
    2724   1.0103637841E+00
    2725   1.0104016245E+00
    2726   1.0102449891E+00
    2727   1.0098946336E+00
    2728   1.0093934313E+00
    2729   1.0088245366E+00
    2730   1.0082929252E+00
    2731   1.0079011016E+00
    2732   1.0077314183E+00
    2733   1.0078396489E+00
    2734   1.0082547500E+00
    2735   1.0089770400E+00
    2736   1.0099734416E+00
    2737   1.0111762180E+00
    2738   1.0124921109E+00
    2739   1.0138276838E+00
    2740   1.0151270859E+00
    2741   1.0162226852E+00
    2742   1.0171663034E+00
    2743   1.0179251883E+00
    2744   1.0184821851E+00
    2745   1.0188427241E+00
    2746   1.0190298322E+00
    2747   1.0190799596E+00
    2748   1.0190312783E+00
    2749   1.0189123009E+00
    2750   1.0187391023E+00
    2751   1.0185218541E+00
    2752   1.0182727101E+00
    2753   1.0180352264E+00
    2754   1.0177742938E+00
    2755   1.0174314732E+00
    2756   1.0170953382E+00
    2757   1.0166951777E+00
    2758   1.0162221064E+00
    2759   1.0156934503E+00
    2760   1.0151492336E+00
    2761   1.0146407529E+00
    2762   1.0142181886E+00
    2763   1.0139215485E+00
    2764   1.0137733413E+00
    2765   1.0137698946E+00
    2766   1.0138728536E+00
    2767   1.0140080806E+00
    2768   1.0140781142E+00
    2769   1.0139911169E+00
    2770   1.0137001024E+00
    2771   1.0131035549E+00
    2772   1.0123122562E+00
    2773   1.0113862194E+00
    2774   1.0104186711E+00
    2775   1.0095284554E+00
    2776   1.0088410987E+00
    2777   1.0084733595E+00
    2778   1.0085133864E+00
    2779   1.0090028945E+00
    2780   1.0099291593E+00
    2781   1.0112303612E+00
    2782   1.0128105729E+00
    2783   1.0145567439E+00
    2784   1.0163525182E+00
    2785   1.0180895400E+00
    2786   1.0196791272E+00
    2787   1.0210644005E+00
    2788   1.0222702069E+00
    2789   1.0232817458E+00
    2790   1.0239956219E+00
    2791   1.0246607891E+00
    2792   1.0252338983E+00
    2793   1.0257302388E+00
    2794   1.0261615724E+00
    2795   1.0265366642E+00
    2796   1.0268578429E+00
    2797   1.0271187302E+00
    2798   1.0274065481E+00
    2799   1.0274054142E+00
    2800   1.0272686580E+00
    2801   1.0270468572E+00
    2802   1.0266760663E+00
    2803   1.0261504439E+00
    2804   1.0254618455E+00
    2805   1.0246068228E+00
    2806   1.0235953943E+00
    2807   1.0224659967E+00
    2808   1.0212857416E+00
    2809   1.0199022417E+00
    2810   1.0185431084E+00
    2811   1.0171856269E+00
    2812   1.0158491291E+00
    2813   1.0145773903E+00
    2814   1.0134186900E+00
    2815   1.0124180424E+00
    2816   1.0116139310E+00
    2817   1.0110411294E+00
    2818   1.0107343803E+00
    2819   1.0107265724E+00
    2820   1.0110404830E+00
    2821   1.0116798470E+00
    2822   1.0126261572E+00
    2823   1.0138424715E+00
    2824   1.0152791914E+00
    2825   1.0169155174E+00
    2826   1.0186191609E+00
    2827   1.0202644753E+00
    2828   1.0218506093E+00
    2829   1.0232558625E+00
    2830   1.0244200207E+00
    2831   1.0253120805E+00
    2832   1.0259243198E+00
    2833   1.0262620234E+00
    2834   1.0263362823E+00
    2835   1.0261974852E+00
    2836   1.0258633215E+00
    2837   1.0251147375E+00
    2838   1.0242415925E+00
    2839   1.0231337371E+00
    2840   1.0217636982E+00
    2841   1.0201307748E+00
    2842   1.0182685069E+00
    2843   1.0162488488E+00
    2844   1.0141739945E+00
    2845   1.0121629758E+00
    2846   1.0103397800E+00
    2847   1.0088236850E+00
    2848   1.0077179396E+00
    2849   1.0070945924E+00
    2850   1.0069795216E+00
    2851   1.0073453839E+00
    2852   1.0081283498E+00
    2853   1.0092007273E+00
    2854   1.0104367363E+00
    2855   1.0117219324E+00
    2856   1.0129236294E+00
    2857   1.0139302532E+00
    2858   1.0146591098E+00
    2859   1.0150718508E+00
    2860   1.0151816763E+00
    2861   1.0150466464E+00
    2862   1.0147518637E+00
    2863   1.0143890760E+00
    2864   1.0140403204E+00
    2865   1.0137660756E+00
    2866   1.0135949205E+00
    2867   1.0135147239E+00
    2868   1.0134708545E+00
    2869   1.0133780373E+00
    2870   1.0131522821E+00
    2871   1.0127345782E+00
    2872   1.0120406534E+00
    2873   1.0111760020E+00
    2874   1.0101900899E+00
    2875   1.0091729350E+00
    2876   1.0082255131E+00
    2877   1.0074407029E+00
    2878   1.0068872565E+00
    2879   1.0065950705E+00
    2880   1.0065479047E+00
    2881   1.0066891913E+00
    2882   1.0069396733E+00
    2883   1.0072184975E+00
    2884   1.0074581119E+00
    2885   1.0076095237E+00
    2886   1.0076421408E+00
    2887   1.0075446623E+00
    2888   1.0073281436E+00
    2889   1.0070261356E+00
    2890   1.0066864117E+00
    2891   1.0063554771E+00
    2892   1.0060640967E+00
    2893   1.0058223991E+00
    2894   1.0056255198E+00
    2895   1.0054628151E+00
    2896   1.0053224778E+00
    2897   1.0051898005E+00
    2898   1.0050446779E+00
    2899   1.0048648552E+00
    2900   1.0046348241E+00
    2901   1.0043536317E+00
    2902   1.0040350084E+00
    2903   1.0037002302E+00
    2904   1.0033709721E+00
    2905   1.0030686562E+00
    2906   1.0028188732E+00
    2907   1.0026526168E+00
    2908   1.0025975999E+00
    2909   1.0026618015E+00
    2910   1.0028198100E+00
    2911   1.0030122023E+00
    2912   1.0031596635E+00
    2913   1.0031747687E+00
    2914   1.0029928145E+00
    2915   1.0025685527E+00
    2916   1.0018869507E+00
    2917   1.0009718960E+00
    2918   9.9989119160E-01
    2919   9.9875134153E-01
    2920   9.9767770091E-01
    2921   9.9678617602E-01
    2922   9.9615931952E-01
    2923   9.9583708136E-01
    2924   9.9583362173E-01
    2925   9.9611972329E-01
    2926   9.9665271015E-01
    2927   9.9736583880E-01
    2928   9.9816939066E-01
    2929   9.9896191203E-01
    2930   9.9964878442E-01
    2931   1.0001588858E+00
    2932   1.0004505974E+00
    2933   1.0005074873E+00
    2934   1.0003327594E+00
    2935   9.9995040571E-01
    2936   9.9941158728E-01
    2937   9.9879633910E-01
    2938   9.9820266957E-01
    2939   9.9772542809E-01
    2940   9.9743644599E-01
    2941   9.9737595789E-01
    2942   9.9755542304E-01
    2943   9.9796279729E-01
    2944   9.9856218980E-01
    2945   9.9928888937E-01
    2946   1.0000492454E+00
    2947   1.0007333812E+00
    2948   1.0012384909E+00
    2949   1.0014905575E+00
    2950   1.0014530368E+00
    2951   1.0011216026E+00
    2952   1.0005147147E+00
    2953   9.9966981371E-01
    2954   9.9864524778E-01
    2955   9.9751880904E-01
    2956   9.9637548456E-01
    2957   9.9528782719E-01
    2958   9.9430144393E-01
    2959   9.9343543829E-01
    2960   9.9269557059E-01
    2961   9.9208743678E-01
    2962   9.9161838022E-01
    2963   9.9128847007E-01
    2964   9.9108170494E-01
    2965   9.9096819146E-01
    2966   9.9091698093E-01
    2967   9.9090813679E-01
    2968   9.9093260131E-01
    2969   9.9097986796E-01
    2970   9.9102541292E-01
    2971   9.9103097615E-01
    2972   9.9095936649E-01
    2973   9.9079210600E-01
    2974   9.9053555747E-01
    2975   9.9021157551E-01
    2976   9.8984220526E-01
    2977   9.8944188557E-01
    2978   9.8902177340E-01
    2979   9.8859844400E-01
    2980   9.8817820818E-01
    2981   9.8781482710E-01
    2982   9.8753206000E-01
    2983   9.8729104738E-01
    2984   9.8711705964E-01
    2985   9.8703245667E-01
    2986   9.8707530828E-01
    2987   9.8728305760E-01
    2988   9.8767054369E-01
    2989   9.8821822472E-01
    2990   9.8887802124E-01
    2991   9.8958993122E-01
    2992   9.9029540247E-01
    2993   9.9093930869E-01
    2994   9.9146510722E-01
    2995   9.9181480629E-01
    2996   9.9193974945E-01
    2997   9.9181568699E-01
    2998   9.9144934314E-01
    2999   9.9087040178E-01
    3000   9.9011630002E-01
    3001   9.8922398670E-01
    3002   9.8823570253E-01
    3003   9.8719599848E-01
    3004   9.8619537506E-01
    3005   9.8538176160E-01
    3006   9.8475488615E-01
    3007   9.8437877611E-01
    3008   9.8425468973E-01
    3009   9.8435335680E-01
    3010   9.8462627136E-01
    3011   9.8500805552E-01
    3012   9.8541384604E-01
    3013   9.8574332775E-01
    3014   9.8589937729E-01
    3015   9.8581564687E-01
    3016   9.8547665911E-01
    3017   9.8491684233E-01
    3018   9.8420003906E-01
    3019   9.8339381313E-01
    3020   9.8250770533E-01
    3021   9.8171402776E-01
    3022   9.8100972265E-01
    3023   9.8040318295E-01
    3024   9.7995558610E-01
    3025   9.7967826145E-01
    3026   9.7956339485E-01
    3027   9.7959910517E-01
    3028   9.7978389798E-01
    3029   9.8012713431E-01
    3030   9.8063339665E-01
    3031   9.8128257649E-01
    3032   9.8202133794E-01
    3033   9.8273441311E-01
    3034   9.8345147085E-01
    3035   9.8405650998E-01
    3036   9.8447746616E-01
    3037   9.8472030750E-01
    3038   9.8477402755E-01
    3039   9.8464733968E-01
    3040   9.8437889838E-01
    3041   9.8403669597E-01
    3042   9.8370062146E-01
    3043   9.8343672548E-01
    3044   9.8327968619E-01
    3045   9.8323377855E-01
    3046   9.8328767917E-01
    3047   9.8342816397E-01
    3048   9.8363342365E-01
    3049   9.8385332234E-01
    3050   9.8415774616E-01
    3051   9.8437254491E-01
    3052   9.8446891963E-01
    3053   9.8442488584E-01
    3054   9.8423689229E-01
    3055   9.8392123425E-01
    3056   9.8350534895E-01
    3057   9.8302857087E-01
    3058   9.8255109101E-01
    3059   9.8215842662E-01
    3060   9.8194933672E-01
    3061   9.8200783627E-01
    3062   9.8237347865E-01
    3063   9.8302250719E-01
    3064   9.8385179420E-01
    3065   9.8486781603E-01
    3066   9.8584055308E-01
    3067   9.8665476937E-01
    3068   9.8719898011E-01
    3069   9.8736571494E-01
    3070   9.8709018259E-01
    3071   9.8637198270E-01
    3072   9.8527796319E-01
    3073   9.8392152087E-01
    3074   9.8243032713E-01
    3075   9.8092139624E-01
    3076   9.7949362939E-01
    3077   9.7823220441E-01
    3078   9.7720919524E-01
    3079   9.7639246994E-01
    3080   9.7602855251E-01
    3081   9.7598960063E-01
    3082   9.7617103830E-01
    3083   9.7657871313E-01
    3084   9.7717959982E-01
    3085   9.7795263510E-01
    3086   9.7887814919E-01
    3087   9.7992751414E-01
    3088   9.8106367754E-01
    3089   9.8225159321E-01
    3090   9.8346669516E-01
    3091   9.8466232944E-01
    3092   9.8588682840E-01
    3093   9.8704470935E-01
    3094   9.8802797015E-01
    3095   9.8877648582E-01
    3096   9.8922175666E-01
    3097   9.8932502712E-01
    3098   9.8907612778E-01
    3099   9.8848658215E-01
    3100   9.8758925464E-01
    3101   9.8644678724E-01
    3102   9.8515812121E-01
    3103   9.8384991337E-01
    3104   9.8265073475E-01
    3105   9.8166023652E-01
    3106   9.8093006156E-01
    3107   9.8046444655E-01
    3108   9.8020811258E-01
    3109   9.8012523345E-01
    3110   9.8028639560E-01
    3111   9.8045577299E-01
    3112   9.8063337114E-01
    3113   9.8078378002E-01
    3114   9.8090422395E-01
    3115   9.8103250259E-01
    3116   9.8123195421E-01
    3117   9.8156423010E-01
    3118   9.8206592759E-01
    3119   9.8274149890E-01
    3120   9.8357190272E-01
    3121   9.8452742577E-01
    3122   9.8555980084E-01
    3123   9.8664166311E-01
    3124   9.8775813811E-01
    3125   9.8877090026E-01
    3126   9.8965862249E-01
    3127   9.9038921521E-01
    3128   9.9094844087E-01
    3129   9.9132890754E-01
    3130   9.9151816598E-01
    3131   9.9149885774E-01
    3132   9.9126134604E-01
    3133   9.9081720919E-01
    3134   9.9020088612E-01
    3135   9.8945762419E-01
    3136   9.8862842853E-01
    3137   9.8774500680E-01
    3138   9.8683789224E-01
    3139   9.8594854285E-01
    3140   9.8513294512E-01
    3141   9.8445248095E-01
    3142   9.8395938410E-01
    3143   9.8368502226E-01
    3144   9.8361005603E-01
    3145   9.8386442643E-01
    3146   9.8435375698E-01
    3147   9.8505882839E-01
    3148   9.8594939455E-01
    3149   9.8694564794E-01
    3150   9.8794538976E-01
    3151   9.8884307331E-01
    3152   9.8954563481E-01
    3153   9.8997761084E-01
    3154   9.9007887406E-01
    3155   9.8980521223E-01
    3156   9.8913816435E-01
    3157   9.8809954934E-01
    3158   9.8675892099E-01
    3159   9.8522587571E-01
    3160   9.8363039430E-01
    3161   9.8210252808E-01
    3162   9.8073039986E-01
    3163   9.7963030842E-01
    3164   9.7902645635E-01
    3165   9.7880514170E-01
    3166   9.7904720597E-01
    3167   9.7973617891E-01
    3168   9.8081120712E-01
    3169   9.8218367132E-01
    3170   9.8375330456E-01
    3171   9.8541837199E-01
    3172   9.8707805012E-01
    3173   9.8863310190E-01
    3174   9.8999263404E-01
    3175   9.9108804292E-01
    3176   9.9188634886E-01
    3177   9.9239270387E-01
    3178   9.9263892278E-01
    3179   9.9266518441E-01
    3180   9.9250453481E-01
    3181   9.9217582016E-01
    3182   9.9172953121E-01
    3183   9.9116494906E-01
    3184   9.9051265137E-01
    3185   9.8980352305E-01
    3186   9.8907354364E-01
    3187   9.8837514300E-01
    3188   9.8778415583E-01
    3189   9.8739585771E-01
    3190   9.8730802424E-01
    3191   9.8759840548E-01
    3192   9.8830828043E-01
    3193   9.8943935408E-01
    3194   9.9096202086E-01
    3195   9.9282651483E-01
    3196   9.9496948450E-01
    3197   9.9731529087E-01
    3198   9.9977711814E-01
    3199   1.0022624784E+00
    3200   1.0046816577E+00
    3201   1.0069526475E+00
    3202   1.0089978808E+00
    3203   1.0107357344E+00
    3204   1.0120759014E+00
    3205   1.0129261033E+00
    3206   1.0132090666E+00
    3207   1.0128809558E+00
    3208   1.0119423878E+00
    3209   1.0104400323E+00
    3210   1.0084631954E+00
    3211   1.0061395197E+00
    3212   1.0036283184E+00
    3213   1.0011062012E+00
    3214   9.9874272307E-01
    3215   9.9667161011E-01
    3216   9.9496837497E-01
    3217   9.9364306754E-01
    3218   9.9264928828E-01
    3219   9.9190360897E-01
    3220   9.9130783201E-01
    3221   9.9076964925E-01
    3222   9.9022075199E-01
    3223   9.8963164507E-01
    3224   9.8901970273E-01
    3225   9.8844537583E-01
    3226   9.8799430131E-01
    3227   9.8774949462E-01
    3228   9.8776311918E-01
    3229   9.8803754710E-01
    3230   9.8852062381E-01
    3231   9.8911396551E-01
    3232   9.8968977562E-01
    3233   9.9011210251E-01
    3234   9.9026032646E-01
    3235   9.9005283473E-01
    3236   9.8946345401E-01
    3237   9.8851720304E-01
    3238   9.8738445359E-01
    3239   9.8616890993E-01
    3240   9.8504221819E-01
    3241   9.8416350460E-01
    3242   9.8365372355E-01
    3243   9.8358893156E-01
    3244   9.8399523285E-01
    3245   9.8484875197E-01
    3246   9.8608055182E-01
    3247   9.8758736173E-01
    3248   9.8924783232E-01
    3249   9.9094144158E-01
    3250   9.9256543108E-01
    3251   9.9404571055E-01
    3252   9.9534021841E-01
    3253   9.9643572238E-01
    3254   9.9734007685E-01
    3255   9.9807174657E-01
    3256   9.9864845057E-01
    3257   9.9907761928E-01
    3258   9.9935205413E-01
    3259   9.9945307669E-01
    3260   9.9936035328E-01
    3261   9.9906417820E-01
    3262   9.9857475339E-01
    3263   9.9792481354E-01
    3264   9.9716554133E-01
    3265   9.9635861255E-01
    3266   9.9556792204E-01
    3267   9.9485339361E-01
    3268   9.9426769323E-01
    3269   9.9385563696E-01
    3270   9.9365562289E-01
    3271   9.9370130473E-01
    3272   9.9402121996E-01
    3273   9.9466001957E-01
    3274   9.9562198009E-01
    3275   9.9691485621E-01
    3276   9.9852216680E-01
    3277   1.0003953710E+00
    3278   1.0024528139E+00
    3279   1.0045826813E+00
    3280   1.0066569718E+00
    3281   1.0085433310E+00
    3282   1.0100861381E+00
    3283   1.0112262466E+00
    3284   1.0119227841E+00
    3285   1.0121974089E+00
    3286   1.0121244028E+00
    3287   1.0118144212E+00
    3288   1.0113936325E+00
    3289   1.0109824366E+00
    3290   1.0106777036E+00
    3291   1.0105409670E+00
    3292   1.0105937184E+00
    3293   1.0108198363E+00
    3294   1.0111737372E+00
    3295   1.0115914090E+00
    3296   1.0120009055E+00
    3297   1.0123299619E+00
    3298   1.0125106758E+00
    3299   1.0124831480E+00
    3300   1.0122000065E+00
    3301   1.0116319464E+00
    3302   1.0107810353E+00
    3303   1.0096474486E+00
    3304   1.0082624170E+00
    3305   1.0067185237E+00
    3306   1.0050676149E+00
    3307   1.0033844033E+00
    3308   1.0017439813E+00
    3309   1.0002140613E+00
    3310   9.9884690762E-01
    3311   9.9767315176E-01
    3312   9.9669960676E-01
    3313   9.9591125779E-01
    3314   9.9527568196E-01
    3315   9.9474793526E-01
    3316   9.9427549089E-01
    3317   9.9380047813E-01
    3318   9.9327878519E-01
    3319   9.9269196979E-01
    3320   9.9201846900E-01
    3321   9.9128696474E-01
    3322   9.9054566578E-01
    3323   9.8986088633E-01
    3324   9.8930859215E-01
    3325   9.8896506435E-01
    3326   9.8889616016E-01
    3327   9.8914464006E-01
    3328   9.8971725417E-01
    3329   9.9057574434E-01
    3330   9.9163629798E-01
    3331   9.9277954778E-01
    3332   9.9386939122E-01
    3333   9.9477604057E-01
    3334   9.9539824063E-01
    3335   9.9568088628E-01
    3336   9.9562552141E-01
    3337   9.9529145872E-01
    3338   9.9478559869E-01
    3339   9.9424108054E-01
    3340   9.9378883846E-01
    3341   9.9352977434E-01
    3342   9.9351581883E-01
    3343   9.9374479131E-01
    3344   9.9416862490E-01
    3345   9.9471023181E-01
    3346   9.9528307826E-01
    3347   9.9580903399E-01
    3348   9.9623220670E-01
    3349   9.9652747813E-01
    3350   9.9670249831E-01
    3351   9.9679244677E-01
    3352   9.9684900659E-01
    3353   9.9692772712E-01
    3354   9.9707899571E-01
    3355   9.9734566296E-01
    3356   9.9776614049E-01
    3357   9.9837837120E-01
    3358   9.9921995069E-01
    3359   1.0003227430E+00
    3360   1.0017041049E+00
    3361   1.0033584454E+00
    3362   1.0052516805E+00
    3363   1.0073188385E+00
    3364   1.0094640893E+00
    3365   1.0115635618E+00
    3366   1.0134729122E+00
    3367   1.0150413002E+00
    3368   1.0161306818E+00
    3369   1.0166360638E+00
    3370   1.0165013700E+00
    3371   1.0157276552E+00
    3372   1.0143736290E+00
    3373   1.0125500194E+00
    3374   1.0104086510E+00
    3375   1.0081260903E+00
    3376   1.0058825287E+00
    3377   1.0038391604E+00
    3378   1.0021193015E+00
    3379   1.0007976294E+00
    3380   9.9989851709E-01
    3381   9.9940097467E-01
    3382   9.9924669486E-01
    3383   9.9934943862E-01
    3384   9.9960646171E-01
    3385   9.9991332307E-01
    3386   1.0001814518E+00
    3387   1.0003548011E+00
    3388   1.0004204553E+00
    3389   1.0004096025E+00
    3390   1.0003888474E+00
    3391   1.0004449043E+00
    3392   1.0006665797E+00
    3393   1.0011270029E+00
    3394   1.0018680215E+00
    3395   1.0028887502E+00
    3396   1.0041409359E+00
    3397   1.0055334341E+00
    3398   1.0069458061E+00
    3399   1.0082476565E+00
    3400   1.0093180670E+00
    3401   1.0100713093E+00
    3402   1.0104235357E+00
    3403   1.0103271230E+00
    3404   1.0098204208E+00
    3405   1.0089196575E+00
    3406   1.0076798605E+00
    3407   1.0061736871E+00
    3408   1.0044832255E+00
    3409   1.0026928490E+00
    3410   1.0008844392E+00
    3411   9.9913449645E-01
    3412   9.9751133350E-01
    3413   9.9607120214E-01
    3414   9.9485430281E-01
    3415   9.9388314262E-01
    3416   9.9316510314E-01
    3417   9.9269861716E-01
    3418   9.9247997829E-01
    3419   9.9250742848E-01
    3420   9.9278098729E-01
    3421   9.9329416865E-01
    3422   9.9405609881E-01
    3423   9.9504175141E-01
    3424   9.9622139315E-01
    3425   9.9756335582E-01
    3426   9.9901793720E-01
    3427   1.0005209164E+00
    3428   1.0019952731E+00
    3429   1.0033566559E+00
    3430   1.0045219560E+00
    3431   1.0054204594E+00
    3432   1.0060048087E+00
    3433   1.0062360420E+00
    3434   1.0061449178E+00
    3435   1.0057832218E+00
    3436   1.0052399172E+00
    3437   1.0046303027E+00
    3438   1.0040783637E+00
    3439   1.0036981913E+00
    3440   1.0035783478E+00
    3441   1.0037724732E+00
    3442   1.0042965108E+00
    3443   1.0051307594E+00
    3444   1.0062246581E+00
    3445   1.0075032778E+00
    3446   1.0088754668E+00
    3447   1.0102434547E+00
    3448   1.0115126818E+00
    3449   1.0125999444E+00
    3450   1.0134385705E+00
    3451   1.0139809104E+00
    3452   1.0141996078E+00
    3453   1.0140888799E+00
    3454   1.0136655676E+00
    3455   1.0129684399E+00
    3456   1.0120543374E+00
    3457   1.0109911457E+00
    3458   1.0098491323E+00
    3459   1.0086926963E+00
    3460   1.0075744427E+00
    3461   1.0065340418E+00
    3462   1.0055722434E+00
    3463   1.0047062103E+00
    3464   1.0039194857E+00
    3465   1.0031897043E+00
    3466   1.0024981865E+00
    3467   1.0018336113E+00
    3468   1.0011946908E+00
    3469   1.0005891349E+00
    3470   1.0000303475E+00
    3471   9.9953385915E-01
    3472   9.9911473676E-01
    3473   9.9878602689E-01
    3474   9.9855769726E-01
    3475   9.9843585903E-01
    3476   9.9842268221E-01
    3477   9.9851758195E-01
    3478   9.9871962177E-01
    3479   9.9903017430E-01
    3480   9.9945442970E-01
    3481   1.0000006912E+00
    3482   1.0006772126E+00
    3483   1.0014871216E+00
    3484   1.0024224204E+00
    3485   1.0034583727E+00
    3486   1.0045499844E+00
    3487   1.0056326223E+00
    3488   1.0066284446E+00
    3489   1.0074588176E+00
    3490   1.0080604524E+00
    3491   1.0084007412E+00
    3492   1.0084870730E+00
    3493   1.0083664650E+00
    3494   1.0081150809E+00
    3495   1.0078207076E+00
    3496   1.0075634335E+00
    3497   1.0073998856E+00
    3498   1.0073547070E+00
    3499   1.0074204208E+00
    3500   1.0075643683E+00
    3501   1.0077397098E+00
    3502   1.0078967995E+00
    3503   1.0079916635E+00
    3504   1.0079897368E+00
    3505   1.0078650745E+00
    3506   1.0075972022E+00
    3507   1.0071687660E+00
    3508   1.0065666076E+00
    3509   1.0057869450E+00
    3510   1.0048428998E+00
    3511   1.0037708896E+00
    3512   1.0026322428E+00
    3513   1.0015078632E+00
    3514   1.0004861727E+00
    3515   9.9964686531E-01
    3516   9.9904447131E-01
    3517   9.9869603965E-01
    3518   9.9857646615E-01
    3519   9.9862330255E-01
    3520   9.9875059589E-01
    3521   9.9886880240E-01
    3522   9.9890586306E-01
    3523   9.9882389382E-01
    3524   9.9862711094E-01
    3525   9.9835920973E-01
    3526   9.9809151143E-01
    3527   9.9790551707E-01
    3528   9.9787442887E-01
    3529   9.9804771360E-01
    3530   9.9844148977E-01
    3531   9.9903595196E-01
    3532   9.9977965845E-01
    3533   1.0005992895E+00
    3534   1.0014125507E+00
    3535   1.0021413491E+00
    3536   1.0027225044E+00
    3537   1.0031140734E+00
    3538   1.0032967489E+00
    3539   1.0032711379E+00
    3540   1.0030525915E+00
    3541   1.0026653881E+00
    3542   1.0021376788E+00
    3543   1.0014979311E+00
    3544   1.0007730681E+00
    3545   9.9998808526E-01
    3546   9.9916666988E-01
    3547   9.9833218827E-01
    3548   9.9750843242E-01
    3549   9.9671968406E-01
    3550   9.9598998389E-01
    3551   9.9534177190E-01
    3552   9.9479420786E-01
    3553   9.9436145253E-01
    3554   9.9405114855E-01
    3555   9.9386331082E-01
    3556   9.9378989919E-01
    3557   9.9381535442E-01
    3558   9.9391825778E-01
    3559   9.9407400190E-01
    3560   9.9425808259E-01
    3561   9.9444942288E-01
    3562   9.9463314198E-01
    3563   9.9480234601E-01
    3564   9.9495873214E-01
    3565   9.9511196319E-01
    3566   9.9527786407E-01
    3567   9.9547553737E-01
    3568   9.9572359568E-01
    3569   9.9603596165E-01
    3570   9.9641800856E-01
    3571   9.9686405667E-01
    3572   9.9735717982E-01
    3573   9.9787182391E-01
    3574   9.9837895015E-01
    3575   9.9885264062E-01
    3576   9.9927657971E-01
    3577   9.9964876039E-01
    3578   9.9998312992E-01
    3579   1.0003075954E+00
    3580   1.0006586417E+00
    3581   1.0010737018E+00
    3582   1.0015830757E+00
    3583   1.0022033990E+00
    3584   1.0029342232E+00
    3585   1.0037583068E+00
    3586   1.0046450258E+00
    3587   1.0055554982E+00
    3588   1.0064478355E+00
    3589   1.0072813895E+00
    3590   1.0080195554E+00
    3591   1.0086312670E+00
    3592   1.0090915201E+00
    3593   1.0093813231E+00
    3594   1.0094875078E+00
    3595   1.0094029182E+00
    3596   1.0091273854E+00
    3597   1.0086695100E+00
    3598   1.0080486411E+00
    3599   1.0072960750E+00
    3600   1.0064546438E+00
    3601   1.0055765032E+00
    3602   1.0047195334E+00
    3603   1.0039429412E+00
    3604   1.0033022698E+00
    3605   1.0028436525E+00
    3606   1.0025973007E+00
    3607   1.0025710204E+00
    3608   1.0027454764E+00
    3609   1.0030745510E+00
    3610   1.0034855863E+00
    3611   1.0038902148E+00
    3612   1.0042040953E+00
    3613   1.0043494592E+00
    3614   1.0042729809E+00
    3615   1.0039521613E+00
    3616   1.0033979153E+00
    3617   1.0026518002E+00
    3618   1.0017786411E+00
    3619   1.0008563189E+00
    3620   9.9996504787E-01
    3621   9.9917827222E-01
    3622   9.9855632350E-01
    3623   9.9814282150E-01
    3624   9.9796312535E-01
    3625   9.9802421421E-01
    3626   9.9831583701E-01
    3627   9.9881302954E-01
    3628   9.9947979863E-01
    3629   1.0002731886E+00
    3630   1.0011467164E+00
    3631   1.0020526351E+00
    3632   1.0029434075E+00
    3633   1.0037734168E+00
    3634   1.0045017433E+00
    3635   1.0050958716E+00
    3636   1.0055352357E+00
    3637   1.0058132530E+00
    3638   1.0059370788E+00
    3639   1.0059252088E+00
    3640   1.0058036528E+00
    3641   1.0056014344E+00
    3642   1.0053460565E+00
    3643   1.0050596431E+00
    3644   1.0047567495E+00
    3645   1.0044448430E+00
    3646   1.0041277959E+00
    3647   1.0038114375E+00
    3648   1.0035090561E+00
    3649   1.0032444703E+00
    3650   1.0030511713E+00
    3651   1.0029675421E+00
    3652   1.0030294702E+00
    3653   1.0032621604E+00
    3654   1.0036728364E+00
    3655   1.0042457290E+00
    3656   1.0049406173E+00
    3657   1.0056959743E+00
    3658   1.0064370353E+00
    3659   1.0070876383E+00
    3660   1.0075831201E+00
    3661   1.0078807915E+00
    3662   1.0079652297E+00
    3663   1.0078475020E+00
    3664   1.0075595122E+00
    3665   1.0071458553E+00
    3666   1.0066556801E+00
    3667   1.0061364056E+00
    3668   1.0056303045E+00
    3669   1.0051740801E+00
    3670   1.0048006081E+00
    3671   1.0045410323E+00
    3672   1.0044250024E+00
    3673   1.0044775437E+00
    3674   1.0047135699E+00
    3675   1.0051330151E+00
    3676   1.0056971576E+00
    3677   1.0063660088E+00
    3678   1.0070705991E+00
    3679   1.0077342926E+00
    3680   1.0082844992E+00
    3681   1.0086628365E+00
    3682   1.0088340362E+00
    3683   1.0087912127E+00
    3684   1.0085562671E+00
    3685   1.0081749445E+00
    3686   1.0077074963E+00
    3687   1.0072174746E+00
    3688   1.0067618698E+00
    3689   1.0063849899E+00
    3690   1.0061165708E+00
    3691   1.0059727672E+00
    3692   1.0059579393E+00
    3693   1.0060657152E+00
    3694   1.0062790298E+00
    3695   1.0065698120E+00
    3696   1.0068992806E+00
    3697   1.0072195928E+00
    3698   1.0074772661E+00
    3699   1.0076185186E+00
    3700   1.0075962710E+00
    3701   1.0073778275E+00
    3702   1.0069514371E+00
    3703   1.0063296598E+00
    3704   1.0055481732E+00
    3705   1.0046601912E+00
    3706   1.0037281763E+00
    3707   1.0028151158E+00
    3708   1.0019770858E+00
    3709   1.0012577560E+00
    3710   1.0006847486E+00
    3711   1.0002677634E+00
    3712   9.9999879923E-01
    3713   9.9985495172E-01
    3714   9.9980377731E-01
    3715   9.9981035599E-01
    3716   9.9984453074E-01
    3717   9.9988677849E-01
    3718   9.9993166929E-01
    3719   9.9998844175E-01
    3720   1.0000785681E+00
    3721   1.0002304289E+00
    3722   1.0004716765E+00
    3723   1.0008206407E+00
    3724   1.0012788712E+00
    3725   1.0018270102E+00
    3726   1.0024253713E+00
    3727   1.0030191978E+00
    3728   1.0035472493E+00
    3729   1.0039517287E+00
    3730   1.0041876833E+00
    3731   1.0042326739E+00
    3732   1.0040815329E+00
    3733   1.0037614107E+00
    3734   1.0033241428E+00
    3735   1.0028299113E+00
    3736   1.0023455722E+00
    3737   1.0019321010E+00
    3738   1.0016355781E+00
    3739   1.0014808909E+00
    3740   1.0014686849E+00
    3741   1.0015757137E+00
    3742   1.0017587578E+00
    3743   1.0019621876E+00
    3744   1.0021285791E+00
    3745   1.0022106028E+00
    3746   1.0021813655E+00
    3747   1.0020403225E+00
    3748   1.0018130835E+00
    3749   1.0015453402E+00
    3750   1.0012927680E+00
    3751   1.0011094493E+00
    3752   1.0010371586E+00
    3753   1.0010972618E+00
    3754   1.0012864678E+00
    3755   1.0015771984E+00
    3756   1.0019226385E+00
    3757   1.0022655147E+00
    3758   1.0025486624E+00
    3759   1.0027250169E+00
    3760   1.0027650920E+00
    3761   1.0026609852E+00
    3762   1.0024268225E+00
    3763   1.0020959670E+00
    3764   1.0017153657E+00
    3765   1.0013375765E+00
    3766   1.0010115709E+00
    3767   1.0007740951E+00
    3768   1.0006435914E+00
    3769   1.0006181110E+00
    3770   1.0006774544E+00
    3771   1.0007885798E+00
    3772   1.0009126904E+00
    3773   1.0010124764E+00
    3774   1.0010583732E+00
    3775   1.0010329963E+00
    3776   1.0009330388E+00
    3777   1.0007681232E+00
    3778   1.0005567201E+00
    3779   1.0003202307E+00
    3780   1.0000771013E+00
    3781   9.9983886457E-01
    3782   9.9960914802E-01
    3783   9.9938541243E-01
    3784   9.9916223231E-01
    3785   9.9893475145E-01
    3786   9.9870135685E-01
    3787   9.9846513713E-01
    3788   9.9823397391E-01
    3789   9.9801918855E-01
    3790   9.9783288314E-01
    3791   9.9768464096E-01
    3792   9.9757878274E-01
    3793   9.9751344216E-01
    3794   9.9748209880E-01
    3795   9.9747713711E-01
    3796   9.9749412789E-01
    3797   9.9753533701E-01
    3798   9.9761139530E-01
    3799   9.9774069444E-01
    3800   9.9794653245E-01
    3801   9.9825226193E-01
    3802   9.9867498843E-01
    3803   9.9921892919E-01
    3804   9.9987014468E-01
    3805   1.0005945013E+00
    3806   1.0013400734E+00
    3807   1.0020438594E+00
    3808   1.0026412963E+00
    3809   1.0030763196E+00
    3810   1.0033098717E+00
    3811   1.0033255087E+00
    3812   1.0031315647E+00
    3813   1.0027598434E+00
    3814   1.0022610976E+00
    3815   1.0016979173E+00
    3816   1.0011361339E+00
    3817   1.0006362035E+00
    3818   1.0002459720E+00
    3819   9.9999569555E-01
    3820   9.9989552785E-01
    3821   9.9993534189E-01
    3822   1.0000868375E+00
    3823   1.0003080667E+00
    3824   1.0005503491E+00
    3825   1.0007668564E+00
    3826   1.0009212361E+00
    3827   1.0009941612E+00
    3828   1.0009860582E+00
    3829   1.0009153311E+00
    3830   1.0008126302E+00
    3831   1.0007126038E+00
    3832   1.0006449239E+00
    3833   1.0006264363E+00
    3834   1.0006561986E+00
    3835   1.0007148221E+00
    3836   1.0007686989E+00
    3837   1.0007783576E+00
    3838   1.0007087829E+00
    3839   1.0005387831E+00
    3840   1.0002668971E+00
    3841   9.9991267855E-01
    3842   9.9951374988E-01
    3843   9.9912000575E-01
    3844   9.9878644638E-01
    3845   9.9856568139E-01
    3846   9.9850075165E-01
    3847   9.9861884827E-01
    3848   9.9892667602E-01
    3849   9.9940828093E-01
    3850   1.0000258988E+00
    3851   1.0007238679E+00
    3852   1.0014351562E+00
    3853   1.0020896993E+00
    3854   1.0026234968E+00
    3855   1.0029871523E+00
    3856   1.0031522970E+00
    3857   1.0031144055E+00
    3858   1.0028912321E+00
    3859   1.0025173583E+00
    3860   1.0020366081E+00
    3861   1.0014946503E+00
    3862   1.0009336278E+00
    3863   1.0003894550E+00
    3864   9.9989128485E-01
    3865   9.9946212548E-01
    3866   9.9911974040E-01
    3867   9.9887740974E-01
    3868   9.9874441367E-01
    3869   9.9872612076E-01
    3870   9.9882357436E-01
    3871   9.9903266302E-01
    3872   9.9934328708E-01
    3873   9.9973912120E-01
    3874   1.0001983870E+00
    3875   1.0006955793E+00
    3876   1.0012037096E+00
    3877   1.0016966111E+00
    3878   1.0021511310E+00
    3879   1.0025492769E+00
    3880   1.0028802960E+00
    3881   1.0031422802E+00
    3882   1.0033426448E+00
    3883   1.0034970581E+00
    3884   1.0036270323E+00
    3885   1.0037569626E+00
    3886   1.0039114242E+00
    3887   1.0041129571E+00
    3888   1.0043798722E+00
    3889   1.0047234447E+00
    3890   1.0051444077E+00
    3891   1.0056295835E+00
    3892   1.0061500872E+00
    3893   1.0066623377E+00
    3894   1.0071122431E+00
    3895   1.0074419504E+00
    3896   1.0075979346E+00
    3897   1.0075390752E+00
    3898   1.0072434669E+00
    3899   1.0067127840E+00
    3900   1.0059731718E+00
    3901   1.0050721801E+00
    3902   1.0040722107E+00
    3903   1.0030419676E+00
    3904   1.0020478584E+00
    3905   1.0011469165E+00
    3906   1.0003819031E+00
    3907   9.9977850768E-01
    3908   9.9934435822E-01
    3909   9.9906980235E-01
    3910   9.9893061270E-01
    3911   9.9889253096E-01
    3912   9.9891699608E-01
    3913   9.9896697882E-01
    3914   9.9901187867E-01
    3915   9.9903091505E-01
    3916   9.9901493648E-01
    3917   9.9896671670E-01
    3918   9.9889963967E-01
    3919   9.9883460831E-01
    3920   9.9879532813E-01
    3921   9.9880277563E-01
    3922   9.9887019754E-01
    3923   9.9899996032E-01
    3924   9.9918294542E-01
    3925   9.9940038371E-01
    3926   9.9962746969E-01
    3927   9.9983798120E-01
    3928   1.0000092253E+00
    3929   1.0001266015E+00
    3930   1.0001868563E+00
    3931   1.0001990111E+00
    3932   1.0001823130E+00
    3933   1.0001614459E+00
    3934   1.0001602528E+00
    3935   1.0001957909E+00
    3936   1.0002743612E+00
    3937   1.0003904209E+00
    3938   1.0005284090E+00
    3939   1.0006668454E+00
    3940   1.0007836755E+00
    3941   1.0008615843E+00
    3942   1.0008918902E+00
    3943   1.0008758380E+00
    3944   1.0008228181E+00
    3945   1.0007461213E+00
    3946   1.0006578356E+00
    3947   1.0005648138E+00
    3948   1.0004670663E+00
    3949   1.0003588093E+00
    3950   1.0002313571E+00
    3951   1.0000765885E+00
    3952   9.9988991538E-01
    3953   9.9967217450E-01
    3954   9.9943026126E-01
    3955   9.9917650939E-01
    3956   9.9892695956E-01
    3957   9.9869888320E-01
    3958   9.9850821898E-01
    3959   9.9836766052E-01
    3960   9.9828582602E-01
    3961   9.9826737096E-01
    3962   9.9831346200E-01
    3963   9.9842199548E-01
    3964   9.9858735307E-01
    3965   9.9879999632E-01
    3966   9.9904644553E-01
    3967   9.9931005800E-01
    3968   9.9957271027E-01
    3969   9.9981720620E-01
    3970   1.0000300987E+00
    3971   1.0002045026E+00
    3972   1.0003422870E+00
    3973   1.0004548699E+00
    3974   1.0005619682E+00
    3975   1.0006881817E+00
    3976   1.0008580630E+00
    3977   1.0010909108E+00
    3978   1.0013965700E+00
    3979   1.0017730407E+00
    3980   1.0022060752E+00
    3981   1.0026705372E+00
    3982   1.0031332601E+00
    3983   1.0035572569E+00
    3984   1.0039070716E+00
    3985   1.0041547001E+00
    3986   1.0042850674E+00
    3987   1.0042998032E+00
    3988   1.0042182659E+00
    3989   1.0040753315E+00
    3990   1.0039164921E+00
    3991   1.0037913291E+00
    3992   1.0037361863E+00
    3993   1.0037860663E+00
    3994   1.0039497359E+00
    3995   1.0042151747E+00
    3996   1.0045513746E+00
    3997   1.0049132443E+00
    3998   1.0052495666E+00
    3999   1.0055116649E+00
    4000   1.0056610100E+00
    4001   1.0056744444E+00
    4002   1.0055463455E+00
    4003   1.0052876816E+00
    4004   1.0049224728E+00
    4005   1.0044826179E+00
    4006   1.0040023151E+00
    4007   1.0035132703E+00
    4008   1.0030414712E+00
    4009   1.0026056574E+00
    4010   1.0022170793E+00
    4011   1.0018799888E+00
    4012   1.0015925536E+00
    4013   1.0013482805E+00
    4014   1.0011381718E+00
    4015   1.0009535705E+00
    4016   1.0007891532E+00
    4017   1.0006451923E+00
    4018   1.0005282709E+00
    4019   1.0004501015E+00
    4020   1.0004246751E+00
    4021   1.0004643759E+00
    4022   1.0005758722E+00
    4023   1.0007566449E+00
    4024   1.0009929897E+00
    4025   1.0012602274E+00
    4026   1.0015254878E+00
    4027   1.0017527845E+00
    4028   1.0019093647E+00
    4029   1.0019718622E+00
    4030   1.0019308089E+00
    4031   1.0017925627E+00
    4032   1.0015783854E+00
    4033   1.0013209786E+00
    4034   1.0010591666E+00
    4035   1.0008316909E+00
    4036   1.0006712476E+00
    4037   1.0005999163E+00
    4038   1.0006268249E+00
    4039   1.0007482993E+00
    4040   1.0009500708E+00
    4041   1.0012107123E+00
    4042   1.0015054517E+00
    4043   1.0018097959E+00
    4044   1.0021026836E+00
    4045   1.0023689554E+00
    4046   1.0026008461E+00
    4047   1.0027981853E+00
    4048   1.0029671695E+00
    4049   1.0031179191E+00
    4050   1.0032613279E+00
    4051   1.0034057981E+00
    4052   1.0035543787E+00
    4053   1.0037027768E+00
    4054   1.0038387320E+00
    4055   1.0039432393E+00
    4056   1.0039938238E+00
    4057   1.0039694506E+00
    4058   1.0038559084E+00
    4059   1.0036500961E+00
    4060   1.0033618354E+00
    4061   1.0030126066E+00
    4062   1.0026315786E+00
    4063   1.0022500358E+00
    4064   1.0018955819E+00
    4065   1.0015873972E+00
    4066   1.0013335054E+00
    4067   1.0011305664E+00
    4068   1.0009661818E+00
    4069   1.0008230716E+00
    4070   1.0006839429E+00
    4071   1.0005356758E+00
    4072   1.0003717610E+00
    4073   1.0001926170E+00
    4074   1.0000041736E+00
    4075   9.9981554445E-01
    4076   9.9963660800E-01
    4077   9.9947602529E-01
    4078   9.9933992474E-01
    4079   9.9923131923E-01
    4080   9.9915027506E-01
    4081   9.9909475976E-01
    4082   9.9906191450E-01
    4083   9.9904933474E-01
    4084   9.9905596008E-01
    4085   9.9908237892E-01
    4086   9.9913063219E-01
    4087   9.9920372168E-01
    4088   9.9930493756E-01
    4089   9.9943695152E-01
    4090   9.9960060092E-01
    4091   9.9979347345E-01
    4092   1.0000086941E+00
    4093   1.0002344494E+00
    4094   1.0004546310E+00
    4095   1.0006506157E+00
    4096   1.0008038535E+00
    4097   1.0008987341E+00
    4098   1.0009251903E+00
    4099   1.0008805437E+00
    4100   1.0007701673E+00
    4101   1.0006066857E+00
    4102   1.0004077679E+00
    4103   1.0001929971E+00
    4104   9.9998065208E-01
    4105   9.9978525016E-01
    4106   9.9961634648E-01
    4107   9.9947856209E-01
    4108   9.9937244147E-01
    4109   9.9929566161E-01
    4110   9.9924428612E-01
    4111   9.9921394829E-01
    4112   9.9920090320E-01
    4113   9.9920283420E-01
    4114   9.9921928369E-01
    4115   9.9925166327E-01
    4116   9.9930294263E-01
    4117   9.9937716362E-01
    4118   9.9947881299E-01
    4119   9.9961192461E-01
    4120   9.9977877330E-01
    4121   9.9997824454E-01
    4122   1.0002043123E+00
    4123   1.0004452713E+00
    4124   1.0006842535E+00
    4125   1.0009011394E+00
    4126   1.0010754922E+00
    4127   1.0011898233E+00
    4128   1.0012324667E+00
    4129   1.0011995059E+00
    4130   1.0010954214E+00
    4131   1.0009323415E+00
    4132   1.0007280089E+00
    4133   1.0005028658E+00
    4134   1.0002769169E+00
    4135   1.0000671429E+00
    4136   9.9988604573E-01
    4137   9.9974149552E-01
    4138   9.9963759648E-01
    4139   9.9957603648E-01
    4140   9.9955739222E-01
    4141   9.9958205117E-01
    4142   9.9965059316E-01
    4143   9.9976356272E-01
    4144   9.9992061125E-01
    4145   1.0001191123E+00
    4146   1.0003525785E+00
    4147   1.0006094453E+00
    4148   1.0008728400E+00
    4149   1.0011217296E+00
    4150   1.0013334046E+00
    4151   1.0014868133E+00
    4152   1.0015659805E+00
    4153   1.0015627301E+00
    4154   1.0014781065E+00
    4155   1.0013221834E+00
    4156   1.0011122821E+00
    4157   1.0008699820E+00
    4158   1.0006175932E+00
    4159   1.0003748959E+00
    4160   1.0001568393E+00
    4161   9.9997254049E-01
    4162   9.9982550445E-01
    4163   9.9971468371E-01
    4164   9.9963590829E-01
    4165   9.9958332354E-01
    4166   9.9955063039E-01
    4167   9.9953202573E-01
    4168   9.9952278125E-01
    4169   9.9951944289E-01
    4170   9.9951970838E-01
    4171   9.9952213294E-01
    4172   9.9952583815E-01
    4173   9.9953032634E-01
    4174   9.9953538265E-01
    4175   9.9954098101E-01
    4176   9.9954714057E-01
    4177   9.9955377428E-01
    4178   9.9956062867E-01
    4179   9.9956737056E-01
    4180   9.9957376531E-01
    4181   9.9957981428E-01
    4182   9.9958574328E-01
    4183   9.9959184676E-01
    4184   9.9959830124E-01
    4185   9.9960507558E-01
    4186   9.9961198084E-01
    4187   9.9961879833E-01
    4188   9.9962538106E-01
    4189   9.9963167056E-01
    4190   9.9963765575E-01
    4191   9.9964334199E-01
    4192   9.9964876822E-01
    4193   9.9965404659E-01
    4194   9.9965936589E-01
    4195   9.9966492890E-01
    4196   9.9967085867E-01
    4197   9.9967714405E-01
    4198   9.9968366883E-01
    4199   9.9969030615E-01
    4200   9.9969701589E-01
    4201   9.9970389620E-01
    4202   9.9971120290E-01
    4203   9.9971940566E-01
    4204   9.9972935785E-01
    4205   9.9974261536E-01
    4206   9.9976188557E-01
    4207   9.9979155158E-01
    4208   9.9983820121E-01
    4209   9.9991105937E-01
    4210   1.0000221512E+00
    4211   1.0001859343E+00
    4212   1.0004181023E+00
    4213   1.0007333570E+00
    4214   1.0011422088E+00
    4215   1.0016472483E+00
    4216   1.0022397186E+00
    4217   1.0028974512E+00
    4218   1.0035851892E+00
    4219   1.0042579308E+00
    4220   1.0048672187E+00
    4221   1.0053694032E+00
    4222   1.0057340837E+00
    4223   1.0059504881E+00
    4224   1.0060297557E+00
    4225   1.0060020395E+00
    4226   1.0059088213E+00
    4227   1.0057966938E+00
    4228   1.0056879252E+00
    4229   1.0056003023E+00
    4230   1.0055342088E+00
    4231   1.0054628111E+00
    4232   1.0053530897E+00
    4233   1.0051718799E+00
    4234   1.0048951867E+00
    4235   1.0045146632E+00
    4236   1.0040398067E+00
    4237   1.0034957181E+00
    4238   1.0029174890E+00
    4239   1.0023430521E+00
    4240   1.0018064627E+00
    4241   1.0013331059E+00
    4242   1.0009375094E+00
    4243   1.0006236175E+00
    4244   1.0003868278E+00
    4245   1.0002168884E+00
    4246   1.0001008534E+00
    4247   1.0000255399E+00
    4248   9.9997920973E-01
    4249   9.9995243454E-01
    4250   9.9993827917E-01
    4251   9.9993204542E-01
    4252   9.9993084142E-01
    4253   9.9993318737E-01
    4254   9.9993876241E-01
    4255   9.9994829266E-01
    4256   9.9996351813E-01
    4257   9.9998716281E-01
    4258   1.0000228388E+00
    4259   1.0000748141E+00
    4260   1.0001475632E+00
    4261   1.0002450360E+00
    4262   1.0003696488E+00
    4263   1.0005211308E+00
    4264   1.0006954911E+00
    4265   1.0008844448E+00
    4266   1.0010756031E+00
    4267   1.0012535795E+00
    4268   1.0014019400E+00
    4269   1.0015056822E+00
    4270   1.0015537499E+00
    4271   1.0015410183E+00
    4272   1.0014692752E+00
    4273   1.0013469592E+00
    4274   1.0011877423E+00
    4275   1.0010083534E+00
    4276   1.0008262278E+00
    4277   1.0006575577E+00
    4278   1.0005161353E+00
    4279   1.0004130930E+00
    4280   1.0003573525E+00
    4281   1.0003563883E+00
    4282   1.0004168198E+00
    4283   1.0005443910E+00
    4284   1.0007430761E+00
    4285   1.0010133323E+00
    4286   1.0013498606E+00
    4287   1.0017395381E+00
    4288   1.0021603318E+00
    4289   1.0025819036E+00
    4290   1.0029682585E+00
    4291   1.0032822368E+00
    4292   1.0034910770E+00
    4293   1.0035718582E+00
    4294   1.0035155373E+00
    4295   1.0033285671E+00
    4296   1.0030316755E+00
    4297   1.0026561069E+00
    4298   1.0022382524E+00
    4299   1.0018139346E+00
    4300   1.0014135658E+00
    4301   1.0010590313E+00
    4302   1.0007626056E+00
    4303   1.0005276833E+00
    4304   1.0003507490E+00
    4305   1.0002238831E+00
    4306   1.0001371782E+00
    4307   1.0000806509E+00
    4308   1.0000454778E+00
    4309   1.0000245837E+00
    4310   1.0000127327E+00
    4311   1.0000063150E+00
    4312   1.0000029974E+00
    4313   1.0000013606E+00
    4314   1.0000005902E+00
    4315   1.0000002445E+00
    4316   1.0000000966E+00
    4317   1.0000000364E+00
    4318   1.0000000130E+00
    4319   1.0000000044E+00
    4320   1.0000000014E+00
    4321   1.0000000004E+00
    4322   1.0000000001E+00
    4323   1.0000000000E+00
    4324   9.9999999999E-01
    4325   9.9999999999E-01
    4326   1.0000000000E+00
    4327   1.0000000000E+00
    4328   1.0000000001E+00
    4329   1.0000000001E+00
    4330   1.0000000002E+00
    4331   1.0000000003E+00
    4332   1.0000000004E+00
    4333   1.0000000006E+00
    4334   1.0000000009E+00
    4335   1.0000000011E+00
    4336   1.0000000014E+00
    4337   1.0000000018E+00
    4338   1.0000000021E+00
    4339   1.0000000024E+00
    4340   1.0000000026E+00
    4341   1.0000000027E+00
    4342   1.0000000027E+00
    4343   1.0000000027E+00
    4344   1.0000000025E+00
    4345   1.0000000022E+00
    4346   1.0000000019E+00
    4347   1.0000000016E+00
    4348   1.0000000013E+00
    4349   1.0000000010E+00
    4350   1.0000000007E+00
    4351   1.0000000005E+00
    4352   1.0000000004E+00
    4353   1.0000000002E+00
    4354   1.0000000001E+00
    4355   1.0000000001E+00
    4356   1.0000000001E+00
    4357   1.0000000000E+00
    4358   1.0000000000E+00
    4359   1.0000000000E+00
    4360   1.0000000000E+00
    4361   1.0000000000E+00
    4362   1.0000000000E+00
    4363   1.0000000000E+00
    4364   1.0000000000E+00
    4365   1.0000000000E+00
    4366   1.0000000000E+00
    4367   1.0000000000E+00
    4368   1.0000000000E+00
    4369   1.0000000000E+00
    4370   1.0000000000E+00
    4371   1.0000000000E+00
    4372   1.0000000000E+00
    4373   1.0000000000E+00
    4374   1.0000000000E+00
    4375   1.0000000000E+00
    4376   1.0000000000E+00
    4377   1.0000000000E+00
    4378   1.0000000000E+00
    4379   1.0000000000E+00
    4380   1.0000000000E+00
    4381   1.0000000000E+00
    4382   1.0000000000E+00
    4383   1.0000000000E+00
    4384   1.0000000000E+00
    4385   1.0000000000E+00
    4386   1.0000000000E+00
    4387   1.0000000000E+00
    4388   1.0000000000E+00
    4389   1.0000000000E+00
    4390   1.0000000000E+00
    4391   1.0000000000E+00
    4392   1.0000000000E+00
    4393   1.0000000000E+00
    4394   1.0000000000E+00
    4395   1.0000000000E+00
    4396   1.0000000000E+00
    4397   1.0000000000E+00
    4398   1.0000000000E+00
    4399   1.0000000000E+00
    4400   1.0000000000E+00
    4401   1.0000000000E+00
    4402   1.0000000000E+00
    4403   1.0000000000E+00
    4404   1.0000000000E+00
    4405   1.0000000000E+00
    4406   1.0000000000E+00
    4407   1.0000000000E+00
    4408   1.0000000000E+00
    4409   1.0000000000E+00
    4410   1.0000000000E+00
    4411   1.0000000000E+00
    4412   1.0000000000E+00
    4413   1.0000000000E+00
    4414   1.0000000000E+00
    4415   1.0000000000E+00
    4416   1.0000000000E+00
    4417   1.0000000000E+00
    4418   1.0000000000E+00
    4419   1.0000000000E+00
    4420   1.0000000000E+00
    4421   1.0000000000E+00
    4422   1.0000000000E+00
    4423   1.0000000000E+00
    4424   1.0000000000E+00
    4425   1.0000000000E+00
    4426   1.0000000000E+00
    4427   1.0000000000E+00
    4428   1.0000000000E+00
    4429   1.0000000000E+00
    4430   1.0000000000E+00
    4431   1.0000000000E+00
    4432   1.0000000000E+00
    4433   1.0000000000E+00
    4434   1.0000000000E+00
    4435   1.0000000000E+00
    4436   1.0000000000E+00
    4437   1.0000000000E+00
    4438   1.0000000000E+00
    4439   1.0000000000E+00
    4440   1.0000000000E+00
    4441   1.0000000000E+00
    4442   1.0000000000E+00
    4443   1.0000000000E+00
    4444   1.0000000000E+00
    4445   1.0000000000E+00
    4446   1.0000000000E+00
    4447   1.0000000000E+00
    4448   1.0000000000E+00
    4449   1.0000000000E+00
    4450   1.0000000000E+00
    4451   1.0000000000E+00
    4452   1.0000000000E+00
    4453   1.0000000000E+00
    4454   1.0000000000E+00
    4455   1.0000000000E+00
    4456   1.0000000000E+00
    4457   1.0000000000E+00
    4458   1.0000000000E+00
    4459   1.0000000000E+00
    4460   1.0000000000E+00
    4461   1.0000000000E+00
    4462   1.0000000000E+00
    4463   1.0000000000E+00
    4464   1.0000000000E+00
    4465   1.0000000000E+00
    4466   1.0000000000E+00
    4467   1.0000000000E+00
    4468   1.0000000000E+00
    4469   1.0000000000E+00
    4470   1.0000000000E+00
    4471   1.0000000000E+00
    4472   1.0000000000E+00
    4473   1.0000000000E+00
    4474   1.0000000000E+00
    4475   1.0000000000E+00
    4476   1.0000000000E+00
    4477   1.0000000000E+00
    4478   1.0000000000E+00
    4479   1.0000000000E+00
    4480   1.0000000000E+00
    4481   1.0000000000E+00
    4482   1.0000000000E+00
    4483   1.0000000000E+00
    4484   1.0000000000E+00
    4485   1.0000000000E+00
    4486   1.0000000000E+00
    4487   1.0000000000E+00
    4488   1.0000000000E+00
    4489   1.0000000000E+00
    4490   1.0000000000E+00
    4491   1.0000000000E+00
    4492   1.0000000000E+00
    4493   1.0000000000E+00
    4494   1.0000000000E+00
    4495   1.0000000000E+00
    4496   1.0000000000E+00
    4497   1.0000000000E+00
    4498   1.0000000000E+00
    4499   1.0000000000E+00
    4500   1.0000000000E+00
    4501   1.0000000000E+00
    4502   1.0000000000E+00
    4503   1.0000000000E+00
    4504   1.0000000000E+00
    4505   1.0000000000E+00
    4506   1.0000000000E+00
    4507   1.0000000000E+00
    4508   1.0000000000E+00
    4509   1.0000000000E+00
    4510   1.0000000000E+00
    4511   1.0000000000E+00
    4512   1.0000000000E+00
    4513   1.0000000000E+00
    4514   1.0000000000E+00
    4515   1.0000000000E+00
    4516   1.0000000000E+00
    4517   1.0000000000E+00
    4518   1.0000000000E+00
    4519   1.0000000000E+00
    4520   1.0000000000E+00
    4521   1.0000000000E+00
    4522   1.0000000000E+00
    4523   1.0000000000E+00
    4524   1.0000000000E+00
    4525   1.0000000000E+00
    4526   1.0000000000E+00
    4527   1.0000000000E+00
    4528   1.0000000000E+00
    4529   1.0000000000E+00
    4530   1.0000000000E+00
    4531   1.0000000000E+00
    4532   1.0000000000E+00
    4533   1.0000000000E+00
    4534   1.0000000000E+00
    4535   1.0000000000E+00
    4536   1.0000000000E+00
    4537   1.0000000000E+00
    4538   1.0000000000E+00
    4539   1.0000000000E+00
    4540   1.0000000000E+00
    4541   1.0000000000E+00
    4542   1.0000000000E+00
    4543   1.0000000000E+00
    4544   1.0000000000E+00
    4545   1.0000000000E+00
    4546   1.0000000000E+00
    4547   1.0000000000E+00
    4548   1.0000000000E+00
    4549   1.0000000000E+00
    4550   1.0000000000E+00
    4551   1.0000000000E+00
    4552   1.0000000000E+00
    4553   1.0000000000E+00
    4554   1.0000000000E+00
    4555   1.0000000000E+00
    4556   1.0000000000E+00
    4557   1.0000000000E+00
    4558   1.0000000000E+00
    4559   1.0000000000E+00
    4560   1.0000000000E+00
    4561   1.0000000000E+00
    4562   1.0000000000E+00
    4563   1.0000000000E+00
    4564   1.0000000000E+00
    4565   1.0000000000E+00
    4566   1.0000000000E+00
    4567   1.0000000000E+00
    4568   1.0000000000E+00
    4569   1.0000000000E+00
    4570   1.0000000000E+00
    4571   1.0000000000E+00
    4572   1.0000000000E+00
    4573   1.0000000000E+00
    4574   1.0000000000E+00
    4575   1.0000000000E+00
    4576   1.0000000000E+00
    4577   1.0000000000E+00
    4578   1.0000000000E+00
    4579   1.0000000000E+00
    4580   1.0000000000E+00
    4581   1.0000000000E+00
    4582   1.0000000000E+00
    4583   1.0000000000E+00
    4584   1.0000000000E+00
    4585   1.0000000000E+00
    4586   1.0000000000E+00
    4587   1.0000000000E+00
    4588   1.0000000000E+00
    4589   1.0000000000E+00
    4590   1.0000000000E+00
    4591   1.0000000000E+00
    4592   1.0000000000E+00
    4593   1.0000000000E+00
    4594   1.0000000000E+00
    4595   1.0000000000E+00
    4596   1.0000000000E+00
    4597   1.0000000000E+00
    4598   1.0000000000E+00
    4599   1.0000000000E+00
    4600   1.0000000000E+00
    4601   1.0000000000E+00
    4602   1.0000000000E+00
    4603   1.0000000000E+00
    4604   1.0000000000E+00
    4605   1.0000000000E+00
    4606   1.0000000000E+00
    4607   1.0000000000E+00
    4608   1.0000000000E+00
    4609   1.0000000000E+00
    4610   1.0000000000E+00
    4611   1.0000000000E+00
    4612   1.0000000000E+00
    4613   1.0000000000E+00
    4614   1.0000000000E+00
    4615   1.0000000000E+00
    4616   1.0000000000E+00
    4617   1.0000000000E+00
    4618   1.0000000000E+00
    4619   1.0000000000E+00
    4620   1.0000000000E+00
    4621   1.0000000000E+00
    4622   1.0000000000E+00
    4623   1.0000000000E+00
    4624   1.0000000000E+00
    4625   1.0000000000E+00
    4626   1.0000000000E+00
    4627   1.0000000000E+00
    4628   1.0000000000E+00
    4629   1.0000000000E+00
    4630   1.0000000000E+00
    4631   1.0000000000E+00
    4632   1.0000000000E+00
    4633   1.0000000000E+00
    4634   1.0000000000E+00
    4635   1.0000000000E+00
    4636   1.0000000000E+00
    4637   1.0000000000E+00
    4638   1.0000000000E+00
    4639   1.0000000000E+00
    4640   1.0000000000E+00
    4641   1.0000000000E+00
    4642   1.0000000000E+00
    4643   1.0000000000E+00
    4644   1.0000000000E+00
    4645   1.0000000000E+00
    4646   1.0000000000E+00
    4647   1.0000000000E+00
    4648   1.0000000000E+00
    4649   1.0000000000E+00
    4650   1.0000000000E+00
    4651   1.0000000000E+00
    4652   1.0000000000E+00
    4653   1.0000000000E+00
    4654   1.0000000000E+00
    4655   1.0000000000E+00
    4656   1.0000000000E+00
    4657   1.0000000000E+00
    4658   1.0000000000E+00
    4659   1.0000000000E+00
    4660   1.0000000000E+00
    4661   1.0000000000E+00
    4662   1.0000000000E+00
    4663   1.0000000000E+00
    4664   1.0000000000E+00
    4665   1.0000000000E+00
    4666   1.0000000000E+00
    4667   1.0000000000E+00
    4668   1.0000000000E+00
    4669   1.0000000000E+00
    4670   1.0000000000E+00
    4671   1.0000000000E+00
    4672   1.0000000000E+00
    4673   1.0000000000E+00
    4674   1.0000000000E+00
    4675   1.0000000000E+00
    4676   1.0000000000E+00
    4677   1.0000000000E+00
    4678   1.0000000000E+00
    4679   1.0000000000E+00
    4680   1.0000000000E+00
    4681   1.0000000000E+00
    4682   1.0000000000E+00
    4683   1.0000000000E+00
    4684   1.0000000000E+00
    4685   1.0000000000E+00
    4686   1.0000000000E+00
    4687   1.0000000000E+00
    4688   1.0000000000E+00
    4689   1.0000000000E+00
    4690   1.0000000000E+00
    4691   1.0000000000E+00
    4692   1.0000000000E+00
    4693   1.0000000000E+00
    4694   1.0000000000E+00
    4695   1.0000000000E+00
    4696   1.0000000000E+00
    4697   1.0000000000E+00
    4698   1.0000000000E+00
    4699   1.0000000000E+00
    4700   1.0000000000E+00
    4701   1.0000000000E+00
    4702   1.0000000000E+00
    4703   1.0000000000E+00
    4704   1.0000000000E+00
    4705   1.0000000000E+00
    4706   1.0000000000E+00
    4707   1.0000000000E+00
    4708   1.0000000000E+00
    4709   1.0000000000E+00
    4710   1.0000000000E+00
    4711   1.0000000000E+00
    4712   1.0000000000E+00
    4713   1.0000000000E+00
    4714   1.0000000000E+00
    4715   1.0000000000E+00
    4716   1.0000000000E+00
    4717   1.0000000000E+00
    4718   1.0000000000E+00
    4719   1.0000000000E+00
    4720   1.0000000000E+00
    4721   1.0000000000E+00
    4722   1.0000000000E+00
    4723   1.0000000000E+00
    4724   1.0000000000E+00
    4725   1.0000000000E+00
    4726   1.0000000000E+00
    4727   1.0000000000E+00
    4728   1.0000000000E+00
    4729   1.0000000000E+00
    4730   1.0000000000E+00
    4731   1.0000000000E+00
    4732   1.0000000000E+00
    4733   1.0000000000E+00
    4734   1.0000000000E+00
    4735   1.0000000000E+00
    4736   1.0000000000E+00
    4737   1.0000000000E+00
    4738   1.0000000000E+00
    4739   1.0000000000E+00
    4740   1.0000000000E+00
    4741   1.0000000000E+00
    4742   1.0000000000E+00
    4743   1.0000000000E+00
    4744   1.0000000000E+00
    4745   1.0000000000E+00
    4746   1.0000000000E+00
    4747   1.0000000000E+00
    4748   1.0000000000E+00
    4749   1.0000000000E+00
    4750   1.0000000000E+00
    4751   1.0000000000E+00
    4752   1.0000000000E+00
    4753   1.0000000000E+00
    4754   1.0000000000E+00
    4755   1.0000000000E+00
    4756   1.0000000000E+00
    4757   1.0000000000E+00
    4758   1.0000000000E+00
    4759   1.0000000000E+00
    4760   1.0000000000E+00
    4761   1.0000000000E+00
    4762   1.0000000000E+00
    4763   1.0000000000E+00
    4764   1.0000000000E+00
    4765   1.0000000000E+00
    4766   1.0000000000E+00
    4767   1.0000000000E+00
    4768   1.0000000000E+00
    4769   1.0000000000E+00
    4770   1.0000000000E+00
    4771   1.0000000000E+00
    4772   1.0000000000E+00
    4773   1.0000000000E+00
    4774   1.0000000000E+00
    4775   1.0000000000E+00
    4776   1.0000000000E+00
    4777   1.0000000000E+00
    4778   1.0000000000E+00
    4779   1.0000000000E+00
    4780   1.0000000000E+00
    4781   1.0000000000E+00
    4782   1.0000000000E+00
    4783   1.0000000000E+00
    4784   1.0000000000E+00
    4785   1.0000000000E+00
    4786   1.0000000000E+00
    4787   1.0000000000E+00
    4788   1.0000000000E+00
    4789   1.0000000000E+00
    4790   1.0000000000E+00
    4791   1.0000000000E+00
    4792   1.0000000000E+00
    4793   1.0000000000E+00
    4794   1.0000000000E+00
    4795   1.0000000000E+00
    4796   1.0000000000E+00
    4797   1.0000000000E+00
    4798   1.0000000000E+00
    4799   1.0000000000E+00
    4800   1.0000000000E+00
    4801   1.0000000000E+00
    4802   1.0000000000E+00
    4803   1.0000000000E+00
    4804   1.0000000000E+00
    4805   1.0000000000E+00
    4806   1.0000000000E+00
    4807   1.0000000000E+00
    4808   1.0000000000E+00
    4809   1.0000000000E+00
    4810   1.0000000000E+00
    4811   1.0000000000E+00
    4812   1.0000000000E+00
    4813   1.0000000000E+00
    4814   1.0000000000E+00
    4815   1.0000000000E+00
    4816   1.0000000000E+00
    4817   1.0000000000E+00
    4818   1.0000000000E+00
    4819   1.0000000000E+00
    4820   1.0000000000E+00
    4821   1.0000000000E+00
    4822   1.0000000000E+00
    4823   1.0000000000E+00
    4824   1.0000000000E+00
    4825   1.0000000000E+00
    4826   1.0000000000E+00
    4827   1.0000000000E+00
    4828   1.0000000000E+00
    4829   1.0000000000E+00
    4830   1.0000000000E+00
    4831   1.0000000000E+00
    4832   1.0000000000E+00
    4833   1.0000000000E+00
    4834   1.0000000000E+00
    4835   1.0000000000E+00
    4836   1.0000000000E+00
    4837   1.0000000000E+00
    4838   1.0000000000E+00
    4839   1.0000000000E+00
    4840   1.0000000000E+00
    4841   1.0000000000E+00
    4842   1.0000000000E+00
    4843   1.0000000000E+00
    4844   1.0000000000E+00
    4845   1.0000000000E+00
    4846   1.0000000000E+00
    4847   1.0000000000E+00
    4848   1.0000000000E+00
    4849   1.0000000000E+00
    4850   1.0000000000E+00
    4851   1.0000000000E+00
    4852   1.0000000000E+00
    4853   1.0000000000E+00
    4854   1.0000000000E+00
    4855   1.0000000000E+00
    4856   1.0000000000E+00
    4857   1.0000000000E+00
    4858   1.0000000000E+00
    4859   1.0000000000E+00
    4860   1.0000000000E+00
    4861   1.0000000000E+00
    4862   1.0000000000E+00
    4863   1.0000000000E+00
    4864   1.0000000000E+00
    4865   1.0000000000E+00
    4866   1.0000000000E+00
    4867   1.0000000000E+00
    4868   1.0000000000E+00
    4869   1.0000000000E+00
    4870   1.0000000000E+00
    4871   1.0000000000E+00
    4872   1.0000000000E+00
    4873   1.0000000000E+00
    4874   1.0000000000E+00
    4875   1.0000000000E+00
    4876   1.0000000000E+00
    4877   1.0000000000E+00
    4878   1.0000000000E+00
    4879   1.0000000000E+00
    4880   1.0000000000E+00
    4881   1.0000000000E+00
    4882   1.0000000000E+00
    4883   1.0000000000E+00
    4884   1.0000000000E+00
    4885   1.0000000000E+00
    4886   1.0000000000E+00
    4887   1.0000000000E+00
    4888   1.0000000000E+00
    4889   1.0000000000E+00
    4890   1.0000000000E+00
    4891   1.0000000000E+00
    4892   1.0000000000E+00
    4893   1.0000000000E+00
    4894   1.0000000000E+00
    4895   1.0000000000E+00
    4896   1.0000000000E+00
    4897   1.0000000000E+00
    4898   1.0000000000E+00
    4899   1.0000000000E+00
    4900   1.0000000000E+00
    4901   1.0000000000E+00
    4902   1.0000000000E+00
    4903   1.0000000000E+00
    4904   1.0000000000E+00
    4905   1.0000000000E+00
    4906   1.0000000000E+00
    4907   1.0000000000E+00
    4908   1.0000000000E+00
    4909   1.0000000000E+00
    4910   1.0000000000E+00
    4911   1.0000000000E+00
    4912   1.0000000000E+00
    4913   1.0000000000E+00
    4914   1.0000000000E+00
    4915   1.0000000000E+00
    4916   1.0000000000E+00
    4917   1.0000000000E+00
    4918   1.0000000000E+00
    4919   1.0000000000E+00
    4920   1.0000000000E+00
    4921   1.0000000000E+00
    4922   1.0000000000E+00
    4923   1.0000000000E+00
    4924   1.0000000000E+00
    4925   1.0000000000E+00
    4926   1.0000000000E+00
    4927   1.0000000000E+00
    4928   1.0000000000E+00
    4929   1.0000000000E+00
    4930   1.0000000000E+00
    4931   1.0000000000E+00
    4932   1.0000000000E+00
    4933   1.0000000000E+00
    4934   1.0000000000E+00
    4935   1.0000000000E+00
    4936   1.0000000000E+00
    4937   1.0000000000E+00
    4938   1.0000000000E+00
    4939   1.0000000000E+00
    4940   1.0000000000E+00
    4941   1.0000000000E+00
    4942   1.0000000000E+00
    4943   1.0000000000E+00
    4944   1.0000000000E+00
    4945   1.0000000000E+00
    4946   1.0000000000E+00
    4947   1.0000000000E+00
    4948   1.0000000000E+00
    4949   1.0000000000E+00
    4950   1.0000000000E+00
    4951   1.0000000000E+00
    4952   1.0000000000E+00
    4953   1.0000000000E+00
    4954   1.0000000000E+00
    4955   1.0000000000E+00
    4956   1.0000000000E+00
    4957   1.0000000000E+00
    4958   1.0000000000E+00
    4959   1.0000000000E+00
    4960   1.0000000000E+00
    4961   1.0000000000E+00
    4962   1.0000000000E+00
    4963   1.0000000000E+00
    4964   1.0000000000E+00
    4965   1.0000000000E+00
    4966   1.0000000000E+00
    4967   1.0000000000E+00
    4968   1.0000000000E+00
    4969   1.0000000000E+00
    4970   1.0000000000E+00
    4971   1.0000000000E+00
    4972   1.0000000000E+00
    4973   1.0000000000E+00
    4974   1.0000000000E+00
    4975   1.0000000000E+00
    4976   1.0000000000E+00
    4977   1.0000000000E+00
    4978   1.0000000000E+00
    4979   1.0000000000E+00
    4980   1.0000000000E+00
    4981   1.0000000000E+00
    4982   1.0000000000E+00
    4983   1.0000000000E+00
    4984   1.0000000000E+00
    4985   1.0000000000E+00
    4986   1.0000000000E+00
    4987   1.0000000000E+00
    4988   1.0000000000E+00
    4989   1.0000000000E+00
    4990   1.0000000000E+00
    4991   1.0000000000E+00
    4992   1.0000000000E+00
    4993   1.0000000000E+00
    4994   1.0000000000E+00
    4995   1.0000000000E+00
    4996   1.0000000000E+00
    4997   1.0000000000E+00
    4998   1.0000000000E+00
    4999   1.0000000000E+00
    5000   1.0000000000E+00
    5001   1.0000000000E+00
    5002   1.0000000000E+00
    5003   1.0000000000E+00
    5004   1.0000000000E+00
    5005   1.0000000000E+00
    5006   1.0000000000E+00
    5007   1.0000000000E+00
    5008   1.0000000000E+00
    5009   1.0000000000E+00
    5010   1.0000000000E+00
    5011   1.0000000000E+00
    5012   1.0000000000E+00
    5013   1.0000000000E+00
    5014   1.0000000000E+00
    5015   1.0000000000E+00
    5016   1.0000000000E+00
    5017   1.0000000000E+00
    5018   1.0000000000E+00
    5019   1.0000000000E+00
    5020   1.0000000000E+00
    5021   1.0000000000E+00
    5022   1.0000000000E+00
    5023   1.0000000000E+00
    5024   1.0000000000E+00
    5025   1.0000000000E+00
    5026   1.0000000000E+00
    5027   1.0000000000E+00
    5028   1.0000000000E+00
    5029   1.0000000000E+00
    5030   1.0000000000E+00
    5031   1.0000000000E+00
    5032   1.0000000000E+00
    5033   1.0000000000E+00
    5034   1.0000000000E+00
    5035   1.0000000000E+00
    5036   1.0000000000E+00
    5037   1.0000000000E+00
    5038   1.0000000000E+00
    5039   1.0000000000E+00
    5040   1.0000000000E+00
    5041   1.0000000000E+00
    5042   1.0000000000E+00
    5043   1.0000000000E+00
    5044   1.0000000000E+00
    5045   1.0000000000E+00
    5046   1.0000000000E+00
    5047   1.0000000000E+00
    5048   1.0000000000E+00
    5049   1.0000000000E+00
    5050   1.0000000000E+00
    5051   1.0000000000E+00
    5052   1.0000000000E+00
    5053   1.0000000000E+00
    5054   1.0000000000E+00
    5055   1.0000000000E+00
    5056   1.0000000000E+00
    5057   1.0000000000E+00
    5058   1.0000000000E+00
    5059   1.0000000000E+00
    5060   1.0000000000E+00
    5061   1.0000000000E+00
    5062   1.0000000000E+00
    5063   1.0000000000E+00
    5064   1.0000000000E+00
    5065   1.0000000000E+00
    5066   1.0000000000E+00
    5067   1.0000000000E+00
    5068   1.0000000000E+00
    5069   1.0000000000E+00
    5070   1.0000000000E+00
    5071   1.0000000000E+00
    5072   1.0000000000E+00
    5073   1.0000000000E+00
    5074   1.0000000000E+00
    5075   1.0000000000E+00
    5076   1.0000000000E+00
    5077   1.0000000000E+00
    5078   1.0000000000E+00
    5079   1.0000000000E+00
    5080   1.0000000000E+00
    5081   1.0000000000E+00
    5082   1.0000000000E+00
    5083   1.0000000000E+00
    5084   1.0000000000E+00
    5085   1.0000000000E+00
    5086   1.0000000000E+00
    5087   1.0000000000E+00
    5088   1.0000000000E+00
    5089   1.0000000000E+00
    5090   1.0000000000E+00
    5091   1.0000000000E+00
    5092   1.0000000000E+00
    5093   1.0000000000E+00
    5094   1.0000000000E+00
    5095   1.0000000000E+00
    5096   1.0000000000E+00
    5097   1.0000000000E+00
    5098   1.0000000000E+00
    5099   1.0000000000E+00
    5100   1.0000000000E+00
    5101   1.0000000000E+00
    5102   1.0000000000E+00
    5103   1.0000000000E+00
    5104   1.0000000000E+00
    5105   1.0000000000E+00
    5106   1.0000000000E+00
    5107   1.0000000000E+00
    5108   1.0000000000E+00
    5109   1.0000000000E+00
    5110   1.0000000000E+00
    5111   1.0000000000E+00
    5112   1.0000000000E+00
    5113   1.0000000000E+00
    5114   1.0000000000E+00
    5115   1.0000000000E+00
    5116   1.0000000000E+00
    5117   1.0000000000E+00
    5118   1.0000000000E+00
    5119   1.0000000000E+00
    5120   1.0000000000E+00
    5121   1.0000000000E+00
    5122   1.0000000000E+00
    5123   1.0000000000E+00
    5124   1.0000000000E+00
    5125   1.0000000000E+00
    5126   1.0000000000E+00
    5127   1.0000000000E+00
    5128   1.0000000000E+00
    5129   1.0000000000E+00
    5130   1.0000000000E+00
    5131   1.0000000000E+00
    5132   1.0000000000E+00
    5133   1.0000000000E+00
    5134   1.0000000000E+00
    5135   1.0000000000E+00
    5136   1.0000000000E+00
    5137   1.0000000000E+00
    5138   1.0000000000E+00
    5139   1.0000000000E+00
    5140   1.0000000000E+00
    5141   1.0000000000E+00
    5142   1.0000000000E+00
    5143   1.0000000000E+00
    5144   1.0000000000E+00
    5145   1.0000000000E+00
    5146   1.0000000000E+00
    5147   1.0000000000E+00
    5148   1.0000000000E+00
    5149   1.0000000000E+00
    5150   1.0000000000E+00
    5151   1.0000000000E+00
    5152   1.0000000000E+00
    5153   1.0000000000E+00
    5154   1.0000000000E+00
    5155   1.0000000000E+00
    5156   1.0000000000E+00
    5157   1.0000000000E+00
    5158   1.0000000000E+00
    5159   1.0000000000E+00
    5160   1.0000000000E+00
    5161   1.0000000000E+00
    5162   1.0000000000E+00
    5163   1.0000000000E+00
    5164   1.0000000000E+00
    5165   1.0000000000E+00
    5166   1.0000000000E+00
    5167   1.0000000000E+00
    5168   1.0000000000E+00
    5169   1.0000000000E+00
    5170   1.0000000000E+00
    5171   1.0000000000E+00
    5172   1.0000000000E+00
    5173   1.0000000000E+00
    5174   1.0000000000E+00
    5175   1.0000000000E+00
    5176   1.0000000000E+00
    5177   1.0000000000E+00
    5178   1.0000000000E+00
    5179   1.0000000000E+00
    5180   1.0000000000E+00
    5181   1.0000000000E+00
    5182   1.0000000000E+00
    5183   1.0000000000E+00
    5184   1.0000000000E+00
    5185   1.0000000000E+00
    5186   1.0000000000E+00
    5187   1.0000000000E+00
    5188   1.0000000000E+00
    5189   1.0000000000E+00
    5190   1.0000000000E+00
    5191   1.0000000000E+00
    5192   1.0000000000E+00
    5193   1.0000000000E+00
    5194   1.0000000000E+00
    5195   1.0000000000E+00
    5196   1.0000000000E+00
    5197   1.0000000000E+00
    5198   1.0000000000E+00
    5199   1.0000000000E+00
    5200   1.0000000000E+00
    5201   1.0000000000E+00
    5202   1.0000000000E+00
    5203   1.0000000000E+00
    5204   1.0000000000E+00
    5205   1.0000000000E+00
    5206   1.0000000000E+00
    5207   1.0000000000E+00
    5208   1.0000000000E+00
    5209   1.0000000000E+00
    5210   1.0000000000E+00
    5211   1.0000000000E+00
    5212   1.0000000000E+00
    5213   1.0000000000E+00
    5214   1.0000000000E+00
    5215   1.0000000000E+00
    5216   1.0000000000E+00
    5217   1.0000000000E+00
    5218   1.0000000000E+00
    5219   1.0000000000E+00
    5220   1.0000000000E+00
    5221   1.0000000000E+00
    5222   1.0000000000E+00
    5223   1.0000000000E+00
    5224   1.0000000000E+00
    5225   1.0000000000E+00
    5226   1.0000000000E+00
    5227   1.0000000000E+00
    5228   1.0000000000E+00
    5229   1.0000000000E+00
    5230   1.0000000000E+00
    5231   1.0000000000E+00
    5232   1.0000000000E+00
    5233   1.0000000000E+00
    5234   1.0000000000E+00
    5235   1.0000000000E+00
    5236   1.0000000000E+00
    5237   1.0000000000E+00
    5238   1.0000000000E+00
    5239   1.0000000000E+00
    5240   1.0000000000E+00
    5241   1.0000000000E+00
    5242   1.0000000000E+00
    5243   1.0000000000E+00
    5244   1.0000000000E+00
    5245   1.0000000000E+00
    5246   1.0000000000E+00
    5247   1.0000000000E+00
    5248   1.0000000000E+00
    5249   1.0000000000E+00
    5250   1.0000000000E+00
    5251   1.0000000000E+00
    5252   1.0000000000E+00
    5253   1.0000000000E+00
    5254   1.0000000000E+00
    5255   1.0000000000E+00
    5256   1.0000000000E+00
    5257   1.0000000000E+00
    5258   1.0000000000E+00
    5259   1.0000000000E+00
    5260   1.0000000000E+00
    5261   1.0000000000E+00
    5262   1.0000000000E+00
    5263   1.0000000000E+00
    5264   1.0000000000E+00
    5265   1.0000000000E+00
    5266   1.0000000000E+00
    5267   1.0000000000E+00
    5268   1.0000000000E+00
    5269   1.0000000000E+00
    5270   1.0000000000E+00
    5271   1.0000000000E+00
    5272   1.0000000000E+00
    5273   1.0000000000E+00
    5274   1.0000000000E+00
    5275   1.0000000000E+00
    5276   1.0000000000E+00
    5277   1.0000000000E+00
    5278   1.0000000000E+00
    5279   1.0000000000E+00
    5280   1.0000000000E+00
    5281   1.0000000000E+00
    5282   1.0000000000E+00
    5283   1.0000000000E+00
    5284   1.0000000000E+00
    5285   1.0000000000E+00
    5286   1.0000000000E+00
    5287   1.0000000000E+00
    5288   1.0000000000E+00
    5289   1.0000000000E+00
    5290   1.0000000000E+00
    5291   1.0000000000E+00
    5292   1.0000000000E+00
    5293   1.0000000000E+00
    5294   1.0000000000E+00
    5295   1.0000000000E+00
    5296   1.0000000000E+00
    5297   1.0000000000E+00
    5298   1.0000000000E+00
    5299   1.0000000000E+00
    5300   1.0000000000E+00
    5301   1.0000000000E+00
    5302   1.0000000000E+00
    5303   1.0000000000E+00
    5304   1.0000000000E+00
    5305   1.0000000000E+00
    5306   1.0000000000E+00
    5307   1.0000000000E+00
    5308   1.0000000000E+00
    5309   1.0000000000E+00
    5310   1.0000000000E+00
    5311   1.0000000000E+00
    5312   1.0000000000E+00
    5313   1.0000000000E+00
    5314   1.0000000000E+00
    5315   1.0000000000E+00
    5316   1.0000000000E+00
    5317   1.0000000000E+00
    5318   1.0000000000E+00
    5319   1.0000000000E+00
    5320   1.0000000000E+00
    5321   1.0000000000E+00
    5322   1.0000000000E+00
    5323   1.0000000000E+00
    5324   1.0000000000E+00
    5325   1.0000000000E+00
    5326   1.0000000000E+00
    5327   1.0000000000E+00
    5328   1.0000000000E+00
    5329   1.0000000000E+00
    5330   1.0000000000E+00
    5331   1.0000000000E+00
    5332   1.0000000000E+00
    5333   1.0000000000E+00
    5334   1.0000000000E+00
    5335   1.0000000000E+00
    5336   1.0000000000E+00
    5337   1.0000000000E+00
    5338   1.0000000000E+00
    5339   1.0000000000E+00
    5340   1.0000000000E+00
    5341   1.0000000000E+00
    5342   1.0000000000E+00
    5343   1.0000000000E+00
    5344   1.0000000000E+00
    5345   1.0000000000E+00
    5346   1.0000000000E+00
    5347   1.0000000000E+00
    5348   1.0000000000E+00
    5349   1.0000000000E+00
    5350   1.0000000000E+00
    5351   1.0000000000E+00
    5352   1.0000000000E+00
    5353   1.0000000000E+00
    5354   1.0000000000E+00
    5355   1.0000000000E+00
    5356   1.0000000000E+00
    5357   1.0000000000E+00
    5358   1.0000000000E+00
    5359   1.0000000000E+00
    5360   1.0000000000E+00
    5361   1.0000000000E+00
    5362   1.0000000000E+00
    5363   1.0000000000E+00
    5364   1.0000000000E+00
    5365   1.0000000000E+00
    5366   1.0000000000E+00
    5367   1.0000000000E+00
    5368   1.0000000000E+00
    5369   1.0000000000E+00
    5370   1.0000000000E+00
    5371   1.0000000000E+00
    5372   1.0000000000E+00
    5373   1.0000000000E+00
    5374   1.0000000000E+00
    5375   1.0000000000E+00
    5376   1.0000000000E+00
    5377   1.0000000000E+00
    5378   1.0000000000E+00
    5379   1.0000000000E+00
    5380   1.0000000000E+00
    5381   1.0000000000E+00
    5382   1.0000000000E+00
    5383   1.0000000000E+00
    5384   1.0000000000E+00
    5385   1.0000000000E+00
    5386   1.0000000000E+00
    5387   1.0000000000E+00
    5388   1.0000000000E+00
    5389   1.0000000000E+00
    5390   1.0000000000E+00
    5391   1.0000000000E+00
    5392   1.0000000000E+00
    5393   1.0000000000E+00
    5394   1.0000000000E+00
    5395   1.0000000000E+00
    5396   1.0000000000E+00
    5397   1.0000000000E+00
    5398   1.0000000000E+00
    5399   1.0000000000E+00
    5400   1.0000000000E+00
    5401   1.0000000000E+00
    5402   1.0000000000E+00
    5403   1.0000000000E+00
    5404   1.0000000000E+00
    5405   1.0000000000E+00
    5406   1.0000000000E+00
    5407   1.0000000000E+00
    5408   1.0000000000E+00
    5409   1.0000000000E+00
    5410   1.0000000000E+00
    5411   1.0000000000E+00
    5412   1.0000000000E+00
    5413   1.0000000000E+00
    5414   1.0000000000E+00
    5415   1.0000000000E+00
    5416   1.0000000000E+00
    5417   1.0000000000E+00
    5418   1.0000000000E+00
    5419   1.0000000000E+00
    5420   1.0000000000E+00
    5421   1.0000000000E+00
    5422   1.0000000000E+00
    5423   1.0000000000E+00
    5424   1.0000000000E+00
    5425   1.0000000000E+00
    5426   1.0000000000E+00
    5427   1.0000000000E+00
    5428   1.0000000000E+00
    5429   1.0000000000E+00
    5430   1.0000000000E+00
    5431   1.0000000000E+00
    5432   1.0000000000E+00
    5433   1.0000000000E+00
    5434   1.0000000000E+00
    5435   1.0000000000E+00
    5436   1.0000000000E+00
    5437   1.0000000000E+00
    5438   1.0000000000E+00
    5439   1.0000000000E+00
    5440   1.0000000000E+00
    5441   1.0000000000E+00
    5442   1.0000000000E+00
    5443   1.0000000000E+00
    5444   1.0000000000E+00
    5445   1.0000000000E+00
    5446   1.0000000000E+00
    5447   1.0000000000E+00
    5448   1.0000000000E+00
    5449   1.0000000000E+00
    5450   1.0000000000E+00
    5451   1.0000000000E+00
    5452   1.0000000000E+00
    5453   1.0000000000E+00
    5454   1.0000000000E+00
    5455   1.0000000000E+00
    5456   1.0000000000E+00
    5457   1.0000000000E+00
    5458   1.0000000000E+00
    5459   1.0000000000E+00
    5460   1.0000000000E+00
    5461   1.0000000000E+00
    5462   1.0000000000E+00
    5463   1.0000000000E+00
    5464   1.0000000000E+00
    5465   1.0000000000E+00
    5466   1.0000000000E+00
    5467   1.0000000000E+00
    5468   1.0000000000E+00
    5469   1.0000000000E+00
    5470   1.0000000000E+00
    5471   1.0000000000E+00
    5472   1.0000000000E+00
    5473   1.0000000000E+00
    5474   1.0000000000E+00
    5475   1.0000000000E+00
    5476   1.0000000000E+00
    5477   1.0000000000E+00
    5478   1.0000000000E+00
    5479   1.0000000000E+00
    5480   1.0000000000E+00
    5481   1.0000000000E+00
    5482   1.0000000000E+00
    5483   1.0000000000E+00
    5484   1.0000000000E+00
    5485   1.0000000000E+00
    5486   1.0000000000E+00
    5487   1.0000000000E+00
    5488   1.0000000000E+00
    5489   1.0000000000E+00
    5490   1.0000000000E+00
    5491   1.0000000000E+00
    5492   1.0000000000E+00
    5493   1.0000000000E+00
    5494   1.0000000000E+00
    5495   1.0000000000E+00
    5496   1.0000000000E+00
    5497   1.0000000000E+00
    5498   1.0000000000E+00
    5499   1.0000000000E+00
    5500   1.0000000000E+00
    5501   1.0000000000E+00
    5502   1.0000000000E+00
    5503   1.0000000000E+00
    5504   1.0000000000E+00
    5505   1.0000000000E+00
    5506   1.0000000000E+00
    5507   1.0000000000E+00
    5508   1.0000000000E+00
    5509   1.0000000000E+00
    5510   1.0000000000E+00
    5511   1.0000000000E+00
    5512   1.0000000000E+00
    5513   1.0000000000E+00
    5514   1.0000000000E+00
    5515   1.0000000000E+00
    5516   1.0000000000E+00
    5517   1.0000000000E+00
    5518   1.0000000000E+00
    5519   1.0000000000E+00
    5520   1.0000000000E+00
    5521   1.0000000000E+00
    5522   1.0000000000E+00
    5523   1.0000000000E+00
    5524   1.0000000000E+00
    5525   1.0000000000E+00
    5526   1.0000000000E+00
    5527   1.0000000000E+00
    5528   1.0000000000E+00
    5529   1.0000000000E+00
    5530   1.0000000000E+00
    5531   1.0000000000E+00
    5532   1.0000000000E+00
    5533   1.0000000000E+00
    5534   1.0000000000E+00
    5535   1.0000000000E+00
    5536   1.0000000000E+00
    5537   1.0000000000E+00
    5538   1.0000000000E+00
    5539   1.0000000000E+00
    5540   1.0000000000E+00
    5541   1.0000000000E+00
    5542   1.0000000000E+00
    5543   1.0000000000E+00
    5544   1.0000000000E+00
    5545   1.0000000000E+00
    5546   1.0000000000E+00
    5547   1.0000000000E+00
    5548   1.0000000000E+00
    5549   1.0000000000E+00
    5550   1.0000000000E+00
    5551   1.0000000000E+00
    5552   1.0000000000E+00
    5553   1.0000000000E+00
    5554   1.0000000000E+00
    5555   1.0000000000E+00
    5556   1.0000000000E+00
    5557   1.0000000000E+00
    5558   1.0000000000E+00
    5559   1.0000000000E+00
    5560   1.0000000000E+00
    5561   1.0000000000E+00
    5562   1.0000000000E+00
    5563   1.0000000000E+00
    5564   1.0000000000E+00
    5565   1.0000000000E+00
    5566   1.0000000000E+00
    5567   1.0000000000E+00
    5568   1.0000000000E+00
    5569   1.0000000000E+00
    5570   1.0000000000E+00
    5571   1.0000000000E+00
    5572   1.0000000000E+00
    5573   1.0000000000E+00
    5574   1.0000000000E+00
    5575   1.0000000000E+00
    5576   1.0000000000E+00
    5577   1.0000000000E+00
    5578   1.0000000000E+00
    5579   1.0000000000E+00
    5580   1.0000000000E+00
    5581   1.0000000000E+00
    5582   1.0000000000E+00
    5583   1.0000000000E+00
    5584   1.0000000000E+00
    5585   1.0000000000E+00
    5586   1.0000000000E+00
    5587   1.0000000000E+00
    5588   1.0000000000E+00
    5589   1.0000000000E+00
    5590   1.0000000000E+00
    5591   1.0000000000E+00
    5592   1.0000000000E+00
    5593   1.0000000000E+00
    5594   1.0000000000E+00
    5595   1.0000000000E+00
    5596   1.0000000000E+00
    5597   1.0000000000E+00
    5598   1.0000000000E+00
    5599   1.0000000000E+00
    5600   1.0000000000E+00
    5601   1.0000000000E+00
    5602   1.0000000000E+00
    5603   1.0000000000E+00
    5604   1.0000000000E+00
    5605   1.0000000000E+00
    5606   1.0000000000E+00
    5607   1.0000000000E+00
    5608   1.0000000000E+00
    5609   1.0000000000E+00
    5610   1.0000000000E+00
    5611   1.0000000000E+00
    5612   1.0000000000E+00
    5613   1.0000000000E+00
    5614   1.0000000000E+00
    5615   1.0000000000E+00
    5616   1.0000000000E+00
    5617   1.0000000000E+00
    5618   1.0000000000E+00
    5619   1.0000000000E+00
    5620   1.0000000000E+00
    5621   1.0000000000E+00
    5622   1.0000000000E+00
    5623   1.0000000000E+00
    5624   1.0000000000E+00
    5625   1.0000000000E+00
    5626   1.0000000000E+00
    5627   1.0000000000E+00
    5628   1.0000000000E+00
    5629   1.0000000000E+00
    5630   1.0000000000E+00
    5631   1.0000000000E+00
    5632   1.0000000000E+00
    5633   1.0000000000E+00
    5634   1.0000000000E+00
    5635   1.0000000000E+00
    5636   1.0000000000E+00
    5637   1.0000000000E+00
    5638   1.0000000000E+00
    5639   1.0000000000E+00
    5640   1.0000000000E+00
    5641   1.0000000000E+00
    5642   1.0000000000E+00
    5643   1.0000000000E+00
    5644   1.0000000000E+00
    5645   1.0000000000E+00
    5646   1.0000000000E+00
    5647   1.0000000000E+00
    5648   1.0000000000E+00
    5649   1.0000000000E+00
    5650   1.0000000000E+00
    5651   1.0000000000E+00
    5652   1.0000000000E+00
    5653   1.0000000000E+00
    5654   1.0000000000E+00
    5655   1.0000000000E+00
    5656   1.0000000000E+00
    5657   1.0000000000E+00
    5658   1.0000000000E+00
    5659   1.0000000000E+00
    5660   1.0000000000E+00
    5661   1.0000000000E+00
    5662   1.0000000000E+00
    5663   1.0000000000E+00
    5664   1.0000000000E+00
    5665   1.0000000000E+00
    5666   1.0000000000E+00
    5667   1.0000000000E+00
    5668   1.0000000000E+00
    5669   1.0000000000E+00
    5670   1.0000000000E+00
    5671   1.0000000000E+00
    5672   1.0000000000E+00
    5673   1.0000000000E+00
    5674   1.0000000000E+00
    5675   1.0000000000E+00
    5676   1.0000000000E+00
    5677   1.0000000000E+00
    5678   1.0000000000E+00
    5679   1.0000000000E+00
    5680   1.0000000000E+00
    5681   1.0000000000E+00
    5682   1.0000000000E+00
    5683   1.0000000000E+00
    5684   1.0000000000E+00
    5685   1.0000000000E+00
    5686   1.0000000000E+00
    5687   1.0000000000E+00
    5688   1.0000000000E+00
    5689   1.0000000000E+00
    5690   1.0000000000E+00
    5691   1.0000000000E+00
    5692   1.0000000000E+00
    5693   1.0000000000E+00
    5694   1.0000000000E+00
    5695   1.0000000000E+00
    5696   1.0000000000E+00
    5697   1.0000000000E+00
    5698   1.0000000000E+00
    5699   1.0000000000E+00
    5700   1.0000000000E+00
    5701   1.0000000000E+00
    5702   1.0000000000E+00
    5703   1.0000000000E+00
    5704   1.0000000000E+00
    5705   1.0000000000E+00
    5706   1.0000000000E+00
    5707   1.0000000000E+00
    5708   1.0000000000E+00
    5709   1.0000000000E+00
    5710   1.0000000000E+00
    5711   1.0000000000E+00
    5712   1.0000000000E+00
    5713   1.0000000000E+00
    5714   1.0000000000E+00
    5715   1.0000000000E+00
    5716   1.0000000000E+00
    5717   1.0000000000E+00
    5718   1.0000000000E+00
    5719   1.0000000000E+00
    5720   1.0000000000E+00
    5721   1.0000000000E+00
    5722   1.0000000000E+00
    5723   1.0000000000E+00
    5724   1.0000000000E+00
    5725   1.0000000000E+00
    5726   1.0000000000E+00
    5727   1.0000000000E+00
    5728   1.0000000000E+00
    5729   1.0000000000E+00
    5730   1.0000000000E+00
    5731   1.0000000000E+00
    5732   1.0000000000E+00
    5733   1.0000000000E+00
    5734   1.0000000000E+00
    5735   1.0000000000E+00
    5736   1.0000000000E+00
    5737   1.0000000000E+00
    5738   1.0000000000E+00
    5739   1.0000000000E+00
    5740   1.0000000000E+00
    5741   1.0000000000E+00
    5742   1.0000000000E+00
    5743   1.0000000000E+00
    5744   1.0000000000E+00
    5745   1.0000000000E+00
    5746   1.0000000000E+00
    5747   1.0000000000E+00
    5748   1.0000000000E+00
    5749   1.0000000000E+00
    5750   1.0000000000E+00
    5751   1.0000000000E+00
    5752   1.0000000000E+00
    5753   1.0000000000E+00
    5754   1.0000000000E+00
    5755   1.0000000000E+00
    5756   1.0000000000E+00
    5757   1.0000000000E+00
    5758   1.0000000000E+00
    5759   1.0000000000E+00
    5760   1.0000000000E+00
    5761   1.0000000000E+00
    5762   1.0000000000E+00
    5763   1.0000000000E+00
    5764   1.0000000000E+00
    5765   1.0000000000E+00
    5766   1.0000000000E+00
    5767   1.0000000000E+00
    5768   1.0000000000E+00
    5769   1.0000000000E+00
    5770   1.0000000000E+00
    5771   1.0000000000E+00
    5772   1.0000000000E+00
    5773   1.0000000000E+00
    5774   1.0000000000E+00
    5775   1.0000000000E+00
    5776   1.0000000000E+00
    5777   1.0000000000E+00
    5778   1.0000000000E+00
    5779   1.0000000000E+00
    5780   1.0000000000E+00
    5781   1.0000000000E+00
    5782   1.0000000000E+00
    5783   1.0000000000E+00
    5784   1.0000000000E+00
    5785   1.0000000000E+00
    5786   1.0000000000E+00
    5787   1.0000000000E+00
    5788   1.0000000000E+00
    5789   1.0000000000E+00
    5790   1.0000000000E+00
    5791   1.0000000000E+00
    5792   1.0000000000E+00
    5793   1.0000000000E+00
    5794   1.0000000000E+00
    5795   1.0000000000E+00
    5796   1.0000000000E+00
    5797   1.0000000000E+00
    5798   1.0000000000E+00
    5799   1.0000000000E+00
    5800   1.0000000000E+00
    5801   1.0000000000E+00
    5802   1.0000000000E+00
    5803   1.0000000000E+00
    5804   1.0000000000E+00
    5805   1.0000000000E+00
    5806   1.0000000000E+00
    5807   1.0000000000E+00
    5808   1.0000000000E+00
    5809   1.0000000000E+00
    5810   1.0000000000E+00
    5811   1.0000000000E+00
    5812   1.0000000000E+00
    5813   1.0000000000E+00
    5814   1.0000000000E+00
    5815   1.0000000000E+00
    5816   1.0000000000E+00
    5817   1.0000000000E+00
    5818   1.0000000000E+00
    5819   1.0000000000E+00
    5820   1.0000000000E+00
    5821   1.0000000000E+00
    5822   1.0000000000E+00
    5823   1.0000000000E+00
    5824   1.0000000000E+00
    5825   1.0000000000E+00
    5826   1.0000000000E+00
    5827   1.0000000000E+00
    5828   1.0000000000E+00
    5829   1.0000000000E+00
    5830   1.0000000000E+00
    5831   1.0000000000E+00
    5832   1.0000000000E+00
    5833   1.0000000000E+00
    5834   1.0000000000E+00
    5835   1.0000000000E+00
    5836   1.0000000000E+00
    5837   1.0000000000E+00
    5838   1.0000000000E+00
    5839   1.0000000000E+00
    5840   1.0000000000E+00
    5841   1.0000000000E+00
    5842   1.0000000000E+00
    5843   1.0000000000E+00
    5844   1.0000000000E+00
    5845   1.0000000000E+00
    5846   1.0000000000E+00
    5847   1.0000000000E+00
    5848   1.0000000000E+00
    5849   1.0000000000E+00
    5850   1.0000000000E+00
    5851   1.0000000000E+00
    5852   1.0000000000E+00
    5853   1.0000000000E+00
    5854   1.0000000000E+00
    5855   1.0000000000E+00
    5856   1.0000000000E+00
    5857   1.0000000000E+00
    5858   1.0000000000E+00
    5859   1.0000000000E+00
    5860   1.0000000000E+00
    5861   1.0000000000E+00
    5862   1.0000000000E+00
    5863   1.0000000000E+00
    5864   1.0000000000E+00
    5865   1.0000000000E+00
    5866   1.0000000000E+00
    5867   1.0000000000E+00
    5868   1.0000000000E+00
    5869   1.0000000000E+00
    5870   1.0000000000E+00
    5871   1.0000000000E+00
    5872   1.0000000000E+00
    5873   1.0000000000E+00
    5874   1.0000000000E+00
    5875   1.0000000000E+00
    5876   1.0000000000E+00
    5877   1.0000000000E+00
    5878   1.0000000000E+00
    5879   1.0000000000E+00
    5880   1.0000000000E+00
    5881   1.0000000000E+00
    5882   1.0000000000E+00
    5883   1.0000000000E+00
    5884   1.0000000000E+00
    5885   1.0000000000E+00
    5886   1.0000000000E+00
    5887   1.0000000000E+00
    5888   1.0000000000E+00
    5889   1.0000000000E+00
    5890   1.0000000000E+00
    5891   1.0000000000E+00
    5892   1.0000000000E+00
    5893   1.0000000000E+00
    5894   1.0000000000E+00
    5895   1.0000000000E+00
    5896   1.0000000000E+00
    5897   1.0000000000E+00
    5898   1.0000000000E+00
    5899   1.0000000000E+00
    5900   1.0000000000E+00
    5901   1.0000000000E+00
    5902   1.0000000000E+00
    5903   1.0000000000E+00
    5904   1.0000000000E+00
    5905   1.0000000000E+00
    5906   1.0000000000E+00
    5907   1.0000000000E+00
    5908   1.0000000000E+00
    5909   1.0000000000E+00
    5910   1.0000000000E+00
    5911   1.0000000000E+00
    5912   1.0000000000E+00
    5913   1.0000000000E+00
    5914   1.0000000000E+00
    5915   1.0000000000E+00
    5916   1.0000000000E+00
    5917   1.0000000000E+00
    5918   1.0000000000E+00
    5919   1.0000000000E+00
    5920   1.0000000000E+00
    5921   1.0000000000E+00
    5922   1.0000000000E+00
    5923   1.0000000000E+00
    5924   1.0000000000E+00
    5925   1.0000000000E+00
    5926   1.0000000000E+00
    5927   1.0000000000E+00
    5928   1.0000000000E+00
    5929   1.0000000000E+00
    5930   1.0000000000E+00
    5931   1.0000000000E+00
    5932   1.0000000000E+00
    5933   1.0000000000E+00
    5934   1.0000000000E+00
    5935   1.0000000000E+00
    5936   1.0000000000E+00
    5937   1.0000000000E+00
    5938   1.0000000000E+00
    5939   1.0000000000E+00
    5940   1.0000000000E+00
    5941   1.0000000000E+00
    5942   1.0000000000E+00
    5943   1.0000000000E+00
    5944   1.0000000000E+00
    5945   1.0000000000E+00
    5946   1.0000000000E+00
    5947   1.0000000000E+00
    5948   1.0000000000E+00
    5949   1.0000000000E+00
    5950   1.0000000000E+00
    5951   1.0000000000E+00
    5952   1.0000000000E+00
    5953   1.0000000000E+00
    5954   1.0000000000E+00
    5955   1.0000000000E+00
    5956   1.0000000000E+00
    5957   1.0000000000E+00
    5958   1.0000000000E+00
    5959   1.0000000000E+00
    5960   1.0000000000E+00
    5961   1.0000000000E+00
    5962   1.0000000000E+00
    5963   1.0000000000E+00
    5964   1.0000000000E+00
    5965   1.0000000000E+00
    5966   1.0000000000E+00
    5967   1.0000000000E+00
    5968   1.0000000000E+00
    5969   1.0000000000E+00
    5970   1.0000000000E+00
    5971   1.0000000000E+00
    5972   1.0000000000E+00
    5973   1.0000000000E+00
    5974   1.0000000000E+00
    5975   1.0000000000E+00
    5976   1.0000000000E+00
    5977   1.0000000000E+00
    5978   1.0000000000E+00
    5979   1.0000000000E+00
    5980   1.0000000000E+00
    5981   1.0000000000E+00
    5982   1.0000000000E+00
    5983   1.0000000000E+00
    5984   1.0000000000E+00
    5985   1.0000000000E+00
    5986   1.0000000000E+00
    5987   1.0000000000E+00
    5988   1.0000000000E+00
    5989   1.0000000000E+00
    5990   1.0000000000E+00
    5991   1.0000000000E+00
    5992   1.0000000000E+00
    5993   1.0000000000E+00
    5994   1.0000000000E+00
    5995   1.0000000000E+00
    5996   1.0000000000E+00
    5997   1.0000000000E+00
    5998   1.0000000000E+00
    5999   1.0000000000E+00
    6000   1.0000000000E+00
    6001   1.0000000000E+00
    6002   1.0000000000E+00
    6003   1.0000000000E+00
    6004   1.0000000000E+00
    6005   1.0000000000E+00
    6006   1.0000000000E+00
    6007   1.0000000000E+00
    6008   1.0000000000E+00
    6009   1.0000000000E+00
    6010   1.0000000000E+00
    6011   1.0000000000E+00
    6012   1.0000000000E+00
    6013   1.0000000000E+00
    6014   1.0000000000E+00
    6015   1.0000000000E+00
    6016   1.0000000000E+00
    6017   1.0000000000E+00
    6018   1.0000000000E+00
    6019   1.0000000000E+00
    6020   1.0000000000E+00
    6021   1.0000000000E+00
    6022   1.0000000000E+00
    6023   1.0000000000E+00
    6024   1.0000000000E+00
    6025   1.0000000000E+00
    6026   1.0000000000E+00
    6027   1.0000000000E+00
    6028   1.0000000000E+00
    6029   1.0000000000E+00
    6030   1.0000000000E+00
    6031   1.0000000000E+00
    6032   1.0000000000E+00
    6033   1.0000000000E+00
    6034   1.0000000000E+00
    6035   1.0000000000E+00
    6036   1.0000000000E+00
    6037   1.0000000000E+00
    6038   1.0000000000E+00
    6039   1.0000000000E+00
    6040   1.0000000000E+00
    6041   1.0000000000E+00
    6042   1.0000000000E+00
    6043   1.0000000000E+00
    6044   1.0000000000E+00
    6045   1.0000000000E+00
    6046   1.0000000000E+00
    6047   1.0000000000E+00
    6048   1.0000000000E+00
    6049   1.0000000000E+00
    6050   1.0000000000E+00
    6051   1.0000000000E+00
    6052   1.0000000000E+00
    6053   1.0000000000E+00
    6054   1.0000000000E+00
    6055   1.0000000000E+00
    6056   1.0000000000E+00
    6057   1.0000000000E+00
    6058   1.0000000000E+00
    6059   1.0000000000E+00
    6060   1.0000000000E+00
    6061   1.0000000000E+00
    6062   1.0000000000E+00
    6063   1.0000000000E+00
    6064   1.0000000000E+00
    6065   1.0000000000E+00
    6066   1.0000000000E+00
    6067   1.0000000000E+00
    6068   1.0000000000E+00
    6069   1.0000000000E+00
    6070   1.0000000000E+00
    6071   1.0000000000E+00
    6072   1.0000000000E+00
    6073   1.0000000000E+00
    6074   1.0000000000E+00
    6075   1.0000000000E+00
    6076   1.0000000000E+00
    6077   1.0000000000E+00
    6078   1.0000000000E+00
    6079   1.0000000000E+00
    6080   1.0000000000E+00
    6081   1.0000000000E+00
    6082   1.0000000000E+00
    6083   1.0000000000E+00
    6084   1.0000000000E+00
    6085   1.0000000000E+00
    6086   1.0000000000E+00
    6087   1.0000000000E+00
    6088   1.0000000000E+00
    6089   1.0000000000E+00
    6090   1.0000000000E+00
    6091   1.0000000000E+00
    6092   1.0000000000E+00
    6093   1.0000000000E+00
    6094   1.0000000000E+00
    6095   1.0000000000E+00
    6096   1.0000000000E+00
    6097   1.0000000000E+00
    6098   1.0000000000E+00
    6099   1.0000000000E+00
    6100   1.0000000000E+00
    6101   1.0000000000E+00
    6102   1.0000000000E+00
    6103   1.0000000000E+00
    6104   1.0000000000E+00
    6105   1.0000000000E+00
    6106   1.0000000000E+00
    6107   1.0000000000E+00
    6108   1.0000000000E+00
    6109   1.0000000000E+00
    6110   1.0000000000E+00
    6111   1.0000000000E+00
    6112   1.0000000000E+00
    6113   1.0000000000E+00
    6114   1.0000000000E+00
    6115   1.0000000000E+00
    6116   1.0000000000E+00
    6117   1.0000000000E+00
    6118   1.0000000000E+00
    6119   1.0000000000E+00
    6120   1.0000000000E+00
    6121   1.0000000000E+00
    6122   1.0000000000E+00
    6123   1.0000000000E+00
    6124   1.0000000000E+00
    6125   1.0000000000E+00
    6126   1.0000000000E+00
    6127   1.0000000000E+00
    6128   1.0000000000E+00
    6129   1.0000000000E+00
    6130   1.0000000000E+00
    6131   1.0000000000E+00
    6132   1.0000000000E+00
    6133   1.0000000000E+00
    6134   1.0000000000E+00
    6135   1.0000000000E+00
    6136   1.0000000000E+00
    6137   1.0000000000E+00
    6138   1.0000000000E+00
    6139   1.0000000000E+00
    6140   1.0000000000E+00
    6141   1.0000000000E+00
    6142   1.0000000000E+00
    6143   1.0000000000E+00
    6144   1.0000000000E+00
    6145   1.0000000000E+00
    6146   1.0000000000E+00
    6147   1.0000000000E+00
    6148   1.0000000000E+00
    6149   1.0000000000E+00
    6150   1.0000000000E+00
    6151   1.0000000000E+00
    6152   1.0000000000E+00
    6153   1.0000000000E+00
    6154   1.0000000000E+00
    6155   1.0000000000E+00
    6156   1.0000000000E+00
    6157   1.0000000000E+00
    6158   1.0000000000E+00
    6159   1.0000000000E+00
    6160   1.0000000000E+00
    6161   1.0000000000E+00
    6162   1.0000000000E+00
    6163   1.0000000000E+00
    6164   1.0000000000E+00
    6165   1.0000000000E+00
    6166   1.0000000000E+00
    6167   1.0000000000E+00
    6168   1.0000000000E+00
    6169   1.0000000000E+00
    6170   1.0000000000E+00
    6171   1.0000000000E+00
    6172   1.0000000000E+00
    6173   1.0000000000E+00
    6174   1.0000000000E+00
    6175   1.0000000000E+00
    6176   1.0000000000E+00
    6177   1.0000000000E+00
    6178   1.0000000000E+00
    6179   1.0000000000E+00
    6180   1.0000000000E+00
    6181   1.0000000000E+00
    6182   1.0000000000E+00
    6183   1.0000000000E+00
    6184   1.0000000000E+00
    6185   1.0000000000E+00
    6186   1.0000000000E+00
    6187   1.0000000000E+00
    6188   1.0000000000E+00
    6189   1.0000000000E+00
    6190   1.0000000000E+00
    6191   1.0000000000E+00
    6192   1.0000000000E+00
    6193   1.0000000000E+00
    6194   1.0000000000E+00
    6195   1.0000000000E+00
    6196   1.0000000000E+00
    6197   1.0000000000E+00
    6198   1.0000000000E+00
    6199   1.0000000000E+00
    6200   1.0000000000E+00
    6201   1.0000000000E+00
    6202   1.0000000000E+00
    6203   1.0000000000E+00
    6204   1.0000000000E+00
    6205   1.0000000000E+00
    6206   1.0000000000E+00
    6207   1.0000000000E+00
    6208   1.0000000000E+00
    6209   1.0000000000E+00
    6210   1.0000000000E+00
    6211   1.0000000000E+00
    6212   1.0000000000E+00
    6213   1.0000000000E+00
    6214   1.0000000000E+00
    6215   1.0000000000E+00
    6216   1.0000000000E+00
    6217   1.0000000000E+00
    6218   1.0000000000E+00
    6219   1.0000000000E+00
    6220   1.0000000000E+00
    6221   1.0000000000E+00
    6222   1.0000000000E+00
    6223   1.0000000000E+00
    6224   1.0000000000E+00
    6225   1.0000000000E+00
    6226   1.0000000000E+00
    6227   1.0000000000E+00
    6228   1.0000000000E+00
    6229   1.0000000000E+00
    6230   1.0000000000E+00
    6231   1.0000000000E+00
    6232   1.0000000000E+00
    6233   1.0000000000E+00
    6234   1.0000000000E+00
    6235   1.0000000000E+00
    6236   1.0000000000E+00
    6237   1.0000000000E+00
    6238   1.0000000000E+00
    6239   1.0000000000E+00
    6240   1.0000000000E+00
    6241   1.0000000000E+00
    6242   1.0000000000E+00
    6243   1.0000000000E+00
    6244   1.0000000000E+00
    6245   1.0000000000E+00
    6246   1.0000000000E+00
    6247   1.0000000000E+00
    6248   1.0000000000E+00
    6249   1.0000000000E+00
    6250   1.0000000000E+00
    6251   1.0000000000E+00
    6252   1.0000000000E+00
    6253   1.0000000000E+00
    6254   1.0000000000E+00
    6255   1.0000000000E+00
    6256   1.0000000000E+00
    6257   1.0000000000E+00
    6258   1.0000000000E+00
    6259   1.0000000000E+00
    6260   1.0000000000E+00
    6261   1.0000000000E+00
    6262   1.0000000000E+00
    6263   1.0000000000E+00
    6264   1.0000000000E+00
    6265   1.0000000000E+00
    6266   1.0000000000E+00
    6267   1.0000000000E+00
    6268   1.0000000000E+00
    6269   1.0000000000E+00
    6270   1.0000000000E+00
    6271   1.0000000000E+00
    6272   1.0000000000E+00
    6273   1.0000000000E+00
    6274   1.0000000000E+00
    6275   1.0000000000E+00
    6276   1.0000000000E+00
    6277   1.0000000000E+00
    6278   1.0000000000E+00
    6279   1.0000000000E+00
    6280   1.0000000000E+00
    6281   1.0000000000E+00
    6282   1.0000000000E+00
    6283   1.0000000000E+00
    6284   1.0000000000E+00
    6285   1.0000000000E+00
    6286   1.0000000000E+00
    6287   1.0000000000E+00
    6288   1.0000000000E+00
    6289   1.0000000000E+00
    6290   1.0000000000E+00
    6291   1.0000000000E+00
    6292   1.0000000000E+00
    6293   1.0000000000E+00
    6294   1.0000000000E+00
    6295   1.0000000000E+00
    6296   1.0000000000E+00
    6297   1.0000000000E+00
    6298   1.0000000000E+00
    6299   1.0000000000E+00
    6300   1.0000000000E+00
    6301   1.0000000000E+00
    6302   1.0000000000E+00
    6303   1.0000000000E+00
    6304   1.0000000000E+00
    6305   1.0000000000E+00
    6306   1.0000000000E+00
    6307   1.0000000000E+00
    6308   1.0000000000E+00
    6309   1.0000000000E+00
    6310   1.0000000000E+00
    6311   1.0000000000E+00
    6312   1.0000000000E+00
    6313   1.0000000000E+00
    6314   1.0000000000E+00
    6315   1.0000000000E+00
    6316   1.0000000000E+00
    6317   1.0000000000E+00
    6318   1.0000000000E+00
    6319   1.0000000000E+00
    6320   1.0000000000E+00
    6321   1.0000000000E+00
    6322   1.0000000000E+00
    6323   1.0000000000E+00
    6324   1.0000000000E+00
    6325   1.0000000000E+00
    6326   1.0000000000E+00
    6327   1.0000000000E+00
    6328   1.0000000000E+00
    6329   1.0000000000E+00
    6330   1.0000000000E+00
    6331   1.0000000000E+00
    6332   1.0000000000E+00
    6333   1.0000000000E+00
    6334   1.0000000000E+00
    6335   1.0000000000E+00
    6336   1.0000000000E+00
    6337   1.0000000000E+00
    6338   1.0000000000E+00
    6339   1.0000000000E+00
    6340   1.0000000000E+00
    6341   1.0000000000E+00
    6342   1.0000000000E+00
    6343   1.0000000000E+00
    6344   1.0000000000E+00
    6345   1.0000000000E+00
    6346   1.0000000000E+00
    6347   1.0000000000E+00
    6348   1.0000000000E+00
    6349   1.0000000000E+00
    6350   1.0000000000E+00
    6351   1.0000000000E+00
    6352   1.0000000000E+00
    6353   1.0000000000E+00
    6354   1.0000000000E+00
    6355   1.0000000000E+00
    6356   1.0000000000E+00
    6357   1.0000000000E+00
    6358   1.0000000000E+00
    6359   1.0000000000E+00
    6360   1.0000000000E+00
    6361   1.0000000000E+00
    6362   1.0000000000E+00
    6363   1.0000000000E+00
    6364   1.0000000000E+00
    6365   1.0000000000E+00
    6366   1.0000000000E+00
    6367   1.0000000000E+00
    6368   1.0000000000E+00
    6369   1.0000000000E+00
    6370   1.0000000000E+00
    6371   1.0000000000E+00
    6372   1.0000000000E+00
    6373   1.0000000000E+00
    6374   1.0000000000E+00
    6375   1.0000000000E+00
    6376   1.0000000000E+00
    6377   1.0000000000E+00
    6378   1.0000000000E+00
    6379   1.0000000000E+00
    6380   1.0000000000E+00
    6381   1.0000000000E+00
    6382   1.0000000000E+00
    6383   1.0000000000E+00
    6384   1.0000000000E+00
    6385   1.0000000000E+00
    6386   1.0000000000E+00
    6387   1.0000000000E+00
    6388   1.0000000000E+00
    6389   1.0000000000E+00
    6390   1.0000000000E+00
    6391   1.0000000000E+00
    6392   1.0000000000E+00
    6393   1.0000000000E+00
    6394   1.0000000000E+00
    6395   1.0000000000E+00
    6396   1.0000000000E+00
    6397   1.0000000000E+00
    6398   1.0000000000E+00
    6399   1.0000000000E+00
    6400   1.0000000000E+00
    6401   1.0000000000E+00
    6402   1.0000000000E+00
    6403   1.0000000000E+00
    6404   1.0000000000E+00
    6405   1.0000000000E+00
    6406   1.0000000000E+00
    6407   1.0000000000E+00
    6408   1.0000000000E+00
    6409   1.0000000000E+00
    6410   1.0000000000E+00
    6411   1.0000000000E+00
    6412   1.0000000000E+00
    6413   1.0000000000E+00
    6414   1.0000000000E+00
    6415   1.0000000000E+00
    6416   1.0000000000E+00
    6417   1.0000000000E+00
    6418   1.0000000000E+00
    6419   1.0000000000E+00
    6420   1.0000000000E+00
    6421   1.0000000000E+00
    6422   1.0000000000E+00
    6423   1.0000000000E+00
    6424   1.0000000000E+00
    6425   1.0000000000E+00
    6426   1.0000000000E+00
    6427   1.0000000000E+00
    6428   1.0000000000E+00
    6429   1.0000000000E+00
    6430   1.0000000000E+00
    6431   1.0000000000E+00
    6432   1.0000000000E+00
    6433   1.0000000000E+00
    6434   1.0000000000E+00
    6435   1.0000000000E+00
    6436   1.0000000000E+00
    6437   1.0000000000E+00
    6438   1.0000000000E+00
    6439   1.0000000000E+00
    6440   1.0000000000E+00
    6441   1.0000000000E+00
    6442   1.0000000000E+00
    6443   1.0000000000E+00
    6444   1.0000000000E+00
    6445   1.0000000000E+00
    6446   1.0000000000E+00
    6447   1.0000000000E+00
    6448   1.0000000000E+00
    6449   1.0000000000E+00
    6450   1.0000000000E+00
    6451   1.0000000000E+00
    6452   1.0000000000E+00
    6453   1.0000000000E+00
    6454   1.0000000000E+00
    6455   1.0000000000E+00
    6456   1.0000000000E+00
    6457   1.0000000000E+00
    6458   1.0000000000E+00
    6459   1.0000000000E+00
    6460   1.0000000000E+00
    6461   1.0000000000E+00
    6462   1.0000000000E+00
    6463   1.0000000000E+00
    6464   1.0000000000E+00
    6465   1.0000000000E+00
    6466   1.0000000000E+00
    6467   1.0000000000E+00
    6468   1.0000000000E+00
    6469   1.0000000000E+00
    6470   1.0000000000E+00
    6471   1.0000000000E+00
    6472   1.0000000000E+00
    6473   1.0000000000E+00
    6474   1.0000000000E+00
    6475   1.0000000000E+00
    6476   1.0000000000E+00
    6477   1.0000000000E+00
    6478   1.0000000000E+00
    6479   1.0000000000E+00
    6480   1.0000000000E+00
    6481   1.0000000000E+00
    6482   1.0000000000E+00
    6483   1.0000000000E+00
    6484   1.0000000000E+00
    6485   1.0000000000E+00
    6486   1.0000000000E+00
    6487   1.0000000000E+00
    6488   1.0000000000E+00
    6489   1.0000000000E+00
    6490   1.0000000000E+00
    6491   1.0000000000E+00
    6492   1.0000000000E+00
    6493   1.0000000000E+00
    6494   1.0000000000E+00
    6495   1.0000000000E+00
    6496   1.0000000000E+00
    6497   1.0000000000E+00
    6498   1.0000000000E+00
    6499   1.0000000000E+00
    6500   1.0000000000E+00
    6501   1.0000000000E+00
    6502   1.0000000000E+00
    6503   1.0000000000E+00
    6504   1.0000000000E+00
    6505   1.0000000000E+00
    6506   1.0000000000E+00
    6507   1.0000000000E+00
    6508   1.0000000000E+00
    6509   1.0000000000E+00
    6510   1.0000000000E+00
    6511   1.0000000000E+00
    6512   1.0000000000E+00
    6513   1.0000000000E+00
    6514   1.0000000000E+00
    6515   1.0000000000E+00
    6516   1.0000000000E+00
    6517   1.0000000000E+00
    6518   1.0000000000E+00
    6519   1.0000000000E+00
    6520   1.0000000000E+00
    6521   1.0000000000E+00
    6522   1.0000000000E+00
    6523   1.0000000000E+00
    6524   1.0000000000E+00
    6525   1.0000000000E+00
    6526   1.0000000000E+00
    6527   1.0000000000E+00
    6528   1.0000000000E+00
    6529   1.0000000000E+00
    6530   1.0000000000E+00
    6531   1.0000000000E+00
    6532   1.0000000000E+00
    6533   1.0000000000E+00
    6534   1.0000000000E+00
    6535   1.0000000000E+00
    6536   1.0000000000E+00
    6537   1.0000000000E+00
    6538   1.0000000000E+00
    6539   1.0000000000E+00
    6540   1.0000000000E+00
    6541   1.0000000000E+00
    6542   1.0000000000E+00
    6543   1.0000000000E+00
    6544   1.0000000000E+00
    6545   1.0000000000E+00
    6546   1.0000000000E+00
    6547   1.0000000000E+00
    6548   1.0000000000E+00
    6549   1.0000000000E+00
    6550   1.0000000000E+00
    6551   1.0000000000E+00
    6552   1.0000000000E+00
    6553   1.0000000000E+00
    6554   1.0000000000E+00
    6555   1.0000000000E+00
    6556   1.0000000000E+00
    6557   1.0000000000E+00
    6558   1.0000000000E+00
    6559   1.0000000000E+00
    6560   1.0000000000E+00
    6561   1.0000000000E+00
    6562   1.0000000000E+00
    6563   1.0000000000E+00
    6564   1.0000000000E+00
    6565   1.0000000000E+00
    6566   1.0000000000E+00
    6567   1.0000000000E+00
    6568   1.0000000000E+00
    6569   1.0000000000E+00
    6570   1.0000000000E+00
    6571   1.0000000000E+00
    6572   1.0000000000E+00
    6573   1.0000000000E+00
    6574   1.0000000000E+00
    6575   1.0000000000E+00
    6576   1.0000000000E+00
    6577   1.0000000000E+00
    6578   1.0000000000E+00
    6579   1.0000000000E+00
    6580   1.0000000000E+00
    6581   1.0000000000E+00
    6582   1.0000000000E+00
    6583   1.0000000000E+00
    6584   1.0000000000E+00
    6585   1.0000000000E+00
    6586   1.0000000000E+00
    6587   1.0000000000E+00
    6588   1.0000000000E+00
    6589   1.0000000000E+00
    6590   1.0000000000E+00
    6591   1.0000000000E+00
    6592   1.0000000000E+00
    6593   1.0000000000E+00
    6594   1.0000000000E+00
    6595   1.0000000000E+00
    6596   1.0000000000E+00
    6597   1.0000000000E+00
    6598   1.0000000000E+00
    6599   1.0000000000E+00
    6600   1.0000000000E+00
    6601   1.0000000000E+00
    6602   1.0000000000E+00
    6603   1.0000000000E+00
    6604   1.0000000000E+00
    6605   1.0000000000E+00
    6606   1.0000000000E+00
    6607   1.0000000000E+00
    6608   1.0000000000E+00
    6609   1.0000000000E+00
    6610   1.0000000000E+00
    6611   1.0000000000E+00
    6612   1.0000000000E+00
    6613   1.0000000000E+00
    6614   1.0000000000E+00
    6615   1.0000000000E+00
    6616   1.0000000000E+00
    6617   1.0000000000E+00
    6618   1.0000000000E+00
    6619   1.0000000000E+00
    6620   1.0000000000E+00
    6621   1.0000000000E+00
    6622   1.0000000000E+00
    6623   1.0000000000E+00
    6624   1.0000000000E+00
    6625   1.0000000000E+00
    6626   1.0000000000E+00
    6627   1.0000000000E+00
    6628   1.0000000000E+00
    6629   1.0000000000E+00
    6630   1.0000000000E+00
    6631   1.0000000000E+00
    6632   1.0000000000E+00
    6633   1.0000000000E+00
    6634   1.0000000000E+00
    6635   1.0000000000E+00
    6636   1.0000000000E+00
    6637   1.0000000000E+00
    6638   1.0000000000E+00
    6639   1.0000000000E+00
    6640   1.0000000000E+00
    6641   1.0000000000E+00
    6642   1.0000000000E+00
    6643   1.0000000000E+00
    6644   1.0000000000E+00
    6645   1.0000000000E+00
    6646   1.0000000000E+00
    6647   1.0000000000E+00
    6648   1.0000000000E+00
    6649   1.0000000000E+00
    6650   1.0000000000E+00
    6651   1.0000000000E+00
    6652   1.0000000000E+00
    6653   1.0000000000E+00
    6654   1.0000000000E+00
    6655   1.0000000000E+00
    6656   1.0000000000E+00
    6657   1.0000000000E+00
    6658   1.0000000000E+00
    6659   1.0000000000E+00
    6660   1.0000000000E+00
    6661   1.0000000000E+00
    6662   1.0000000000E+00
    6663   1.0000000000E+00
    6664   1.0000000000E+00
    6665   1.0000000000E+00
    6666   1.0000000000E+00
    6667   1.0000000000E+00
    6668   1.0000000000E+00
    6669   1.0000000000E+00
    6670   1.0000000000E+00
    6671   1.0000000000E+00
    6672   1.0000000000E+00
    6673   1.0000000000E+00
    6674   1.0000000000E+00
    6675   1.0000000000E+00
    6676   1.0000000000E+00
    6677   1.0000000000E+00
    6678   1.0000000000E+00
    6679   1.0000000000E+00
    6680   1.0000000000E+00
    6681   1.0000000000E+00
    6682   1.0000000000E+00
    6683   1.0000000000E+00
    6684   1.0000000000E+00
    6685   1.0000000000E+00
    6686   1.0000000000E+00
    6687   1.0000000000E+00
    6688   1.0000000000E+00
    6689   1.0000000000E+00
    6690   1.0000000000E+00
    6691   1.0000000000E+00
    6692   1.0000000000E+00
    6693   1.0000000000E+00
    6694   1.0000000000E+00
    6695   1.0000000000E+00
    6696   1.0000000000E+00
    6697   1.0000000000E+00
    6698   1.0000000000E+00
    6699   1.0000000000E+00
    6700   1.0000000000E+00
    6701   1.0000000000E+00
    6702   1.0000000000E+00
    6703   1.0000000000E+00
    6704   1.0000000000E+00
    6705   1.0000000000E+00
    6706   1.0000000000E+00
    6707   1.0000000000E+00
    6708   1.0000000000E+00
    6709   1.0000000000E+00
    6710   1.0000000000E+00
    6711   1.0000000000E+00
    6712   1.0000000000E+00
    6713   1.0000000000E+00
    6714   1.0000000000E+00
    6715   1.0000000000E+00
    6716   1.0000000000E+00
    6717   1.0000000000E+00
    6718   1.0000000000E+00
    6719   1.0000000000E+00
    6720   1.0000000000E+00
    6721   1.0000000000E+00
    6722   1.0000000000E+00
    6723   1.0000000000E+00
    6724   1.0000000000E+00
    6725   1.0000000000E+00
    6726   1.0000000000E+00
    6727   1.0000000000E+00
    6728   1.0000000000E+00
    6729   1.0000000000E+00
    6730   1.0000000000E+00
    6731   1.0000000000E+00
    6732   1.0000000000E+00
    6733   1.0000000000E+00
    6734   1.0000000000E+00
    6735   1.0000000000E+00
    6736   1.0000000000E+00
    6737   1.0000000000E+00
    6738   1.0000000000E+00
    6739   1.0000000000E+00
    6740   1.0000000000E+00
    6741   1.0000000000E+00
    6742   1.0000000000E+00
    6743   1.0000000000E+00
    6744   1.0000000000E+00
    6745   1.0000000000E+00
    6746   1.0000000000E+00
    6747   1.0000000000E+00
    6748   1.0000000000E+00
    6749   1.0000000000E+00
    6750   1.0000000000E+00
    6751   1.0000000000E+00
    6752   1.0000000000E+00
    6753   1.0000000000E+00
    6754   1.0000000000E+00
    6755   1.0000000000E+00
    6756   1.0000000000E+00
    6757   1.0000000000E+00
    6758   1.0000000000E+00
    6759   1.0000000000E+00
    6760   1.0000000000E+00
    6761   1.0000000000E+00
    6762   1.0000000000E+00
    6763   1.0000000000E+00
    6764   1.0000000000E+00
    6765   1.0000000000E+00
    6766   1.0000000000E+00
    6767   1.0000000000E+00
    6768   1.0000000000E+00
    6769   1.0000000000E+00
    6770   1.0000000000E+00
    6771   1.0000000000E+00
    6772   1.0000000000E+00
    6773   1.0000000000E+00
    6774   1.0000000000E+00
    6775   1.0000000000E+00
    6776   1.0000000000E+00
    6777   1.0000000000E+00
    6778   1.0000000000E+00
    6779   1.0000000000E+00
    6780   1.0000000000E+00
    6781   1.0000000000E+00
    6782   1.0000000000E+00
    6783   1.0000000000E+00
    6784   1.0000000000E+00
    6785   1.0000000000E+00
    6786   1.0000000000E+00
    6787   1.0000000000E+00
    6788   1.0000000000E+00
    6789   1.0000000000E+00
    6790   1.0000000000E+00
    6791   1.0000000000E+00
    6792   1.0000000000E+00
    6793   1.0000000000E+00
    6794   1.0000000000E+00
    6795   1.0000000000E+00
    6796   1.0000000000E+00
    6797   1.0000000000E+00
    6798   1.0000000000E+00
    6799   1.0000000000E+00
    6800   1.0000000000E+00
    6801   1.0000000000E+00
    6802   1.0000000000E+00
    6803   1.0000000000E+00
    6804   1.0000000000E+00
    6805   1.0000000000E+00
    6806   1.0000000000E+00
    6807   1.0000000000E+00
    6808   1.0000000000E+00
    6809   1.0000000000E+00
    6810   1.0000000000E+00
    6811   1.0000000000E+00
    6812   1.0000000000E+00
    6813   1.0000000000E+00
    6814   1.0000000000E+00
    6815   1.0000000000E+00
    6816   1.0000000000E+00
    6817   1.0000000000E+00
    6818   1.0000000000E+00
    6819   1.0000000000E+00
    6820   1.0000000000E+00
    6821   1.0000000000E+00
    6822   1.0000000000E+00
    6823   1.0000000000E+00
    6824   1.0000000000E+00
    6825   1.0000000000E+00
    6826   1.0000000000E+00
    6827   1.0000000000E+00
    6828   1.0000000000E+00
    6829   1.0000000000E+00
    6830   1.0000000000E+00
    6831   1.0000000000E+00
    6832   1.0000000000E+00
    6833   1.0000000000E+00
    6834   1.0000000000E+00
    6835   1.0000000000E+00
    6836   1.0000000000E+00
    6837   1.0000000000E+00
    6838   1.0000000000E+00
    6839   1.0000000000E+00
    6840   1.0000000000E+00
    6841   1.0000000000E+00
    6842   1.0000000000E+00
    6843   1.0000000000E+00
    6844   1.0000000000E+00
    6845   1.0000000000E+00
    6846   1.0000000000E+00
    6847   1.0000000000E+00
    6848   1.0000000000E+00
    6849   1.0000000000E+00
    6850   1.0000000000E+00
    6851   1.0000000000E+00
    6852   1.0000000000E+00
    6853   1.0000000000E+00
    6854   1.0000000000E+00
    6855   1.0000000000E+00
    6856   1.0000000000E+00
    6857   1.0000000000E+00
    6858   1.0000000000E+00
    6859   1.0000000000E+00
    6860   1.0000000000E+00
    6861   1.0000000000E+00
    6862   1.0000000000E+00
    6863   1.0000000000E+00
    6864   1.0000000000E+00
    6865   1.0000000000E+00
    6866   1.0000000000E+00
    6867   1.0000000000E+00
    6868   1.0000000000E+00
    6869   1.0000000000E+00
    6870   1.0000000000E+00
    6871   1.0000000000E+00
    6872   1.0000000000E+00
    6873   1.0000000000E+00
    6874   1.0000000000E+00
    6875   1.0000000000E+00
    6876   1.0000000000E+00
    6877   1.0000000000E+00
    6878   1.0000000000E+00
    6879   1.0000000000E+00
    6880   1.0000000000E+00
    6881   1.0000000000E+00
    6882   1.0000000000E+00
    6883   1.0000000000E+00
    6884   1.0000000000E+00
    6885   1.0000000000E+00
    6886   1.0000000000E+00
    6887   1.0000000000E+00
    6888   1.0000000000E+00
    6889   1.0000000000E+00
    6890   1.0000000000E+00
    6891   1.0000000000E+00
    6892   1.0000000000E+00
    6893   1.0000000000E+00
    6894   1.0000000000E+00
    6895   1.0000000000E+00
    6896   1.0000000000E+00
    6897   1.0000000000E+00
    6898   1.0000000000E+00
    6899   1.0000000000E+00
    6900   1.0000000000E+00
    6901   1.0000000000E+00
    6902   1.0000000000E+00
    6903   1.0000000000E+00
    6904   1.0000000000E+00
    6905   1.0000000000E+00
    6906   1.0000000000E+00
    6907   1.0000000000E+00
    6908   1.0000000000E+00
    6909   1.0000000000E+00
    6910   1.0000000000E+00
    6911   1.0000000000E+00
    6912   1.0000000000E+00
    6913   1.0000000000E+00
    6914   1.0000000000E+00
    6915   1.0000000000E+00
    6916   1.0000000000E+00
    6917   1.0000000000E+00
    6918   1.0000000000E+00
    6919   1.0000000000E+00
    6920   1.0000000000E+00
    6921   1.0000000000E+00
    6922   1.0000000000E+00
    6923   1.0000000000E+00
    6924   1.0000000000E+00
    6925   1.0000000000E+00
    6926   1.0000000000E+00
    6927   1.0000000000E+00
    6928   1.0000000000E+00
    6929   1.0000000000E+00
    6930   1.0000000000E+00
    6931   1.0000000000E+00
    6932   1.0000000000E+00
    6933   1.0000000000E+00
    6934   1.0000000000E+00
    6935   1.0000000000E+00
    6936   1.0000000000E+00
    6937   1.0000000000E+00
    6938   1.0000000000E+00
    6939   1.0000000000E+00
    6940   1.0000000000E+00
    6941   1.0000000000E+00
    6942   1.0000000000E+00
    6943   1.0000000000E+00
    6944   1.0000000000E+00
    6945   1.0000000000E+00
    6946   1.0000000000E+00
    6947   1.0000000000E+00
    6948   1.0000000000E+00
    6949   1.0000000000E+00
    6950   1.0000000000E+00
    6951   1.0000000000E+00
    6952   1.0000000000E+00
    6953   1.0000000000E+00
    6954   1.0000000000E+00
    6955   1.0000000000E+00
    6956   1.0000000000E+00
    6957   1.0000000000E+00
    6958   1.0000000000E+00
    6959   1.0000000000E+00
    6960   1.0000000000E+00
    6961   1.0000000000E+00
    6962   1.0000000000E+00
    6963   1.0000000000E+00
    6964   1.0000000000E+00
    6965   1.0000000000E+00
    6966   1.0000000000E+00
    6967   1.0000000000E+00
    6968   1.0000000000E+00
    6969   1.0000000000E+00
    6970   1.0000000000E+00
    6971   1.0000000000E+00
    6972   1.0000000000E+00
    6973   1.0000000000E+00
    6974   1.0000000000E+00
    6975   1.0000000000E+00
    6976   1.0000000000E+00
    6977   1.0000000000E+00
    6978   1.0000000000E+00
    6979   1.0000000000E+00
    6980   1.0000000000E+00
    6981   1.0000000000E+00
    6982   1.0000000000E+00
    6983   1.0000000000E+00
    6984   1.0000000000E+00
    6985   1.0000000000E+00
    6986   1.0000000000E+00
    6987   1.0000000000E+00
    6988   1.0000000000E+00
    6989   1.0000000000E+00
    6990   1.0000000000E+00
    6991   1.0000000000E+00
    6992   1.0000000000E+00
    6993   1.0000000000E+00
    6994   1.0000000000E+00
    6995   1.0000000000E+00
    6996   1.0000000000E+00
    6997   1.0000000000E+00
    6998   1.0000000000E+00
    6999   1.0000000000E+00
    7000   1.0000000000E+00
    7001   1.0000000000E+00
    7002   1.0000000000E+00
    7003   1.0000000000E+00
    7004   1.0000000000E+00
    7005   1.0000000000E+00
    7006   1.0000000000E+00
    7007   1.0000000000E+00
    7008   1.0000000000E+00
    7009   1.0000000000E+00
    7010   1.0000000000E+00
    7011   1.0000000000E+00
    7012   1.0000000000E+00
    7013   1.0000000000E+00
    7014   1.0000000000E+00
    7015   1.0000000000E+00
    7016   1.0000000000E+00
    7017   1.0000000000E+00
    7018   1.0000000000E+00
    7019   1.0000000000E+00
    7020   1.0000000000E+00
    7021   1.0000000000E+00
    7022   1.0000000000E+00
    7023   1.0000000000E+00
    7024   1.0000000000E+00
    7025   1.0000000000E+00
    7026   1.0000000000E+00
    7027   1.0000000000E+00
    7028   1.0000000000E+00
    7029   1.0000000000E+00
    7030   1.0000000000E+00
    7031   1.0000000000E+00
    7032   1.0000000000E+00
    7033   1.0000000000E+00
    7034   1.0000000000E+00
    7035   1.0000000000E+00
    7036   1.0000000000E+00
    7037   1.0000000000E+00
    7038   1.0000000000E+00
    7039   1.0000000000E+00
    7040   1.0000000000E+00
    7041   1.0000000000E+00
    7042   1.0000000000E+00
    7043   1.0000000000E+00
    7044   1.0000000000E+00
    7045   1.0000000000E+00
    7046   1.0000000000E+00
    7047   1.0000000000E+00
    7048   1.0000000000E+00
    7049   1.0000000000E+00
    7050   1.0000000000E+00
    7051   1.0000000000E+00
    7052   1.0000000000E+00
    7053   1.0000000000E+00
    7054   1.0000000000E+00
    7055   1.0000000000E+00
    7056   1.0000000000E+00
    7057   1.0000000000E+00
    7058   1.0000000000E+00
    7059   1.0000000000E+00
    7060   1.0000000000E+00
    7061   1.0000000000E+00
    7062   1.0000000000E+00
    7063   1.0000000000E+00
    7064   1.0000000000E+00
    7065   1.0000000000E+00
    7066   1.0000000000E+00
    7067   1.0000000000E+00
    7068   1.0000000000E+00
    7069   1.0000000000E+00
    7070   1.0000000000E+00
    7071   1.0000000000E+00
    7072   1.0000000000E+00
    7073   1.0000000000E+00
    7074   1.0000000000E+00
    7075   1.0000000000E+00
    7076   1.0000000000E+00
    7077   1.0000000000E+00
    7078   1.0000000000E+00
    7079   1.0000000000E+00
    7080   1.0000000000E+00
    7081   1.0000000000E+00
    7082   1.0000000000E+00
    7083   1.0000000000E+00
    7084   1.0000000000E+00
    7085   1.0000000000E+00
    7086   1.0000000000E+00
    7087   1.0000000000E+00
    7088   1.0000000000E+00
    7089   1.0000000000E+00
    7090   1.0000000000E+00
    7091   1.0000000000E+00
    7092   1.0000000000E+00
    7093   1.0000000000E+00
    7094   1.0000000000E+00
    7095   1.0000000000E+00
    7096   1.0000000000E+00
    7097   1.0000000000E+00
    7098   1.0000000000E+00
    7099   1.0000000000E+00
    7100   1.0000000000E+00
    7101   1.0000000000E+00
    7102   1.0000000000E+00
    7103   1.0000000000E+00
    7104   1.0000000000E+00
    7105   1.0000000000E+00
    7106   1.0000000000E+00
    7107   1.0000000000E+00
    7108   1.0000000000E+00
    7109   1.0000000000E+00
    7110   1.0000000000E+00
    7111   1.0000000000E+00
    7112   1.0000000000E+00
    7113   1.0000000000E+00
    7114   1.0000000000E+00
    7115   1.0000000000E+00
    7116   1.0000000000E+00
    7117   1.0000000000E+00
    7118   1.0000000000E+00
    7119   1.0000000000E+00
    7120   1.0000000000E+00
    7121   1.0000000000E+00
    7122   1.0000000000E+00
    7123   1.0000000000E+00
    7124   1.0000000000E+00
    7125   1.0000000000E+00
    7126   1.0000000000E+00
    7127   1.0000000000E+00
    7128   1.0000000000E+00
    7129   1.0000000000E+00
    7130   1.0000000000E+00
    7131   1.0000000000E+00
    7132   1.0000000000E+00
    7133   1.0000000000E+00
    7134   1.0000000000E+00
    7135   1.0000000000E+00
    7136   1.0000000000E+00
    7137   1.0000000000E+00
    7138   1.0000000000E+00
    7139   1.0000000000E+00
    7140   1.0000000000E+00
    7141   1.0000000000E+00
    7142   1.0000000000E+00
    7143   1.0000000000E+00
    7144   1.0000000000E+00
    7145   1.0000000000E+00
    7146   1.0000000000E+00
    7147   1.0000000000E+00
    7148   1.0000000000E+00
    7149   1.0000000000E+00
    7150   1.0000000000E+00
    7151   1.0000000000E+00
    7152   1.0000000000E+00
    7153   1.0000000000E+00
    7154   1.0000000000E+00
    7155   1.0000000000E+00
    7156   1.0000000000E+00
    7157   1.0000000000E+00
    7158   1.0000000000E+00
    7159   1.0000000000E+00
    7160   1.0000000000E+00
    7161   1.0000000000E+00
    7162   1.0000000000E+00
    7163   1.0000000000E+00
    7164   1.0000000000E+00
    7165   1.0000000000E+00
    7166   1.0000000000E+00
    7167   1.0000000000E+00
    7168   1.0000000000E+00
    7169   1.0000000000E+00
    7170   1.0000000000E+00
    7171   1.0000000000E+00
    7172   1.0000000000E+00
    7173   1.0000000000E+00
    7174   1.0000000000E+00
    7175   1.0000000000E+00
    7176   1.0000000000E+00
    7177   1.0000000000E+00
    7178   1.0000000000E+00
    7179   1.0000000000E+00
    7180   1.0000000000E+00
    7181   1.0000000000E+00
    7182   1.0000000000E+00
    7183   1.0000000000E+00
    7184   1.0000000000E+00
    7185   1.0000000000E+00
    7186   1.0000000000E+00
    7187   1.0000000000E+00
    7188   1.0000000000E+00
    7189   1.0000000000E+00
    7190   1.0000000000E+00
    7191   1.0000000000E+00
    7192   1.0000000000E+00
    7193   1.0000000000E+00
    7194   1.0000000000E+00
    7195   1.0000000000E+00
    7196   1.0000000000E+00
    7197   1.0000000000E+00
    7198   1.0000000000E+00
    7199   1.0000000000E+00
    7200   1.0000000000E+00
    7201   1.0000000000E+00
    7202   1.0000000000E+00
    7203   1.0000000000E+00
    7204   1.0000000000E+00
    7205   1.0000000000E+00
    7206   1.0000000000E+00
    7207   1.0000000000E+00
    7208   1.0000000000E+00
    7209   1.0000000000E+00
    7210   1.0000000000E+00
    7211   1.0000000000E+00
    7212   1.0000000000E+00
    7213   1.0000000000E+00
    7214   1.0000000000E+00
    7215   1.0000000000E+00
    7216   1.0000000000E+00
    7217   1.0000000000E+00
    7218   1.0000000000E+00
    7219   1.0000000000E+00
    7220   1.0000000000E+00
    7221   1.0000000000E+00
    7222   1.0000000000E+00
    7223   1.0000000000E+00
    7224   1.0000000000E+00
    7225   1.0000000000E+00
    7226   1.0000000000E+00
    7227   1.0000000000E+00
    7228   1.0000000000E+00
    7229   1.0000000000E+00
    7230   1.0000000000E+00
    7231   1.0000000000E+00
    7232   1.0000000000E+00
    7233   1.0000000000E+00
    7234   1.0000000000E+00
    7235   1.0000000000E+00
    7236   1.0000000000E+00
    7237   1.0000000000E+00
    7238   1.0000000000E+00
    7239   1.0000000000E+00
    7240   1.0000000000E+00
    7241   1.0000000000E+00
    7242   1.0000000000E+00
    7243   1.0000000000E+00
    7244   1.0000000000E+00
    7245   1.0000000000E+00
    7246   1.0000000000E+00
    7247   1.0000000000E+00
    7248   1.0000000000E+00
    7249   1.0000000000E+00
    7250   1.0000000000E+00
    7251   1.0000000000E+00
    7252   1.0000000000E+00
    7253   1.0000000000E+00
    7254   1.0000000000E+00
    7255   1.0000000000E+00
    7256   1.0000000000E+00
    7257   1.0000000000E+00
    7258   1.0000000000E+00
    7259   1.0000000000E+00
    7260   1.0000000000E+00
    7261   1.0000000000E+00
    7262   1.0000000000E+00
    7263   1.0000000000E+00
    7264   1.0000000000E+00
    7265   1.0000000000E+00
    7266   1.0000000000E+00
    7267   1.0000000000E+00
    7268   1.0000000000E+00
    7269   1.0000000000E+00
    7270   1.0000000000E+00
    7271   1.0000000000E+00
    7272   1.0000000000E+00
    7273   1.0000000000E+00
    7274   1.0000000000E+00
    7275   1.0000000000E+00
    7276   1.0000000000E+00
    7277   1.0000000000E+00
    7278   1.0000000000E+00
    7279   1.0000000000E+00
    7280   1.0000000000E+00
    7281   1.0000000000E+00
    7282   1.0000000000E+00
    7283   1.0000000000E+00
    7284   1.0000000000E+00
    7285   1.0000000000E+00
    7286   1.0000000000E+00
    7287   1.0000000000E+00
    7288   1.0000000000E+00
    7289   1.0000000000E+00
    7290   1.0000000000E+00
    7291   1.0000000000E+00
    7292   1.0000000000E+00
    7293   1.0000000000E+00
    7294   1.0000000000E+00
    7295   1.0000000000E+00
    7296   1.0000000000E+00
    7297   1.0000000000E+00
    7298   1.0000000000E+00
    7299   1.0000000000E+00
    7300   1.0000000000E+00
    7301   1.0000000000E+00
    7302   1.0000000000E+00
    7303   1.0000000000E+00
    7304   1.0000000000E+00
    7305   1.0000000000E+00
    7306   1.0000000000E+00
    7307   1.0000000000E+00
    7308   1.0000000000E+00
    7309   1.0000000000E+00
    7310   1.0000000000E+00
    7311   1.0000000000E+00
    7312   1.0000000000E+00
    7313   1.0000000000E+00
    7314   1.0000000000E+00
    7315   1.0000000000E+00
    7316   1.0000000000E+00
    7317   1.0000000000E+00
    7318   1.0000000000E+00
    7319   1.0000000000E+00
    7320   1.0000000000E+00
    7321   1.0000000000E+00
    7322   1.0000000000E+00
    7323   1.0000000000E+00
    7324   1.0000000000E+00
    7325   1.0000000000E+00
    7326   1.0000000000E+00
    7327   1.0000000000E+00
    7328   1.0000000000E+00
    7329   1.0000000000E+00
    7330   1.0000000000E+00
    7331   1.0000000000E+00
    7332   1.0000000000E+00
    7333   1.0000000000E+00
    7334   1.0000000000E+00
    7335   1.0000000000E+00
    7336   1.0000000000E+00
    7337   1.0000000000E+00
    7338   1.0000000000E+00
    7339   1.0000000000E+00
    7340   1.0000000000E+00
    7341   1.0000000000E+00
    7342   1.0000000000E+00
    7343   1.0000000000E+00
    7344   1.0000000000E+00
    7345   1.0000000000E+00
    7346   1.0000000000E+00
    7347   1.0000000000E+00
    7348   1.0000000000E+00
    7349   1.0000000000E+00
    7350   1.0000000000E+00
    7351   1.0000000000E+00
    7352   1.0000000000E+00
    7353   1.0000000000E+00
    7354   1.0000000000E+00
    7355   1.0000000000E+00
    7356   1.0000000000E+00
    7357   1.0000000000E+00
    7358   1.0000000000E+00
    7359   1.0000000000E+00
    7360   1.0000000000E+00
    7361   1.0000000000E+00
    7362   1.0000000000E+00
    7363   1.0000000000E+00
    7364   1.0000000000E+00
    7365   1.0000000000E+00
    7366   1.0000000000E+00
    7367   1.0000000000E+00
    7368   1.0000000000E+00
    7369   1.0000000000E+00
    7370   1.0000000000E+00
    7371   1.0000000000E+00
    7372   1.0000000000E+00
    7373   1.0000000000E+00
    7374   1.0000000000E+00
    7375   1.0000000000E+00
    7376   1.0000000000E+00
    7377   1.0000000000E+00
    7378   1.0000000000E+00
    7379   1.0000000000E+00
    7380   1.0000000000E+00
    7381   1.0000000000E+00
    7382   1.0000000000E+00
    7383   1.0000000000E+00
    7384   1.0000000000E+00
    7385   1.0000000000E+00
    7386   1.0000000000E+00
    7387   1.0000000000E+00
    7388   1.0000000000E+00
    7389   1.0000000000E+00
    7390   1.0000000000E+00
    7391   1.0000000000E+00
    7392   1.0000000000E+00
    7393   1.0000000000E+00
    7394   1.0000000000E+00
    7395   1.0000000000E+00
    7396   1.0000000000E+00
    7397   1.0000000000E+00
    7398   1.0000000000E+00
    7399   1.0000000000E+00
    7400   1.0000000000E+00
    7401   1.0000000000E+00
    7402   1.0000000000E+00
    7403   1.0000000000E+00
    7404   1.0000000000E+00
    7405   1.0000000000E+00
    7406   1.0000000000E+00
    7407   1.0000000000E+00
    7408   1.0000000000E+00
    7409   1.0000000000E+00
    7410   1.0000000000E+00
    7411   1.0000000000E+00
    7412   1.0000000000E+00
    7413   1.0000000000E+00
    7414   1.0000000000E+00
    7415   1.0000000000E+00
    7416   1.0000000000E+00
    7417   1.0000000000E+00
    7418   1.0000000000E+00
    7419   1.0000000000E+00
    7420   1.0000000000E+00
    7421   1.0000000000E+00
    7422   1.0000000000E+00
    7423   1.0000000000E+00
    7424   1.0000000000E+00
    7425   1.0000000000E+00
    7426   1.0000000000E+00
    7427   1.0000000000E+00
    7428   1.0000000000E+00
    7429   1.0000000000E+00
    7430   1.0000000000E+00
    7431   1.0000000000E+00
    7432   1.0000000000E+00
    7433   1.0000000000E+00
    7434   1.0000000000E+00
    7435   1.0000000000E+00
    7436   1.0000000000E+00
    7437   1.0000000000E+00
    7438   1.0000000000E+00
    7439   1.0000000000E+00
    7440   1.0000000000E+00
    7441   1.0000000000E+00
    7442   1.0000000000E+00
    7443   1.0000000000E+00
    7444   1.0000000000E+00
    7445   1.0000000000E+00
    7446   1.0000000000E+00
    7447   1.0000000000E+00
    7448   1.0000000000E+00
    7449   1.0000000000E+00
    7450   1.0000000000E+00
    7451   1.0000000000E+00
    7452   1.0000000000E+00
    7453   1.0000000000E+00
    7454   1.0000000000E+00
    7455   1.0000000000E+00
    7456   1.0000000000E+00
    7457   1.0000000000E+00
    7458   1.0000000000E+00
    7459   1.0000000000E+00
    7460   1.0000000000E+00
    7461   1.0000000000E+00
    7462   1.0000000000E+00
    7463   1.0000000000E+00
    7464   1.0000000000E+00
    7465   1.0000000000E+00
    7466   1.0000000000E+00
    7467   1.0000000000E+00
    7468   1.0000000000E+00
    7469   1.0000000000E+00
    7470   1.0000000000E+00
    7471   1.0000000000E+00
    7472   1.0000000000E+00
    7473   1.0000000000E+00
    7474   1.0000000000E+00
    7475   1.0000000000E+00
    7476   1.0000000000E+00
    7477   1.0000000000E+00
    7478   1.0000000000E+00
    7479   1.0000000000E+00
    7480   1.0000000000E+00
    7481   1.0000000000E+00
    7482   1.0000000000E+00
    7483   1.0000000000E+00
    7484   1.0000000000E+00
    7485   1.0000000000E+00
    7486   1.0000000000E+00
    7487   1.0000000000E+00
    7488   1.0000000000E+00
    7489   1.0000000000E+00
    7490   1.0000000000E+00
    7491   1.0000000000E+00
    7492   1.0000000000E+00
    7493   1.0000000000E+00
    7494   1.0000000000E+00
    7495   1.0000000000E+00
    7496   1.0000000000E+00
    7497   1.0000000000E+00
    7498   1.0000000000E+00
    7499   1.0000000000E+00
    7500   1.0000000000E+00
    7501   1.0000000000E+00
    7502   1.0000000000E+00
    7503   1.0000000000E+00
    7504   1.0000000000E+00
    7505   1.0000000000E+00
    7506   1.0000000000E+00
    7507   1.0000000000E+00
    7508   1.0000000000E+00
    7509   1.0000000000E+00
    7510   1.0000000000E+00
    7511   1.0000000000E+00
    7512   1.0000000000E+00
    7513   1.0000000000E+00
    7514   1.0000000000E+00
    7515   1.0000000000E+00
    7516   1.0000000000E+00
    7517   1.0000000000E+00
    7518   1.0000000000E+00
    7519   1.0000000000E+00
    7520   1.0000000000E+00
    7521   1.0000000000E+00
    7522   1.0000000000E+00
    7523   1.0000000000E+00
    7524   1.0000000000E+00
    7525   1.0000000000E+00
    7526   1.0000000000E+00
    7527   1.0000000000E+00
    7528   1.0000000000E+00
    7529   1.0000000000E+00
    7530   1.0000000000E+00
    7531   1.0000000000E+00
    7532   1.0000000000E+00
    7533   1.0000000000E+00
    7534   1.0000000000E+00
    7535   1.0000000000E+00
    7536   1.0000000000E+00
    7537   1.0000000000E+00
    7538   1.0000000000E+00
    7539   1.0000000000E+00
    7540   1.0000000000E+00
    7541   1.0000000000E+00
    7542   1.0000000000E+00
    7543   1.0000000000E+00
    7544   1.0000000000E+00
    7545   1.0000000000E+00
    7546   1.0000000000E+00
    7547   1.0000000000E+00
    7548   1.0000000000E+00
    7549   1.0000000000E+00
    7550   1.0000000000E+00
    7551   1.0000000000E+00
    7552   1.0000000000E+00
    7553   1.0000000000E+00
    7554   1.0000000000E+00
    7555   1.0000000000E+00
    7556   1.0000000000E+00
    7557   1.0000000000E+00
    7558   1.0000000000E+00
    7559   1.0000000000E+00
    7560   1.0000000000E+00
    7561   1.0000000000E+00
    7562   1.0000000000E+00
    7563   1.0000000000E+00
    7564   1.0000000000E+00
    7565   1.0000000000E+00
    7566   1.0000000000E+00
    7567   1.0000000000E+00
    7568   1.0000000000E+00
    7569   1.0000000000E+00
    7570   1.0000000000E+00
    7571   1.0000000000E+00
    7572   1.0000000000E+00
    7573   1.0000000000E+00
    7574   1.0000000000E+00
    7575   1.0000000000E+00
    7576   1.0000000000E+00
    7577   1.0000000000E+00
    7578   1.0000000000E+00
    7579   1.0000000000E+00
    7580   1.0000000000E+00
    7581   1.0000000000E+00
    7582   1.0000000000E+00
    7583   1.0000000000E+00
    7584   1.0000000000E+00
    7585   1.0000000000E+00
    7586   1.0000000000E+00
    7587   1.0000000000E+00
    7588   1.0000000000E+00
    7589   1.0000000000E+00
    7590   1.0000000000E+00
    7591   1.0000000000E+00
    7592   1.0000000000E+00
    7593   1.0000000000E+00
    7594   1.0000000000E+00
    7595   1.0000000000E+00
    7596   1.0000000000E+00
    7597   1.0000000000E+00
    7598   1.0000000000E+00
    7599   1.0000000000E+00
    7600   1.0000000000E+00
    7601   1.0000000000E+00
    7602   1.0000000000E+00
    7603   1.0000000000E+00
    7604   1.0000000000E+00
    7605   1.0000000000E+00
    7606   1.0000000000E+00
    7607   1.0000000000E+00
    7608   1.0000000000E+00
    7609   1.0000000000E+00
    7610   1.0000000000E+00
    7611   1.0000000000E+00
    7612   1.0000000000E+00
    7613   1.0000000000E+00
    7614   1.0000000000E+00
    7615   1.0000000000E+00
    7616   1.0000000000E+00
    7617   1.0000000000E+00
    7618   1.0000000000E+00
    7619   1.0000000000E+00
    7620   1.0000000000E+00
    7621   1.0000000000E+00
    7622   1.0000000000E+00
    7623   1.0000000000E+00
    7624   1.0000000000E+00
    7625   1.0000000000E+00
    7626   1.0000000000E+00
    7627   1.0000000000E+00
    7628   1.0000000000E+00
    7629   1.0000000000E+00
    7630   1.0000000000E+00
    7631   1.0000000000E+00
    7632   1.0000000000E+00
    7633   1.0000000000E+00
    7634   1.0000000000E+00
    7635   1.0000000000E+00
    7636   1.0000000000E+00
    7637   1.0000000000E+00
    7638   1.0000000000E+00
    7639   1.0000000000E+00
    7640   1.0000000000E+00
    7641   1.0000000000E+00
    7642   1.0000000000E+00
    7643   1.0000000000E+00
    7644   1.0000000000E+00
    7645   1.0000000000E+00
    7646   1.0000000000E+00
    7647   1.0000000000E+00
    7648   1.0000000000E+00
    7649   1.0000000000E+00
    7650   1.0000000000E+00
    7651   1.0000000000E+00
    7652   1.0000000000E+00
    7653   1.0000000000E+00
    7654   1.0000000000E+00
    7655   1.0000000000E+00
    7656   1.0000000000E+00
    7657   1.0000000000E+00
    7658   1.0000000000E+00
    7659   1.0000000000E+00
    7660   1.0000000000E+00
    7661   1.0000000000E+00
    7662   1.0000000000E+00
    7663   1.0000000000E+00
    7664   1.0000000000E+00
    7665   1.0000000000E+00
    7666   1.0000000000E+00
    7667   1.0000000000E+00
    7668   1.0000000000E+00
    7669   1.0000000000E+00
    7670   1.0000000000E+00
    7671   1.0000000000E+00
    7672   1.0000000000E+00
    7673   1.0000000000E+00
    7674   1.0000000000E+00
    7675   1.0000000000E+00
    7676   1.0000000000E+00
    7677   1.0000000000E+00
    7678   1.0000000000E+00
    7679   1.0000000000E+00
    7680   1.0000000000E+00
    7681   1.0000000000E+00
    7682   1.0000000000E+00
    7683   1.0000000000E+00
    7684   1.0000000000E+00
    7685   1.0000000000E+00
    7686   1.0000000000E+00
    7687   1.0000000000E+00
    7688   1.0000000000E+00
    7689   1.0000000000E+00
    7690   1.0000000000E+00
    7691   1.0000000000E+00
    7692   1.0000000000E+00
    7693   1.0000000000E+00
    7694   1.0000000000E+00
    7695   1.0000000000E+00
    7696   1.0000000000E+00
    7697   1.0000000000E+00
    7698   1.0000000000E+00
    7699   1.0000000000E+00
    7700   1.0000000000E+00
    7701   1.0000000000E+00
    7702   1.0000000000E+00
    7703   1.0000000000E+00
    7704   1.0000000000E+00
    7705   1.0000000000E+00
    7706   1.0000000000E+00
    7707   1.0000000000E+00
    7708   1.0000000000E+00
    7709   1.0000000000E+00
    7710   1.0000000000E+00
    7711   1.0000000000E+00
    7712   1.0000000000E+00
    7713   1.0000000000E+00
    7714   1.0000000000E+00
    7715   1.0000000000E+00
    7716   1.0000000000E+00
    7717   1.0000000000E+00
    7718   1.0000000000E+00
    7719   1.0000000000E+00
    7720   1.0000000000E+00
    7721   1.0000000000E+00
    7722   1.0000000000E+00
    7723   1.0000000000E+00
    7724   1.0000000000E+00
    7725   1.0000000000E+00
    7726   1.0000000000E+00
    7727   1.0000000000E+00
    7728   1.0000000000E+00
    7729   1.0000000000E+00
    7730   1.0000000000E+00
    7731   1.0000000000E+00
    7732   1.0000000000E+00
    7733   1.0000000000E+00
    7734   1.0000000000E+00
    7735   1.0000000000E+00
    7736   1.0000000000E+00
    7737   1.0000000000E+00
    7738   1.0000000000E+00
    7739   1.0000000000E+00
    7740   1.0000000000E+00
    7741   1.0000000000E+00
    7742   1.0000000000E+00
    7743   1.0000000000E+00
    7744   1.0000000000E+00
    7745   1.0000000000E+00
    7746   1.0000000000E+00
    7747   1.0000000000E+00
    7748   1.0000000000E+00
    7749   1.0000000000E+00
    7750   1.0000000000E+00
    7751   1.0000000000E+00
    7752   1.0000000000E+00
    7753   1.0000000000E+00
    7754   1.0000000000E+00
    7755   1.0000000000E+00
    7756   1.0000000000E+00
    7757   1.0000000000E+00
    7758   1.0000000000E+00
    7759   1.0000000000E+00
    7760   1.0000000000E+00
    7761   1.0000000000E+00
    7762   1.0000000000E+00
    7763   1.0000000000E+00
    7764   1.0000000000E+00
    7765   1.0000000000E+00
    7766   1.0000000000E+00
    7767   1.0000000000E+00
    7768   1.0000000000E+00
    7769   1.0000000000E+00
    7770   1.0000000000E+00
    7771   1.0000000000E+00
    7772   1.0000000000E+00
    7773   1.0000000000E+00
    7774   1.0000000000E+00
    7775   1.0000000000E+00
    7776   1.0000000000E+00
    7777   1.0000000000E+00
    7778   1.0000000000E+00
    7779   1.0000000000E+00
    7780   1.0000000000E+00
    7781   1.0000000000E+00
    7782   1.0000000000E+00
    7783   1.0000000000E+00
    7784   1.0000000000E+00
    7785   1.0000000000E+00
    7786   1.0000000000E+00
    7787   1.0000000000E+00
    7788   1.0000000000E+00
    7789   1.0000000000E+00
    7790   1.0000000000E+00
    7791   1.0000000000E+00
    7792   1.0000000000E+00
    7793   1.0000000000E+00
    7794   1.0000000000E+00
    7795   1.0000000000E+00
    7796   1.0000000000E+00
    7797   1.0000000000E+00
    7798   1.0000000000E+00
    7799   1.0000000000E+00
    7800   1.0000000000E+00
    7801   1.0000000000E+00
    7802   1.0000000000E+00
    7803   1.0000000000E+00
    7804   1.0000000000E+00
    7805   1.0000000000E+00
    7806   1.0000000000E+00
    7807   1.0000000000E+00
    7808   1.0000000000E+00
    7809   1.0000000000E+00
    7810   1.0000000000E+00
    7811   1.0000000000E+00
    7812   1.0000000000E+00
    7813   1.0000000000E+00
    7814   1.0000000000E+00
    7815   1.0000000000E+00
    7816   1.0000000000E+00
    7817   1.0000000000E+00
    7818   1.0000000000E+00
    7819   1.0000000000E+00
    7820   1.0000000000E+00
    7821   1.0000000000E+00
    7822   1.0000000000E+00
    7823   1.0000000000E+00
    7824   1.0000000000E+00
    7825   1.0000000000E+00
    7826   1.0000000000E+00
    7827   1.0000000000E+00
    7828   1.0000000000E+00
    7829   1.0000000000E+00
    7830   1.0000000000E+00
    7831   1.0000000000E+00
    7832   1.0000000000E+00
    7833   1.0000000000E+00
    7834   1.0000000000E+00
    7835   1.0000000000E+00
    7836   1.0000000000E+00
    7837   1.0000000000E+00
    7838   1.0000000000E+00
    7839   1.0000000000E+00
    7840   1.0000000000E+00
    7841   1.0000000000E+00
    7842   1.0000000000E+00
    7843   1.0000000000E+00
    7844   1.0000000000E+00
    7845   1.0000000000E+00
    7846   1.0000000000E+00
    7847   1.0000000000E+00
    7848   1.0000000000E+00
    7849   1.0000000000E+00
    7850   1.0000000000E+00
    7851   1.0000000000E+00
    7852   1.0000000000E+00
    7853   1.0000000000E+00
    7854   1.0000000000E+00
    7855   1.0000000000E+00
    7856   1.0000000000E+00
    7857   1.0000000000E+00
    7858   1.0000000000E+00
    7859   1.0000000000E+00
    7860   1.0000000000E+00
    7861   1.0000000000E+00
    7862   1.0000000000E+00
    7863   1.0000000000E+00
    7864   1.0000000000E+00
    7865   1.0000000000E+00
    7866   1.0000000000E+00
    7867   1.0000000000E+00
    7868   1.0000000000E+00
    7869   1.0000000000E+00
    7870   1.0000000000E+00
    7871   1.0000000000E+00
    7872   1.0000000000E+00
    7873   1.0000000000E+00
    7874   1.0000000000E+00
    7875   1.0000000000E+00
    7876   1.0000000000E+00
    7877   1.0000000000E+00
    7878   1.0000000000E+00
    7879   1.0000000000E+00
    7880   1.0000000000E+00
    7881   1.0000000000E+00
    7882   1.0000000000E+00
    7883   1.0000000000E+00
    7884   1.0000000000E+00
    7885   1.0000000000E+00
    7886   1.0000000000E+00
    7887   1.0000000000E+00
    7888   1.0000000000E+00
    7889   1.0000000000E+00
    7890   1.0000000000E+00
    7891   1.0000000000E+00
    7892   1.0000000000E+00
    7893   1.0000000000E+00
    7894   1.0000000000E+00
    7895   1.0000000000E+00
    7896   1.0000000000E+00
    7897   1.0000000000E+00
    7898   1.0000000000E+00
    7899   1.0000000000E+00
    7900   1.0000000000E+00
    7901   1.0000000000E+00
    7902   1.0000000000E+00
    7903   1.0000000000E+00
    7904   1.0000000000E+00
    7905   1.0000000000E+00
    7906   1.0000000000E+00
    7907   1.0000000000E+00
    7908   1.0000000000E+00
    7909   1.0000000000E+00
    7910   1.0000000000E+00
    7911   1.0000000000E+00
    7912   1.0000000000E+00
    7913   1.0000000000E+00
    7914   1.0000000000E+00
    7915   1.0000000000E+00
    7916   1.0000000000E+00
    7917   1.0000000000E+00
    7918   1.0000000000E+00
    7919   1.0000000000E+00
    7920   1.0000000000E+00
    7921   1.0000000000E+00
    7922   1.0000000000E+00
    7923   1.0000000000E+00
    7924   1.0000000000E+00
    7925   1.0000000000E+00
    7926   1.0000000000E+00
    7927   1.0000000000E+00
    7928   1.0000000000E+00
    7929   1.0000000000E+00
    7930   1.0000000000E+00
    7931   1.0000000000E+00
    7932   1.0000000000E+00
    7933   1.0000000000E+00
    7934   1.0000000000E+00
    7935   1.0000000000E+00
    7936   1.0000000000E+00
    7937   1.0000000000E+00
    7938   1.0000000000E+00
    7939   1.0000000000E+00
    7940   1.0000000000E+00
    7941   1.0000000000E+00
    7942   1.0000000000E+00
    7943   1.0000000000E+00
    7944   1.0000000000E+00
    7945   1.0000000000E+00
    7946   1.0000000000E+00
    7947   1.0000000000E+00
    7948   1.0000000000E+00
    7949   1.0000000000E+00
    7950   1.0000000000E+00
    7951   1.0000000000E+00
    7952   1.0000000000E+00
    7953   1.0000000000E+00
    7954   1.0000000000E+00
    7955   1.0000000000E+00
    7956   1.0000000000E+00
    7957   1.0000000000E+00
    7958   1.0000000000E+00
    7959   1.0000000000E+00
    7960   1.0000000000E+00
    7961   1.0000000000E+00
    7962   1.0000000000E+00
    7963   1.0000000000E+00
    7964   1.0000000000E+00
    7965   1.0000000000E+00
    7966   1.0000000000E+00
    7967   1.0000000000E+00
    7968   1.0000000000E+00
    7969   1.0000000000E+00
    7970   1.0000000000E+00
    7971   1.0000000000E+00
    7972   1.0000000000E+00
    7973   1.0000000000E+00
    7974   1.0000000000E+00
    7975   1.0000000000E+00
    7976   1.0000000000E+00
    7977   1.0000000000E+00
    7978   1.0000000000E+00
    7979   1.0000000000E+00
    7980   1.0000000000E+00
    7981   1.0000000000E+00
    7982   1.0000000000E+00
    7983   1.0000000000E+00
    7984   1.0000000000E+00
    7985   1.0000000000E+00
    7986   1.0000000000E+00
    7987   1.0000000000E+00
    7988   1.0000000000E+00
    7989   1.0000000000E+00
    7990   1.0000000000E+00
    7991   1.0000000000E+00
    7992   1.0000000000E+00
    7993   1.0000000000E+00
    7994   1.0000000000E+00
    7995   1.0000000000E+00
    7996   1.0000000000E+00
    7997   1.0000000000E+00
    7998   1.0000000000E+00
    7999   1.0000000000E+00
    8000   1.0000000000E+00
    8001   1.0000000000E+00
    8002   1.0000000000E+00
    8003   1.0000000000E+00
    8004   1.0000000000E+00
    8005   1.0000000000E+00
    8006   1.0000000000E+00
    8007   1.0000000000E+00
    8008   1.0000000000E+00
    8009   1.0000000000E+00
    8010   1.0000000000E+00
    8011   1.0000000000E+00
    8012   1.0000000000E+00
    8013   1.0000000000E+00
    8014   1.0000000000E+00
    8015   1.0000000000E+00
    8016   1.0000000000E+00
    8017   1.0000000000E+00
    8018   1.0000000000E+00
    8019   1.0000000000E+00
    8020   1.0000000000E+00
    8021   1.0000000000E+00
    8022   1.0000000000E+00
    8023   1.0000000000E+00
    8024   1.0000000000E+00
    8025   1.0000000000E+00
    8026   1.0000000000E+00
    8027   1.0000000000E+00
    8028   1.0000000000E+00
    8029   1.0000000000E+00
    8030   1.0000000000E+00
    8031   1.0000000000E+00
    8032   1.0000000000E+00
    8033   1.0000000000E+00
    8034   1.0000000000E+00
    8035   1.0000000000E+00
    8036   1.0000000000E+00
    8037   1.0000000000E+00
    8038   1.0000000000E+00
    8039   1.0000000000E+00
    8040   1.0000000000E+00
    8041   1.0000000000E+00
    8042   1.0000000000E+00
    8043   1.0000000000E+00
    8044   1.0000000000E+00
    8045   1.0000000000E+00
    8046   1.0000000000E+00
    8047   1.0000000000E+00
    8048   1.0000000000E+00
    8049   1.0000000000E+00
    8050   1.0000000000E+00
    8051   1.0000000000E+00
    8052   1.0000000000E+00
    8053   1.0000000000E+00
    8054   1.0000000000E+00
    8055   1.0000000000E+00
    8056   1.0000000000E+00
    8057   1.0000000000E+00
    8058   1.0000000000E+00
    8059   1.0000000000E+00
    8060   1.0000000000E+00
    8061   1.0000000000E+00
    8062   1.0000000000E+00
    8063   1.0000000000E+00
    8064   1.0000000000E+00
    8065   1.0000000000E+00
    8066   1.0000000000E+00
    8067   1.0000000000E+00
    8068   1.0000000000E+00
    8069   1.0000000000E+00
    8070   1.0000000000E+00
    8071   1.0000000000E+00
    8072   1.0000000000E+00
    8073   1.0000000000E+00
    8074   1.0000000000E+00
    8075   1.0000000000E+00
    8076   1.0000000000E+00
    8077   1.0000000000E+00
    8078   1.0000000000E+00
    8079   1.0000000000E+00
    8080   1.0000000000E+00
    8081   1.0000000000E+00
    8082   1.0000000000E+00
    8083   1.0000000000E+00
    8084   1.0000000000E+00
    8085   1.0000000000E+00
    8086   1.0000000000E+00
    8087   1.0000000000E+00
    8088   1.0000000000E+00
    8089   1.0000000000E+00
    8090   1.0000000000E+00
    8091   1.0000000000E+00
    8092   1.0000000000E+00
    8093   1.0000000000E+00
    8094   1.0000000000E+00
    8095   1.0000000000E+00
    8096   1.0000000000E+00
    8097   1.0000000000E+00
    8098   1.0000000000E+00
    8099   1.0000000000E+00
    8100   1.0000000000E+00
    8101   1.0000000000E+00
    8102   1.0000000000E+00
    8103   1.0000000000E+00
    8104   1.0000000000E+00
    8105   1.0000000000E+00
    8106   1.0000000000E+00
    8107   1.0000000000E+00
    8108   1.0000000000E+00
    8109   1.0000000000E+00
    8110   1.0000000000E+00
    8111   1.0000000000E+00
    8112   1.0000000000E+00
    8113   1.0000000000E+00
    8114   1.0000000000E+00
    8115   1.0000000000E+00
    8116   1.0000000000E+00
    8117   1.0000000000E+00
    8118   1.0000000000E+00
    8119   1.0000000000E+00
    8120   1.0000000000E+00
    8121   1.0000000000E+00
    8122   1.0000000000E+00
    8123   1.0000000000E+00
    8124   1.0000000000E+00
    8125   1.0000000000E+00
    8126   1.0000000000E+00
    8127   1.0000000000E+00
    8128   1.0000000000E+00
    8129   1.0000000000E+00
    8130   1.0000000000E+00
    8131   1.0000000000E+00
    8132   1.0000000000E+00
    8133   1.0000000000E+00
    8134   1.0000000000E+00
    8135   1.0000000000E+00
    8136   1.0000000000E+00
    8137   1.0000000000E+00
    8138   1.0000000000E+00
    8139   1.0000000000E+00
    8140   1.0000000000E+00
    8141   1.0000000000E+00
    8142   1.0000000000E+00
    8143   1.0000000000E+00
    8144   1.0000000000E+00
    8145   1.0000000000E+00
    8146   1.0000000000E+00
    8147   1.0000000000E+00
    8148   1.0000000000E+00
    8149   1.0000000000E+00
    8150   1.0000000000E+00
    8151   1.0000000000E+00
    8152   1.0000000000E+00
    8153   1.0000000000E+00
    8154   1.0000000000E+00
    8155   1.0000000000E+00
    8156   1.0000000000E+00
    8157   1.0000000000E+00
    8158   1.0000000000E+00
    8159   1.0000000000E+00
    8160   1.0000000000E+00
    8161   1.0000000000E+00
    8162   1.0000000000E+00
    8163   1.0000000000E+00
    8164   1.0000000000E+00
    8165   1.0000000000E+00
    8166   1.0000000000E+00
    8167   1.0000000000E+00
    8168   1.0000000000E+00
    8169   1.0000000000E+00
    8170   1.0000000000E+00
    8171   1.0000000000E+00
    8172   1.0000000000E+00
    8173   1.0000000000E+00
    8174   1.0000000000E+00
    8175   1.0000000000E+00
    8176   1.0000000000E+00
    8177   1.0000000000E+00
    8178   1.0000000000E+00
    8179   1.0000000000E+00
    8180   1.0000000000E+00
    8181   1.0000000000E+00
    8182   1.0000000000E+00
    8183   1.0000000000E+00
    8184   1.0000000000E+00
    8185   1.0000000000E+00
    8186   1.0000000000E+00
    8187   1.0000000000E+00
    8188   1.0000000000E+00
    8189   1.0000000000E+00
    8190   1.0000000000E+00
    8191   1.0000000000E+00
    8192   1.0000000000E+00
    8193   1.0000000000E+00
    8194   1.0000000000E+00
    8195   1.0000000000E+00
    8196   1.0000000000E+00
    8197   1.0000000000E+00
    8198   1.0000000000E+00
    8199   1.0000000000E+00
    8200   1.0000000000E+00
    8201   1.0000000000E+00
    8202   1.0000000000E+00
    8203   1.0000000000E+00
    8204   1.0000000000E+00
    8205   1.0000000000E+00
    8206   1.0000000000E+00
    8207   1.0000000000E+00
    8208   1.0000000000E+00
    8209   1.0000000000E+00
    8210   1.0000000000E+00
    8211   1.0000000000E+00
    8212   1.0000000000E+00
    8213   1.0000000000E+00
    8214   1.0000000000E+00
    8215   1.0000000000E+00
    8216   1.0000000000E+00
    8217   1.0000000000E+00
    8218   1.0000000000E+00
    8219   1.0000000000E+00
    8220   1.0000000000E+00
    8221   1.0000000000E+00
    8222   1.0000000000E+00
    8223   1.0000000000E+00
    8224   1.0000000000E+00
    8225   1.0000000000E+00
    8226   1.0000000000E+00
    8227   1.0000000000E+00
    8228   1.0000000000E+00
    8229   1.0000000000E+00
    8230   1.0000000000E+00
    8231   1.0000000000E+00
    8232   1.0000000000E+00
    8233   1.0000000000E+00
    8234   1.0000000000E+00
    8235   1.0000000000E+00
    8236   1.0000000000E+00
    8237   1.0000000000E+00
    8238   1.0000000000E+00
    8239   1.0000000000E+00
    8240   1.0000000000E+00
    8241   1.0000000000E+00
    8242   1.0000000000E+00
    8243   1.0000000000E+00
    8244   1.0000000000E+00
    8245   1.0000000000E+00
    8246   1.0000000000E+00
    8247   1.0000000000E+00
    8248   1.0000000000E+00
    8249   1.0000000000E+00
    8250   1.0000000000E+00
    8251   1.0000000000E+00
    8252   1.0000000000E+00
    8253   1.0000000000E+00
    8254   1.0000000000E+00
    8255   1.0000000000E+00
    8256   1.0000000000E+00
    8257   1.0000000000E+00
    8258   1.0000000000E+00
    8259   1.0000000000E+00
    8260   1.0000000000E+00
    8261   1.0000000000E+00
    8262   1.0000000000E+00
    8263   1.0000000000E+00
    8264   1.0000000000E+00
    8265   1.0000000000E+00
    8266   1.0000000000E+00
    8267   1.0000000000E+00
    8268   1.0000000000E+00
    8269   1.0000000000E+00
    8270   1.0000000000E+00
    8271   1.0000000000E+00
    8272   1.0000000000E+00
    8273   1.0000000000E+00
    8274   1.0000000000E+00
    8275   1.0000000000E+00
    8276   1.0000000000E+00
    8277   1.0000000000E+00
    8278   1.0000000000E+00
    8279   1.0000000000E+00
    8280   1.0000000000E+00
    8281   1.0000000000E+00
    8282   1.0000000000E+00
    8283   1.0000000000E+00
    8284   1.0000000000E+00
    8285   1.0000000000E+00
    8286   1.0000000000E+00
    8287   1.0000000000E+00
    8288   1.0000000000E+00
    8289   1.0000000000E+00
    8290   1.0000000000E+00
    8291   1.0000000000E+00
    8292   1.0000000000E+00
    8293   1.0000000000E+00
    8294   1.0000000000E+00
    8295   1.0000000000E+00
    8296   1.0000000000E+00
    8297   1.0000000000E+00
    8298   1.0000000000E+00
    8299   1.0000000000E+00
    8300   1.0000000000E+00
    8301   1.0000000000E+00
    8302   1.0000000000E+00
    8303   1.0000000000E+00
    8304   1.0000000000E+00
    8305   1.0000000000E+00
    8306   1.0000000000E+00
    8307   1.0000000000E+00
    8308   1.0000000000E+00
    8309   1.0000000000E+00
    8310   1.0000000000E+00
    8311   1.0000000000E+00
    8312   1.0000000000E+00
    8313   1.0000000000E+00
    8314   1.0000000000E+00
    8315   1.0000000000E+00
    8316   1.0000000000E+00
    8317   1.0000000000E+00
    8318   1.0000000000E+00
    8319   1.0000000000E+00
    8320   1.0000000000E+00
    8321   1.0000000000E+00
    8322   1.0000000000E+00
    8323   1.0000000000E+00
    8324   1.0000000000E+00
    8325   1.0000000000E+00
    8326   1.0000000000E+00
    8327   1.0000000000E+00
    8328   1.0000000000E+00
    8329   1.0000000000E+00
    8330   1.0000000000E+00
    8331   1.0000000000E+00
    8332   1.0000000000E+00
    8333   1.0000000000E+00
    8334   1.0000000000E+00
    8335   1.0000000000E+00
    8336   1.0000000000E+00
    8337   1.0000000000E+00
    8338   1.0000000000E+00
    8339   1.0000000000E+00
    8340   1.0000000000E+00
    8341   1.0000000000E+00
    8342   1.0000000000E+00
    8343   1.0000000000E+00
    8344   1.0000000000E+00
    8345   1.0000000000E+00
    8346   1.0000000000E+00
    8347   1.0000000000E+00
    8348   1.0000000000E+00
    8349   1.0000000000E+00
    8350   1.0000000000E+00
    8351   1.0000000000E+00
    8352   1.0000000000E+00
    8353   1.0000000000E+00
    8354   1.0000000000E+00
    8355   1.0000000000E+00
    8356   1.0000000000E+00
    8357   1.0000000000E+00
    8358   1.0000000000E+00
    8359   1.0000000000E+00
    8360   1.0000000000E+00
    8361   1.0000000000E+00
    8362   1.0000000000E+00
    8363   1.0000000000E+00
    8364   1.0000000000E+00
    8365   1.0000000000E+00
    8366   1.0000000000E+00
    8367   1.0000000000E+00
    8368   1.0000000000E+00
    8369   1.0000000000E+00
    8370   1.0000000000E+00
    8371   1.0000000000E+00
    8372   1.0000000000E+00
    8373   1.0000000000E+00
    8374   1.0000000000E+00
    8375   1.0000000000E+00
    8376   1.0000000000E+00
    8377   1.0000000000E+00
    8378   1.0000000000E+00
    8379   1.0000000000E+00
    8380   1.0000000000E+00
    8381   1.0000000000E+00
    8382   1.0000000000E+00
    8383   1.0000000000E+00
    8384   1.0000000000E+00
    8385   1.0000000000E+00
    8386   1.0000000000E+00
    8387   1.0000000000E+00
    8388   1.0000000000E+00
    8389   1.0000000000E+00
    8390   1.0000000000E+00
    8391   1.0000000000E+00
    8392   1.0000000000E+00
    8393   1.0000000000E+00
    8394   1.0000000000E+00
    8395   1.0000000000E+00
    8396   1.0000000000E+00
    8397   1.0000000000E+00
    8398   1.0000000000E+00
    8399   1.0000000000E+00
    8400   1.0000000000E+00
    8401   1.0000000000E+00
    8402   1.0000000000E+00
    8403   1.0000000000E+00
    8404   1.0000000000E+00
    8405   1.0000000000E+00
    8406   1.0000000000E+00
    8407   1.0000000000E+00
    8408   1.0000000000E+00
    8409   1.0000000000E+00
    8410   1.0000000000E+00
    8411   1.0000000000E+00
    8412   1.0000000000E+00
    8413   1.0000000000E+00
    8414   1.0000000000E+00
    8415   1.0000000000E+00
    8416   1.0000000000E+00
    8417   1.0000000000E+00
    8418   1.0000000000E+00
    8419   1.0000000000E+00
    8420   1.0000000000E+00
    8421   1.0000000000E+00
    8422   1.0000000000E+00
    8423   1.0000000000E+00
    8424   1.0000000000E+00
    8425   1.0000000000E+00
    8426   1.0000000000E+00
    8427   1.0000000000E+00
    8428   1.0000000000E+00
    8429   1.0000000000E+00
    8430   1.0000000000E+00
    8431   1.0000000000E+00
    8432   1.0000000000E+00
    8433   1.0000000000E+00
    8434   1.0000000000E+00
    8435   1.0000000000E+00
    8436   1.0000000000E+00
    8437   1.0000000000E+00
    8438   1.0000000000E+00
    8439   1.0000000000E+00
    8440   1.0000000000E+00
    8441   1.0000000000E+00
    8442   1.0000000000E+00
    8443   1.0000000000E+00
    8444   1.0000000000E+00
    8445   1.0000000000E+00
    8446   1.0000000000E+00
    8447   1.0000000000E+00
    8448   1.0000000000E+00
    8449   1.0000000000E+00
    8450   1.0000000000E+00
    8451   1.0000000000E+00
    8452   1.0000000000E+00
    8453   1.0000000000E+00
    8454   1.0000000000E+00
    8455   1.0000000000E+00
    8456   1.0000000000E+00
    8457   1.0000000000E+00
    8458   1.0000000000E+00
    8459   1.0000000000E+00
    8460   1.0000000000E+00
    8461   1.0000000000E+00
    8462   1.0000000000E+00
    8463   1.0000000000E+00
    8464   1.0000000000E+00
    8465   1.0000000000E+00
    8466   1.0000000000E+00
    8467   1.0000000000E+00
    8468   1.0000000000E+00
    8469   1.0000000000E+00
    8470   1.0000000000E+00
    8471   1.0000000000E+00
    8472   1.0000000000E+00
    8473   1.0000000000E+00
    8474   1.0000000000E+00
    8475   1.0000000000E+00
    8476   1.0000000000E+00
    8477   1.0000000000E+00
    8478   1.0000000000E+00
    8479   1.0000000000E+00
    8480   1.0000000000E+00
    8481   1.0000000000E+00
    8482   1.0000000000E+00
    8483   1.0000000000E+00
    8484   1.0000000000E+00
    8485   1.0000000000E+00
    8486   1.0000000000E+00
    8487   1.0000000000E+00
    8488   1.0000000000E+00
    8489   1.0000000000E+00
    8490   1.0000000000E+00
    8491   1.0000000000E+00
    8492   1.0000000000E+00
    8493   1.0000000000E+00
    8494   1.0000000000E+00
    8495   1.0000000000E+00
    8496   1.0000000000E+00
    8497   1.0000000000E+00
    8498   1.0000000000E+00
    8499   1.0000000000E+00
    8500   1.0000000000E+00
    8501   1.0000000000E+00
    8502   1.0000000000E+00
    8503   1.0000000000E+00
    8504   1.0000000000E+00
    8505   1.0000000000E+00
    8506   1.0000000000E+00
    8507   1.0000000000E+00
    8508   1.0000000000E+00
    8509   1.0000000000E+00
    8510   1.0000000000E+00
    8511   1.0000000000E+00
    8512   1.0000000000E+00
    8513   1.0000000000E+00
    8514   1.0000000000E+00
    8515   1.0000000000E+00
    8516   1.0000000000E+00
    8517   1.0000000000E+00
    8518   1.0000000000E+00
    8519   1.0000000000E+00
    8520   1.0000000000E+00
    8521   1.0000000000E+00
    8522   1.0000000000E+00
    8523   1.0000000000E+00
    8524   1.0000000000E+00
    8525   1.0000000000E+00
    8526   1.0000000000E+00
    8527   1.0000000000E+00
    8528   1.0000000000E+00
    8529   1.0000000000E+00
    8530   1.0000000000E+00
    8531   1.0000000000E+00
    8532   1.0000000000E+00
    8533   1.0000000000E+00
    8534   1.0000000000E+00
    8535   1.0000000000E+00
    8536   1.0000000000E+00
    8537   1.0000000000E+00
    8538   1.0000000000E+00
    8539   1.0000000000E+00
    8540   1.0000000000E+00
    8541   1.0000000000E+00
    8542   1.0000000000E+00
    8543   1.0000000000E+00
    8544   1.0000000000E+00
    8545   1.0000000000E+00
    8546   1.0000000000E+00
    8547   1.0000000000E+00
    8548   1.0000000000E+00
    8549   1.0000000000E+00
    8550   1.0000000000E+00
    8551   1.0000000000E+00
    8552   1.0000000000E+00
    8553   1.0000000000E+00
    8554   1.0000000000E+00
    8555   1.0000000000E+00
    8556   1.0000000000E+00
    8557   1.0000000000E+00
    8558   1.0000000000E+00
    8559   1.0000000000E+00
    8560   1.0000000000E+00
    8561   1.0000000000E+00
    8562   1.0000000000E+00
    8563   1.0000000000E+00
    8564   1.0000000000E+00
    8565   1.0000000000E+00
    8566   1.0000000000E+00
    8567   1.0000000000E+00
    8568   1.0000000000E+00
    8569   1.0000000000E+00
    8570   1.0000000000E+00
    8571   1.0000000000E+00
    8572   1.0000000000E+00
    8573   1.0000000000E+00
    8574   1.0000000000E+00
    8575   1.0000000000E+00
    8576   1.0000000000E+00
    8577   1.0000000000E+00
    8578   1.0000000000E+00
    8579   1.0000000000E+00
    8580   1.0000000000E+00
    8581   1.0000000000E+00
    8582   1.0000000000E+00
    8583   1.0000000000E+00
    8584   1.0000000000E+00
    8585   1.0000000000E+00
    8586   1.0000000000E+00
    8587   1.0000000000E+00
    8588   1.0000000000E+00
    8589   1.0000000000E+00
    8590   1.0000000000E+00
    8591   1.0000000000E+00
    8592   1.0000000000E+00
    8593   1.0000000000E+00
    8594   1.0000000000E+00
    8595   1.0000000000E+00
    8596   1.0000000000E+00
    8597   1.0000000000E+00
    8598   1.0000000000E+00
    8599   1.0000000000E+00
    8600   1.0000000000E+00
    8601   1.0000000000E+00
    8602   1.0000000000E+00
    8603   1.0000000000E+00
    8604   1.0000000000E+00
    8605   1.0000000000E+00
    8606   1.0000000000E+00
    8607   1.0000000000E+00
    8608   1.0000000000E+00
    8609   1.0000000000E+00
    8610   1.0000000000E+00
    8611   1.0000000000E+00
    8612   1.0000000000E+00
    8613   1.0000000000E+00
    8614   1.0000000000E+00
    8615   1.0000000000E+00
    8616   1.0000000000E+00
    8617   1.0000000000E+00
    8618   1.0000000000E+00
    8619   1.0000000000E+00
    8620   1.0000000000E+00
    8621   1.0000000000E+00
    8622   1.0000000000E+00
    8623   1.0000000000E+00
    8624   1.0000000000E+00
    8625   1.0000000000E+00
    8626   1.0000000000E+00
    8627   1.0000000000E+00
    8628   1.0000000000E+00
    8629   1.0000000000E+00
    8630   1.0000000000E+00
    8631   1.0000000000E+00
    8632   1.0000000000E+00
    8633   1.0000000000E+00
    8634   1.0000000000E+00
    8635   1.0000000000E+00
    8636   1.0000000000E+00
    8637   1.0000000000E+00
    8638   1.0000000000E+00
    8639   1.0000000000E+00
    8640   1.0000000000E+00
    8641   1.0000000000E+00
    8642   1.0000000000E+00
    8643   1.0000000000E+00
    8644   1.0000000000E+00
    8645   1.0000000000E+00
    8646   1.0000000000E+00
    8647   1.0000000000E+00
    8648   1.0000000000E+00
    8649   1.0000000000E+00
    8650   1.0000000000E+00
    8651   1.0000000000E+00
    8652   1.0000000000E+00
    8653   1.0000000000E+00
    8654   1.0000000000E+00
    8655   1.0000000000E+00
    8656   1.0000000000E+00
    8657   1.0000000000E+00
    8658   1.0000000000E+00
    8659   1.0000000000E+00
    8660   1.0000000000E+00
    8661   1.0000000000E+00
    8662   1.0000000000E+00
    8663   1.0000000000E+00
    8664   1.0000000000E+00
    8665   1.0000000000E+00
    8666   1.0000000000E+00
    8667   1.0000000000E+00
    8668   1.0000000000E+00
    8669   1.0000000000E+00
    8670   1.0000000000E+00
    8671   1.0000000000E+00
    8672   1.0000000000E+00
    8673   1.0000000000E+00
    8674   1.0000000000E+00
    8675   1.0000000000E+00
    8676   1.0000000000E+00
    8677   1.0000000000E+00
    8678   1.0000000000E+00
    8679   1.0000000000E+00
    8680   1.0000000000E+00
    8681   1.0000000000E+00
    8682   1.0000000000E+00
    8683   1.0000000000E+00
    8684   1.0000000000E+00
    8685   1.0000000000E+00
    8686   1.0000000000E+00
    8687   1.0000000000E+00
    8688   1.0000000000E+00
    8689   1.0000000000E+00
    8690   1.0000000000E+00
    8691   1.0000000000E+00
    8692   1.0000000000E+00
    8693   1.0000000000E+00
    8694   1.0000000000E+00
    8695   1.0000000000E+00
    8696   1.0000000000E+00
    8697   1.0000000000E+00
    8698   1.0000000000E+00
    8699   1.0000000000E+00
    8700   1.0000000000E+00
    8701   1.0000000000E+00
    8702   1.0000000000E+00
    8703   1.0000000000E+00
    8704   1.0000000000E+00
    8705   1.0000000000E+00
    8706   1.0000000000E+00
    8707   1.0000000000E+00
    8708   1.0000000000E+00
    8709   1.0000000000E+00
    8710   1.0000000000E+00
    8711   1.0000000000E+00
    8712   1.0000000000E+00
    8713   1.0000000000E+00
    8714   1.0000000000E+00
    8715   1.0000000000E+00
    8716   1.0000000000E+00
    8717   1.0000000000E+00
    8718   1.0000000000E+00
    8719   1.0000000000E+00
    8720   1.0000000000E+00
    8721   1.0000000000E+00
    8722   1.0000000000E+00
    8723   1.0000000000E+00
    8724   1.0000000000E+00
    8725   1.0000000000E+00
    8726   1.0000000000E+00
    8727   1.0000000000E+00
    8728   1.0000000000E+00
    8729   1.0000000000E+00
    8730   1.0000000000E+00
    8731   1.0000000000E+00
    8732   1.0000000000E+00
    8733   1.0000000000E+00
    8734   1.0000000000E+00
    8735   1.0000000000E+00
    8736   1.0000000000E+00
    8737   1.0000000000E+00
    8738   1.0000000000E+00
    8739   1.0000000000E+00
    8740   1.0000000000E+00
    8741   1.0000000000E+00
    8742   1.0000000000E+00
    8743   1.0000000000E+00
    8744   1.0000000000E+00
    8745   1.0000000000E+00
    8746   1.0000000000E+00
    8747   1.0000000000E+00
    8748   1.0000000000E+00
    8749   1.0000000000E+00
    8750   1.0000000000E+00
    8751   1.0000000000E+00
    8752   1.0000000000E+00
    8753   1.0000000000E+00
    8754   1.0000000000E+00
    8755   1.0000000000E+00
    8756   1.0000000000E+00
    8757   1.0000000000E+00
    8758   1.0000000000E+00
    8759   1.0000000000E+00
    8760   1.0000000000E+00
    8761   1.0000000000E+00
    8762   1.0000000000E+00
    8763   1.0000000000E+00
    8764   1.0000000000E+00
    8765   1.0000000000E+00
    8766   1.0000000000E+00
    8767   1.0000000000E+00
    8768   1.0000000000E+00
    8769   1.0000000000E+00
    8770   1.0000000000E+00
    8771   1.0000000000E+00
    8772   1.0000000000E+00
    8773   1.0000000000E+00
    8774   1.0000000000E+00
    8775   1.0000000000E+00
    8776   1.0000000000E+00
    8777   1.0000000000E+00
    8778   1.0000000000E+00
    8779   1.0000000000E+00
    8780   1.0000000000E+00
    8781   1.0000000000E+00
    8782   1.0000000000E+00
    8783   1.0000000000E+00
    8784   1.0000000000E+00
    8785   1.0000000000E+00
    8786   1.0000000000E+00
    8787   1.0000000000E+00
    8788   1.0000000000E+00
    8789   1.0000000000E+00
    8790   1.0000000000E+00
    8791   1.0000000000E+00
    8792   1.0000000000E+00
    8793   1.0000000000E+00
    8794   1.0000000000E+00
    8795   1.0000000000E+00
    8796   1.0000000000E+00
    8797   1.0000000000E+00
    8798   1.0000000000E+00
    8799   1.0000000000E+00
    8800   1.0000000000E+00
    8801   1.0000000000E+00
    8802   1.0000000000E+00
    8803   1.0000000000E+00
    8804   1.0000000000E+00
    8805   1.0000000000E+00
    8806   1.0000000000E+00
    8807   1.0000000000E+00
    8808   1.0000000000E+00
    8809   1.0000000000E+00
    8810   1.0000000000E+00
    8811   1.0000000000E+00
    8812   1.0000000000E+00
    8813   1.0000000000E+00
    8814   1.0000000000E+00
    8815   1.0000000000E+00
    8816   1.0000000000E+00
    8817   1.0000000000E+00
    8818   1.0000000000E+00
    8819   1.0000000000E+00
    8820   1.0000000000E+00
    8821   1.0000000000E+00
    8822   1.0000000000E+00
    8823   1.0000000000E+00
    8824   1.0000000000E+00
    8825   1.0000000000E+00
    8826   1.0000000000E+00
    8827   1.0000000000E+00
    8828   1.0000000000E+00
    8829   1.0000000000E+00
    8830   1.0000000000E+00
    8831   1.0000000000E+00
    8832   1.0000000000E+00
    8833   1.0000000000E+00
    8834   1.0000000000E+00
    8835   1.0000000000E+00
    8836   1.0000000000E+00
    8837   1.0000000000E+00
    8838   1.0000000000E+00
    8839   1.0000000000E+00
    8840   1.0000000000E+00
    8841   1.0000000000E+00
    8842   1.0000000000E+00
    8843   1.0000000000E+00
    8844   1.0000000000E+00
    8845   1.0000000000E+00
    8846   1.0000000000E+00
    8847   1.0000000000E+00
    8848   1.0000000000E+00
    8849   1.0000000000E+00
    8850   1.0000000000E+00
    8851   1.0000000000E+00
    8852   1.0000000000E+00
    8853   1.0000000000E+00
    8854   1.0000000000E+00
    8855   1.0000000000E+00
    8856   1.0000000000E+00
    8857   1.0000000000E+00
    8858   1.0000000000E+00
    8859   1.0000000000E+00
    8860   1.0000000000E+00
    8861   1.0000000000E+00
    8862   1.0000000000E+00
    8863   1.0000000000E+00
    8864   1.0000000000E+00
    8865   1.0000000000E+00
    8866   1.0000000000E+00
    8867   1.0000000000E+00
    8868   1.0000000000E+00
    8869   1.0000000000E+00
    8870   1.0000000000E+00
    8871   1.0000000000E+00
    8872   1.0000000000E+00
    8873   1.0000000000E+00
    8874   1.0000000000E+00
    8875   1.0000000000E+00
    8876   1.0000000000E+00
    8877   1.0000000000E+00
    8878   1.0000000000E+00
    8879   1.0000000000E+00
    8880   1.0000000000E+00
    8881   1.0000000000E+00
    8882   1.0000000000E+00
    8883   1.0000000000E+00
    8884   1.0000000000E+00
    8885   1.0000000000E+00
    8886   1.0000000000E+00
    8887   1.0000000000E+00
    8888   1.0000000000E+00
    8889   1.0000000000E+00
    8890   1.0000000000E+00
    8891   1.0000000000E+00
    8892   1.0000000000E+00
    8893   1.0000000000E+00
    8894   1.0000000000E+00
    8895   1.0000000000E+00
    8896   1.0000000000E+00
    8897   1.0000000000E+00
    8898   1.0000000000E+00
    8899   1.0000000000E+00
    8900   1.0000000000E+00
    8901   1.0000000000E+00
    8902   1.0000000000E+00
    8903   1.0000000000E+00
    8904   1.0000000000E+00
    8905   1.0000000000E+00
    8906   1.0000000000E+00
    8907   1.0000000000E+00
    8908   1.0000000000E+00
    8909   1.0000000000E+00
    8910   1.0000000000E+00
    8911   1.0000000000E+00
    8912   1.0000000000E+00
    8913   1.0000000000E+00
    8914   1.0000000000E+00
    8915   1.0000000000E+00
    8916   1.0000000000E+00
    8917   1.0000000000E+00
    8918   1.0000000000E+00
    8919   1.0000000000E+00
    8920   1.0000000000E+00
    8921   1.0000000000E+00
    8922   1.0000000000E+00
    8923   1.0000000000E+00
    8924   1.0000000000E+00
    8925   1.0000000000E+00
    8926   1.0000000000E+00
    8927   1.0000000000E+00
    8928   1.0000000000E+00
    8929   1.0000000000E+00
    8930   1.0000000000E+00
    8931   1.0000000000E+00
    8932   1.0000000000E+00
    8933   1.0000000000E+00
    8934   1.0000000000E+00
    8935   1.0000000000E+00
    8936   1.0000000000E+00
    8937   1.0000000000E+00
    8938   1.0000000000E+00
    8939   1.0000000000E+00
    8940   1.0000000000E+00
    8941   1.0000000000E+00
    8942   1.0000000000E+00
    8943   1.0000000000E+00
    8944   1.0000000000E+00
    8945   1.0000000000E+00
    8946   1.0000000000E+00
    8947   1.0000000000E+00
    8948   1.0000000000E+00
    8949   1.0000000000E+00
    8950   1.0000000000E+00
    8951   1.0000000000E+00
    8952   1.0000000000E+00
    8953   1.0000000000E+00
    8954   1.0000000000E+00
    8955   1.0000000000E+00
    8956   1.0000000000E+00
    8957   1.0000000000E+00
    8958   1.0000000000E+00
    8959   1.0000000000E+00
    8960   1.0000000000E+00
    8961   1.0000000000E+00
    8962   1.0000000000E+00
    8963   1.0000000000E+00
    8964   1.0000000000E+00
    8965   1.0000000000E+00
    8966   1.0000000000E+00
    8967   1.0000000000E+00
    8968   1.0000000000E+00
    8969   1.0000000000E+00
    8970   1.0000000000E+00
    8971   1.0000000000E+00
    8972   1.0000000000E+00
    8973   1.0000000000E+00
    8974   1.0000000000E+00
    8975   1.0000000000E+00
    8976   1.0000000000E+00
    8977   1.0000000000E+00
    8978   1.0000000000E+00
    8979   1.0000000000E+00
    8980   1.0000000000E+00
    8981   1.0000000000E+00
    8982   1.0000000000E+00
    8983   1.0000000000E+00
    8984   1.0000000000E+00
    8985   1.0000000000E+00
    8986   1.0000000000E+00
    8987   1.0000000000E+00
    8988   1.0000000000E+00
    8989   1.0000000000E+00
    8990   1.0000000000E+00
    8991   1.0000000000E+00
    8992   1.0000000000E+00
    8993   1.0000000000E+00
    8994   1.0000000000E+00
    8995   1.0000000000E+00
    8996   1.0000000000E+00
    8997   1.0000000000E+00
    8998   1.0000000000E+00
    8999   1.0000000000E+00
    9000   1.0000000000E+00
    9001   1.0000000000E+00
    9002   1.0000000000E+00
    9003   1.0000000000E+00
    9004   1.0000000000E+00
    9005   1.0000000000E+00
    9006   1.0000000000E+00
    9007   1.0000000000E+00
    9008   1.0000000000E+00
    9009   1.0000000000E+00
    9010   1.0000000000E+00
    9011   1.0000000000E+00
    9012   1.0000000000E+00
    9013   1.0000000000E+00
    9014   1.0000000000E+00
    9015   1.0000000000E+00
    9016   1.0000000000E+00
    9017   1.0000000000E+00
    9018   1.0000000000E+00
    9019   1.0000000000E+00
    9020   1.0000000000E+00
    9021   1.0000000000E+00
    9022   1.0000000000E+00
    9023   1.0000000000E+00
    9024   1.0000000000E+00
    9025   1.0000000000E+00
    9026   1.0000000000E+00
    9027   1.0000000000E+00
    9028   1.0000000000E+00
    9029   1.0000000000E+00
    9030   1.0000000000E+00
    9031   1.0000000000E+00
    9032   1.0000000000E+00
    9033   1.0000000000E+00
    9034   1.0000000000E+00
    9035   1.0000000000E+00
    9036   1.0000000000E+00
    9037   1.0000000000E+00
    9038   1.0000000000E+00
    9039   1.0000000000E+00
    9040   1.0000000000E+00
    9041   1.0000000000E+00
    9042   1.0000000000E+00
    9043   1.0000000000E+00
    9044   1.0000000000E+00
    9045   1.0000000000E+00
    9046   1.0000000000E+00
    9047   1.0000000000E+00
    9048   1.0000000000E+00
    9049   1.0000000000E+00
    9050   1.0000000000E+00
    9051   1.0000000000E+00
    9052   1.0000000000E+00
    9053   1.0000000000E+00
    9054   1.0000000000E+00
    9055   1.0000000000E+00
    9056   1.0000000000E+00
    9057   1.0000000000E+00
    9058   1.0000000000E+00
    9059   1.0000000000E+00
    9060   1.0000000000E+00
    9061   1.0000000000E+00
    9062   1.0000000000E+00
    9063   1.0000000000E+00
    9064   1.0000000000E+00
    9065   1.0000000000E+00
    9066   1.0000000000E+00
    9067   1.0000000000E+00
    9068   1.0000000000E+00
    9069   1.0000000000E+00
    9070   1.0000000000E+00
    9071   1.0000000000E+00
    9072   1.0000000000E+00
    9073   1.0000000000E+00
    9074   1.0000000000E+00
    9075   1.0000000000E+00
    9076   1.0000000000E+00
    9077   1.0000000000E+00
    9078   1.0000000000E+00
    9079   1.0000000000E+00
    9080   1.0000000000E+00
    9081   1.0000000000E+00
    9082   1.0000000000E+00
    9083   1.0000000000E+00
    9084   1.0000000000E+00
    9085   1.0000000000E+00
    9086   1.0000000000E+00
    9087   1.0000000000E+00
    9088   1.0000000000E+00
    9089   1.0000000000E+00
    9090   1.0000000000E+00
    9091   1.0000000000E+00
    9092   1.0000000000E+00
    9093   1.0000000000E+00
    9094   1.0000000000E+00
    9095   1.0000000000E+00
    9096   1.0000000000E+00
    9097   1.0000000000E+00
    9098   1.0000000000E+00
    9099   1.0000000000E+00
    9100   1.0000000000E+00
    9101   1.0000000000E+00
    9102   1.0000000000E+00
    9103   1.0000000000E+00
    9104   1.0000000000E+00
    9105   1.0000000000E+00
    9106   1.0000000000E+00
    9107   1.0000000000E+00
    9108   1.0000000000E+00
    9109   1.0000000000E+00
    9110   1.0000000000E+00
    9111   1.0000000000E+00
    9112   1.0000000000E+00
    9113   1.0000000000E+00
    9114   1.0000000000E+00
    9115   1.0000000000E+00
    9116   1.0000000000E+00
    9117   1.0000000000E+00
    9118   1.0000000000E+00
    9119   1.0000000000E+00
    9120   1.0000000000E+00
    9121   1.0000000000E+00
    9122   1.0000000000E+00
    9123   1.0000000000E+00
    9124   1.0000000000E+00
    9125   1.0000000000E+00
    9126   1.0000000000E+00
    9127   1.0000000000E+00
    9128   1.0000000000E+00
    9129   1.0000000000E+00
    9130   1.0000000000E+00
    9131   1.0000000000E+00
    9132   1.0000000000E+00
    9133   1.0000000000E+00
    9134   1.0000000000E+00
    9135   1.0000000000E+00
    9136   1.0000000000E+00
    9137   1.0000000000E+00
    9138   1.0000000000E+00
    9139   1.0000000000E+00
    9140   1.0000000000E+00
    9141   1.0000000000E+00
    9142   1.0000000000E+00
    9143   1.0000000000E+00
    9144   1.0000000000E+00
    9145   1.0000000000E+00
    9146   1.0000000000E+00
    9147   1.0000000000E+00
    9148   1.0000000000E+00
    9149   1.0000000000E+00
    9150   1.0000000000E+00
    9151   1.0000000000E+00
    9152   1.0000000000E+00
    9153   1.0000000000E+00
    9154   1.0000000000E+00
    9155   1.0000000000E+00
    9156   1.0000000000E+00
    9157   1.0000000000E+00
    9158   1.0000000000E+00
    9159   1.0000000000E+00
    9160   1.0000000000E+00
    9161   1.0000000000E+00
    9162   1.0000000000E+00
    9163   1.0000000000E+00
    9164   1.0000000000E+00
    9165   1.0000000000E+00
    9166   1.0000000000E+00
    9167   1.0000000000E+00
    9168   1.0000000000E+00
    9169   1.0000000000E+00
    9170   1.0000000000E+00
    9171   1.0000000000E+00
    9172   1.0000000000E+00
    9173   1.0000000000E+00
    9174   1.0000000000E+00
    9175   1.0000000000E+00
    9176   1.0000000000E+00
    9177   1.0000000000E+00
    9178   1.0000000000E+00
    9179   1.0000000000E+00
    9180   1.0000000000E+00
    9181   1.0000000000E+00
    9182   1.0000000000E+00
    9183   1.0000000000E+00
    9184   1.0000000000E+00
    9185   1.0000000000E+00
    9186   1.0000000000E+00
    9187   1.0000000000E+00
    9188   1.0000000000E+00
    9189   1.0000000000E+00
    9190   1.0000000000E+00
    9191   1.0000000000E+00
    9192   1.0000000000E+00
    9193   1.0000000000E+00
    9194   1.0000000000E+00
    9195   1.0000000000E+00
    9196   1.0000000000E+00
    9197   1.0000000000E+00
    9198   1.0000000000E+00
    9199   1.0000000000E+00
    9200   1.0000000000E+00
    9201   1.0000000000E+00
    9202   1.0000000000E+00
    9203   1.0000000000E+00
    9204   1.0000000000E+00
    9205   1.0000000000E+00
    9206   1.0000000000E+00
    9207   1.0000000000E+00
    9208   1.0000000000E+00
    9209   1.0000000000E+00
    9210   1.0000000000E+00
    9211   1.0000000000E+00
    9212   1.0000000000E+00
    9213   1.0000000000E+00
    9214   1.0000000000E+00
    9215   1.0000000000E+00
    9216   1.0000000000E+00
    9217   1.0000000000E+00
    9218   1.0000000000E+00
    9219   1.0000000000E+00
    9220   1.0000000000E+00
    9221   1.0000000000E+00
    9222   1.0000000000E+00
    9223   1.0000000000E+00
    9224   1.0000000000E+00
    9225   1.0000000000E+00
    9226   1.0000000000E+00
    9227   1.0000000000E+00
    9228   1.0000000000E+00
    9229   1.0000000000E+00
    9230   1.0000000000E+00
    9231   1.0000000000E+00
    9232   1.0000000000E+00
    9233   1.0000000000E+00
    9234   1.0000000000E+00
    9235   1.0000000000E+00
    9236   1.0000000000E+00
    9237   1.0000000000E+00
    9238   1.0000000000E+00
    9239   1.0000000000E+00
    9240   1.0000000000E+00
    9241   1.0000000000E+00
    9242   1.0000000000E+00
    9243   1.0000000000E+00
    9244   1.0000000000E+00
    9245   1.0000000000E+00
    9246   1.0000000000E+00
    9247   1.0000000000E+00
    9248   1.0000000000E+00
    9249   1.0000000000E+00
    9250   1.0000000000E+00
    9251   1.0000000000E+00
    9252   1.0000000000E+00
    9253   1.0000000000E+00
    9254   1.0000000000E+00
    9255   1.0000000000E+00
    9256   1.0000000000E+00
    9257   1.0000000000E+00
    9258   1.0000000000E+00
    9259   1.0000000000E+00
    9260   1.0000000000E+00
    9261   1.0000000000E+00
    9262   1.0000000000E+00
    9263   1.0000000000E+00
    9264   1.0000000000E+00
    9265   1.0000000000E+00
    9266   1.0000000000E+00
    9267   1.0000000000E+00
    9268   1.0000000000E+00
    9269   1.0000000000E+00
    9270   1.0000000000E+00
    9271   1.0000000000E+00
    9272   1.0000000000E+00
    9273   1.0000000000E+00
    9274   1.0000000000E+00
    9275   1.0000000000E+00
    9276   1.0000000000E+00
    9277   1.0000000000E+00
    9278   1.0000000000E+00
    9279   1.0000000000E+00
    9280   1.0000000000E+00
    9281   1.0000000000E+00
    9282   1.0000000000E+00
    9283   1.0000000000E+00
    9284   1.0000000000E+00
    9285   1.0000000000E+00
    9286   1.0000000000E+00
    9287   1.0000000000E+00
    9288   1.0000000000E+00
    9289   1.0000000000E+00
    9290   1.0000000000E+00
    9291   1.0000000000E+00
    9292   1.0000000000E+00
    9293   1.0000000000E+00
    9294   1.0000000000E+00
    9295   1.0000000000E+00
    9296   1.0000000000E+00
    9297   1.0000000000E+00
    9298   1.0000000000E+00
    9299   1.0000000000E+00
    9300   1.0000000000E+00
    9301   1.0000000000E+00
    9302   1.0000000000E+00
    9303   1.0000000000E+00
    9304   1.0000000000E+00
    9305   1.0000000000E+00
    9306   1.0000000000E+00
    9307   1.0000000000E+00
    9308   1.0000000000E+00
    9309   1.0000000000E+00
    9310   1.0000000000E+00
    9311   1.0000000000E+00
    9312   1.0000000000E+00
    9313   1.0000000000E+00
    9314   1.0000000000E+00
    9315   1.0000000000E+00
    9316   1.0000000000E+00
    9317   1.0000000000E+00
    9318   1.0000000000E+00
    9319   1.0000000000E+00
    9320   1.0000000000E+00
    9321   1.0000000000E+00
    9322   1.0000000000E+00
    9323   1.0000000000E+00
    9324   1.0000000000E+00
    9325   1.0000000000E+00
    9326   1.0000000000E+00
    9327   1.0000000000E+00
    9328   1.0000000000E+00
    9329   1.0000000000E+00
    9330   1.0000000000E+00
    9331   1.0000000000E+00
    9332   1.0000000000E+00
    9333   1.0000000000E+00
    9334   1.0000000000E+00
    9335   1.0000000000E+00
    9336   1.0000000000E+00
    9337   1.0000000000E+00
    9338   1.0000000000E+00
    9339   1.0000000000E+00
    9340   1.0000000000E+00
    9341   1.0000000000E+00
    9342   1.0000000000E+00
    9343   1.0000000000E+00
    9344   1.0000000000E+00
    9345   1.0000000000E+00
    9346   1.0000000000E+00
    9347   1.0000000000E+00
    9348   1.0000000000E+00
    9349   1.0000000000E+00
    9350   1.0000000000E+00
    9351   1.0000000000E+00
    9352   1.0000000000E+00
    9353   1.0000000000E+00
    9354   1.0000000000E+00
    9355   1.0000000000E+00
    9356   1.0000000000E+00
    9357   1.0000000000E+00
    9358   1.0000000000E+00
    9359   1.0000000000E+00
    9360   1.0000000000E+00
    9361   1.0000000000E+00
    9362   1.0000000000E+00
    9363   1.0000000000E+00
    9364   1.0000000000E+00
    9365   1.0000000000E+00
    9366   1.0000000000E+00
    9367   1.0000000000E+00
    9368   1.0000000000E+00
    9369   1.0000000000E+00
    9370   1.0000000000E+00
    9371   1.0000000000E+00
    9372   1.0000000000E+00
    9373   1.0000000000E+00
    9374   1.0000000000E+00
    9375   1.0000000000E+00
    9376   1.0000000000E+00
    9377   1.0000000000E+00
    9378   1.0000000000E+00
    9379   1.0000000000E+00
    9380   1.0000000000E+00
    9381   1.0000000000E+00
    9382   1.0000000000E+00
    9383   1.0000000000E+00
    9384   1.0000000000E+00
    9385   1.0000000000E+00
    9386   1.0000000000E+00
    9387   1.0000000000E+00
    9388   1.0000000000E+00
    9389   1.0000000000E+00
    9390   1.0000000000E+00
    9391   1.0000000000E+00
    9392   1.0000000000E+00
    9393   1.0000000000E+00
    9394   1.0000000000E+00
    9395   1.0000000000E+00
    9396   1.0000000000E+00
    9397   1.0000000000E+00
    9398   1.0000000000E+00
    9399   1.0000000000E+00
    9400   1.0000000000E+00
    9401   1.0000000000E+00
    9402   1.0000000000E+00
    9403   1.0000000000E+00
    9404   1.0000000000E+00
    9405   1.0000000000E+00
    9406   1.0000000000E+00
    9407   1.0000000000E+00
    9408   1.0000000000E+00
    9409   1.0000000000E+00
    9410   1.0000000000E+00
    9411   1.0000000000E+00
    9412   1.0000000000E+00
    9413   1.0000000000E+00
    9414   1.0000000000E+00
    9415   1.0000000000E+00
    9416   1.0000000000E+00
    9417   1.0000000000E+00
    9418   1.0000000000E+00
    9419   1.0000000000E+00
    9420   1.0000000000E+00
    9421   1.0000000000E+00
    9422   1.0000000000E+00
    9423   1.0000000000E+00
    9424   1.0000000000E+00
    9425   1.0000000000E+00
    9426   1.0000000000E+00
    9427   1.0000000000E+00
    9428   1.0000000000E+00
    9429   1.0000000000E+00
    9430   1.0000000000E+00
    9431   1.0000000000E+00
    9432   1.0000000000E+00
    9433   1.0000000000E+00
    9434   1.0000000000E+00
    9435   1.0000000000E+00
    9436   1.0000000000E+00
    9437   1.0000000000E+00
    9438   1.0000000000E+00
    9439   1.0000000000E+00
    9440   1.0000000000E+00
    9441   1.0000000000E+00
    9442   1.0000000000E+00
    9443   1.0000000000E+00
    9444   1.0000000000E+00
    9445   1.0000000000E+00
    9446   1.0000000000E+00
    9447   1.0000000000E+00
    9448   1.0000000000E+00
    9449   1.0000000000E+00
    9450   1.0000000000E+00
    9451   1.0000000000E+00
    9452   1.0000000000E+00
    9453   1.0000000000E+00
    9454   1.0000000000E+00
    9455   1.0000000000E+00
    9456   1.0000000000E+00
    9457   1.0000000000E+00
    9458   1.0000000000E+00
    9459   1.0000000000E+00
    9460   1.0000000000E+00
    9461   1.0000000000E+00
    9462   1.0000000000E+00
    9463   1.0000000000E+00
    9464   1.0000000000E+00
    9465   1.0000000000E+00
    9466   1.0000000000E+00
    9467   1.0000000000E+00
    9468   1.0000000000E+00
    9469   1.0000000000E+00
    9470   1.0000000000E+00
    9471   1.0000000000E+00
    9472   1.0000000000E+00
    9473   1.0000000000E+00
    9474   1.0000000000E+00
    9475   1.0000000000E+00
    9476   1.0000000000E+00
    9477   1.0000000000E+00
    9478   1.0000000000E+00
    9479   1.0000000000E+00
    9480   1.0000000000E+00
    9481   1.0000000000E+00
    9482   1.0000000000E+00
    9483   1.0000000000E+00
    9484   1.0000000000E+00
    9485   1.0000000000E+00
    9486   1.0000000000E+00
    9487   1.0000000000E+00
    9488   1.0000000000E+00
    9489   1.0000000000E+00
    9490   1.0000000000E+00
    9491   1.0000000000E+00
    9492   1.0000000000E+00
    9493   1.0000000000E+00
    9494   1.0000000000E+00
    9495   1.0000000000E+00
    9496   1.0000000000E+00
    9497   1.0000000000E+00
    9498   1.0000000000E+00
    9499   1.0000000000E+00
    9500   1.0000000000E+00
    9501   1.0000000000E+00
    9502   1.0000000000E+00
    9503   1.0000000000E+00
    9504   1.0000000000E+00
    9505   1.0000000000E+00
    9506   1.0000000000E+00
    9507   1.0000000000E+00
    9508   1.0000000000E+00
    9509   1.0000000000E+00
    9510   1.0000000000E+00
    9511   1.0000000000E+00
    9512   1.0000000000E+00
    9513   1.0000000000E+00
    9514   1.0000000000E+00
    9515   1.0000000000E+00
    9516   1.0000000000E+00
    9517   1.0000000000E+00
    9518   1.0000000000E+00
    9519   1.0000000000E+00
    9520   1.0000000000E+00
    9521   1.0000000000E+00
    9522   1.0000000000E+00
    9523   1.0000000000E+00
    9524   1.0000000000E+00
    9525   1.0000000000E+00
    9526   1.0000000000E+00
    9527   1.0000000000E+00
    9528   1.0000000000E+00
    9529   1.0000000000E+00
    9530   1.0000000000E+00
    9531   1.0000000000E+00
    9532   1.0000000000E+00
    9533   1.0000000000E+00
    9534   1.0000000000E+00
    9535   1.0000000000E+00
    9536   1.0000000000E+00
    9537   1.0000000000E+00
    9538   1.0000000000E+00
    9539   1.0000000000E+00
    9540   1.0000000000E+00
    9541   1.0000000000E+00
    9542   1.0000000000E+00
    9543   1.0000000000E+00
    9544   1.0000000000E+00
    9545   1.0000000000E+00
    9546   1.0000000000E+00
    9547   1.0000000000E+00
    9548   1.0000000000E+00
    9549   1.0000000000E+00
    9550   1.0000000000E+00
    9551   1.0000000000E+00
    9552   1.0000000000E+00
    9553   1.0000000000E+00
    9554   1.0000000000E+00
    9555   1.0000000000E+00
    9556   1.0000000000E+00
    9557   1.0000000000E+00
    9558   1.0000000000E+00
    9559   1.0000000000E+00
    9560   1.0000000000E+00
    9561   1.0000000000E+00
    9562   1.0000000000E+00
    9563   1.0000000000E+00
    9564   1.0000000000E+00
    9565   1.0000000000E+00
    9566   1.0000000000E+00
    9567   1.0000000000E+00
    9568   1.0000000000E+00
    9569   1.0000000000E+00
    9570   1.0000000000E+00
    9571   1.0000000000E+00
    9572   1.0000000000E+00
    9573   1.0000000000E+00
    9574   1.0000000000E+00
    9575   1.0000000000E+00
    9576   1.0000000000E+00
    9577   1.0000000000E+00
    9578   1.0000000000E+00
    9579   1.0000000000E+00
    9580   1.0000000000E+00
    9581   1.0000000000E+00
    9582   1.0000000000E+00
    9583   1.0000000000E+00
    9584   1.0000000000E+00
    9585   1.0000000000E+00
    9586   1.0000000000E+00
    9587   1.0000000000E+00
    9588   1.0000000000E+00
    9589   1.0000000000E+00
    9590   1.0000000000E+00
    9591   1.0000000000E+00
    9592   1.0000000000E+00
    9593   1.0000000000E+00
    9594   1.0000000000E+00
    9595   1.0000000000E+00
    9596   1.0000000000E+00
    9597   1.0000000000E+00
    9598   1.0000000000E+00
    9599   1.0000000000E+00
    9600   1.0000000000E+00
    9601   1.0000000000E+00
    9602   1.0000000000E+00
    9603   1.0000000000E+00
    9604   1.0000000000E+00
    9605   1.0000000000E+00
    9606   1.0000000000E+00
    9607   1.0000000000E+00
    9608   1.0000000000E+00
    9609   1.0000000000E+00
    9610   1.0000000000E+00
    9611   1.0000000000E+00
    9612   1.0000000000E+00
    9613   1.0000000000E+00
    9614   1.0000000000E+00
    9615   1.0000000000E+00
    9616   1.0000000000E+00
    9617   1.0000000000E+00
    9618   1.0000000000E+00
    9619   1.0000000000E+00
    9620   1.0000000000E+00
    9621   1.0000000000E+00
    9622   1.0000000000E+00
    9623   1.0000000000E+00
    9624   1.0000000000E+00
    9625   1.0000000000E+00
    9626   1.0000000000E+00
    9627   1.0000000000E+00
    9628   1.0000000000E+00
    9629   1.0000000000E+00
    9630   1.0000000000E+00
    9631   1.0000000000E+00
    9632   1.0000000000E+00
    9633   1.0000000000E+00
    9634   1.0000000000E+00
    9635   1.0000000000E+00
    9636   1.0000000000E+00
    9637   1.0000000000E+00
    9638   1.0000000000E+00
    9639   1.0000000000E+00
    9640   1.0000000000E+00
    9641   1.0000000000E+00
    9642   1.0000000000E+00
    9643   1.0000000000E+00
    9644   1.0000000000E+00
    9645   1.0000000000E+00
    9646   1.0000000000E+00
    9647   1.0000000000E+00
    9648   1.0000000000E+00
    9649   1.0000000000E+00
    9650   1.0000000000E+00
    9651   1.0000000000E+00
    9652   1.0000000000E+00
    9653   1.0000000000E+00
    9654   1.0000000000E+00
    9655   1.0000000000E+00
    9656   1.0000000000E+00
    9657   1.0000000000E+00
    9658   1.0000000000E+00
    9659   1.0000000000E+00
    9660   1.0000000000E+00
    9661   1.0000000000E+00
    9662   1.0000000000E+00
    9663   1.0000000000E+00
    9664   1.0000000000E+00
    9665   1.0000000000E+00
    9666   1.0000000000E+00
    9667   1.0000000000E+00
    9668   1.0000000000E+00
    9669   1.0000000000E+00
    9670   1.0000000000E+00
    9671   1.0000000000E+00
    9672   1.0000000000E+00
    9673   1.0000000000E+00
    9674   1.0000000000E+00
    9675   1.0000000000E+00
    9676   1.0000000000E+00
    9677   1.0000000000E+00
    9678   1.0000000000E+00
    9679   1.0000000000E+00
    9680   1.0000000000E+00
    9681   1.0000000000E+00
    9682   1.0000000000E+00
    9683   1.0000000000E+00
    9684   1.0000000000E+00
    9685   1.0000000000E+00
    9686   1.0000000000E+00
    9687   1.0000000000E+00
    9688   1.0000000000E+00
    9689   1.0000000000E+00
    9690   1.0000000000E+00
    9691   1.0000000000E+00
    9692   1.0000000000E+00
    9693   1.0000000000E+00
    9694   1.0000000000E+00
    9695   1.0000000000E+00
    9696   1.0000000000E+00
    9697   1.0000000000E+00
    9698   1.0000000000E+00
    9699   1.0000000000E+00
    9700   1.0000000000E+00
    9701   1.0000000000E+00
    9702   1.0000000000E+00
    9703   1.0000000000E+00
    9704   1.0000000000E+00
    9705   1.0000000000E+00
    9706   1.0000000000E+00
    9707   1.0000000000E+00
    9708   1.0000000000E+00
    9709   1.0000000000E+00
    9710   1.0000000000E+00
    9711   1.0000000000E+00
    9712   1.0000000000E+00
    9713   1.0000000000E+00
    9714   1.0000000000E+00
    9715   1.0000000000E+00
    9716   1.0000000000E+00
    9717   1.0000000000E+00
    9718   1.0000000000E+00
    9719   1.0000000000E+00
    9720   1.0000000000E+00
    9721   1.0000000000E+00
    9722   1.0000000000E+00
    9723   1.0000000000E+00
    9724   1.0000000000E+00
    9725   1.0000000000E+00
    9726   1.0000000000E+00
    9727   1.0000000000E+00
    9728   1.0000000000E+00
    9729   1.0000000000E+00
    9730   1.0000000000E+00
    9731   1.0000000000E+00
    9732   1.0000000000E+00
    9733   1.0000000000E+00
    9734   1.0000000000E+00
    9735   1.0000000000E+00
    9736   1.0000000000E+00
    9737   1.0000000000E+00
    9738   1.0000000000E+00
    9739   1.0000000000E+00
    9740   1.0000000000E+00
    9741   1.0000000000E+00
    9742   1.0000000000E+00
    9743   1.0000000000E+00
    9744   1.0000000000E+00
    9745   1.0000000000E+00
    9746   1.0000000000E+00
    9747   1.0000000000E+00
    9748   1.0000000000E+00
    9749   1.0000000000E+00
    9750   1.0000000000E+00
    9751   1.0000000000E+00
    9752   1.0000000000E+00
    9753   1.0000000000E+00
    9754   1.0000000000E+00
    9755   1.0000000000E+00
    9756   1.0000000000E+00
    9757   1.0000000000E+00
    9758   1.0000000000E+00
    9759   1.0000000000E+00
    9760   1.0000000000E+00
    9761   1.0000000000E+00
    9762   1.0000000000E+00
    9763   1.0000000000E+00
    9764   1.0000000000E+00
    9765   1.0000000000E+00
    9766   1.0000000000E+00
    9767   1.0000000000E+00
    9768   1.0000000000E+00
    9769   1.0000000000E+00
    9770   1.0000000000E+00
    9771   1.0000000000E+00
    9772   1.0000000000E+00
    9773   1.0000000000E+00
    9774   1.0000000000E+00
    9775   1.0000000000E+00
    9776   1.0000000000E+00
    9777   1.0000000000E+00
    9778   1.0000000000E+00
    9779   1.0000000000E+00
    9780   1.0000000000E+00
    9781   1.0000000000E+00
    9782   1.0000000000E+00
    9783   1.0000000000E+00
    9784   1.0000000000E+00
    9785   1.0000000000E+00
    9786   1.0000000000E+00
    9787   1.0000000000E+00
    9788   1.0000000000E+00
    9789   1.0000000000E+00
    9790   1.0000000000E+00
    9791   1.0000000000E+00
    9792   1.0000000000E+00
    9793   1.0000000000E+00
    9794   1.0000000000E+00
    9795   1.0000000000E+00
    9796   1.0000000000E+00
    9797   1.0000000000E+00
    9798   1.0000000000E+00
    9799   1.0000000000E+00
    9800   1.0000000000E+00
    9801   1.0000000000E+00
    9802   1.0000000000E+00
    9803   1.0000000000E+00
    9804   1.0000000000E+00
    9805   1.0000000000E+00
    9806   1.0000000000E+00
    9807   1.0000000000E+00
    9808   1.0000000000E+00
    9809   1.0000000000E+00
    9810   1.0000000000E+00
    9811   1.0000000000E+00
    9812   1.0000000000E+00
    9813   1.0000000000E+00
    9814   1.0000000000E+00
    9815   1.0000000000E+00
    9816   1.0000000000E+00
    9817   1.0000000000E+00
    9818   1.0000000000E+00
    9819   1.0000000000E+00
    9820   1.0000000000E+00
    9821   1.0000000000E+00
    9822   1.0000000000E+00
    9823   1.0000000000E+00
    9824   1.0000000000E+00
    9825   1.0000000000E+00
    9826   1.0000000000E+00
    9827   1.0000000000E+00
    9828   1.0000000000E+00
    9829   1.0000000000E+00
    9830   1.0000000000E+00
    9831   1.0000000000E+00
    9832   1.0000000000E+00
    9833   1.0000000000E+00
    9834   1.0000000000E+00
    9835   1.0000000000E+00
    9836   1.0000000000E+00
    9837   1.0000000000E+00
    9838   1.0000000000E+00
    9839   1.0000000000E+00
    9840   1.0000000000E+00
    9841   1.0000000000E+00
    9842   1.0000000000E+00
    9843   1.0000000000E+00
    9844   1.0000000000E+00
    9845   1.0000000000E+00
    9846   1.0000000000E+00
    9847   1.0000000000E+00
    9848   1.0000000000E+00
    9849   1.0000000000E+00
    9850   1.0000000000E+00
    9851   1.0000000000E+00
    9852   1.0000000000E+00
    9853   1.0000000000E+00
    9854   1.0000000000E+00
    9855   1.0000000000E+00
    9856   1.0000000000E+00
    9857   1.0000000000E+00
    9858   1.0000000000E+00
    9859   1.0000000000E+00
    9860   1.0000000000E+00
    9861   1.0000000000E+00
    9862   1.0000000000E+00
    9863   1.0000000000E+00
    9864   1.0000000000E+00
    9865   1.0000000000E+00
    9866   1.0000000000E+00
    9867   1.0000000000E+00
    9868   1.0000000000E+00
    9869   1.0000000000E+00
    9870   1.0000000000E+00
    9871   1.0000000000E+00
    9872   1.0000000000E+00
    9873   1.0000000000E+00
    9874   1.0000000000E+00
    9875   1.0000000000E+00
    9876   1.0000000000E+00
    9877   1.0000000000E+00
    9878   1.0000000000E+00
    9879   1.0000000000E+00
    9880   1.0000000000E+00
    9881   1.0000000000E+00
    9882   1.0000000000E+00
    9883   1.0000000000E+00
    9884   1.0000000000E+00
    9885   1.0000000000E+00
    9886   1.0000000000E+00
    9887   1.0000000000E+00
    9888   1.0000000000E+00
    9889   1.0000000000E+00
    9890   1.0000000000E+00
    9891   1.0000000000E+00
    9892   1.0000000000E+00
    9893   1.0000000000E+00
    9894   1.0000000000E+00
    9895   1.0000000000E+00
    9896   1.0000000000E+00
    9897   1.0000000000E+00
    9898   1.0000000000E+00
    9899   1.0000000000E+00
    9900   1.0000000000E+00
    9901   1.0000000000E+00
    9902   1.0000000000E+00
    9903   1.0000000000E+00
    9904   1.0000000000E+00
    9905   1.0000000000E+00
    9906   1.0000000000E+00
    9907   1.0000000000E+00
    9908   1.0000000000E+00
    9909   1.0000000000E+00
    9910   1.0000000000E+00
    9911   1.0000000000E+00
    9912   1.0000000000E+00
    9913   1.0000000000E+00
    9914   1.0000000000E+00
    9915   1.0000000000E+00
    9916   1.0000000000E+00
    9917   1.0000000000E+00
    9918   1.0000000000E+00
    9919   1.0000000000E+00
    9920   1.0000000000E+00
    9921   1.0000000000E+00
    9922   1.0000000000E+00
    9923   1.0000000000E+00
    9924   1.0000000000E+00
    9925   1.0000000000E+00
    9926   1.0000000000E+00
    9927   1.0000000000E+00
    9928   1.0000000000E+00
    9929   1.0000000000E+00
    9930   1.0000000000E+00
    9931   1.0000000000E+00
    9932   1.0000000000E+00
    9933   1.0000000000E+00
    9934   1.0000000000E+00
    9935   1.0000000000E+00
    9936   1.0000000000E+00
    9937   1.0000000000E+00
    9938   1.0000000000E+00
    9939   1.0000000000E+00
    9940   1.0000000000E+00
    9941   1.0000000000E+00
    9942   1.0000000000E+00
    9943   1.0000000000E+00
    9944   1.0000000000E+00
    9945   1.0000000000E+00
    9946   1.0000000000E+00
    9947   1.0000000000E+00
    9948   1.0000000000E+00
    9949   1.0000000000E+00
    9950   1.0000000000E+00
    9951   1.0000000000E+00
    9952   1.0000000000E+00
    9953   1.0000000000E+00
    9954   1.0000000000E+00
    9955   1.0000000000E+00
    9956   1.0000000000E+00
    9957   1.0000000000E+00
    9958   1.0000000000E+00
    9959   1.0000000000E+00
    9960   1.0000000000E+00
    9961   1.0000000000E+00
    9962   1.0000000000E+00
    9963   1.0000000000E+00
    9964   1.0000000000E+00
    9965   1.0000000000E+00
    9966   1.0000000000E+00
    9967   1.0000000000E+00
    9968   1.0000000000E+00
    9969   1.0000000000E+00
    9970   1.0000000000E+00
    9971   1.0000000000E+00
    9972   1.0000000000E+00
    9973   1.0000000000E+00
    9974   1.0000000000E+00
    9975   1.0000000000E+00
    9976   1.0000000000E+00
    9977   1.0000000000E+00
    9978   1.0000000000E+00
    9979   1.0000000000E+00
    9980   1.0000000000E+00
    9981   1.0000000000E+00
    9982   1.0000000000E+00
    9983   1.0000000000E+00
    9984   1.0000000000E+00
    9985   1.0000000000E+00
    9986   1.0000000000E+00
    9987   1.0000000000E+00
    9988   1.0000000000E+00
    9989   1.0000000000E+00
    9990   1.0000000000E+00
    9991   1.0000000000E+00
    9992   1.0000000000E+00
    9993   1.0000000000E+00
    9994   1.0000000000E+00
    9995   1.0000000000E+00
    9996   1.0000000000E+00
    9997   1.0000000000E+00
    9998   1.0000000000E+00
    9999   1.0000000000E+00
   10000   8.3593750000E-01
   10001   1.6406250000E-01
   10002   0.0000000000E+00
   10003   0.0000000000E+00
