# ic  density_f1
      -2   0.0000000000E+00
      -1   1.6606474647E-01
       0   8.2270290032E-01
       1   9.7672305925E-01
       2   9.8068705391E-01
       3   9.8546598419E-01
       4   9.9068163393E-01
       5   9.9594571848E-01
       6   1.0009047452E+00
       7   1.0052310290E+00
       8   1.0086043426E+00
       9   1.0107436809E+00
      10   1.0114933497E+00
      11   1.0108957886E+00
      12   1.0091817141E+00
      13   1.0066764595E+00
      14   1.0036945942E+00
      15   1.0004941980E+00
      16   9.9729783829E-01
      17   9.9432669366E-01
      18   9.9179796050E-01
      19   9.8988488243E-01
      20   9.8868202398E-01
      21   9.8820843769E-01
      22   9.8844239821E-01
      23   9.8934754282E-01
      24   9.9086195091E-01
      25   9.9285868948E-01
      26   9.9511863813E-01
      27   9.9734694321E-01
      28   9.9922959067E-01
      29   1.0004937250E+00
      30   1.0009424122E+00
      31   1.0004659620E+00
      32   9.9905501206E-01
      33   9.9682420331E-01
      34   9.9402622392E-01
      35   9.9101009720E-01
      36   9.8818663397E-01
      37   9.8595321225E-01
      38   9.8451036454E-01
      39   9.8398324299E-01
      40   9.8436816398E-01
      41   9.8556312946E-01
      42   9.8738459528E-01
      43   9.8959086933E-01
      44   9.9192458477E-01
      45   9.9416765629E-01
      46   9.9618677400E-01
      47   9.9794375052E-01
      48   9.9946736324E-01
      49   1.0008057024E+00
      50   1.0019845500E+00
      51   1.0029847119E+00
      52   1.0037395307E+00
      53   1.0041486022E+00
      54   1.0041071168E+00
      55   1.0035457495E+00
      56   1.0024659342E+00
      57   1.0009522202E+00
      58   9.9915758623E-01
      59   9.9727480931E-01
      60   9.9551409051E-01
      61   9.9409316660E-01
      62   9.9322682717E-01
      63   9.9310022671E-01
      64   9.9382805586E-01
      65   9.9541867474E-01
      66   9.9776382807E-01
      67   1.0006555784E+00
      68   1.0038120256E+00
      69   1.0068969480E+00
      70   1.0095415813E+00
      71   1.0113930221E+00
      72   1.0121980086E+00
      73   1.0118914587E+00
      74   1.0106350474E+00
      75   1.0087778048E+00
      76   1.0067642722E+00
      77   1.0050437555E+00
      78   1.0040131512E+00
      79   1.0039813444E+00
      80   1.0051243788E+00
      81   1.0074278345E+00
      82   1.0106543974E+00
      83   1.0143864588E+00
      84   1.0181878946E+00
      85   1.0214418329E+00
      86   1.0239167008E+00
      87   1.0254259816E+00
      88   1.0258469022E+00
      89   1.0251704855E+00
      90   1.0235270269E+00
      91   1.0211970499E+00
      92   1.0185425718E+00
      93   1.0158879895E+00
      94   1.0134410459E+00
      95   1.0113097335E+00
      96   1.0095800326E+00
      97   1.0083672718E+00
      98   1.0077897115E+00
      99   1.0078542022E+00
     100   1.0084942091E+00
     101   1.0095361665E+00
     102   1.0108169477E+00
     103   1.0122246969E+00
     104   1.0136588366E+00
     105   1.0149608800E+00
     106   1.0159048515E+00
     107   1.0162780438E+00
     108   1.0159847511E+00
     109   1.0150750034E+00
     110   1.0136737819E+00
     111   1.0118870795E+00
     112   1.0097838797E+00
     113   1.0074663664E+00
     114   1.0051427866E+00
     115   1.0031109921E+00
     116   1.0016514283E+00
     117   1.0009191421E+00
     118   1.0009222415E+00
     119   1.0015863343E+00
     120   1.0028239268E+00
     121   1.0045341532E+00
     122   1.0065419466E+00
     123   1.0085610674E+00
     124   1.0102534814E+00
     125   1.0113804350E+00
     126   1.0118065586E+00
     127   1.0116672199E+00
     128   1.0111384375E+00
     129   1.0103563719E+00
     130   1.0094426243E+00
     131   1.0085490132E+00
     132   1.0078739488E+00
     133   1.0075951954E+00
     134   1.0077734326E+00
     135   1.0083248890E+00
     136   1.0090987915E+00
     137   1.0099923224E+00
     138   1.0109952658E+00
     139   1.0121254113E+00
     140   1.0133279122E+00
     141   1.0144473956E+00
     142   1.0153032906E+00
     143   1.0157922893E+00
     144   1.0159135407E+00
     145   1.0156941473E+00
     146   1.0151233578E+00
     147   1.0140603558E+00
     148   1.0124348173E+00
     149   1.0103656610E+00
     150   1.0079906275E+00
     151   1.0055005249E+00
     152   1.0030273488E+00
     153   1.0006474939E+00
     154   9.9844929244E-01
     155   9.9658091526E-01
     156   9.9521980115E-01
     157   9.9449010979E-01
     158   9.9441069271E-01
     159   9.9492212721E-01
     160   9.9595929875E-01
     161   9.9749084797E-01
     162   9.9948024295E-01
     163   1.0018056331E+00
     164   1.0042292599E+00
     165   1.0064654608E+00
     166   1.0083014991E+00
     167   1.0096717341E+00
     168   1.0106274005E+00
     169   1.0112428209E+00
     170   1.0115541868E+00
     171   1.0115776719E+00
     172   1.0113652945E+00
     173   1.0110216288E+00
     174   1.0106536960E+00
     175   1.0103029452E+00
     176   1.0099320743E+00
     177   1.0094813485E+00
     178   1.0089400064E+00
     179   1.0083667583E+00
     180   1.0078501846E+00
     181   1.0074601532E+00
     182   1.0072440502E+00
     183   1.0072633802E+00
     184   1.0076193117E+00
     185   1.0084255253E+00
     186   1.0097441929E+00
     187   1.0115448467E+00
     188   1.0137428792E+00
     189   1.0160989784E+00
     190   1.0185320766E+00
     191   1.0208960954E+00
     192   1.0229972016E+00
     193   1.0246059734E+00
     194   1.0255098498E+00
     195   1.0255977099E+00
     196   1.0249036665E+00
     197   1.0235805007E+00
     198   1.0218356474E+00
     199   1.0199064592E+00
     200   1.0179600494E+00
     201   1.0161235036E+00
     202   1.0146683781E+00
     203   1.0135935940E+00
     204   1.0128523534E+00
     205   1.0123260901E+00
     206   1.0118865860E+00
     207   1.0114568838E+00
     208   1.0110387201E+00
     209   1.0107060283E+00
     210   1.0105847815E+00
     211   1.0108324938E+00
     212   1.0116113907E+00
     213   1.0130460535E+00
     214   1.0151724603E+00
     215   1.0179021790E+00
     216   1.0210406056E+00
     217   1.0243699198E+00
     218   1.0272668887E+00
     219   1.0296152106E+00
     220   1.0310984840E+00
     221   1.0314931658E+00
     222   1.0307251240E+00
     223   1.0288802774E+00
     224   1.0261976710E+00
     225   1.0230566765E+00
     226   1.0197947457E+00
     227   1.0167478582E+00
     228   1.0143884669E+00
     229   1.0128569998E+00
     230   1.0122400797E+00
     231   1.0124864993E+00
     232   1.0134229242E+00
     233   1.0147945479E+00
     234   1.0163104445E+00
     235   1.0176783883E+00
     236   1.0186319309E+00
     237   1.0189625601E+00
     238   1.0185584337E+00
     239   1.0174301658E+00
     240   1.0156993552E+00
     241   1.0135650048E+00
     242   1.0111828883E+00
     243   1.0087516898E+00
     244   1.0064826360E+00
     245   1.0045306177E+00
     246   1.0030538009E+00
     247   1.0021446087E+00
     248   1.0018017762E+00
     249   1.0019517527E+00
     250   1.0025095580E+00
     251   1.0034340780E+00
     252   1.0047345545E+00
     253   1.0064281552E+00
     254   1.0084912722E+00
     255   1.0108458928E+00
     256   1.0133838304E+00
     257   1.0159957401E+00
     258   1.0185724513E+00
     259   1.0209855728E+00
     260   1.0230862140E+00
     261   1.0247434087E+00
     262   1.0258989881E+00
     263   1.0266261989E+00
     264   1.0270392136E+00
     265   1.0269605979E+00
     266   1.0267638435E+00
     267   1.0263901372E+00
     268   1.0258720790E+00
     269   1.0252600678E+00
     270   1.0245697945E+00
     271   1.0237477927E+00
     272   1.0226893594E+00
     273   1.0213518864E+00
     274   1.0195606607E+00
     275   1.0174054297E+00
     276   1.0149816943E+00
     277   1.0122457362E+00
     278   1.0092047989E+00
     279   1.0059238587E+00
     280   1.0025508714E+00
     281   9.9928020183E-01
     282   9.9628516297E-01
     283   9.9367936855E-01
     284   9.9153342157E-01
     285   9.8991574478E-01
     286   9.8890588186E-01
     287   9.8855590486E-01
     288   9.8883213623E-01
     289   9.8959368032E-01
     290   9.9062838519E-01
     291   9.9175276718E-01
     292   9.9284433291E-01
     293   9.9380845832E-01
     294   9.9461214576E-01
     295   9.9521436665E-01
     296   9.9560884435E-01
     297   9.9586940154E-01
     298   9.9615443216E-01
     299   9.9664769321E-01
     300   9.9747402053E-01
     301   9.9865352199E-01
     302   1.0001224803E+00
     303   1.0017884547E+00
     304   1.0035633723E+00
     305   1.0053485142E+00
     306   1.0070025082E+00
     307   1.0083454939E+00
     308   1.0092159074E+00
     309   1.0095406255E+00
     310   1.0093556528E+00
     311   1.0087186181E+00
     312   1.0077729213E+00
     313   1.0065994910E+00
     314   1.0053057865E+00
     315   1.0040517071E+00
     316   1.0030261050E+00
     317   1.0023778394E+00
     318   1.0021539688E+00
     319   1.0022979967E+00
     320   1.0027078357E+00
     321   1.0032999856E+00
     322   1.0040273087E+00
     323   1.0048463651E+00
     324   1.0056816956E+00
     325   1.0064330786E+00
     326   1.0070209070E+00
     327   1.0074194865E+00
     328   1.0076372490E+00
     329   1.0076560034E+00
     330   1.0073869635E+00
     331   1.0066888942E+00
     332   1.0054371172E+00
     333   1.0035874691E+00
     334   1.0011913143E+00
     335   9.9836763959E-01
     336   9.9527403217E-01
     337   9.9210255570E-01
     338   9.8908435269E-01
     339   9.8646666558E-01
     340   9.8445330237E-01
     341   9.8313980487E-01
     342   9.8248909803E-01
     343   9.8236701458E-01
     344   9.8259810309E-01
     345   9.8305325498E-01
     346   9.8375392567E-01
     347   9.8451008501E-01
     348   9.8531524920E-01
     349   9.8614076762E-01
     350   9.8699174022E-01
     351   9.8791089540E-01
     352   9.8894208479E-01
     353   9.9008243490E-01
     354   9.9126675914E-01
     355   9.9240184238E-01
     356   9.9342379879E-01
     357   9.9432943368E-01
     358   9.9515701542E-01
     359   9.9593934862E-01
     360   9.9667525443E-01
     361   9.9734240287E-01
     362   9.9793228499E-01
     363   9.9846749729E-01
     364   9.9898513653E-01
     365   9.9950914559E-01
     366   1.0000472626E+00
     367   1.0006189395E+00
     368   1.0012831896E+00
     369   1.0021297193E+00
     370   1.0032311703E+00
     371   1.0045957728E+00
     372   1.0061645965E+00
     373   1.0078573264E+00
     374   1.0096262668E+00
     375   1.0114706218E+00
     376   1.0134015969E+00
     377   1.0153958145E+00
     378   1.0173823751E+00
     379   1.0192694271E+00
     380   1.0209772268E+00
     381   1.0224719870E+00
     382   1.0236937875E+00
     383   1.0243447122E+00
     384   1.0245943201E+00
     385   1.0243792913E+00
     386   1.0237960295E+00
     387   1.0230112143E+00
     388   1.0221869089E+00
     389   1.0214350580E+00
     390   1.0208198287E+00
     391   1.0203804669E+00
     392   1.0201603729E+00
     393   1.0200989002E+00
     394   1.0199450296E+00
     395   1.0196580929E+00
     396   1.0189797065E+00
     397   1.0177932990E+00
     398   1.0161014467E+00
     399   1.0139925394E+00
     400   1.0115937192E+00
     401   1.0090539067E+00
     402   1.0065576916E+00
     403   1.0043291805E+00
     404   1.0025942426E+00
     405   1.0015117038E+00
     406   1.0011227175E+00
     407   1.0013559431E+00
     408   1.0020770138E+00
     409   1.0031350106E+00
     410   1.0043723437E+00
     411   1.0056048138E+00
     412   1.0066182741E+00
     413   1.0072143923E+00
     414   1.0072852696E+00
     415   1.0068592935E+00
     416   1.0060811225E+00
     417   1.0051413051E+00
     418   1.0042141554E+00
     419   1.0034437139E+00
     420   1.0029629201E+00
     421   1.0028987614E+00
     422   1.0033386579E+00
     423   1.0042791819E+00
     424   1.0056062940E+00
     425   1.0071359578E+00
     426   1.0086814282E+00
     427   1.0100514514E+00
     428   1.0111546222E+00
     429   1.0118723626E+00
     430   1.0120952009E+00
     431   1.0117613662E+00
     432   1.0109064463E+00
     433   1.0096699783E+00
     434   1.0082459764E+00
     435   1.0068145256E+00
     436   1.0055050912E+00
     437   1.0044047111E+00
     438   1.0035758828E+00
     439   1.0030449621E+00
     440   1.0027653888E+00
     441   1.0025968224E+00
     442   1.0023399429E+00
     443   1.0018210268E+00
     444   1.0009706731E+00
     445   9.9984294844E-01
     446   9.9857267787E-01
     447   9.9731542505E-01
     448   9.9621773008E-01
     449   9.9542358310E-01
     450   9.9507944114E-01
     451   9.9530441039E-01
     452   9.9613425554E-01
     453   9.9748159774E-01
     454   9.9914969822E-01
     455   1.0008979172E+00
     456   1.0025133509E+00
     457   1.0038441288E+00
     458   1.0047908597E+00
     459   1.0052895162E+00
     460   1.0053180940E+00
     461   1.0049233578E+00
     462   1.0042287011E+00
     463   1.0033977814E+00
     464   1.0025716878E+00
     465   1.0018245683E+00
     466   1.0011670429E+00
     467   1.0005857956E+00
     468   1.0000762976E+00
     469   9.9964245789E-01
     470   9.9927491790E-01
     471   9.9894259070E-01
     472   9.9861565721E-01
     473   9.9830414853E-01
     474   9.9807268381E-01
     475   9.9801219107E-01
     476   9.9818628012E-01
     477   9.9859123644E-01
     478   9.9915414998E-01
     479   9.9976296637E-01
     480   1.0002987688E+00
     481   1.0006515121E+00
     482   1.0007254614E+00
     483   1.0004523491E+00
     484   9.9981580385E-01
     485   9.9887064269E-01
     486   9.9773287854E-01
     487   9.9653950178E-01
     488   9.9540244427E-01
     489   9.9438481618E-01
     490   9.9350589469E-01
     491   9.9276001943E-01
     492   9.9212735753E-01
     493   9.9157287307E-01
     494   9.9104714830E-01
     495   9.9050308663E-01
     496   9.8992437108E-01
     497   9.8934830433E-01
     498   9.8886614488E-01
     499   9.8860274751E-01
     500   9.8868984310E-01
     501   9.8924488352E-01
     502   9.9043342064E-01
     503   9.9228375327E-01
     504   9.9482691503E-01
     505   9.9800026038E-01
     506   1.0016266276E+00
     507   1.0054285934E+00
     508   1.0090612307E+00
     509   1.0121817502E+00
     510   1.0144052632E+00
     511   1.0154273120E+00
     512   1.0151570055E+00
     513   1.0135866413E+00
     514   1.0108907250E+00
     515   1.0073655064E+00
     516   1.0033590262E+00
     517   9.9920377475E-01
     518   9.9517473611E-01
     519   9.9147217594E-01
     520   9.8821633704E-01
     521   9.8544768473E-01
     522   9.8314056683E-01
     523   9.8120998190E-01
     524   9.7962456345E-01
     525   9.7855927126E-01
     526   9.7793080044E-01
     527   9.7790802291E-01
     528   9.7858004638E-01
     529   9.7996483478E-01
     530   9.8200839266E-01
     531   9.8460233602E-01
     532   9.8759934748E-01
     533   9.9081499057E-01
     534   9.9402720478E-01
     535   9.9699484384E-01
     536   9.9950134525E-01
     537   1.0014018092E+00
     538   1.0026408878E+00
     539   1.0032320345E+00
     540   1.0032219712E+00
     541   1.0026738373E+00
     542   1.0016787926E+00
     543   1.0003730173E+00
     544   9.9892979684E-01
     545   9.9752389798E-01
     546   9.9629535314E-01
     547   9.9534087456E-01
     548   9.9473306122E-01
     549   9.9453935261E-01
     550   9.9481228506E-01
     551   9.9555298239E-01
     552   9.9667910220E-01
     553   9.9802780542E-01
     554   9.9939458207E-01
     555   1.0005784270E+00
     556   1.0014022920E+00
     557   1.0017096610E+00
     558   1.0013674945E+00
     559   1.0002995124E+00
     560   9.9853655267E-01
     561   9.9624154332E-01
     562   9.9367870438E-01
     563   9.9114186899E-01
     564   9.8888860356E-01
     565   9.8710657674E-01
     566   9.8592667792E-01
     567   9.8554881916E-01
     568   9.8593246508E-01
     569   9.8704974184E-01
     570   9.8873446656E-01
     571   9.9070184808E-01
     572   9.9260425808E-01
     573   9.9409569433E-01
     574   9.9487887110E-01
     575   9.9472970608E-01
     576   9.9351936190E-01
     577   9.9124954460E-01
     578   9.8808780786E-01
     579   9.8436845214E-01
     580   9.8053779484E-01
     581   9.7706064832E-01
     582   9.7433029318E-01
     583   9.7260499485E-01
     584   9.7190028071E-01
     585   9.7257039315E-01
     586   9.7416610033E-01
     587   9.7638983501E-01
     588   9.7890474338E-01
     589   9.8129140687E-01
     590   9.8318743642E-01
     591   9.8436812969E-01
     592   9.8477896786E-01
     593   9.8451036185E-01
     594   9.8373932674E-01
     595   9.8267472987E-01
     596   9.8149473067E-01
     597   9.8041072784E-01
     598   9.7969886332E-01
     599   9.7930695157E-01
     600   9.7931652427E-01
     601   9.7968876702E-01
     602   9.8033714418E-01
     603   9.8116173994E-01
     604   9.8206974747E-01
     605   9.8297680568E-01
     606   9.8379799508E-01
     607   9.8444434025E-01
     608   9.8483431335E-01
     609   9.8491369568E-01
     610   9.8466471358E-01
     611   9.8407977253E-01
     612   9.8333534039E-01
     613   9.8241534313E-01
     614   9.8142013994E-01
     615   9.8046238511E-01
     616   9.7964734922E-01
     617   9.7907373515E-01
     618   9.7881979383E-01
     619   9.7893369521E-01
     620   9.7943304267E-01
     621   9.8031237699E-01
     622   9.8155312110E-01
     623   9.8312699805E-01
     624   9.8497208235E-01
     625   9.8703352061E-01
     626   9.8919600996E-01
     627   9.9121881536E-01
     628   9.9296104037E-01
     629   9.9429408328E-01
     630   9.9517128905E-01
     631   9.9563471895E-01
     632   9.9579132389E-01
     633   9.9577830969E-01
     634   9.9573822051E-01
     635   9.9580592620E-01
     636   9.9609270230E-01
     637   9.9665663018E-01
     638   9.9746698532E-01
     639   9.9838800138E-01
     640   9.9920434751E-01
     641   9.9968317479E-01
     642   9.9964042669E-01
     643   9.9898010890E-01
     644   9.9769990683E-01
     645   9.9588303083E-01
     646   9.9369742510E-01
     647   9.9139639255E-01
     648   9.8929371408E-01
     649   9.8769978639E-01
     650   9.8683842282E-01
     651   9.8678744470E-01
     652   9.8747639064E-01
     653   9.8873604495E-01
     654   9.9036101603E-01
     655   9.9214804432E-01
     656   9.9390359395E-01
     657   9.9544662104E-01
     658   9.9663412438E-01
     659   9.9740257235E-01
     660   9.9778626093E-01
     661   9.9788380624E-01
     662   9.9778917463E-01
     663   9.9753946838E-01
     664   9.9712142174E-01
     665   9.9652571958E-01
     666   9.9579478825E-01
     667   9.9502028786E-01
     668   9.9429734441E-01
     669   9.9368224609E-01
     670   9.9320235186E-01
     671   9.9292203343E-01
     672   9.9291355890E-01
     673   9.9330073792E-01
     674   9.9416611809E-01
     675   9.9550242048E-01
     676   9.9721377800E-01
     677   9.9916141454E-01
     678   1.0012058713E+00
     679   1.0032075797E+00
     680   1.0049972981E+00
     681   1.0063675014E+00
     682   1.0071221394E+00
     683   1.0071623623E+00
     684   1.0065423457E+00
     685   1.0054424088E+00
     686   1.0040810402E+00
     687   1.0026718340E+00
     688   1.0013591349E+00
     689   1.0002691524E+00
     690   9.9951695186E-01
     691   9.9917381054E-01
     692   9.9921548366E-01
     693   9.9950394986E-01
     694   9.9983165375E-01
     695   9.9999983159E-01
     696   9.9987186415E-01
     697   9.9937036356E-01
     698   9.9844395240E-01
     699   9.9705659700E-01
     700   9.9521532951E-01
     701   9.9303930115E-01
     702   9.9073881118E-01
     703   9.8855845597E-01
     704   9.8670516508E-01
     705   9.8529549578E-01
     706   9.8437070801E-01
     707   9.8393843362E-01
     708   9.8399284017E-01
     709   9.8449422547E-01
     710   9.8533465445E-01
     711   9.8633412330E-01
     712   9.8728425446E-01
     713   9.8801094388E-01
     714   9.8840736547E-01
     715   9.8841648470E-01
     716   9.8799022077E-01
     717   9.8707263304E-01
     718   9.8561905398E-01
     719   9.8361441833E-01
     720   9.8129365609E-01
     721   9.7871707114E-01
     722   9.7605429091E-01
     723   9.7344224940E-01
     724   9.7098794797E-01
     725   9.6879914091E-01
     726   9.6698830184E-01
     727   9.6564844197E-01
     728   9.6464238404E-01
     729   9.6436789828E-01
     730   9.6466059056E-01
     731   9.6521903996E-01
     732   9.6615858385E-01
     733   9.6746876642E-01
     734   9.6912945328E-01
     735   9.7109488832E-01
     736   9.7321864043E-01
     737   9.7572258460E-01
     738   9.7838855918E-01
     739   9.8114836083E-01
     740   9.8402282651E-01
     741   9.8692256114E-01
     742   9.8972360810E-01
     743   9.9229721778E-01
     744   9.9453557039E-01
     745   9.9635647591E-01
     746   9.9769539970E-01
     747   9.9850530869E-01
     748   9.9877186637E-01
     749   9.9852741781E-01
     750   9.9784369426E-01
     751   9.9680054574E-01
     752   9.9545400049E-01
     753   9.9383055787E-01
     754   9.9195285125E-01
     755   9.8987419581E-01
     756   9.8769553796E-01
     757   9.8555401202E-01
     758   9.8359487266E-01
     759   9.8194540630E-01
     760   9.8066965597E-01
     761   9.7982844221E-01
     762   9.7954391603E-01
     763   9.7956189590E-01
     764   9.7980649708E-01
     765   9.8013148442E-01
     766   9.8042373536E-01
     767   9.8065209991E-01
     768   9.8088223857E-01
     769   9.8125475362E-01
     770   9.8193937992E-01
     771   9.8308550973E-01
     772   9.8478116193E-01
     773   9.8702278685E-01
     774   9.8968956380E-01
     775   9.9259277510E-01
     776   9.9538289017E-01
     777   9.9773234867E-01
     778   9.9936035193E-01
     779   1.0000822118E+00
     780   9.9985211403E-01
     781   9.9876670097E-01
     782   9.9704680594E-01
     783   9.9500618068E-01
     784   9.9300678979E-01
     785   9.9140068532E-01
     786   9.9046717099E-01
     787   9.9036519181E-01
     788   9.9111722577E-01
     789   9.9262788978E-01
     790   9.9472292774E-01
     791   9.9719007465E-01
     792   9.9980960544E-01
     793   1.0023766114E+00
     794   1.0047213150E+00
     795   1.0067270754E+00
     796   1.0083348716E+00
     797   1.0095265948E+00
     798   1.0102932213E+00
     799   1.0106098367E+00
     800   1.0104359974E+00
     801   1.0097411339E+00
     802   1.0085366482E+00
     803   1.0068863246E+00
     804   1.0048924244E+00
     805   1.0027311676E+00
     806   1.0005622334E+00
     807   9.9856018508E-01
     808   9.9688667941E-01
     809   9.9566053451E-01
     810   9.9492927139E-01
     811   9.9468543987E-01
     812   9.9485070427E-01
     813   9.9535211677E-01
     814   9.9615034469E-01
     815   9.9724746096E-01
     816   9.9867101345E-01
     817   1.0004440060E+00
     818   1.0025578192E+00
     819   1.0049544908E+00
     820   1.0075162582E+00
     821   1.0100836376E+00
     822   1.0123949101E+00
     823   1.0141961841E+00
     824   1.0153285917E+00
     825   1.0156972293E+00
     826   1.0153519337E+00
     827   1.0144603039E+00
     828   1.0132617280E+00
     829   1.0120150230E+00
     830   1.0109557360E+00
     831   1.0102639114E+00
     832   1.0100377860E+00
     833   1.0102752452E+00
     834   1.0108711078E+00
     835   1.0116372787E+00
     836   1.0123414284E+00
     837   1.0127493370E+00
     838   1.0126595526E+00
     839   1.0119295833E+00
     840   1.0105026142E+00
     841   1.0084196759E+00
     842   1.0058263507E+00
     843   1.0030261177E+00
     844   1.0003224232E+00
     845   9.9802617978E-01
     846   9.9638723318E-01
     847   9.9555816943E-01
     848   9.9558010848E-01
     849   9.9639463532E-01
     850   9.9782961476E-01
     851   9.9963675495E-01
     852   1.0015305249E+00
     853   1.0032326377E+00
     854   1.0045288345E+00
     855   1.0052911427E+00
     856   1.0055234047E+00
     857   1.0053185928E+00
     858   1.0048397791E+00
     859   1.0042877418E+00
     860   1.0038645160E+00
     861   1.0037312075E+00
     862   1.0039669059E+00
     863   1.0045423575E+00
     864   1.0053215138E+00
     865   1.0060916156E+00
     866   1.0066101259E+00
     867   1.0066512991E+00
     868   1.0060449368E+00
     869   1.0047071070E+00
     870   1.0026635036E+00
     871   1.0000579677E+00
     872   9.9713542878E-01
     873   9.9419493452E-01
     874   9.9152626742E-01
     875   9.8935198345E-01
     876   9.8779293762E-01
     877   9.8686109428E-01
     878   9.8647333457E-01
     879   9.8646331145E-01
     880   9.8666010887E-01
     881   9.8693524519E-01
     882   9.8710528431E-01
     883   9.8718322961E-01
     884   9.8724937558E-01
     885   9.8744274862E-01
     886   9.8790939694E-01
     887   9.8875612350E-01
     888   9.9002633421E-01
     889   9.9169538307E-01
     890   9.9367338397E-01
     891   9.9580878887E-01
     892   9.9789970650E-01
     893   9.9972492040E-01
     894   1.0010941551E+00
     895   1.0018965545E+00
     896   1.0021202031E+00
     897   1.0018335656E+00
     898   1.0011462682E+00
     899   1.0001776664E+00
     900   9.9904677774E-01
     901   9.9787254890E-01
     902   9.9676613293E-01
     903   9.9581210171E-01
     904   9.9505382506E-01
     905   9.9449965081E-01
     906   9.9414744681E-01
     907   9.9400572357E-01
     908   9.9409048701E-01
     909   9.9440089816E-01
     910   9.9489699676E-01
     911   9.9550156017E-01
     912   9.9612435804E-01
     913   9.9668545770E-01
     914   9.9711670803E-01
     915   9.9734892625E-01
     916   9.9731143858E-01
     917   9.9696201547E-01
     918   9.9633156409E-01
     919   9.9554424102E-01
     920   9.9478628706E-01
     921   9.9424013320E-01
     922   9.9402778022E-01
     923   9.9419798246E-01
     924   9.9475224709E-01
     925   9.9567342802E-01
     926   9.9692517200E-01
     927   9.9842792436E-01
     928   1.0000454894E+00
     929   1.0016097911E+00
     930   1.0029744524E+00
     931   1.0040555066E+00
     932   1.0048265426E+00
     933   1.0052803422E+00
     934   1.0053989938E+00
     935   1.0051629271E+00
     936   1.0045865688E+00
     937   1.0037392302E+00
     938   1.0027255769E+00
     939   1.0016446010E+00
     940   1.0005661124E+00
     941   9.9954369189E-01
     942   9.9864254724E-01
     943   9.9794328524E-01
     944   9.9750716170E-01
     945   9.9733225317E-01
     946   9.9734221606E-01
     947   9.9742267208E-01
     948   9.9747716986E-01
     949   9.9745813621E-01
     950   9.9735430262E-01
     951   9.9716163202E-01
     952   9.9687574665E-01
     953   9.9651623712E-01
     954   9.9615293363E-01
     955   9.9589520587E-01
     956   9.9583811277E-01
     957   9.9600386166E-01
     958   9.9632802183E-01
     959   9.9669608831E-01
     960   9.9698791947E-01
     961   9.9712710820E-01
     962   9.9706136845E-01
     963   9.9674570938E-01
     964   9.9614750796E-01
     965   9.9527907747E-01
     966   9.9422624722E-01
     967   9.9313918078E-01
     968   9.9218742680E-01
     969   9.9151698258E-01
     970   9.9124195707E-01
     971   9.9146709202E-01
     972   9.9230590938E-01
     973   9.9386236692E-01
     974   9.9618086117E-01
     975   9.9920273065E-01
     976   1.0027648377E+00
     977   1.0066415728E+00
     978   1.0105966804E+00
     979   1.0144078925E+00
     980   1.0178611871E+00
     981   1.0207496118E+00
     982   1.0229742619E+00
     983   1.0241885875E+00
     984   1.0245232758E+00
     985   1.0240942351E+00
     986   1.0229783714E+00
     987   1.0212887874E+00
     988   1.0191389007E+00
     989   1.0166622331E+00
     990   1.0140175620E+00
     991   1.0113652027E+00
     992   1.0088353965E+00
     993   1.0065175925E+00
     994   1.0044761909E+00
     995   1.0027703409E+00
     996   1.0014530586E+00
     997   1.0005488536E+00
     998   1.0000336640E+00
     999   9.9983859255E-01
    1000   9.9987545532E-01
    1001   1.0000624826E+00
    1002   1.0003310953E+00
    1003   1.0006168990E+00
    1004   1.0008552059E+00
    1005   1.0009935645E+00
    1006   1.0010129430E+00
    1007   1.0009371111E+00
    1008   1.0008197774E+00
    1009   1.0007206638E+00
    1010   1.0006912014E+00
    1011   1.0007759582E+00
    1012   1.0010175542E+00
    1013   1.0014493877E+00
    1014   1.0020759958E+00
    1015   1.0028585738E+00
    1016   1.0037230351E+00
    1017   1.0045869154E+00
    1018   1.0053851753E+00
    1019   1.0060824518E+00
    1020   1.0066344104E+00
    1021   1.0070342113E+00
    1022   1.0072847526E+00
    1023   1.0074174325E+00
    1024   1.0074963215E+00
    1025   1.0075950771E+00
    1026   1.0077754786E+00
    1027   1.0080882346E+00
    1028   1.0085954971E+00
    1029   1.0093876594E+00
    1030   1.0105675989E+00
    1031   1.0122057152E+00
    1032   1.0142980344E+00
    1033   1.0167594408E+00
    1034   1.0194524236E+00
    1035   1.0222201105E+00
    1036   1.0248945367E+00
    1037   1.0272956094E+00
    1038   1.0293402437E+00
    1039   1.0304413475E+00
    1040   1.0307396947E+00
    1041   1.0302179017E+00
    1042   1.0288667179E+00
    1043   1.0267687974E+00
    1044   1.0240450167E+00
    1045   1.0208841364E+00
    1046   1.0175664086E+00
    1047   1.0144378240E+00
    1048   1.0118401539E+00
    1049   1.0100305685E+00
    1050   1.0091162354E+00
    1051   1.0091747804E+00
    1052   1.0101376216E+00
    1053   1.0118589885E+00
    1054   1.0140821253E+00
    1055   1.0164488839E+00
    1056   1.0185727532E+00
    1057   1.0201475649E+00
    1058   1.0210247589E+00
    1059   1.0212130759E+00
    1060   1.0208195638E+00
    1061   1.0199932204E+00
    1062   1.0189098836E+00
    1063   1.0177770296E+00
    1064   1.0168375364E+00
    1065   1.0161792985E+00
    1066   1.0158035281E+00
    1067   1.0156356146E+00
    1068   1.0154149154E+00
    1069   1.0149296487E+00
    1070   1.0140308169E+00
    1071   1.0126217114E+00
    1072   1.0106319371E+00
    1073   1.0080300267E+00
    1074   1.0048761097E+00
    1075   1.0013594017E+00
    1076   9.9776728103E-01
    1077   9.9439511015E-01
    1078   9.9146180787E-01
    1079   9.8908773353E-01
    1080   9.8733302020E-01
    1081   9.8624431069E-01
    1082   9.8586130904E-01
    1083   9.8618342967E-01
    1084   9.8713978824E-01
    1085   9.8860155539E-01
    1086   9.9043172515E-01
    1087   9.9252660300E-01
    1088   9.9480727173E-01
    1089   9.9716959163E-01
    1090   9.9944617673E-01
    1091   1.0014259078E+00
    1092   1.0029306156E+00
    1093   1.0038684371E+00
    1094   1.0042428872E+00
    1095   1.0040998916E+00
    1096   1.0034879306E+00
    1097   1.0024671724E+00
    1098   1.0011509470E+00
    1099   9.9972170095E-01
    1100   9.9838539219E-01
    1101   9.9729169249E-01
    1102   9.9648298633E-01
    1103   9.9590994267E-01
    1104   9.9549176262E-01
    1105   9.9516340861E-01
    1106   9.9488224310E-01
    1107   9.9460810817E-01
    1108   9.9427029540E-01
    1109   9.9383670495E-01
    1110   9.9334185454E-01
    1111   9.9289558791E-01
    1112   9.9263055568E-01
    1113   9.9262930212E-01
    1114   9.9289019426E-01
    1115   9.9335594198E-01
    1116   9.9397380269E-01
    1117   9.9473197497E-01
    1118   9.9564440487E-01
    1119   9.9670759145E-01
    1120   9.9787702487E-01
    1121   9.9908420489E-01
    1122   1.0002709236E+00
    1123   1.0013990503E+00
    1124   1.0024226847E+00
    1125   1.0032539832E+00
    1126   1.0037676905E+00
    1127   1.0038530655E+00
    1128   1.0034751293E+00
    1129   1.0026951623E+00
    1130   1.0016374201E+00
    1131   1.0004372017E+00
    1132   9.9921553265E-01
    1133   9.9808927047E-01
    1134   9.9718696732E-01
    1135   9.9663676124E-01
    1136   9.9652733856E-01
    1137   9.9687501098E-01
    1138   9.9762866715E-01
    1139   9.9870778712E-01
    1140   1.0000387254E+00
    1141   1.0015563254E+00
    1142   1.0031735536E+00
    1143   1.0047519113E+00
    1144   1.0061047978E+00
    1145   1.0070317328E+00
    1146   1.0073547125E+00
    1147   1.0069317150E+00
    1148   1.0056555294E+00
    1149   1.0034662570E+00
    1150   1.0003931720E+00
    1151   9.9660321984E-01
    1152   9.9241535388E-01
    1153   9.8825878331E-01
    1154   9.8459615080E-01
    1155   9.8185184536E-01
    1156   9.8037124340E-01
    1157   9.8040276552E-01
    1158   9.8208005684E-01
    1159   9.8539204462E-01
    1160   9.9015432595E-01
    1161   9.9600786757E-01
    1162   1.0024644400E+00
    1163   1.0089891675E+00
    1164   1.0150875337E+00
    1165   1.0203641199E+00
    1166   1.0245472017E+00
    1167   1.0274942982E+00
    1168   1.0291913902E+00
    1169   1.0297631249E+00
    1170   1.0294405682E+00
    1171   1.0280271246E+00
    1172   1.0260213147E+00
    1173   1.0233910408E+00
    1174   1.0201453993E+00
    1175   1.0163544182E+00
    1176   1.0121467676E+00
    1177   1.0076976956E+00
    1178   1.0032050698E+00
    1179   9.9887693010E-01
    1180   9.9493126641E-01
    1181   9.9159054102E-01
    1182   9.8905688672E-01
    1183   9.8747479746E-01
    1184   9.8690507091E-01
    1185   9.8732597422E-01
    1186   9.8865660181E-01
    1187   9.9078140730E-01
    1188   9.9355607779E-01
    1189   9.9679531895E-01
    1190   1.0002653982E+00
    1191   1.0037031294E+00
    1192   1.0068608007E+00
    1193   1.0095513296E+00
    1194   1.0116642879E+00
    1195   1.0131468342E+00
    1196   1.0139731695E+00
    1197   1.0141300938E+00
    1198   1.0136250356E+00
    1199   1.0124994179E+00
    1200   1.0108270676E+00
    1201   1.0086974293E+00
    1202   1.0062045310E+00
    1203   1.0034583524E+00
    1204   1.0006102877E+00
    1205   9.9786649963E-01
    1206   9.9546733758E-01
    1207   9.9363779912E-01
    1208   9.9253783411E-01
    1209   9.9223877714E-01
    1210   9.9272861768E-01
    1211   9.9392949041E-01
    1212   9.9570729652E-01
    1213   9.9787153650E-01
    1214   1.0001836936E+00
    1215   1.0023923679E+00
    1216   1.0042905555E+00
    1217   1.0057677706E+00
    1218   1.0068261609E+00
    1219   1.0075546056E+00
    1220   1.0080845216E+00
    1221   1.0085572268E+00
    1222   1.0091108756E+00
    1223   1.0098725770E+00
    1224   1.0109371501E+00
    1225   1.0123344925E+00
    1226   1.0140300080E+00
    1227   1.0158849477E+00
    1228   1.0176655775E+00
    1229   1.0193083640E+00
    1230   1.0206525472E+00
    1231   1.0215730514E+00
    1232   1.0219417790E+00
    1233   1.0216438333E+00
    1234   1.0206165912E+00
    1235   1.0188794178E+00
    1236   1.0165275135E+00
    1237   1.0136956688E+00
    1238   1.0105237453E+00
    1239   1.0071491187E+00
    1240   1.0037181083E+00
    1241   1.0003897307E+00
    1242   9.9731526413E-01
    1243   9.9460551718E-01
    1244   9.9231427130E-01
    1245   9.9045373239E-01
    1246   9.8902627665E-01
    1247   9.8804354787E-01
    1248   9.8751646846E-01
    1249   9.8742753288E-01
    1250   9.8771400392E-01
    1251   9.8828166213E-01
    1252   9.8903899849E-01
    1253   9.8992539335E-01
    1254   9.9091338533E-01
    1255   9.9199109095E-01
    1256   9.9314944735E-01
    1257   9.9439203172E-01
    1258   9.9575599356E-01
    1259   9.9731631378E-01
    1260   9.9915640848E-01
    1261   1.0013191620E+00
    1262   1.0037726413E+00
    1263   1.0064156645E+00
    1264   1.0091130541E+00
    1265   1.0117284692E+00
    1266   1.0141318322E+00
    1267   1.0161908053E+00
    1268   1.0177754398E+00
    1269   1.0187921702E+00
    1270   1.0192252906E+00
    1271   1.0191484705E+00
    1272   1.0186919994E+00
    1273   1.0180310297E+00
    1274   1.0171663514E+00
    1275   1.0162317138E+00
    1276   1.0153485910E+00
    1277   1.0145507971E+00
    1278   1.0138667986E+00
    1279   1.0132630564E+00
    1280   1.0126565018E+00
    1281   1.0119631705E+00
    1282   1.0111464594E+00
    1283   1.0102285896E+00
    1284   1.0092643901E+00
    1285   1.0083095348E+00
    1286   1.0074143681E+00
    1287   1.0066401494E+00
    1288   1.0060655640E+00
    1289   1.0057590773E+00
    1290   1.0057308383E+00
    1291   1.0059035553E+00
    1292   1.0061315223E+00
    1293   1.0062564226E+00
    1294   1.0061595169E+00
    1295   1.0057783145E+00
    1296   1.0050942078E+00
    1297   1.0041214845E+00
    1298   1.0029172004E+00
    1299   1.0015943414E+00
    1300   1.0003053557E+00
    1301   9.9918650446E-01
    1302   9.9829631614E-01
    1303   9.9759472717E-01
    1304   9.9698241453E-01
    1305   9.9637077590E-01
    1306   9.9573278319E-01
    1307   9.9510632586E-01
    1308   9.9456574476E-01
    1309   9.9419714019E-01
    1310   9.9409559235E-01
    1311   9.9436537660E-01
    1312   9.9509457437E-01
    1313   9.9630049154E-01
    1314   9.9788044515E-01
    1315   9.9961016464E-01
    1316   1.0012018408E+00
    1317   1.0023871515E+00
    1318   1.0029746885E+00
    1319   1.0028590902E+00
    1320   1.0020056598E+00
    1321   1.0004481163E+00
    1322   9.9830815436E-01
    1323   9.9580423504E-01
    1324   9.9321564938E-01
    1325   9.9080783116E-01
    1326   9.8876593761E-01
    1327   9.8718017054E-01
    1328   9.8608430091E-01
    1329   9.8550579552E-01
    1330   9.8548422440E-01
    1331   9.8604964944E-01
    1332   9.8719201453E-01
    1333   9.8885845088E-01
    1334   9.9098476815E-01
    1335   9.9352970628E-01
    1336   9.9647487937E-01
    1337   9.9978512138E-01
    1338   1.0033647449E+00
    1339   1.0070531056E+00
    1340   1.0106663395E+00
    1341   1.0140471488E+00
    1342   1.0170777329E+00
    1343   1.0196508869E+00
    1344   1.0216419976E+00
    1345   1.0229262964E+00
    1346   1.0234377766E+00
    1347   1.0232184316E+00
    1348   1.0224115316E+00
    1349   1.0212571716E+00
    1350   1.0197856978E+00
    1351   1.0182114887E+00
    1352   1.0167303394E+00
    1353   1.0154287597E+00
    1354   1.0144096330E+00
    1355   1.0137010366E+00
    1356   1.0132464287E+00
    1357   1.0129519338E+00
    1358   1.0127593348E+00
    1359   1.0126858587E+00
    1360   1.0128001127E+00
    1361   1.0131596148E+00
    1362   1.0137664183E+00
    1363   1.0145714331E+00
    1364   1.0155082077E+00
    1365   1.0165132231E+00
    1366   1.0175564361E+00
    1367   1.0183929307E+00
    1368   1.0189421774E+00
    1369   1.0191207011E+00
    1370   1.0188899183E+00
    1371   1.0183487293E+00
    1372   1.0176603161E+00
    1373   1.0169784064E+00
    1374   1.0164038744E+00
    1375   1.0159886637E+00
    1376   1.0157574752E+00
    1377   1.0157091039E+00
    1378   1.0157916933E+00
    1379   1.0158852895E+00
    1380   1.0158555591E+00
    1381   1.0154974489E+00
    1382   1.0147404240E+00
    1383   1.0136616499E+00
    1384   1.0122822574E+00
    1385   1.0106538980E+00
    1386   1.0088235686E+00
    1387   1.0068643767E+00
    1388   1.0049008180E+00
    1389   1.0030961139E+00
    1390   1.0016066023E+00
    1391   1.0005404894E+00
    1392   9.9995187788E-01
    1393   9.9986488564E-01
    1394   1.0002955762E+00
    1395   1.0012469521E+00
    1396   1.0026817806E+00
    1397   1.0045034011E+00
    1398   1.0065689257E+00
    1399   1.0087281330E+00
    1400   1.0108573281E+00
    1401   1.0128643398E+00
    1402   1.0146686933E+00
    1403   1.0161854867E+00
    1404   1.0173347611E+00
    1405   1.0180685303E+00
    1406   1.0183875223E+00
    1407   1.0183540234E+00
    1408   1.0179959778E+00
    1409   1.0172694066E+00
    1410   1.0163481302E+00
    1411   1.0152327032E+00
    1412   1.0139825119E+00
    1413   1.0126493566E+00
    1414   1.0112507634E+00
    1415   1.0097674894E+00
    1416   1.0081690438E+00
    1417   1.0064480476E+00
    1418   1.0046370242E+00
    1419   1.0027989756E+00
    1420   1.0010053845E+00
    1421   9.9932189152E-01
    1422   9.9780878477E-01
    1423   9.9652665585E-01
    1424   9.9553326503E-01
    1425   9.9487015520E-01
    1426   9.9455007393E-01
    1427   9.9455630681E-01
    1428   9.9485416752E-01
    1429   9.9540360790E-01
    1430   9.9616134453E-01
    1431   9.9707360400E-01
    1432   9.9806974480E-01
    1433   9.9906629679E-01
    1434   9.9998103502E-01
    1435   1.0007477891E+00
    1436   1.0013229720E+00
    1437   1.0016851511E+00
    1438   1.0018335077E+00
    1439   1.0017876846E+00
    1440   1.0015846398E+00
    1441   1.0012672124E+00
    1442   1.0008666144E+00
    1443   1.0003911735E+00
    1444   9.9983086772E-01
    1445   9.9917469900E-01
    1446   9.9842740375E-01
    1447   9.9761295468E-01
    1448   9.9676454608E-01
    1449   9.9591345896E-01
    1450   9.9508686752E-01
    1451   9.9431240603E-01
    1452   9.9361874446E-01
    1453   9.9302548536E-01
    1454   9.9252850438E-01
    1455   9.9209643204E-01
    1456   9.9168655987E-01
    1457   9.9127152346E-01
    1458   9.9085856152E-01
    1459   9.9048945214E-01
    1460   9.9021877922E-01
    1461   9.9011626349E-01
    1462   9.9028330632E-01
    1463   9.9074846377E-01
    1464   9.9159116299E-01
    1465   9.9284694975E-01
    1466   9.9449324566E-01
    1467   9.9644241537E-01
    1468   9.9856045753E-01
    1469   1.0006988223E+00
    1470   1.0027160565E+00
    1471   1.0044786017E+00
    1472   1.0058539426E+00
    1473   1.0067212331E+00
    1474   1.0070067562E+00
    1475   1.0067219283E+00
    1476   1.0059704455E+00
    1477   1.0049122892E+00
    1478   1.0037071578E+00
    1479   1.0024752780E+00
    1480   1.0012930614E+00
    1481   1.0002101147E+00
    1482   9.9925774987E-01
    1483   9.9843995910E-01
    1484   9.9772977149E-01
    1485   9.9708307600E-01
    1486   9.9648312174E-01
    1487   9.9597680214E-01
    1488   9.9567199867E-01
    1489   9.9568863743E-01
    1490   9.9609400929E-01
    1491   9.9686429555E-01
    1492   9.9789112008E-01
    1493   9.9901593027E-01
    1494   1.0000616729E+00
    1495   1.0008474037E+00
    1496   1.0012004704E+00
    1497   1.0009881910E+00
    1498   1.0001680955E+00
    1499   9.9882408500E-01
    1500   9.9715471565E-01
    1501   9.9541270228E-01
    1502   9.9383345738E-01
    1503   9.9259451952E-01
    1504   9.9181650119E-01
    1505   9.9157837282E-01
    1506   9.9191504274E-01
    1507   9.9279123940E-01
    1508   9.9407852266E-01
    1509   9.9556683297E-01
    1510   9.9701604435E-01
    1511   9.9821740398E-01
    1512   9.9902675058E-01
    1513   9.9935799038E-01
    1514   9.9916248971E-01
    1515   9.9842728991E-01
    1516   9.9719718863E-01
    1517   9.9559062034E-01
    1518   9.9377841736E-01
    1519   9.9192901521E-01
    1520   9.9015928432E-01
    1521   9.8852729935E-01
    1522   9.8706781445E-01
    1523   9.8583402416E-01
    1524   9.8490777310E-01
    1525   9.8437192774E-01
    1526   9.8427383449E-01
    1527   9.8461257324E-01
    1528   9.8533596041E-01
    1529   9.8645375939E-01
    1530   9.8792389262E-01
    1531   9.8961171737E-01
    1532   9.9141173228E-01
    1533   9.9313781055E-01
    1534   9.9459910330E-01
    1535   9.9565433933E-01
    1536   9.9623484163E-01
    1537   9.9632622040E-01
    1538   9.9593626940E-01
    1539   9.9508395462E-01
    1540   9.9381682750E-01
    1541   9.9222974524E-01
    1542   9.9045389824E-01
    1543   9.8861544597E-01
    1544   9.8679523883E-01
    1545   9.8502161992E-01
    1546   9.8329908977E-01
    1547   9.8164439869E-01
    1548   9.8009874035E-01
    1549   9.7871045404E-01
    1550   9.7748624909E-01
    1551   9.7639661027E-01
    1552   9.7569115648E-01
    1553   9.7515074860E-01
    1554   9.7488966855E-01
    1555   9.7497099692E-01
    1556   9.7541132353E-01
    1557   9.7617989902E-01
    1558   9.7721209522E-01
    1559   9.7843281494E-01
    1560   9.7976700285E-01
    1561   9.8112399619E-01
    1562   9.8236212710E-01
    1563   9.8348678813E-01
    1564   9.8425235931E-01
    1565   9.8462005923E-01
    1566   9.8460567029E-01
    1567   9.8425696192E-01
    1568   9.8363748450E-01
    1569   9.8280851558E-01
    1570   9.8183339365E-01
    1571   9.8079074441E-01
    1572   9.7977551074E-01
    1573   9.7888056799E-01
    1574   9.7817204629E-01
    1575   9.7766306773E-01
    1576   9.7729914572E-01
    1577   9.7730042497E-01
    1578   9.7741900825E-01
    1579   9.7766293493E-01
    1580   9.7799117903E-01
    1581   9.7832661238E-01
    1582   9.7859596816E-01
    1583   9.7875665814E-01
    1584   9.7880891651E-01
    1585   9.7878664738E-01
    1586   9.7873802274E-01
    1587   9.7866456774E-01
    1588   9.7869956832E-01
    1589   9.7895859401E-01
    1590   9.7935596780E-01
    1591   9.8000881770E-01
    1592   9.8093491702E-01
    1593   9.8210980845E-01
    1594   9.8347735622E-01
    1595   9.8496911856E-01
    1596   9.8651715988E-01
    1597   9.8805346170E-01
    1598   9.8950391434E-01
    1599   9.9079056678E-01
    1600   9.9184706768E-01
    1601   9.9263789272E-01
    1602   9.9316476016E-01
    1603   9.9345324655E-01
    1604   9.9352919125E-01
    1605   9.9340142927E-01
    1606   9.9305892124E-01
    1607   9.9247281280E-01
    1608   9.9165131536E-01
    1609   9.9056753535E-01
    1610   9.8922886340E-01
    1611   9.8767432407E-01
    1612   9.8598350248E-01
    1613   9.8428411164E-01
    1614   9.8273580742E-01
    1615   9.8149527846E-01
    1616   9.8067803627E-01
    1617   9.8033375825E-01
    1618   9.8044185953E-01
    1619   9.8092346219E-01
    1620   9.8165895249E-01
    1621   9.8250518195E-01
    1622   9.8331398232E-01
    1623   9.8392350157E-01
    1624   9.8431783241E-01
    1625   9.8446571437E-01
    1626   9.8436458639E-01
    1627   9.8415019668E-01
    1628   9.8395435803E-01
    1629   9.8391192872E-01
    1630   9.8414229092E-01
    1631   9.8473287566E-01
    1632   9.8571939602E-01
    1633   9.8706585643E-01
    1634   9.8865530946E-01
    1635   9.9030359701E-01
    1636   9.9179711292E-01
    1637   9.9294166464E-01
    1638   9.9360294460E-01
    1639   9.9372643903E-01
    1640   9.9333702989E-01
    1641   9.9252875355E-01
    1642   9.9145084303E-01
    1643   9.9028899092E-01
    1644   9.8923528657E-01
    1645   9.8843985774E-01
    1646   9.8808211721E-01
    1647   9.8815575583E-01
    1648   9.8864389701E-01
    1649   9.8949270614E-01
    1650   9.9061562571E-01
    1651   9.9190584877E-01
    1652   9.9323594765E-01
    1653   9.9446593785E-01
    1654   9.9546754045E-01
    1655   9.9615777934E-01
    1656   9.9652401019E-01
    1657   9.9662560968E-01
    1658   9.9657078362E-01
    1659   9.9648376806E-01
    1660   9.9647761722E-01
    1661   9.9663752204E-01
    1662   9.9700976002E-01
    1663   9.9759217613E-01
    1664   9.9832978590E-01
    1665   9.9912742468E-01
    1666   9.9988322860E-01
    1667   1.0005303113E+00
    1668   1.0010633558E+00
    1669   1.0015336715E+00
    1670   1.0020157480E+00
    1671   1.0025682476E+00
    1672   1.0032107381E+00
    1673   1.0039207227E+00
    1674   1.0046396910E+00
    1675   1.0052771487E+00
    1676   1.0057138961E+00
    1677   1.0058188973E+00
    1678   1.0054868530E+00
    1679   1.0046833936E+00
    1680   1.0034707807E+00
    1681   1.0019961211E+00
    1682   1.0004482525E+00
    1683   9.9901127589E-01
    1684   9.9783744794E-01
    1685   9.9704008840E-01
    1686   9.9668960238E-01
    1687   9.9680039596E-01
    1688   9.9731415920E-01
    1689   9.9810050223E-01
    1690   9.9898737158E-01
    1691   9.9981029781E-01
    1692   1.0004517729E+00
    1693   1.0008494181E+00
    1694   1.0009766981E+00
    1695   1.0008222415E+00
    1696   1.0003887410E+00
    1697   9.9970719959E-01
    1698   9.9884260851E-01
    1699   9.9787501828E-01
    1700   9.9686510012E-01
    1701   9.9583260972E-01
    1702   9.9476645154E-01
    1703   9.9365722153E-01
    1704   9.9252277542E-01
    1705   9.9140644701E-01
    1706   9.9035396072E-01
    1707   9.8939506091E-01
    1708   9.8854856658E-01
    1709   9.8784357511E-01
    1710   9.8733102163E-01
    1711   9.8706826620E-01
    1712   9.8708537410E-01
    1713   9.8736049847E-01
    1714   9.8782526338E-01
    1715   9.8839436002E-01
    1716   9.8898437374E-01
    1717   9.8953597624E-01
    1718   9.9000521990E-01
    1719   9.9025203175E-01
    1720   9.9020260654E-01
    1721   9.8980831555E-01
    1722   9.8909359516E-01
    1723   9.8815028143E-01
    1724   9.8709727971E-01
    1725   9.8603817262E-01
    1726   9.8504617780E-01
    1727   9.8417801002E-01
    1728   9.8349125216E-01
    1729   9.8304159152E-01
    1730   9.8286083591E-01
    1731   9.8293907320E-01
    1732   9.8323203784E-01
    1733   9.8369092023E-01
    1734   9.8427352490E-01
    1735   9.8497229136E-01
    1736   9.8582572705E-01
    1737   9.8664608793E-01
    1738   9.8734076338E-01
    1739   9.8778443652E-01
    1740   9.8790782230E-01
    1741   9.8773213584E-01
    1742   9.8736136332E-01
    1743   9.8695207879E-01
    1744   9.8668658757E-01
    1745   9.8675827768E-01
    1746   9.8735283771E-01
    1747   9.8860705381E-01
    1748   9.9055005540E-01
    1749   9.9305757132E-01
    1750   9.9585224735E-01
    1751   9.9856022999E-01
    1752   1.0007974844E+00
    1753   1.0022438768E+00
    1754   1.0026824066E+00
    1755   1.0020148821E+00
    1756   1.0002765064E+00
    1757   9.9765341948E-01
    1758   9.9447805820E-01
    1759   9.9117844149E-01
    1760   9.8819012154E-01
    1761   9.8587090768E-01
    1762   9.8445463946E-01
    1763   9.8403049756E-01
    1764   9.8464176661E-01
    1765   9.8625217845E-01
    1766   9.8858844056E-01
    1767   9.9143847654E-01
    1768   9.9450471099E-01
    1769   9.9750446903E-01
    1770   1.0002347658E+00
    1771   1.0025985473E+00
    1772   1.0045807500E+00
    1773   1.0062005797E+00
    1774   1.0074785652E+00
    1775   1.0084354341E+00
    1776   1.0091043232E+00
    1777   1.0095283199E+00
    1778   1.0097419760E+00
    1779   1.0096861888E+00
    1780   1.0093594046E+00
    1781   1.0087396440E+00
    1782   1.0078700952E+00
    1783   1.0068643765E+00
    1784   1.0058603474E+00
    1785   1.0049706431E+00
    1786   1.0042622200E+00
    1787   1.0037717590E+00
    1788   1.0035297747E+00
    1789   1.0035627544E+00
    1790   1.0038707392E+00
    1791   1.0044076816E+00
    1792   1.0050896360E+00
    1793   1.0058289419E+00
    1794   1.0065644971E+00
    1795   1.0072598546E+00
    1796   1.0078721703E+00
    1797   1.0083255815E+00
    1798   1.0085174099E+00
    1799   1.0083543805E+00
    1800   1.0077868161E+00
    1801   1.0068122116E+00
    1802   1.0054527451E+00
    1803   1.0037398744E+00
    1804   1.0017286497E+00
    1805   9.9953093232E-01
    1806   9.9733136656E-01
    1807   9.9536032041E-01
    1808   9.9383437228E-01
    1809   9.9290191749E-01
    1810   9.9262143625E-01
    1811   9.9296993514E-01
    1812   9.9385737639E-01
    1813   9.9512792367E-01
    1814   9.9655482535E-01
    1815   9.9785581144E-01
    1816   9.9874546716E-01
    1817   9.9900966094E-01
    1818   9.9856434001E-01
    1819   9.9746810747E-01
    1820   9.9589188995E-01
    1821   9.9407681215E-01
    1822   9.9230476320E-01
    1823   9.9087811757E-01
    1824   9.9008879499E-01
    1825   9.9016587571E-01
    1826   9.9121720259E-01
    1827   9.9319651862E-01
    1828   9.9591658861E-01
    1829   9.9909974807E-01
    1830   1.0024373395E+00
    1831   1.0056310587E+00
    1832   1.0084142417E+00
    1833   1.0105735354E+00
    1834   1.0119854223E+00
    1835   1.0126522128E+00
    1836   1.0127065304E+00
    1837   1.0123672449E+00
    1838   1.0118662789E+00
    1839   1.0113881288E+00
    1840   1.0110489657E+00
    1841   1.0109055874E+00
    1842   1.0109660971E+00
    1843   1.0111852382E+00
    1844   1.0114566951E+00
    1845   1.0116295072E+00
    1846   1.0115578654E+00
    1847   1.0111594211E+00
    1848   1.0104442680E+00
    1849   1.0095021914E+00
    1850   1.0084311548E+00
    1851   1.0073153275E+00
    1852   1.0062477883E+00
    1853   1.0052578530E+00
    1854   1.0043664234E+00
    1855   1.0035618880E+00
    1856   1.0027933308E+00
    1857   1.0019903780E+00
    1858   1.0011084844E+00
    1859   1.0001699281E+00
    1860   9.9926823951E-01
    1861   9.9853000634E-01
    1862   9.9806076576E-01
    1863   9.9791105252E-01
    1864   9.9807778091E-01
    1865   9.9852487091E-01
    1866   9.9919687822E-01
    1867   1.0000156768E+00
    1868   1.0008744557E+00
    1869   1.0016506195E+00
    1870   1.0022405697E+00
    1871   1.0025931560E+00
    1872   1.0027145017E+00
    1873   1.0026409264E+00
    1874   1.0024049587E+00
    1875   1.0020254867E+00
    1876   1.0015294922E+00
    1877   1.0009820025E+00
    1878   1.0004941510E+00
    1879   1.0002011563E+00
    1880   1.0002288553E+00
    1881   1.0006736883E+00
    1882   1.0016022683E+00
    1883   1.0030522221E+00
    1884   1.0050133637E+00
    1885   1.0073909373E+00
    1886   1.0099779286E+00
    1887   1.0124668293E+00
    1888   1.0145064453E+00
    1889   1.0157763849E+00
    1890   1.0160424698E+00
    1891   1.0151793345E+00
    1892   1.0131749191E+00
    1893   1.0101369545E+00
    1894   1.0062992973E+00
    1895   1.0020052393E+00
    1896   9.9765265894E-01
    1897   9.9361761000E-01
    1898   9.9019401963E-01
    1899   9.8757570193E-01
    1900   9.8587377302E-01
    1901   9.8513940718E-01
    1902   9.8536598151E-01
    1903   9.8647123391E-01
    1904   9.8828272514E-01
    1905   9.9055028391E-01
    1906   9.9298833634E-01
    1907   9.9532694324E-01
    1908   9.9734375342E-01
    1909   9.9887000599E-01
    1910   9.9978833173E-01
    1911   1.0000436377E+00
    1912   9.9966687313E-01
    1913   9.9878728134E-01
    1914   9.9760865489E-01
    1915   9.9635465348E-01
    1916   9.9521495248E-01
    1917   9.9432282487E-01
    1918   9.9376700801E-01
    1919   9.9361283162E-01
    1920   9.9390370256E-01
    1921   9.9463982558E-01
    1922   9.9575759798E-01
    1923   9.9713678609E-01
    1924   9.9863981420E-01
    1925   1.0001590991E+00
    1926   1.0016397146E+00
    1927   1.0030683330E+00
    1928   1.0044488041E+00
    1929   1.0057915304E+00
    1930   1.0071226503E+00
    1931   1.0084918740E+00
    1932   1.0099532095E+00
    1933   1.0115206396E+00
    1934   1.0131307726E+00
    1935   1.0146465542E+00
    1936   1.0159062618E+00
    1937   1.0167859058E+00
    1938   1.0172344702E+00
    1939   1.0172692327E+00
    1940   1.0169526649E+00
    1941   1.0163792000E+00
    1942   1.0156764997E+00
    1943   1.0149989750E+00
    1944   1.0144951110E+00
    1945   1.0142814786E+00
    1946   1.0142664021E+00
    1947   1.0144099120E+00
    1948   1.0145865916E+00
    1949   1.0146661030E+00
    1950   1.0145701366E+00
    1951   1.0142457088E+00
    1952   1.0136493782E+00
    1953   1.0127554687E+00
    1954   1.0115860704E+00
    1955   1.0102318382E+00
    1956   1.0088383268E+00
    1957   1.0075624203E+00
    1958   1.0065301388E+00
    1959   1.0058222764E+00
    1960   1.0054871478E+00
    1961   1.0055541987E+00
    1962   1.0060275726E+00
    1963   1.0068629010E+00
    1964   1.0079520796E+00
    1965   1.0091362899E+00
    1966   1.0102436140E+00
    1967   1.0111241558E+00
    1968   1.0116640037E+00
    1969   1.0117866033E+00
    1970   1.0113560486E+00
    1971   1.0104001520E+00
    1972   1.0089610832E+00
    1973   1.0071790179E+00
    1974   1.0052784074E+00
    1975   1.0035072491E+00
    1976   1.0020772876E+00
    1977   1.0011261453E+00
    1978   1.0007075067E+00
    1979   1.0007949627E+00
    1980   1.0012869238E+00
    1981   1.0020160033E+00
    1982   1.0027768041E+00
    1983   1.0033793040E+00
    1984   1.0037130071E+00
    1985   1.0037886554E+00
    1986   1.0037329396E+00
    1987   1.0037392517E+00
    1988   1.0040014971E+00
    1989   1.0046614348E+00
    1990   1.0057825087E+00
    1991   1.0073425992E+00
    1992   1.0092346461E+00
    1993   1.0112750104E+00
    1994   1.0132286930E+00
    1995   1.0148576607E+00
    1996   1.0159810857E+00
    1997   1.0165207779E+00
    1998   1.0165099086E+00
    1999   1.0160659320E+00
    2000   1.0153487811E+00
    2001   1.0145421503E+00
    2002   1.0138000456E+00
    2003   1.0132317790E+00
    2004   1.0130482873E+00
    2005   1.0133105950E+00
    2006   1.0140560155E+00
    2007   1.0152713633E+00
    2008   1.0169062070E+00
    2009   1.0188867491E+00
    2010   1.0211163960E+00
    2011   1.0234654224E+00
    2012   1.0257652250E+00
    2013   1.0278235036E+00
    2014   1.0295345164E+00
    2015   1.0307020552E+00
    2016   1.0310313471E+00
    2017   1.0309023208E+00
    2018   1.0302541532E+00
    2019   1.0291821082E+00
    2020   1.0278083564E+00
    2021   1.0262665394E+00
    2022   1.0246817158E+00
    2023   1.0232075622E+00
    2024   1.0216834156E+00
    2025   1.0202103502E+00
    2026   1.0187902936E+00
    2027   1.0173495487E+00
    2028   1.0158916438E+00
    2029   1.0144426436E+00
    2030   1.0130314541E+00
    2031   1.0116752875E+00
    2032   1.0103779119E+00
    2033   1.0091347089E+00
    2034   1.0079347709E+00
    2035   1.0067568517E+00
    2036   1.0055679551E+00
    2037   1.0043340320E+00
    2038   1.0030418774E+00
    2039   1.0017184022E+00
    2040   1.0004324508E+00
    2041   9.9927510566E-01
    2042   9.9833141192E-01
    2043   9.9766114281E-01
    2044   9.9729706852E-01
    2045   9.9725376775E-01
    2046   9.9753407913E-01
    2047   9.9812550566E-01
    2048   9.9899287238E-01
    2049   1.0000791767E+00
    2050   1.0013196125E+00
    2051   1.0026598771E+00
    2052   1.0040636886E+00
    2053   1.0055007922E+00
    2054   1.0069238985E+00
    2055   1.0082529200E+00
    2056   1.0093794485E+00
    2057   1.0101878349E+00
    2058   1.0105777628E+00
    2059   1.0104758312E+00
    2060   1.0098489068E+00
    2061   1.0086538802E+00
    2062   1.0069604277E+00
    2063   1.0048959547E+00
    2064   1.0026418380E+00
    2065   1.0004368232E+00
    2066   9.9852345295E-01
    2067   9.9710474599E-01
    2068   9.9631763389E-01
    2069   9.9622415326E-01
    2070   9.9681105771E-01
    2071   9.9798935995E-01
    2072   9.9959643414E-01
    2073   1.0014118381E+00
    2074   1.0031932121E+00
    2075   1.0047240518E+00
    2076   1.0058537277E+00
    2077   1.0065127423E+00
    2078   1.0067027429E+00
    2079   1.0064763910E+00
    2080   1.0059219473E+00
    2081   1.0051551690E+00
    2082   1.0043099005E+00
    2083   1.0035197673E+00
    2084   1.0028948752E+00
    2085   1.0025071880E+00
    2086   1.0023935844E+00
    2087   1.0025720382E+00
    2088   1.0030559703E+00
    2089   1.0038541836E+00
    2090   1.0049576063E+00
    2091   1.0063270085E+00
    2092   1.0078938788E+00
    2093   1.0095736602E+00
    2094   1.0112785538E+00
    2095   1.0129174898E+00
    2096   1.0143845265E+00
    2097   1.0155512353E+00
    2098   1.0162771699E+00
    2099   1.0164379085E+00
    2100   1.0159555590E+00
    2101   1.0148153884E+00
    2102   1.0130652399E+00
    2103   1.0108159799E+00
    2104   1.0081958910E+00
    2105   1.0054179639E+00
    2106   1.0027212221E+00
    2107   1.0003001303E+00
    2108   9.9831204059E-01
    2109   9.9683501772E-01
    2110   9.9586921447E-01
    2111   9.9536290385E-01
    2112   9.9524612127E-01
    2113   9.9546953944E-01
    2114   9.9597859941E-01
    2115   9.9674689476E-01
    2116   9.9776461585E-01
    2117   9.9904161457E-01
    2118   1.0006051224E+00
    2119   1.0024822249E+00
    2120   1.0046717513E+00
    2121   1.0071284468E+00
    2122   1.0097558090E+00
    2123   1.0123773340E+00
    2124   1.0148842165E+00
    2125   1.0171458166E+00
    2126   1.0190610190E+00
    2127   1.0205551012E+00
    2128   1.0215891655E+00
    2129   1.0221748767E+00
    2130   1.0223784721E+00
    2131   1.0223017158E+00
    2132   1.0220456591E+00
    2133   1.0216790571E+00
    2134   1.0212670761E+00
    2135   1.0207575390E+00
    2136   1.0200588750E+00
    2137   1.0193099339E+00
    2138   1.0184099300E+00
    2139   1.0173080344E+00
    2140   1.0159580555E+00
    2141   1.0143445782E+00
    2142   1.0124997609E+00
    2143   1.0104958011E+00
    2144   1.0084197995E+00
    2145   1.0063516541E+00
    2146   1.0043592832E+00
    2147   1.0025071426E+00
    2148   1.0008625881E+00
    2149   9.9948969428E-01
    2150   9.9843625778E-01
    2151   9.9772853835E-01
    2152   9.9738043202E-01
    2153   9.9740758891E-01
    2154   9.9782988480E-01
    2155   9.9865390755E-01
    2156   9.9984592966E-01
    2157   1.0013165140E+00
    2158   1.0029302953E+00
    2159   1.0045353232E+00
    2160   1.0059937701E+00
    2161   1.0071986076E+00
    2162   1.0080776818E+00
    2163   1.0085976543E+00
    2164   1.0087744807E+00
    2165   1.0086813169E+00
    2166   1.0084388757E+00
    2167   1.0081834466E+00
    2168   1.0080275571E+00
    2169   1.0080385870E+00
    2170   1.0082366244E+00
    2171   1.0085745703E+00
    2172   1.0090323392E+00
    2173   1.0095192014E+00
    2174   1.0099123632E+00
    2175   1.0100663622E+00
    2176   1.0098500806E+00
    2177   1.0091900043E+00
    2178   1.0080939582E+00
    2179   1.0066442916E+00
    2180   1.0049726608E+00
    2181   1.0032366198E+00
    2182   1.0016060164E+00
    2183   1.0002496986E+00
    2184   9.9931155812E-01
    2185   9.9887695174E-01
    2186   9.9894707100E-01
    2187   9.9943935731E-01
    2188   1.0002158494E+00
    2189   1.0011223028E+00
    2190   1.0020179895E+00
    2191   1.0027877666E+00
    2192   1.0033462589E+00
    2193   1.0036481082E+00
    2194   1.0037048572E+00
    2195   1.0035930032E+00
    2196   1.0034389422E+00
    2197   1.0033822197E+00
    2198   1.0035366176E+00
    2199   1.0039696417E+00
    2200   1.0047034475E+00
    2201   1.0057218350E+00
    2202   1.0069678024E+00
    2203   1.0083308029E+00
    2204   1.0096406332E+00
    2205   1.0106863105E+00
    2206   1.0112602408E+00
    2207   1.0112075691E+00
    2208   1.0104583686E+00
    2209   1.0090344654E+00
    2210   1.0070406721E+00
    2211   1.0046531952E+00
    2212   1.0021050542E+00
    2213   9.9965751982E-01
    2214   9.9755430619E-01
    2215   9.9597119732E-01
    2216   9.9498425377E-01
    2217   9.9457151693E-01
    2218   9.9464216684E-01
    2219   9.9507156060E-01
    2220   9.9572463525E-01
    2221   9.9646538479E-01
    2222   9.9716475212E-01
    2223   9.9771882278E-01
    2224   9.9807386475E-01
    2225   9.9824119206E-01
    2226   9.9828869268E-01
    2227   9.9831210626E-01
    2228   9.9840339672E-01
    2229   9.9863250552E-01
    2230   9.9904279792E-01
    2231   9.9964763256E-01
    2232   1.0004192223E+00
    2233   1.0012758436E+00
    2234   1.0020836664E+00
    2235   1.0026844545E+00
    2236   1.0029403175E+00
    2237   1.0027715845E+00
    2238   1.0021688247E+00
    2239   1.0011800933E+00
    2240   9.9989079726E-01
    2241   9.9841298540E-01
    2242   9.9688341719E-01
    2243   9.9545647035E-01
    2244   9.9428204335E-01
    2245   9.9347517397E-01
    2246   9.9309428315E-01
    2247   9.9314140780E-01
    2248   9.9358046158E-01
    2249   9.9435696577E-01
    2250   9.9540491440E-01
    2251   9.9664163713E-01
    2252   9.9796254237E-01
    2253   9.9924837222E-01
    2254   1.0003833892E+00
    2255   1.0012708639E+00
    2256   1.0018336772E+00
    2257   1.0020027852E+00
    2258   1.0017077014E+00
    2259   1.0008833031E+00
    2260   9.9949150835E-01
    2261   9.9754277354E-01
    2262   9.9510233491E-01
    2263   9.9228018139E-01
    2264   9.8921479925E-01
    2265   9.8606241666E-01
    2266   9.8299234476E-01
    2267   9.8018000547E-01
    2268   9.7779016366E-01
    2269   9.7595222365E-01
    2270   9.7464218514E-01
    2271   9.7412424405E-01
    2272   9.7425528723E-01
    2273   9.7486574377E-01
    2274   9.7593089480E-01
    2275   9.7735690167E-01
    2276   9.7904673962E-01
    2277   9.8090495497E-01
    2278   9.8284553171E-01
    2279   9.8479926746E-01
    2280   9.8671451814E-01
    2281   9.8854914142E-01
    2282   9.9025794949E-01
    2283   9.9178533078E-01
    2284   9.9306825881E-01
    2285   9.9405246201E-01
    2286   9.9471917013E-01
    2287   9.9505229706E-01
    2288   9.9508456837E-01
    2289   9.9485985537E-01
    2290   9.9442917248E-01
    2291   9.9384619999E-01
    2292   9.9316419024E-01
    2293   9.9243183020E-01
    2294   9.9168794652E-01
    2295   9.9095862261E-01
    2296   9.9026117359E-01
    2297   9.8961385115E-01
    2298   9.8904573507E-01
    2299   9.8859869973E-01
    2300   9.8831809571E-01
    2301   9.8823591541E-01
    2302   9.8835656744E-01
    2303   9.8865286948E-01
    2304   9.8907477533E-01
    2305   9.8956467688E-01
    2306   9.9007096555E-01
    2307   9.9055388824E-01
    2308   9.9098489364E-01
    2309   9.9134314540E-01
    2310   9.9161365430E-01
    2311   9.9178644445E-01
    2312   9.9185494053E-01
    2313   9.9181103072E-01
    2314   9.9164239536E-01
    2315   9.9138207232E-01
    2316   9.9102203706E-01
    2317   9.9061843616E-01
    2318   9.9024805964E-01
    2319   9.8999054023E-01
    2320   9.8990244739E-01
    2321   9.8999415400E-01
    2322   9.9022288653E-01
    2323   9.9050241331E-01
    2324   9.9072135731E-01
    2325   9.9076139214E-01
    2326   9.9051288202E-01
    2327   9.8989140131E-01
    2328   9.8885857233E-01
    2329   9.8744223762E-01
    2330   9.8574418980E-01
    2331   9.8392657265E-01
    2332   9.8217918944E-01
    2333   9.8068083726E-01
    2334   9.7955891432E-01
    2335   9.7884483089E-01
    2336   9.7877918022E-01
    2337   9.7914564931E-01
    2338   9.7989692974E-01
    2339   9.8093951963E-01
    2340   9.8214184091E-01
    2341   9.8337800154E-01
    2342   9.8455051152E-01
    2343   9.8559773734E-01
    2344   9.8648207533E-01
    2345   9.8716928490E-01
    2346   9.8761582072E-01
    2347   9.8777402433E-01
    2348   9.8760960634E-01
    2349   9.8711679762E-01
    2350   9.8631342165E-01
    2351   9.8521585156E-01
    2352   9.8398469989E-01
    2353   9.8260778272E-01
    2354   9.8119486334E-01
    2355   9.7987014548E-01
    2356   9.7875475043E-01
    2357   9.7794804932E-01
    2358   9.7750723926E-01
    2359   9.7744344640E-01
    2360   9.7773239849E-01
    2361   9.7832758419E-01
    2362   9.7916472696E-01
    2363   9.8011058620E-01
    2364   9.8117408402E-01
    2365   9.8220452708E-01
    2366   9.8303996610E-01
    2367   9.8368441095E-01
    2368   9.8414269662E-01
    2369   9.8444655063E-01
    2370   9.8462621343E-01
    2371   9.8469244943E-01
    2372   9.8463659828E-01
    2373   9.8444000665E-01
    2374   9.8408022432E-01
    2375   9.8352997301E-01
    2376   9.8275796560E-01
    2377   9.8174277867E-01
    2378   9.8045056109E-01
    2379   9.7902544965E-01
    2380   9.7766720968E-01
    2381   9.7641382511E-01
    2382   9.7548420038E-01
    2383   9.7500667834E-01
    2384   9.7506354897E-01
    2385   9.7569768501E-01
    2386   9.7691893827E-01
    2387   9.7869968046E-01
    2388   9.8096199803E-01
    2389   9.8356656909E-01
    2390   9.8631676258E-01
    2391   9.8907256038E-01
    2392   9.9153703798E-01
    2393   9.9354578155E-01
    2394   9.9494151643E-01
    2395   9.9559407368E-01
    2396   9.9543707173E-01
    2397   9.9450056379E-01
    2398   9.9292446380E-01
    2399   9.9093551320E-01
    2400   9.8879316001E-01
    2401   9.8673084316E-01
    2402   9.8491834045E-01
    2403   9.8345295032E-01
    2404   9.8236858105E-01
    2405   9.8164841884E-01
    2406   9.8123547139E-01
    2407   9.8104752080E-01
    2408   9.8100294403E-01
    2409   9.8105366299E-01
    2410   9.8116222779E-01
    2411   9.8150798660E-01
    2412   9.8216090887E-01
    2413   9.8314269451E-01
    2414   9.8454375767E-01
    2415   9.8635666815E-01
    2416   9.8851390326E-01
    2417   9.9088850012E-01
    2418   9.9329383353E-01
    2419   9.9549131083E-01
    2420   9.9721794321E-01
    2421   9.9823610149E-01
    2422   9.9838873596E-01
    2423   9.9763532200E-01
    2424   9.9605245309E-01
    2425   9.9380483988E-01
    2426   9.9110606689E-01
    2427   9.8818603417E-01
    2428   9.8526702603E-01
    2429   9.8254186340E-01
    2430   9.8015030647E-01
    2431   9.7816062141E-01
    2432   9.7648780735E-01
    2433   9.7522558956E-01
    2434   9.7431155899E-01
    2435   9.7353436009E-01
    2436   9.7293612410E-01
    2437   9.7251978040E-01
    2438   9.7230729191E-01
    2439   9.7233251362E-01
    2440   9.7263829535E-01
    2441   9.7324651559E-01
    2442   9.7414895703E-01
    2443   9.7562031542E-01
    2444   9.7727174984E-01
    2445   9.7905151457E-01
    2446   9.8080240189E-01
    2447   9.8234363470E-01
    2448   9.8352507483E-01
    2449   9.8424828834E-01
    2450   9.8447199045E-01
    2451   9.8421033863E-01
    2452   9.8353011897E-01
    2453   9.8254450343E-01
    2454   9.8139583765E-01
    2455   9.8016459907E-01
    2456   9.7910401622E-01
    2457   9.7824395740E-01
    2458   9.7753585337E-01
    2459   9.7702205712E-01
    2460   9.7670084327E-01
    2461   9.7657339216E-01
    2462   9.7663751320E-01
    2463   9.7687871872E-01
    2464   9.7726917732E-01
    2465   9.7777619119E-01
    2466   9.7833138905E-01
    2467   9.7897457228E-01
    2468   9.7976526271E-01
    2469   9.8051330360E-01
    2470   9.8126792352E-01
    2471   9.8202186291E-01
    2472   9.8279148165E-01
    2473   9.8361619457E-01
    2474   9.8453992688E-01
    2475   9.8558610521E-01
    2476   9.8674121324E-01
    2477   9.8795534328E-01
    2478   9.8915523747E-01
    2479   9.9025925616E-01
    2480   9.9118664631E-01
    2481   9.9186432181E-01
    2482   9.9223888221E-01
    2483   9.9229625881E-01
    2484   9.9207879591E-01
    2485   9.9167497692E-01
    2486   9.9124354301E-01
    2487   9.9090623043E-01
    2488   9.9074021092E-01
    2489   9.9078293714E-01
    2490   9.9100861221E-01
    2491   9.9134766344E-01
    2492   9.9170090287E-01
    2493   9.9195461582E-01
    2494   9.9200126337E-01
    2495   9.9176842568E-01
    2496   9.9124724187E-01
    2497   9.9050566318E-01
    2498   9.8967519027E-01
    2499   9.8891531976E-01
    2500   9.8837161198E-01
    2501   9.8814531390E-01
    2502   9.8828093231E-01
    2503   9.8876747065E-01
    2504   9.8954436790E-01
    2505   9.9050963438E-01
    2506   9.9153371573E-01
    2507   9.9248421175E-01
    2508   9.9325715160E-01
    2509   9.9380207535E-01
    2510   9.9412675187E-01
    2511   9.9427918275E-01
    2512   9.9431798940E-01
    2513   9.9428915496E-01
    2514   9.9421456579E-01
    2515   9.9411629281E-01
    2516   9.9400343676E-01
    2517   9.9387669122E-01
    2518   9.9374715980E-01
    2519   9.9361999084E-01
    2520   9.9350285117E-01
    2521   9.9341035403E-01
    2522   9.9336072304E-01
    2523   9.9336309099E-01
    2524   9.9340252507E-01
    2525   9.9343539464E-01
    2526   9.9340149864E-01
    2527   9.9324776181E-01
    2528   9.9294994180E-01
    2529   9.9252133087E-01
    2530   9.9200672136E-01
    2531   9.9146960017E-01
    2532   9.9098106141E-01
    2533   9.9061215949E-01
    2534   9.9042547863E-01
    2535   9.9046288838E-01
    2536   9.9073249759E-01
    2537   9.9120371597E-01
    2538   9.9181741232E-01
    2539   9.9250860892E-01
    2540   9.9323042475E-01
    2541   9.9396685925E-01
    2542   9.9472913378E-01
    2543   9.9554133250E-01
    2544   9.9642590751E-01
    2545   9.9739512831E-01
    2546   9.9844717808E-01
    2547   9.9956196544E-01
    2548   1.0006948355E+00
    2549   1.0017732571E+00
    2550   1.0027038473E+00
    2551   1.0033907451E+00
    2552   1.0037576332E+00
    2553   1.0037617212E+00
    2554   1.0033931712E+00
    2555   1.0026643202E+00
    2556   1.0015999870E+00
    2557   1.0002364045E+00
    2558   9.9862728620E-01
    2559   9.9684878241E-01
    2560   9.9499640680E-01
    2561   9.9317474905E-01
    2562   9.9148693583E-01
    2563   9.9002861922E-01
    2564   9.8888499760E-01
    2565   9.8810783774E-01
    2566   9.8776782376E-01
    2567   9.8787523538E-01
    2568   9.8832722673E-01
    2569   9.8905029204E-01
    2570   9.8994019877E-01
    2571   9.9091223851E-01
    2572   9.9192148485E-01
    2573   9.9296525003E-01
    2574   9.9407214223E-01
    2575   9.9528660142E-01
    2576   9.9665452809E-01
    2577   9.9820875797E-01
    2578   9.9995073985E-01
    2579   1.0018308152E+00
    2580   1.0037382530E+00
    2581   1.0055122756E+00
    2582   1.0069753681E+00
    2583   1.0079761805E+00
    2584   1.0084230593E+00
    2585   1.0082966998E+00
    2586   1.0076457708E+00
    2587   1.0065765745E+00
    2588   1.0052429758E+00
    2589   1.0038318909E+00
    2590   1.0025364843E+00
    2591   1.0015179101E+00
    2592   1.0008705206E+00
    2593   1.0006080318E+00
    2594   1.0006777773E+00
    2595   1.0009930242E+00
    2596   1.0014645002E+00
    2597   1.0020166957E+00
    2598   1.0025897259E+00
    2599   1.0031367710E+00
    2600   1.0036255057E+00
    2601   1.0040411470E+00
    2602   1.0043841302E+00
    2603   1.0046526533E+00
    2604   1.0048201085E+00
    2605   1.0048553257E+00
    2606   1.0047087126E+00
    2607   1.0043513813E+00
    2608   1.0037891589E+00
    2609   1.0030587294E+00
    2610   1.0022096468E+00
    2611   1.0012881619E+00
    2612   1.0003352169E+00
    2613   9.9939556576E-01
    2614   9.9852486957E-01
    2615   9.9778426398E-01
    2616   9.9722601843E-01
    2617   9.9688276783E-01
    2618   9.9676941072E-01
    2619   9.9689293301E-01
    2620   9.9725673180E-01
    2621   9.9785004440E-01
    2622   9.9862849246E-01
    2623   9.9950318260E-01
    2624   1.0003523460E+00
    2625   1.0010527903E+00
    2626   1.0015133368E+00
    2627   1.0016919933E+00
    2628   1.0015932111E+00
    2629   1.0012570746E+00
    2630   1.0007533304E+00
    2631   1.0001808891E+00
    2632   9.9966139184E-01
    2633   9.9931723589E-01
    2634   9.9923854654E-01
    2635   9.9945695630E-01
    2636   9.9994190621E-01
    2637   1.0006199636E+00
    2638   1.0014017695E+00
    2639   1.0021997818E+00
    2640   1.0029327676E+00
    2641   1.0035284991E+00
    2642   1.0039367605E+00
    2643   1.0041511674E+00
    2644   1.0042226909E+00
    2645   1.0042485578E+00
    2646   1.0043366237E+00
    2647   1.0045649328E+00
    2648   1.0049587601E+00
    2649   1.0054932048E+00
    2650   1.0061102115E+00
    2651   1.0067338922E+00
    2652   1.0072777216E+00
    2653   1.0076523922E+00
    2654   1.0077845986E+00
    2655   1.0076444232E+00
    2656   1.0072637078E+00
    2657   1.0067289838E+00
    2658   1.0061488195E+00
    2659   1.0056154882E+00
    2660   1.0051831873E+00
    2661   1.0048700143E+00
    2662   1.0046714503E+00
    2663   1.0045686892E+00
    2664   1.0045259370E+00
    2665   1.0044874214E+00
    2666   1.0043874519E+00
    2667   1.0041746601E+00
    2668   1.0038350808E+00
    2669   1.0033969815E+00
    2670   1.0029134068E+00
    2671   1.0024369997E+00
    2672   1.0020056769E+00
    2673   1.0016454957E+00
    2674   1.0013797883E+00
    2675   1.0012298568E+00
    2676   1.0012030544E+00
    2677   1.0012803404E+00
    2678   1.0014190422E+00
    2679   1.0015744254E+00
    2680   1.0017264517E+00
    2681   1.0018930811E+00
    2682   1.0021219929E+00
    2683   1.0024699245E+00
    2684   1.0029861181E+00
    2685   1.0037074283E+00
    2686   1.0046577995E+00
    2687   1.0058403742E+00
    2688   1.0072198036E+00
    2689   1.0087075614E+00
    2690   1.0101722239E+00
    2691   1.0114781581E+00
    2692   1.0124393927E+00
    2693   1.0130483078E+00
    2694   1.0133046937E+00
    2695   1.0132652603E+00
    2696   1.0130216182E+00
    2697   1.0126790409E+00
    2698   1.0123408843E+00
    2699   1.0120881372E+00
    2700   1.0119552318E+00
    2701   1.0119147392E+00
    2702   1.0118850038E+00
    2703   1.0117616290E+00
    2704   1.0114569100E+00
    2705   1.0109265485E+00
    2706   1.0101741890E+00
    2707   1.0092412533E+00
    2708   1.0081970735E+00
    2709   1.0071361389E+00
    2710   1.0061753641E+00
    2711   1.0054401548E+00
    2712   1.0050375972E+00
    2713   1.0050283391E+00
    2714   1.0054131036E+00
    2715   1.0061427635E+00
    2716   1.0071370312E+00
    2717   1.0082745133E+00
    2718   1.0094680120E+00
    2719   1.0106039196E+00
    2720   1.0115806962E+00
    2721   1.0123245178E+00
    2722   1.0128061047E+00
    2723   1.0130432967E+00
    2724   1.0130855610E+00
    2725   1.0129912156E+00
    2726   1.0128136048E+00
    2727   1.0126026655E+00
    2728   1.0124138526E+00
    2729   1.0123104173E+00
    2730   1.0123531529E+00
    2731   1.0125840138E+00
    2732   1.0130157009E+00
    2733   1.0136321969E+00
    2734   1.0143945482E+00
    2735   1.0152507028E+00
    2736   1.0161437255E+00
    2737   1.0168448221E+00
    2738   1.0173375968E+00
    2739   1.0174964880E+00
    2740   1.0172547377E+00
    2741   1.0166177214E+00
    2742   1.0156520040E+00
    2743   1.0144695015E+00
    2744   1.0132108126E+00
    2745   1.0120324387E+00
    2746   1.0110928387E+00
    2747   1.0105307961E+00
    2748   1.0104373490E+00
    2749   1.0108318435E+00
    2750   1.0116543086E+00
    2751   1.0127778008E+00
    2752   1.0140335455E+00
    2753   1.0152595246E+00
    2754   1.0162639549E+00
    2755   1.0168284240E+00
    2756   1.0169625133E+00
    2757   1.0166106724E+00
    2758   1.0158281604E+00
    2759   1.0147343916E+00
    2760   1.0134790021E+00
    2761   1.0122040467E+00
    2762   1.0110166709E+00
    2763   1.0099793257E+00
    2764   1.0091137185E+00
    2765   1.0084110286E+00
    2766   1.0078436796E+00
    2767   1.0073786956E+00
    2768   1.0069936154E+00
    2769   1.0066913171E+00
    2770   1.0065059225E+00
    2771   1.0064950235E+00
    2772   1.0067208720E+00
    2773   1.0072295605E+00
    2774   1.0080375584E+00
    2775   1.0091280672E+00
    2776   1.0104558806E+00
    2777   1.0119636566E+00
    2778   1.0134717804E+00
    2779   1.0148919937E+00
    2780   1.0160689232E+00
    2781   1.0168570248E+00
    2782   1.0171545359E+00
    2783   1.0169195980E+00
    2784   1.0161813571E+00
    2785   1.0150402159E+00
    2786   1.0136587566E+00
    2787   1.0122430213E+00
    2788   1.0110129945E+00
    2789   1.0101648455E+00
    2790   1.0098328825E+00
    2791   1.0100616094E+00
    2792   1.0107964336E+00
    2793   1.0118952947E+00
    2794   1.0131574109E+00
    2795   1.0143944027E+00
    2796   1.0153358205E+00
    2797   1.0158579832E+00
    2798   1.0159549175E+00
    2799   1.0156583476E+00
    2800   1.0151108880E+00
    2801   1.0145131488E+00
    2802   1.0140789180E+00
    2803   1.0139884363E+00
    2804   1.0143510973E+00
    2805   1.0151850196E+00
    2806   1.0164158493E+00
    2807   1.0178930314E+00
    2808   1.0194188830E+00
    2809   1.0207836022E+00
    2810   1.0218596148E+00
    2811   1.0223889243E+00
    2812   1.0222834827E+00
    2813   1.0216719701E+00
    2814   1.0205561030E+00
    2815   1.0190467590E+00
    2816   1.0172864207E+00
    2817   1.0154284648E+00
    2818   1.0136166908E+00
    2819   1.0119681877E+00
    2820   1.0105627072E+00
    2821   1.0094402830E+00
    2822   1.0086076150E+00
    2823   1.0080514485E+00
    2824   1.0077557767E+00
    2825   1.0077183760E+00
    2826   1.0079619468E+00
    2827   1.0085356699E+00
    2828   1.0095082915E+00
    2829   1.0109676582E+00
    2830   1.0129016844E+00
    2831   1.0153439172E+00
    2832   1.0182326362E+00
    2833   1.0214378490E+00
    2834   1.0247799169E+00
    2835   1.0280425837E+00
    2836   1.0309994293E+00
    2837   1.0334436459E+00
    2838   1.0352420491E+00
    2839   1.0364518725E+00
    2840   1.0364506597E+00
    2841   1.0357857703E+00
    2842   1.0344656349E+00
    2843   1.0325362914E+00
    2844   1.0301209772E+00
    2845   1.0273612627E+00
    2846   1.0244305078E+00
    2847   1.0214979940E+00
    2848   1.0185701883E+00
    2849   1.0160139126E+00
    2850   1.0138814465E+00
    2851   1.0122550000E+00
    2852   1.0111790977E+00
    2853   1.0106412763E+00
    2854   1.0105719780E+00
    2855   1.0108563818E+00
    2856   1.0113556429E+00
    2857   1.0119320788E+00
    2858   1.0124720978E+00
    2859   1.0129023803E+00
    2860   1.0131969764E+00
    2861   1.0133754368E+00
    2862   1.0134921590E+00
    2863   1.0136188861E+00
    2864   1.0138245269E+00
    2865   1.0141767024E+00
    2866   1.0146730198E+00
    2867   1.0152540836E+00
    2868   1.0159574280E+00
    2869   1.0167011806E+00
    2870   1.0174307220E+00
    2871   1.0181020527E+00
    2872   1.0186911112E+00
    2873   1.0192005593E+00
    2874   1.0196603146E+00
    2875   1.0201197294E+00
    2876   1.0206322667E+00
    2877   1.0212366275E+00
    2878   1.0219581155E+00
    2879   1.0228139547E+00
    2880   1.0235125250E+00
    2881   1.0241800184E+00
    2882   1.0246757904E+00
    2883   1.0249080580E+00
    2884   1.0248325458E+00
    2885   1.0244483554E+00
    2886   1.0237983228E+00
    2887   1.0229599196E+00
    2888   1.0220299864E+00
    2889   1.0211634563E+00
    2890   1.0203040400E+00
    2891   1.0195763694E+00
    2892   1.0190751606E+00
    2893   1.0187561122E+00
    2894   1.0185900317E+00
    2895   1.0185192424E+00
    2896   1.0184626905E+00
    2897   1.0183263430E+00
    2898   1.0180179547E+00
    2899   1.0174643746E+00
    2900   1.0166279099E+00
    2901   1.0155179711E+00
    2902   1.0141946561E+00
    2903   1.0127802540E+00
    2904   1.0113642581E+00
    2905   1.0101128961E+00
    2906   1.0091781125E+00
    2907   1.0086384588E+00
    2908   1.0085487297E+00
    2909   1.0089198071E+00
    2910   1.0097230250E+00
    2911   1.0108987360E+00
    2912   1.0123659638E+00
    2913   1.0140302328E+00
    2914   1.0157876377E+00
    2915   1.0175263559E+00
    2916   1.0191281213E+00
    2917   1.0204740379E+00
    2918   1.0214570535E+00
    2919   1.0219993720E+00
    2920   1.0221029826E+00
    2921   1.0217661535E+00
    2922   1.0209472157E+00
    2923   1.0199800441E+00
    2924   1.0189541889E+00
    2925   1.0180259186E+00
    2926   1.0173240578E+00
    2927   1.0169227960E+00
    2928   1.0168296018E+00
    2929   1.0169887943E+00
    2930   1.0172988443E+00
    2931   1.0176365829E+00
    2932   1.0178804928E+00
    2933   1.0179289595E+00
    2934   1.0177514962E+00
    2935   1.0171899947E+00
    2936   1.0163047851E+00
    2937   1.0151498458E+00
    2938   1.0137417209E+00
    2939   1.0121417979E+00
    2940   1.0104253081E+00
    2941   1.0086806119E+00
    2942   1.0070077886E+00
    2943   1.0055121582E+00
    2944   1.0042913916E+00
    2945   1.0034195156E+00
    2946   1.0029333866E+00
    2947   1.0028269965E+00
    2948   1.0030546565E+00
    2949   1.0035403867E+00
    2950   1.0041903511E+00
    2951   1.0049069285E+00
    2952   1.0056037853E+00
    2953   1.0062212996E+00
    2954   1.0067390482E+00
    2955   1.0071805473E+00
    2956   1.0076075702E+00
    2957   1.0081058474E+00
    2958   1.0087665104E+00
    2959   1.0096681909E+00
    2960   1.0108618337E+00
    2961   1.0123577121E+00
    2962   1.0141160529E+00
    2963   1.0160885948E+00
    2964   1.0180305474E+00
    2965   1.0198024631E+00
    2966   1.0212723877E+00
    2967   1.0222802004E+00
    2968   1.0227420752E+00
    2969   1.0226384936E+00
    2970   1.0220133118E+00
    2971   1.0209646112E+00
    2972   1.0196282375E+00
    2973   1.0181540288E+00
    2974   1.0166779885E+00
    2975   1.0153091190E+00
    2976   1.0140926880E+00
    2977   1.0129692562E+00
    2978   1.0119987088E+00
    2979   1.0111077190E+00
    2980   1.0102562004E+00
    2981   1.0094198275E+00
    2982   1.0085929881E+00
    2983   1.0077912384E+00
    2984   1.0070488808E+00
    2985   1.0064096878E+00
    2986   1.0059125530E+00
    2987   1.0055787558E+00
    2988   1.0054070714E+00
    2989   1.0053786864E+00
    2990   1.0054673321E+00
    2991   1.0056474476E+00
    2992   1.0058965041E+00
    2993   1.0061939833E+00
    2994   1.0065216489E+00
    2995   1.0068674374E+00
    2996   1.0072300481E+00
    2997   1.0076188854E+00
    2998   1.0080468310E+00
    2999   1.0085194665E+00
    3000   1.0090262637E+00
    3001   1.0095369760E+00
    3002   1.0100017393E+00
    3003   1.0103514807E+00
    3004   1.0104983159E+00
    3005   1.0103451441E+00
    3006   1.0097942430E+00
    3007   1.0087370489E+00
    3008   1.0072028342E+00
    3009   1.0052282263E+00
    3010   1.0029261581E+00
    3011   1.0004583179E+00
    3012   9.9800850725E-01
    3013   9.9575842312E-01
    3014   9.9386649102E-01
    3015   9.9244950821E-01
    3016   9.9156259977E-01
    3017   9.9120870049E-01
    3018   9.9135701514E-01
    3019   9.9188275110E-01
    3020   9.9269969008E-01
    3021   9.9372607358E-01
    3022   9.9490416311E-01
    3023   9.9620007037E-01
    3024   9.9759788872E-01
    3025   9.9909348141E-01
    3026   1.0006883795E+00
    3027   1.0023810717E+00
    3028   1.0041549896E+00
    3029   1.0059684277E+00
    3030   1.0077537102E+00
    3031   1.0094284440E+00
    3032   1.0109163589E+00
    3033   1.0121805005E+00
    3034   1.0131132204E+00
    3035   1.0137485615E+00
    3036   1.0140827268E+00
    3037   1.0141138770E+00
    3038   1.0138549610E+00
    3039   1.0133214484E+00
    3040   1.0125217465E+00
    3041   1.0114493579E+00
    3042   1.0100851962E+00
    3043   1.0084122045E+00
    3044   1.0064351021E+00
    3045   1.0041935236E+00
    3046   1.0017613982E+00
    3047   9.9923526504E-01
    3048   9.9671999439E-01
    3049   9.9431830257E-01
    3050   9.9212414190E-01
    3051   9.9021626009E-01
    3052   9.8865000596E-01
    3053   9.8745045084E-01
    3054   9.8661184327E-01
    3055   9.8610491698E-01
    3056   9.8588794701E-01
    3057   9.8591482606E-01
    3058   9.8613614618E-01
    3059   9.8649394958E-01
    3060   9.8690104029E-01
    3061   9.8736512310E-01
    3062   9.8777006711E-01
    3063   9.8808245072E-01
    3064   9.8830540230E-01
    3065   9.8845363040E-01
    3066   9.8855757149E-01
    3067   9.8865723365E-01
    3068   9.8879692274E-01
    3069   9.8901780011E-01
    3070   9.8934634295E-01
    3071   9.8978199085E-01
    3072   9.9029140674E-01
    3073   9.9081450307E-01
    3074   9.9128064812E-01
    3075   9.9162699859E-01
    3076   9.9181031620E-01
    3077   9.9180949965E-01
    3078   9.9162349055E-01
    3079   9.9127063983E-01
    3080   9.9079133193E-01
    3081   9.9024983705E-01
    3082   9.8972996264E-01
    3083   9.8932331114E-01
    3084   9.8910348223E-01
    3085   9.8915448674E-01
    3086   9.8953639466E-01
    3087   9.9021069745E-01
    3088   9.9115818720E-01
    3089   9.9229055344E-01
    3090   9.9346643545E-01
    3091   9.9450644235E-01
    3092   9.9522463229E-01
    3093   9.9546793569E-01
    3094   9.9514965612E-01
    3095   9.9426648407E-01
    3096   9.9289722249E-01
    3097   9.9118770839E-01
    3098   9.8932738417E-01
    3099   9.8752062854E-01
    3100   9.8595497691E-01
    3101   9.8477078150E-01
    3102   9.8403985986E-01
    3103   9.8375956320E-01
    3104   9.8386344580E-01
    3105   9.8424342021E-01
    3106   9.8477485956E-01
    3107   9.8533622087E-01
    3108   9.8579830949E-01
    3109   9.8617329487E-01
    3110   9.8636665907E-01
    3111   9.8637917963E-01
    3112   9.8626615870E-01
    3113   9.8608822427E-01
    3114   9.8590807246E-01
    3115   9.8577540339E-01
    3116   9.8571990048E-01
    3117   9.8575249581E-01
    3118   9.8587086164E-01
    3119   9.8606436247E-01
    3120   9.8631660702E-01
    3121   9.8660679874E-01
    3122   9.8691173635E-01
    3123   9.8720848762E-01
    3124   9.8747583363E-01
    3125   9.8769289864E-01
    3126   9.8782912270E-01
    3127   9.8785118811E-01
    3128   9.8779111887E-01
    3129   9.8756952743E-01
    3130   9.8721570128E-01
    3131   9.8677109764E-01
    3132   9.8629973679E-01
    3133   9.8587872516E-01
    3134   9.8558175884E-01
    3135   9.8546349821E-01
    3136   9.8554868952E-01
    3137   9.8582783585E-01
    3138   9.8626002251E-01
    3139   9.8678276212E-01
    3140   9.8732738675E-01
    3141   9.8783635684E-01
    3142   9.8827701768E-01
    3143   9.8864626769E-01
    3144   9.8896360522E-01
    3145   9.8925485248E-01
    3146   9.8952245611E-01
    3147   9.8976770749E-01
    3148   9.8995620498E-01
    3149   9.8997631726E-01
    3150   9.8975716963E-01
    3151   9.8921988409E-01
    3152   9.8831334300E-01
    3153   9.8703099013E-01
    3154   9.8542060071E-01
    3155   9.8358412909E-01
    3156   9.8166612937E-01
    3157   9.7983224541E-01
    3158   9.7824254090E-01
    3159   9.7702620987E-01
    3160   9.7626335282E-01
    3161   9.7596735058E-01
    3162   9.7602828613E-01
    3163   9.7662211926E-01
    3164   9.7739429178E-01
    3165   9.7821025456E-01
    3166   9.7894482889E-01
    3167   9.7945788320E-01
    3168   9.7964646671E-01
    3169   9.7946110623E-01
    3170   9.7891234890E-01
    3171   9.7806589103E-01
    3172   9.7702871722E-01
    3173   9.7587272590E-01
    3174   9.7479437162E-01
    3175   9.7406437704E-01
    3176   9.7353541283E-01
    3177   9.7334579885E-01
    3178   9.7349821396E-01
    3179   9.7394489746E-01
    3180   9.7459908788E-01
    3181   9.7535160725E-01
    3182   9.7609026626E-01
    3183   9.7666615113E-01
    3184   9.7708504661E-01
    3185   9.7739328284E-01
    3186   9.7740969776E-01
    3187   9.7725636329E-01
    3188   9.7700040038E-01
    3189   9.7671661238E-01
    3190   9.7647025728E-01
    3191   9.7630338403E-01
    3192   9.7623046546E-01
    3193   9.7624311462E-01
    3194   9.7624968666E-01
    3195   9.7635804876E-01
    3196   9.7654380502E-01
    3197   9.7662253725E-01
    3198   9.7663512747E-01
    3199   9.7655949112E-01
    3200   9.7639503847E-01
    3201   9.7616985398E-01
    3202   9.7593994471E-01
    3203   9.7578086570E-01
    3204   9.7576729537E-01
    3205   9.7589981547E-01
    3206   9.7650537955E-01
    3207   9.7739635176E-01
    3208   9.7857817259E-01
    3209   9.8003136760E-01
    3210   9.8165819854E-01
    3211   9.8332842152E-01
    3212   9.8490145022E-01
    3213   9.8624966349E-01
    3214   9.8727455063E-01
    3215   9.8791272600E-01
    3216   9.8813542924E-01
    3217   9.8794733136E-01
    3218   9.8738704303E-01
    3219   9.8652650649E-01
    3220   9.8544534875E-01
    3221   9.8426725434E-01
    3222   9.8318447719E-01
    3223   9.8220620796E-01
    3224   9.8145281479E-01
    3225   9.8099064711E-01
    3226   9.8085364397E-01
    3227   9.8103608340E-01
    3228   9.8148871162E-01
    3229   9.8212532752E-01
    3230   9.8284043451E-01
    3231   9.8353154212E-01
    3232   9.8411664506E-01
    3233   9.8454104912E-01
    3234   9.8477450621E-01
    3235   9.8477282567E-01
    3236   9.8463451735E-01
    3237   9.8434438302E-01
    3238   9.8392921051E-01
    3239   9.8347164345E-01
    3240   9.8303333284E-01
    3241   9.8266602804E-01
    3242   9.8240831491E-01
    3243   9.8228686398E-01
    3244   9.8231684386E-01
    3245   9.8249801741E-01
    3246   9.8280891930E-01
    3247   9.8320564161E-01
    3248   9.8363005364E-01
    3249   9.8402541257E-01
    3250   9.8431915733E-01
    3251   9.8456612345E-01
    3252   9.8475139482E-01
    3253   9.8484131423E-01
    3254   9.8488550031E-01
    3255   9.8490910215E-01
    3256   9.8493962658E-01
    3257   9.8500109888E-01
    3258   9.8510463588E-01
    3259   9.8524163039E-01
    3260   9.8538596640E-01
    3261   9.8550536568E-01
    3262   9.8557454329E-01
    3263   9.8558092178E-01
    3264   9.8551966165E-01
    3265   9.8538370990E-01
    3266   9.8515850635E-01
    3267   9.8479283869E-01
    3268   9.8436382649E-01
    3269   9.8386554178E-01
    3270   9.8331606665E-01
    3271   9.8282209707E-01
    3272   9.8248775935E-01
    3273   9.8242887907E-01
    3274   9.8276086522E-01
    3275   9.8357947822E-01
    3276   9.8493448035E-01
    3277   9.8680351555E-01
    3278   9.8907807935E-01
    3279   9.9157062601E-01
    3280   9.9404272103E-01
    3281   9.9624469179E-01
    3282   9.9795436277E-01
    3283   9.9900748346E-01
    3284   9.9931928813E-01
    3285   9.9889810926E-01
    3286   9.9784763040E-01
    3287   9.9635140700E-01
    3288   9.9463822128E-01
    3289   9.9293750463E-01
    3290   9.9144096866E-01
    3291   9.9028305188E-01
    3292   9.8953880058E-01
    3293   9.8922553287E-01
    3294   9.8939373199E-01
    3295   9.8995835684E-01
    3296   9.9086209062E-01
    3297   9.9203019515E-01
    3298   9.9337733436E-01
    3299   9.9482271082E-01
    3300   9.9629088706E-01
    3301   9.9770424942E-01
    3302   9.9897631392E-01
    3303   1.0000163560E+00
    3304   1.0007474997E+00
    3305   1.0011292724E+00
    3306   1.0011713135E+00
    3307   1.0009311396E+00
    3308   1.0004994989E+00
    3309   9.9998242631E-01
    3310   9.9948572282E-01
    3311   9.9910075115E-01
    3312   9.9888828343E-01
    3313   9.9886220400E-01
    3314   9.9898135802E-01
    3315   9.9915803833E-01
    3316   9.9928332331E-01
    3317   9.9925894354E-01
    3318   9.9902135794E-01
    3319   9.9854990389E-01
    3320   9.9786181345E-01
    3321   9.9700323293E-01
    3322   9.9604245589E-01
    3323   9.9506398222E-01
    3324   9.9415816936E-01
    3325   9.9340507673E-01
    3326   9.9285823039E-01
    3327   9.9253676516E-01
    3328   9.9242936575E-01
    3329   9.9250507253E-01
    3330   9.9272190802E-01
    3331   9.9302827611E-01
    3332   9.9336049520E-01
    3333   9.9364486326E-01
    3334   9.9380930864E-01
    3335   9.9380091229E-01
    3336   9.9359936245E-01
    3337   9.9321858539E-01
    3338   9.9269736920E-01
    3339   9.9208697447E-01
    3340   9.9144320694E-01
    3341   9.9082384079E-01
    3342   9.9028659154E-01
    3343   9.8988353417E-01
    3344   9.8965350081E-01
    3345   9.8961092553E-01
    3346   9.8976979615E-01
    3347   9.9016375386E-01
    3348   9.9074686849E-01
    3349   9.9152643607E-01
    3350   9.9247036056E-01
    3351   9.9350976506E-01
    3352   9.9454089543E-01
    3353   9.9544135657E-01
    3354   9.9609447555E-01
    3355   9.9641147243E-01
    3356   9.9634542410E-01
    3357   9.9589765889E-01
    3358   9.9511943147E-01
    3359   9.9410838729E-01
    3360   9.9299583388E-01
    3361   9.9192291583E-01
    3362   9.9101091018E-01
    3363   9.9033666787E-01
    3364   9.8992275795E-01
    3365   9.8974377648E-01
    3366   9.8974200039E-01
    3367   9.8984339034E-01
    3368   9.8996958588E-01
    3369   9.9004799626E-01
    3370   9.9002390902E-01
    3371   9.8987424284E-01
    3372   9.8961684310E-01
    3373   9.8930844097E-01
    3374   9.8903019413E-01
    3375   9.8886639858E-01
    3376   9.8887288595E-01
    3377   9.8915864270E-01
    3378   9.8971925734E-01
    3379   9.9057242674E-01
    3380   9.9173460199E-01
    3381   9.9320090244E-01
    3382   9.9495568335E-01
    3383   9.9697658786E-01
    3384   9.9923630218E-01
    3385   1.0016967248E+00
    3386   1.0042949138E+00
    3387   1.0069275978E+00
    3388   1.0094448277E+00
    3389   1.0116598725E+00
    3390   1.0133771330E+00
    3391   1.0144468450E+00
    3392   1.0146390472E+00
    3393   1.0139742510E+00
    3394   1.0124882404E+00
    3395   1.0102983106E+00
    3396   1.0076179841E+00
    3397   1.0047195557E+00
    3398   1.0018934645E+00
    3399   9.9940454485E-01
    3400   9.9745820332E-01
    3401   9.9618386826E-01
    3402   9.9563422000E-01
    3403   9.9579306279E-01
    3404   9.9658518582E-01
    3405   9.9788610228E-01
    3406   9.9953347883E-01
    3407   1.0013421663E+00
    3408   1.0031218441E+00
    3409   1.0046939386E+00
    3410   1.0059053922E+00
    3411   1.0066400002E+00
    3412   1.0068295589E+00
    3413   1.0064644916E+00
    3414   1.0055991689E+00
    3415   1.0043456427E+00
    3416   1.0028536562E+00
    3417   1.0012819563E+00
    3418   9.9977055108E-01
    3419   9.9842217261E-01
    3420   9.9729568115E-01
    3421   9.9640907046E-01
    3422   9.9574830499E-01
    3423   9.9527960826E-01
    3424   9.9496401001E-01
    3425   9.9477187190E-01
    3426   9.9469310080E-01
    3427   9.9473870473E-01
    3428   9.9493281715E-01
    3429   9.9529931193E-01
    3430   9.9584991000E-01
    3431   9.9657885746E-01
    3432   9.9746445294E-01
    3433   9.9847366968E-01
    3434   9.9956586496E-01
    3435   1.0006944882E+00
    3436   1.0018086897E+00
    3437   1.0028568509E+00
    3438   1.0037916792E+00
    3439   1.0045742684E+00
    3440   1.0051749677E+00
    3441   1.0055715245E+00
    3442   1.0057471487E+00
    3443   1.0056906466E+00
    3444   1.0053983989E+00
    3445   1.0048762418E+00
    3446   1.0041400774E+00
    3447   1.0032160999E+00
    3448   1.0021423216E+00
    3449   1.0009712053E+00
    3450   9.9977049323E-01
    3451   9.9861866342E-01
    3452   9.9759420227E-01
    3453   9.9676204105E-01
    3454   9.9616274070E-01
    3455   9.9580845401E-01
    3456   9.9568585189E-01
    3457   9.9576301100E-01
    3458   9.9599690645E-01
    3459   9.9634003262E-01
    3460   9.9674658504E-01
    3461   9.9717867369E-01
    3462   9.9761167980E-01
    3463   9.9803684810E-01
    3464   9.9846002100E-01
    3465   9.9889744708E-01
    3466   9.9937098015E-01
    3467   9.9990434966E-01
    3468   1.0005203723E+00
    3469   1.0012377694E+00
    3470   1.0020668974E+00
    3471   1.0030054115E+00
    3472   1.0040358565E+00
    3473   1.0051263065E+00
    3474   1.0062334515E+00
    3475   1.0073067233E+00
    3476   1.0082930007E+00
    3477   1.0091429221E+00
    3478   1.0098197374E+00
    3479   1.0103091993E+00
    3480   1.0106261327E+00
    3481   1.0108128450E+00
    3482   1.0109276755E+00
    3483   1.0110269616E+00
    3484   1.0111471053E+00
    3485   1.0112931510E+00
    3486   1.0114371082E+00
    3487   1.0115255796E+00
    3488   1.0114938938E+00
    3489   1.0112829919E+00
    3490   1.0108550219E+00
    3491   1.0102148219E+00
    3492   1.0093460215E+00
    3493   1.0083144754E+00
    3494   1.0071718549E+00
    3495   1.0059402187E+00
    3496   1.0046349395E+00
    3497   1.0032608980E+00
    3498   1.0018245988E+00
    3499   1.0003461083E+00
    3500   9.9886528392E-01
    3501   9.9744038530E-01
    3502   9.9614037425E-01
    3503   9.9503347978E-01
    3504   9.9417440925E-01
    3505   9.9359240290E-01
    3506   9.9328269361E-01
    3507   9.9320348911E-01
    3508   9.9327778508E-01
    3509   9.9343737235E-01
    3510   9.9357637454E-01
    3511   9.9362660843E-01
    3512   9.9354979262E-01
    3513   9.9334036979E-01
    3514   9.9302744545E-01
    3515   9.9266942279E-01
    3516   9.9234428094E-01
    3517   9.9213650873E-01
    3518   9.9212290596E-01
    3519   9.9236074465E-01
    3520   9.9288164752E-01
    3521   9.9369255780E-01
    3522   9.9478231328E-01
    3523   9.9613036109E-01
    3524   9.9771391531E-01
    3525   9.9951119137E-01
    3526   1.0014999980E+00
    3527   1.0036520965E+00
    3528   1.0059244579E+00
    3529   1.0082496704E+00
    3530   1.0105291984E+00
    3531   1.0126340129E+00
    3532   1.0144157743E+00
    3533   1.0157279663E+00
    3534   1.0164520605E+00
    3535   1.0165557305E+00
    3536   1.0159471747E+00
    3537   1.0147288063E+00
    3538   1.0130750194E+00
    3539   1.0111234878E+00
    3540   1.0090600380E+00
    3541   1.0070654590E+00
    3542   1.0052921850E+00
    3543   1.0038457679E+00
    3544   1.0027746078E+00
    3545   1.0020695068E+00
    3546   1.0016722191E+00
    3547   1.0014906429E+00
    3548   1.0014180805E+00
    3549   1.0013543361E+00
    3550   1.0012262386E+00
    3551   1.0010041035E+00
    3552   1.0007097880E+00
    3553   1.0004128886E+00
    3554   1.0002146973E+00
    3555   1.0002234783E+00
    3556   1.0005274165E+00
    3557   1.0011719114E+00
    3558   1.0021461652E+00
    3559   1.0033816150E+00
    3560   1.0047625850E+00
    3561   1.0061475249E+00
    3562   1.0073969210E+00
    3563   1.0084015666E+00
    3564   1.0091036196E+00
    3565   1.0095042417E+00
    3566   1.0096557634E+00
    3567   1.0096415495E+00
    3568   1.0095505796E+00
    3569   1.0094545180E+00
    3570   1.0093929669E+00
    3571   1.0093692930E+00
    3572   1.0093563996E+00
    3573   1.0093096716E+00
    3574   1.0091830384E+00
    3575   1.0089440324E+00
    3576   1.0085914112E+00
    3577   1.0081073773E+00
    3578   1.0075441905E+00
    3579   1.0069396400E+00
    3580   1.0063201258E+00
    3581   1.0057072165E+00
    3582   1.0051109563E+00
    3583   1.0045332057E+00
    3584   1.0039739867E+00
    3585   1.0034386384E+00
    3586   1.0029435139E+00
    3587   1.0025182356E+00
    3588   1.0022032979E+00
    3589   1.0020431336E+00
    3590   1.0020762071E+00
    3591   1.0023245875E+00
    3592   1.0027854722E+00
    3593   1.0034264476E+00
    3594   1.0041854383E+00
    3595   1.0049757218E+00
    3596   1.0056959061E+00
    3597   1.0062439461E+00
    3598   1.0065330200E+00
    3599   1.0065059203E+00
    3600   1.0061443818E+00
    3601   1.0054710266E+00
    3602   1.0045439181E+00
    3603   1.0034459774E+00
    3604   1.0022726790E+00
    3605   1.0011211743E+00
    3606   1.0000826555E+00
    3607   9.9923811237E-01
    3608   9.9865627093E-01
    3609   9.9839176817E-01
    3610   9.9848176617E-01
    3611   9.9894028532E-01
    3612   9.9975122569E-01
    3613   1.0008626848E+00
    3614   1.0021858992E+00
    3615   1.0036013010E+00
    3616   1.0049719855E+00
    3617   1.0061622322E+00
    3618   1.0070568439E+00
    3619   1.0075767773E+00
    3620   1.0076877998E+00
    3621   1.0074009001E+00
    3622   1.0067651361E+00
    3623   1.0058551232E+00
    3624   1.0047563861E+00
    3625   1.0035521843E+00
    3626   1.0023148947E+00
    3627   1.0011033765E+00
    3628   9.9996548794E-01
    3629   9.9894307580E-01
    3630   9.9807623480E-01
    3631   9.9740457007E-01
    3632   9.9696488300E-01
    3633   9.9678606128E-01
    3634   9.9688257011E-01
    3635   9.9724804643E-01
    3636   9.9785061927E-01
    3637   9.9863178460E-01
    3638   9.9951050303E-01
    3639   1.0003930296E+00
    3640   1.0011869889E+00
    3641   1.0018163250E+00
    3642   1.0022331779E+00
    3643   1.0024238350E+00
    3644   1.0024079764E+00
    3645   1.0022321705E+00
    3646   1.0019593635E+00
    3647   1.0016562763E+00
    3648   1.0013808776E+00
    3649   1.0011725139E+00
    3650   1.0010471960E+00
    3651   1.0009992310E+00
    3652   1.0010081513E+00
    3653   1.0010479325E+00
    3654   1.0010950730E+00
    3655   1.0011333730E+00
    3656   1.0011551682E+00
    3657   1.0011599615E+00
    3658   1.0011514048E+00
    3659   1.0011331648E+00
    3660   1.0011043400E+00
    3661   1.0010559183E+00
    3662   1.0009703653E+00
    3663   1.0008257322E+00
    3664   1.0006036540E+00
    3665   1.0002985220E+00
    3666   9.9992439026E-01
    3667   9.9951723858E-01
    3668   9.9913210852E-01
    3669   9.9883598369E-01
    3670   9.9869756013E-01
    3671   9.9877495003E-01
    3672   9.9910282202E-01
    3673   9.9968160211E-01
    3674   1.0004721151E+00
    3675   1.0013982758E+00
    3676   1.0023579745E+00
    3677   1.0032394223E+00
    3678   1.0039386371E+00
    3679   1.0043742916E+00
    3680   1.0044980095E+00
    3681   1.0042997977E+00
    3682   1.0038086594E+00
    3683   1.0030881814E+00
    3684   1.0022272616E+00
    3685   1.0013276090E+00
    3686   1.0004910916E+00
    3687   9.9980998007E-01
    3688   9.9936122475E-01
    3689   9.9920353120E-01
    3690   9.9937495321E-01
    3691   9.9988971901E-01
    3692   1.0007349617E+00
    3693   1.0018692185E+00
    3694   1.0032240417E+00
    3695   1.0047102096E+00
    3696   1.0062270583E+00
    3697   1.0076400183E+00
    3698   1.0088493137E+00
    3699   1.0097546289E+00
    3700   1.0102849248E+00
    3701   1.0104108054E+00
    3702   1.0101499009E+00
    3703   1.0095647133E+00
    3704   1.0087528663E+00
    3705   1.0078328529E+00
    3706   1.0069283403E+00
    3707   1.0061525866E+00
    3708   1.0055935392E+00
    3709   1.0053008763E+00
    3710   1.0052777779E+00
    3711   1.0054806606E+00
    3712   1.0058283259E+00
    3713   1.0062187319E+00
    3714   1.0065489169E+00
    3715   1.0067331140E+00
    3716   1.0067156724E+00
    3717   1.0064775405E+00
    3718   1.0060363000E+00
    3719   1.0054401100E+00
    3720   1.0047564700E+00
    3721   1.0040581078E+00
    3722   1.0034097521E+00
    3723   1.0028595587E+00
    3724   1.0024368778E+00
    3725   1.0021550659E+00
    3726   1.0020161913E+00
    3727   1.0020149377E+00
    3728   1.0021410017E+00
    3729   1.0023808901E+00
    3730   1.0027198948E+00
    3731   1.0031436710E+00
    3732   1.0036379891E+00
    3733   1.0041861374E+00
    3734   1.0047655143E+00
    3735   1.0053462725E+00
    3736   1.0058939765E+00
    3737   1.0063755875E+00
    3738   1.0067658200E+00
    3739   1.0070579141E+00
    3740   1.0072317354E+00
    3741   1.0072969983E+00
    3742   1.0072715406E+00
    3743   1.0071606990E+00
    3744   1.0069751765E+00
    3745   1.0067250323E+00
    3746   1.0064199355E+00
    3747   1.0060714961E+00
    3748   1.0056976959E+00
    3749   1.0053274828E+00
    3750   1.0050023476E+00
    3751   1.0047725341E+00
    3752   1.0046881778E+00
    3753   1.0047882515E+00
    3754   1.0050909700E+00
    3755   1.0055880239E+00
    3756   1.0062431328E+00
    3757   1.0069944417E+00
    3758   1.0077605817E+00
    3759   1.0084506143E+00
    3760   1.0089773112E+00
    3761   1.0092712773E+00
    3762   1.0092919230E+00
    3763   1.0090318772E+00
    3764   1.0085142420E+00
    3765   1.0077852151E+00
    3766   1.0069058331E+00
    3767   1.0059452317E+00
    3768   1.0049754379E+00
    3769   1.0040663906E+00
    3770   1.0032805027E+00
    3771   1.0026675059E+00
    3772   1.0022609006E+00
    3773   1.0020764000E+00
    3774   1.0021114098E+00
    3775   1.0023442832E+00
    3776   1.0027333559E+00
    3777   1.0032174538E+00
    3778   1.0037200497E+00
    3779   1.0041578132E+00
    3780   1.0044519978E+00
    3781   1.0045396851E+00
    3782   1.0043823477E+00
    3783   1.0039709370E+00
    3784   1.0033279786E+00
    3785   1.0025004851E+00
    3786   1.0015689989E+00
    3787   1.0006219360E+00
    3788   9.9974969705E-01
    3789   9.9903214180E-01
    3790   9.9852842964E-01
    3791   9.9827305221E-01
    3792   9.9827701567E-01
    3793   9.9853454037E-01
    3794   9.9902425531E-01
    3795   9.9971843802E-01
    3796   1.0005863376E+00
    3797   1.0015970574E+00
    3798   1.0027219311E+00
    3799   1.0039256072E+00
    3800   1.0051726741E+00
    3801   1.0064154408E+00
    3802   1.0075933595E+00
    3803   1.0086357720E+00
    3804   1.0094690190E+00
    3805   1.0100263500E+00
    3806   1.0102577687E+00
    3807   1.0101380094E+00
    3808   1.0096720035E+00
    3809   1.0088974322E+00
    3810   1.0078833795E+00
    3811   1.0067239294E+00
    3812   1.0055266903E+00
    3813   1.0043982829E+00
    3814   1.0034302804E+00
    3815   1.0026888019E+00
    3816   1.0022091790E+00
    3817   1.0019952449E+00
    3818   1.0020220369E+00
    3819   1.0022411361E+00
    3820   1.0025885022E+00
    3821   1.0029944551E+00
    3822   1.0033943537E+00
    3823   1.0037375149E+00
    3824   1.0039920527E+00
    3825   1.0041448109E+00
    3826   1.0041974702E+00
    3827   1.0041609856E+00
    3828   1.0040502519E+00
    3829   1.0038799356E+00
    3830   1.0036616787E+00
    3831   1.0034028394E+00
    3832   1.0031071548E+00
    3833   1.0027774607E+00
    3834   1.0024197007E+00
    3835   1.0020465456E+00
    3836   1.0016788198E+00
    3837   1.0013438624E+00
    3838   1.0010713458E+00
    3839   1.0008879616E+00
    3840   1.0008123279E+00
    3841   1.0008508724E+00
    3842   1.0009950348E+00
    3843   1.0012202899E+00
    3844   1.0014878558E+00
    3845   1.0017497763E+00
    3846   1.0019570070E+00
    3847   1.0020687198E+00
    3848   1.0020601923E+00
    3849   1.0019270425E+00
    3850   1.0016849745E+00
    3851   1.0013656954E+00
    3852   1.0010104092E+00
    3853   1.0006622442E+00
    3854   1.0003586454E+00
    3855   1.0001247169E+00
    3856   9.9996872801E-01
    3857   9.9988099299E-01
    3858   9.9983667793E-01
    3859   9.9980194637E-01
    3860   9.9974183170E-01
    3861   9.9962789300E-01
    3862   9.9944417117E-01
    3863   9.9919075430E-01
    3864   9.9888483779E-01
    3865   9.9855935965E-01
    3866   9.9825932635E-01
    3867   9.9803612297E-01
    3868   9.9794049862E-01
    3869   9.9801527805E-01
    3870   9.9828888954E-01
    3871   9.9877052662E-01
    3872   9.9944742574E-01
    3873   1.0002845630E+00
    3874   1.0012270707E+00
    3875   1.0022055832E+00
    3876   1.0031442643E+00
    3877   1.0039704687E+00
    3878   1.0046242271E+00
    3879   1.0050654699E+00
    3880   1.0052774247E+00
    3881   1.0052657721E+00
    3882   1.0050543904E+00
    3883   1.0046793322E+00
    3884   1.0041828048E+00
    3885   1.0036084312E+00
    3886   1.0029983149E+00
    3887   1.0023919363E+00
    3888   1.0018252468E+00
    3889   1.0013308239E+00
    3890   1.0009396592E+00
    3891   1.0006750895E+00
    3892   1.0005532699E+00
    3893   1.0005791915E+00
    3894   1.0007439367E+00
    3895   1.0010237288E+00
    3896   1.0013815908E+00
    3897   1.0017716754E+00
    3898   1.0021454135E+00
    3899   1.0024580547E+00
    3900   1.0026741761E+00
    3901   1.0027712811E+00
    3902   1.0027413611E+00
    3903   1.0025908024E+00
    3904   1.0023391266E+00
    3905   1.0020168763E+00
    3906   1.0016627396E+00
    3907   1.0013199124E+00
    3908   1.0010317470E+00
    3909   1.0008368104E+00
    3910   1.0007635844E+00
    3911   1.0008252998E+00
    3912   1.0010158161E+00
    3913   1.0013078465E+00
    3914   1.0016548651E+00
    3915   1.0019973722E+00
    3916   1.0022729190E+00
    3917   1.0024278890E+00
    3918   1.0024281742E+00
    3919   1.0022659957E+00
    3920   1.0019611867E+00
    3921   1.0015567526E+00
    3922   1.0011098797E+00
    3923   1.0006804564E+00
    3924   1.0003195455E+00
    3925   1.0000601526E+00
    3926   9.9991214251E-01
    3927   9.9986221797E-01
    3928   9.9987863567E-01
    3929   9.9991915549E-01
    3930   9.9994006411E-01
    3931   9.9990421368E-01
    3932   9.9978674536E-01
    3933   9.9957802650E-01
    3934   9.9928386907E-01
    3935   9.9892328208E-01
    3936   9.9852415672E-01
    3937   9.9811764699E-01
    3938   9.9773253198E-01
    3939   9.9739106930E-01
    3940   9.9710738389E-01
    3941   9.9688841587E-01
    3942   9.9673648697E-01
    3943   9.9665220895E-01
    3944   9.9663688383E-01
    3945   9.9669424214E-01
    3946   9.9683166392E-01
    3947   9.9706072623E-01
    3948   9.9739643749E-01
    3949   9.9785445871E-01
    3950   9.9844628177E-01
    3951   9.9917338325E-01
    3952   1.0000220725E+00
    3953   1.0009606670E+00
    3954   1.0019399118E+00
    3955   1.0028967052E+00
    3956   1.0037606400E+00
    3957   1.0044625805E+00
    3958   1.0049441330E+00
    3959   1.0051663233E+00
    3960   1.0051154512E+00
    3961   1.0048044918E+00
    3962   1.0042696925E+00
    3963   1.0035636196E+00
    3964   1.0027468680E+00
    3965   1.0018804521E+00
    3966   1.0010199172E+00
    3967   1.0002112457E+00
    3968   9.9948833801E-01
    3969   9.9887213316E-01
    3970   9.9837166712E-01
    3971   9.9798707543E-01
    3972   9.9771385914E-01
    3973   9.9754719911E-01
    3974   9.9748518857E-01
    3975   9.9753048985E-01
    3976   9.9769053230E-01
    3977   9.9797648037E-01
    3978   9.9840090156E-01
    3979   9.9897388180E-01
    3980   9.9969774772E-01
    3981   1.0005615009E+00
    3982   1.0015368722E+00
    3983   1.0025778602E+00
    3984   1.0036245881E+00
    3985   1.0046108117E+00
    3986   1.0054732266E+00
    3987   1.0061603618E+00
    3988   1.0066391946E+00
    3989   1.0068982565E+00
    3990   1.0069466742E+00
    3991   1.0068093923E+00
    3992   1.0065198189E+00
    3993   1.0061120985E+00
    3994   1.0056155121E+00
    3995   1.0050526723E+00
    3996   1.0044414868E+00
    3997   1.0037992311E+00
    3998   1.0031464065E+00
    3999   1.0025086832E+00
    4000   1.0019165025E+00
    4001   1.0014029254E+00
    4002   1.0010005643E+00
    4003   1.0007381630E+00
    4004   1.0006371548E+00
    4005   1.0007086633E+00
    4006   1.0009516693E+00
    4007   1.0013529400E+00
    4008   1.0018886557E+00
    4009   1.0025268932E+00
    4010   1.0032298489E+00
    4011   1.0039552411E+00
    4012   1.0046573178E+00
    4013   1.0052885261E+00
    4014   1.0058026719E+00
    4015   1.0061595203E+00
    4016   1.0063299262E+00
    4017   1.0063003286E+00
    4018   1.0060757708E+00
    4019   1.0056810067E+00
    4020   1.0051593494E+00
    4021   1.0045688732E+00
    4022   1.0039758184E+00
    4023   1.0034458412E+00
    4024   1.0030347442E+00
    4025   1.0027808148E+00
    4026   1.0027004812E+00
    4027   1.0027879048E+00
    4028   1.0030179831E+00
    4029   1.0033516245E+00
    4030   1.0037421237E+00
    4031   1.0041416525E+00
    4032   1.0045069687E+00
    4033   1.0048042937E+00
    4034   1.0050120739E+00
    4035   1.0051051800E+00
    4036   1.0050899145E+00
    4037   1.0049675055E+00
    4038   1.0047479410E+00
    4039   1.0044497747E+00
    4040   1.0040991744E+00
    4041   1.0037281703E+00
    4042   1.0033710864E+00
    4043   1.0030599047E+00
    4044   1.0028197971E+00
    4045   1.0026658310E+00
    4046   1.0026012509E+00
    4047   1.0026172763E+00
    4048   1.0026942720E+00
    4049   1.0028042182E+00
    4050   1.0029143284E+00
    4051   1.0029913543E+00
    4052   1.0030058437E+00
    4053   1.0029356413E+00
    4054   1.0027682971E+00
    4055   1.0025024079E+00
    4056   1.0021479603E+00
    4057   1.0017255111E+00
    4058   1.0012639105E+00
    4059   1.0007965565E+00
    4060   1.0003568155E+00
    4061   9.9997372965E-01
    4062   9.9966902436E-01
    4063   9.9945575455E-01
    4064   9.9933821090E-01
    4065   9.9931244273E-01
    4066   9.9936710463E-01
    4067   9.9948485179E-01
    4068   9.9964466169E-01
    4069   9.9982506266E-01
    4070   1.0000076420E+00
    4071   1.0001798684E+00
    4072   1.0003364928E+00
    4073   1.0004793356E+00
    4074   1.0006156927E+00
    4075   1.0007556828E+00
    4076   1.0009088237E+00
    4077   1.0010802473E+00
    4078   1.0012673846E+00
    4079   1.0014582915E+00
    4080   1.0016325984E+00
    4081   1.0017652158E+00
    4082   1.0018318427E+00
    4083   1.0018146028E+00
    4084   1.0017062290E+00
    4085   1.0015119478E+00
    4086   1.0012490411E+00
    4087   1.0009445473E+00
    4088   1.0006316737E+00
    4089   1.0003454698E+00
    4090   1.0001183980E+00
    4091   9.9997655913E-01
    4092   9.9993722638E-01
    4093   1.0000079068E+00
    4094   1.0001866366E+00
    4095   1.0004629447E+00
    4096   1.0008191164E+00
    4097   1.0012318206E+00
    4098   1.0016743994E+00
    4099   1.0021198853E+00
    4100   1.0025442950E+00
    4101   1.0029293761E+00
    4102   1.0032641313E+00
    4103   1.0035450168E+00
    4104   1.0037752540E+00
    4105   1.0039638014E+00
    4106   1.0041242087E+00
    4107   1.0042731671E+00
    4108   1.0044284653E+00
    4109   1.0046063147E+00
    4110   1.0048183406E+00
    4111   1.0050686787E+00
    4112   1.0053515747E+00
    4113   1.0056498789E+00
    4114   1.0059349915E+00
    4115   1.0061689750E+00
    4116   1.0063093120E+00
    4117   1.0063159557E+00
    4118   1.0061592198E+00
    4119   1.0058263561E+00
    4120   1.0053248713E+00
    4121   1.0046817242E+00
    4122   1.0039388685E+00
    4123   1.0031465138E+00
    4124   1.0023556965E+00
    4125   1.0016115287E+00
    4126   1.0009481486E+00
    4127   1.0003860954E+00
    4128   9.9993241718E-01
    4129   9.9958319003E-01
    4130   9.9932746721E-01
    4131   9.9915136269E-01
    4132   9.9904121060E-01
    4133   9.9898542625E-01
    4134   9.9897531916E-01
    4135   9.9900529442E-01
    4136   9.9907261873E-01
    4137   9.9917660959E-01
    4138   9.9931708015E-01
    4139   9.9949224639E-01
    4140   9.9969672561E-01
    4141   9.9992036706E-01
    4142   1.0001483491E+00
    4143   1.0003625138E+00
    4144   1.0005435727E+00
    4145   1.0006737712E+00
    4146   1.0007396520E+00
    4147   1.0007345079E+00
    4148   1.0006599603E+00
    4149   1.0005261029E+00
    4150   1.0003499736E+00
    4151   1.0001527357E+00
    4152   9.9995645750E-01
    4153   9.9978141386E-01
    4154   9.9964436685E-01
    4155   9.9955768986E-01
    4156   9.9952887568E-01
    4157   9.9956011895E-01
    4158   9.9964804161E-01
    4159   9.9978386807E-01
    4160   9.9995426785E-01
    4161   1.0001428224E+00
    4162   1.0003318902E+00
    4163   1.0005046914E+00
    4164   1.0006475408E+00
    4165   1.0007520758E+00
    4166   1.0008170039E+00
    4167   1.0008486237E+00
    4168   1.0008594898E+00
    4169   1.0008652169E+00
    4170   1.0008802366E+00
    4171   1.0009138109E+00
    4172   1.0009674783E+00
    4173   1.0010345206E+00
    4174   1.0011013701E+00
    4175   1.0011504796E+00
    4176   1.0011640487E+00
    4177   1.0011279297E+00
    4178   1.0010349031E+00
    4179   1.0008864657E+00
    4180   1.0006925560E+00
    4181   1.0004692994E+00
    4182   1.0002356085E+00
    4183   1.0000098443E+00
    4184   9.9980750140E-01
    4185   9.9964023193E-01
    4186   9.9951591741E-01
    4187   9.9943927433E-01
    4188   9.9941262532E-01
    4189   9.9943666403E-01
    4190   9.9951105201E-01
    4191   9.9963455825E-01
    4192   9.9980445932E-01
    4193   1.0000152161E+00
    4194   1.0002569450E+00
    4195   1.0005145247E+00
    4196   1.0007680518E+00
    4197   1.0009948295E+00
    4198   1.0011724679E+00
    4199   1.0012823152E+00
    4200   1.0013124532E+00
    4201   1.0012596872E+00
    4202   1.0011301618E+00
    4203   1.0009383990E+00
    4204   1.0007048197E+00
    4205   1.0004522019E+00
    4206   1.0002019448E+00
    4207   9.9997112627E-01
    4208   9.9977101912E-01
    4209   9.9960710663E-01
    4210   9.9948009634E-01
    4211   9.9938726173E-01
    4212   9.9932368167E-01
    4213   9.9928330121E-01
    4214   9.9925990325E-01
    4215   9.9924797852E-01
    4216   9.9924331377E-01
    4217   9.9924310299E-01
    4218   9.9924560939E-01
    4219   9.9924966393E-01
    4220   9.9925434017E-01
    4221   9.9925893610E-01
    4222   9.9926311455E-01
    4223   9.9926693826E-01
    4224   9.9927068577E-01
    4225   9.9927458041E-01
    4226   9.9927865957E-01
    4227   9.9928286805E-01
    4228   9.9928723469E-01
    4229   9.9929190767E-01
    4230   9.9929698045E-01
    4231   9.9930228137E-01
    4232   9.9930737541E-01
    4233   9.9931184664E-01
    4234   9.9931565863E-01
    4235   9.9931928296E-01
    4236   9.9932345888E-01
    4237   9.9932875648E-01
    4238   9.9933527388E-01
    4239   9.9934267029E-01
    4240   9.9935044918E-01
    4241   9.9935822213E-01
    4242   9.9936575602E-01
    4243   9.9937284989E-01
    4244   9.9937924805E-01
    4245   9.9938472814E-01
    4246   9.9938929203E-01
    4247   9.9939325483E-01
    4248   9.9939710303E-01
    4249   9.9940121389E-01
    4250   9.9940566580E-01
    4251   9.9941029299E-01
    4252   9.9941492058E-01
    4253   9.9941956616E-01
    4254   9.9942443851E-01
    4255   9.9942976328E-01
    4256   9.9943561386E-01
    4257   9.9944189349E-01
    4258   9.9944844939E-01
    4259   9.9945517692E-01
    4260   9.9946200053E-01
    4261   9.9946877244E-01
    4262   9.9947523373E-01
    4263   9.9948112861E-01
    4264   9.9948640062E-01
    4265   9.9949129658E-01
    4266   9.9949625812E-01
    4267   9.9950166377E-01
    4268   9.9950761732E-01
    4269   9.9951394096E-01
    4270   9.9952035663E-01
    4271   9.9952669093E-01
    4272   9.9953293729E-01
    4273   9.9953915781E-01
    4274   9.9954535262E-01
    4275   9.9955143614E-01
    4276   9.9955733605E-01
    4277   9.9956310385E-01
    4278   9.9956890988E-01
    4279   9.9957491328E-01
    4280   9.9958112284E-01
    4281   9.9958737811E-01
    4282   9.9959346853E-01
    4283   9.9959928459E-01
    4284   9.9960487085E-01
    4285   9.9961035118E-01
    4286   9.9961581805E-01
    4287   9.9962130090E-01
    4288   9.9962683475E-01
    4289   9.9963254062E-01
    4290   9.9963860895E-01
    4291   9.9964517521E-01
    4292   9.9965219285E-01
    4293   9.9965942677E-01
    4294   9.9966658727E-01
    4295   9.9967349828E-01
    4296   9.9968016267E-01
    4297   9.9968668205E-01
    4298   9.9969312077E-01
    4299   9.9969944691E-01
    4300   9.9970560130E-01
    4301   9.9971162358E-01
    4302   9.9971771997E-01
    4303   9.9972423312E-01
    4304   9.9973160049E-01
    4305   9.9974044458E-01
    4306   9.9975188103E-01
    4307   9.9976801536E-01
    4308   9.9979252396E-01
    4309   9.9983121323E-01
    4310   9.9989247651E-01
    4311   9.9998753681E-01
    4312   1.0001302641E+00
    4313   1.0003362719E+00
    4314   1.0006210449E+00
    4315   1.0009970810E+00
    4316   1.0014703901E+00
    4317   1.0020370571E+00
    4318   1.0026808098E+00
    4319   1.0033725478E+00
    4320   1.0040725272E+00
    4321   1.0047353432E+00
    4322   1.0053170677E+00
    4323   1.0057830721E+00
    4324   1.0061145031E+00
    4325   1.0063114207E+00
    4326   1.0063913792E+00
    4327   1.0063835662E+00
    4328   1.0063241310E+00
    4329   1.0062318838E+00
    4330   1.0061157373E+00
    4331   1.0059854137E+00
    4332   1.0058194420E+00
    4333   1.0055952545E+00
    4334   1.0052919767E+00
    4335   1.0048980704E+00
    4336   1.0044161446E+00
    4337   1.0038637104E+00
    4338   1.0032700102E+00
    4339   1.0026701993E+00
    4340   1.0020987589E+00
    4341   1.0015839262E+00
    4342   1.0011443103E+00
    4343   1.0007880285E+00
    4344   1.0005139771E+00
    4345   1.0003144479E+00
    4346   1.0001782204E+00
    4347   1.0000934225E+00
    4348   1.0000497067E+00
    4349   1.0000395410E+00
    4350   1.0000586102E+00
    4351   1.0001054441E+00
    4352   1.0001804557E+00
    4353   1.0002845941E+00
    4354   1.0004178256E+00
    4355   1.0005776821E+00
    4356   1.0007581468E+00
    4357   1.0009491699E+00
    4358   1.0011370522E+00
    4359   1.0013057836E+00
    4360   1.0014391805E+00
    4361   1.0015234210E+00
    4362   1.0015494120E+00
    4363   1.0015144215E+00
    4364   1.0014225768E+00
    4365   1.0012841126E+00
    4366   1.0011135615E+00
    4367   1.0009273274E+00
    4368   1.0007412065E+00
    4369   1.0005683896E+00
    4370   1.0004183189E+00
    4371   1.0002965277E+00
    4372   1.0002053452E+00
    4373   1.0001451741E+00
    4374   1.0001159833E+00
    4375   1.0001186769E+00
    4376   1.0001560698E+00
    4377   1.0002332570E+00
    4378   1.0003572133E+00
    4379   1.0005355372E+00
    4380   1.0007743873E+00
    4381   1.0010758721E+00
    4382   1.0014353923E+00
    4383   1.0018396112E+00
    4384   1.0022657631E+00
    4385   1.0026828328E+00
    4386   1.0030547678E+00
    4387   1.0033453688E+00
    4388   1.0035239920E+00
    4389   1.0035708412E+00
    4390   1.0034805910E+00
    4391   1.0032634152E+00
    4392   1.0029431326E+00
    4393   1.0025529333E+00
    4394   1.0021297437E+00
    4395   1.0017085593E+00
    4396   1.0013179304E+00
    4397   1.0009773399E+00
    4398   1.0006966348E+00
    4399   1.0004771671E+00
    4400   1.0003139961E+00
    4401   1.0001984414E+00
    4402   1.0001204048E+00
    4403   1.0000701117E+00
    4404   1.0000391639E+00
    4405   1.0000209761E+00
    4406   1.0000107667E+00
    4407   1.0000052931E+00
    4408   1.0000024908E+00
    4409   1.0000011212E+00
    4410   1.0000004824E+00
    4411   1.0000001984E+00
    4412   1.0000000780E+00
    4413   1.0000000296E+00
    4414   1.0000000111E+00
    4415   1.0000000045E+00
    4416   1.0000000024E+00
    4417   1.0000000020E+00
    4418   1.0000000020E+00
    4419   1.0000000022E+00
    4420   1.0000000025E+00
    4421   1.0000000027E+00
    4422   1.0000000029E+00
    4423   1.0000000032E+00
    4424   1.0000000035E+00
    4425   1.0000000038E+00
    4426   1.0000000041E+00
    4427   1.0000000044E+00
    4428   1.0000000048E+00
    4429   1.0000000050E+00
    4430   1.0000000053E+00
    4431   1.0000000054E+00
    4432   1.0000000056E+00
    4433   1.0000000057E+00
    4434   1.0000000057E+00
    4435   1.0000000058E+00
    4436   1.0000000059E+00
    4437   1.0000000060E+00
    4438   1.0000000061E+00
    4439   1.0000000061E+00
    4440   1.0000000061E+00
    4441   1.0000000059E+00
    4442   1.0000000055E+00
    4443   1.0000000050E+00
    4444   1.0000000044E+00
    4445   1.0000000038E+00
    4446   1.0000000031E+00
    4447   1.0000000024E+00
    4448   1.0000000018E+00
    4449   1.0000000013E+00
    4450   1.0000000009E+00
    4451   1.0000000006E+00
    4452   1.0000000003E+00
    4453   1.0000000001E+00
    4454   1.0000000000E+00
    4455   9.9999999996E-01
    4456   9.9999999991E-01
    4457   9.9999999989E-01
    4458   9.9999999987E-01
    4459   9.9999999987E-01
    4460   9.9999999986E-01
    4461   9.9999999986E-01
    4462   9.9999999986E-01
    4463   9.9999999986E-01
    4464   9.9999999986E-01
    4465   9.9999999987E-01
    4466   9.9999999987E-01
    4467   9.9999999987E-01
    4468   9.9999999987E-01
    4469   9.9999999987E-01
    4470   9.9999999987E-01
    4471   9.9999999987E-01
    4472   9.9999999987E-01
    4473   9.9999999987E-01
    4474   9.9999999987E-01
    4475   9.9999999987E-01
    4476   9.9999999988E-01
    4477   9.9999999988E-01
    4478   9.9999999988E-01
    4479   9.9999999988E-01
    4480   9.9999999988E-01
    4481   9.9999999988E-01
    4482   9.9999999988E-01
    4483   9.9999999988E-01
    4484   9.9999999988E-01
    4485   9.9999999989E-01
    4486   9.9999999989E-01
    4487   9.9999999989E-01
    4488   9.9999999989E-01
    4489   9.9999999989E-01
    4490   9.9999999989E-01
    4491   9.9999999989E-01
    4492   9.9999999989E-01
    4493   9.9999999989E-01
    4494   9.9999999989E-01
    4495   9.9999999989E-01
    4496   9.9999999989E-01
    4497   9.9999999989E-01
    4498   9.9999999990E-01
    4499   9.9999999990E-01
    4500   9.9999999990E-01
    4501   9.9999999990E-01
    4502   9.9999999990E-01
    4503   9.9999999990E-01
    4504   9.9999999991E-01
    4505   9.9999999991E-01
    4506   9.9999999991E-01
    4507   9.9999999991E-01
    4508   9.9999999991E-01
    4509   9.9999999991E-01
    4510   9.9999999991E-01
    4511   9.9999999991E-01
    4512   9.9999999991E-01
    4513   9.9999999991E-01
    4514   9.9999999991E-01
    4515   9.9999999992E-01
    4516   9.9999999992E-01
    4517   9.9999999992E-01
    4518   9.9999999992E-01
    4519   9.9999999992E-01
    4520   9.9999999992E-01
    4521   9.9999999992E-01
    4522   9.9999999992E-01
    4523   9.9999999992E-01
    4524   9.9999999993E-01
    4525   9.9999999993E-01
    4526   9.9999999993E-01
    4527   9.9999999993E-01
    4528   9.9999999993E-01
    4529   9.9999999993E-01
    4530   9.9999999993E-01
    4531   9.9999999993E-01
    4532   9.9999999993E-01
    4533   9.9999999994E-01
    4534   9.9999999994E-01
    4535   9.9999999994E-01
    4536   9.9999999994E-01
    4537   9.9999999994E-01
    4538   9.9999999994E-01
    4539   9.9999999994E-01
    4540   9.9999999994E-01
    4541   9.9999999994E-01
    4542   9.9999999995E-01
    4543   9.9999999995E-01
    4544   9.9999999995E-01
    4545   9.9999999995E-01
    4546   9.9999999995E-01
    4547   9.9999999995E-01
    4548   9.9999999995E-01
    4549   9.9999999995E-01
    4550   9.9999999995E-01
    4551   9.9999999996E-01
    4552   9.9999999996E-01
    4553   9.9999999996E-01
    4554   9.9999999996E-01
    4555   9.9999999996E-01
    4556   9.9999999996E-01
    4557   9.9999999996E-01
    4558   9.9999999996E-01
    4559   9.9999999997E-01
    4560   9.9999999997E-01
    4561   9.9999999997E-01
    4562   9.9999999997E-01
    4563   9.9999999997E-01
    4564   9.9999999997E-01
    4565   9.9999999997E-01
    4566   9.9999999997E-01
    4567   9.9999999998E-01
    4568   9.9999999998E-01
    4569   9.9999999998E-01
    4570   9.9999999998E-01
    4571   9.9999999999E-01
    4572   1.0000000000E+00
    4573   1.0000000000E+00
    4574   1.0000000000E+00
    4575   1.0000000001E+00
    4576   1.0000000001E+00
    4577   1.0000000002E+00
    4578   1.0000000004E+00
    4579   1.0000000005E+00
    4580   1.0000000008E+00
    4581   1.0000000010E+00
    4582   1.0000000013E+00
    4583   1.0000000017E+00
    4584   1.0000000020E+00
    4585   1.0000000023E+00
    4586   1.0000000025E+00
    4587   1.0000000027E+00
    4588   1.0000000027E+00
    4589   1.0000000027E+00
    4590   1.0000000026E+00
    4591   1.0000000023E+00
    4592   1.0000000020E+00
    4593   1.0000000017E+00
    4594   1.0000000014E+00
    4595   1.0000000011E+00
    4596   1.0000000008E+00
    4597   1.0000000006E+00
    4598   1.0000000004E+00
    4599   1.0000000003E+00
    4600   1.0000000002E+00
    4601   1.0000000001E+00
    4602   1.0000000001E+00
    4603   1.0000000000E+00
    4604   1.0000000000E+00
    4605   1.0000000000E+00
    4606   1.0000000000E+00
    4607   1.0000000000E+00
    4608   1.0000000000E+00
    4609   1.0000000000E+00
    4610   1.0000000000E+00
    4611   1.0000000000E+00
    4612   1.0000000000E+00
    4613   1.0000000000E+00
    4614   1.0000000000E+00
    4615   1.0000000000E+00
    4616   1.0000000000E+00
    4617   1.0000000000E+00
    4618   1.0000000000E+00
    4619   1.0000000000E+00
    4620   1.0000000000E+00
    4621   1.0000000000E+00
    4622   1.0000000000E+00
    4623   1.0000000000E+00
    4624   1.0000000000E+00
    4625   1.0000000000E+00
    4626   1.0000000000E+00
    4627   1.0000000000E+00
    4628   1.0000000000E+00
    4629   1.0000000000E+00
    4630   1.0000000000E+00
    4631   1.0000000000E+00
    4632   1.0000000000E+00
    4633   1.0000000000E+00
    4634   1.0000000000E+00
    4635   1.0000000000E+00
    4636   1.0000000000E+00
    4637   1.0000000000E+00
    4638   1.0000000000E+00
    4639   1.0000000000E+00
    4640   1.0000000000E+00
    4641   1.0000000000E+00
    4642   1.0000000000E+00
    4643   1.0000000000E+00
    4644   1.0000000000E+00
    4645   1.0000000000E+00
    4646   1.0000000000E+00
    4647   1.0000000000E+00
    4648   1.0000000000E+00
    4649   1.0000000000E+00
    4650   1.0000000000E+00
    4651   1.0000000000E+00
    4652   1.0000000000E+00
    4653   1.0000000000E+00
    4654   1.0000000000E+00
    4655   1.0000000000E+00
    4656   1.0000000000E+00
    4657   1.0000000000E+00
    4658   1.0000000000E+00
    4659   1.0000000000E+00
    4660   1.0000000000E+00
    4661   1.0000000000E+00
    4662   1.0000000000E+00
    4663   1.0000000000E+00
    4664   1.0000000000E+00
    4665   1.0000000000E+00
    4666   1.0000000000E+00
    4667   1.0000000000E+00
    4668   1.0000000000E+00
    4669   1.0000000000E+00
    4670   1.0000000000E+00
    4671   1.0000000000E+00
    4672   1.0000000000E+00
    4673   1.0000000000E+00
    4674   1.0000000000E+00
    4675   1.0000000000E+00
    4676   1.0000000000E+00
    4677   1.0000000000E+00
    4678   1.0000000000E+00
    4679   1.0000000000E+00
    4680   1.0000000000E+00
    4681   1.0000000000E+00
    4682   1.0000000000E+00
    4683   1.0000000000E+00
    4684   1.0000000000E+00
    4685   1.0000000000E+00
    4686   1.0000000000E+00
    4687   1.0000000000E+00
    4688   1.0000000000E+00
    4689   1.0000000000E+00
    4690   1.0000000000E+00
    4691   1.0000000000E+00
    4692   1.0000000000E+00
    4693   1.0000000000E+00
    4694   1.0000000000E+00
    4695   1.0000000000E+00
    4696   1.0000000000E+00
    4697   1.0000000000E+00
    4698   1.0000000000E+00
    4699   1.0000000000E+00
    4700   1.0000000000E+00
    4701   1.0000000000E+00
    4702   1.0000000000E+00
    4703   1.0000000000E+00
    4704   1.0000000000E+00
    4705   1.0000000000E+00
    4706   1.0000000000E+00
    4707   1.0000000000E+00
    4708   1.0000000000E+00
    4709   1.0000000000E+00
    4710   1.0000000000E+00
    4711   1.0000000000E+00
    4712   1.0000000000E+00
    4713   1.0000000000E+00
    4714   1.0000000000E+00
    4715   1.0000000000E+00
    4716   1.0000000000E+00
    4717   1.0000000000E+00
    4718   1.0000000000E+00
    4719   1.0000000000E+00
    4720   1.0000000000E+00
    4721   1.0000000000E+00
    4722   1.0000000000E+00
    4723   1.0000000000E+00
    4724   1.0000000000E+00
    4725   1.0000000000E+00
    4726   1.0000000000E+00
    4727   1.0000000000E+00
    4728   1.0000000000E+00
    4729   1.0000000000E+00
    4730   1.0000000000E+00
    4731   1.0000000000E+00
    4732   1.0000000000E+00
    4733   1.0000000000E+00
    4734   1.0000000000E+00
    4735   1.0000000000E+00
    4736   1.0000000000E+00
    4737   1.0000000000E+00
    4738   1.0000000000E+00
    4739   1.0000000000E+00
    4740   1.0000000000E+00
    4741   1.0000000000E+00
    4742   1.0000000000E+00
    4743   1.0000000000E+00
    4744   1.0000000000E+00
    4745   1.0000000000E+00
    4746   1.0000000000E+00
    4747   1.0000000000E+00
    4748   1.0000000000E+00
    4749   1.0000000000E+00
    4750   1.0000000000E+00
    4751   1.0000000000E+00
    4752   1.0000000000E+00
    4753   1.0000000000E+00
    4754   1.0000000000E+00
    4755   1.0000000000E+00
    4756   1.0000000000E+00
    4757   1.0000000000E+00
    4758   1.0000000000E+00
    4759   1.0000000000E+00
    4760   1.0000000000E+00
    4761   1.0000000000E+00
    4762   1.0000000000E+00
    4763   1.0000000000E+00
    4764   1.0000000000E+00
    4765   1.0000000000E+00
    4766   1.0000000000E+00
    4767   1.0000000000E+00
    4768   1.0000000000E+00
    4769   1.0000000000E+00
    4770   1.0000000000E+00
    4771   1.0000000000E+00
    4772   1.0000000000E+00
    4773   1.0000000000E+00
    4774   1.0000000000E+00
    4775   1.0000000000E+00
    4776   1.0000000000E+00
    4777   1.0000000000E+00
    4778   1.0000000000E+00
    4779   1.0000000000E+00
    4780   1.0000000000E+00
    4781   1.0000000000E+00
    4782   1.0000000000E+00
    4783   1.0000000000E+00
    4784   1.0000000000E+00
    4785   1.0000000000E+00
    4786   1.0000000000E+00
    4787   1.0000000000E+00
    4788   1.0000000000E+00
    4789   1.0000000000E+00
    4790   1.0000000000E+00
    4791   1.0000000000E+00
    4792   1.0000000000E+00
    4793   1.0000000000E+00
    4794   1.0000000000E+00
    4795   1.0000000000E+00
    4796   1.0000000000E+00
    4797   1.0000000000E+00
    4798   1.0000000000E+00
    4799   1.0000000000E+00
    4800   1.0000000000E+00
    4801   1.0000000000E+00
    4802   1.0000000000E+00
    4803   1.0000000000E+00
    4804   1.0000000000E+00
    4805   1.0000000000E+00
    4806   1.0000000000E+00
    4807   1.0000000000E+00
    4808   1.0000000000E+00
    4809   1.0000000000E+00
    4810   1.0000000000E+00
    4811   1.0000000000E+00
    4812   1.0000000000E+00
    4813   1.0000000000E+00
    4814   1.0000000000E+00
    4815   1.0000000000E+00
    4816   1.0000000000E+00
    4817   1.0000000000E+00
    4818   1.0000000000E+00
    4819   1.0000000000E+00
    4820   1.0000000000E+00
    4821   1.0000000000E+00
    4822   1.0000000000E+00
    4823   1.0000000000E+00
    4824   1.0000000000E+00
    4825   1.0000000000E+00
    4826   1.0000000000E+00
    4827   1.0000000000E+00
    4828   1.0000000000E+00
    4829   1.0000000000E+00
    4830   1.0000000000E+00
    4831   1.0000000000E+00
    4832   1.0000000000E+00
    4833   1.0000000000E+00
    4834   1.0000000000E+00
    4835   1.0000000000E+00
    4836   1.0000000000E+00
    4837   1.0000000000E+00
    4838   1.0000000000E+00
    4839   1.0000000000E+00
    4840   1.0000000000E+00
    4841   1.0000000000E+00
    4842   1.0000000000E+00
    4843   1.0000000000E+00
    4844   1.0000000000E+00
    4845   1.0000000000E+00
    4846   1.0000000000E+00
    4847   1.0000000000E+00
    4848   1.0000000000E+00
    4849   1.0000000000E+00
    4850   1.0000000000E+00
    4851   1.0000000000E+00
    4852   1.0000000000E+00
    4853   1.0000000000E+00
    4854   1.0000000000E+00
    4855   1.0000000000E+00
    4856   1.0000000000E+00
    4857   1.0000000000E+00
    4858   1.0000000000E+00
    4859   1.0000000000E+00
    4860   1.0000000000E+00
    4861   1.0000000000E+00
    4862   1.0000000000E+00
    4863   1.0000000000E+00
    4864   1.0000000000E+00
    4865   1.0000000000E+00
    4866   1.0000000000E+00
    4867   1.0000000000E+00
    4868   1.0000000000E+00
    4869   1.0000000000E+00
    4870   1.0000000000E+00
    4871   1.0000000000E+00
    4872   1.0000000000E+00
    4873   1.0000000000E+00
    4874   1.0000000000E+00
    4875   1.0000000000E+00
    4876   1.0000000000E+00
    4877   1.0000000000E+00
    4878   1.0000000000E+00
    4879   1.0000000000E+00
    4880   1.0000000000E+00
    4881   1.0000000000E+00
    4882   1.0000000000E+00
    4883   1.0000000000E+00
    4884   1.0000000000E+00
    4885   1.0000000000E+00
    4886   1.0000000000E+00
    4887   1.0000000000E+00
    4888   1.0000000000E+00
    4889   1.0000000000E+00
    4890   1.0000000000E+00
    4891   1.0000000000E+00
    4892   1.0000000000E+00
    4893   1.0000000000E+00
    4894   1.0000000000E+00
    4895   1.0000000000E+00
    4896   1.0000000000E+00
    4897   1.0000000000E+00
    4898   1.0000000000E+00
    4899   1.0000000000E+00
    4900   1.0000000000E+00
    4901   1.0000000000E+00
    4902   1.0000000000E+00
    4903   1.0000000000E+00
    4904   1.0000000000E+00
    4905   1.0000000000E+00
    4906   1.0000000000E+00
    4907   1.0000000000E+00
    4908   1.0000000000E+00
    4909   1.0000000000E+00
    4910   1.0000000000E+00
    4911   1.0000000000E+00
    4912   1.0000000000E+00
    4913   1.0000000000E+00
    4914   1.0000000000E+00
    4915   1.0000000000E+00
    4916   1.0000000000E+00
    4917   1.0000000000E+00
    4918   1.0000000000E+00
    4919   1.0000000000E+00
    4920   1.0000000000E+00
    4921   1.0000000000E+00
    4922   1.0000000000E+00
    4923   1.0000000000E+00
    4924   1.0000000000E+00
    4925   1.0000000000E+00
    4926   1.0000000000E+00
    4927   1.0000000000E+00
    4928   1.0000000000E+00
    4929   1.0000000000E+00
    4930   1.0000000000E+00
    4931   1.0000000000E+00
    4932   1.0000000000E+00
    4933   1.0000000000E+00
    4934   1.0000000000E+00
    4935   1.0000000000E+00
    4936   1.0000000000E+00
    4937   1.0000000000E+00
    4938   1.0000000000E+00
    4939   1.0000000000E+00
    4940   1.0000000000E+00
    4941   1.0000000000E+00
    4942   1.0000000000E+00
    4943   1.0000000000E+00
    4944   1.0000000000E+00
    4945   1.0000000000E+00
    4946   1.0000000000E+00
    4947   1.0000000000E+00
    4948   1.0000000000E+00
    4949   1.0000000000E+00
    4950   1.0000000000E+00
    4951   1.0000000000E+00
    4952   1.0000000000E+00
    4953   1.0000000000E+00
    4954   1.0000000000E+00
    4955   1.0000000000E+00
    4956   1.0000000000E+00
    4957   1.0000000000E+00
    4958   1.0000000000E+00
    4959   1.0000000000E+00
    4960   1.0000000000E+00
    4961   1.0000000000E+00
    4962   1.0000000000E+00
    4963   1.0000000000E+00
    4964   1.0000000000E+00
    4965   1.0000000000E+00
    4966   1.0000000000E+00
    4967   1.0000000000E+00
    4968   1.0000000000E+00
    4969   1.0000000000E+00
    4970   1.0000000000E+00
    4971   1.0000000000E+00
    4972   1.0000000000E+00
    4973   1.0000000000E+00
    4974   1.0000000000E+00
    4975   1.0000000000E+00
    4976   1.0000000000E+00
    4977   1.0000000000E+00
    4978   1.0000000000E+00
    4979   1.0000000000E+00
    4980   1.0000000000E+00
    4981   1.0000000000E+00
    4982   1.0000000000E+00
    4983   1.0000000000E+00
    4984   1.0000000000E+00
    4985   1.0000000000E+00
    4986   1.0000000000E+00
    4987   1.0000000000E+00
    4988   1.0000000000E+00
    4989   1.0000000000E+00
    4990   1.0000000000E+00
    4991   1.0000000000E+00
    4992   1.0000000000E+00
    4993   1.0000000000E+00
    4994   1.0000000000E+00
    4995   1.0000000000E+00
    4996   1.0000000000E+00
    4997   1.0000000000E+00
    4998   1.0000000000E+00
    4999   1.0000000000E+00
    5000   1.0000000000E+00
    5001   1.0000000000E+00
    5002   1.0000000000E+00
    5003   1.0000000000E+00
    5004   1.0000000000E+00
    5005   1.0000000000E+00
    5006   1.0000000000E+00
    5007   1.0000000000E+00
    5008   1.0000000000E+00
    5009   1.0000000000E+00
    5010   1.0000000000E+00
    5011   1.0000000000E+00
    5012   1.0000000000E+00
    5013   1.0000000000E+00
    5014   1.0000000000E+00
    5015   1.0000000000E+00
    5016   1.0000000000E+00
    5017   1.0000000000E+00
    5018   1.0000000000E+00
    5019   1.0000000000E+00
    5020   1.0000000000E+00
    5021   1.0000000000E+00
    5022   1.0000000000E+00
    5023   1.0000000000E+00
    5024   1.0000000000E+00
    5025   1.0000000000E+00
    5026   1.0000000000E+00
    5027   1.0000000000E+00
    5028   1.0000000000E+00
    5029   1.0000000000E+00
    5030   1.0000000000E+00
    5031   1.0000000000E+00
    5032   1.0000000000E+00
    5033   1.0000000000E+00
    5034   1.0000000000E+00
    5035   1.0000000000E+00
    5036   1.0000000000E+00
    5037   1.0000000000E+00
    5038   1.0000000000E+00
    5039   1.0000000000E+00
    5040   1.0000000000E+00
    5041   1.0000000000E+00
    5042   1.0000000000E+00
    5043   1.0000000000E+00
    5044   1.0000000000E+00
    5045   1.0000000000E+00
    5046   1.0000000000E+00
    5047   1.0000000000E+00
    5048   1.0000000000E+00
    5049   1.0000000000E+00
    5050   1.0000000000E+00
    5051   1.0000000000E+00
    5052   1.0000000000E+00
    5053   1.0000000000E+00
    5054   1.0000000000E+00
    5055   1.0000000000E+00
    5056   1.0000000000E+00
    5057   1.0000000000E+00
    5058   1.0000000000E+00
    5059   1.0000000000E+00
    5060   1.0000000000E+00
    5061   1.0000000000E+00
    5062   1.0000000000E+00
    5063   1.0000000000E+00
    5064   1.0000000000E+00
    5065   1.0000000000E+00
    5066   1.0000000000E+00
    5067   1.0000000000E+00
    5068   1.0000000000E+00
    5069   1.0000000000E+00
    5070   1.0000000000E+00
    5071   1.0000000000E+00
    5072   1.0000000000E+00
    5073   1.0000000000E+00
    5074   1.0000000000E+00
    5075   1.0000000000E+00
    5076   1.0000000000E+00
    5077   1.0000000000E+00
    5078   1.0000000000E+00
    5079   1.0000000000E+00
    5080   1.0000000000E+00
    5081   1.0000000000E+00
    5082   1.0000000000E+00
    5083   1.0000000000E+00
    5084   1.0000000000E+00
    5085   1.0000000000E+00
    5086   1.0000000000E+00
    5087   1.0000000000E+00
    5088   1.0000000000E+00
    5089   1.0000000000E+00
    5090   1.0000000000E+00
    5091   1.0000000000E+00
    5092   1.0000000000E+00
    5093   1.0000000000E+00
    5094   1.0000000000E+00
    5095   1.0000000000E+00
    5096   1.0000000000E+00
    5097   1.0000000000E+00
    5098   1.0000000000E+00
    5099   1.0000000000E+00
    5100   1.0000000000E+00
    5101   1.0000000000E+00
    5102   1.0000000000E+00
    5103   1.0000000000E+00
    5104   1.0000000000E+00
    5105   1.0000000000E+00
    5106   1.0000000000E+00
    5107   1.0000000000E+00
    5108   1.0000000000E+00
    5109   1.0000000000E+00
    5110   1.0000000000E+00
    5111   1.0000000000E+00
    5112   1.0000000000E+00
    5113   1.0000000000E+00
    5114   1.0000000000E+00
    5115   1.0000000000E+00
    5116   1.0000000000E+00
    5117   1.0000000000E+00
    5118   1.0000000000E+00
    5119   1.0000000000E+00
    5120   1.0000000000E+00
    5121   1.0000000000E+00
    5122   1.0000000000E+00
    5123   1.0000000000E+00
    5124   1.0000000000E+00
    5125   1.0000000000E+00
    5126   1.0000000000E+00
    5127   1.0000000000E+00
    5128   1.0000000000E+00
    5129   1.0000000000E+00
    5130   1.0000000000E+00
    5131   1.0000000000E+00
    5132   1.0000000000E+00
    5133   1.0000000000E+00
    5134   1.0000000000E+00
    5135   1.0000000000E+00
    5136   1.0000000000E+00
    5137   1.0000000000E+00
    5138   1.0000000000E+00
    5139   1.0000000000E+00
    5140   1.0000000000E+00
    5141   1.0000000000E+00
    5142   1.0000000000E+00
    5143   1.0000000000E+00
    5144   1.0000000000E+00
    5145   1.0000000000E+00
    5146   1.0000000000E+00
    5147   1.0000000000E+00
    5148   1.0000000000E+00
    5149   1.0000000000E+00
    5150   1.0000000000E+00
    5151   1.0000000000E+00
    5152   1.0000000000E+00
    5153   1.0000000000E+00
    5154   1.0000000000E+00
    5155   1.0000000000E+00
    5156   1.0000000000E+00
    5157   1.0000000000E+00
    5158   1.0000000000E+00
    5159   1.0000000000E+00
    5160   1.0000000000E+00
    5161   1.0000000000E+00
    5162   1.0000000000E+00
    5163   1.0000000000E+00
    5164   1.0000000000E+00
    5165   1.0000000000E+00
    5166   1.0000000000E+00
    5167   1.0000000000E+00
    5168   1.0000000000E+00
    5169   1.0000000000E+00
    5170   1.0000000000E+00
    5171   1.0000000000E+00
    5172   1.0000000000E+00
    5173   1.0000000000E+00
    5174   1.0000000000E+00
    5175   1.0000000000E+00
    5176   1.0000000000E+00
    5177   1.0000000000E+00
    5178   1.0000000000E+00
    5179   1.0000000000E+00
    5180   1.0000000000E+00
    5181   1.0000000000E+00
    5182   1.0000000000E+00
    5183   1.0000000000E+00
    5184   1.0000000000E+00
    5185   1.0000000000E+00
    5186   1.0000000000E+00
    5187   1.0000000000E+00
    5188   1.0000000000E+00
    5189   1.0000000000E+00
    5190   1.0000000000E+00
    5191   1.0000000000E+00
    5192   1.0000000000E+00
    5193   1.0000000000E+00
    5194   1.0000000000E+00
    5195   1.0000000000E+00
    5196   1.0000000000E+00
    5197   1.0000000000E+00
    5198   1.0000000000E+00
    5199   1.0000000000E+00
    5200   1.0000000000E+00
    5201   1.0000000000E+00
    5202   1.0000000000E+00
    5203   1.0000000000E+00
    5204   1.0000000000E+00
    5205   1.0000000000E+00
    5206   1.0000000000E+00
    5207   1.0000000000E+00
    5208   1.0000000000E+00
    5209   1.0000000000E+00
    5210   1.0000000000E+00
    5211   1.0000000000E+00
    5212   1.0000000000E+00
    5213   1.0000000000E+00
    5214   1.0000000000E+00
    5215   1.0000000000E+00
    5216   1.0000000000E+00
    5217   1.0000000000E+00
    5218   1.0000000000E+00
    5219   1.0000000000E+00
    5220   1.0000000000E+00
    5221   1.0000000000E+00
    5222   1.0000000000E+00
    5223   1.0000000000E+00
    5224   1.0000000000E+00
    5225   1.0000000000E+00
    5226   1.0000000000E+00
    5227   1.0000000000E+00
    5228   1.0000000000E+00
    5229   1.0000000000E+00
    5230   1.0000000000E+00
    5231   1.0000000000E+00
    5232   1.0000000000E+00
    5233   1.0000000000E+00
    5234   1.0000000000E+00
    5235   1.0000000000E+00
    5236   1.0000000000E+00
    5237   1.0000000000E+00
    5238   1.0000000000E+00
    5239   1.0000000000E+00
    5240   1.0000000000E+00
    5241   1.0000000000E+00
    5242   1.0000000000E+00
    5243   1.0000000000E+00
    5244   1.0000000000E+00
    5245   1.0000000000E+00
    5246   1.0000000000E+00
    5247   1.0000000000E+00
    5248   1.0000000000E+00
    5249   1.0000000000E+00
    5250   1.0000000000E+00
    5251   1.0000000000E+00
    5252   1.0000000000E+00
    5253   1.0000000000E+00
    5254   1.0000000000E+00
    5255   1.0000000000E+00
    5256   1.0000000000E+00
    5257   1.0000000000E+00
    5258   1.0000000000E+00
    5259   1.0000000000E+00
    5260   1.0000000000E+00
    5261   1.0000000000E+00
    5262   1.0000000000E+00
    5263   1.0000000000E+00
    5264   1.0000000000E+00
    5265   1.0000000000E+00
    5266   1.0000000000E+00
    5267   1.0000000000E+00
    5268   1.0000000000E+00
    5269   1.0000000000E+00
    5270   1.0000000000E+00
    5271   1.0000000000E+00
    5272   1.0000000000E+00
    5273   1.0000000000E+00
    5274   1.0000000000E+00
    5275   1.0000000000E+00
    5276   1.0000000000E+00
    5277   1.0000000000E+00
    5278   1.0000000000E+00
    5279   1.0000000000E+00
    5280   1.0000000000E+00
    5281   1.0000000000E+00
    5282   1.0000000000E+00
    5283   1.0000000000E+00
    5284   1.0000000000E+00
    5285   1.0000000000E+00
    5286   1.0000000000E+00
    5287   1.0000000000E+00
    5288   1.0000000000E+00
    5289   1.0000000000E+00
    5290   1.0000000000E+00
    5291   1.0000000000E+00
    5292   1.0000000000E+00
    5293   1.0000000000E+00
    5294   1.0000000000E+00
    5295   1.0000000000E+00
    5296   1.0000000000E+00
    5297   1.0000000000E+00
    5298   1.0000000000E+00
    5299   1.0000000000E+00
    5300   1.0000000000E+00
    5301   1.0000000000E+00
    5302   1.0000000000E+00
    5303   1.0000000000E+00
    5304   1.0000000000E+00
    5305   1.0000000000E+00
    5306   1.0000000000E+00
    5307   1.0000000000E+00
    5308   1.0000000000E+00
    5309   1.0000000000E+00
    5310   1.0000000000E+00
    5311   1.0000000000E+00
    5312   1.0000000000E+00
    5313   1.0000000000E+00
    5314   1.0000000000E+00
    5315   1.0000000000E+00
    5316   1.0000000000E+00
    5317   1.0000000000E+00
    5318   1.0000000000E+00
    5319   1.0000000000E+00
    5320   1.0000000000E+00
    5321   1.0000000000E+00
    5322   1.0000000000E+00
    5323   1.0000000000E+00
    5324   1.0000000000E+00
    5325   1.0000000000E+00
    5326   1.0000000000E+00
    5327   1.0000000000E+00
    5328   1.0000000000E+00
    5329   1.0000000000E+00
    5330   1.0000000000E+00
    5331   1.0000000000E+00
    5332   1.0000000000E+00
    5333   1.0000000000E+00
    5334   1.0000000000E+00
    5335   1.0000000000E+00
    5336   1.0000000000E+00
    5337   1.0000000000E+00
    5338   1.0000000000E+00
    5339   1.0000000000E+00
    5340   1.0000000000E+00
    5341   1.0000000000E+00
    5342   1.0000000000E+00
    5343   1.0000000000E+00
    5344   1.0000000000E+00
    5345   1.0000000000E+00
    5346   1.0000000000E+00
    5347   1.0000000000E+00
    5348   1.0000000000E+00
    5349   1.0000000000E+00
    5350   1.0000000000E+00
    5351   1.0000000000E+00
    5352   1.0000000000E+00
    5353   1.0000000000E+00
    5354   1.0000000000E+00
    5355   1.0000000000E+00
    5356   1.0000000000E+00
    5357   1.0000000000E+00
    5358   1.0000000000E+00
    5359   1.0000000000E+00
    5360   1.0000000000E+00
    5361   1.0000000000E+00
    5362   1.0000000000E+00
    5363   1.0000000000E+00
    5364   1.0000000000E+00
    5365   1.0000000000E+00
    5366   1.0000000000E+00
    5367   1.0000000000E+00
    5368   1.0000000000E+00
    5369   1.0000000000E+00
    5370   1.0000000000E+00
    5371   1.0000000000E+00
    5372   1.0000000000E+00
    5373   1.0000000000E+00
    5374   1.0000000000E+00
    5375   1.0000000000E+00
    5376   1.0000000000E+00
    5377   1.0000000000E+00
    5378   1.0000000000E+00
    5379   1.0000000000E+00
    5380   1.0000000000E+00
    5381   1.0000000000E+00
    5382   1.0000000000E+00
    5383   1.0000000000E+00
    5384   1.0000000000E+00
    5385   1.0000000000E+00
    5386   1.0000000000E+00
    5387   1.0000000000E+00
    5388   1.0000000000E+00
    5389   1.0000000000E+00
    5390   1.0000000000E+00
    5391   1.0000000000E+00
    5392   1.0000000000E+00
    5393   1.0000000000E+00
    5394   1.0000000000E+00
    5395   1.0000000000E+00
    5396   1.0000000000E+00
    5397   1.0000000000E+00
    5398   1.0000000000E+00
    5399   1.0000000000E+00
    5400   1.0000000000E+00
    5401   1.0000000000E+00
    5402   1.0000000000E+00
    5403   1.0000000000E+00
    5404   1.0000000000E+00
    5405   1.0000000000E+00
    5406   1.0000000000E+00
    5407   1.0000000000E+00
    5408   1.0000000000E+00
    5409   1.0000000000E+00
    5410   1.0000000000E+00
    5411   1.0000000000E+00
    5412   1.0000000000E+00
    5413   1.0000000000E+00
    5414   1.0000000000E+00
    5415   1.0000000000E+00
    5416   1.0000000000E+00
    5417   1.0000000000E+00
    5418   1.0000000000E+00
    5419   1.0000000000E+00
    5420   1.0000000000E+00
    5421   1.0000000000E+00
    5422   1.0000000000E+00
    5423   1.0000000000E+00
    5424   1.0000000000E+00
    5425   1.0000000000E+00
    5426   1.0000000000E+00
    5427   1.0000000000E+00
    5428   1.0000000000E+00
    5429   1.0000000000E+00
    5430   1.0000000000E+00
    5431   1.0000000000E+00
    5432   1.0000000000E+00
    5433   1.0000000000E+00
    5434   1.0000000000E+00
    5435   1.0000000000E+00
    5436   1.0000000000E+00
    5437   1.0000000000E+00
    5438   1.0000000000E+00
    5439   1.0000000000E+00
    5440   1.0000000000E+00
    5441   1.0000000000E+00
    5442   1.0000000000E+00
    5443   1.0000000000E+00
    5444   1.0000000000E+00
    5445   1.0000000000E+00
    5446   1.0000000000E+00
    5447   1.0000000000E+00
    5448   1.0000000000E+00
    5449   1.0000000000E+00
    5450   1.0000000000E+00
    5451   1.0000000000E+00
    5452   1.0000000000E+00
    5453   1.0000000000E+00
    5454   1.0000000000E+00
    5455   1.0000000000E+00
    5456   1.0000000000E+00
    5457   1.0000000000E+00
    5458   1.0000000000E+00
    5459   1.0000000000E+00
    5460   1.0000000000E+00
    5461   1.0000000000E+00
    5462   1.0000000000E+00
    5463   1.0000000000E+00
    5464   1.0000000000E+00
    5465   1.0000000000E+00
    5466   1.0000000000E+00
    5467   1.0000000000E+00
    5468   1.0000000000E+00
    5469   1.0000000000E+00
    5470   1.0000000000E+00
    5471   1.0000000000E+00
    5472   1.0000000000E+00
    5473   1.0000000000E+00
    5474   1.0000000000E+00
    5475   1.0000000000E+00
    5476   1.0000000000E+00
    5477   1.0000000000E+00
    5478   1.0000000000E+00
    5479   1.0000000000E+00
    5480   1.0000000000E+00
    5481   1.0000000000E+00
    5482   1.0000000000E+00
    5483   1.0000000000E+00
    5484   1.0000000000E+00
    5485   1.0000000000E+00
    5486   1.0000000000E+00
    5487   1.0000000000E+00
    5488   1.0000000000E+00
    5489   1.0000000000E+00
    5490   1.0000000000E+00
    5491   1.0000000000E+00
    5492   1.0000000000E+00
    5493   1.0000000000E+00
    5494   1.0000000000E+00
    5495   1.0000000000E+00
    5496   1.0000000000E+00
    5497   1.0000000000E+00
    5498   1.0000000000E+00
    5499   1.0000000000E+00
    5500   1.0000000000E+00
    5501   1.0000000000E+00
    5502   1.0000000000E+00
    5503   1.0000000000E+00
    5504   1.0000000000E+00
    5505   1.0000000000E+00
    5506   1.0000000000E+00
    5507   1.0000000000E+00
    5508   1.0000000000E+00
    5509   1.0000000000E+00
    5510   1.0000000000E+00
    5511   1.0000000000E+00
    5512   1.0000000000E+00
    5513   1.0000000000E+00
    5514   1.0000000000E+00
    5515   1.0000000000E+00
    5516   1.0000000000E+00
    5517   1.0000000000E+00
    5518   1.0000000000E+00
    5519   1.0000000000E+00
    5520   1.0000000000E+00
    5521   1.0000000000E+00
    5522   1.0000000000E+00
    5523   1.0000000000E+00
    5524   1.0000000000E+00
    5525   1.0000000000E+00
    5526   1.0000000000E+00
    5527   1.0000000000E+00
    5528   1.0000000000E+00
    5529   1.0000000000E+00
    5530   1.0000000000E+00
    5531   1.0000000000E+00
    5532   1.0000000000E+00
    5533   1.0000000000E+00
    5534   1.0000000000E+00
    5535   1.0000000000E+00
    5536   1.0000000000E+00
    5537   1.0000000000E+00
    5538   1.0000000000E+00
    5539   1.0000000000E+00
    5540   1.0000000000E+00
    5541   1.0000000000E+00
    5542   1.0000000000E+00
    5543   1.0000000000E+00
    5544   1.0000000000E+00
    5545   1.0000000000E+00
    5546   1.0000000000E+00
    5547   1.0000000000E+00
    5548   1.0000000000E+00
    5549   1.0000000000E+00
    5550   1.0000000000E+00
    5551   1.0000000000E+00
    5552   1.0000000000E+00
    5553   1.0000000000E+00
    5554   1.0000000000E+00
    5555   1.0000000000E+00
    5556   1.0000000000E+00
    5557   1.0000000000E+00
    5558   1.0000000000E+00
    5559   1.0000000000E+00
    5560   1.0000000000E+00
    5561   1.0000000000E+00
    5562   1.0000000000E+00
    5563   1.0000000000E+00
    5564   1.0000000000E+00
    5565   1.0000000000E+00
    5566   1.0000000000E+00
    5567   1.0000000000E+00
    5568   1.0000000000E+00
    5569   1.0000000000E+00
    5570   1.0000000000E+00
    5571   1.0000000000E+00
    5572   1.0000000000E+00
    5573   1.0000000000E+00
    5574   1.0000000000E+00
    5575   1.0000000000E+00
    5576   1.0000000000E+00
    5577   1.0000000000E+00
    5578   1.0000000000E+00
    5579   1.0000000000E+00
    5580   1.0000000000E+00
    5581   1.0000000000E+00
    5582   1.0000000000E+00
    5583   1.0000000000E+00
    5584   1.0000000000E+00
    5585   1.0000000000E+00
    5586   1.0000000000E+00
    5587   1.0000000000E+00
    5588   1.0000000000E+00
    5589   1.0000000000E+00
    5590   1.0000000000E+00
    5591   1.0000000000E+00
    5592   1.0000000000E+00
    5593   1.0000000000E+00
    5594   1.0000000000E+00
    5595   1.0000000000E+00
    5596   1.0000000000E+00
    5597   1.0000000000E+00
    5598   1.0000000000E+00
    5599   1.0000000000E+00
    5600   1.0000000000E+00
    5601   1.0000000000E+00
    5602   1.0000000000E+00
    5603   1.0000000000E+00
    5604   1.0000000000E+00
    5605   1.0000000000E+00
    5606   1.0000000000E+00
    5607   1.0000000000E+00
    5608   1.0000000000E+00
    5609   1.0000000000E+00
    5610   1.0000000000E+00
    5611   1.0000000000E+00
    5612   1.0000000000E+00
    5613   1.0000000000E+00
    5614   1.0000000000E+00
    5615   1.0000000000E+00
    5616   1.0000000000E+00
    5617   1.0000000000E+00
    5618   1.0000000000E+00
    5619   1.0000000000E+00
    5620   1.0000000000E+00
    5621   1.0000000000E+00
    5622   1.0000000000E+00
    5623   1.0000000000E+00
    5624   1.0000000000E+00
    5625   1.0000000000E+00
    5626   1.0000000000E+00
    5627   1.0000000000E+00
    5628   1.0000000000E+00
    5629   1.0000000000E+00
    5630   1.0000000000E+00
    5631   1.0000000000E+00
    5632   1.0000000000E+00
    5633   1.0000000000E+00
    5634   1.0000000000E+00
    5635   1.0000000000E+00
    5636   1.0000000000E+00
    5637   1.0000000000E+00
    5638   1.0000000000E+00
    5639   1.0000000000E+00
    5640   1.0000000000E+00
    5641   1.0000000000E+00
    5642   1.0000000000E+00
    5643   1.0000000000E+00
    5644   1.0000000000E+00
    5645   1.0000000000E+00
    5646   1.0000000000E+00
    5647   1.0000000000E+00
    5648   1.0000000000E+00
    5649   1.0000000000E+00
    5650   1.0000000000E+00
    5651   1.0000000000E+00
    5652   1.0000000000E+00
    5653   1.0000000000E+00
    5654   1.0000000000E+00
    5655   1.0000000000E+00
    5656   1.0000000000E+00
    5657   1.0000000000E+00
    5658   1.0000000000E+00
    5659   1.0000000000E+00
    5660   1.0000000000E+00
    5661   1.0000000000E+00
    5662   1.0000000000E+00
    5663   1.0000000000E+00
    5664   1.0000000000E+00
    5665   1.0000000000E+00
    5666   1.0000000000E+00
    5667   1.0000000000E+00
    5668   1.0000000000E+00
    5669   1.0000000000E+00
    5670   1.0000000000E+00
    5671   1.0000000000E+00
    5672   1.0000000000E+00
    5673   1.0000000000E+00
    5674   1.0000000000E+00
    5675   1.0000000000E+00
    5676   1.0000000000E+00
    5677   1.0000000000E+00
    5678   1.0000000000E+00
    5679   1.0000000000E+00
    5680   1.0000000000E+00
    5681   1.0000000000E+00
    5682   1.0000000000E+00
    5683   1.0000000000E+00
    5684   1.0000000000E+00
    5685   1.0000000000E+00
    5686   1.0000000000E+00
    5687   1.0000000000E+00
    5688   1.0000000000E+00
    5689   1.0000000000E+00
    5690   1.0000000000E+00
    5691   1.0000000000E+00
    5692   1.0000000000E+00
    5693   1.0000000000E+00
    5694   1.0000000000E+00
    5695   1.0000000000E+00
    5696   1.0000000000E+00
    5697   1.0000000000E+00
    5698   1.0000000000E+00
    5699   1.0000000000E+00
    5700   1.0000000000E+00
    5701   1.0000000000E+00
    5702   1.0000000000E+00
    5703   1.0000000000E+00
    5704   1.0000000000E+00
    5705   1.0000000000E+00
    5706   1.0000000000E+00
    5707   1.0000000000E+00
    5708   1.0000000000E+00
    5709   1.0000000000E+00
    5710   1.0000000000E+00
    5711   1.0000000000E+00
    5712   1.0000000000E+00
    5713   1.0000000000E+00
    5714   1.0000000000E+00
    5715   1.0000000000E+00
    5716   1.0000000000E+00
    5717   1.0000000000E+00
    5718   1.0000000000E+00
    5719   1.0000000000E+00
    5720   1.0000000000E+00
    5721   1.0000000000E+00
    5722   1.0000000000E+00
    5723   1.0000000000E+00
    5724   1.0000000000E+00
    5725   1.0000000000E+00
    5726   1.0000000000E+00
    5727   1.0000000000E+00
    5728   1.0000000000E+00
    5729   1.0000000000E+00
    5730   1.0000000000E+00
    5731   1.0000000000E+00
    5732   1.0000000000E+00
    5733   1.0000000000E+00
    5734   1.0000000000E+00
    5735   1.0000000000E+00
    5736   1.0000000000E+00
    5737   1.0000000000E+00
    5738   1.0000000000E+00
    5739   1.0000000000E+00
    5740   1.0000000000E+00
    5741   1.0000000000E+00
    5742   1.0000000000E+00
    5743   1.0000000000E+00
    5744   1.0000000000E+00
    5745   1.0000000000E+00
    5746   1.0000000000E+00
    5747   1.0000000000E+00
    5748   1.0000000000E+00
    5749   1.0000000000E+00
    5750   1.0000000000E+00
    5751   1.0000000000E+00
    5752   1.0000000000E+00
    5753   1.0000000000E+00
    5754   1.0000000000E+00
    5755   1.0000000000E+00
    5756   1.0000000000E+00
    5757   1.0000000000E+00
    5758   1.0000000000E+00
    5759   1.0000000000E+00
    5760   1.0000000000E+00
    5761   1.0000000000E+00
    5762   1.0000000000E+00
    5763   1.0000000000E+00
    5764   1.0000000000E+00
    5765   1.0000000000E+00
    5766   1.0000000000E+00
    5767   1.0000000000E+00
    5768   1.0000000000E+00
    5769   1.0000000000E+00
    5770   1.0000000000E+00
    5771   1.0000000000E+00
    5772   1.0000000000E+00
    5773   1.0000000000E+00
    5774   1.0000000000E+00
    5775   1.0000000000E+00
    5776   1.0000000000E+00
    5777   1.0000000000E+00
    5778   1.0000000000E+00
    5779   1.0000000000E+00
    5780   1.0000000000E+00
    5781   1.0000000000E+00
    5782   1.0000000000E+00
    5783   1.0000000000E+00
    5784   1.0000000000E+00
    5785   1.0000000000E+00
    5786   1.0000000000E+00
    5787   1.0000000000E+00
    5788   1.0000000000E+00
    5789   1.0000000000E+00
    5790   1.0000000000E+00
    5791   1.0000000000E+00
    5792   1.0000000000E+00
    5793   1.0000000000E+00
    5794   1.0000000000E+00
    5795   1.0000000000E+00
    5796   1.0000000000E+00
    5797   1.0000000000E+00
    5798   1.0000000000E+00
    5799   1.0000000000E+00
    5800   1.0000000000E+00
    5801   1.0000000000E+00
    5802   1.0000000000E+00
    5803   1.0000000000E+00
    5804   1.0000000000E+00
    5805   1.0000000000E+00
    5806   1.0000000000E+00
    5807   1.0000000000E+00
    5808   1.0000000000E+00
    5809   1.0000000000E+00
    5810   1.0000000000E+00
    5811   1.0000000000E+00
    5812   1.0000000000E+00
    5813   1.0000000000E+00
    5814   1.0000000000E+00
    5815   1.0000000000E+00
    5816   1.0000000000E+00
    5817   1.0000000000E+00
    5818   1.0000000000E+00
    5819   1.0000000000E+00
    5820   1.0000000000E+00
    5821   1.0000000000E+00
    5822   1.0000000000E+00
    5823   1.0000000000E+00
    5824   1.0000000000E+00
    5825   1.0000000000E+00
    5826   1.0000000000E+00
    5827   1.0000000000E+00
    5828   1.0000000000E+00
    5829   1.0000000000E+00
    5830   1.0000000000E+00
    5831   1.0000000000E+00
    5832   1.0000000000E+00
    5833   1.0000000000E+00
    5834   1.0000000000E+00
    5835   1.0000000000E+00
    5836   1.0000000000E+00
    5837   1.0000000000E+00
    5838   1.0000000000E+00
    5839   1.0000000000E+00
    5840   1.0000000000E+00
    5841   1.0000000000E+00
    5842   1.0000000000E+00
    5843   1.0000000000E+00
    5844   1.0000000000E+00
    5845   1.0000000000E+00
    5846   1.0000000000E+00
    5847   1.0000000000E+00
    5848   1.0000000000E+00
    5849   1.0000000000E+00
    5850   1.0000000000E+00
    5851   1.0000000000E+00
    5852   1.0000000000E+00
    5853   1.0000000000E+00
    5854   1.0000000000E+00
    5855   1.0000000000E+00
    5856   1.0000000000E+00
    5857   1.0000000000E+00
    5858   1.0000000000E+00
    5859   1.0000000000E+00
    5860   1.0000000000E+00
    5861   1.0000000000E+00
    5862   1.0000000000E+00
    5863   1.0000000000E+00
    5864   1.0000000000E+00
    5865   1.0000000000E+00
    5866   1.0000000000E+00
    5867   1.0000000000E+00
    5868   1.0000000000E+00
    5869   1.0000000000E+00
    5870   1.0000000000E+00
    5871   1.0000000000E+00
    5872   1.0000000000E+00
    5873   1.0000000000E+00
    5874   1.0000000000E+00
    5875   1.0000000000E+00
    5876   1.0000000000E+00
    5877   1.0000000000E+00
    5878   1.0000000000E+00
    5879   1.0000000000E+00
    5880   1.0000000000E+00
    5881   1.0000000000E+00
    5882   1.0000000000E+00
    5883   1.0000000000E+00
    5884   1.0000000000E+00
    5885   1.0000000000E+00
    5886   1.0000000000E+00
    5887   1.0000000000E+00
    5888   1.0000000000E+00
    5889   1.0000000000E+00
    5890   1.0000000000E+00
    5891   1.0000000000E+00
    5892   1.0000000000E+00
    5893   1.0000000000E+00
    5894   1.0000000000E+00
    5895   1.0000000000E+00
    5896   1.0000000000E+00
    5897   1.0000000000E+00
    5898   1.0000000000E+00
    5899   1.0000000000E+00
    5900   1.0000000000E+00
    5901   1.0000000000E+00
    5902   1.0000000000E+00
    5903   1.0000000000E+00
    5904   1.0000000000E+00
    5905   1.0000000000E+00
    5906   1.0000000000E+00
    5907   1.0000000000E+00
    5908   1.0000000000E+00
    5909   1.0000000000E+00
    5910   1.0000000000E+00
    5911   1.0000000000E+00
    5912   1.0000000000E+00
    5913   1.0000000000E+00
    5914   1.0000000000E+00
    5915   1.0000000000E+00
    5916   1.0000000000E+00
    5917   1.0000000000E+00
    5918   1.0000000000E+00
    5919   1.0000000000E+00
    5920   1.0000000000E+00
    5921   1.0000000000E+00
    5922   1.0000000000E+00
    5923   1.0000000000E+00
    5924   1.0000000000E+00
    5925   1.0000000000E+00
    5926   1.0000000000E+00
    5927   1.0000000000E+00
    5928   1.0000000000E+00
    5929   1.0000000000E+00
    5930   1.0000000000E+00
    5931   1.0000000000E+00
    5932   1.0000000000E+00
    5933   1.0000000000E+00
    5934   1.0000000000E+00
    5935   1.0000000000E+00
    5936   1.0000000000E+00
    5937   1.0000000000E+00
    5938   1.0000000000E+00
    5939   1.0000000000E+00
    5940   1.0000000000E+00
    5941   1.0000000000E+00
    5942   1.0000000000E+00
    5943   1.0000000000E+00
    5944   1.0000000000E+00
    5945   1.0000000000E+00
    5946   1.0000000000E+00
    5947   1.0000000000E+00
    5948   1.0000000000E+00
    5949   1.0000000000E+00
    5950   1.0000000000E+00
    5951   1.0000000000E+00
    5952   1.0000000000E+00
    5953   1.0000000000E+00
    5954   1.0000000000E+00
    5955   1.0000000000E+00
    5956   1.0000000000E+00
    5957   1.0000000000E+00
    5958   1.0000000000E+00
    5959   1.0000000000E+00
    5960   1.0000000000E+00
    5961   1.0000000000E+00
    5962   1.0000000000E+00
    5963   1.0000000000E+00
    5964   1.0000000000E+00
    5965   1.0000000000E+00
    5966   1.0000000000E+00
    5967   1.0000000000E+00
    5968   1.0000000000E+00
    5969   1.0000000000E+00
    5970   1.0000000000E+00
    5971   1.0000000000E+00
    5972   1.0000000000E+00
    5973   1.0000000000E+00
    5974   1.0000000000E+00
    5975   1.0000000000E+00
    5976   1.0000000000E+00
    5977   1.0000000000E+00
    5978   1.0000000000E+00
    5979   1.0000000000E+00
    5980   1.0000000000E+00
    5981   1.0000000000E+00
    5982   1.0000000000E+00
    5983   1.0000000000E+00
    5984   1.0000000000E+00
    5985   1.0000000000E+00
    5986   1.0000000000E+00
    5987   1.0000000000E+00
    5988   1.0000000000E+00
    5989   1.0000000000E+00
    5990   1.0000000000E+00
    5991   1.0000000000E+00
    5992   1.0000000000E+00
    5993   1.0000000000E+00
    5994   1.0000000000E+00
    5995   1.0000000000E+00
    5996   1.0000000000E+00
    5997   1.0000000000E+00
    5998   1.0000000000E+00
    5999   1.0000000000E+00
    6000   1.0000000000E+00
    6001   1.0000000000E+00
    6002   1.0000000000E+00
    6003   1.0000000000E+00
    6004   1.0000000000E+00
    6005   1.0000000000E+00
    6006   1.0000000000E+00
    6007   1.0000000000E+00
    6008   1.0000000000E+00
    6009   1.0000000000E+00
    6010   1.0000000000E+00
    6011   1.0000000000E+00
    6012   1.0000000000E+00
    6013   1.0000000000E+00
    6014   1.0000000000E+00
    6015   1.0000000000E+00
    6016   1.0000000000E+00
    6017   1.0000000000E+00
    6018   1.0000000000E+00
    6019   1.0000000000E+00
    6020   1.0000000000E+00
    6021   1.0000000000E+00
    6022   1.0000000000E+00
    6023   1.0000000000E+00
    6024   1.0000000000E+00
    6025   1.0000000000E+00
    6026   1.0000000000E+00
    6027   1.0000000000E+00
    6028   1.0000000000E+00
    6029   1.0000000000E+00
    6030   1.0000000000E+00
    6031   1.0000000000E+00
    6032   1.0000000000E+00
    6033   1.0000000000E+00
    6034   1.0000000000E+00
    6035   1.0000000000E+00
    6036   1.0000000000E+00
    6037   1.0000000000E+00
    6038   1.0000000000E+00
    6039   1.0000000000E+00
    6040   1.0000000000E+00
    6041   1.0000000000E+00
    6042   1.0000000000E+00
    6043   1.0000000000E+00
    6044   1.0000000000E+00
    6045   1.0000000000E+00
    6046   1.0000000000E+00
    6047   1.0000000000E+00
    6048   1.0000000000E+00
    6049   1.0000000000E+00
    6050   1.0000000000E+00
    6051   1.0000000000E+00
    6052   1.0000000000E+00
    6053   1.0000000000E+00
    6054   1.0000000000E+00
    6055   1.0000000000E+00
    6056   1.0000000000E+00
    6057   1.0000000000E+00
    6058   1.0000000000E+00
    6059   1.0000000000E+00
    6060   1.0000000000E+00
    6061   1.0000000000E+00
    6062   1.0000000000E+00
    6063   1.0000000000E+00
    6064   1.0000000000E+00
    6065   1.0000000000E+00
    6066   1.0000000000E+00
    6067   1.0000000000E+00
    6068   1.0000000000E+00
    6069   1.0000000000E+00
    6070   1.0000000000E+00
    6071   1.0000000000E+00
    6072   1.0000000000E+00
    6073   1.0000000000E+00
    6074   1.0000000000E+00
    6075   1.0000000000E+00
    6076   1.0000000000E+00
    6077   1.0000000000E+00
    6078   1.0000000000E+00
    6079   1.0000000000E+00
    6080   1.0000000000E+00
    6081   1.0000000000E+00
    6082   1.0000000000E+00
    6083   1.0000000000E+00
    6084   1.0000000000E+00
    6085   1.0000000000E+00
    6086   1.0000000000E+00
    6087   1.0000000000E+00
    6088   1.0000000000E+00
    6089   1.0000000000E+00
    6090   1.0000000000E+00
    6091   1.0000000000E+00
    6092   1.0000000000E+00
    6093   1.0000000000E+00
    6094   1.0000000000E+00
    6095   1.0000000000E+00
    6096   1.0000000000E+00
    6097   1.0000000000E+00
    6098   1.0000000000E+00
    6099   1.0000000000E+00
    6100   1.0000000000E+00
    6101   1.0000000000E+00
    6102   1.0000000000E+00
    6103   1.0000000000E+00
    6104   1.0000000000E+00
    6105   1.0000000000E+00
    6106   1.0000000000E+00
    6107   1.0000000000E+00
    6108   1.0000000000E+00
    6109   1.0000000000E+00
    6110   1.0000000000E+00
    6111   1.0000000000E+00
    6112   1.0000000000E+00
    6113   1.0000000000E+00
    6114   1.0000000000E+00
    6115   1.0000000000E+00
    6116   1.0000000000E+00
    6117   1.0000000000E+00
    6118   1.0000000000E+00
    6119   1.0000000000E+00
    6120   1.0000000000E+00
    6121   1.0000000000E+00
    6122   1.0000000000E+00
    6123   1.0000000000E+00
    6124   1.0000000000E+00
    6125   1.0000000000E+00
    6126   1.0000000000E+00
    6127   1.0000000000E+00
    6128   1.0000000000E+00
    6129   1.0000000000E+00
    6130   1.0000000000E+00
    6131   1.0000000000E+00
    6132   1.0000000000E+00
    6133   1.0000000000E+00
    6134   1.0000000000E+00
    6135   1.0000000000E+00
    6136   1.0000000000E+00
    6137   1.0000000000E+00
    6138   1.0000000000E+00
    6139   1.0000000000E+00
    6140   1.0000000000E+00
    6141   1.0000000000E+00
    6142   1.0000000000E+00
    6143   1.0000000000E+00
    6144   1.0000000000E+00
    6145   1.0000000000E+00
    6146   1.0000000000E+00
    6147   1.0000000000E+00
    6148   1.0000000000E+00
    6149   1.0000000000E+00
    6150   1.0000000000E+00
    6151   1.0000000000E+00
    6152   1.0000000000E+00
    6153   1.0000000000E+00
    6154   1.0000000000E+00
    6155   1.0000000000E+00
    6156   1.0000000000E+00
    6157   1.0000000000E+00
    6158   1.0000000000E+00
    6159   1.0000000000E+00
    6160   1.0000000000E+00
    6161   1.0000000000E+00
    6162   1.0000000000E+00
    6163   1.0000000000E+00
    6164   1.0000000000E+00
    6165   1.0000000000E+00
    6166   1.0000000000E+00
    6167   1.0000000000E+00
    6168   1.0000000000E+00
    6169   1.0000000000E+00
    6170   1.0000000000E+00
    6171   1.0000000000E+00
    6172   1.0000000000E+00
    6173   1.0000000000E+00
    6174   1.0000000000E+00
    6175   1.0000000000E+00
    6176   1.0000000000E+00
    6177   1.0000000000E+00
    6178   1.0000000000E+00
    6179   1.0000000000E+00
    6180   1.0000000000E+00
    6181   1.0000000000E+00
    6182   1.0000000000E+00
    6183   1.0000000000E+00
    6184   1.0000000000E+00
    6185   1.0000000000E+00
    6186   1.0000000000E+00
    6187   1.0000000000E+00
    6188   1.0000000000E+00
    6189   1.0000000000E+00
    6190   1.0000000000E+00
    6191   1.0000000000E+00
    6192   1.0000000000E+00
    6193   1.0000000000E+00
    6194   1.0000000000E+00
    6195   1.0000000000E+00
    6196   1.0000000000E+00
    6197   1.0000000000E+00
    6198   1.0000000000E+00
    6199   1.0000000000E+00
    6200   1.0000000000E+00
    6201   1.0000000000E+00
    6202   1.0000000000E+00
    6203   1.0000000000E+00
    6204   1.0000000000E+00
    6205   1.0000000000E+00
    6206   1.0000000000E+00
    6207   1.0000000000E+00
    6208   1.0000000000E+00
    6209   1.0000000000E+00
    6210   1.0000000000E+00
    6211   1.0000000000E+00
    6212   1.0000000000E+00
    6213   1.0000000000E+00
    6214   1.0000000000E+00
    6215   1.0000000000E+00
    6216   1.0000000000E+00
    6217   1.0000000000E+00
    6218   1.0000000000E+00
    6219   1.0000000000E+00
    6220   1.0000000000E+00
    6221   1.0000000000E+00
    6222   1.0000000000E+00
    6223   1.0000000000E+00
    6224   1.0000000000E+00
    6225   1.0000000000E+00
    6226   1.0000000000E+00
    6227   1.0000000000E+00
    6228   1.0000000000E+00
    6229   1.0000000000E+00
    6230   1.0000000000E+00
    6231   1.0000000000E+00
    6232   1.0000000000E+00
    6233   1.0000000000E+00
    6234   1.0000000000E+00
    6235   1.0000000000E+00
    6236   1.0000000000E+00
    6237   1.0000000000E+00
    6238   1.0000000000E+00
    6239   1.0000000000E+00
    6240   1.0000000000E+00
    6241   1.0000000000E+00
    6242   1.0000000000E+00
    6243   1.0000000000E+00
    6244   1.0000000000E+00
    6245   1.0000000000E+00
    6246   1.0000000000E+00
    6247   1.0000000000E+00
    6248   1.0000000000E+00
    6249   1.0000000000E+00
    6250   1.0000000000E+00
    6251   1.0000000000E+00
    6252   1.0000000000E+00
    6253   1.0000000000E+00
    6254   1.0000000000E+00
    6255   1.0000000000E+00
    6256   1.0000000000E+00
    6257   1.0000000000E+00
    6258   1.0000000000E+00
    6259   1.0000000000E+00
    6260   1.0000000000E+00
    6261   1.0000000000E+00
    6262   1.0000000000E+00
    6263   1.0000000000E+00
    6264   1.0000000000E+00
    6265   1.0000000000E+00
    6266   1.0000000000E+00
    6267   1.0000000000E+00
    6268   1.0000000000E+00
    6269   1.0000000000E+00
    6270   1.0000000000E+00
    6271   1.0000000000E+00
    6272   1.0000000000E+00
    6273   1.0000000000E+00
    6274   1.0000000000E+00
    6275   1.0000000000E+00
    6276   1.0000000000E+00
    6277   1.0000000000E+00
    6278   1.0000000000E+00
    6279   1.0000000000E+00
    6280   1.0000000000E+00
    6281   1.0000000000E+00
    6282   1.0000000000E+00
    6283   1.0000000000E+00
    6284   1.0000000000E+00
    6285   1.0000000000E+00
    6286   1.0000000000E+00
    6287   1.0000000000E+00
    6288   1.0000000000E+00
    6289   1.0000000000E+00
    6290   1.0000000000E+00
    6291   1.0000000000E+00
    6292   1.0000000000E+00
    6293   1.0000000000E+00
    6294   1.0000000000E+00
    6295   1.0000000000E+00
    6296   1.0000000000E+00
    6297   1.0000000000E+00
    6298   1.0000000000E+00
    6299   1.0000000000E+00
    6300   1.0000000000E+00
    6301   1.0000000000E+00
    6302   1.0000000000E+00
    6303   1.0000000000E+00
    6304   1.0000000000E+00
    6305   1.0000000000E+00
    6306   1.0000000000E+00
    6307   1.0000000000E+00
    6308   1.0000000000E+00
    6309   1.0000000000E+00
    6310   1.0000000000E+00
    6311   1.0000000000E+00
    6312   1.0000000000E+00
    6313   1.0000000000E+00
    6314   1.0000000000E+00
    6315   1.0000000000E+00
    6316   1.0000000000E+00
    6317   1.0000000000E+00
    6318   1.0000000000E+00
    6319   1.0000000000E+00
    6320   1.0000000000E+00
    6321   1.0000000000E+00
    6322   1.0000000000E+00
    6323   1.0000000000E+00
    6324   1.0000000000E+00
    6325   1.0000000000E+00
    6326   1.0000000000E+00
    6327   1.0000000000E+00
    6328   1.0000000000E+00
    6329   1.0000000000E+00
    6330   1.0000000000E+00
    6331   1.0000000000E+00
    6332   1.0000000000E+00
    6333   1.0000000000E+00
    6334   1.0000000000E+00
    6335   1.0000000000E+00
    6336   1.0000000000E+00
    6337   1.0000000000E+00
    6338   1.0000000000E+00
    6339   1.0000000000E+00
    6340   1.0000000000E+00
    6341   1.0000000000E+00
    6342   1.0000000000E+00
    6343   1.0000000000E+00
    6344   1.0000000000E+00
    6345   1.0000000000E+00
    6346   1.0000000000E+00
    6347   1.0000000000E+00
    6348   1.0000000000E+00
    6349   1.0000000000E+00
    6350   1.0000000000E+00
    6351   1.0000000000E+00
    6352   1.0000000000E+00
    6353   1.0000000000E+00
    6354   1.0000000000E+00
    6355   1.0000000000E+00
    6356   1.0000000000E+00
    6357   1.0000000000E+00
    6358   1.0000000000E+00
    6359   1.0000000000E+00
    6360   1.0000000000E+00
    6361   1.0000000000E+00
    6362   1.0000000000E+00
    6363   1.0000000000E+00
    6364   1.0000000000E+00
    6365   1.0000000000E+00
    6366   1.0000000000E+00
    6367   1.0000000000E+00
    6368   1.0000000000E+00
    6369   1.0000000000E+00
    6370   1.0000000000E+00
    6371   1.0000000000E+00
    6372   1.0000000000E+00
    6373   1.0000000000E+00
    6374   1.0000000000E+00
    6375   1.0000000000E+00
    6376   1.0000000000E+00
    6377   1.0000000000E+00
    6378   1.0000000000E+00
    6379   1.0000000000E+00
    6380   1.0000000000E+00
    6381   1.0000000000E+00
    6382   1.0000000000E+00
    6383   1.0000000000E+00
    6384   1.0000000000E+00
    6385   1.0000000000E+00
    6386   1.0000000000E+00
    6387   1.0000000000E+00
    6388   1.0000000000E+00
    6389   1.0000000000E+00
    6390   1.0000000000E+00
    6391   1.0000000000E+00
    6392   1.0000000000E+00
    6393   1.0000000000E+00
    6394   1.0000000000E+00
    6395   1.0000000000E+00
    6396   1.0000000000E+00
    6397   1.0000000000E+00
    6398   1.0000000000E+00
    6399   1.0000000000E+00
    6400   1.0000000000E+00
    6401   1.0000000000E+00
    6402   1.0000000000E+00
    6403   1.0000000000E+00
    6404   1.0000000000E+00
    6405   1.0000000000E+00
    6406   1.0000000000E+00
    6407   1.0000000000E+00
    6408   1.0000000000E+00
    6409   1.0000000000E+00
    6410   1.0000000000E+00
    6411   1.0000000000E+00
    6412   1.0000000000E+00
    6413   1.0000000000E+00
    6414   1.0000000000E+00
    6415   1.0000000000E+00
    6416   1.0000000000E+00
    6417   1.0000000000E+00
    6418   1.0000000000E+00
    6419   1.0000000000E+00
    6420   1.0000000000E+00
    6421   1.0000000000E+00
    6422   1.0000000000E+00
    6423   1.0000000000E+00
    6424   1.0000000000E+00
    6425   1.0000000000E+00
    6426   1.0000000000E+00
    6427   1.0000000000E+00
    6428   1.0000000000E+00
    6429   1.0000000000E+00
    6430   1.0000000000E+00
    6431   1.0000000000E+00
    6432   1.0000000000E+00
    6433   1.0000000000E+00
    6434   1.0000000000E+00
    6435   1.0000000000E+00
    6436   1.0000000000E+00
    6437   1.0000000000E+00
    6438   1.0000000000E+00
    6439   1.0000000000E+00
    6440   1.0000000000E+00
    6441   1.0000000000E+00
    6442   1.0000000000E+00
    6443   1.0000000000E+00
    6444   1.0000000000E+00
    6445   1.0000000000E+00
    6446   1.0000000000E+00
    6447   1.0000000000E+00
    6448   1.0000000000E+00
    6449   1.0000000000E+00
    6450   1.0000000000E+00
    6451   1.0000000000E+00
    6452   1.0000000000E+00
    6453   1.0000000000E+00
    6454   1.0000000000E+00
    6455   1.0000000000E+00
    6456   1.0000000000E+00
    6457   1.0000000000E+00
    6458   1.0000000000E+00
    6459   1.0000000000E+00
    6460   1.0000000000E+00
    6461   1.0000000000E+00
    6462   1.0000000000E+00
    6463   1.0000000000E+00
    6464   1.0000000000E+00
    6465   1.0000000000E+00
    6466   1.0000000000E+00
    6467   1.0000000000E+00
    6468   1.0000000000E+00
    6469   1.0000000000E+00
    6470   1.0000000000E+00
    6471   1.0000000000E+00
    6472   1.0000000000E+00
    6473   1.0000000000E+00
    6474   1.0000000000E+00
    6475   1.0000000000E+00
    6476   1.0000000000E+00
    6477   1.0000000000E+00
    6478   1.0000000000E+00
    6479   1.0000000000E+00
    6480   1.0000000000E+00
    6481   1.0000000000E+00
    6482   1.0000000000E+00
    6483   1.0000000000E+00
    6484   1.0000000000E+00
    6485   1.0000000000E+00
    6486   1.0000000000E+00
    6487   1.0000000000E+00
    6488   1.0000000000E+00
    6489   1.0000000000E+00
    6490   1.0000000000E+00
    6491   1.0000000000E+00
    6492   1.0000000000E+00
    6493   1.0000000000E+00
    6494   1.0000000000E+00
    6495   1.0000000000E+00
    6496   1.0000000000E+00
    6497   1.0000000000E+00
    6498   1.0000000000E+00
    6499   1.0000000000E+00
    6500   1.0000000000E+00
    6501   1.0000000000E+00
    6502   1.0000000000E+00
    6503   1.0000000000E+00
    6504   1.0000000000E+00
    6505   1.0000000000E+00
    6506   1.0000000000E+00
    6507   1.0000000000E+00
    6508   1.0000000000E+00
    6509   1.0000000000E+00
    6510   1.0000000000E+00
    6511   1.0000000000E+00
    6512   1.0000000000E+00
    6513   1.0000000000E+00
    6514   1.0000000000E+00
    6515   1.0000000000E+00
    6516   1.0000000000E+00
    6517   1.0000000000E+00
    6518   1.0000000000E+00
    6519   1.0000000000E+00
    6520   1.0000000000E+00
    6521   1.0000000000E+00
    6522   1.0000000000E+00
    6523   1.0000000000E+00
    6524   1.0000000000E+00
    6525   1.0000000000E+00
    6526   1.0000000000E+00
    6527   1.0000000000E+00
    6528   1.0000000000E+00
    6529   1.0000000000E+00
    6530   1.0000000000E+00
    6531   1.0000000000E+00
    6532   1.0000000000E+00
    6533   1.0000000000E+00
    6534   1.0000000000E+00
    6535   1.0000000000E+00
    6536   1.0000000000E+00
    6537   1.0000000000E+00
    6538   1.0000000000E+00
    6539   1.0000000000E+00
    6540   1.0000000000E+00
    6541   1.0000000000E+00
    6542   1.0000000000E+00
    6543   1.0000000000E+00
    6544   1.0000000000E+00
    6545   1.0000000000E+00
    6546   1.0000000000E+00
    6547   1.0000000000E+00
    6548   1.0000000000E+00
    6549   1.0000000000E+00
    6550   1.0000000000E+00
    6551   1.0000000000E+00
    6552   1.0000000000E+00
    6553   1.0000000000E+00
    6554   1.0000000000E+00
    6555   1.0000000000E+00
    6556   1.0000000000E+00
    6557   1.0000000000E+00
    6558   1.0000000000E+00
    6559   1.0000000000E+00
    6560   1.0000000000E+00
    6561   1.0000000000E+00
    6562   1.0000000000E+00
    6563   1.0000000000E+00
    6564   1.0000000000E+00
    6565   1.0000000000E+00
    6566   1.0000000000E+00
    6567   1.0000000000E+00
    6568   1.0000000000E+00
    6569   1.0000000000E+00
    6570   1.0000000000E+00
    6571   1.0000000000E+00
    6572   1.0000000000E+00
    6573   1.0000000000E+00
    6574   1.0000000000E+00
    6575   1.0000000000E+00
    6576   1.0000000000E+00
    6577   1.0000000000E+00
    6578   1.0000000000E+00
    6579   1.0000000000E+00
    6580   1.0000000000E+00
    6581   1.0000000000E+00
    6582   1.0000000000E+00
    6583   1.0000000000E+00
    6584   1.0000000000E+00
    6585   1.0000000000E+00
    6586   1.0000000000E+00
    6587   1.0000000000E+00
    6588   1.0000000000E+00
    6589   1.0000000000E+00
    6590   1.0000000000E+00
    6591   1.0000000000E+00
    6592   1.0000000000E+00
    6593   1.0000000000E+00
    6594   1.0000000000E+00
    6595   1.0000000000E+00
    6596   1.0000000000E+00
    6597   1.0000000000E+00
    6598   1.0000000000E+00
    6599   1.0000000000E+00
    6600   1.0000000000E+00
    6601   1.0000000000E+00
    6602   1.0000000000E+00
    6603   1.0000000000E+00
    6604   1.0000000000E+00
    6605   1.0000000000E+00
    6606   1.0000000000E+00
    6607   1.0000000000E+00
    6608   1.0000000000E+00
    6609   1.0000000000E+00
    6610   1.0000000000E+00
    6611   1.0000000000E+00
    6612   1.0000000000E+00
    6613   1.0000000000E+00
    6614   1.0000000000E+00
    6615   1.0000000000E+00
    6616   1.0000000000E+00
    6617   1.0000000000E+00
    6618   1.0000000000E+00
    6619   1.0000000000E+00
    6620   1.0000000000E+00
    6621   1.0000000000E+00
    6622   1.0000000000E+00
    6623   1.0000000000E+00
    6624   1.0000000000E+00
    6625   1.0000000000E+00
    6626   1.0000000000E+00
    6627   1.0000000000E+00
    6628   1.0000000000E+00
    6629   1.0000000000E+00
    6630   1.0000000000E+00
    6631   1.0000000000E+00
    6632   1.0000000000E+00
    6633   1.0000000000E+00
    6634   1.0000000000E+00
    6635   1.0000000000E+00
    6636   1.0000000000E+00
    6637   1.0000000000E+00
    6638   1.0000000000E+00
    6639   1.0000000000E+00
    6640   1.0000000000E+00
    6641   1.0000000000E+00
    6642   1.0000000000E+00
    6643   1.0000000000E+00
    6644   1.0000000000E+00
    6645   1.0000000000E+00
    6646   1.0000000000E+00
    6647   1.0000000000E+00
    6648   1.0000000000E+00
    6649   1.0000000000E+00
    6650   1.0000000000E+00
    6651   1.0000000000E+00
    6652   1.0000000000E+00
    6653   1.0000000000E+00
    6654   1.0000000000E+00
    6655   1.0000000000E+00
    6656   1.0000000000E+00
    6657   1.0000000000E+00
    6658   1.0000000000E+00
    6659   1.0000000000E+00
    6660   1.0000000000E+00
    6661   1.0000000000E+00
    6662   1.0000000000E+00
    6663   1.0000000000E+00
    6664   1.0000000000E+00
    6665   1.0000000000E+00
    6666   1.0000000000E+00
    6667   1.0000000000E+00
    6668   1.0000000000E+00
    6669   1.0000000000E+00
    6670   1.0000000000E+00
    6671   1.0000000000E+00
    6672   1.0000000000E+00
    6673   1.0000000000E+00
    6674   1.0000000000E+00
    6675   1.0000000000E+00
    6676   1.0000000000E+00
    6677   1.0000000000E+00
    6678   1.0000000000E+00
    6679   1.0000000000E+00
    6680   1.0000000000E+00
    6681   1.0000000000E+00
    6682   1.0000000000E+00
    6683   1.0000000000E+00
    6684   1.0000000000E+00
    6685   1.0000000000E+00
    6686   1.0000000000E+00
    6687   1.0000000000E+00
    6688   1.0000000000E+00
    6689   1.0000000000E+00
    6690   1.0000000000E+00
    6691   1.0000000000E+00
    6692   1.0000000000E+00
    6693   1.0000000000E+00
    6694   1.0000000000E+00
    6695   1.0000000000E+00
    6696   1.0000000000E+00
    6697   1.0000000000E+00
    6698   1.0000000000E+00
    6699   1.0000000000E+00
    6700   1.0000000000E+00
    6701   1.0000000000E+00
    6702   1.0000000000E+00
    6703   1.0000000000E+00
    6704   1.0000000000E+00
    6705   1.0000000000E+00
    6706   1.0000000000E+00
    6707   1.0000000000E+00
    6708   1.0000000000E+00
    6709   1.0000000000E+00
    6710   1.0000000000E+00
    6711   1.0000000000E+00
    6712   1.0000000000E+00
    6713   1.0000000000E+00
    6714   1.0000000000E+00
    6715   1.0000000000E+00
    6716   1.0000000000E+00
    6717   1.0000000000E+00
    6718   1.0000000000E+00
    6719   1.0000000000E+00
    6720   1.0000000000E+00
    6721   1.0000000000E+00
    6722   1.0000000000E+00
    6723   1.0000000000E+00
    6724   1.0000000000E+00
    6725   1.0000000000E+00
    6726   1.0000000000E+00
    6727   1.0000000000E+00
    6728   1.0000000000E+00
    6729   1.0000000000E+00
    6730   1.0000000000E+00
    6731   1.0000000000E+00
    6732   1.0000000000E+00
    6733   1.0000000000E+00
    6734   1.0000000000E+00
    6735   1.0000000000E+00
    6736   1.0000000000E+00
    6737   1.0000000000E+00
    6738   1.0000000000E+00
    6739   1.0000000000E+00
    6740   1.0000000000E+00
    6741   1.0000000000E+00
    6742   1.0000000000E+00
    6743   1.0000000000E+00
    6744   1.0000000000E+00
    6745   1.0000000000E+00
    6746   1.0000000000E+00
    6747   1.0000000000E+00
    6748   1.0000000000E+00
    6749   1.0000000000E+00
    6750   1.0000000000E+00
    6751   1.0000000000E+00
    6752   1.0000000000E+00
    6753   1.0000000000E+00
    6754   1.0000000000E+00
    6755   1.0000000000E+00
    6756   1.0000000000E+00
    6757   1.0000000000E+00
    6758   1.0000000000E+00
    6759   1.0000000000E+00
    6760   1.0000000000E+00
    6761   1.0000000000E+00
    6762   1.0000000000E+00
    6763   1.0000000000E+00
    6764   1.0000000000E+00
    6765   1.0000000000E+00
    6766   1.0000000000E+00
    6767   1.0000000000E+00
    6768   1.0000000000E+00
    6769   1.0000000000E+00
    6770   1.0000000000E+00
    6771   1.0000000000E+00
    6772   1.0000000000E+00
    6773   1.0000000000E+00
    6774   1.0000000000E+00
    6775   1.0000000000E+00
    6776   1.0000000000E+00
    6777   1.0000000000E+00
    6778   1.0000000000E+00
    6779   1.0000000000E+00
    6780   1.0000000000E+00
    6781   1.0000000000E+00
    6782   1.0000000000E+00
    6783   1.0000000000E+00
    6784   1.0000000000E+00
    6785   1.0000000000E+00
    6786   1.0000000000E+00
    6787   1.0000000000E+00
    6788   1.0000000000E+00
    6789   1.0000000000E+00
    6790   1.0000000000E+00
    6791   1.0000000000E+00
    6792   1.0000000000E+00
    6793   1.0000000000E+00
    6794   1.0000000000E+00
    6795   1.0000000000E+00
    6796   1.0000000000E+00
    6797   1.0000000000E+00
    6798   1.0000000000E+00
    6799   1.0000000000E+00
    6800   1.0000000000E+00
    6801   1.0000000000E+00
    6802   1.0000000000E+00
    6803   1.0000000000E+00
    6804   1.0000000000E+00
    6805   1.0000000000E+00
    6806   1.0000000000E+00
    6807   1.0000000000E+00
    6808   1.0000000000E+00
    6809   1.0000000000E+00
    6810   1.0000000000E+00
    6811   1.0000000000E+00
    6812   1.0000000000E+00
    6813   1.0000000000E+00
    6814   1.0000000000E+00
    6815   1.0000000000E+00
    6816   1.0000000000E+00
    6817   1.0000000000E+00
    6818   1.0000000000E+00
    6819   1.0000000000E+00
    6820   1.0000000000E+00
    6821   1.0000000000E+00
    6822   1.0000000000E+00
    6823   1.0000000000E+00
    6824   1.0000000000E+00
    6825   1.0000000000E+00
    6826   1.0000000000E+00
    6827   1.0000000000E+00
    6828   1.0000000000E+00
    6829   1.0000000000E+00
    6830   1.0000000000E+00
    6831   1.0000000000E+00
    6832   1.0000000000E+00
    6833   1.0000000000E+00
    6834   1.0000000000E+00
    6835   1.0000000000E+00
    6836   1.0000000000E+00
    6837   1.0000000000E+00
    6838   1.0000000000E+00
    6839   1.0000000000E+00
    6840   1.0000000000E+00
    6841   1.0000000000E+00
    6842   1.0000000000E+00
    6843   1.0000000000E+00
    6844   1.0000000000E+00
    6845   1.0000000000E+00
    6846   1.0000000000E+00
    6847   1.0000000000E+00
    6848   1.0000000000E+00
    6849   1.0000000000E+00
    6850   1.0000000000E+00
    6851   1.0000000000E+00
    6852   1.0000000000E+00
    6853   1.0000000000E+00
    6854   1.0000000000E+00
    6855   1.0000000000E+00
    6856   1.0000000000E+00
    6857   1.0000000000E+00
    6858   1.0000000000E+00
    6859   1.0000000000E+00
    6860   1.0000000000E+00
    6861   1.0000000000E+00
    6862   1.0000000000E+00
    6863   1.0000000000E+00
    6864   1.0000000000E+00
    6865   1.0000000000E+00
    6866   1.0000000000E+00
    6867   1.0000000000E+00
    6868   1.0000000000E+00
    6869   1.0000000000E+00
    6870   1.0000000000E+00
    6871   1.0000000000E+00
    6872   1.0000000000E+00
    6873   1.0000000000E+00
    6874   1.0000000000E+00
    6875   1.0000000000E+00
    6876   1.0000000000E+00
    6877   1.0000000000E+00
    6878   1.0000000000E+00
    6879   1.0000000000E+00
    6880   1.0000000000E+00
    6881   1.0000000000E+00
    6882   1.0000000000E+00
    6883   1.0000000000E+00
    6884   1.0000000000E+00
    6885   1.0000000000E+00
    6886   1.0000000000E+00
    6887   1.0000000000E+00
    6888   1.0000000000E+00
    6889   1.0000000000E+00
    6890   1.0000000000E+00
    6891   1.0000000000E+00
    6892   1.0000000000E+00
    6893   1.0000000000E+00
    6894   1.0000000000E+00
    6895   1.0000000000E+00
    6896   1.0000000000E+00
    6897   1.0000000000E+00
    6898   1.0000000000E+00
    6899   1.0000000000E+00
    6900   1.0000000000E+00
    6901   1.0000000000E+00
    6902   1.0000000000E+00
    6903   1.0000000000E+00
    6904   1.0000000000E+00
    6905   1.0000000000E+00
    6906   1.0000000000E+00
    6907   1.0000000000E+00
    6908   1.0000000000E+00
    6909   1.0000000000E+00
    6910   1.0000000000E+00
    6911   1.0000000000E+00
    6912   1.0000000000E+00
    6913   1.0000000000E+00
    6914   1.0000000000E+00
    6915   1.0000000000E+00
    6916   1.0000000000E+00
    6917   1.0000000000E+00
    6918   1.0000000000E+00
    6919   1.0000000000E+00
    6920   1.0000000000E+00
    6921   1.0000000000E+00
    6922   1.0000000000E+00
    6923   1.0000000000E+00
    6924   1.0000000000E+00
    6925   1.0000000000E+00
    6926   1.0000000000E+00
    6927   1.0000000000E+00
    6928   1.0000000000E+00
    6929   1.0000000000E+00
    6930   1.0000000000E+00
    6931   1.0000000000E+00
    6932   1.0000000000E+00
    6933   1.0000000000E+00
    6934   1.0000000000E+00
    6935   1.0000000000E+00
    6936   1.0000000000E+00
    6937   1.0000000000E+00
    6938   1.0000000000E+00
    6939   1.0000000000E+00
    6940   1.0000000000E+00
    6941   1.0000000000E+00
    6942   1.0000000000E+00
    6943   1.0000000000E+00
    6944   1.0000000000E+00
    6945   1.0000000000E+00
    6946   1.0000000000E+00
    6947   1.0000000000E+00
    6948   1.0000000000E+00
    6949   1.0000000000E+00
    6950   1.0000000000E+00
    6951   1.0000000000E+00
    6952   1.0000000000E+00
    6953   1.0000000000E+00
    6954   1.0000000000E+00
    6955   1.0000000000E+00
    6956   1.0000000000E+00
    6957   1.0000000000E+00
    6958   1.0000000000E+00
    6959   1.0000000000E+00
    6960   1.0000000000E+00
    6961   1.0000000000E+00
    6962   1.0000000000E+00
    6963   1.0000000000E+00
    6964   1.0000000000E+00
    6965   1.0000000000E+00
    6966   1.0000000000E+00
    6967   1.0000000000E+00
    6968   1.0000000000E+00
    6969   1.0000000000E+00
    6970   1.0000000000E+00
    6971   1.0000000000E+00
    6972   1.0000000000E+00
    6973   1.0000000000E+00
    6974   1.0000000000E+00
    6975   1.0000000000E+00
    6976   1.0000000000E+00
    6977   1.0000000000E+00
    6978   1.0000000000E+00
    6979   1.0000000000E+00
    6980   1.0000000000E+00
    6981   1.0000000000E+00
    6982   1.0000000000E+00
    6983   1.0000000000E+00
    6984   1.0000000000E+00
    6985   1.0000000000E+00
    6986   1.0000000000E+00
    6987   1.0000000000E+00
    6988   1.0000000000E+00
    6989   1.0000000000E+00
    6990   1.0000000000E+00
    6991   1.0000000000E+00
    6992   1.0000000000E+00
    6993   1.0000000000E+00
    6994   1.0000000000E+00
    6995   1.0000000000E+00
    6996   1.0000000000E+00
    6997   1.0000000000E+00
    6998   1.0000000000E+00
    6999   1.0000000000E+00
    7000   1.0000000000E+00
    7001   1.0000000000E+00
    7002   1.0000000000E+00
    7003   1.0000000000E+00
    7004   1.0000000000E+00
    7005   1.0000000000E+00
    7006   1.0000000000E+00
    7007   1.0000000000E+00
    7008   1.0000000000E+00
    7009   1.0000000000E+00
    7010   1.0000000000E+00
    7011   1.0000000000E+00
    7012   1.0000000000E+00
    7013   1.0000000000E+00
    7014   1.0000000000E+00
    7015   1.0000000000E+00
    7016   1.0000000000E+00
    7017   1.0000000000E+00
    7018   1.0000000000E+00
    7019   1.0000000000E+00
    7020   1.0000000000E+00
    7021   1.0000000000E+00
    7022   1.0000000000E+00
    7023   1.0000000000E+00
    7024   1.0000000000E+00
    7025   1.0000000000E+00
    7026   1.0000000000E+00
    7027   1.0000000000E+00
    7028   1.0000000000E+00
    7029   1.0000000000E+00
    7030   1.0000000000E+00
    7031   1.0000000000E+00
    7032   1.0000000000E+00
    7033   1.0000000000E+00
    7034   1.0000000000E+00
    7035   1.0000000000E+00
    7036   1.0000000000E+00
    7037   1.0000000000E+00
    7038   1.0000000000E+00
    7039   1.0000000000E+00
    7040   1.0000000000E+00
    7041   1.0000000000E+00
    7042   1.0000000000E+00
    7043   1.0000000000E+00
    7044   1.0000000000E+00
    7045   1.0000000000E+00
    7046   1.0000000000E+00
    7047   1.0000000000E+00
    7048   1.0000000000E+00
    7049   1.0000000000E+00
    7050   1.0000000000E+00
    7051   1.0000000000E+00
    7052   1.0000000000E+00
    7053   1.0000000000E+00
    7054   1.0000000000E+00
    7055   1.0000000000E+00
    7056   1.0000000000E+00
    7057   1.0000000000E+00
    7058   1.0000000000E+00
    7059   1.0000000000E+00
    7060   1.0000000000E+00
    7061   1.0000000000E+00
    7062   1.0000000000E+00
    7063   1.0000000000E+00
    7064   1.0000000000E+00
    7065   1.0000000000E+00
    7066   1.0000000000E+00
    7067   1.0000000000E+00
    7068   1.0000000000E+00
    7069   1.0000000000E+00
    7070   1.0000000000E+00
    7071   1.0000000000E+00
    7072   1.0000000000E+00
    7073   1.0000000000E+00
    7074   1.0000000000E+00
    7075   1.0000000000E+00
    7076   1.0000000000E+00
    7077   1.0000000000E+00
    7078   1.0000000000E+00
    7079   1.0000000000E+00
    7080   1.0000000000E+00
    7081   1.0000000000E+00
    7082   1.0000000000E+00
    7083   1.0000000000E+00
    7084   1.0000000000E+00
    7085   1.0000000000E+00
    7086   1.0000000000E+00
    7087   1.0000000000E+00
    7088   1.0000000000E+00
    7089   1.0000000000E+00
    7090   1.0000000000E+00
    7091   1.0000000000E+00
    7092   1.0000000000E+00
    7093   1.0000000000E+00
    7094   1.0000000000E+00
    7095   1.0000000000E+00
    7096   1.0000000000E+00
    7097   1.0000000000E+00
    7098   1.0000000000E+00
    7099   1.0000000000E+00
    7100   1.0000000000E+00
    7101   1.0000000000E+00
    7102   1.0000000000E+00
    7103   1.0000000000E+00
    7104   1.0000000000E+00
    7105   1.0000000000E+00
    7106   1.0000000000E+00
    7107   1.0000000000E+00
    7108   1.0000000000E+00
    7109   1.0000000000E+00
    7110   1.0000000000E+00
    7111   1.0000000000E+00
    7112   1.0000000000E+00
    7113   1.0000000000E+00
    7114   1.0000000000E+00
    7115   1.0000000000E+00
    7116   1.0000000000E+00
    7117   1.0000000000E+00
    7118   1.0000000000E+00
    7119   1.0000000000E+00
    7120   1.0000000000E+00
    7121   1.0000000000E+00
    7122   1.0000000000E+00
    7123   1.0000000000E+00
    7124   1.0000000000E+00
    7125   1.0000000000E+00
    7126   1.0000000000E+00
    7127   1.0000000000E+00
    7128   1.0000000000E+00
    7129   1.0000000000E+00
    7130   1.0000000000E+00
    7131   1.0000000000E+00
    7132   1.0000000000E+00
    7133   1.0000000000E+00
    7134   1.0000000000E+00
    7135   1.0000000000E+00
    7136   1.0000000000E+00
    7137   1.0000000000E+00
    7138   1.0000000000E+00
    7139   1.0000000000E+00
    7140   1.0000000000E+00
    7141   1.0000000000E+00
    7142   1.0000000000E+00
    7143   1.0000000000E+00
    7144   1.0000000000E+00
    7145   1.0000000000E+00
    7146   1.0000000000E+00
    7147   1.0000000000E+00
    7148   1.0000000000E+00
    7149   1.0000000000E+00
    7150   1.0000000000E+00
    7151   1.0000000000E+00
    7152   1.0000000000E+00
    7153   1.0000000000E+00
    7154   1.0000000000E+00
    7155   1.0000000000E+00
    7156   1.0000000000E+00
    7157   1.0000000000E+00
    7158   1.0000000000E+00
    7159   1.0000000000E+00
    7160   1.0000000000E+00
    7161   1.0000000000E+00
    7162   1.0000000000E+00
    7163   1.0000000000E+00
    7164   1.0000000000E+00
    7165   1.0000000000E+00
    7166   1.0000000000E+00
    7167   1.0000000000E+00
    7168   1.0000000000E+00
    7169   1.0000000000E+00
    7170   1.0000000000E+00
    7171   1.0000000000E+00
    7172   1.0000000000E+00
    7173   1.0000000000E+00
    7174   1.0000000000E+00
    7175   1.0000000000E+00
    7176   1.0000000000E+00
    7177   1.0000000000E+00
    7178   1.0000000000E+00
    7179   1.0000000000E+00
    7180   1.0000000000E+00
    7181   1.0000000000E+00
    7182   1.0000000000E+00
    7183   1.0000000000E+00
    7184   1.0000000000E+00
    7185   1.0000000000E+00
    7186   1.0000000000E+00
    7187   1.0000000000E+00
    7188   1.0000000000E+00
    7189   1.0000000000E+00
    7190   1.0000000000E+00
    7191   1.0000000000E+00
    7192   1.0000000000E+00
    7193   1.0000000000E+00
    7194   1.0000000000E+00
    7195   1.0000000000E+00
    7196   1.0000000000E+00
    7197   1.0000000000E+00
    7198   1.0000000000E+00
    7199   1.0000000000E+00
    7200   1.0000000000E+00
    7201   1.0000000000E+00
    7202   1.0000000000E+00
    7203   1.0000000000E+00
    7204   1.0000000000E+00
    7205   1.0000000000E+00
    7206   1.0000000000E+00
    7207   1.0000000000E+00
    7208   1.0000000000E+00
    7209   1.0000000000E+00
    7210   1.0000000000E+00
    7211   1.0000000000E+00
    7212   1.0000000000E+00
    7213   1.0000000000E+00
    7214   1.0000000000E+00
    7215   1.0000000000E+00
    7216   1.0000000000E+00
    7217   1.0000000000E+00
    7218   1.0000000000E+00
    7219   1.0000000000E+00
    7220   1.0000000000E+00
    7221   1.0000000000E+00
    7222   1.0000000000E+00
    7223   1.0000000000E+00
    7224   1.0000000000E+00
    7225   1.0000000000E+00
    7226   1.0000000000E+00
    7227   1.0000000000E+00
    7228   1.0000000000E+00
    7229   1.0000000000E+00
    7230   1.0000000000E+00
    7231   1.0000000000E+00
    7232   1.0000000000E+00
    7233   1.0000000000E+00
    7234   1.0000000000E+00
    7235   1.0000000000E+00
    7236   1.0000000000E+00
    7237   1.0000000000E+00
    7238   1.0000000000E+00
    7239   1.0000000000E+00
    7240   1.0000000000E+00
    7241   1.0000000000E+00
    7242   1.0000000000E+00
    7243   1.0000000000E+00
    7244   1.0000000000E+00
    7245   1.0000000000E+00
    7246   1.0000000000E+00
    7247   1.0000000000E+00
    7248   1.0000000000E+00
    7249   1.0000000000E+00
    7250   1.0000000000E+00
    7251   1.0000000000E+00
    7252   1.0000000000E+00
    7253   1.0000000000E+00
    7254   1.0000000000E+00
    7255   1.0000000000E+00
    7256   1.0000000000E+00
    7257   1.0000000000E+00
    7258   1.0000000000E+00
    7259   1.0000000000E+00
    7260   1.0000000000E+00
    7261   1.0000000000E+00
    7262   1.0000000000E+00
    7263   1.0000000000E+00
    7264   1.0000000000E+00
    7265   1.0000000000E+00
    7266   1.0000000000E+00
    7267   1.0000000000E+00
    7268   1.0000000000E+00
    7269   1.0000000000E+00
    7270   1.0000000000E+00
    7271   1.0000000000E+00
    7272   1.0000000000E+00
    7273   1.0000000000E+00
    7274   1.0000000000E+00
    7275   1.0000000000E+00
    7276   1.0000000000E+00
    7277   1.0000000000E+00
    7278   1.0000000000E+00
    7279   1.0000000000E+00
    7280   1.0000000000E+00
    7281   1.0000000000E+00
    7282   1.0000000000E+00
    7283   1.0000000000E+00
    7284   1.0000000000E+00
    7285   1.0000000000E+00
    7286   1.0000000000E+00
    7287   1.0000000000E+00
    7288   1.0000000000E+00
    7289   1.0000000000E+00
    7290   1.0000000000E+00
    7291   1.0000000000E+00
    7292   1.0000000000E+00
    7293   1.0000000000E+00
    7294   1.0000000000E+00
    7295   1.0000000000E+00
    7296   1.0000000000E+00
    7297   1.0000000000E+00
    7298   1.0000000000E+00
    7299   1.0000000000E+00
    7300   1.0000000000E+00
    7301   1.0000000000E+00
    7302   1.0000000000E+00
    7303   1.0000000000E+00
    7304   1.0000000000E+00
    7305   1.0000000000E+00
    7306   1.0000000000E+00
    7307   1.0000000000E+00
    7308   1.0000000000E+00
    7309   1.0000000000E+00
    7310   1.0000000000E+00
    7311   1.0000000000E+00
    7312   1.0000000000E+00
    7313   1.0000000000E+00
    7314   1.0000000000E+00
    7315   1.0000000000E+00
    7316   1.0000000000E+00
    7317   1.0000000000E+00
    7318   1.0000000000E+00
    7319   1.0000000000E+00
    7320   1.0000000000E+00
    7321   1.0000000000E+00
    7322   1.0000000000E+00
    7323   1.0000000000E+00
    7324   1.0000000000E+00
    7325   1.0000000000E+00
    7326   1.0000000000E+00
    7327   1.0000000000E+00
    7328   1.0000000000E+00
    7329   1.0000000000E+00
    7330   1.0000000000E+00
    7331   1.0000000000E+00
    7332   1.0000000000E+00
    7333   1.0000000000E+00
    7334   1.0000000000E+00
    7335   1.0000000000E+00
    7336   1.0000000000E+00
    7337   1.0000000000E+00
    7338   1.0000000000E+00
    7339   1.0000000000E+00
    7340   1.0000000000E+00
    7341   1.0000000000E+00
    7342   1.0000000000E+00
    7343   1.0000000000E+00
    7344   1.0000000000E+00
    7345   1.0000000000E+00
    7346   1.0000000000E+00
    7347   1.0000000000E+00
    7348   1.0000000000E+00
    7349   1.0000000000E+00
    7350   1.0000000000E+00
    7351   1.0000000000E+00
    7352   1.0000000000E+00
    7353   1.0000000000E+00
    7354   1.0000000000E+00
    7355   1.0000000000E+00
    7356   1.0000000000E+00
    7357   1.0000000000E+00
    7358   1.0000000000E+00
    7359   1.0000000000E+00
    7360   1.0000000000E+00
    7361   1.0000000000E+00
    7362   1.0000000000E+00
    7363   1.0000000000E+00
    7364   1.0000000000E+00
    7365   1.0000000000E+00
    7366   1.0000000000E+00
    7367   1.0000000000E+00
    7368   1.0000000000E+00
    7369   1.0000000000E+00
    7370   1.0000000000E+00
    7371   1.0000000000E+00
    7372   1.0000000000E+00
    7373   1.0000000000E+00
    7374   1.0000000000E+00
    7375   1.0000000000E+00
    7376   1.0000000000E+00
    7377   1.0000000000E+00
    7378   1.0000000000E+00
    7379   1.0000000000E+00
    7380   1.0000000000E+00
    7381   1.0000000000E+00
    7382   1.0000000000E+00
    7383   1.0000000000E+00
    7384   1.0000000000E+00
    7385   1.0000000000E+00
    7386   1.0000000000E+00
    7387   1.0000000000E+00
    7388   1.0000000000E+00
    7389   1.0000000000E+00
    7390   1.0000000000E+00
    7391   1.0000000000E+00
    7392   1.0000000000E+00
    7393   1.0000000000E+00
    7394   1.0000000000E+00
    7395   1.0000000000E+00
    7396   1.0000000000E+00
    7397   1.0000000000E+00
    7398   1.0000000000E+00
    7399   1.0000000000E+00
    7400   1.0000000000E+00
    7401   1.0000000000E+00
    7402   1.0000000000E+00
    7403   1.0000000000E+00
    7404   1.0000000000E+00
    7405   1.0000000000E+00
    7406   1.0000000000E+00
    7407   1.0000000000E+00
    7408   1.0000000000E+00
    7409   1.0000000000E+00
    7410   1.0000000000E+00
    7411   1.0000000000E+00
    7412   1.0000000000E+00
    7413   1.0000000000E+00
    7414   1.0000000000E+00
    7415   1.0000000000E+00
    7416   1.0000000000E+00
    7417   1.0000000000E+00
    7418   1.0000000000E+00
    7419   1.0000000000E+00
    7420   1.0000000000E+00
    7421   1.0000000000E+00
    7422   1.0000000000E+00
    7423   1.0000000000E+00
    7424   1.0000000000E+00
    7425   1.0000000000E+00
    7426   1.0000000000E+00
    7427   1.0000000000E+00
    7428   1.0000000000E+00
    7429   1.0000000000E+00
    7430   1.0000000000E+00
    7431   1.0000000000E+00
    7432   1.0000000000E+00
    7433   1.0000000000E+00
    7434   1.0000000000E+00
    7435   1.0000000000E+00
    7436   1.0000000000E+00
    7437   1.0000000000E+00
    7438   1.0000000000E+00
    7439   1.0000000000E+00
    7440   1.0000000000E+00
    7441   1.0000000000E+00
    7442   1.0000000000E+00
    7443   1.0000000000E+00
    7444   1.0000000000E+00
    7445   1.0000000000E+00
    7446   1.0000000000E+00
    7447   1.0000000000E+00
    7448   1.0000000000E+00
    7449   1.0000000000E+00
    7450   1.0000000000E+00
    7451   1.0000000000E+00
    7452   1.0000000000E+00
    7453   1.0000000000E+00
    7454   1.0000000000E+00
    7455   1.0000000000E+00
    7456   1.0000000000E+00
    7457   1.0000000000E+00
    7458   1.0000000000E+00
    7459   1.0000000000E+00
    7460   1.0000000000E+00
    7461   1.0000000000E+00
    7462   1.0000000000E+00
    7463   1.0000000000E+00
    7464   1.0000000000E+00
    7465   1.0000000000E+00
    7466   1.0000000000E+00
    7467   1.0000000000E+00
    7468   1.0000000000E+00
    7469   1.0000000000E+00
    7470   1.0000000000E+00
    7471   1.0000000000E+00
    7472   1.0000000000E+00
    7473   1.0000000000E+00
    7474   1.0000000000E+00
    7475   1.0000000000E+00
    7476   1.0000000000E+00
    7477   1.0000000000E+00
    7478   1.0000000000E+00
    7479   1.0000000000E+00
    7480   1.0000000000E+00
    7481   1.0000000000E+00
    7482   1.0000000000E+00
    7483   1.0000000000E+00
    7484   1.0000000000E+00
    7485   1.0000000000E+00
    7486   1.0000000000E+00
    7487   1.0000000000E+00
    7488   1.0000000000E+00
    7489   1.0000000000E+00
    7490   1.0000000000E+00
    7491   1.0000000000E+00
    7492   1.0000000000E+00
    7493   1.0000000000E+00
    7494   1.0000000000E+00
    7495   1.0000000000E+00
    7496   1.0000000000E+00
    7497   1.0000000000E+00
    7498   1.0000000000E+00
    7499   1.0000000000E+00
    7500   1.0000000000E+00
    7501   1.0000000000E+00
    7502   1.0000000000E+00
    7503   1.0000000000E+00
    7504   1.0000000000E+00
    7505   1.0000000000E+00
    7506   1.0000000000E+00
    7507   1.0000000000E+00
    7508   1.0000000000E+00
    7509   1.0000000000E+00
    7510   1.0000000000E+00
    7511   1.0000000000E+00
    7512   1.0000000000E+00
    7513   1.0000000000E+00
    7514   1.0000000000E+00
    7515   1.0000000000E+00
    7516   1.0000000000E+00
    7517   1.0000000000E+00
    7518   1.0000000000E+00
    7519   1.0000000000E+00
    7520   1.0000000000E+00
    7521   1.0000000000E+00
    7522   1.0000000000E+00
    7523   1.0000000000E+00
    7524   1.0000000000E+00
    7525   1.0000000000E+00
    7526   1.0000000000E+00
    7527   1.0000000000E+00
    7528   1.0000000000E+00
    7529   1.0000000000E+00
    7530   1.0000000000E+00
    7531   1.0000000000E+00
    7532   1.0000000000E+00
    7533   1.0000000000E+00
    7534   1.0000000000E+00
    7535   1.0000000000E+00
    7536   1.0000000000E+00
    7537   1.0000000000E+00
    7538   1.0000000000E+00
    7539   1.0000000000E+00
    7540   1.0000000000E+00
    7541   1.0000000000E+00
    7542   1.0000000000E+00
    7543   1.0000000000E+00
    7544   1.0000000000E+00
    7545   1.0000000000E+00
    7546   1.0000000000E+00
    7547   1.0000000000E+00
    7548   1.0000000000E+00
    7549   1.0000000000E+00
    7550   1.0000000000E+00
    7551   1.0000000000E+00
    7552   1.0000000000E+00
    7553   1.0000000000E+00
    7554   1.0000000000E+00
    7555   1.0000000000E+00
    7556   1.0000000000E+00
    7557   1.0000000000E+00
    7558   1.0000000000E+00
    7559   1.0000000000E+00
    7560   1.0000000000E+00
    7561   1.0000000000E+00
    7562   1.0000000000E+00
    7563   1.0000000000E+00
    7564   1.0000000000E+00
    7565   1.0000000000E+00
    7566   1.0000000000E+00
    7567   1.0000000000E+00
    7568   1.0000000000E+00
    7569   1.0000000000E+00
    7570   1.0000000000E+00
    7571   1.0000000000E+00
    7572   1.0000000000E+00
    7573   1.0000000000E+00
    7574   1.0000000000E+00
    7575   1.0000000000E+00
    7576   1.0000000000E+00
    7577   1.0000000000E+00
    7578   1.0000000000E+00
    7579   1.0000000000E+00
    7580   1.0000000000E+00
    7581   1.0000000000E+00
    7582   1.0000000000E+00
    7583   1.0000000000E+00
    7584   1.0000000000E+00
    7585   1.0000000000E+00
    7586   1.0000000000E+00
    7587   1.0000000000E+00
    7588   1.0000000000E+00
    7589   1.0000000000E+00
    7590   1.0000000000E+00
    7591   1.0000000000E+00
    7592   1.0000000000E+00
    7593   1.0000000000E+00
    7594   1.0000000000E+00
    7595   1.0000000000E+00
    7596   1.0000000000E+00
    7597   1.0000000000E+00
    7598   1.0000000000E+00
    7599   1.0000000000E+00
    7600   1.0000000000E+00
    7601   1.0000000000E+00
    7602   1.0000000000E+00
    7603   1.0000000000E+00
    7604   1.0000000000E+00
    7605   1.0000000000E+00
    7606   1.0000000000E+00
    7607   1.0000000000E+00
    7608   1.0000000000E+00
    7609   1.0000000000E+00
    7610   1.0000000000E+00
    7611   1.0000000000E+00
    7612   1.0000000000E+00
    7613   1.0000000000E+00
    7614   1.0000000000E+00
    7615   1.0000000000E+00
    7616   1.0000000000E+00
    7617   1.0000000000E+00
    7618   1.0000000000E+00
    7619   1.0000000000E+00
    7620   1.0000000000E+00
    7621   1.0000000000E+00
    7622   1.0000000000E+00
    7623   1.0000000000E+00
    7624   1.0000000000E+00
    7625   1.0000000000E+00
    7626   1.0000000000E+00
    7627   1.0000000000E+00
    7628   1.0000000000E+00
    7629   1.0000000000E+00
    7630   1.0000000000E+00
    7631   1.0000000000E+00
    7632   1.0000000000E+00
    7633   1.0000000000E+00
    7634   1.0000000000E+00
    7635   1.0000000000E+00
    7636   1.0000000000E+00
    7637   1.0000000000E+00
    7638   1.0000000000E+00
    7639   1.0000000000E+00
    7640   1.0000000000E+00
    7641   1.0000000000E+00
    7642   1.0000000000E+00
    7643   1.0000000000E+00
    7644   1.0000000000E+00
    7645   1.0000000000E+00
    7646   1.0000000000E+00
    7647   1.0000000000E+00
    7648   1.0000000000E+00
    7649   1.0000000000E+00
    7650   1.0000000000E+00
    7651   1.0000000000E+00
    7652   1.0000000000E+00
    7653   1.0000000000E+00
    7654   1.0000000000E+00
    7655   1.0000000000E+00
    7656   1.0000000000E+00
    7657   1.0000000000E+00
    7658   1.0000000000E+00
    7659   1.0000000000E+00
    7660   1.0000000000E+00
    7661   1.0000000000E+00
    7662   1.0000000000E+00
    7663   1.0000000000E+00
    7664   1.0000000000E+00
    7665   1.0000000000E+00
    7666   1.0000000000E+00
    7667   1.0000000000E+00
    7668   1.0000000000E+00
    7669   1.0000000000E+00
    7670   1.0000000000E+00
    7671   1.0000000000E+00
    7672   1.0000000000E+00
    7673   1.0000000000E+00
    7674   1.0000000000E+00
    7675   1.0000000000E+00
    7676   1.0000000000E+00
    7677   1.0000000000E+00
    7678   1.0000000000E+00
    7679   1.0000000000E+00
    7680   1.0000000000E+00
    7681   1.0000000000E+00
    7682   1.0000000000E+00
    7683   1.0000000000E+00
    7684   1.0000000000E+00
    7685   1.0000000000E+00
    7686   1.0000000000E+00
    7687   1.0000000000E+00
    7688   1.0000000000E+00
    7689   1.0000000000E+00
    7690   1.0000000000E+00
    7691   1.0000000000E+00
    7692   1.0000000000E+00
    7693   1.0000000000E+00
    7694   1.0000000000E+00
    7695   1.0000000000E+00
    7696   1.0000000000E+00
    7697   1.0000000000E+00
    7698   1.0000000000E+00
    7699   1.0000000000E+00
    7700   1.0000000000E+00
    7701   1.0000000000E+00
    7702   1.0000000000E+00
    7703   1.0000000000E+00
    7704   1.0000000000E+00
    7705   1.0000000000E+00
    7706   1.0000000000E+00
    7707   1.0000000000E+00
    7708   1.0000000000E+00
    7709   1.0000000000E+00
    7710   1.0000000000E+00
    7711   1.0000000000E+00
    7712   1.0000000000E+00
    7713   1.0000000000E+00
    7714   1.0000000000E+00
    7715   1.0000000000E+00
    7716   1.0000000000E+00
    7717   1.0000000000E+00
    7718   1.0000000000E+00
    7719   1.0000000000E+00
    7720   1.0000000000E+00
    7721   1.0000000000E+00
    7722   1.0000000000E+00
    7723   1.0000000000E+00
    7724   1.0000000000E+00
    7725   1.0000000000E+00
    7726   1.0000000000E+00
    7727   1.0000000000E+00
    7728   1.0000000000E+00
    7729   1.0000000000E+00
    7730   1.0000000000E+00
    7731   1.0000000000E+00
    7732   1.0000000000E+00
    7733   1.0000000000E+00
    7734   1.0000000000E+00
    7735   1.0000000000E+00
    7736   1.0000000000E+00
    7737   1.0000000000E+00
    7738   1.0000000000E+00
    7739   1.0000000000E+00
    7740   1.0000000000E+00
    7741   1.0000000000E+00
    7742   1.0000000000E+00
    7743   1.0000000000E+00
    7744   1.0000000000E+00
    7745   1.0000000000E+00
    7746   1.0000000000E+00
    7747   1.0000000000E+00
    7748   1.0000000000E+00
    7749   1.0000000000E+00
    7750   1.0000000000E+00
    7751   1.0000000000E+00
    7752   1.0000000000E+00
    7753   1.0000000000E+00
    7754   1.0000000000E+00
    7755   1.0000000000E+00
    7756   1.0000000000E+00
    7757   1.0000000000E+00
    7758   1.0000000000E+00
    7759   1.0000000000E+00
    7760   1.0000000000E+00
    7761   1.0000000000E+00
    7762   1.0000000000E+00
    7763   1.0000000000E+00
    7764   1.0000000000E+00
    7765   1.0000000000E+00
    7766   1.0000000000E+00
    7767   1.0000000000E+00
    7768   1.0000000000E+00
    7769   1.0000000000E+00
    7770   1.0000000000E+00
    7771   1.0000000000E+00
    7772   1.0000000000E+00
    7773   1.0000000000E+00
    7774   1.0000000000E+00
    7775   1.0000000000E+00
    7776   1.0000000000E+00
    7777   1.0000000000E+00
    7778   1.0000000000E+00
    7779   1.0000000000E+00
    7780   1.0000000000E+00
    7781   1.0000000000E+00
    7782   1.0000000000E+00
    7783   1.0000000000E+00
    7784   1.0000000000E+00
    7785   1.0000000000E+00
    7786   1.0000000000E+00
    7787   1.0000000000E+00
    7788   1.0000000000E+00
    7789   1.0000000000E+00
    7790   1.0000000000E+00
    7791   1.0000000000E+00
    7792   1.0000000000E+00
    7793   1.0000000000E+00
    7794   1.0000000000E+00
    7795   1.0000000000E+00
    7796   1.0000000000E+00
    7797   1.0000000000E+00
    7798   1.0000000000E+00
    7799   1.0000000000E+00
    7800   1.0000000000E+00
    7801   1.0000000000E+00
    7802   1.0000000000E+00
    7803   1.0000000000E+00
    7804   1.0000000000E+00
    7805   1.0000000000E+00
    7806   1.0000000000E+00
    7807   1.0000000000E+00
    7808   1.0000000000E+00
    7809   1.0000000000E+00
    7810   1.0000000000E+00
    7811   1.0000000000E+00
    7812   1.0000000000E+00
    7813   1.0000000000E+00
    7814   1.0000000000E+00
    7815   1.0000000000E+00
    7816   1.0000000000E+00
    7817   1.0000000000E+00
    7818   1.0000000000E+00
    7819   1.0000000000E+00
    7820   1.0000000000E+00
    7821   1.0000000000E+00
    7822   1.0000000000E+00
    7823   1.0000000000E+00
    7824   1.0000000000E+00
    7825   1.0000000000E+00
    7826   1.0000000000E+00
    7827   1.0000000000E+00
    7828   1.0000000000E+00
    7829   1.0000000000E+00
    7830   1.0000000000E+00
    7831   1.0000000000E+00
    7832   1.0000000000E+00
    7833   1.0000000000E+00
    7834   1.0000000000E+00
    7835   1.0000000000E+00
    7836   1.0000000000E+00
    7837   1.0000000000E+00
    7838   1.0000000000E+00
    7839   1.0000000000E+00
    7840   1.0000000000E+00
    7841   1.0000000000E+00
    7842   1.0000000000E+00
    7843   1.0000000000E+00
    7844   1.0000000000E+00
    7845   1.0000000000E+00
    7846   1.0000000000E+00
    7847   1.0000000000E+00
    7848   1.0000000000E+00
    7849   1.0000000000E+00
    7850   1.0000000000E+00
    7851   1.0000000000E+00
    7852   1.0000000000E+00
    7853   1.0000000000E+00
    7854   1.0000000000E+00
    7855   1.0000000000E+00
    7856   1.0000000000E+00
    7857   1.0000000000E+00
    7858   1.0000000000E+00
    7859   1.0000000000E+00
    7860   1.0000000000E+00
    7861   1.0000000000E+00
    7862   1.0000000000E+00
    7863   1.0000000000E+00
    7864   1.0000000000E+00
    7865   1.0000000000E+00
    7866   1.0000000000E+00
    7867   1.0000000000E+00
    7868   1.0000000000E+00
    7869   1.0000000000E+00
    7870   1.0000000000E+00
    7871   1.0000000000E+00
    7872   1.0000000000E+00
    7873   1.0000000000E+00
    7874   1.0000000000E+00
    7875   1.0000000000E+00
    7876   1.0000000000E+00
    7877   1.0000000000E+00
    7878   1.0000000000E+00
    7879   1.0000000000E+00
    7880   1.0000000000E+00
    7881   1.0000000000E+00
    7882   1.0000000000E+00
    7883   1.0000000000E+00
    7884   1.0000000000E+00
    7885   1.0000000000E+00
    7886   1.0000000000E+00
    7887   1.0000000000E+00
    7888   1.0000000000E+00
    7889   1.0000000000E+00
    7890   1.0000000000E+00
    7891   1.0000000000E+00
    7892   1.0000000000E+00
    7893   1.0000000000E+00
    7894   1.0000000000E+00
    7895   1.0000000000E+00
    7896   1.0000000000E+00
    7897   1.0000000000E+00
    7898   1.0000000000E+00
    7899   1.0000000000E+00
    7900   1.0000000000E+00
    7901   1.0000000000E+00
    7902   1.0000000000E+00
    7903   1.0000000000E+00
    7904   1.0000000000E+00
    7905   1.0000000000E+00
    7906   1.0000000000E+00
    7907   1.0000000000E+00
    7908   1.0000000000E+00
    7909   1.0000000000E+00
    7910   1.0000000000E+00
    7911   1.0000000000E+00
    7912   1.0000000000E+00
    7913   1.0000000000E+00
    7914   1.0000000000E+00
    7915   1.0000000000E+00
    7916   1.0000000000E+00
    7917   1.0000000000E+00
    7918   1.0000000000E+00
    7919   1.0000000000E+00
    7920   1.0000000000E+00
    7921   1.0000000000E+00
    7922   1.0000000000E+00
    7923   1.0000000000E+00
    7924   1.0000000000E+00
    7925   1.0000000000E+00
    7926   1.0000000000E+00
    7927   1.0000000000E+00
    7928   1.0000000000E+00
    7929   1.0000000000E+00
    7930   1.0000000000E+00
    7931   1.0000000000E+00
    7932   1.0000000000E+00
    7933   1.0000000000E+00
    7934   1.0000000000E+00
    7935   1.0000000000E+00
    7936   1.0000000000E+00
    7937   1.0000000000E+00
    7938   1.0000000000E+00
    7939   1.0000000000E+00
    7940   1.0000000000E+00
    7941   1.0000000000E+00
    7942   1.0000000000E+00
    7943   1.0000000000E+00
    7944   1.0000000000E+00
    7945   1.0000000000E+00
    7946   1.0000000000E+00
    7947   1.0000000000E+00
    7948   1.0000000000E+00
    7949   1.0000000000E+00
    7950   1.0000000000E+00
    7951   1.0000000000E+00
    7952   1.0000000000E+00
    7953   1.0000000000E+00
    7954   1.0000000000E+00
    7955   1.0000000000E+00
    7956   1.0000000000E+00
    7957   1.0000000000E+00
    7958   1.0000000000E+00
    7959   1.0000000000E+00
    7960   1.0000000000E+00
    7961   1.0000000000E+00
    7962   1.0000000000E+00
    7963   1.0000000000E+00
    7964   1.0000000000E+00
    7965   1.0000000000E+00
    7966   1.0000000000E+00
    7967   1.0000000000E+00
    7968   1.0000000000E+00
    7969   1.0000000000E+00
    7970   1.0000000000E+00
    7971   1.0000000000E+00
    7972   1.0000000000E+00
    7973   1.0000000000E+00
    7974   1.0000000000E+00
    7975   1.0000000000E+00
    7976   1.0000000000E+00
    7977   1.0000000000E+00
    7978   1.0000000000E+00
    7979   1.0000000000E+00
    7980   1.0000000000E+00
    7981   1.0000000000E+00
    7982   1.0000000000E+00
    7983   1.0000000000E+00
    7984   1.0000000000E+00
    7985   1.0000000000E+00
    7986   1.0000000000E+00
    7987   1.0000000000E+00
    7988   1.0000000000E+00
    7989   1.0000000000E+00
    7990   1.0000000000E+00
    7991   1.0000000000E+00
    7992   1.0000000000E+00
    7993   1.0000000000E+00
    7994   1.0000000000E+00
    7995   1.0000000000E+00
    7996   1.0000000000E+00
    7997   1.0000000000E+00
    7998   1.0000000000E+00
    7999   1.0000000000E+00
    8000   1.0000000000E+00
    8001   1.0000000000E+00
    8002   1.0000000000E+00
    8003   1.0000000000E+00
    8004   1.0000000000E+00
    8005   1.0000000000E+00
    8006   1.0000000000E+00
    8007   1.0000000000E+00
    8008   1.0000000000E+00
    8009   1.0000000000E+00
    8010   1.0000000000E+00
    8011   1.0000000000E+00
    8012   1.0000000000E+00
    8013   1.0000000000E+00
    8014   1.0000000000E+00
    8015   1.0000000000E+00
    8016   1.0000000000E+00
    8017   1.0000000000E+00
    8018   1.0000000000E+00
    8019   1.0000000000E+00
    8020   1.0000000000E+00
    8021   1.0000000000E+00
    8022   1.0000000000E+00
    8023   1.0000000000E+00
    8024   1.0000000000E+00
    8025   1.0000000000E+00
    8026   1.0000000000E+00
    8027   1.0000000000E+00
    8028   1.0000000000E+00
    8029   1.0000000000E+00
    8030   1.0000000000E+00
    8031   1.0000000000E+00
    8032   1.0000000000E+00
    8033   1.0000000000E+00
    8034   1.0000000000E+00
    8035   1.0000000000E+00
    8036   1.0000000000E+00
    8037   1.0000000000E+00
    8038   1.0000000000E+00
    8039   1.0000000000E+00
    8040   1.0000000000E+00
    8041   1.0000000000E+00
    8042   1.0000000000E+00
    8043   1.0000000000E+00
    8044   1.0000000000E+00
    8045   1.0000000000E+00
    8046   1.0000000000E+00
    8047   1.0000000000E+00
    8048   1.0000000000E+00
    8049   1.0000000000E+00
    8050   1.0000000000E+00
    8051   1.0000000000E+00
    8052   1.0000000000E+00
    8053   1.0000000000E+00
    8054   1.0000000000E+00
    8055   1.0000000000E+00
    8056   1.0000000000E+00
    8057   1.0000000000E+00
    8058   1.0000000000E+00
    8059   1.0000000000E+00
    8060   1.0000000000E+00
    8061   1.0000000000E+00
    8062   1.0000000000E+00
    8063   1.0000000000E+00
    8064   1.0000000000E+00
    8065   1.0000000000E+00
    8066   1.0000000000E+00
    8067   1.0000000000E+00
    8068   1.0000000000E+00
    8069   1.0000000000E+00
    8070   1.0000000000E+00
    8071   1.0000000000E+00
    8072   1.0000000000E+00
    8073   1.0000000000E+00
    8074   1.0000000000E+00
    8075   1.0000000000E+00
    8076   1.0000000000E+00
    8077   1.0000000000E+00
    8078   1.0000000000E+00
    8079   1.0000000000E+00
    8080   1.0000000000E+00
    8081   1.0000000000E+00
    8082   1.0000000000E+00
    8083   1.0000000000E+00
    8084   1.0000000000E+00
    8085   1.0000000000E+00
    8086   1.0000000000E+00
    8087   1.0000000000E+00
    8088   1.0000000000E+00
    8089   1.0000000000E+00
    8090   1.0000000000E+00
    8091   1.0000000000E+00
    8092   1.0000000000E+00
    8093   1.0000000000E+00
    8094   1.0000000000E+00
    8095   1.0000000000E+00
    8096   1.0000000000E+00
    8097   1.0000000000E+00
    8098   1.0000000000E+00
    8099   1.0000000000E+00
    8100   1.0000000000E+00
    8101   1.0000000000E+00
    8102   1.0000000000E+00
    8103   1.0000000000E+00
    8104   1.0000000000E+00
    8105   1.0000000000E+00
    8106   1.0000000000E+00
    8107   1.0000000000E+00
    8108   1.0000000000E+00
    8109   1.0000000000E+00
    8110   1.0000000000E+00
    8111   1.0000000000E+00
    8112   1.0000000000E+00
    8113   1.0000000000E+00
    8114   1.0000000000E+00
    8115   1.0000000000E+00
    8116   1.0000000000E+00
    8117   1.0000000000E+00
    8118   1.0000000000E+00
    8119   1.0000000000E+00
    8120   1.0000000000E+00
    8121   1.0000000000E+00
    8122   1.0000000000E+00
    8123   1.0000000000E+00
    8124   1.0000000000E+00
    8125   1.0000000000E+00
    8126   1.0000000000E+00
    8127   1.0000000000E+00
    8128   1.0000000000E+00
    8129   1.0000000000E+00
    8130   1.0000000000E+00
    8131   1.0000000000E+00
    8132   1.0000000000E+00
    8133   1.0000000000E+00
    8134   1.0000000000E+00
    8135   1.0000000000E+00
    8136   1.0000000000E+00
    8137   1.0000000000E+00
    8138   1.0000000000E+00
    8139   1.0000000000E+00
    8140   1.0000000000E+00
    8141   1.0000000000E+00
    8142   1.0000000000E+00
    8143   1.0000000000E+00
    8144   1.0000000000E+00
    8145   1.0000000000E+00
    8146   1.0000000000E+00
    8147   1.0000000000E+00
    8148   1.0000000000E+00
    8149   1.0000000000E+00
    8150   1.0000000000E+00
    8151   1.0000000000E+00
    8152   1.0000000000E+00
    8153   1.0000000000E+00
    8154   1.0000000000E+00
    8155   1.0000000000E+00
    8156   1.0000000000E+00
    8157   1.0000000000E+00
    8158   1.0000000000E+00
    8159   1.0000000000E+00
    8160   1.0000000000E+00
    8161   1.0000000000E+00
    8162   1.0000000000E+00
    8163   1.0000000000E+00
    8164   1.0000000000E+00
    8165   1.0000000000E+00
    8166   1.0000000000E+00
    8167   1.0000000000E+00
    8168   1.0000000000E+00
    8169   1.0000000000E+00
    8170   1.0000000000E+00
    8171   1.0000000000E+00
    8172   1.0000000000E+00
    8173   1.0000000000E+00
    8174   1.0000000000E+00
    8175   1.0000000000E+00
    8176   1.0000000000E+00
    8177   1.0000000000E+00
    8178   1.0000000000E+00
    8179   1.0000000000E+00
    8180   1.0000000000E+00
    8181   1.0000000000E+00
    8182   1.0000000000E+00
    8183   1.0000000000E+00
    8184   1.0000000000E+00
    8185   1.0000000000E+00
    8186   1.0000000000E+00
    8187   1.0000000000E+00
    8188   1.0000000000E+00
    8189   1.0000000000E+00
    8190   1.0000000000E+00
    8191   1.0000000000E+00
    8192   1.0000000000E+00
    8193   1.0000000000E+00
    8194   1.0000000000E+00
    8195   1.0000000000E+00
    8196   1.0000000000E+00
    8197   1.0000000000E+00
    8198   1.0000000000E+00
    8199   1.0000000000E+00
    8200   1.0000000000E+00
    8201   1.0000000000E+00
    8202   1.0000000000E+00
    8203   1.0000000000E+00
    8204   1.0000000000E+00
    8205   1.0000000000E+00
    8206   1.0000000000E+00
    8207   1.0000000000E+00
    8208   1.0000000000E+00
    8209   1.0000000000E+00
    8210   1.0000000000E+00
    8211   1.0000000000E+00
    8212   1.0000000000E+00
    8213   1.0000000000E+00
    8214   1.0000000000E+00
    8215   1.0000000000E+00
    8216   1.0000000000E+00
    8217   1.0000000000E+00
    8218   1.0000000000E+00
    8219   1.0000000000E+00
    8220   1.0000000000E+00
    8221   1.0000000000E+00
    8222   1.0000000000E+00
    8223   1.0000000000E+00
    8224   1.0000000000E+00
    8225   1.0000000000E+00
    8226   1.0000000000E+00
    8227   1.0000000000E+00
    8228   1.0000000000E+00
    8229   1.0000000000E+00
    8230   1.0000000000E+00
    8231   1.0000000000E+00
    8232   1.0000000000E+00
    8233   1.0000000000E+00
    8234   1.0000000000E+00
    8235   1.0000000000E+00
    8236   1.0000000000E+00
    8237   1.0000000000E+00
    8238   1.0000000000E+00
    8239   1.0000000000E+00
    8240   1.0000000000E+00
    8241   1.0000000000E+00
    8242   1.0000000000E+00
    8243   1.0000000000E+00
    8244   1.0000000000E+00
    8245   1.0000000000E+00
    8246   1.0000000000E+00
    8247   1.0000000000E+00
    8248   1.0000000000E+00
    8249   1.0000000000E+00
    8250   1.0000000000E+00
    8251   1.0000000000E+00
    8252   1.0000000000E+00
    8253   1.0000000000E+00
    8254   1.0000000000E+00
    8255   1.0000000000E+00
    8256   1.0000000000E+00
    8257   1.0000000000E+00
    8258   1.0000000000E+00
    8259   1.0000000000E+00
    8260   1.0000000000E+00
    8261   1.0000000000E+00
    8262   1.0000000000E+00
    8263   1.0000000000E+00
    8264   1.0000000000E+00
    8265   1.0000000000E+00
    8266   1.0000000000E+00
    8267   1.0000000000E+00
    8268   1.0000000000E+00
    8269   1.0000000000E+00
    8270   1.0000000000E+00
    8271   1.0000000000E+00
    8272   1.0000000000E+00
    8273   1.0000000000E+00
    8274   1.0000000000E+00
    8275   1.0000000000E+00
    8276   1.0000000000E+00
    8277   1.0000000000E+00
    8278   1.0000000000E+00
    8279   1.0000000000E+00
    8280   1.0000000000E+00
    8281   1.0000000000E+00
    8282   1.0000000000E+00
    8283   1.0000000000E+00
    8284   1.0000000000E+00
    8285   1.0000000000E+00
    8286   1.0000000000E+00
    8287   1.0000000000E+00
    8288   1.0000000000E+00
    8289   1.0000000000E+00
    8290   1.0000000000E+00
    8291   1.0000000000E+00
    8292   1.0000000000E+00
    8293   1.0000000000E+00
    8294   1.0000000000E+00
    8295   1.0000000000E+00
    8296   1.0000000000E+00
    8297   1.0000000000E+00
    8298   1.0000000000E+00
    8299   1.0000000000E+00
    8300   1.0000000000E+00
    8301   1.0000000000E+00
    8302   1.0000000000E+00
    8303   1.0000000000E+00
    8304   1.0000000000E+00
    8305   1.0000000000E+00
    8306   1.0000000000E+00
    8307   1.0000000000E+00
    8308   1.0000000000E+00
    8309   1.0000000000E+00
    8310   1.0000000000E+00
    8311   1.0000000000E+00
    8312   1.0000000000E+00
    8313   1.0000000000E+00
    8314   1.0000000000E+00
    8315   1.0000000000E+00
    8316   1.0000000000E+00
    8317   1.0000000000E+00
    8318   1.0000000000E+00
    8319   1.0000000000E+00
    8320   1.0000000000E+00
    8321   1.0000000000E+00
    8322   1.0000000000E+00
    8323   1.0000000000E+00
    8324   1.0000000000E+00
    8325   1.0000000000E+00
    8326   1.0000000000E+00
    8327   1.0000000000E+00
    8328   1.0000000000E+00
    8329   1.0000000000E+00
    8330   1.0000000000E+00
    8331   1.0000000000E+00
    8332   1.0000000000E+00
    8333   1.0000000000E+00
    8334   1.0000000000E+00
    8335   1.0000000000E+00
    8336   1.0000000000E+00
    8337   1.0000000000E+00
    8338   1.0000000000E+00
    8339   1.0000000000E+00
    8340   1.0000000000E+00
    8341   1.0000000000E+00
    8342   1.0000000000E+00
    8343   1.0000000000E+00
    8344   1.0000000000E+00
    8345   1.0000000000E+00
    8346   1.0000000000E+00
    8347   1.0000000000E+00
    8348   1.0000000000E+00
    8349   1.0000000000E+00
    8350   1.0000000000E+00
    8351   1.0000000000E+00
    8352   1.0000000000E+00
    8353   1.0000000000E+00
    8354   1.0000000000E+00
    8355   1.0000000000E+00
    8356   1.0000000000E+00
    8357   1.0000000000E+00
    8358   1.0000000000E+00
    8359   1.0000000000E+00
    8360   1.0000000000E+00
    8361   1.0000000000E+00
    8362   1.0000000000E+00
    8363   1.0000000000E+00
    8364   1.0000000000E+00
    8365   1.0000000000E+00
    8366   1.0000000000E+00
    8367   1.0000000000E+00
    8368   1.0000000000E+00
    8369   1.0000000000E+00
    8370   1.0000000000E+00
    8371   1.0000000000E+00
    8372   1.0000000000E+00
    8373   1.0000000000E+00
    8374   1.0000000000E+00
    8375   1.0000000000E+00
    8376   1.0000000000E+00
    8377   1.0000000000E+00
    8378   1.0000000000E+00
    8379   1.0000000000E+00
    8380   1.0000000000E+00
    8381   1.0000000000E+00
    8382   1.0000000000E+00
    8383   1.0000000000E+00
    8384   1.0000000000E+00
    8385   1.0000000000E+00
    8386   1.0000000000E+00
    8387   1.0000000000E+00
    8388   1.0000000000E+00
    8389   1.0000000000E+00
    8390   1.0000000000E+00
    8391   1.0000000000E+00
    8392   1.0000000000E+00
    8393   1.0000000000E+00
    8394   1.0000000000E+00
    8395   1.0000000000E+00
    8396   1.0000000000E+00
    8397   1.0000000000E+00
    8398   1.0000000000E+00
    8399   1.0000000000E+00
    8400   1.0000000000E+00
    8401   1.0000000000E+00
    8402   1.0000000000E+00
    8403   1.0000000000E+00
    8404   1.0000000000E+00
    8405   1.0000000000E+00
    8406   1.0000000000E+00
    8407   1.0000000000E+00
    8408   1.0000000000E+00
    8409   1.0000000000E+00
    8410   1.0000000000E+00
    8411   1.0000000000E+00
    8412   1.0000000000E+00
    8413   1.0000000000E+00
    8414   1.0000000000E+00
    8415   1.0000000000E+00
    8416   1.0000000000E+00
    8417   1.0000000000E+00
    8418   1.0000000000E+00
    8419   1.0000000000E+00
    8420   1.0000000000E+00
    8421   1.0000000000E+00
    8422   1.0000000000E+00
    8423   1.0000000000E+00
    8424   1.0000000000E+00
    8425   1.0000000000E+00
    8426   1.0000000000E+00
    8427   1.0000000000E+00
    8428   1.0000000000E+00
    8429   1.0000000000E+00
    8430   1.0000000000E+00
    8431   1.0000000000E+00
    8432   1.0000000000E+00
    8433   1.0000000000E+00
    8434   1.0000000000E+00
    8435   1.0000000000E+00
    8436   1.0000000000E+00
    8437   1.0000000000E+00
    8438   1.0000000000E+00
    8439   1.0000000000E+00
    8440   1.0000000000E+00
    8441   1.0000000000E+00
    8442   1.0000000000E+00
    8443   1.0000000000E+00
    8444   1.0000000000E+00
    8445   1.0000000000E+00
    8446   1.0000000000E+00
    8447   1.0000000000E+00
    8448   1.0000000000E+00
    8449   1.0000000000E+00
    8450   1.0000000000E+00
    8451   1.0000000000E+00
    8452   1.0000000000E+00
    8453   1.0000000000E+00
    8454   1.0000000000E+00
    8455   1.0000000000E+00
    8456   1.0000000000E+00
    8457   1.0000000000E+00
    8458   1.0000000000E+00
    8459   1.0000000000E+00
    8460   1.0000000000E+00
    8461   1.0000000000E+00
    8462   1.0000000000E+00
    8463   1.0000000000E+00
    8464   1.0000000000E+00
    8465   1.0000000000E+00
    8466   1.0000000000E+00
    8467   1.0000000000E+00
    8468   1.0000000000E+00
    8469   1.0000000000E+00
    8470   1.0000000000E+00
    8471   1.0000000000E+00
    8472   1.0000000000E+00
    8473   1.0000000000E+00
    8474   1.0000000000E+00
    8475   1.0000000000E+00
    8476   1.0000000000E+00
    8477   1.0000000000E+00
    8478   1.0000000000E+00
    8479   1.0000000000E+00
    8480   1.0000000000E+00
    8481   1.0000000000E+00
    8482   1.0000000000E+00
    8483   1.0000000000E+00
    8484   1.0000000000E+00
    8485   1.0000000000E+00
    8486   1.0000000000E+00
    8487   1.0000000000E+00
    8488   1.0000000000E+00
    8489   1.0000000000E+00
    8490   1.0000000000E+00
    8491   1.0000000000E+00
    8492   1.0000000000E+00
    8493   1.0000000000E+00
    8494   1.0000000000E+00
    8495   1.0000000000E+00
    8496   1.0000000000E+00
    8497   1.0000000000E+00
    8498   1.0000000000E+00
    8499   1.0000000000E+00
    8500   1.0000000000E+00
    8501   1.0000000000E+00
    8502   1.0000000000E+00
    8503   1.0000000000E+00
    8504   1.0000000000E+00
    8505   1.0000000000E+00
    8506   1.0000000000E+00
    8507   1.0000000000E+00
    8508   1.0000000000E+00
    8509   1.0000000000E+00
    8510   1.0000000000E+00
    8511   1.0000000000E+00
    8512   1.0000000000E+00
    8513   1.0000000000E+00
    8514   1.0000000000E+00
    8515   1.0000000000E+00
    8516   1.0000000000E+00
    8517   1.0000000000E+00
    8518   1.0000000000E+00
    8519   1.0000000000E+00
    8520   1.0000000000E+00
    8521   1.0000000000E+00
    8522   1.0000000000E+00
    8523   1.0000000000E+00
    8524   1.0000000000E+00
    8525   1.0000000000E+00
    8526   1.0000000000E+00
    8527   1.0000000000E+00
    8528   1.0000000000E+00
    8529   1.0000000000E+00
    8530   1.0000000000E+00
    8531   1.0000000000E+00
    8532   1.0000000000E+00
    8533   1.0000000000E+00
    8534   1.0000000000E+00
    8535   1.0000000000E+00
    8536   1.0000000000E+00
    8537   1.0000000000E+00
    8538   1.0000000000E+00
    8539   1.0000000000E+00
    8540   1.0000000000E+00
    8541   1.0000000000E+00
    8542   1.0000000000E+00
    8543   1.0000000000E+00
    8544   1.0000000000E+00
    8545   1.0000000000E+00
    8546   1.0000000000E+00
    8547   1.0000000000E+00
    8548   1.0000000000E+00
    8549   1.0000000000E+00
    8550   1.0000000000E+00
    8551   1.0000000000E+00
    8552   1.0000000000E+00
    8553   1.0000000000E+00
    8554   1.0000000000E+00
    8555   1.0000000000E+00
    8556   1.0000000000E+00
    8557   1.0000000000E+00
    8558   1.0000000000E+00
    8559   1.0000000000E+00
    8560   1.0000000000E+00
    8561   1.0000000000E+00
    8562   1.0000000000E+00
    8563   1.0000000000E+00
    8564   1.0000000000E+00
    8565   1.0000000000E+00
    8566   1.0000000000E+00
    8567   1.0000000000E+00
    8568   1.0000000000E+00
    8569   1.0000000000E+00
    8570   1.0000000000E+00
    8571   1.0000000000E+00
    8572   1.0000000000E+00
    8573   1.0000000000E+00
    8574   1.0000000000E+00
    8575   1.0000000000E+00
    8576   1.0000000000E+00
    8577   1.0000000000E+00
    8578   1.0000000000E+00
    8579   1.0000000000E+00
    8580   1.0000000000E+00
    8581   1.0000000000E+00
    8582   1.0000000000E+00
    8583   1.0000000000E+00
    8584   1.0000000000E+00
    8585   1.0000000000E+00
    8586   1.0000000000E+00
    8587   1.0000000000E+00
    8588   1.0000000000E+00
    8589   1.0000000000E+00
    8590   1.0000000000E+00
    8591   1.0000000000E+00
    8592   1.0000000000E+00
    8593   1.0000000000E+00
    8594   1.0000000000E+00
    8595   1.0000000000E+00
    8596   1.0000000000E+00
    8597   1.0000000000E+00
    8598   1.0000000000E+00
    8599   1.0000000000E+00
    8600   1.0000000000E+00
    8601   1.0000000000E+00
    8602   1.0000000000E+00
    8603   1.0000000000E+00
    8604   1.0000000000E+00
    8605   1.0000000000E+00
    8606   1.0000000000E+00
    8607   1.0000000000E+00
    8608   1.0000000000E+00
    8609   1.0000000000E+00
    8610   1.0000000000E+00
    8611   1.0000000000E+00
    8612   1.0000000000E+00
    8613   1.0000000000E+00
    8614   1.0000000000E+00
    8615   1.0000000000E+00
    8616   1.0000000000E+00
    8617   1.0000000000E+00
    8618   1.0000000000E+00
    8619   1.0000000000E+00
    8620   1.0000000000E+00
    8621   1.0000000000E+00
    8622   1.0000000000E+00
    8623   1.0000000000E+00
    8624   1.0000000000E+00
    8625   1.0000000000E+00
    8626   1.0000000000E+00
    8627   1.0000000000E+00
    8628   1.0000000000E+00
    8629   1.0000000000E+00
    8630   1.0000000000E+00
    8631   1.0000000000E+00
    8632   1.0000000000E+00
    8633   1.0000000000E+00
    8634   1.0000000000E+00
    8635   1.0000000000E+00
    8636   1.0000000000E+00
    8637   1.0000000000E+00
    8638   1.0000000000E+00
    8639   1.0000000000E+00
    8640   1.0000000000E+00
    8641   1.0000000000E+00
    8642   1.0000000000E+00
    8643   1.0000000000E+00
    8644   1.0000000000E+00
    8645   1.0000000000E+00
    8646   1.0000000000E+00
    8647   1.0000000000E+00
    8648   1.0000000000E+00
    8649   1.0000000000E+00
    8650   1.0000000000E+00
    8651   1.0000000000E+00
    8652   1.0000000000E+00
    8653   1.0000000000E+00
    8654   1.0000000000E+00
    8655   1.0000000000E+00
    8656   1.0000000000E+00
    8657   1.0000000000E+00
    8658   1.0000000000E+00
    8659   1.0000000000E+00
    8660   1.0000000000E+00
    8661   1.0000000000E+00
    8662   1.0000000000E+00
    8663   1.0000000000E+00
    8664   1.0000000000E+00
    8665   1.0000000000E+00
    8666   1.0000000000E+00
    8667   1.0000000000E+00
    8668   1.0000000000E+00
    8669   1.0000000000E+00
    8670   1.0000000000E+00
    8671   1.0000000000E+00
    8672   1.0000000000E+00
    8673   1.0000000000E+00
    8674   1.0000000000E+00
    8675   1.0000000000E+00
    8676   1.0000000000E+00
    8677   1.0000000000E+00
    8678   1.0000000000E+00
    8679   1.0000000000E+00
    8680   1.0000000000E+00
    8681   1.0000000000E+00
    8682   1.0000000000E+00
    8683   1.0000000000E+00
    8684   1.0000000000E+00
    8685   1.0000000000E+00
    8686   1.0000000000E+00
    8687   1.0000000000E+00
    8688   1.0000000000E+00
    8689   1.0000000000E+00
    8690   1.0000000000E+00
    8691   1.0000000000E+00
    8692   1.0000000000E+00
    8693   1.0000000000E+00
    8694   1.0000000000E+00
    8695   1.0000000000E+00
    8696   1.0000000000E+00
    8697   1.0000000000E+00
    8698   1.0000000000E+00
    8699   1.0000000000E+00
    8700   1.0000000000E+00
    8701   1.0000000000E+00
    8702   1.0000000000E+00
    8703   1.0000000000E+00
    8704   1.0000000000E+00
    8705   1.0000000000E+00
    8706   1.0000000000E+00
    8707   1.0000000000E+00
    8708   1.0000000000E+00
    8709   1.0000000000E+00
    8710   1.0000000000E+00
    8711   1.0000000000E+00
    8712   1.0000000000E+00
    8713   1.0000000000E+00
    8714   1.0000000000E+00
    8715   1.0000000000E+00
    8716   1.0000000000E+00
    8717   1.0000000000E+00
    8718   1.0000000000E+00
    8719   1.0000000000E+00
    8720   1.0000000000E+00
    8721   1.0000000000E+00
    8722   1.0000000000E+00
    8723   1.0000000000E+00
    8724   1.0000000000E+00
    8725   1.0000000000E+00
    8726   1.0000000000E+00
    8727   1.0000000000E+00
    8728   1.0000000000E+00
    8729   1.0000000000E+00
    8730   1.0000000000E+00
    8731   1.0000000000E+00
    8732   1.0000000000E+00
    8733   1.0000000000E+00
    8734   1.0000000000E+00
    8735   1.0000000000E+00
    8736   1.0000000000E+00
    8737   1.0000000000E+00
    8738   1.0000000000E+00
    8739   1.0000000000E+00
    8740   1.0000000000E+00
    8741   1.0000000000E+00
    8742   1.0000000000E+00
    8743   1.0000000000E+00
    8744   1.0000000000E+00
    8745   1.0000000000E+00
    8746   1.0000000000E+00
    8747   1.0000000000E+00
    8748   1.0000000000E+00
    8749   1.0000000000E+00
    8750   1.0000000000E+00
    8751   1.0000000000E+00
    8752   1.0000000000E+00
    8753   1.0000000000E+00
    8754   1.0000000000E+00
    8755   1.0000000000E+00
    8756   1.0000000000E+00
    8757   1.0000000000E+00
    8758   1.0000000000E+00
    8759   1.0000000000E+00
    8760   1.0000000000E+00
    8761   1.0000000000E+00
    8762   1.0000000000E+00
    8763   1.0000000000E+00
    8764   1.0000000000E+00
    8765   1.0000000000E+00
    8766   1.0000000000E+00
    8767   1.0000000000E+00
    8768   1.0000000000E+00
    8769   1.0000000000E+00
    8770   1.0000000000E+00
    8771   1.0000000000E+00
    8772   1.0000000000E+00
    8773   1.0000000000E+00
    8774   1.0000000000E+00
    8775   1.0000000000E+00
    8776   1.0000000000E+00
    8777   1.0000000000E+00
    8778   1.0000000000E+00
    8779   1.0000000000E+00
    8780   1.0000000000E+00
    8781   1.0000000000E+00
    8782   1.0000000000E+00
    8783   1.0000000000E+00
    8784   1.0000000000E+00
    8785   1.0000000000E+00
    8786   1.0000000000E+00
    8787   1.0000000000E+00
    8788   1.0000000000E+00
    8789   1.0000000000E+00
    8790   1.0000000000E+00
    8791   1.0000000000E+00
    8792   1.0000000000E+00
    8793   1.0000000000E+00
    8794   1.0000000000E+00
    8795   1.0000000000E+00
    8796   1.0000000000E+00
    8797   1.0000000000E+00
    8798   1.0000000000E+00
    8799   1.0000000000E+00
    8800   1.0000000000E+00
    8801   1.0000000000E+00
    8802   1.0000000000E+00
    8803   1.0000000000E+00
    8804   1.0000000000E+00
    8805   1.0000000000E+00
    8806   1.0000000000E+00
    8807   1.0000000000E+00
    8808   1.0000000000E+00
    8809   1.0000000000E+00
    8810   1.0000000000E+00
    8811   1.0000000000E+00
    8812   1.0000000000E+00
    8813   1.0000000000E+00
    8814   1.0000000000E+00
    8815   1.0000000000E+00
    8816   1.0000000000E+00
    8817   1.0000000000E+00
    8818   1.0000000000E+00
    8819   1.0000000000E+00
    8820   1.0000000000E+00
    8821   1.0000000000E+00
    8822   1.0000000000E+00
    8823   1.0000000000E+00
    8824   1.0000000000E+00
    8825   1.0000000000E+00
    8826   1.0000000000E+00
    8827   1.0000000000E+00
    8828   1.0000000000E+00
    8829   1.0000000000E+00
    8830   1.0000000000E+00
    8831   1.0000000000E+00
    8832   1.0000000000E+00
    8833   1.0000000000E+00
    8834   1.0000000000E+00
    8835   1.0000000000E+00
    8836   1.0000000000E+00
    8837   1.0000000000E+00
    8838   1.0000000000E+00
    8839   1.0000000000E+00
    8840   1.0000000000E+00
    8841   1.0000000000E+00
    8842   1.0000000000E+00
    8843   1.0000000000E+00
    8844   1.0000000000E+00
    8845   1.0000000000E+00
    8846   1.0000000000E+00
    8847   1.0000000000E+00
    8848   1.0000000000E+00
    8849   1.0000000000E+00
    8850   1.0000000000E+00
    8851   1.0000000000E+00
    8852   1.0000000000E+00
    8853   1.0000000000E+00
    8854   1.0000000000E+00
    8855   1.0000000000E+00
    8856   1.0000000000E+00
    8857   1.0000000000E+00
    8858   1.0000000000E+00
    8859   1.0000000000E+00
    8860   1.0000000000E+00
    8861   1.0000000000E+00
    8862   1.0000000000E+00
    8863   1.0000000000E+00
    8864   1.0000000000E+00
    8865   1.0000000000E+00
    8866   1.0000000000E+00
    8867   1.0000000000E+00
    8868   1.0000000000E+00
    8869   1.0000000000E+00
    8870   1.0000000000E+00
    8871   1.0000000000E+00
    8872   1.0000000000E+00
    8873   1.0000000000E+00
    8874   1.0000000000E+00
    8875   1.0000000000E+00
    8876   1.0000000000E+00
    8877   1.0000000000E+00
    8878   1.0000000000E+00
    8879   1.0000000000E+00
    8880   1.0000000000E+00
    8881   1.0000000000E+00
    8882   1.0000000000E+00
    8883   1.0000000000E+00
    8884   1.0000000000E+00
    8885   1.0000000000E+00
    8886   1.0000000000E+00
    8887   1.0000000000E+00
    8888   1.0000000000E+00
    8889   1.0000000000E+00
    8890   1.0000000000E+00
    8891   1.0000000000E+00
    8892   1.0000000000E+00
    8893   1.0000000000E+00
    8894   1.0000000000E+00
    8895   1.0000000000E+00
    8896   1.0000000000E+00
    8897   1.0000000000E+00
    8898   1.0000000000E+00
    8899   1.0000000000E+00
    8900   1.0000000000E+00
    8901   1.0000000000E+00
    8902   1.0000000000E+00
    8903   1.0000000000E+00
    8904   1.0000000000E+00
    8905   1.0000000000E+00
    8906   1.0000000000E+00
    8907   1.0000000000E+00
    8908   1.0000000000E+00
    8909   1.0000000000E+00
    8910   1.0000000000E+00
    8911   1.0000000000E+00
    8912   1.0000000000E+00
    8913   1.0000000000E+00
    8914   1.0000000000E+00
    8915   1.0000000000E+00
    8916   1.0000000000E+00
    8917   1.0000000000E+00
    8918   1.0000000000E+00
    8919   1.0000000000E+00
    8920   1.0000000000E+00
    8921   1.0000000000E+00
    8922   1.0000000000E+00
    8923   1.0000000000E+00
    8924   1.0000000000E+00
    8925   1.0000000000E+00
    8926   1.0000000000E+00
    8927   1.0000000000E+00
    8928   1.0000000000E+00
    8929   1.0000000000E+00
    8930   1.0000000000E+00
    8931   1.0000000000E+00
    8932   1.0000000000E+00
    8933   1.0000000000E+00
    8934   1.0000000000E+00
    8935   1.0000000000E+00
    8936   1.0000000000E+00
    8937   1.0000000000E+00
    8938   1.0000000000E+00
    8939   1.0000000000E+00
    8940   1.0000000000E+00
    8941   1.0000000000E+00
    8942   1.0000000000E+00
    8943   1.0000000000E+00
    8944   1.0000000000E+00
    8945   1.0000000000E+00
    8946   1.0000000000E+00
    8947   1.0000000000E+00
    8948   1.0000000000E+00
    8949   1.0000000000E+00
    8950   1.0000000000E+00
    8951   1.0000000000E+00
    8952   1.0000000000E+00
    8953   1.0000000000E+00
    8954   1.0000000000E+00
    8955   1.0000000000E+00
    8956   1.0000000000E+00
    8957   1.0000000000E+00
    8958   1.0000000000E+00
    8959   1.0000000000E+00
    8960   1.0000000000E+00
    8961   1.0000000000E+00
    8962   1.0000000000E+00
    8963   1.0000000000E+00
    8964   1.0000000000E+00
    8965   1.0000000000E+00
    8966   1.0000000000E+00
    8967   1.0000000000E+00
    8968   1.0000000000E+00
    8969   1.0000000000E+00
    8970   1.0000000000E+00
    8971   1.0000000000E+00
    8972   1.0000000000E+00
    8973   1.0000000000E+00
    8974   1.0000000000E+00
    8975   1.0000000000E+00
    8976   1.0000000000E+00
    8977   1.0000000000E+00
    8978   1.0000000000E+00
    8979   1.0000000000E+00
    8980   1.0000000000E+00
    8981   1.0000000000E+00
    8982   1.0000000000E+00
    8983   1.0000000000E+00
    8984   1.0000000000E+00
    8985   1.0000000000E+00
    8986   1.0000000000E+00
    8987   1.0000000000E+00
    8988   1.0000000000E+00
    8989   1.0000000000E+00
    8990   1.0000000000E+00
    8991   1.0000000000E+00
    8992   1.0000000000E+00
    8993   1.0000000000E+00
    8994   1.0000000000E+00
    8995   1.0000000000E+00
    8996   1.0000000000E+00
    8997   1.0000000000E+00
    8998   1.0000000000E+00
    8999   1.0000000000E+00
    9000   1.0000000000E+00
    9001   1.0000000000E+00
    9002   1.0000000000E+00
    9003   1.0000000000E+00
    9004   1.0000000000E+00
    9005   1.0000000000E+00
    9006   1.0000000000E+00
    9007   1.0000000000E+00
    9008   1.0000000000E+00
    9009   1.0000000000E+00
    9010   1.0000000000E+00
    9011   1.0000000000E+00
    9012   1.0000000000E+00
    9013   1.0000000000E+00
    9014   1.0000000000E+00
    9015   1.0000000000E+00
    9016   1.0000000000E+00
    9017   1.0000000000E+00
    9018   1.0000000000E+00
    9019   1.0000000000E+00
    9020   1.0000000000E+00
    9021   1.0000000000E+00
    9022   1.0000000000E+00
    9023   1.0000000000E+00
    9024   1.0000000000E+00
    9025   1.0000000000E+00
    9026   1.0000000000E+00
    9027   1.0000000000E+00
    9028   1.0000000000E+00
    9029   1.0000000000E+00
    9030   1.0000000000E+00
    9031   1.0000000000E+00
    9032   1.0000000000E+00
    9033   1.0000000000E+00
    9034   1.0000000000E+00
    9035   1.0000000000E+00
    9036   1.0000000000E+00
    9037   1.0000000000E+00
    9038   1.0000000000E+00
    9039   1.0000000000E+00
    9040   1.0000000000E+00
    9041   1.0000000000E+00
    9042   1.0000000000E+00
    9043   1.0000000000E+00
    9044   1.0000000000E+00
    9045   1.0000000000E+00
    9046   1.0000000000E+00
    9047   1.0000000000E+00
    9048   1.0000000000E+00
    9049   1.0000000000E+00
    9050   1.0000000000E+00
    9051   1.0000000000E+00
    9052   1.0000000000E+00
    9053   1.0000000000E+00
    9054   1.0000000000E+00
    9055   1.0000000000E+00
    9056   1.0000000000E+00
    9057   1.0000000000E+00
    9058   1.0000000000E+00
    9059   1.0000000000E+00
    9060   1.0000000000E+00
    9061   1.0000000000E+00
    9062   1.0000000000E+00
    9063   1.0000000000E+00
    9064   1.0000000000E+00
    9065   1.0000000000E+00
    9066   1.0000000000E+00
    9067   1.0000000000E+00
    9068   1.0000000000E+00
    9069   1.0000000000E+00
    9070   1.0000000000E+00
    9071   1.0000000000E+00
    9072   1.0000000000E+00
    9073   1.0000000000E+00
    9074   1.0000000000E+00
    9075   1.0000000000E+00
    9076   1.0000000000E+00
    9077   1.0000000000E+00
    9078   1.0000000000E+00
    9079   1.0000000000E+00
    9080   1.0000000000E+00
    9081   1.0000000000E+00
    9082   1.0000000000E+00
    9083   1.0000000000E+00
    9084   1.0000000000E+00
    9085   1.0000000000E+00
    9086   1.0000000000E+00
    9087   1.0000000000E+00
    9088   1.0000000000E+00
    9089   1.0000000000E+00
    9090   1.0000000000E+00
    9091   1.0000000000E+00
    9092   1.0000000000E+00
    9093   1.0000000000E+00
    9094   1.0000000000E+00
    9095   1.0000000000E+00
    9096   1.0000000000E+00
    9097   1.0000000000E+00
    9098   1.0000000000E+00
    9099   1.0000000000E+00
    9100   1.0000000000E+00
    9101   1.0000000000E+00
    9102   1.0000000000E+00
    9103   1.0000000000E+00
    9104   1.0000000000E+00
    9105   1.0000000000E+00
    9106   1.0000000000E+00
    9107   1.0000000000E+00
    9108   1.0000000000E+00
    9109   1.0000000000E+00
    9110   1.0000000000E+00
    9111   1.0000000000E+00
    9112   1.0000000000E+00
    9113   1.0000000000E+00
    9114   1.0000000000E+00
    9115   1.0000000000E+00
    9116   1.0000000000E+00
    9117   1.0000000000E+00
    9118   1.0000000000E+00
    9119   1.0000000000E+00
    9120   1.0000000000E+00
    9121   1.0000000000E+00
    9122   1.0000000000E+00
    9123   1.0000000000E+00
    9124   1.0000000000E+00
    9125   1.0000000000E+00
    9126   1.0000000000E+00
    9127   1.0000000000E+00
    9128   1.0000000000E+00
    9129   1.0000000000E+00
    9130   1.0000000000E+00
    9131   1.0000000000E+00
    9132   1.0000000000E+00
    9133   1.0000000000E+00
    9134   1.0000000000E+00
    9135   1.0000000000E+00
    9136   1.0000000000E+00
    9137   1.0000000000E+00
    9138   1.0000000000E+00
    9139   1.0000000000E+00
    9140   1.0000000000E+00
    9141   1.0000000000E+00
    9142   1.0000000000E+00
    9143   1.0000000000E+00
    9144   1.0000000000E+00
    9145   1.0000000000E+00
    9146   1.0000000000E+00
    9147   1.0000000000E+00
    9148   1.0000000000E+00
    9149   1.0000000000E+00
    9150   1.0000000000E+00
    9151   1.0000000000E+00
    9152   1.0000000000E+00
    9153   1.0000000000E+00
    9154   1.0000000000E+00
    9155   1.0000000000E+00
    9156   1.0000000000E+00
    9157   1.0000000000E+00
    9158   1.0000000000E+00
    9159   1.0000000000E+00
    9160   1.0000000000E+00
    9161   1.0000000000E+00
    9162   1.0000000000E+00
    9163   1.0000000000E+00
    9164   1.0000000000E+00
    9165   1.0000000000E+00
    9166   1.0000000000E+00
    9167   1.0000000000E+00
    9168   1.0000000000E+00
    9169   1.0000000000E+00
    9170   1.0000000000E+00
    9171   1.0000000000E+00
    9172   1.0000000000E+00
    9173   1.0000000000E+00
    9174   1.0000000000E+00
    9175   1.0000000000E+00
    9176   1.0000000000E+00
    9177   1.0000000000E+00
    9178   1.0000000000E+00
    9179   1.0000000000E+00
    9180   1.0000000000E+00
    9181   1.0000000000E+00
    9182   1.0000000000E+00
    9183   1.0000000000E+00
    9184   1.0000000000E+00
    9185   1.0000000000E+00
    9186   1.0000000000E+00
    9187   1.0000000000E+00
    9188   1.0000000000E+00
    9189   1.0000000000E+00
    9190   1.0000000000E+00
    9191   1.0000000000E+00
    9192   1.0000000000E+00
    9193   1.0000000000E+00
    9194   1.0000000000E+00
    9195   1.0000000000E+00
    9196   1.0000000000E+00
    9197   1.0000000000E+00
    9198   1.0000000000E+00
    9199   1.0000000000E+00
    9200   1.0000000000E+00
    9201   1.0000000000E+00
    9202   1.0000000000E+00
    9203   1.0000000000E+00
    9204   1.0000000000E+00
    9205   1.0000000000E+00
    9206   1.0000000000E+00
    9207   1.0000000000E+00
    9208   1.0000000000E+00
    9209   1.0000000000E+00
    9210   1.0000000000E+00
    9211   1.0000000000E+00
    9212   1.0000000000E+00
    9213   1.0000000000E+00
    9214   1.0000000000E+00
    9215   1.0000000000E+00
    9216   1.0000000000E+00
    9217   1.0000000000E+00
    9218   1.0000000000E+00
    9219   1.0000000000E+00
    9220   1.0000000000E+00
    9221   1.0000000000E+00
    9222   1.0000000000E+00
    9223   1.0000000000E+00
    9224   1.0000000000E+00
    9225   1.0000000000E+00
    9226   1.0000000000E+00
    9227   1.0000000000E+00
    9228   1.0000000000E+00
    9229   1.0000000000E+00
    9230   1.0000000000E+00
    9231   1.0000000000E+00
    9232   1.0000000000E+00
    9233   1.0000000000E+00
    9234   1.0000000000E+00
    9235   1.0000000000E+00
    9236   1.0000000000E+00
    9237   1.0000000000E+00
    9238   1.0000000000E+00
    9239   1.0000000000E+00
    9240   1.0000000000E+00
    9241   1.0000000000E+00
    9242   1.0000000000E+00
    9243   1.0000000000E+00
    9244   1.0000000000E+00
    9245   1.0000000000E+00
    9246   1.0000000000E+00
    9247   1.0000000000E+00
    9248   1.0000000000E+00
    9249   1.0000000000E+00
    9250   1.0000000000E+00
    9251   1.0000000000E+00
    9252   1.0000000000E+00
    9253   1.0000000000E+00
    9254   1.0000000000E+00
    9255   1.0000000000E+00
    9256   1.0000000000E+00
    9257   1.0000000000E+00
    9258   1.0000000000E+00
    9259   1.0000000000E+00
    9260   1.0000000000E+00
    9261   1.0000000000E+00
    9262   1.0000000000E+00
    9263   1.0000000000E+00
    9264   1.0000000000E+00
    9265   1.0000000000E+00
    9266   1.0000000000E+00
    9267   1.0000000000E+00
    9268   1.0000000000E+00
    9269   1.0000000000E+00
    9270   1.0000000000E+00
    9271   1.0000000000E+00
    9272   1.0000000000E+00
    9273   1.0000000000E+00
    9274   1.0000000000E+00
    9275   1.0000000000E+00
    9276   1.0000000000E+00
    9277   1.0000000000E+00
    9278   1.0000000000E+00
    9279   1.0000000000E+00
    9280   1.0000000000E+00
    9281   1.0000000000E+00
    9282   1.0000000000E+00
    9283   1.0000000000E+00
    9284   1.0000000000E+00
    9285   1.0000000000E+00
    9286   1.0000000000E+00
    9287   1.0000000000E+00
    9288   1.0000000000E+00
    9289   1.0000000000E+00
    9290   1.0000000000E+00
    9291   1.0000000000E+00
    9292   1.0000000000E+00
    9293   1.0000000000E+00
    9294   1.0000000000E+00
    9295   1.0000000000E+00
    9296   1.0000000000E+00
    9297   1.0000000000E+00
    9298   1.0000000000E+00
    9299   1.0000000000E+00
    9300   1.0000000000E+00
    9301   1.0000000000E+00
    9302   1.0000000000E+00
    9303   1.0000000000E+00
    9304   1.0000000000E+00
    9305   1.0000000000E+00
    9306   1.0000000000E+00
    9307   1.0000000000E+00
    9308   1.0000000000E+00
    9309   1.0000000000E+00
    9310   1.0000000000E+00
    9311   1.0000000000E+00
    9312   1.0000000000E+00
    9313   1.0000000000E+00
    9314   1.0000000000E+00
    9315   1.0000000000E+00
    9316   1.0000000000E+00
    9317   1.0000000000E+00
    9318   1.0000000000E+00
    9319   1.0000000000E+00
    9320   1.0000000000E+00
    9321   1.0000000000E+00
    9322   1.0000000000E+00
    9323   1.0000000000E+00
    9324   1.0000000000E+00
    9325   1.0000000000E+00
    9326   1.0000000000E+00
    9327   1.0000000000E+00
    9328   1.0000000000E+00
    9329   1.0000000000E+00
    9330   1.0000000000E+00
    9331   1.0000000000E+00
    9332   1.0000000000E+00
    9333   1.0000000000E+00
    9334   1.0000000000E+00
    9335   1.0000000000E+00
    9336   1.0000000000E+00
    9337   1.0000000000E+00
    9338   1.0000000000E+00
    9339   1.0000000000E+00
    9340   1.0000000000E+00
    9341   1.0000000000E+00
    9342   1.0000000000E+00
    9343   1.0000000000E+00
    9344   1.0000000000E+00
    9345   1.0000000000E+00
    9346   1.0000000000E+00
    9347   1.0000000000E+00
    9348   1.0000000000E+00
    9349   1.0000000000E+00
    9350   1.0000000000E+00
    9351   1.0000000000E+00
    9352   1.0000000000E+00
    9353   1.0000000000E+00
    9354   1.0000000000E+00
    9355   1.0000000000E+00
    9356   1.0000000000E+00
    9357   1.0000000000E+00
    9358   1.0000000000E+00
    9359   1.0000000000E+00
    9360   1.0000000000E+00
    9361   1.0000000000E+00
    9362   1.0000000000E+00
    9363   1.0000000000E+00
    9364   1.0000000000E+00
    9365   1.0000000000E+00
    9366   1.0000000000E+00
    9367   1.0000000000E+00
    9368   1.0000000000E+00
    9369   1.0000000000E+00
    9370   1.0000000000E+00
    9371   1.0000000000E+00
    9372   1.0000000000E+00
    9373   1.0000000000E+00
    9374   1.0000000000E+00
    9375   1.0000000000E+00
    9376   1.0000000000E+00
    9377   1.0000000000E+00
    9378   1.0000000000E+00
    9379   1.0000000000E+00
    9380   1.0000000000E+00
    9381   1.0000000000E+00
    9382   1.0000000000E+00
    9383   1.0000000000E+00
    9384   1.0000000000E+00
    9385   1.0000000000E+00
    9386   1.0000000000E+00
    9387   1.0000000000E+00
    9388   1.0000000000E+00
    9389   1.0000000000E+00
    9390   1.0000000000E+00
    9391   1.0000000000E+00
    9392   1.0000000000E+00
    9393   1.0000000000E+00
    9394   1.0000000000E+00
    9395   1.0000000000E+00
    9396   1.0000000000E+00
    9397   1.0000000000E+00
    9398   1.0000000000E+00
    9399   1.0000000000E+00
    9400   1.0000000000E+00
    9401   1.0000000000E+00
    9402   1.0000000000E+00
    9403   1.0000000000E+00
    9404   1.0000000000E+00
    9405   1.0000000000E+00
    9406   1.0000000000E+00
    9407   1.0000000000E+00
    9408   1.0000000000E+00
    9409   1.0000000000E+00
    9410   1.0000000000E+00
    9411   1.0000000000E+00
    9412   1.0000000000E+00
    9413   1.0000000000E+00
    9414   1.0000000000E+00
    9415   1.0000000000E+00
    9416   1.0000000000E+00
    9417   1.0000000000E+00
    9418   1.0000000000E+00
    9419   1.0000000000E+00
    9420   1.0000000000E+00
    9421   1.0000000000E+00
    9422   1.0000000000E+00
    9423   1.0000000000E+00
    9424   1.0000000000E+00
    9425   1.0000000000E+00
    9426   1.0000000000E+00
    9427   1.0000000000E+00
    9428   1.0000000000E+00
    9429   1.0000000000E+00
    9430   1.0000000000E+00
    9431   1.0000000000E+00
    9432   1.0000000000E+00
    9433   1.0000000000E+00
    9434   1.0000000000E+00
    9435   1.0000000000E+00
    9436   1.0000000000E+00
    9437   1.0000000000E+00
    9438   1.0000000000E+00
    9439   1.0000000000E+00
    9440   1.0000000000E+00
    9441   1.0000000000E+00
    9442   1.0000000000E+00
    9443   1.0000000000E+00
    9444   1.0000000000E+00
    9445   1.0000000000E+00
    9446   1.0000000000E+00
    9447   1.0000000000E+00
    9448   1.0000000000E+00
    9449   1.0000000000E+00
    9450   1.0000000000E+00
    9451   1.0000000000E+00
    9452   1.0000000000E+00
    9453   1.0000000000E+00
    9454   1.0000000000E+00
    9455   1.0000000000E+00
    9456   1.0000000000E+00
    9457   1.0000000000E+00
    9458   1.0000000000E+00
    9459   1.0000000000E+00
    9460   1.0000000000E+00
    9461   1.0000000000E+00
    9462   1.0000000000E+00
    9463   1.0000000000E+00
    9464   1.0000000000E+00
    9465   1.0000000000E+00
    9466   1.0000000000E+00
    9467   1.0000000000E+00
    9468   1.0000000000E+00
    9469   1.0000000000E+00
    9470   1.0000000000E+00
    9471   1.0000000000E+00
    9472   1.0000000000E+00
    9473   1.0000000000E+00
    9474   1.0000000000E+00
    9475   1.0000000000E+00
    9476   1.0000000000E+00
    9477   1.0000000000E+00
    9478   1.0000000000E+00
    9479   1.0000000000E+00
    9480   1.0000000000E+00
    9481   1.0000000000E+00
    9482   1.0000000000E+00
    9483   1.0000000000E+00
    9484   1.0000000000E+00
    9485   1.0000000000E+00
    9486   1.0000000000E+00
    9487   1.0000000000E+00
    9488   1.0000000000E+00
    9489   1.0000000000E+00
    9490   1.0000000000E+00
    9491   1.0000000000E+00
    9492   1.0000000000E+00
    9493   1.0000000000E+00
    9494   1.0000000000E+00
    9495   1.0000000000E+00
    9496   1.0000000000E+00
    9497   1.0000000000E+00
    9498   1.0000000000E+00
    9499   1.0000000000E+00
    9500   1.0000000000E+00
    9501   1.0000000000E+00
    9502   1.0000000000E+00
    9503   1.0000000000E+00
    9504   1.0000000000E+00
    9505   1.0000000000E+00
    9506   1.0000000000E+00
    9507   1.0000000000E+00
    9508   1.0000000000E+00
    9509   1.0000000000E+00
    9510   1.0000000000E+00
    9511   1.0000000000E+00
    9512   1.0000000000E+00
    9513   1.0000000000E+00
    9514   1.0000000000E+00
    9515   1.0000000000E+00
    9516   1.0000000000E+00
    9517   1.0000000000E+00
    9518   1.0000000000E+00
    9519   1.0000000000E+00
    9520   1.0000000000E+00
    9521   1.0000000000E+00
    9522   1.0000000000E+00
    9523   1.0000000000E+00
    9524   1.0000000000E+00
    9525   1.0000000000E+00
    9526   1.0000000000E+00
    9527   1.0000000000E+00
    9528   1.0000000000E+00
    9529   1.0000000000E+00
    9530   1.0000000000E+00
    9531   1.0000000000E+00
    9532   1.0000000000E+00
    9533   1.0000000000E+00
    9534   1.0000000000E+00
    9535   1.0000000000E+00
    9536   1.0000000000E+00
    9537   1.0000000000E+00
    9538   1.0000000000E+00
    9539   1.0000000000E+00
    9540   1.0000000000E+00
    9541   1.0000000000E+00
    9542   1.0000000000E+00
    9543   1.0000000000E+00
    9544   1.0000000000E+00
    9545   1.0000000000E+00
    9546   1.0000000000E+00
    9547   1.0000000000E+00
    9548   1.0000000000E+00
    9549   1.0000000000E+00
    9550   1.0000000000E+00
    9551   1.0000000000E+00
    9552   1.0000000000E+00
    9553   1.0000000000E+00
    9554   1.0000000000E+00
    9555   1.0000000000E+00
    9556   1.0000000000E+00
    9557   1.0000000000E+00
    9558   1.0000000000E+00
    9559   1.0000000000E+00
    9560   1.0000000000E+00
    9561   1.0000000000E+00
    9562   1.0000000000E+00
    9563   1.0000000000E+00
    9564   1.0000000000E+00
    9565   1.0000000000E+00
    9566   1.0000000000E+00
    9567   1.0000000000E+00
    9568   1.0000000000E+00
    9569   1.0000000000E+00
    9570   1.0000000000E+00
    9571   1.0000000000E+00
    9572   1.0000000000E+00
    9573   1.0000000000E+00
    9574   1.0000000000E+00
    9575   1.0000000000E+00
    9576   1.0000000000E+00
    9577   1.0000000000E+00
    9578   1.0000000000E+00
    9579   1.0000000000E+00
    9580   1.0000000000E+00
    9581   1.0000000000E+00
    9582   1.0000000000E+00
    9583   1.0000000000E+00
    9584   1.0000000000E+00
    9585   1.0000000000E+00
    9586   1.0000000000E+00
    9587   1.0000000000E+00
    9588   1.0000000000E+00
    9589   1.0000000000E+00
    9590   1.0000000000E+00
    9591   1.0000000000E+00
    9592   1.0000000000E+00
    9593   1.0000000000E+00
    9594   1.0000000000E+00
    9595   1.0000000000E+00
    9596   1.0000000000E+00
    9597   1.0000000000E+00
    9598   1.0000000000E+00
    9599   1.0000000000E+00
    9600   1.0000000000E+00
    9601   1.0000000000E+00
    9602   1.0000000000E+00
    9603   1.0000000000E+00
    9604   1.0000000000E+00
    9605   1.0000000000E+00
    9606   1.0000000000E+00
    9607   1.0000000000E+00
    9608   1.0000000000E+00
    9609   1.0000000000E+00
    9610   1.0000000000E+00
    9611   1.0000000000E+00
    9612   1.0000000000E+00
    9613   1.0000000000E+00
    9614   1.0000000000E+00
    9615   1.0000000000E+00
    9616   1.0000000000E+00
    9617   1.0000000000E+00
    9618   1.0000000000E+00
    9619   1.0000000000E+00
    9620   1.0000000000E+00
    9621   1.0000000000E+00
    9622   1.0000000000E+00
    9623   1.0000000000E+00
    9624   1.0000000000E+00
    9625   1.0000000000E+00
    9626   1.0000000000E+00
    9627   1.0000000000E+00
    9628   1.0000000000E+00
    9629   1.0000000000E+00
    9630   1.0000000000E+00
    9631   1.0000000000E+00
    9632   1.0000000000E+00
    9633   1.0000000000E+00
    9634   1.0000000000E+00
    9635   1.0000000000E+00
    9636   1.0000000000E+00
    9637   1.0000000000E+00
    9638   1.0000000000E+00
    9639   1.0000000000E+00
    9640   1.0000000000E+00
    9641   1.0000000000E+00
    9642   1.0000000000E+00
    9643   1.0000000000E+00
    9644   1.0000000000E+00
    9645   1.0000000000E+00
    9646   1.0000000000E+00
    9647   1.0000000000E+00
    9648   1.0000000000E+00
    9649   1.0000000000E+00
    9650   1.0000000000E+00
    9651   1.0000000000E+00
    9652   1.0000000000E+00
    9653   1.0000000000E+00
    9654   1.0000000000E+00
    9655   1.0000000000E+00
    9656   1.0000000000E+00
    9657   1.0000000000E+00
    9658   1.0000000000E+00
    9659   1.0000000000E+00
    9660   1.0000000000E+00
    9661   1.0000000000E+00
    9662   1.0000000000E+00
    9663   1.0000000000E+00
    9664   1.0000000000E+00
    9665   1.0000000000E+00
    9666   1.0000000000E+00
    9667   1.0000000000E+00
    9668   1.0000000000E+00
    9669   1.0000000000E+00
    9670   1.0000000000E+00
    9671   1.0000000000E+00
    9672   1.0000000000E+00
    9673   1.0000000000E+00
    9674   1.0000000000E+00
    9675   1.0000000000E+00
    9676   1.0000000000E+00
    9677   1.0000000000E+00
    9678   1.0000000000E+00
    9679   1.0000000000E+00
    9680   1.0000000000E+00
    9681   1.0000000000E+00
    9682   1.0000000000E+00
    9683   1.0000000000E+00
    9684   1.0000000000E+00
    9685   1.0000000000E+00
    9686   1.0000000000E+00
    9687   1.0000000000E+00
    9688   1.0000000000E+00
    9689   1.0000000000E+00
    9690   1.0000000000E+00
    9691   1.0000000000E+00
    9692   1.0000000000E+00
    9693   1.0000000000E+00
    9694   1.0000000000E+00
    9695   1.0000000000E+00
    9696   1.0000000000E+00
    9697   1.0000000000E+00
    9698   1.0000000000E+00
    9699   1.0000000000E+00
    9700   1.0000000000E+00
    9701   1.0000000000E+00
    9702   1.0000000000E+00
    9703   1.0000000000E+00
    9704   1.0000000000E+00
    9705   1.0000000000E+00
    9706   1.0000000000E+00
    9707   1.0000000000E+00
    9708   1.0000000000E+00
    9709   1.0000000000E+00
    9710   1.0000000000E+00
    9711   1.0000000000E+00
    9712   1.0000000000E+00
    9713   1.0000000000E+00
    9714   1.0000000000E+00
    9715   1.0000000000E+00
    9716   1.0000000000E+00
    9717   1.0000000000E+00
    9718   1.0000000000E+00
    9719   1.0000000000E+00
    9720   1.0000000000E+00
    9721   1.0000000000E+00
    9722   1.0000000000E+00
    9723   1.0000000000E+00
    9724   1.0000000000E+00
    9725   1.0000000000E+00
    9726   1.0000000000E+00
    9727   1.0000000000E+00
    9728   1.0000000000E+00
    9729   1.0000000000E+00
    9730   1.0000000000E+00
    9731   1.0000000000E+00
    9732   1.0000000000E+00
    9733   1.0000000000E+00
    9734   1.0000000000E+00
    9735   1.0000000000E+00
    9736   1.0000000000E+00
    9737   1.0000000000E+00
    9738   1.0000000000E+00
    9739   1.0000000000E+00
    9740   1.0000000000E+00
    9741   1.0000000000E+00
    9742   1.0000000000E+00
    9743   1.0000000000E+00
    9744   1.0000000000E+00
    9745   1.0000000000E+00
    9746   1.0000000000E+00
    9747   1.0000000000E+00
    9748   1.0000000000E+00
    9749   1.0000000000E+00
    9750   1.0000000000E+00
    9751   1.0000000000E+00
    9752   1.0000000000E+00
    9753   1.0000000000E+00
    9754   1.0000000000E+00
    9755   1.0000000000E+00
    9756   1.0000000000E+00
    9757   1.0000000000E+00
    9758   1.0000000000E+00
    9759   1.0000000000E+00
    9760   1.0000000000E+00
    9761   1.0000000000E+00
    9762   1.0000000000E+00
    9763   1.0000000000E+00
    9764   1.0000000000E+00
    9765   1.0000000000E+00
    9766   1.0000000000E+00
    9767   1.0000000000E+00
    9768   1.0000000000E+00
    9769   1.0000000000E+00
    9770   1.0000000000E+00
    9771   1.0000000000E+00
    9772   1.0000000000E+00
    9773   1.0000000000E+00
    9774   1.0000000000E+00
    9775   1.0000000000E+00
    9776   1.0000000000E+00
    9777   1.0000000000E+00
    9778   1.0000000000E+00
    9779   1.0000000000E+00
    9780   1.0000000000E+00
    9781   1.0000000000E+00
    9782   1.0000000000E+00
    9783   1.0000000000E+00
    9784   1.0000000000E+00
    9785   1.0000000000E+00
    9786   1.0000000000E+00
    9787   1.0000000000E+00
    9788   1.0000000000E+00
    9789   1.0000000000E+00
    9790   1.0000000000E+00
    9791   1.0000000000E+00
    9792   1.0000000000E+00
    9793   1.0000000000E+00
    9794   1.0000000000E+00
    9795   1.0000000000E+00
    9796   1.0000000000E+00
    9797   1.0000000000E+00
    9798   1.0000000000E+00
    9799   1.0000000000E+00
    9800   1.0000000000E+00
    9801   1.0000000000E+00
    9802   1.0000000000E+00
    9803   1.0000000000E+00
    9804   1.0000000000E+00
    9805   1.0000000000E+00
    9806   1.0000000000E+00
    9807   1.0000000000E+00
    9808   1.0000000000E+00
    9809   1.0000000000E+00
    9810   1.0000000000E+00
    9811   1.0000000000E+00
    9812   1.0000000000E+00
    9813   1.0000000000E+00
    9814   1.0000000000E+00
    9815   1.0000000000E+00
    9816   1.0000000000E+00
    9817   1.0000000000E+00
    9818   1.0000000000E+00
    9819   1.0000000000E+00
    9820   1.0000000000E+00
    9821   1.0000000000E+00
    9822   1.0000000000E+00
    9823   1.0000000000E+00
    9824   1.0000000000E+00
    9825   1.0000000000E+00
    9826   1.0000000000E+00
    9827   1.0000000000E+00
    9828   1.0000000000E+00
    9829   1.0000000000E+00
    9830   1.0000000000E+00
    9831   1.0000000000E+00
    9832   1.0000000000E+00
    9833   1.0000000000E+00
    9834   1.0000000000E+00
    9835   1.0000000000E+00
    9836   1.0000000000E+00
    9837   1.0000000000E+00
    9838   1.0000000000E+00
    9839   1.0000000000E+00
    9840   1.0000000000E+00
    9841   1.0000000000E+00
    9842   1.0000000000E+00
    9843   1.0000000000E+00
    9844   1.0000000000E+00
    9845   1.0000000000E+00
    9846   1.0000000000E+00
    9847   1.0000000000E+00
    9848   1.0000000000E+00
    9849   1.0000000000E+00
    9850   1.0000000000E+00
    9851   1.0000000000E+00
    9852   1.0000000000E+00
    9853   1.0000000000E+00
    9854   1.0000000000E+00
    9855   1.0000000000E+00
    9856   1.0000000000E+00
    9857   1.0000000000E+00
    9858   1.0000000000E+00
    9859   1.0000000000E+00
    9860   1.0000000000E+00
    9861   1.0000000000E+00
    9862   1.0000000000E+00
    9863   1.0000000000E+00
    9864   1.0000000000E+00
    9865   1.0000000000E+00
    9866   1.0000000000E+00
    9867   1.0000000000E+00
    9868   1.0000000000E+00
    9869   1.0000000000E+00
    9870   1.0000000000E+00
    9871   1.0000000000E+00
    9872   1.0000000000E+00
    9873   1.0000000000E+00
    9874   1.0000000000E+00
    9875   1.0000000000E+00
    9876   1.0000000000E+00
    9877   1.0000000000E+00
    9878   1.0000000000E+00
    9879   1.0000000000E+00
    9880   1.0000000000E+00
    9881   1.0000000000E+00
    9882   1.0000000000E+00
    9883   1.0000000000E+00
    9884   1.0000000000E+00
    9885   1.0000000000E+00
    9886   1.0000000000E+00
    9887   1.0000000000E+00
    9888   1.0000000000E+00
    9889   1.0000000000E+00
    9890   1.0000000000E+00
    9891   1.0000000000E+00
    9892   1.0000000000E+00
    9893   1.0000000000E+00
    9894   1.0000000000E+00
    9895   1.0000000000E+00
    9896   1.0000000000E+00
    9897   1.0000000000E+00
    9898   1.0000000000E+00
    9899   1.0000000000E+00
    9900   1.0000000000E+00
    9901   1.0000000000E+00
    9902   1.0000000000E+00
    9903   1.0000000000E+00
    9904   1.0000000000E+00
    9905   1.0000000000E+00
    9906   1.0000000000E+00
    9907   1.0000000000E+00
    9908   1.0000000000E+00
    9909   1.0000000000E+00
    9910   1.0000000000E+00
    9911   1.0000000000E+00
    9912   1.0000000000E+00
    9913   1.0000000000E+00
    9914   1.0000000000E+00
    9915   1.0000000000E+00
    9916   1.0000000000E+00
    9917   1.0000000000E+00
    9918   1.0000000000E+00
    9919   1.0000000000E+00
    9920   1.0000000000E+00
    9921   1.0000000000E+00
    9922   1.0000000000E+00
    9923   1.0000000000E+00
    9924   1.0000000000E+00
    9925   1.0000000000E+00
    9926   1.0000000000E+00
    9927   1.0000000000E+00
    9928   1.0000000000E+00
    9929   1.0000000000E+00
    9930   1.0000000000E+00
    9931   1.0000000000E+00
    9932   1.0000000000E+00
    9933   1.0000000000E+00
    9934   1.0000000000E+00
    9935   1.0000000000E+00
    9936   1.0000000000E+00
    9937   1.0000000000E+00
    9938   1.0000000000E+00
    9939   1.0000000000E+00
    9940   1.0000000000E+00
    9941   1.0000000000E+00
    9942   1.0000000000E+00
    9943   1.0000000000E+00
    9944   1.0000000000E+00
    9945   1.0000000000E+00
    9946   1.0000000000E+00
    9947   1.0000000000E+00
    9948   1.0000000000E+00
    9949   1.0000000000E+00
    9950   1.0000000000E+00
    9951   1.0000000000E+00
    9952   1.0000000000E+00
    9953   1.0000000000E+00
    9954   1.0000000000E+00
    9955   1.0000000000E+00
    9956   1.0000000000E+00
    9957   1.0000000000E+00
    9958   1.0000000000E+00
    9959   1.0000000000E+00
    9960   1.0000000000E+00
    9961   1.0000000000E+00
    9962   1.0000000000E+00
    9963   1.0000000000E+00
    9964   1.0000000000E+00
    9965   1.0000000000E+00
    9966   1.0000000000E+00
    9967   1.0000000000E+00
    9968   1.0000000000E+00
    9969   1.0000000000E+00
    9970   1.0000000000E+00
    9971   1.0000000000E+00
    9972   1.0000000000E+00
    9973   1.0000000000E+00
    9974   1.0000000000E+00
    9975   1.0000000000E+00
    9976   1.0000000000E+00
    9977   1.0000000000E+00
    9978   1.0000000000E+00
    9979   1.0000000000E+00
    9980   1.0000000000E+00
    9981   1.0000000000E+00
    9982   1.0000000000E+00
    9983   1.0000000000E+00
    9984   1.0000000000E+00
    9985   1.0000000000E+00
    9986   1.0000000000E+00
    9987   1.0000000000E+00
    9988   1.0000000000E+00
    9989   1.0000000000E+00
    9990   1.0000000000E+00
    9991   1.0000000000E+00
    9992   1.0000000000E+00
    9993   1.0000000000E+00
    9994   1.0000000000E+00
    9995   1.0000000000E+00
    9996   1.0000000000E+00
    9997   1.0000000000E+00
    9998   1.0000000000E+00
    9999   1.0000000000E+00
   10000   8.3593750000E-01
   10001   1.6406250000E-01
   10002   0.0000000000E+00
   10003   0.0000000000E+00
