# ic  density_f1
      -2   0.0000000000E+00
      -1   1.7352712791E-01
       0   8.3712386312E-01
       1   9.8847567912E-01
       2   9.9031498424E-01
       3   9.9194131902E-01
       4   9.9320966589E-01
       5   9.9411195852E-01
       6   9.9470296802E-01
       7   9.9505726309E-01
       8   9.9528890694E-01
       9   9.9558010164E-01
      10   9.9614565216E-01
      11   9.9712818563E-01
      12   9.9849988597E-01
      13   1.0000573483E+00
      14   1.0015198450E+00
      15   1.0026515959E+00
      16   1.0033128535E+00
      17   1.0034229181E+00
      18   1.0029075636E+00
      19   1.0017108480E+00
      20   9.9986709529E-01
      21   9.9754933596E-01
      22   9.9502498742E-01
      23   9.9254426344E-01
      24   9.9025554373E-01
      25   9.8821572829E-01
      26   9.8647059438E-01
      27   9.8511550374E-01
      28   9.8425211219E-01
      29   9.8395840185E-01
      30   9.8424023472E-01
      31   9.8480542135E-01
      32   9.8549084199E-01
      33   9.8615317293E-01
      34   9.8670667842E-01
      35   9.8707112870E-01
      36   9.8713689353E-01
      37   9.8680352285E-01
      38   9.8606438213E-01
      39   9.8505097381E-01
      40   9.8397995145E-01
      41   9.8303647058E-01
      42   9.8228681092E-01
      43   9.8168372276E-01
      44   9.8113259982E-01
      45   9.8054291323E-01
      46   9.8007410029E-01
      47   9.7954090006E-01
      48   9.7891764051E-01
      49   9.7817508158E-01
      50   9.7737011955E-01
      51   9.7669592562E-01
      52   9.7642369950E-01
      53   9.7678380260E-01
      54   9.7787499232E-01
      55   9.7966300203E-01
      56   9.8204240546E-01
      57   9.8493953570E-01
      58   9.8834148429E-01
      59   9.9199877646E-01
      60   9.9573003526E-01
      61   9.9925114527E-01
      62   1.0023168241E+00
      63   1.0048028552E+00
      64   1.0066864638E+00
      65   1.0079510558E+00
      66   1.0085190400E+00
      67   1.0082731285E+00
      68   1.0071329116E+00
      69   1.0052106472E+00
      70   1.0026636419E+00
      71   9.9965115733E-01
      72   9.9627357286E-01
      73   9.9261041047E-01
      74   9.8877355827E-01
      75   9.8506367334E-01
      76   9.8177142417E-01
      77   9.7908583884E-01
      78   9.7710192852E-01
      79   9.7580797509E-01
      80   9.7518299379E-01
      81   9.7525190017E-01
      82   9.7606003727E-01
      83   9.7759527436E-01
      84   9.7973328674E-01
      85   9.8225857036E-01
      86   9.8492309451E-01
      87   9.8763227134E-01
      88   9.9020509904E-01
      89   9.9250314485E-01
      90   9.9437823697E-01
      91   9.9566850147E-01
      92   9.9632467244E-01
      93   9.9647226558E-01
      94   9.9636505773E-01
      95   9.9625965921E-01
      96   9.9631260019E-01
      97   9.9657217455E-01
      98   9.9704617973E-01
      99   9.9776097135E-01
     100   9.9874917215E-01
     101   9.9998583814E-01
     102   1.0013528897E+00
     103   1.0026837659E+00
     104   1.0038574337E+00
     105   1.0048543263E+00
     106   1.0057174968E+00
     107   1.0064539671E+00
     108   1.0069729952E+00
     109   1.0071213875E+00
     110   1.0067834304E+00
     111   1.0059526748E+00
     112   1.0047170578E+00
     113   1.0031894891E+00
     114   1.0014681611E+00
     115   9.9966716355E-01
     116   9.9797373722E-01
     117   9.9665037280E-01
     118   9.9595155174E-01
     119   9.9601057488E-01
     120   9.9678583652E-01
     121   9.9810267692E-01
     122   9.9974693579E-01
     123   1.0015283730E+00
     124   1.0032736284E+00
     125   1.0047868587E+00
     126   1.0058541668E+00
     127   1.0063198612E+00
     128   1.0061837185E+00
     129   1.0055967062E+00
     130   1.0048209381E+00
     131   1.0040676543E+00
     132   1.0034335900E+00
     133   1.0029404990E+00
     134   1.0026028947E+00
     135   1.0024558026E+00
     136   1.0025109059E+00
     137   1.0026971362E+00
     138   1.0028658532E+00
     139   1.0028784143E+00
     140   1.0027095913E+00
     141   1.0024746226E+00
     142   1.0023529446E+00
     143   1.0024733919E+00
     144   1.0028537167E+00
     145   1.0034279378E+00
     146   1.0041129133E+00
     147   1.0048368930E+00
     148   1.0055061160E+00
     149   1.0059625330E+00
     150   1.0060038012E+00
     151   1.0054753732E+00
     152   1.0043664019E+00
     153   1.0028262889E+00
     154   1.0010874333E+00
     155   9.9936280019E-01
     156   9.9779983486E-01
     157   9.9650783018E-01
     158   9.9560332052E-01
     159   9.9520670303E-01
     160   9.9538166479E-01
     161   9.9607549065E-01
     162   9.9712542951E-01
     163   9.9833846898E-01
     164   9.9958421994E-01
     165   1.0008258252E+00
     166   1.0020712453E+00
     167   1.0033004404E+00
     168   1.0044397053E+00
     169   1.0054000241E+00
     170   1.0061290321E+00
     171   1.0066136306E+00
     172   1.0068275226E+00
     173   1.0066838280E+00
     174   1.0060545540E+00
     175   1.0048542692E+00
     176   1.0031196182E+00
     177   1.0010154710E+00
     178   9.9876719758E-01
     179   9.9658430042E-01
     180   9.9463751009E-01
     181   9.9309041483E-01
     182   9.9213154451E-01
     183   9.9195668764E-01
     184   9.9270610853E-01
     185   9.9440946245E-01
     186   9.9698591811E-01
     187   1.0002972095E+00
     188   1.0042009888E+00
     189   1.0085525956E+00
     190   1.0131558967E+00
     191   1.0177220050E+00
     192   1.0218948314E+00
     193   1.0253419628E+00
     194   1.0278440144E+00
     195   1.0293214841E+00
     196   1.0299026634E+00
     197   1.0292640044E+00
     198   1.0277302945E+00
     199   1.0255088654E+00
     200   1.0227606839E+00
     201   1.0197315591E+00
     202   1.0166013254E+00
     203   1.0134433206E+00
     204   1.0102622426E+00
     205   1.0070744566E+00
     206   1.0039620462E+00
     207   1.0010649817E+00
     208   9.9853753910E-01
     209   9.9651993600E-01
     210   9.9514521053E-01
     211   9.9455350306E-01
     212   9.9487234646E-01
     213   9.9615553921E-01
     214   9.9832056298E-01
     215   1.0011369029E+00
     216   1.0042832963E+00
     217   1.0074388578E+00
     218   1.0103480835E+00
     219   1.0128279341E+00
     220   1.0147412854E+00
     221   1.0159868724E+00
     222   1.0165417308E+00
     223   1.0164594015E+00
     224   1.0157906627E+00
     225   1.0148279528E+00
     226   1.0136638373E+00
     227   1.0123752813E+00
     228   1.0110331378E+00
     229   1.0097485347E+00
     230   1.0086812051E+00
     231   1.0079989112E+00
     232   1.0078253892E+00
     233   1.0082162199E+00
     234   1.0091662298E+00
     235   1.0106173445E+00
     236   1.0124405134E+00
     237   1.0144040782E+00
     238   1.0161734707E+00
     239   1.0173744537E+00
     240   1.0177025248E+00
     241   1.0170203206E+00
     242   1.0154058164E+00
     243   1.0129750869E+00
     244   1.0101286340E+00
     245   1.0072116508E+00
     246   1.0045767656E+00
     247   1.0025707748E+00
     248   1.0014561683E+00
     249   1.0013485615E+00
     250   1.0021941429E+00
     251   1.0038052822E+00
     252   1.0059331292E+00
     253   1.0083301680E+00
     254   1.0107689204E+00
     255   1.0130251313E+00
     256   1.0148646403E+00
     257   1.0160641242E+00
     258   1.0164587347E+00
     259   1.0159815256E+00
     260   1.0146695712E+00
     261   1.0126460565E+00
     262   1.0101049718E+00
     263   1.0073081467E+00
     264   1.0045756555E+00
     265   1.0022438561E+00
     266   1.0005912336E+00
     267   9.9976530432E-01
     268   9.9974873592E-01
     269   1.0003788496E+00
     270   1.0014033013E+00
     271   1.0025409192E+00
     272   1.0035287348E+00
     273   1.0041596943E+00
     274   1.0043224232E+00
     275   1.0040400881E+00
     276   1.0034842228E+00
     277   1.0029388973E+00
     278   1.0027176861E+00
     279   1.0030688652E+00
     280   1.0041112243E+00
     281   1.0058210524E+00
     282   1.0080744384E+00
     283   1.0106267519E+00
     284   1.0132162238E+00
     285   1.0155765910E+00
     286   1.0174533954E+00
     287   1.0186753580E+00
     288   1.0191878543E+00
     289   1.0190545308E+00
     290   1.0184187003E+00
     291   1.0174511734E+00
     292   1.0163164614E+00
     293   1.0151695031E+00
     294   1.0141655479E+00
     295   1.0134557337E+00
     296   1.0131572856E+00
     297   1.0133176290E+00
     298   1.0139178369E+00
     299   1.0147375587E+00
     300   1.0156475365E+00
     301   1.0164347862E+00
     302   1.0168736219E+00
     303   1.0167691314E+00
     304   1.0159805602E+00
     305   1.0144653531E+00
     306   1.0123094311E+00
     307   1.0097179672E+00
     308   1.0069624835E+00
     309   1.0043109362E+00
     310   1.0019755779E+00
     311   1.0000968524E+00
     312   9.9875296151E-01
     313   9.9797205415E-01
     314   9.9773303777E-01
     315   9.9796188114E-01
     316   9.9853968523E-01
     317   9.9932999289E-01
     318   1.0002126677E+00
     319   1.0011018742E+00
     320   1.0019363165E+00
     321   1.0026536212E+00
     322   1.0031739934E+00
     323   1.0034097102E+00
     324   1.0032924453E+00
     325   1.0027947802E+00
     326   1.0019294851E+00
     327   1.0007340946E+00
     328   9.9926287303E-01
     329   9.9760002987E-01
     330   9.9588262838E-01
     331   9.9430762521E-01
     332   9.9310720970E-01
     333   9.9250296664E-01
     334   9.9266507444E-01
     335   9.9369477051E-01
     336   9.9562498890E-01
     337   9.9841860145E-01
     338   1.0019500356E+00
     339   1.0059801548E+00
     340   1.0101526674E+00
     341   1.0140347220E+00
     342   1.0171953642E+00
     343   1.0192867561E+00
     344   1.0200932773E+00
     345   1.0195423704E+00
     346   1.0177101238E+00
     347   1.0147744277E+00
     348   1.0110043158E+00
     349   1.0069095201E+00
     350   1.0028418112E+00
     351   9.9911579940E-01
     352   9.9592451469E-01
     353   9.9334530994E-01
     354   9.9138322266E-01
     355   9.8999603503E-01
     356   9.8915443783E-01
     357   9.8878509058E-01
     358   9.8872496090E-01
     359   9.8884658948E-01
     360   9.8903091788E-01
     361   9.8920226829E-01
     362   9.8931603992E-01
     363   9.8932634975E-01
     364   9.8916778486E-01
     365   9.8877348581E-01
     366   9.8811696978E-01
     367   9.8724086720E-01
     368   9.8624689627E-01
     369   9.8525547395E-01
     370   9.8436858124E-01
     371   9.8366163787E-01
     372   9.8319868082E-01
     373   9.8304231060E-01
     374   9.8322367676E-01
     375   9.8373565927E-01
     376   9.8459850355E-01
     377   9.8556220852E-01
     378   9.8654544665E-01
     379   9.8747675684E-01
     380   9.8832660175E-01
     381   9.8907493992E-01
     382   9.8967191516E-01
     383   9.9003059652E-01
     384   9.9005536346E-01
     385   9.8967825161E-01
     386   9.8887224835E-01
     387   9.8764001622E-01
     388   9.8600346860E-01
     389   9.8401592469E-01
     390   9.8178922866E-01
     391   9.7950484652E-01
     392   9.7734253005E-01
     393   9.7551519898E-01
     394   9.7437398809E-01
     395   9.7372281010E-01
     396   9.7364372647E-01
     397   9.7413133509E-01
     398   9.7517336362E-01
     399   9.7674349647E-01
     400   9.7878449163E-01
     401   9.8121101616E-01
     402   9.8393584574E-01
     403   9.8689594554E-01
     404   9.9004724403E-01
     405   9.9332397137E-01
     406   9.9660921175E-01
     407   9.9968856918E-01
     408   1.0023490989E+00
     409   1.0044105649E+00
     410   1.0057363191E+00
     411   1.0062664733E+00
     412   1.0059780607E+00
     413   1.0048903824E+00
     414   1.0031014640E+00
     415   1.0008142230E+00
     416   9.9831644625E-01
     417   9.9591454444E-01
     418   9.9386247961E-01
     419   9.9232886142E-01
     420   9.9140218002E-01
     421   9.9115049019E-01
     422   9.9160738523E-01
     423   9.9270563444E-01
     424   9.9433937729E-01
     425   9.9631809894E-01
     426   9.9842169541E-01
     427   1.0004570693E+00
     428   1.0022873180E+00
     429   1.0038212356E+00
     430   1.0049866686E+00
     431   1.0057224032E+00
     432   1.0059989446E+00
     433   1.0058433785E+00
     434   1.0053369023E+00
     435   1.0045625798E+00
     436   1.0035873969E+00
     437   1.0024419329E+00
     438   1.0011408317E+00
     439   9.9973028408E-01
     440   9.9829197204E-01
     441   9.9691712888E-01
     442   9.9567240447E-01
     443   9.9458673390E-01
     444   9.9368958050E-01
     445   9.9298508036E-01
     446   9.9248910640E-01
     447   9.9219655090E-01
     448   9.9206608344E-01
     449   9.9203434284E-01
     450   9.9205289707E-01
     451   9.9211969823E-01
     452   9.9227639005E-01
     453   9.9257349836E-01
     454   9.9303276767E-01
     455   9.9363681081E-01
     456   9.9434935984E-01
     457   9.9514168913E-01
     458   9.9599645759E-01
     459   9.9688626312E-01
     460   9.9775090541E-01
     461   9.9850087923E-01
     462   9.9904946834E-01
     463   9.9934868949E-01
     464   9.9939896976E-01
     465   9.9922837872E-01
     466   9.9886516047E-01
     467   9.9833156362E-01
     468   9.9766249313E-01
     469   9.9692685968E-01
     470   9.9622513509E-01
     471   9.9566105436E-01
     472   9.9531066095E-01
     473   9.9521471221E-01
     474   9.9539733681E-01
     475   9.9588963919E-01
     476   9.9673177468E-01
     477   9.9794854617E-01
     478   9.9951813116E-01
     479   1.0013599887E+00
     480   1.0033492273E+00
     481   1.0053417822E+00
     482   1.0071877483E+00
     483   1.0087281658E+00
     484   1.0097928625E+00
     485   1.0102208114E+00
     486   1.0099023754E+00
     487   1.0088193443E+00
     488   1.0070552562E+00
     489   1.0047717674E+00
     490   1.0021718799E+00
     491   9.9947465181E-01
     492   9.9690492464E-01
     493   9.9468375227E-01
     494   9.9300507557E-01
     495   9.9200307130E-01
     496   9.9172948461E-01
     497   9.9215710642E-01
     498   9.9320463577E-01
     499   9.9476370954E-01
     500   9.9670960603E-01
     501   9.9889569204E-01
     502   1.0011494546E+00
     503   1.0032881944E+00
     504   1.0051513628E+00
     505   1.0066289624E+00
     506   1.0076653544E+00
     507   1.0082392943E+00
     508   1.0083415470E+00
     509   1.0079712923E+00
     510   1.0071490164E+00
     511   1.0059272379E+00
     512   1.0043825384E+00
     513   1.0025936683E+00
     514   1.0006264608E+00
     515   9.9854086579E-01
     516   9.9641103970E-01
     517   9.9433648063E-01
     518   9.9242855692E-01
     519   9.9077896457E-01
     520   9.8943210613E-01
     521   9.8837939741E-01
     522   9.8757290522E-01
     523   9.8694366230E-01
     524   9.8641206632E-01
     525   9.8589108285E-01
     526   9.8529288783E-01
     527   9.8454594878E-01
     528   9.8361408008E-01
     529   9.8250366466E-01
     530   9.8120837654E-01
     531   9.7984047871E-01
     532   9.7851398797E-01
     533   9.7716725590E-01
     534   9.7593972551E-01
     535   9.7494852475E-01
     536   9.7431909476E-01
     537   9.7415257738E-01
     538   9.7449712511E-01
     539   9.7533723855E-01
     540   9.7659329923E-01
     541   9.7808960943E-01
     542   9.7987446232E-01
     543   9.8157017490E-01
     544   9.8300641576E-01
     545   9.8405066912E-01
     546   9.8460711638E-01
     547   9.8466479786E-01
     548   9.8428966211E-01
     549   9.8359648302E-01
     550   9.8271952107E-01
     551   9.8179478571E-01
     552   9.8095113060E-01
     553   9.8029810453E-01
     554   9.7990317441E-01
     555   9.7971878457E-01
     556   9.7987900462E-01
     557   9.8018618155E-01
     558   9.8055640749E-01
     559   9.8099498256E-01
     560   9.8152255683E-01
     561   9.8218938784E-01
     562   9.8305279056E-01
     563   9.8415951994E-01
     564   9.8553420649E-01
     565   9.8716606894E-01
     566   9.8899386306E-01
     567   9.9090007254E-01
     568   9.9272837961E-01
     569   9.9432466253E-01
     570   9.9558219453E-01
     571   9.9646336252E-01
     572   9.9698733528E-01
     573   9.9719762228E-01
     574   9.9713587173E-01
     575   9.9683581478E-01
     576   9.9633026973E-01
     577   9.9565348345E-01
     578   9.9483356723E-01
     579   9.9388260141E-01
     580   9.9281060480E-01
     581   9.9166969903E-01
     582   9.9051067163E-01
     583   9.8943977754E-01
     584   9.8855747327E-01
     585   9.8792972866E-01
     586   9.8757739351E-01
     587   9.8749066765E-01
     588   9.8765213511E-01
     589   9.8804720628E-01
     590   9.8865718397E-01
     591   9.8944814918E-01
     592   9.9037220433E-01
     593   9.9138151428E-01
     594   9.9244059992E-01
     595   9.9352188517E-01
     596   9.9458811207E-01
     597   9.9558105217E-01
     598   9.9643372323E-01
     599   9.9710024613E-01
     600   9.9757967496E-01
     601   9.9791354201E-01
     602   9.9816116904E-01
     603   9.9837540357E-01
     604   9.9859755729E-01
     605   9.9886554396E-01
     606   9.9921407066E-01
     607   9.9965396795E-01
     608   1.0001435403E+00
     609   1.0005793271E+00
     610   1.0008228825E+00
     611   1.0007494597E+00
     612   1.0002875877E+00
     613   9.9942916858E-01
     614   9.9821817224E-01
     615   9.9674011352E-01
     616   9.9512327996E-01
     617   9.9353657486E-01
     618   9.9216263114E-01
     619   9.9114507925E-01
     620   9.9053695322E-01
     621   9.9028302160E-01
     622   9.9024168572E-01
     623   9.9025570470E-01
     624   9.9021108246E-01
     625   9.8996540686E-01
     626   9.8947563050E-01
     627   9.8874235807E-01
     628   9.8784791352E-01
     629   9.8697124397E-01
     630   9.8636333879E-01
     631   9.8628180194E-01
     632   9.8691468611E-01
     633   9.8833151373E-01
     634   9.9047845111E-01
     635   9.9320219961E-01
     636   9.9627460927E-01
     637   9.9940527225E-01
     638   1.0022568676E+00
     639   1.0044883568E+00
     640   1.0058302763E+00
     641   1.0061589766E+00
     642   1.0055246593E+00
     643   1.0041168632E+00
     644   1.0021954659E+00
     645   1.0000316955E+00
     646   9.9788072039E-01
     647   9.9597019019E-01
     648   9.9447912578E-01
     649   9.9350375032E-01
     650   9.9303307602E-01
     651   9.9295907458E-01
     652   9.9312151378E-01
     653   9.9335914539E-01
     654   9.9353623809E-01
     655   9.9353936324E-01
     656   9.9326840802E-01
     657   9.9264917714E-01
     658   9.9166844738E-01
     659   9.9040179707E-01
     660   9.8900373388E-01
     661   9.8765985872E-01
     662   9.8652596099E-01
     663   9.8568777399E-01
     664   9.8530437687E-01
     665   9.8531584659E-01
     666   9.8573253614E-01
     667   9.8651403243E-01
     668   9.8756051033E-01
     669   9.8874072419E-01
     670   9.8993921143E-01
     671   9.9109920088E-01
     672   9.9222966144E-01
     673   9.9337302639E-01
     674   9.9456238272E-01
     675   9.9580314994E-01
     676   9.9708842767E-01
     677   9.9842382494E-01
     678   9.9983091966E-01
     679   1.0013219217E+00
     680   1.0028681366E+00
     681   1.0043916391E+00
     682   1.0057866736E+00
     683   1.0069479812E+00
     684   1.0077800068E+00
     685   1.0081854226E+00
     686   1.0080579580E+00
     687   1.0073041479E+00
     688   1.0058895944E+00
     689   1.0038761063E+00
     690   1.0014192999E+00
     691   9.9872747667E-01
     692   9.9601143865E-01
     693   9.9345428885E-01
     694   9.9120562541E-01
     695   9.8938202375E-01
     696   9.8805891762E-01
     697   9.8725791482E-01
     698   9.8694671300E-01
     699   9.8706169628E-01
     700   9.8754334127E-01
     701   9.8835982415E-01
     702   9.8950252914E-01
     703   9.9095896030E-01
     704   9.9268571757E-01
     705   9.9460063485E-01
     706   9.9659436106E-01
     707   9.9854444625E-01
     708   1.0003197706E+00
     709   1.0017809254E+00
     710   1.0027938029E+00
     711   1.0032635147E+00
     712   1.0031729884E+00
     713   1.0025973782E+00
     714   1.0016808756E+00
     715   1.0005903805E+00
     716   9.9947521994E-01
     717   9.9845051546E-01
     718   9.9759838119E-01
     719   9.9696781965E-01
     720   9.9656526639E-01
     721   9.9634663979E-01
     722   9.9622833072E-01
     723   9.9612074490E-01
     724   9.9596747406E-01
     725   9.9576443698E-01
     726   9.9554876988E-01
     727   9.9537004252E-01
     728   9.9526640247E-01
     729   9.9525690238E-01
     730   9.9534126887E-01
     731   9.9551127915E-01
     732   9.9570782831E-01
     733   9.9583688388E-01
     734   9.9577450940E-01
     735   9.9539941826E-01
     736   9.9463796023E-01
     737   9.9349244182E-01
     738   9.9204341151E-01
     739   9.9043311955E-01
     740   9.8884440803E-01
     741   9.8748139860E-01
     742   9.8654776175E-01
     743   9.8621621407E-01
     744   9.8659375227E-01
     745   9.8769703546E-01
     746   9.8945039254E-01
     747   9.9170757043E-01
     748   9.9428601214E-01
     749   9.9699827419E-01
     750   9.9967371827E-01
     751   1.0021740330E+00
     752   1.0044066677E+00
     753   1.0063327933E+00
     754   1.0079597040E+00
     755   1.0093130427E+00
     756   1.0104006165E+00
     757   1.0111908886E+00
     758   1.0116207547E+00
     759   1.0116272842E+00
     760   1.0111825303E+00
     761   1.0103120936E+00
     762   1.0090945203E+00
     763   1.0076514701E+00
     764   1.0061360650E+00
     765   1.0047168048E+00
     766   1.0035513452E+00
     767   1.0027522703E+00
     768   1.0023596355E+00
     769   1.0023363391E+00
     770   1.0025887855E+00
     771   1.0029992509E+00
     772   1.0034521417E+00
     773   1.0038457682E+00
     774   1.0040963628E+00
     775   1.0041479992E+00
     776   1.0039739730E+00
     777   1.0036058370E+00
     778   1.0031112122E+00
     779   1.0025704064E+00
     780   1.0020582028E+00
     781   1.0016337584E+00
     782   1.0013473574E+00
     783   1.0012503718E+00
     784   1.0013964211E+00
     785   1.0018315077E+00
     786   1.0025818721E+00
     787   1.0036483504E+00
     788   1.0050065779E+00
     789   1.0066049918E+00
     790   1.0083568213E+00
     791   1.0101323461E+00
     792   1.0117643798E+00
     793   1.0130737038E+00
     794   1.0139067320E+00
     795   1.0141687825E+00
     796   1.0138416157E+00
     797   1.0129849682E+00
     798   1.0117283654E+00
     799   1.0102557460E+00
     800   1.0087794650E+00
     801   1.0075025067E+00
     802   1.0065784439E+00
     803   1.0060849307E+00
     804   1.0060209835E+00
     805   1.0063243659E+00
     806   1.0068948470E+00
     807   1.0076111836E+00
     808   1.0083413533E+00
     809   1.0089540014E+00
     810   1.0093393610E+00
     811   1.0094233284E+00
     812   1.0091325781E+00
     813   1.0085061191E+00
     814   1.0075508762E+00
     815   1.0062951740E+00
     816   1.0047860881E+00
     817   1.0030927673E+00
     818   1.0013017864E+00
     819   9.9950284712E-01
     820   9.9777664806E-01
     821   9.9619625604E-01
     822   9.9483957127E-01
     823   9.9379946235E-01
     824   9.9317977299E-01
     825   9.9307890491E-01
     826   9.9357323449E-01
     827   9.9470997518E-01
     828   9.9650552256E-01
     829   9.9893861915E-01
     830   1.0019212127E+00
     831   1.0052919312E+00
     832   1.0087913180E+00
     833   1.0121143563E+00
     834   1.0149609791E+00
     835   1.0170968345E+00
     836   1.0183845353E+00
     837   1.0187880344E+00
     838   1.0183655075E+00
     839   1.0172605431E+00
     840   1.0156823984E+00
     841   1.0138624173E+00
     842   1.0119925182E+00
     843   1.0101760616E+00
     844   1.0084212790E+00
     845   1.0066806669E+00
     846   1.0049072894E+00
     847   1.0030924917E+00
     848   1.0012712765E+00
     849   9.9951160661E-01
     850   9.9790948475E-01
     851   9.9659360433E-01
     852   9.9572093204E-01
     853   9.9544651500E-01
     854   9.9587341904E-01
     855   9.9701181297E-01
     856   9.9877193084E-01
     857   1.0009914854E+00
     858   1.0034728862E+00
     859   1.0060058045E+00
     860   1.0083734929E+00
     861   1.0103657533E+00
     862   1.0118163878E+00
     863   1.0126548956E+00
     864   1.0129541757E+00
     865   1.0127876634E+00
     866   1.0123793340E+00
     867   1.0118830286E+00
     868   1.0113846719E+00
     869   1.0109542946E+00
     870   1.0106519915E+00
     871   1.0105217660E+00
     872   1.0105713112E+00
     873   1.0107695732E+00
     874   1.0110753650E+00
     875   1.0114741804E+00
     876   1.0119841666E+00
     877   1.0126183075E+00
     878   1.0133332993E+00
     879   1.0140142361E+00
     880   1.0145143976E+00
     881   1.0147203030E+00
     882   1.0145901248E+00
     883   1.0141423576E+00
     884   1.0134404589E+00
     885   1.0124644115E+00
     886   1.0113258582E+00
     887   1.0101548685E+00
     888   1.0090852252E+00
     889   1.0082530746E+00
     890   1.0077303009E+00
     891   1.0075143960E+00
     892   1.0075629090E+00
     893   1.0078342562E+00
     894   1.0082931173E+00
     895   1.0088782365E+00
     896   1.0094723841E+00
     897   1.0099159659E+00
     898   1.0100644601E+00
     899   1.0098454098E+00
     900   1.0092695330E+00
     901   1.0083949844E+00
     902   1.0072868245E+00
     903   1.0060117229E+00
     904   1.0046653336E+00
     905   1.0033912088E+00
     906   1.0023569101E+00
     907   1.0016975662E+00
     908   1.0014712828E+00
     909   1.0016603471E+00
     910   1.0022096991E+00
     911   1.0030601001E+00
     912   1.0041427707E+00
     913   1.0053454837E+00
     914   1.0064939483E+00
     915   1.0073817083E+00
     916   1.0078372498E+00
     917   1.0077792083E+00
     918   1.0072197829E+00
     919   1.0062238781E+00
     920   1.0048705971E+00
     921   1.0032418875E+00
     922   1.0014622079E+00
     923   9.9969514183E-01
     924   9.9811048808E-01
     925   9.9683788414E-01
     926   9.9594071665E-01
     927   9.9541397850E-01
     928   9.9523266821E-01
     929   9.9539109199E-01
     930   9.9589709953E-01
     931   9.9674394467E-01
     932   9.9788987407E-01
     933   9.9926912418E-01
     934   1.0008236549E+00
     935   1.0025221651E+00
     936   1.0043460118E+00
     937   1.0062574843E+00
     938   1.0081883907E+00
     939   1.0100831994E+00
     940   1.0118554384E+00
     941   1.0135500707E+00
     942   1.0152218366E+00
     943   1.0168851382E+00
     944   1.0184961598E+00
     945   1.0199565751E+00
     946   1.0211523928E+00
     947   1.0219821038E+00
     948   1.0223542865E+00
     949   1.0221741797E+00
     950   1.0213552680E+00
     951   1.0198650717E+00
     952   1.0178003279E+00
     953   1.0152753578E+00
     954   1.0125537526E+00
     955   1.0099436425E+00
     956   1.0075911685E+00
     957   1.0056233813E+00
     958   1.0041173330E+00
     959   1.0031013974E+00
     960   1.0025432223E+00
     961   1.0023452270E+00
     962   1.0023717179E+00
     963   1.0025043337E+00
     964   1.0026936499E+00
     965   1.0029706788E+00
     966   1.0034119195E+00
     967   1.0040859401E+00
     968   1.0050204112E+00
     969   1.0062044567E+00
     970   1.0076088188E+00
     971   1.0091938282E+00
     972   1.0108950111E+00
     973   1.0126040444E+00
     974   1.0141733417E+00
     975   1.0154522597E+00
     976   1.0163336984E+00
     977   1.0167796998E+00
     978   1.0168154212E+00
     979   1.0165084522E+00
     980   1.0159728027E+00
     981   1.0153458037E+00
     982   1.0147408264E+00
     983   1.0144727343E+00
     984   1.0146934924E+00
     985   1.0155182572E+00
     986   1.0169727233E+00
     987   1.0189991635E+00
     988   1.0214782384E+00
     989   1.0242414347E+00
     990   1.0270717223E+00
     991   1.0297105670E+00
     992   1.0319736895E+00
     993   1.0335851373E+00
     994   1.0341022925E+00
     995   1.0339688299E+00
     996   1.0331181252E+00
     997   1.0316670363E+00
     998   1.0297513972E+00
     999   1.0275130556E+00
    1000   1.0251417482E+00
    1001   1.0227214631E+00
    1002   1.0202951998E+00
    1003   1.0181659070E+00
    1004   1.0163233148E+00
    1005   1.0148479022E+00
    1006   1.0138318443E+00
    1007   1.0133591847E+00
    1008   1.0134712213E+00
    1009   1.0141387730E+00
    1010   1.0152606767E+00
    1011   1.0166873630E+00
    1012   1.0182509286E+00
    1013   1.0197844154E+00
    1014   1.0211382646E+00
    1015   1.0222354619E+00
    1016   1.0227431762E+00
    1017   1.0228026957E+00
    1018   1.0224237877E+00
    1019   1.0216544849E+00
    1020   1.0205745936E+00
    1021   1.0192447613E+00
    1022   1.0177033730E+00
    1023   1.0159831502E+00
    1024   1.0141253757E+00
    1025   1.0121770715E+00
    1026   1.0101764196E+00
    1027   1.0081446279E+00
    1028   1.0060956309E+00
    1029   1.0040561074E+00
    1030   1.0020754841E+00
    1031   1.0002155400E+00
    1032   9.9852894361E-01
    1033   9.9704714631E-01
    1034   9.9578954501E-01
    1035   9.9478574884E-01
    1036   9.9408853181E-01
    1037   9.9376412426E-01
    1038   9.9386625633E-01
    1039   9.9441374313E-01
    1040   9.9538670405E-01
    1041   9.9673861734E-01
    1042   9.9840601601E-01
    1043   1.0003033188E+00
    1044   1.0023085117E+00
    1045   1.0042598178E+00
    1046   1.0059791703E+00
    1047   1.0073164887E+00
    1048   1.0081880738E+00
    1049   1.0085860140E+00
    1050   1.0085588115E+00
    1051   1.0081847584E+00
    1052   1.0075597497E+00
    1053   1.0068032550E+00
    1054   1.0060265965E+00
    1055   1.0053668129E+00
    1056   1.0048932960E+00
    1057   1.0045994604E+00
    1058   1.0044135791E+00
    1059   1.0042312225E+00
    1060   1.0039539723E+00
    1061   1.0035080843E+00
    1062   1.0028415917E+00
    1063   1.0019177702E+00
    1064   1.0007222912E+00
    1065   9.9928229464E-01
    1066   9.9767769391E-01
    1067   9.9602927363E-01
    1068   9.9446913139E-01
    1069   9.9311454014E-01
    1070   9.9206207214E-01
    1071   9.9139926745E-01
    1072   9.9120405947E-01
    1073   9.9157673687E-01
    1074   9.9254679372E-01
    1075   9.9406228769E-01
    1076   9.9602493417E-01
    1077   9.9827041283E-01
    1078   1.0006032915E+00
    1079   1.0028143351E+00
    1080   1.0046885753E+00
    1081   1.0060181572E+00
    1082   1.0066329078E+00
    1083   1.0064467841E+00
    1084   1.0054719500E+00
    1085   1.0038427396E+00
    1086   1.0017732034E+00
    1087   9.9948410865E-01
    1088   9.9719236128E-01
    1089   9.9508666952E-01
    1090   9.9331224056E-01
    1091   9.9198334788E-01
    1092   9.9108822308E-01
    1093   9.9054260265E-01
    1094   9.9019596443E-01
    1095   9.8988229176E-01
    1096   9.8947211524E-01
    1097   9.8890039180E-01
    1098   9.8816630513E-01
    1099   9.8731842667E-01
    1100   9.8644134083E-01
    1101   9.8564783272E-01
    1102   9.8506631645E-01
    1103   9.8481467349E-01
    1104   9.8496673611E-01
    1105   9.8552989064E-01
    1106   9.8644855898E-01
    1107   9.8763253013E-01
    1108   9.8899088464E-01
    1109   9.9045107098E-01
    1110   9.9195818077E-01
    1111   9.9346649779E-01
    1112   9.9493734760E-01
    1113   9.9634910801E-01
    1114   9.9770102040E-01
    1115   9.9898881051E-01
    1116   1.0001981700E+00
    1117   1.0012730461E+00
    1118   1.0021266883E+00
    1119   1.0026749474E+00
    1120   1.0028631334E+00
    1121   1.0026889479E+00
    1122   1.0021806297E+00
    1123   1.0013797032E+00
    1124   1.0003376876E+00
    1125   9.9912660659E-01
    1126   9.9784717972E-01
    1127   9.9661786454E-01
    1128   9.9554362829E-01
    1129   9.9470605782E-01
    1130   9.9413990009E-01
    1131   9.9384383489E-01
    1132   9.9380874520E-01
    1133   9.9400805817E-01
    1134   9.9439049498E-01
    1135   9.9487676697E-01
    1136   9.9537379353E-01
    1137   9.9580131402E-01
    1138   9.9611127104E-01
    1139   9.9628573892E-01
    1140   9.9631902903E-01
    1141   9.9620375350E-01
    1142   9.9593510681E-01
    1143   9.9552874960E-01
    1144   9.9503277821E-01
    1145   9.9452024932E-01
    1146   9.9406835423E-01
    1147   9.9374316121E-01
    1148   9.9360114724E-01
    1149   9.9370046874E-01
    1150   9.9410251894E-01
    1151   9.9485283217E-01
    1152   9.9595102605E-01
    1153   9.9733216446E-01
    1154   9.9887399414E-01
    1155   1.0004247482E+00
    1156   1.0018312517E+00
    1157   1.0029532862E+00
    1158   1.0036698719E+00
    1159   1.0038946657E+00
    1160   1.0036065501E+00
    1161   1.0028788529E+00
    1162   1.0018792962E+00
    1163   1.0008289558E+00
    1164   9.9993880092E-01
    1165   9.9935851399E-01
    1166   9.9915984208E-01
    1167   9.9934979127E-01
    1168   9.9989097142E-01
    1169   1.0007122279E+00
    1170   1.0017134296E+00
    1171   1.0027803030E+00
    1172   1.0038154092E+00
    1173   1.0047704405E+00
    1174   1.0056544446E+00
    1175   1.0065070822E+00
    1176   1.0073539701E+00
    1177   1.0081759907E+00
    1178   1.0089111447E+00
    1179   1.0094802850E+00
    1180   1.0098111324E+00
    1181   1.0098440597E+00
    1182   1.0095266673E+00
    1183   1.0088167015E+00
    1184   1.0077037502E+00
    1185   1.0062144944E+00
    1186   1.0044304617E+00
    1187   1.0024736112E+00
    1188   1.0004297855E+00
    1189   9.9836991041E-01
    1190   9.9635324406E-01
    1191   9.9444271754E-01
    1192   9.9271452433E-01
    1193   9.9126148114E-01
    1194   9.9009978716E-01
    1195   9.8922357953E-01
    1196   9.8859093666E-01
    1197   9.8815371381E-01
    1198   9.8787577319E-01
    1199   9.8773311092E-01
    1200   9.8770542391E-01
    1201   9.8777483161E-01
    1202   9.8793564717E-01
    1203   9.8820286561E-01
    1204   9.8860308061E-01
    1205   9.8914596438E-01
    1206   9.8979503287E-01
    1207   9.9046255306E-01
    1208   9.9103685032E-01
    1209   9.9142595005E-01
    1210   9.9158915582E-01
    1211   9.9153969404E-01
    1212   9.9132595295E-01
    1213   9.9101282790E-01
    1214   9.9067581876E-01
    1215   9.9039985324E-01
    1216   9.9025842735E-01
    1217   9.9035570508E-01
    1218   9.9066276537E-01
    1219   9.9112523187E-01
    1220   9.9165839924E-01
    1221   9.9217749966E-01
    1222   9.9263178594E-01
    1223   9.9300388646E-01
    1224   9.9328773603E-01
    1225   9.9346956314E-01
    1226   9.9352914365E-01
    1227   9.9345650489E-01
    1228   9.9326390371E-01
    1229   9.9297850488E-01
    1230   9.9262196456E-01
    1231   9.9219739321E-01
    1232   9.9169728895E-01
    1233   9.9112566878E-01
    1234   9.9051347555E-01
    1235   9.8991199104E-01
    1236   9.8936965527E-01
    1237   9.8891280676E-01
    1238   9.8854612881E-01
    1239   9.8826967833E-01
    1240   9.8809425474E-01
    1241   9.8803889492E-01
    1242   9.8811194373E-01
    1243   9.8828693665E-01
    1244   9.8850710743E-01
    1245   9.8875934400E-01
    1246   9.8892370427E-01
    1247   9.8897269717E-01
    1248   9.8887364040E-01
    1249   9.8859810319E-01
    1250   9.8813673900E-01
    1251   9.8752414060E-01
    1252   9.8685930510E-01
    1253   9.8630300596E-01
    1254   9.8604837340E-01
    1255   9.8627797578E-01
    1256   9.8712580046E-01
    1257   9.8865383284E-01
    1258   9.9084038133E-01
    1259   9.9357283717E-01
    1260   9.9664463421E-01
    1261   9.9976651724E-01
    1262   1.0026034917E+00
    1263   1.0048362859E+00
    1264   1.0062277536E+00
    1265   1.0066671477E+00
    1266   1.0061764376E+00
    1267   1.0048846525E+00
    1268   1.0029898100E+00
    1269   1.0007245005E+00
    1270   9.9832810292E-01
    1271   9.9601982665E-01
    1272   9.9397055985E-01
    1273   9.9228092369E-01
    1274   9.9097672961E-01
    1275   9.9002581104E-01
    1276   9.8936814842E-01
    1277   9.8894362522E-01
    1278   9.8870594619E-01
    1279   9.8862268487E-01
    1280   9.8866996400E-01
    1281   9.8881692678E-01
    1282   9.8911838164E-01
    1283   9.8955081984E-01
    1284   9.9013227177E-01
    1285   9.9087982306E-01
    1286   9.9177330085E-01
    1287   9.9276283505E-01
    1288   9.9378279910E-01
    1289   9.9477061034E-01
    1290   9.9567746844E-01
    1291   9.9646600497E-01
    1292   9.9710157876E-01
    1293   9.9754821077E-01
    1294   9.9777376294E-01
    1295   9.9775795524E-01
    1296   9.9749278924E-01
    1297   9.9697180614E-01
    1298   9.9617684320E-01
    1299   9.9507594638E-01
    1300   9.9363874960E-01
    1301   9.9186170179E-01
    1302   9.8978774732E-01
    1303   9.8750964775E-01
    1304   9.8515886995E-01
    1305   9.8289046380E-01
    1306   9.8087164179E-01
    1307   9.7927216804E-01
    1308   9.7824800932E-01
    1309   9.7784711802E-01
    1310   9.7830181324E-01
    1311   9.7948308792E-01
    1312   9.8118331813E-01
    1313   9.8325536510E-01
    1314   9.8547202183E-01
    1315   9.8760401322E-01
    1316   9.8943861143E-01
    1317   9.9079359640E-01
    1318   9.9153571225E-01
    1319   9.9160446023E-01
    1320   9.9102981148E-01
    1321   9.8992967634E-01
    1322   9.8848434695E-01
    1323   9.8690051872E-01
    1324   9.8538227414E-01
    1325   9.8411634492E-01
    1326   9.8326474786E-01
    1327   9.8291488727E-01
    1328   9.8322451572E-01
    1329   9.8416608529E-01
    1330   9.8558354699E-01
    1331   9.8736548557E-01
    1332   9.8933970269E-01
    1333   9.9133400917E-01
    1334   9.9318593586E-01
    1335   9.9474214366E-01
    1336   9.9586392298E-01
    1337   9.9644821868E-01
    1338   9.9645524137E-01
    1339   9.9592196407E-01
    1340   9.9494805436E-01
    1341   9.9366202728E-01
    1342   9.9218990907E-01
    1343   9.9064303826E-01
    1344   9.8912257430E-01
    1345   9.8772519984E-01
    1346   9.8653856098E-01
    1347   9.8563037570E-01
    1348   9.8504482278E-01
    1349   9.8481298213E-01
    1350   9.8496791051E-01
    1351   9.8553588826E-01
    1352   9.8653984298E-01
    1353   9.8800178442E-01
    1354   9.8971913465E-01
    1355   9.9154509415E-01
    1356   9.9328383688E-01
    1357   9.9476501967E-01
    1358   9.9587731400E-01
    1359   9.9657303397E-01
    1360   9.9685865138E-01
    1361   9.9678637685E-01
    1362   9.9644787488E-01
    1363   9.9595804049E-01
    1364   9.9542111985E-01
    1365   9.9489060233E-01
    1366   9.9434830846E-01
    1367   9.9371972385E-01
    1368   9.9291766348E-01
    1369   9.9188636659E-01
    1370   9.9062091112E-01
    1371   9.8915933711E-01
    1372   9.8756632143E-01
    1373   9.8592715630E-01
    1374   9.8435237942E-01
    1375   9.8297688786E-01
    1376   9.8194015069E-01
    1377   9.8135266566E-01
    1378   9.8125472642E-01
    1379   9.8163573029E-01
    1380   9.8259967999E-01
    1381   9.8394923288E-01
    1382   9.8570157308E-01
    1383   9.8782737031E-01
    1384   9.9026160551E-01
    1385   9.9290430949E-01
    1386   9.9563432834E-01
    1387   9.9832831178E-01
    1388   1.0008656449E+00
    1389   1.0031162591E+00
    1390   1.0049303320E+00
    1391   1.0061526317E+00
    1392   1.0066632313E+00
    1393   1.0064200487E+00
    1394   1.0054741571E+00
    1395   1.0039509273E+00
    1396   1.0020176092E+00
    1397   9.9986264014E-01
    1398   9.9769131772E-01
    1399   9.9571985969E-01
    1400   9.9415015639E-01
    1401   9.9312877448E-01
    1402   9.9271417168E-01
    1403   9.9287399767E-01
    1404   9.9351242465E-01
    1405   9.9450562717E-01
    1406   9.9572202912E-01
    1407   9.9702293759E-01
    1408   9.9826102511E-01
    1409   9.9929662810E-01
    1410   1.0000318821E+00
    1411   1.0004393389E+00
    1412   1.0005600715E+00
    1413   1.0004691915E+00
    1414   1.0002333046E+00
    1415   9.9988823832E-01
    1416   9.9944410015E-01
    1417   9.9889990728E-01
    1418   9.9824684263E-01
    1419   9.9745842392E-01
    1420   9.9648660905E-01
    1421   9.9528145757E-01
    1422   9.9382901861E-01
    1423   9.9218013971E-01
    1424   9.9044581166E-01
    1425   9.8876083897E-01
    1426   9.8724277261E-01
    1427   9.8597312441E-01
    1428   9.8500525280E-01
    1429   9.8437977085E-01
    1430   9.8412635493E-01
    1431   9.8424002524E-01
    1432   9.8468081996E-01
    1433   9.8548817856E-01
    1434   9.8650311780E-01
    1435   9.8774777407E-01
    1436   9.8925353150E-01
    1437   9.9104601380E-01
    1438   9.9310506979E-01
    1439   9.9534110009E-01
    1440   9.9760548981E-01
    1441   9.9972005094E-01
    1442   1.0015012555E+00
    1443   1.0027716372E+00
    1444   1.0033742096E+00
    1445   1.0032080652E+00
    1446   1.0022787249E+00
    1447   1.0007287164E+00
    1448   9.9881599504E-01
    1449   9.9684271982E-01
    1450   9.9507304891E-01
    1451   9.9368232452E-01
    1452   9.9275094082E-01
    1453   9.9228243875E-01
    1454   9.9221791434E-01
    1455   9.9243944586E-01
    1456   9.9277981727E-01
    1457   9.9305840139E-01
    1458   9.9314019891E-01
    1459   9.9298722185E-01
    1460   9.9266886689E-01
    1461   9.9232550800E-01
    1462   9.9211211675E-01
    1463   9.9215646466E-01
    1464   9.9254487799E-01
    1465   9.9331981802E-01
    1466   9.9446731725E-01
    1467   9.9589266527E-01
    1468   9.9740850900E-01
    1469   9.9876285174E-01
    1470   9.9970851358E-01
    1471   1.0000804801E+00
    1472   9.9983785713E-01
    1473   9.9905366223E-01
    1474   9.9787385332E-01
    1475   9.9648102799E-01
    1476   9.9507877203E-01
    1477   9.9388247883E-01
    1478   9.9309421106E-01
    1479   9.9285915497E-01
    1480   9.9322640404E-01
    1481   9.9414109861E-01
    1482   9.9547262245E-01
    1483   9.9706554159E-01
    1484   9.9874955942E-01
    1485   1.0003558472E+00
    1486   1.0017079606E+00
    1487   1.0026335699E+00
    1488   1.0030073004E+00
    1489   1.0028112289E+00
    1490   1.0021468674E+00
    1491   1.0011976915E+00
    1492   1.0001753127E+00
    1493   9.9927578392E-01
    1494   9.9866612089E-01
    1495   9.9848385779E-01
    1496   9.9882276190E-01
    1497   9.9969839243E-01
    1498   1.0010166507E+00
    1499   1.0025770863E+00
    1500   1.0041209563E+00
    1501   1.0053994044E+00
    1502   1.0062225935E+00
    1503   1.0064710268E+00
    1504   1.0060847892E+00
    1505   1.0050602190E+00
    1506   1.0034639925E+00
    1507   1.0014438008E+00
    1508   9.9920833760E-01
    1509   9.9697515628E-01
    1510   9.9491599274E-01
    1511   9.9313357371E-01
    1512   9.9167768660E-01
    1513   9.9057645088E-01
    1514   9.8984453045E-01
    1515   9.8948408958E-01
    1516   9.8950053320E-01
    1517   9.8976898463E-01
    1518   9.9022097428E-01
    1519   9.9080051512E-01
    1520   9.9148659095E-01
    1521   9.9227105761E-01
    1522   9.9312151116E-01
    1523   9.9396315236E-01
    1524   9.9469499461E-01
    1525   9.9522507112E-01
    1526   9.9549479803E-01
    1527   9.9547751400E-01
    1528   9.9516420422E-01
    1529   9.9456103567E-01
    1530   9.9370726827E-01
    1531   9.9269476587E-01
    1532   9.9166182721E-01
    1533   9.9075464183E-01
    1534   9.9007946585E-01
    1535   9.8967832634E-01
    1536   9.8954242800E-01
    1537   9.8964712250E-01
    1538   9.8997820474E-01
    1539   9.9053242673E-01
    1540   9.9130132319E-01
    1541   9.9226109907E-01
    1542   9.9338085555E-01
    1543   9.9463766123E-01
    1544   9.9601563830E-01
    1545   9.9748018575E-01
    1546   9.9894526560E-01
    1547   1.0002646464E+00
    1548   1.0012632707E+00
    1549   1.0017936197E+00
    1550   1.0017830225E+00
    1551   1.0012483447E+00
    1552   1.0002827801E+00
    1553   9.9903674817E-01
    1554   9.9770666903E-01
    1555   9.9652419493E-01
    1556   9.9572971093E-01
    1557   9.9552723354E-01
    1558   9.9603914180E-01
    1559   9.9728558164E-01
    1560   9.9919839693E-01
    1561   1.0016552349E+00
    1562   1.0045076776E+00
    1563   1.0075881136E+00
    1564   1.0107038043E+00
    1565   1.0136396004E+00
    1566   1.0161810865E+00
    1567   1.0181472709E+00
    1568   1.0194109691E+00
    1569   1.0198971673E+00
    1570   1.0195722785E+00
    1571   1.0184445969E+00
    1572   1.0165811833E+00
    1573   1.0141245687E+00
    1574   1.0112879358E+00
    1575   1.0083238407E+00
    1576   1.0054821159E+00
    1577   1.0029763113E+00
    1578   1.0009653608E+00
    1579   9.9954289776E-01
    1580   9.9872640201E-01
    1581   9.9844946886E-01
    1582   9.9856979769E-01
    1583   9.9890096577E-01
    1584   9.9926108786E-01
    1585   9.9951837650E-01
    1586   9.9961474854E-01
    1587   9.9956246702E-01
    1588   9.9942361774E-01
    1589   9.9928549944E-01
    1590   9.9923808385E-01
    1591   9.9935265540E-01
    1592   9.9966191764E-01
    1593   1.0001477537E+00
    1594   1.0007446961E+00
    1595   1.0013597459E+00
    1596   1.0018983543E+00
    1597   1.0022828580E+00
    1598   1.0024571944E+00
    1599   1.0023835961E+00
    1600   1.0020416513E+00
    1601   1.0014335097E+00
    1602   1.0005889375E+00
    1603   9.9956191847E-01
    1604   9.9841853281E-01
    1605   9.9722489751E-01
    1606   9.9604401845E-01
    1607   9.9494097319E-01
    1608   9.9398693037E-01
    1609   9.9325366820E-01
    1610   9.9280007525E-01
    1611   9.9266020567E-01
    1612   9.9284095277E-01
    1613   9.9332809911E-01
    1614   9.9409208285E-01
    1615   9.9508732565E-01
    1616   9.9624827963E-01
    1617   9.9749157333E-01
    1618   9.9872948613E-01
    1619   9.9988904289E-01
    1620   1.0009236206E+00
    1621   1.0018097942E+00
    1622   1.0025351216E+00
    1623   1.0030909390E+00
    1624   1.0034781023E+00
    1625   1.0037199518E+00
    1626   1.0038677500E+00
    1627   1.0039907393E+00
    1628   1.0041570135E+00
    1629   1.0044195600E+00
    1630   1.0048146190E+00
    1631   1.0053664516E+00
    1632   1.0060858270E+00
    1633   1.0069587438E+00
    1634   1.0079356853E+00
    1635   1.0089365157E+00
    1636   1.0098738478E+00
    1637   1.0106811980E+00
    1638   1.0113379884E+00
    1639   1.0118206753E+00
    1640   1.0120933259E+00
    1641   1.0121971477E+00
    1642   1.0121053795E+00
    1643   1.0118248286E+00
    1644   1.0113774220E+00
    1645   1.0107844759E+00
    1646   1.0100515410E+00
    1647   1.0091715047E+00
    1648   1.0081464086E+00
    1649   1.0070100165E+00
    1650   1.0058307186E+00
    1651   1.0046931719E+00
    1652   1.0036756931E+00
    1653   1.0028424113E+00
    1654   1.0022510348E+00
    1655   1.0019598397E+00
    1656   1.0020171287E+00
    1657   1.0024355952E+00
    1658   1.0031715007E+00
    1659   1.0041285344E+00
    1660   1.0051858369E+00
    1661   1.0062299867E+00
    1662   1.0071690055E+00
    1663   1.0079267301E+00
    1664   1.0084358546E+00
    1665   1.0086488554E+00
    1666   1.0085645745E+00
    1667   1.0082478022E+00
    1668   1.0078199481E+00
    1669   1.0074229787E+00
    1670   1.0071805310E+00
    1671   1.0071800763E+00
    1672   1.0074805672E+00
    1673   1.0081218584E+00
    1674   1.0090797692E+00
    1675   1.0103341685E+00
    1676   1.0117722445E+00
    1677   1.0132422913E+00
    1678   1.0145900508E+00
    1679   1.0156954699E+00
    1680   1.0164863576E+00
    1681   1.0169288500E+00
    1682   1.0170159655E+00
    1683   1.0167719023E+00
    1684   1.0162661751E+00
    1685   1.0156140603E+00
    1686   1.0149480776E+00
    1687   1.0143723389E+00
    1688   1.0139296001E+00
    1689   1.0136022539E+00
    1690   1.0133620105E+00
    1691   1.0131141253E+00
    1692   1.0128169994E+00
    1693   1.0124725336E+00
    1694   1.0120177095E+00
    1695   1.0114262177E+00
    1696   1.0107085314E+00
    1697   1.0099178120E+00
    1698   1.0091273043E+00
    1699   1.0083928439E+00
    1700   1.0077282820E+00
    1701   1.0071107986E+00
    1702   1.0065073333E+00
    1703   1.0058971067E+00
    1704   1.0052732859E+00
    1705   1.0046301798E+00
    1706   1.0039565202E+00
    1707   1.0032474859E+00
    1708   1.0025265341E+00
    1709   1.0018553599E+00
    1710   1.0013189651E+00
    1711   1.0009950106E+00
    1712   1.0009293357E+00
    1713   1.0011319603E+00
    1714   1.0015876696E+00
    1715   1.0022632424E+00
    1716   1.0030998836E+00
    1717   1.0039989805E+00
    1718   1.0048207273E+00
    1719   1.0054078523E+00
    1720   1.0056258727E+00
    1721   1.0053975986E+00
    1722   1.0047145499E+00
    1723   1.0036279476E+00
    1724   1.0022350753E+00
    1725   1.0006722985E+00
    1726   9.9910937876E-01
    1727   9.9773153275E-01
    1728   9.9670373876E-01
    1729   9.9613030516E-01
    1730   9.9603073767E-01
    1731   9.9634426289E-01
    1732   9.9695622043E-01
    1733   9.9772842814E-01
    1734   9.9851888466E-01
    1735   9.9919184709E-01
    1736   9.9962914896E-01
    1737   9.9974991877E-01
    1738   9.9953123032E-01
    1739   9.9901436356E-01
    1740   9.9828770955E-01
    1741   9.9745539914E-01
    1742   9.9661076177E-01
    1743   9.9582790588E-01
    1744   9.9516730192E-01
    1745   9.9468072974E-01
    1746   9.9440429368E-01
    1747   9.9434345385E-01
    1748   9.9446389470E-01
    1749   9.9469914513E-01
    1750   9.9497196341E-01
    1751   9.9521671644E-01
    1752   9.9539076900E-01
    1753   9.9547504547E-01
    1754   9.9547284592E-01
    1755   9.9541453301E-01
    1756   9.9536465648E-01
    1757   9.9542098965E-01
    1758   9.9569761832E-01
    1759   9.9629694111E-01
    1760   9.9728414505E-01
    1761   9.9867582770E-01
    1762   1.0004430152E+00
    1763   1.0025195872E+00
    1764   1.0048066988E+00
    1765   1.0071732681E+00
    1766   1.0094607247E+00
    1767   1.0114994228E+00
    1768   1.0131340428E+00
    1769   1.0142469196E+00
    1770   1.0147689708E+00
    1771   1.0146787027E+00
    1772   1.0139982547E+00
    1773   1.0127940912E+00
    1774   1.0111794582E+00
    1775   1.0093091981E+00
    1776   1.0073607018E+00
    1777   1.0055067458E+00
    1778   1.0038931643E+00
    1779   1.0026310041E+00
    1780   1.0018011148E+00
    1781   1.0014611026E+00
    1782   1.0016457306E+00
    1783   1.0023606619E+00
    1784   1.0035769511E+00
    1785   1.0052383818E+00
    1786   1.0072414550E+00
    1787   1.0094800308E+00
    1788   1.0118310365E+00
    1789   1.0141570363E+00
    1790   1.0163192794E+00
    1791   1.0181922212E+00
    1792   1.0196809413E+00
    1793   1.0207294716E+00
    1794   1.0213142706E+00
    1795   1.0214279627E+00
    1796   1.0210661587E+00
    1797   1.0202273241E+00
    1798   1.0189253914E+00
    1799   1.0172153839E+00
    1800   1.0151859609E+00
    1801   1.0128895265E+00
    1802   1.0106008814E+00
    1803   1.0084605996E+00
    1804   1.0066370007E+00
    1805   1.0052696485E+00
    1806   1.0044356829E+00
    1807   1.0041307976E+00
    1808   1.0042684392E+00
    1809   1.0046983410E+00
    1810   1.0052371669E+00
    1811   1.0057003033E+00
    1812   1.0059273833E+00
    1813   1.0058003683E+00
    1814   1.0052565585E+00
    1815   1.0042967758E+00
    1816   1.0029858431E+00
    1817   1.0014423731E+00
    1818   9.9981961773E-01
    1819   9.9828336938E-01
    1820   9.9699291502E-01
    1821   9.9608623230E-01
    1822   9.9566699543E-01
    1823   9.9579103972E-01
    1824   9.9645447030E-01
    1825   9.9758941331E-01
    1826   9.9907305327E-01
    1827   1.0007500775E+00
    1828   1.0024627162E+00
    1829   1.0040793238E+00
    1830   1.0055145903E+00
    1831   1.0067384449E+00
    1832   1.0077732087E+00
    1833   1.0086785066E+00
    1834   1.0095249024E+00
    1835   1.0103614132E+00
    1836   1.0111876236E+00
    1837   1.0119423527E+00
    1838   1.0125146298E+00
    1839   1.0127719789E+00
    1840   1.0125935835E+00
    1841   1.0118966189E+00
    1842   1.0106513754E+00
    1843   1.0088877929E+00
    1844   1.0066963670E+00
    1845   1.0042219956E+00
    1846   1.0016470295E+00
    1847   9.9916403575E-01
    1848   9.9694574054E-01
    1849   9.9512296565E-01
    1850   9.9377661037E-01
    1851   9.9294141456E-01
    1852   9.9261420343E-01
    1853   9.9276132064E-01
    1854   9.9332518431E-01
    1855   9.9423351812E-01
    1856   9.9541225423E-01
    1857   9.9679767360E-01
    1858   9.9834059305E-01
    1859   9.9999938449E-01
    1860   1.0017261180E+00
    1861   1.0034555276E+00
    1862   1.0051038470E+00
    1863   1.0065769732E+00
    1864   1.0077816068E+00
    1865   1.0086344490E+00
    1866   1.0090701442E+00
    1867   1.0090522047E+00
    1868   1.0085892922E+00
    1869   1.0077404330E+00
    1870   1.0065908827E+00
    1871   1.0053047959E+00
    1872   1.0040057044E+00
    1873   1.0028035609E+00
    1874   1.0017802154E+00
    1875   1.0009901166E+00
    1876   1.0004640111E+00
    1877   1.0002101869E+00
    1878   1.0002165116E+00
    1879   1.0004590961E+00
    1880   1.0009174667E+00
    1881   1.0015877042E+00
    1882   1.0024827683E+00
    1883   1.0036171214E+00
    1884   1.0049841129E+00
    1885   1.0065401221E+00
    1886   1.0082041133E+00
    1887   1.0098704163E+00
    1888   1.0114257927E+00
    1889   1.0127643648E+00
    1890   1.0138010413E+00
    1891   1.0144868467E+00
    1892   1.0148242522E+00
    1893   1.0148731941E+00
    1894   1.0147386077E+00
    1895   1.0145404910E+00
    1896   1.0143795129E+00
    1897   1.0143142023E+00
    1898   1.0143570274E+00
    1899   1.0144841040E+00
    1900   1.0146739970E+00
    1901   1.0148137601E+00
    1902   1.0148290017E+00
    1903   1.0147152357E+00
    1904   1.0144065853E+00
    1905   1.0138970616E+00
    1906   1.0132112750E+00
    1907   1.0123913207E+00
    1908   1.0114830381E+00
    1909   1.0105311767E+00
    1910   1.0095836012E+00
    1911   1.0086951848E+00
    1912   1.0079221350E+00
    1913   1.0073066153E+00
    1914   1.0068613885E+00
    1915   1.0065649807E+00
    1916   1.0063698751E+00
    1917   1.0062167322E+00
    1918   1.0060457562E+00
    1919   1.0058023642E+00
    1920   1.0054419504E+00
    1921   1.0049388129E+00
    1922   1.0042978480E+00
    1923   1.0035608295E+00
    1924   1.0028000392E+00
    1925   1.0021001470E+00
    1926   1.0015373865E+00
    1927   1.0011652513E+00
    1928   1.0010092671E+00
    1929   1.0010663230E+00
    1930   1.0013039055E+00
    1931   1.0016602435E+00
    1932   1.0020515629E+00
    1933   1.0023904416E+00
    1934   1.0026107474E+00
    1935   1.0026870369E+00
    1936   1.0026374174E+00
    1937   1.0025083840E+00
    1938   1.0023509780E+00
    1939   1.0022005899E+00
    1940   1.0020669869E+00
    1941   1.0019331532E+00
    1942   1.0017584249E+00
    1943   1.0014843720E+00
    1944   1.0010458453E+00
    1945   1.0003889639E+00
    1946   9.9949219815E-01
    1947   9.9837637023E-01
    1948   9.9710749206E-01
    1949   9.9577901694E-01
    1950   9.9449508502E-01
    1951   9.9335746880E-01
    1952   9.9245997694E-01
    1953   9.9188479035E-01
    1954   9.9169408034E-01
    1955   9.9191618637E-01
    1956   9.9253286379E-01
    1957   9.9347582690E-01
    1958   9.9463634731E-01
    1959   9.9588442402E-01
    1960   9.9709029077E-01
    1961   9.9814257140E-01
    1962   9.9896211846E-01
    1963   9.9951229030E-01
    1964   9.9980413245E-01
    1965   9.9989158307E-01
    1966   9.9985326246E-01
    1967   9.9976435109E-01
    1968   9.9967004792E-01
    1969   9.9957324297E-01
    1970   9.9944210675E-01
    1971   9.9923237656E-01
    1972   9.9891234558E-01
    1973   9.9847970942E-01
    1974   9.9796666822E-01
    1975   9.9743575041E-01
    1976   9.9697021013E-01
    1977   9.9666018052E-01
    1978   9.9658436680E-01
    1979   9.9678926735E-01
    1980   9.9727241234E-01
    1981   9.9797715116E-01
    1982   9.9880249813E-01
    1983   9.9962403411E-01
    1984   1.0003169275E+00
    1985   1.0007730764E+00
    1986   1.0009107992E+00
    1987   1.0006807265E+00
    1988   1.0000717305E+00
    1989   9.9911604346E-01
    1990   9.9788890380E-01
    1991   9.9649907180E-01
    1992   9.9507220205E-01
    1993   9.9373298868E-01
    1994   9.9259113264E-01
    1995   9.9173134811E-01
    1996   9.9120440250E-01
    1997   9.9101748788E-01
    1998   9.9112747303E-01
    1999   9.9144375058E-01
    2000   9.9184509845E-01
    2001   9.9220761545E-01
    2002   9.9243374487E-01
    2003   9.9247113520E-01
    2004   9.9231614725E-01
    2005   9.9200497657E-01
    2006   9.9159948557E-01
    2007   9.9117304790E-01
    2008   9.9078815096E-01
    2009   9.9051452930E-01
    2010   9.9039692841E-01
    2011   9.9040180629E-01
    2012   9.9051317332E-01
    2013   9.9069101617E-01
    2014   9.9089862558E-01
    2015   9.9111003488E-01
    2016   9.9130653803E-01
    2017   9.9146778380E-01
    2018   9.9156641390E-01
    2019   9.9157181206E-01
    2020   9.9146058669E-01
    2021   9.9122646036E-01
    2022   9.9088385178E-01
    2023   9.9046564214E-01
    2024   9.9001952069E-01
    2025   9.8960597125E-01
    2026   9.8929567822E-01
    2027   9.8916148420E-01
    2028   9.8926322922E-01
    2029   9.8963056061E-01
    2030   9.9025251775E-01
    2031   9.9107976473E-01
    2032   9.9203758658E-01
    2033   9.9304158268E-01
    2034   9.9400875752E-01
    2035   9.9486342544E-01
    2036   9.9554296634E-01
    2037   9.9600637542E-01
    2038   9.9624679193E-01
    2039   9.9629611768E-01
    2040   9.9620066695E-01
    2041   9.9601735304E-01
    2042   9.9578347485E-01
    2043   9.9551050639E-01
    2044   9.9518893518E-01
    2045   9.9479841315E-01
    2046   9.9431499671E-01
    2047   9.9371416354E-01
    2048   9.9297520397E-01
    2049   9.9209195887E-01
    2050   9.9108758114E-01
    2051   9.9002360886E-01
    2052   9.8899514675E-01
    2053   9.8811259661E-01
    2054   9.8747941564E-01
    2055   9.8717539271E-01
    2056   9.8724862260E-01
    2057   9.8771128355E-01
    2058   9.8853410814E-01
    2059   9.8964043586E-01
    2060   9.9090772735E-01
    2061   9.9218304126E-01
    2062   9.9331104973E-01
    2063   9.9416291523E-01
    2064   9.9465329841E-01
    2065   9.9474157050E-01
    2066   9.9442514498E-01
    2067   9.9373566278E-01
    2068   9.9274186966E-01
    2069   9.9155183755E-01
    2070   9.9028911131E-01
    2071   9.8912879855E-01
    2072   9.8821016050E-01
    2073   9.8760084261E-01
    2074   9.8736459714E-01
    2075   9.8751189308E-01
    2076   9.8801230013E-01
    2077   9.8879283078E-01
    2078   9.8974015150E-01
    2079   9.9071496888E-01
    2080   9.9158027306E-01
    2081   9.9223295460E-01
    2082   9.9262363235E-01
    2083   9.9275598956E-01
    2084   9.9267088028E-01
    2085   9.9242821495E-01
    2086   9.9209653585E-01
    2087   9.9174854704E-01
    2088   9.9145424584E-01
    2089   9.9126683981E-01
    2090   9.9120704199E-01
    2091   9.9125658905E-01
    2092   9.9136745256E-01
    2093   9.9148134230E-01
    2094   9.9154721821E-01
    2095   9.9152797763E-01
    2096   9.9139844293E-01
    2097   9.9113198706E-01
    2098   9.9076040465E-01
    2099   9.9029924292E-01
    2100   9.8979093164E-01
    2101   9.8930559285E-01
    2102   9.8889463847E-01
    2103   9.8858380921E-01
    2104   9.8837594341E-01
    2105   9.8826644864E-01
    2106   9.8825807136E-01
    2107   9.8836346244E-01
    2108   9.8859594423E-01
    2109   9.8895850532E-01
    2110   9.8944074465E-01
    2111   9.9002336535E-01
    2112   9.9068152547E-01
    2113   9.9137961866E-01
    2114   9.9206056914E-01
    2115   9.9264128861E-01
    2116   9.9302449052E-01
    2117   9.9312422816E-01
    2118   9.9289115722E-01
    2119   9.9232312504E-01
    2120   9.9145845037E-01
    2121   9.9036144458E-01
    2122   9.8910983394E-01
    2123   9.8777130616E-01
    2124   9.8652192391E-01
    2125   9.8541604030E-01
    2126   9.8453692927E-01
    2127   9.8394436662E-01
    2128   9.8365810083E-01
    2129   9.8367820521E-01
    2130   9.8400034981E-01
    2131   9.8462106164E-01
    2132   9.8552941399E-01
    2133   9.8669252279E-01
    2134   9.8804728282E-01
    2135   9.8950419881E-01
    2136   9.9095965403E-01
    2137   9.9230764091E-01
    2138   9.9344649977E-01
    2139   9.9428445581E-01
    2140   9.9475170507E-01
    2141   9.9481940323E-01
    2142   9.9451616527E-01
    2143   9.9392907723E-01
    2144   9.9318480430E-01
    2145   9.9241917700E-01
    2146   9.9174126669E-01
    2147   9.9125599649E-01
    2148   9.9102269916E-01
    2149   9.9104122606E-01
    2150   9.9130553888E-01
    2151   9.9176334718E-01
    2152   9.9233247218E-01
    2153   9.9292069453E-01
    2154   9.9345103896E-01
    2155   9.9387924109E-01
    2156   9.9419467744E-01
    2157   9.9440733942E-01
    2158   9.9453290230E-01
    2159   9.9458568742E-01
    2160   9.9457995591E-01
    2161   9.9453157755E-01
    2162   9.9445315643E-01
    2163   9.9434402542E-01
    2164   9.9418430839E-01
    2165   9.9394035196E-01
    2166   9.9357990999E-01
    2167   9.9308726422E-01
    2168   9.9246888671E-01
    2169   9.9174860334E-01
    2170   9.9095997961E-01
    2171   9.9014383555E-01
    2172   9.8935132861E-01
    2173   9.8864546901E-01
    2174   9.8809358037E-01
    2175   9.8775058707E-01
    2176   9.8764157342E-01
    2177   9.8774694942E-01
    2178   9.8801436039E-01
    2179   9.8843102743E-01
    2180   9.8885056814E-01
    2181   9.8921155261E-01
    2182   9.8944059877E-01
    2183   9.8947690617E-01
    2184   9.8929056772E-01
    2185   9.8889538931E-01
    2186   9.8834997634E-01
    2187   9.8774414712E-01
    2188   9.8717703607E-01
    2189   9.8673783313E-01
    2190   9.8649568303E-01
    2191   9.8649753838E-01
    2192   9.8676754904E-01
    2193   9.8730391497E-01
    2194   9.8807539485E-01
    2195   9.8902395587E-01
    2196   9.9007698461E-01
    2197   9.9116542574E-01
    2198   9.9223845269E-01
    2199   9.9326711687E-01
    2200   9.9423588370E-01
    2201   9.9513454705E-01
    2202   9.9595718557E-01
    2203   9.9667767240E-01
    2204   9.9728731494E-01
    2205   9.9777555876E-01
    2206   9.9813260676E-01
    2207   9.9835153153E-01
    2208   9.9843588190E-01
    2209   9.9840984979E-01
    2210   9.9832221934E-01
    2211   9.9823712372E-01
    2212   9.9821342356E-01
    2213   9.9828341849E-01
    2214   9.9844269263E-01
    2215   9.9865559671E-01
    2216   9.9887125668E-01
    2217   9.9904029312E-01
    2218   9.9912558199E-01
    2219   9.9910716475E-01
    2220   9.9898482968E-01
    2221   9.9877965041E-01
    2222   9.9853123472E-01
    2223   9.9828676936E-01
    2224   9.9808307581E-01
    2225   9.9792966197E-01
    2226   9.9780268579E-01
    2227   9.9765395620E-01
    2228   9.9743010213E-01
    2229   9.9709149484E-01
    2230   9.9662257476E-01
    2231   9.9603236703E-01
    2232   9.9534979975E-01
    2233   9.9461828643E-01
    2234   9.9389022815E-01
    2235   9.9321907253E-01
    2236   9.9264844923E-01
    2237   9.9220238165E-01
    2238   9.9188288294E-01
    2239   9.9167764739E-01
    2240   9.9157387884E-01
    2241   9.9156952663E-01
    2242   9.9167499319E-01
    2243   9.9190510692E-01
    2244   9.9226778830E-01
    2245   9.9275673283E-01
    2246   9.9335094642E-01
    2247   9.9401841287E-01
    2248   9.9471966440E-01
    2249   9.9541007185E-01
    2250   9.9604396484E-01
    2251   9.9658364923E-01
    2252   9.9701159296E-01
    2253   9.9733885283E-01
    2254   9.9760254908E-01
    2255   9.9785121691E-01
    2256   9.9812504241E-01
    2257   9.9844111316E-01
    2258   9.9878955263E-01
    2259   9.9913893081E-01
    2260   9.9944463204E-01
    2261   9.9965535853E-01
    2262   9.9971838255E-01
    2263   9.9958710045E-01
    2264   9.9923166042E-01
    2265   9.9864839973E-01
    2266   9.9786180936E-01
    2267   9.9691695252E-01
    2268   9.9586755651E-01
    2269   9.9476813981E-01
    2270   9.9367398645E-01
    2271   9.9264509823E-01
    2272   9.9173667717E-01
    2273   9.9102172965E-01
    2274   9.9054879866E-01
    2275   9.9029628216E-01
    2276   9.9024060678E-01
    2277   9.9032187977E-01
    2278   9.9046755809E-01
    2279   9.9060534043E-01
    2280   9.9067309885E-01
    2281   9.9062892915E-01
    2282   9.9046295653E-01
    2283   9.9020733861E-01
    2284   9.8993651642E-01
    2285   9.8975236955E-01
    2286   9.8975756128E-01
    2287   9.9002820785E-01
    2288   9.9059670800E-01
    2289   9.9144879746E-01
    2290   9.9253029208E-01
    2291   9.9375610763E-01
    2292   9.9501822024E-01
    2293   9.9619579177E-01
    2294   9.9717147344E-01
    2295   9.9785294939E-01
    2296   9.9819138919E-01
    2297   9.9818714700E-01
    2298   9.9788024782E-01
    2299   9.9733310692E-01
    2300   9.9661597815E-01
    2301   9.9580075128E-01
    2302   9.9495991014E-01
    2303   9.9416378367E-01
    2304   9.9347349174E-01
    2305   9.9293419773E-01
    2306   9.9257511470E-01
    2307   9.9241746919E-01
    2308   9.9247741252E-01
    2309   9.9280792428E-01
    2310   9.9341938183E-01
    2311   9.9431598715E-01
    2312   9.9548158904E-01
    2313   9.9686460039E-01
    2314   9.9838862557E-01
    2315   9.9995972659E-01
    2316   1.0014709733E+00
    2317   1.0028074728E+00
    2318   1.0038584305E+00
    2319   1.0045382416E+00
    2320   1.0048093894E+00
    2321   1.0046944107E+00
    2322   1.0042688395E+00
    2323   1.0036397118E+00
    2324   1.0029138534E+00
    2325   1.0021880169E+00
    2326   1.0015331017E+00
    2327   1.0009862745E+00
    2328   1.0005529505E+00
    2329   1.0002058208E+00
    2330   9.9989452243E-01
    2331   9.9956524295E-01
    2332   9.9918322154E-01
    2333   9.9874630310E-01
    2334   9.9828211182E-01
    2335   9.9783184326E-01
    2336   9.9743033848E-01
    2337   9.9709975996E-01
    2338   9.9683799003E-01
    2339   9.9662597820E-01
    2340   9.9642992887E-01
    2341   9.9620252928E-01
    2342   9.9589191686E-01
    2343   9.9545772529E-01
    2344   9.9488943017E-01
    2345   9.9421666901E-01
    2346   9.9350447163E-01
    2347   9.9283581676E-01
    2348   9.9229168173E-01
    2349   9.9193779647E-01
    2350   9.9182022218E-01
    2351   9.9196470078E-01
    2352   9.9237409004E-01
    2353   9.9302394268E-01
    2354   9.9386192018E-01
    2355   9.9481572797E-01
    2356   9.9580825260E-01
    2357   9.9677206569E-01
    2358   9.9765546582E-01
    2359   9.9841931818E-01
    2360   9.9903175707E-01
    2361   9.9946842154E-01
    2362   9.9971972325E-01
    2363   9.9979857457E-01
    2364   9.9974016110E-01
    2365   9.9959150152E-01
    2366   9.9939683731E-01
    2367   9.9918714942E-01
    2368   9.9897789498E-01
    2369   9.9877230190E-01
    2370   9.9856501781E-01
    2371   9.9834442561E-01
    2372   9.9809675498E-01
    2373   9.9781497161E-01
    2374   9.9751042608E-01
    2375   9.9721993232E-01
    2376   9.9700115540E-01
    2377   9.9691614273E-01
    2378   9.9701097853E-01
    2379   9.9730169837E-01
    2380   9.9777158338E-01
    2381   9.9837751457E-01
    2382   9.9905892094E-01
    2383   9.9974542116E-01
    2384   1.0003647503E+00
    2385   1.0008544454E+00
    2386   1.0011771374E+00
    2387   1.0013334965E+00
    2388   1.0013647382E+00
    2389   1.0013415172E+00
    2390   1.0013440877E+00
    2391   1.0014430402E+00
    2392   1.0016872353E+00
    2393   1.0020994720E+00
    2394   1.0026758952E+00
    2395   1.0033864078E+00
    2396   1.0041775757E+00
    2397   1.0049817643E+00
    2398   1.0057327829E+00
    2399   1.0063829101E+00
    2400   1.0069129438E+00
    2401   1.0073302600E+00
    2402   1.0076569430E+00
    2403   1.0079155331E+00
    2404   1.0081188506E+00
    2405   1.0082659542E+00
    2406   1.0083419366E+00
    2407   1.0083194210E+00
    2408   1.0081625048E+00
    2409   1.0078356437E+00
    2410   1.0073169369E+00
    2411   1.0066111174E+00
    2412   1.0057552577E+00
    2413   1.0048134066E+00
    2414   1.0038627315E+00
    2415   1.0029784118E+00
    2416   1.0022232946E+00
    2417   1.0016440079E+00
    2418   1.0012698322E+00
    2419   1.0011120593E+00
    2420   1.0011626071E+00
    2421   1.0013921919E+00
    2422   1.0017552685E+00
    2423   1.0021973840E+00
    2424   1.0026638887E+00
    2425   1.0031062786E+00
    2426   1.0034856595E+00
    2427   1.0037759284E+00
    2428   1.0039689291E+00
    2429   1.0040807122E+00
    2430   1.0041543347E+00
    2431   1.0042541921E+00
    2432   1.0044512913E+00
    2433   1.0048045862E+00
    2434   1.0053459924E+00
    2435   1.0060744026E+00
    2436   1.0069587695E+00
    2437   1.0079459911E+00
    2438   1.0089696298E+00
    2439   1.0099585343E+00
    2440   1.0108465695E+00
    2441   1.0115834481E+00
    2442   1.0121433435E+00
    2443   1.0125259927E+00
    2444   1.0127482367E+00
    2445   1.0128298394E+00
    2446   1.0127812857E+00
    2447   1.0125994977E+00
    2448   1.0122717467E+00
    2449   1.0117827851E+00
    2450   1.0111205265E+00
    2451   1.0102798119E+00
    2452   1.0092694863E+00
    2453   1.0081170667E+00
    2454   1.0068512789E+00
    2455   1.0055842089E+00
    2456   1.0044026399E+00
    2457   1.0034024730E+00
    2458   1.0026650205E+00
    2459   1.0022446365E+00
    2460   1.0021659161E+00
    2461   1.0024246390E+00
    2462   1.0029885307E+00
    2463   1.0037981053E+00
    2464   1.0047715459E+00
    2465   1.0058163512E+00
    2466   1.0068452995E+00
    2467   1.0077892219E+00
    2468   1.0086002382E+00
    2469   1.0092458810E+00
    2470   1.0097008984E+00
    2471   1.0099438439E+00
    2472   1.0099598806E+00
    2473   1.0097447403E+00
    2474   1.0093042244E+00
    2475   1.0086494893E+00
    2476   1.0077937204E+00
    2477   1.0067553917E+00
    2478   1.0055669644E+00
    2479   1.0042817943E+00
    2480   1.0029724918E+00
    2481   1.0017213129E+00
    2482   1.0006092826E+00
    2483   9.9971065362E-01
    2484   9.9909267487E-01
    2485   9.9881458533E-01
    2486   9.9891994691E-01
    2487   9.9942391237E-01
    2488   1.0003034194E+00
    2489   1.0014984977E+00
    2490   1.0029254957E+00
    2491   1.0044949135E+00
    2492   1.0061241786E+00
    2493   1.0077422410E+00
    2494   1.0092904829E+00
    2495   1.0107267050E+00
    2496   1.0120328306E+00
    2497   1.0132193057E+00
    2498   1.0143470282E+00
    2499   1.0154001835E+00
    2500   1.0163847292E+00
    2501   1.0173483919E+00
    2502   1.0182322818E+00
    2503   1.0189912694E+00
    2504   1.0195771358E+00
    2505   1.0199411474E+00
    2506   1.0200362789E+00
    2507   1.0198261053E+00
    2508   1.0192993219E+00
    2509   1.0184805559E+00
    2510   1.0174283375E+00
    2511   1.0162244464E+00
    2512   1.0149756132E+00
    2513   1.0136701976E+00
    2514   1.0124781257E+00
    2515   1.0114664033E+00
    2516   1.0106944615E+00
    2517   1.0102072389E+00
    2518   1.0100087555E+00
    2519   1.0100610176E+00
    2520   1.0102975935E+00
    2521   1.0106427637E+00
    2522   1.0110257656E+00
    2523   1.0113875550E+00
    2524   1.0116858329E+00
    2525   1.0119038962E+00
    2526   1.0120603128E+00
    2527   1.0122090867E+00
    2528   1.0124228589E+00
    2529   1.0127634888E+00
    2530   1.0132550224E+00
    2531   1.0138731932E+00
    2532   1.0145634258E+00
    2533   1.0152584289E+00
    2534   1.0157691939E+00
    2535   1.0161133644E+00
    2536   1.0162049857E+00
    2537   1.0160112746E+00
    2538   1.0155550900E+00
    2539   1.0149127724E+00
    2540   1.0141975458E+00
    2541   1.0135287649E+00
    2542   1.0130030056E+00
    2543   1.0126804481E+00
    2544   1.0125874463E+00
    2545   1.0127249595E+00
    2546   1.0130727773E+00
    2547   1.0135888678E+00
    2548   1.0142119955E+00
    2549   1.0148767260E+00
    2550   1.0155634090E+00
    2551   1.0161329652E+00
    2552   1.0166509908E+00
    2553   1.0171233386E+00
    2554   1.0175360641E+00
    2555   1.0178907655E+00
    2556   1.0181981537E+00
    2557   1.0184809123E+00
    2558   1.0187635962E+00
    2559   1.0190551967E+00
    2560   1.0193389804E+00
    2561   1.0195790938E+00
    2562   1.0197387613E+00
    2563   1.0198219438E+00
    2564   1.0198061942E+00
    2565   1.0195771249E+00
    2566   1.0193002319E+00
    2567   1.0189301116E+00
    2568   1.0184979133E+00
    2569   1.0180657512E+00
    2570   1.0177129789E+00
    2571   1.0175156407E+00
    2572   1.0175299763E+00
    2573   1.0177883723E+00
    2574   1.0183029576E+00
    2575   1.0190660157E+00
    2576   1.0200575120E+00
    2577   1.0212543054E+00
    2578   1.0223578258E+00
    2579   1.0234443866E+00
    2580   1.0243895732E+00
    2581   1.0251271963E+00
    2582   1.0256334352E+00
    2583   1.0258992406E+00
    2584   1.0259208359E+00
    2585   1.0257031811E+00
    2586   1.0252897437E+00
    2587   1.0247651058E+00
    2588   1.0239327150E+00
    2589   1.0231127561E+00
    2590   1.0222810401E+00
    2591   1.0214641402E+00
    2592   1.0207105222E+00
    2593   1.0200670689E+00
    2594   1.0195603100E+00
    2595   1.0191793675E+00
    2596   1.0188751931E+00
    2597   1.0185780577E+00
    2598   1.0182312020E+00
    2599   1.0178116387E+00
    2600   1.0171617548E+00
    2601   1.0164195268E+00
    2602   1.0155769461E+00
    2603   1.0146828963E+00
    2604   1.0138279850E+00
    2605   1.0131157479E+00
    2606   1.0126303815E+00
    2607   1.0124082842E+00
    2608   1.0124293831E+00
    2609   1.0126304450E+00
    2610   1.0129286772E+00
    2611   1.0132414794E+00
    2612   1.0134972337E+00
    2613   1.0136423963E+00
    2614   1.0136511863E+00
    2615   1.0135353975E+00
    2616   1.0133525854E+00
    2617   1.0131782739E+00
    2618   1.0130123651E+00
    2619   1.0129681442E+00
    2620   1.0130273624E+00
    2621   1.0131735497E+00
    2622   1.0133891614E+00
    2623   1.0136571141E+00
    2624   1.0139553947E+00
    2625   1.0142523579E+00
    2626   1.0145119131E+00
    2627   1.0147065461E+00
    2628   1.0148267867E+00
    2629   1.0148786725E+00
    2630   1.0148721744E+00
    2631   1.0148124019E+00
    2632   1.0147022367E+00
    2633   1.0145531925E+00
    2634   1.0144181887E+00
    2635   1.0142836961E+00
    2636   1.0141925409E+00
    2637   1.0142208621E+00
    2638   1.0143639342E+00
    2639   1.0146420690E+00
    2640   1.0150777578E+00
    2641   1.0156856389E+00
    2642   1.0164561452E+00
    2643   1.0173462687E+00
    2644   1.0182859833E+00
    2645   1.0191961448E+00
    2646   1.0200050295E+00
    2647   1.0206548477E+00
    2648   1.0211121355E+00
    2649   1.0213988013E+00
    2650   1.0213124944E+00
    2651   1.0210833246E+00
    2652   1.0207668997E+00
    2653   1.0204580435E+00
    2654   1.0202677508E+00
    2655   1.0202812288E+00
    2656   1.0205456509E+00
    2657   1.0210678123E+00
    2658   1.0218129933E+00
    2659   1.0227017736E+00
    2660   1.0236609669E+00
    2661   1.0244929052E+00
    2662   1.0249092978E+00
    2663   1.0250353347E+00
    2664   1.0247523834E+00
    2665   1.0240802392E+00
    2666   1.0230800222E+00
    2667   1.0218321816E+00
    2668   1.0204261030E+00
    2669   1.0189555569E+00
    2670   1.0175109977E+00
    2671   1.0161687129E+00
    2672   1.0150017307E+00
    2673   1.0139373157E+00
    2674   1.0130589878E+00
    2675   1.0123641119E+00
    2676   1.0118458523E+00
    2677   1.0115064975E+00
    2678   1.0113316480E+00
    2679   1.0112861697E+00
    2680   1.0113215498E+00
    2681   1.0113871107E+00
    2682   1.0114348760E+00
    2683   1.0114161693E+00
    2684   1.0112780976E+00
    2685   1.0109698042E+00
    2686   1.0104593596E+00
    2687   1.0097512199E+00
    2688   1.0088918540E+00
    2689   1.0079603252E+00
    2690   1.0070516355E+00
    2691   1.0062635604E+00
    2692   1.0056902603E+00
    2693   1.0054166418E+00
    2694   1.0055060751E+00
    2695   1.0059823819E+00
    2696   1.0068161926E+00
    2697   1.0079311539E+00
    2698   1.0092219921E+00
    2699   1.0105336344E+00
    2700   1.0117966665E+00
    2701   1.0129240790E+00
    2702   1.0138566840E+00
    2703   1.0145567450E+00
    2704   1.0150084970E+00
    2705   1.0152181588E+00
    2706   1.0152051071E+00
    2707   1.0149855106E+00
    2708   1.0145590741E+00
    2709   1.0139101309E+00
    2710   1.0130239944E+00
    2711   1.0119073496E+00
    2712   1.0105985249E+00
    2713   1.0091625915E+00
    2714   1.0076780741E+00
    2715   1.0062260610E+00
    2716   1.0048859625E+00
    2717   1.0037331357E+00
    2718   1.0028314365E+00
    2719   1.0022209257E+00
    2720   1.0019088176E+00
    2721   1.0018720471E+00
    2722   1.0020712526E+00
    2723   1.0024662939E+00
    2724   1.0030216504E+00
    2725   1.0036994621E+00
    2726   1.0044503802E+00
    2727   1.0051929916E+00
    2728   1.0058525618E+00
    2729   1.0063548491E+00
    2730   1.0066439877E+00
    2731   1.0066870032E+00
    2732   1.0064709573E+00
    2733   1.0060037098E+00
    2734   1.0053193470E+00
    2735   1.0044813712E+00
    2736   1.0035749002E+00
    2737   1.0026876814E+00
    2738   1.0018898815E+00
    2739   1.0012248877E+00
    2740   1.0007148579E+00
    2741   1.0003730683E+00
    2742   1.0002104438E+00
    2743   1.0002306104E+00
    2744   1.0004189774E+00
    2745   1.0007369475E+00
    2746   1.0011275633E+00
    2747   1.0015287170E+00
    2748   1.0018840716E+00
    2749   1.0021459280E+00
    2750   1.0022731395E+00
    2751   1.0022320009E+00
    2752   1.0020037780E+00
    2753   1.0015937479E+00
    2754   1.0010325186E+00
    2755   1.0003661517E+00
    2756   9.9964146016E-01
    2757   9.9889739282E-01
    2758   9.9816799374E-01
    2759   9.9749209556E-01
    2760   9.9691908636E-01
    2761   9.9650434127E-01
    2762   9.9629736394E-01
    2763   9.9633125246E-01
    2764   9.9661910213E-01
    2765   9.9715494221E-01
    2766   9.9791213892E-01
    2767   9.9883621565E-01
    2768   9.9983796110E-01
    2769   1.0007972999E+00
    2770   1.0015835082E+00
    2771   1.0020857953E+00
    2772   1.0022397492E+00
    2773   1.0020376669E+00
    2774   1.0015219305E+00
    2775   1.0007701177E+00
    2776   9.9988104456E-01
    2777   9.9896362870E-01
    2778   9.9812408488E-01
    2779   9.9744843405E-01
    2780   9.9698468369E-01
    2781   9.9673379115E-01
    2782   9.9665547469E-01
    2783   9.9668581707E-01
    2784   9.9675623706E-01
    2785   9.9680444914E-01
    2786   9.9677655571E-01
    2787   9.9662696418E-01
    2788   9.9632309444E-01
    2789   9.9585477254E-01
    2790   9.9524107970E-01
    2791   9.9452749764E-01
    2792   9.9377368085E-01
    2793   9.9303580447E-01
    2794   9.9236259750E-01
    2795   9.9181903275E-01
    2796   9.9141293057E-01
    2797   9.9117215977E-01
    2798   9.9110103181E-01
    2799   9.9118142322E-01
    2800   9.9137773852E-01
    2801   9.9164877940E-01
    2802   9.9195996823E-01
    2803   9.9228769277E-01
    2804   9.9261407344E-01
    2805   9.9291791809E-01
    2806   9.9316988200E-01
    2807   9.9333515284E-01
    2808   9.9338000068E-01
    2809   9.9327588883E-01
    2810   9.9299917662E-01
    2811   9.9253031514E-01
    2812   9.9185793731E-01
    2813   9.9098850113E-01
    2814   9.8995548726E-01
    2815   9.8882018763E-01
    2816   9.8766157128E-01
    2817   9.8656024607E-01
    2818   9.8558482572E-01
    2819   9.8478566987E-01
    2820   9.8417703178E-01
    2821   9.8377606917E-01
    2822   9.8366336059E-01
    2823   9.8369028534E-01
    2824   9.8384040256E-01
    2825   9.8405333943E-01
    2826   9.8427199980E-01
    2827   9.8445715724E-01
    2828   9.8459049867E-01
    2829   9.8466932802E-01
    2830   9.8469863253E-01
    2831   9.8468633987E-01
    2832   9.8464309649E-01
    2833   9.8458329246E-01
    2834   9.8452362184E-01
    2835   9.8447903823E-01
    2836   9.8444583852E-01
    2837   9.8442414256E-01
    2838   9.8450474916E-01
    2839   9.8457774140E-01
    2840   9.8467212775E-01
    2841   9.8477690990E-01
    2842   9.8486543467E-01
    2843   9.8490390350E-01
    2844   9.8486309120E-01
    2845   9.8473087641E-01
    2846   9.8451858014E-01
    2847   9.8425833647E-01
    2848   9.8399418445E-01
    2849   9.8377188548E-01
    2850   9.8363062336E-01
    2851   9.8359631316E-01
    2852   9.8366481058E-01
    2853   9.8379935410E-01
    2854   9.8406401728E-01
    2855   9.8427373337E-01
    2856   9.8439299263E-01
    2857   9.8437833103E-01
    2858   9.8420962178E-01
    2859   9.8390037334E-01
    2860   9.8349246114E-01
    2861   9.8304610053E-01
    2862   9.8262913207E-01
    2863   9.8230705837E-01
    2864   9.8213329223E-01
    2865   9.8213973639E-01
    2866   9.8232997585E-01
    2867   9.8267045264E-01
    2868   9.8308300563E-01
    2869   9.8362982526E-01
    2870   9.8411804649E-01
    2871   9.8451503983E-01
    2872   9.8478705805E-01
    2873   9.8490841968E-01
    2874   9.8487663829E-01
    2875   9.8471499575E-01
    2876   9.8447072952E-01
    2877   9.8420770659E-01
    2878   9.8399551733E-01
    2879   9.8389866837E-01
    2880   9.8396862185E-01
    2881   9.8423879735E-01
    2882   9.8472068620E-01
    2883   9.8539827696E-01
    2884   9.8620293631E-01
    2885   9.8714037738E-01
    2886   9.8805510723E-01
    2887   9.8884862508E-01
    2888   9.8945493479E-01
    2889   9.8982600582E-01
    2890   9.8995555870E-01
    2891   9.8988055220E-01
    2892   9.8967430185E-01
    2893   9.8943226966E-01
    2894   9.8925245996E-01
    2895   9.8921386043E-01
    2896   9.8935819389E-01
    2897   9.8968056634E-01
    2898   9.9013213052E-01
    2899   9.9063354221E-01
    2900   9.9109410348E-01
    2901   9.9143016175E-01
    2902   9.9157810351E-01
    2903   9.9150059996E-01
    2904   9.9118715630E-01
    2905   9.9065067315E-01
    2906   9.8992150372E-01
    2907   9.8904046623E-01
    2908   9.8803987663E-01
    2909   9.8696888007E-01
    2910   9.8592965233E-01
    2911   9.8490433339E-01
    2912   9.8396609796E-01
    2913   9.8316667723E-01
    2914   9.8254914916E-01
    2915   9.8214210678E-01
    2916   9.8195498456E-01
    2917   9.8197680478E-01
    2918   9.8217787662E-01
    2919   9.8251351748E-01
    2920   9.8292947010E-01
    2921   9.8336937694E-01
    2922   9.8378420416E-01
    2923   9.8413372549E-01
    2924   9.8438917338E-01
    2925   9.8467185312E-01
    2926   9.8490794194E-01
    2927   9.8516766007E-01
    2928   9.8549902983E-01
    2929   9.8592915089E-01
    2930   9.8646490314E-01
    2931   9.8709111639E-01
    2932   9.8777360153E-01
    2933   9.8846621411E-01
    2934   9.8911996787E-01
    2935   9.8969124003E-01
    2936   9.9014630966E-01
    2937   9.9046121393E-01
    2938   9.9061833178E-01
    2939   9.9060271278E-01
    2940   9.9040097141E-01
    2941   9.9000371530E-01
    2942   9.8941033748E-01
    2943   9.8863404765E-01
    2944   9.8769929957E-01
    2945   9.8663405182E-01
    2946   9.8558817888E-01
    2947   9.8456868094E-01
    2948   9.8367443572E-01
    2949   9.8299143014E-01
    2950   9.8258362512E-01
    2951   9.8248720568E-01
    2952   9.8270311392E-01
    2953   9.8319446905E-01
    2954   9.8388905622E-01
    2955   9.8468634824E-01
    2956   9.8546843961E-01
    2957   9.8611428673E-01
    2958   9.8651610674E-01
    2959   9.8659556806E-01
    2960   9.8631572752E-01
    2961   9.8565284094E-01
    2962   9.8473787402E-01
    2963   9.8363149762E-01
    2964   9.8241566280E-01
    2965   9.8122581927E-01
    2966   9.8017179575E-01
    2967   9.7934696736E-01
    2968   9.7882134656E-01
    2969   9.7863761848E-01
    2970   9.7881020607E-01
    2971   9.7932698202E-01
    2972   9.8015247234E-01
    2973   9.8123106182E-01
    2974   9.8246056653E-01
    2975   9.8381262903E-01
    2976   9.8519484017E-01
    2977   9.8642114726E-01
    2978   9.8743952790E-01
    2979   9.8817309174E-01
    2980   9.8857236284E-01
    2981   9.8862156984E-01
    2982   9.8834104522E-01
    2983   9.8778568304E-01
    2984   9.8703889580E-01
    2985   9.8620160392E-01
    2986   9.8537717777E-01
    2987   9.8465536812E-01
    2988   9.8409935304E-01
    2989   9.8373914185E-01
    2990   9.8357219889E-01
    2991   9.8356981053E-01
    2992   9.8365163423E-01
    2993   9.8384576423E-01
    2994   9.8409079152E-01
    2995   9.8430376442E-01
    2996   9.8451085480E-01
    2997   9.8472684348E-01
    2998   9.8497787365E-01
    2999   9.8528892865E-01
    3000   9.8567195258E-01
    3001   9.8611854118E-01
    3002   9.8659851579E-01
    3003   9.8706326095E-01
    3004   9.8745201835E-01
    3005   9.8770030235E-01
    3006   9.8775041241E-01
    3007   9.8756323367E-01
    3008   9.8712851598E-01
    3009   9.8646921830E-01
    3010   9.8560439207E-01
    3011   9.8468458125E-01
    3012   9.8376300722E-01
    3013   9.8288274712E-01
    3014   9.8212536201E-01
    3015   9.8153665238E-01
    3016   9.8114596064E-01
    3017   9.8096789493E-01
    3018   9.8100604475E-01
    3019   9.8125865941E-01
    3020   9.8172479241E-01
    3021   9.8240792434E-01
    3022   9.8331420517E-01
    3023   9.8444463704E-01
    3024   9.8577957013E-01
    3025   9.8726576068E-01
    3026   9.8889442864E-01
    3027   9.9048559146E-01
    3028   9.9194039295E-01
    3029   9.9314622635E-01
    3030   9.9400455986E-01
    3031   9.9445754185E-01
    3032   9.9450394575E-01
    3033   9.9420545938E-01
    3034   9.9367971691E-01
    3035   9.9308052784E-01
    3036   9.9257041641E-01
    3037   9.9229297052E-01
    3038   9.9235121633E-01
    3039   9.9279473151E-01
    3040   9.9361521902E-01
    3041   9.9474933705E-01
    3042   9.9608834672E-01
    3043   9.9749468232E-01
    3044   9.9882424635E-01
    3045   9.9995062153E-01
    3046   1.0007856084E+00
    3047   1.0012912827E+00
    3048   1.0014818595E+00
    3049   1.0014167716E+00
    3050   1.0011873724E+00
    3051   1.0008989189E+00
    3052   1.0006491399E+00
    3053   1.0005061910E+00
    3054   1.0004912801E+00
    3055   1.0005721851E+00
    3056   1.0006713726E+00
    3057   1.0006871708E+00
    3058   1.0005214389E+00
    3059   1.0001051904E+00
    3060   9.9941537704E-01
    3061   9.9847993668E-01
    3062   9.9737165275E-01
    3063   9.9619328647E-01
    3064   9.9505751178E-01
    3065   9.9406623869E-01
    3066   9.9329453768E-01
    3067   9.9278349185E-01
    3068   9.9254318926E-01
    3069   9.9256293397E-01
    3070   9.9282296535E-01
    3071   9.9330227915E-01
    3072   9.9398017466E-01
    3073   9.9483289372E-01
    3074   9.9582872130E-01
    3075   9.9692443502E-01
    3076   9.9806438091E-01
    3077   9.9918255925E-01
    3078   1.0002083212E+00
    3079   1.0010764869E+00
    3080   1.0017412379E+00
    3081   1.0021900839E+00
    3082   1.0024518578E+00
    3083   1.0025935411E+00
    3084   1.0027049148E+00
    3085   1.0028752427E+00
    3086   1.0031691290E+00
    3087   1.0036080461E+00
    3088   1.0041612200E+00
    3089   1.0047470167E+00
    3090   1.0052446952E+00
    3091   1.0055156724E+00
    3092   1.0054317379E+00
    3093   1.0049047247E+00
    3094   1.0039098527E+00
    3095   1.0024957134E+00
    3096   1.0007780796E+00
    3097   9.9892028197E-01
    3098   9.9710659726E-01
    3099   9.9551521554E-01
    3100   9.9429500723E-01
    3101   9.9354794956E-01
    3102   9.9331812442E-01
    3103   9.9358840234E-01
    3104   9.9428592596E-01
    3105   9.9529618110E-01
    3106   9.9648318611E-01
    3107   9.9771152510E-01
    3108   9.9886585786E-01
    3109   9.9986518515E-01
    3110   1.0006711934E+00
    3111   1.0012908077E+00
    3112   1.0017725227E+00
    3113   1.0021955652E+00
    3114   1.0026520042E+00
    3115   1.0032245201E+00
    3116   1.0039651446E+00
    3117   1.0048808508E+00
    3118   1.0059298587E+00
    3119   1.0070291364E+00
    3120   1.0080706440E+00
    3121   1.0089423991E+00
    3122   1.0095502760E+00
    3123   1.0098364847E+00
    3124   1.0097906190E+00
    3125   1.0094499035E+00
    3126   1.0088878191E+00
    3127   1.0081942021E+00
    3128   1.0074532833E+00
    3129   1.0067265982E+00
    3130   1.0060448791E+00
    3131   1.0054088839E+00
    3132   1.0047963356E+00
    3133   1.0041719140E+00
    3134   1.0034987147E+00
    3135   1.0027505116E+00
    3136   1.0019233473E+00
    3137   1.0010433100E+00
    3138   1.0001669524E+00
    3139   9.9937280014E-01
    3140   9.9874599671E-01
    3141   9.9836083628E-01
    3142   9.9826602256E-01
    3143   9.9847536788E-01
    3144   9.9896432454E-01
    3145   9.9967185076E-01
    3146   1.0005076777E+00
    3147   1.0013653808E+00
    3148   1.0021402440E+00
    3149   1.0027480534E+00
    3150   1.0031388816E+00
    3151   1.0033008780E+00
    3152   1.0032532529E+00
    3153   1.0030325030E+00
    3154   1.0026781806E+00
    3155   1.0022230518E+00
    3156   1.0016890287E+00
    3157   1.0010876515E+00
    3158   1.0004235635E+00
    3159   9.9970041924E-01
    3160   9.9892883971E-01
    3161   9.9813470182E-01
    3162   9.9736450534E-01
    3163   9.9668481325E-01
    3164   9.9617528492E-01
    3165   9.9591787940E-01
    3166   9.9598583290E-01
    3167   9.9643436224E-01
    3168   9.9729247388E-01
    3169   9.9855443024E-01
    3170   1.0001713523E+00
    3171   1.0020465425E+00
    3172   1.0040393049E+00
    3173   1.0059796159E+00
    3174   1.0076911137E+00
    3175   1.0090159070E+00
    3176   1.0098348321E+00
    3177   1.0100925626E+00
    3178   1.0097325597E+00
    3179   1.0088161663E+00
    3180   1.0074352148E+00
    3181   1.0056906884E+00
    3182   1.0037042696E+00
    3183   1.0015925152E+00
    3184   9.9945592199E-01
    3185   9.9737679736E-01
    3186   9.9542392861E-01
    3187   9.9365877046E-01
    3188   9.9213848990E-01
    3189   9.9091428363E-01
    3190   9.9001265261E-01
    3191   9.8950997111E-01
    3192   9.8940439679E-01
    3193   9.8969212991E-01
    3194   9.9037111512E-01
    3195   9.9140807897E-01
    3196   9.9274213478E-01
    3197   9.9428604569E-01
    3198   9.9593429555E-01
    3199   9.9757526910E-01
    3200   9.9910291883E-01
    3201   1.0004248486E+00
    3202   1.0014672452E+00
    3203   1.0021791939E+00
    3204   1.0025377723E+00
    3205   1.0025522654E+00
    3206   1.0022642282E+00
    3207   1.0017418345E+00
    3208   1.0010704486E+00
    3209   1.0003431462E+00
    3210   9.9965325242E-01
    3211   9.9908760632E-01
    3212   9.9871776765E-01
    3213   9.9858854243E-01
    3214   9.9870719870E-01
    3215   9.9903881923E-01
    3216   9.9951130603E-01
    3217   1.0000289731E+00
    3218   1.0004900764E+00
    3219   1.0008036190E+00
    3220   1.0009035526E+00
    3221   1.0007606738E+00
    3222   1.0003916223E+00
    3223   9.9986152930E-01
    3224   9.9927578755E-01
    3225   9.9875972175E-01
    3226   9.9843100417E-01
    3227   9.9837388492E-01
    3228   9.9862335019E-01
    3229   9.9916204252E-01
    3230   9.9992731391E-01
    3231   1.0008238180E+00
    3232   1.0017387659E+00
    3233   1.0025593420E+00
    3234   1.0031916225E+00
    3235   1.0035775240E+00
    3236   1.0037040532E+00
    3237   1.0036008346E+00
    3238   1.0033274089E+00
    3239   1.0029569961E+00
    3240   1.0025639530E+00
    3241   1.0022176804E+00
    3242   1.0019802768E+00
    3243   1.0019034856E+00
    3244   1.0020234394E+00
    3245   1.0023559571E+00
    3246   1.0028963172E+00
    3247   1.0036243062E+00
    3248   1.0045109523E+00
    3249   1.0055220354E+00
    3250   1.0066169119E+00
    3251   1.0077562657E+00
    3252   1.0088542639E+00
    3253   1.0098516201E+00
    3254   1.0106909051E+00
    3255   1.0113060477E+00
    3256   1.0116421936E+00
    3257   1.0116522096E+00
    3258   1.0113036802E+00
    3259   1.0105917560E+00
    3260   1.0095516745E+00
    3261   1.0082625702E+00
    3262   1.0068386402E+00
    3263   1.0054109970E+00
    3264   1.0041074449E+00
    3265   1.0030354418E+00
    3266   1.0022688207E+00
    3267   1.0018367179E+00
    3268   1.0017155251E+00
    3269   1.0018284552E+00
    3270   1.0020576297E+00
    3271   1.0022686374E+00
    3272   1.0023404698E+00
    3273   1.0021902734E+00
    3274   1.0017855006E+00
    3275   1.0011432390E+00
    3276   1.0003219507E+00
    3277   9.9941082638E-01
    3278   9.9851815183E-01
    3279   9.9775734620E-01
    3280   9.9723064141E-01
    3281   9.9701394158E-01
    3282   9.9714801240E-01
    3283   9.9763853410E-01
    3284   9.9846265659E-01
    3285   9.9957671218E-01
    3286   1.0009212181E+00
    3287   1.0024236209E+00
    3288   1.0040021800E+00
    3289   1.0055730173E+00
    3290   1.0070580181E+00
    3291   1.0083885445E+00
    3292   1.0095022854E+00
    3293   1.0103365577E+00
    3294   1.0108256056E+00
    3295   1.0109075414E+00
    3296   1.0105395815E+00
    3297   1.0097139211E+00
    3298   1.0084662246E+00
    3299   1.0068740876E+00
    3300   1.0050487081E+00
    3301   1.0031244187E+00
    3302   1.0012476546E+00
    3303   9.9956379695E-01
    3304   9.9820105718E-01
    3305   9.9725439499E-01
    3306   9.9677510464E-01
    3307   9.9676988581E-01
    3308   9.9720801424E-01
    3309   9.9803099800E-01
    3310   9.9915946506E-01
    3311   1.0004965444E+00
    3312   1.0019315796E+00
    3313   1.0033484916E+00
    3314   1.0046389832E+00
    3315   1.0057158528E+00
    3316   1.0065250652E+00
    3317   1.0070322789E+00
    3318   1.0072209314E+00
    3319   1.0071286632E+00
    3320   1.0067906499E+00
    3321   1.0062714506E+00
    3322   1.0056547882E+00
    3323   1.0050337315E+00
    3324   1.0044989002E+00
    3325   1.0041292412E+00
    3326   1.0039871134E+00
    3327   1.0041153946E+00
    3328   1.0045333341E+00
    3329   1.0052309163E+00
    3330   1.0061654773E+00
    3331   1.0072651314E+00
    3332   1.0084398809E+00
    3333   1.0095960925E+00
    3334   1.0106479556E+00
    3335   1.0115226273E+00
    3336   1.0121612328E+00
    3337   1.0125207136E+00
    3338   1.0125791225E+00
    3339   1.0123418054E+00
    3340   1.0118431118E+00
    3341   1.0111405996E+00
    3342   1.0103038314E+00
    3343   1.0094029469E+00
    3344   1.0085006367E+00
    3345   1.0076470832E+00
    3346   1.0068753248E+00
    3347   1.0061971977E+00
    3348   1.0056022646E+00
    3349   1.0050456142E+00
    3350   1.0045019488E+00
    3351   1.0039358773E+00
    3352   1.0033312675E+00
    3353   1.0026907185E+00
    3354   1.0020275353E+00
    3355   1.0013572347E+00
    3356   1.0006923302E+00
    3357   1.0000413004E+00
    3358   9.9940940875E-01
    3359   9.9879927083E-01
    3360   9.9821160198E-01
    3361   9.9764804782E-01
    3362   9.9711639436E-01
    3363   9.9663521540E-01
    3364   9.9623361490E-01
    3365   9.9594414602E-01
    3366   9.9579090677E-01
    3367   9.9577992209E-01
    3368   9.9590472671E-01
    3369   9.9612414614E-01
    3370   9.9639500186E-01
    3371   9.9666661961E-01
    3372   9.9688759638E-01
    3373   9.9701319404E-01
    3374   9.9701445596E-01
    3375   9.9688737048E-01
    3376   9.9665741617E-01
    3377   9.9637586081E-01
    3378   9.9610844154E-01
    3379   9.9592116935E-01
    3380   9.9586867315E-01
    3381   9.9598749873E-01
    3382   9.9629303882E-01
    3383   9.9677757166E-01
    3384   9.9740883198E-01
    3385   9.9813123191E-01
    3386   9.9887227731E-01
    3387   9.9955412269E-01
    3388   1.0001067933E+00
    3389   1.0004785533E+00
    3390   1.0006411883E+00
    3391   1.0005913934E+00
    3392   1.0003507197E+00
    3393   9.9996460862E-01
    3394   9.9949823803E-01
    3395   9.9902664533E-01
    3396   9.9861981552E-01
    3397   9.9832753137E-01
    3398   9.9817008011E-01
    3399   9.9813807948E-01
    3400   9.9819993963E-01
    3401   9.9831247833E-01
    3402   9.9843077881E-01
    3403   9.9851607161E-01
    3404   9.9854219065E-01
    3405   9.9850039999E-01
    3406   9.9840047866E-01
    3407   9.9826576604E-01
    3408   9.9812267475E-01
    3409   9.9798903722E-01
    3410   9.9786714537E-01
    3411   9.9774481905E-01
    3412   9.9760304770E-01
    3413   9.9742538117E-01
    3414   9.9720465726E-01
    3415   9.9694584477E-01
    3416   9.9666653875E-01
    3417   9.9639661735E-01
    3418   9.9617640088E-01
    3419   9.9605117532E-01
    3420   9.9606126373E-01
    3421   9.9623015252E-01
    3422   9.9655559721E-01
    3423   9.9700784595E-01
    3424   9.9753556875E-01
    3425   9.9807649020E-01
    3426   9.9856869217E-01
    3427   9.9896022756E-01
    3428   9.9921687419E-01
    3429   9.9932824805E-01
    3430   9.9931101824E-01
    3431   9.9920678192E-01
    3432   9.9907340207E-01
    3433   9.9897193225E-01
    3434   9.9895398238E-01
    3435   9.9905403723E-01
    3436   9.9928797029E-01
    3437   9.9965542629E-01
    3438   1.0001426777E+00
    3439   1.0007244088E+00
    3440   1.0013654841E+00
    3441   1.0020244802E+00
    3442   1.0026590158E+00
    3443   1.0032306173E+00
    3444   1.0037065851E+00
    3445   1.0040586204E+00
    3446   1.0042607911E+00
    3447   1.0042900374E+00
    3448   1.0041301509E+00
    3449   1.0037770502E+00
    3450   1.0032420654E+00
    3451   1.0025517090E+00
    3452   1.0017451715E+00
    3453   1.0008718115E+00
    3454   9.9998938653E-01
    3455   9.9916144441E-01
    3456   9.9845174779E-01
    3457   9.9791559529E-01
    3458   9.9759070069E-01
    3459   9.9749134019E-01
    3460   9.9760784552E-01
    3461   9.9791063747E-01
    3462   9.9835626471E-01
    3463   9.9889349699E-01
    3464   9.9946935014E-01
    3465   1.0000358323E+00
    3466   1.0005570928E+00
    3467   1.0010146438E+00
    3468   1.0014077066E+00
    3469   1.0017477426E+00
    3470   1.0020495946E+00
    3471   1.0023236885E+00
    3472   1.0025727536E+00
    3473   1.0027933779E+00
    3474   1.0029800057E+00
    3475   1.0031286615E+00
    3476   1.0032393535E+00
    3477   1.0033177008E+00
    3478   1.0033762236E+00
    3479   1.0034343601E+00
    3480   1.0035155672E+00
    3481   1.0036411377E+00
    3482   1.0038228617E+00
    3483   1.0040581221E+00
    3484   1.0043299004E+00
    3485   1.0046112136E+00
    3486   1.0048710816E+00
    3487   1.0050791849E+00
    3488   1.0052085550E+00
    3489   1.0052377592E+00
    3490   1.0051540574E+00
    3491   1.0049570621E+00
    3492   1.0046605635E+00
    3493   1.0042903848E+00
    3494   1.0038783724E+00
    3495   1.0034549480E+00
    3496   1.0030430969E+00
    3497   1.0026551366E+00
    3498   1.0022918035E+00
    3499   1.0019428076E+00
    3500   1.0015890552E+00
    3501   1.0012076542E+00
    3502   1.0007801146E+00
    3503   1.0003020466E+00
    3504   9.9979092625E-01
    3505   9.9928880739E-01
    3506   9.9885911392E-01
    3507   9.9857902555E-01
    3508   9.9852967545E-01
    3509   9.9878531421E-01
    3510   9.9940136572E-01
    3511   1.0004015629E+00
    3512   1.0017661761E+00
    3513   1.0034254456E+00
    3514   1.0052683531E+00
    3515   1.0071261444E+00
    3516   1.0088285724E+00
    3517   1.0102151405E+00
    3518   1.0111517940E+00
    3519   1.0115578144E+00
    3520   1.0114165611E+00
    3521   1.0107785861E+00
    3522   1.0097537063E+00
    3523   1.0084924895E+00
    3524   1.0071610202E+00
    3525   1.0059154158E+00
    3526   1.0048823322E+00
    3527   1.0041485828E+00
    3528   1.0037590937E+00
    3529   1.0037201580E+00
    3530   1.0040051869E+00
    3531   1.0045617102E+00
    3532   1.0053193803E+00
    3533   1.0061983093E+00
    3534   1.0071161064E+00
    3535   1.0079920495E+00
    3536   1.0087485543E+00
    3537   1.0093123162E+00
    3538   1.0096181981E+00
    3539   1.0096171805E+00
    3540   1.0092866379E+00
    3541   1.0086391683E+00
    3542   1.0077265806E+00
    3543   1.0066377496E+00
    3544   1.0054909567E+00
    3545   1.0044218081E+00
    3546   1.0035674390E+00
    3547   1.0030479033E+00
    3548   1.0029470259E+00
    3549   1.0032977733E+00
    3550   1.0040726151E+00
    3551   1.0051775433E+00
    3552   1.0064804154E+00
    3553   1.0078109690E+00
    3554   1.0089911658E+00
    3555   1.0098578098E+00
    3556   1.0102857869E+00
    3557   1.0102073608E+00
    3558   1.0096229397E+00
    3559   1.0085995722E+00
    3560   1.0072566458E+00
    3561   1.0057425403E+00
    3562   1.0042087499E+00
    3563   1.0027876886E+00
    3564   1.0015777188E+00
    3565   1.0006360374E+00
    3566   9.9997853163E-01
    3567   9.9958558656E-01
    3568   9.9941288422E-01
    3569   9.9940547912E-01
    3570   9.9951210953E-01
    3571   9.9969601187E-01
    3572   9.9993943352E-01
    3573   1.0002413465E+00
    3574   1.0006102065E+00
    3575   1.0010546712E+00
    3576   1.0015748129E+00
    3577   1.0021554815E+00
    3578   1.0027630664E+00
    3579   1.0033469813E+00
    3580   1.0038468477E+00
    3581   1.0042047685E+00
    3582   1.0043796722E+00
    3583   1.0043590238E+00
    3584   1.0041636611E+00
    3585   1.0038441314E+00
    3586   1.0034700822E+00
    3587   1.0031161777E+00
    3588   1.0028480177E+00
    3589   1.0027105154E+00
    3590   1.0027203603E+00
    3591   1.0028639198E+00
    3592   1.0031014921E+00
    3593   1.0033774188E+00
    3594   1.0036334144E+00
    3595   1.0038209137E+00
    3596   1.0039086207E+00
    3597   1.0038838170E+00
    3598   1.0037488667E+00
    3599   1.0035158926E+00
    3600   1.0032020453E+00
    3601   1.0028261003E+00
    3602   1.0024058934E+00
    3603   1.0019561760E+00
    3604   1.0014873060E+00
    3605   1.0010056078E+00
    3606   1.0005156117E+00
    3607   1.0000232473E+00
    3608   9.9953845900E-01
    3609   9.9907616881E-01
    3610   9.9865554305E-01
    3611   9.9829819538E-01
    3612   9.9802578082E-01
    3613   9.9785686833E-01
    3614   9.9780288574E-01
    3615   9.9786367330E-01
    3616   9.9802420108E-01
    3617   9.9825430603E-01
    3618   9.9851236406E-01
    3619   9.9875211716E-01
    3620   9.9893055061E-01
    3621   9.9901458458E-01
    3622   9.9898528526E-01
    3623   9.9883943789E-01
    3624   9.9858886338E-01
    3625   9.9825777627E-01
    3626   9.9787840671E-01
    3627   9.9748552599E-01
    3628   9.9711118656E-01
    3629   9.9678116762E-01
    3630   9.9651384570E-01
    3631   9.9632087880E-01
    3632   9.9620820448E-01
    3633   9.9617612929E-01
    3634   9.9621851699E-01
    3635   9.9632226635E-01
    3636   9.9646845858E-01
    3637   9.9663562972E-01
    3638   9.9680436028E-01
    3639   9.9696173753E-01
    3640   9.9710457030E-01
    3641   9.9724102869E-01
    3642   9.9739084908E-01
    3643   9.9758405508E-01
    3644   9.9785770689E-01
    3645   9.9825022078E-01
    3646   9.9879358521E-01
    3647   9.9950492064E-01
    3648   1.0003795188E+00
    3649   1.0013872941E+00
    3650   1.0024736728E+00
    3651   1.0035649279E+00
    3652   1.0045772594E+00
    3653   1.0054284703E+00
    3654   1.0060505751E+00
    3655   1.0064010508E+00
    3656   1.0064701139E+00
    3657   1.0062819998E+00
    3658   1.0058898092E+00
    3659   1.0053653869E+00
    3660   1.0047869182E+00
    3661   1.0042269308E+00
    3662   1.0037425344E+00
    3663   1.0033688265E+00
    3664   1.0031159521E+00
    3665   1.0029701312E+00
    3666   1.0028985563E+00
    3667   1.0028571709E+00
    3668   1.0027994213E+00
    3669   1.0026838400E+00
    3670   1.0024791008E+00
    3671   1.0021665006E+00
    3672   1.0017407650E+00
    3673   1.0012100442E+00
    3674   1.0005952236E+00
    3675   9.9992802703E-01
    3676   9.9924751488E-01
    3677   9.9859534926E-01
    3678   9.9801092958E-01
    3679   9.9752756278E-01
    3680   9.9717021024E-01
    3681   9.9695459876E-01
    3682   9.9688716388E-01
    3683   9.9696548849E-01
    3684   9.9717922234E-01
    3685   9.9751150605E-01
    3686   9.9794064421E-01
    3687   9.9844154721E-01
    3688   9.9898665913E-01
    3689   9.9954665275E-01
    3690   1.0000916271E+00
    3691   1.0005934328E+00
    3692   1.0010290630E+00
    3693   1.0013842854E+00
    3694   1.0016564185E+00
    3695   1.0018554747E+00
    3696   1.0020034264E+00
    3697   1.0021316063E+00
    3698   1.0022762028E+00
    3699   1.0024718715E+00
    3700   1.0027440697E+00
    3701   1.0031016966E+00
    3702   1.0035322863E+00
    3703   1.0040016760E+00
    3704   1.0044587104E+00
    3705   1.0048438753E+00
    3706   1.0050997221E+00
    3707   1.0051809526E+00
    3708   1.0050626934E+00
    3709   1.0047460247E+00
    3710   1.0042598874E+00
    3711   1.0036584402E+00
    3712   1.0030134676E+00
    3713   1.0024027420E+00
    3714   1.0018967429E+00
    3715   1.0015469293E+00
    3716   1.0013764929E+00
    3717   1.0013803832E+00
    3718   1.0015249978E+00
    3719   1.0017563052E+00
    3720   1.0020101423E+00
    3721   1.0022241598E+00
    3722   1.0023494121E+00
    3723   1.0023587062E+00
    3724   1.0022494568E+00
    3725   1.0020404066E+00
    3726   1.0017636360E+00
    3727   1.0014547173E+00
    3728   1.0011440070E+00
    3729   1.0008511019E+00
    3730   1.0005831804E+00
    3731   1.0003369239E+00
    3732   1.0001030654E+00
    3733   9.9987210524E-01
    3734   9.9963932599E-01
    3735   9.9940725398E-01
    3736   9.9918455727E-01
    3737   9.9898190934E-01
    3738   9.9880682387E-01
    3739   9.9865993368E-01
    3740   9.9853431426E-01
    3741   9.9841779669E-01
    3742   9.9829685853E-01
    3743   9.9816038532E-01
    3744   9.9800228205E-01
    3745   9.9782283348E-01
    3746   9.9762916046E-01
    3747   9.9743498067E-01
    3748   9.9725955045E-01
    3749   9.9712476458E-01
    3750   9.9705928281E-01
    3751   9.9708560646E-01
    3752   9.9722656400E-01
    3753   9.9750316331E-01
    3754   9.9793068112E-01
    3755   9.9851545158E-01
    3756   9.9924995001E-01
    3757   1.0001082529E+00
    3758   1.0010438079E+00
    3759   1.0019909785E+00
    3760   1.0028708038E+00
    3761   1.0036003907E+00
    3762   1.0041050800E+00
    3763   1.0043315686E+00
    3764   1.0042453782E+00
    3765   1.0038649443E+00
    3766   1.0032331479E+00
    3767   1.0024184876E+00
    3768   1.0015026404E+00
    3769   1.0005660223E+00
    3770   9.9967680433E-01
    3771   9.9888458693E-01
    3772   9.9821863116E-01
    3773   9.9768933158E-01
    3774   9.9729155682E-01
    3775   9.9700904417E-01
    3776   9.9681938792E-01
    3777   9.9669765330E-01
    3778   9.9662537205E-01
    3779   9.9658717216E-01
    3780   9.9656849417E-01
    3781   9.9656323303E-01
    3782   9.9656633658E-01
    3783   9.9657476816E-01
    3784   9.9658759333E-01
    3785   9.9660605684E-01
    3786   9.9663327703E-01
    3787   9.9667377796E-01
    3788   9.9673341384E-01
    3789   9.9681996163E-01
    3790   9.9694399677E-01
    3791   9.9711921246E-01
    3792   9.9736146952E-01
    3793   9.9768642567E-01
    3794   9.9810611450E-01
    3795   9.9862502751E-01
    3796   9.9923622917E-01
    3797   9.9991816395E-01
    3798   1.0006332015E+00
    3799   1.0013292376E+00
    3800   1.0019452533E+00
    3801   1.0024204597E+00
    3802   1.0027050650E+00
    3803   1.0027697399E+00
    3804   1.0026111808E+00
    3805   1.0022525949E+00
    3806   1.0017395661E+00
    3807   1.0011327810E+00
    3808   1.0004992827E+00
    3809   9.9990367412E-01
    3810   9.9940046831E-01
    3811   9.9902863165E-01
    3812   9.9880900862E-01
    3813   9.9874460098E-01
    3814   9.9882288067E-01
    3815   9.9901896123E-01
    3816   9.9929882736E-01
    3817   9.9962263281E-01
    3818   9.9994863652E-01
    3819   1.0002381389E+00
    3820   1.0004609177E+00
    3821   1.0005998089E+00
    3822   1.0006529219E+00
    3823   1.0006326692E+00
    3824   1.0005618582E+00
    3825   1.0004679023E+00
    3826   1.0003764787E+00
    3827   1.0003058656E+00
    3828   1.0002630383E+00
    3829   1.0002424398E+00
    3830   1.0002279267E+00
    3831   1.0001975587E+00
    3832   1.0001298848E+00
    3833   1.0000097692E+00
    3834   9.9983203879E-01
    3835   9.9960225779E-01
    3836   9.9933510306E-01
    3837   9.9905145535E-01
    3838   9.9877521751E-01
    3839   9.9853037823E-01
    3840   9.9833847891E-01
    3841   9.9821663059E-01
    3842   9.9817634487E-01
    3843   9.9822334333E-01
    3844   9.9835812872E-01
    3845   9.9857674096E-01
    3846   9.9887113934E-01
    3847   9.9922910950E-01
    3848   9.9963413419E-01
    3849   1.0000658453E+00
    3850   1.0005013473E+00
    3851   1.0009171683E+00
    3852   1.0012912952E+00
    3853   1.0016048989E+00
    3854   1.0018437243E+00
    3855   1.0019992940E+00
    3856   1.0020698752E+00
    3857   1.0020608025E+00
    3858   1.0019836407E+00
    3859   1.0018540267E+00
    3860   1.0016886238E+00
    3861   1.0015020532E+00
    3862   1.0013046498E+00
    3863   1.0011015475E+00
    3864   1.0008931904E+00
    3865   1.0006771061E+00
    3866   1.0004505910E+00
    3867   1.0002137081E+00
    3868   9.9997171655E-01
    3869   9.9973598718E-01
    3870   9.9952284622E-01
    3871   9.9935056324E-01
    3872   9.9923544044E-01
    3873   9.9918822236E-01
    3874   9.9921170945E-01
    3875   9.9929985148E-01
    3876   9.9943817881E-01
    3877   9.9960540570E-01
    3878   9.9977620202E-01
    3879   9.9992508734E-01
    3880   1.0000309957E+00
    3881   1.0000815407E+00
    3882   1.0000758286E+00
    3883   1.0000250428E+00
    3884   9.9995075202E-01
    3885   9.9988150399E-01
    3886   9.9984845162E-01
    3887   9.9988061826E-01
    3888   1.0000002740E+00
    3889   1.0002189767E+00
    3890   1.0005350069E+00
    3891   1.0009328879E+00
    3892   1.0013852720E+00
    3893   1.0018568554E+00
    3894   1.0023095184E+00
    3895   1.0027077565E+00
    3896   1.0030236130E+00
    3897   1.0032404698E+00
    3898   1.0033550871E+00
    3899   1.0033773584E+00
    3900   1.0033275979E+00
    3901   1.0032318499E+00
    3902   1.0031163844E+00
    3903   1.0030034230E+00
    3904   1.0029063511E+00
    3905   1.0028279538E+00
    3906   1.0027689500E+00
    3907   1.0027194714E+00
    3908   1.0026680448E+00
    3909   1.0026033001E+00
    3910   1.0025163742E+00
    3911   1.0024023985E+00
    3912   1.0022607341E+00
    3913   1.0020941860E+00
    3914   1.0019079063E+00
    3915   1.0017087608E+00
    3916   1.0015054628E+00
    3917   1.0013090599E+00
    3918   1.0011329292E+00
    3919   1.0009916243E+00
    3920   1.0008985834E+00
    3921   1.0008633681E+00
    3922   1.0008893270E+00
    3923   1.0009723108E+00
    3924   1.0011006302E+00
    3925   1.0012561636E+00
    3926   1.0014164561E+00
    3927   1.0015576169E+00
    3928   1.0016576272E+00
    3929   1.0016994059E+00
    3930   1.0016729181E+00
    3931   1.0015759391E+00
    3932   1.0014136476E+00
    3933   1.0011976105E+00
    3934   1.0009446691E+00
    3935   1.0006758214E+00
    3936   1.0004148335E+00
    3937   1.0001863271E+00
    3938   1.0000134354E+00
    3939   9.9991545257E-01
    3940   9.9990590223E-01
    3941   9.9999115969E-01
    3942   1.0001695020E+00
    3943   1.0004305339E+00
    3944   1.0007552791E+00
    3945   1.0011174827E+00
    3946   1.0014864750E+00
    3947   1.0018313307E+00
    3948   1.0021253915E+00
    3949   1.0023499756E+00
    3950   1.0024963937E+00
    3951   1.0025659881E+00
    3952   1.0025684277E+00
    3953   1.0025187631E+00
    3954   1.0024338717E+00
    3955   1.0023290710E+00
    3956   1.0022157784E+00
    3957   1.0021009141E+00
    3958   1.0019881337E+00
    3959   1.0018801413E+00
    3960   1.0017807726E+00
    3961   1.0016956595E+00
    3962   1.0016310731E+00
    3963   1.0015915160E+00
    3964   1.0015772285E+00
    3965   1.0015827268E+00
    3966   1.0015969820E+00
    3967   1.0016052601E+00
    3968   1.0015922409E+00
    3969   1.0015457883E+00
    3970   1.0014605598E+00
    3971   1.0013404895E+00
    3972   1.0011992512E+00
    3973   1.0010582617E+00
    3974   1.0009425449E+00
    3975   1.0008754885E+00
    3976   1.0008738261E+00
    3977   1.0009439645E+00
    3978   1.0010802687E+00
    3979   1.0012654720E+00
    3980   1.0014731385E+00
    3981   1.0016719458E+00
    3982   1.0018312612E+00
    3983   1.0019269997E+00
    3984   1.0019463626E+00
    3985   1.0018901152E+00
    3986   1.0017717259E+00
    3987   1.0016136852E+00
    3988   1.0014421555E+00
    3989   1.0012813961E+00
    3990   1.0011491797E+00
    3991   1.0010539448E+00
    3992   1.0009940264E+00
    3993   1.0009589972E+00
    3994   1.0009328212E+00
    3995   1.0008980928E+00
    3996   1.0008402559E+00
    3997   1.0007506656E+00
    3998   1.0006277896E+00
    3999   1.0004765674E+00
    4000   1.0003065384E+00
    4001   1.0001295329E+00
    4002   9.9995749778E-01
    4003   9.9980072121E-01
    4004   9.9966656332E-01
    4005   9.9955881976E-01
    4006   9.9947784475E-01
    4007   9.9942139373E-01
    4008   9.9938587824E-01
    4009   9.9936758269E-01
    4010   9.9936351757E-01
    4011   9.9937188365E-01
    4012   9.9939233821E-01
    4013   9.9942621365E-01
    4014   9.9947660538E-01
    4015   9.9954806807E-01
    4016   9.9964572494E-01
    4017   9.9977386868E-01
    4018   9.9993439112E-01
    4019   1.0001254430E+00
    4020   1.0003405992E+00
    4021   1.0005686597E+00
    4022   1.0007941775E+00
    4023   1.0009988403E+00
    4024   1.0011637482E+00
    4025   1.0012723476E+00
    4026   1.0013133959E+00
    4027   1.0012831211E+00
    4028   1.0011859100E+00
    4029   1.0010333576E+00
    4030   1.0008420507E+00
    4031   1.0006307659E+00
    4032   1.0004177310E+00
    4033   1.0002183906E+00
    4034   1.0000439092E+00
    4035   9.9990054160E-01
    4036   9.9978991021E-01
    4037   9.9971006992E-01
    4038   9.9965703344E-01
    4039   9.9962630479E-01
    4040   9.9961405205E-01
    4041   9.9961780099E-01
    4042   9.9963677247E-01
    4043   9.9967204197E-01
    4044   9.9972656030E-01
    4045   9.9980489752E-01
    4046   9.9991254530E-01
    4047   1.0000547870E+00
    4048   1.0002353948E+00
    4049   1.0004555595E+00
    4050   1.0007134140E+00
    4051   1.0010043356E+00
    4052   1.0013220059E+00
    4053   1.0016600298E+00
    4054   1.0020137268E+00
    4055   1.0023814998E+00
    4056   1.0027650610E+00
    4057   1.0031679390E+00
    4058   1.0035922155E+00
    4059   1.0040342222E+00
    4060   1.0044806250E+00
    4061   1.0049065296E+00
    4062   1.0052768038E+00
    4063   1.0055508487E+00
    4064   1.0056899464E+00
    4065   1.0056654554E+00
    4066   1.0054657860E+00
    4067   1.0051003302E+00
    4068   1.0045992876E+00
    4069   1.0040093853E+00
    4070   1.0033865677E+00
    4071   1.0027874487E+00
    4072   1.0022614619E+00
    4073   1.0018451658E+00
    4074   1.0015593512E+00
    4075   1.0014088108E+00
    4076   1.0013841889E+00
    4077   1.0014652605E+00
    4078   1.0016251300E+00
    4079   1.0018349349E+00
    4080   1.0020685631E+00
    4081   1.0023067042E+00
    4082   1.0025394303E+00
    4083   1.0027666102E+00
    4084   1.0029962516E+00
    4085   1.0032405033E+00
    4086   1.0035036445E+00
    4087   1.0037912309E+00
    4088   1.0040918207E+00
    4089   1.0043818325E+00
    4090   1.0046277065E+00
    4091   1.0047915056E+00
    4092   1.0048387513E+00
    4093   1.0047461881E+00
    4094   1.0045073543E+00
    4095   1.0041344693E+00
    4096   1.0036562581E+00
    4097   1.0031124953E+00
    4098   1.0025468594E+00
    4099   1.0019999172E+00
    4100   1.0015037389E+00
    4101   1.0010789862E+00
    4102   1.0007345692E+00
    4103   1.0004693650E+00
    4104   1.0002751402E+00
    4105   1.0001397700E+00
    4106   1.0000500345E+00
    4107   9.9999359853E-01
    4108   9.9996010865E-01
    4109   9.9994156801E-01
    4110   9.9993223602E-01
    4111   9.9992827718E-01
    4112   9.9992731666E-01
    4113   9.9992800384E-01
    4114   9.9992965328E-01
    4115   9.9993200880E-01
    4116   9.9993514573E-01
    4117   9.9993949103E-01
    4118   9.9994591972E-01
    4119   9.9995588546E-01
    4120   9.9997155233E-01
    4121   9.9999589015E-01
    4122   1.0000326702E+00
    4123   1.0000862704E+00
    4124   1.0001612005E+00
    4125   1.0002613118E+00
    4126   1.0003887545E+00
    4127   1.0005428544E+00
    4128   1.0007191736E+00
    4129   1.0009090508E+00
    4130   1.0010998892E+00
    4131   1.0012763360E+00
    4132   1.0014223085E+00
    4133   1.0015235812E+00
    4134   1.0015704462E+00
    4135   1.0015598734E+00
    4136   1.0014966824E+00
    4137   1.0013934736E+00
    4138   1.0012693654E+00
    4139   1.0011478175E+00
    4140   1.0010539262E+00
    4141   1.0010115424E+00
    4142   1.0010404544E+00
    4143   1.0011537966E+00
    4144   1.0013558303E+00
    4145   1.0016403262E+00
    4146   1.0019898862E+00
    4147   1.0023765997E+00
    4148   1.0027643524E+00
    4149   1.0031128363E+00
    4150   1.0033828870E+00
    4151   1.0035423056E+00
    4152   1.0035709973E+00
    4153   1.0034642358E+00
    4154   1.0032332226E+00
    4155   1.0029027671E+00
    4156   1.0025066528E+00
    4157   1.0020818219E+00
    4158   1.0016627179E+00
    4159   1.0012769316E+00
    4160   1.0009428128E+00
    4161   1.0006691301E+00
    4162   1.0004563770E+00
    4163   1.0002990529E+00
    4164   1.0001882124E+00
    4165   1.0001137290E+00
    4166   1.0000659547E+00
    4167   1.0000366930E+00
    4168   1.0000195737E+00
    4169   1.0000100066E+00
    4170   1.0000048997E+00
    4171   1.0000022964E+00
    4172   1.0000010295E+00
    4173   1.0000004412E+00
    4174   1.0000001805E+00
    4175   1.0000000705E+00
    4176   1.0000000262E+00
    4177   1.0000000093E+00
    4178   1.0000000031E+00
    4179   1.0000000010E+00
    4180   1.0000000003E+00
    4181   1.0000000001E+00
    4182   1.0000000000E+00
    4183   1.0000000000E+00
    4184   1.0000000000E+00
    4185   1.0000000000E+00
    4186   1.0000000000E+00
    4187   1.0000000000E+00
    4188   1.0000000000E+00
    4189   1.0000000000E+00
    4190   1.0000000000E+00
    4191   1.0000000000E+00
    4192   1.0000000000E+00
    4193   1.0000000000E+00
    4194   1.0000000000E+00
    4195   1.0000000000E+00
    4196   1.0000000000E+00
    4197   1.0000000000E+00
    4198   1.0000000000E+00
    4199   1.0000000000E+00
    4200   1.0000000000E+00
    4201   1.0000000000E+00
    4202   1.0000000000E+00
    4203   1.0000000000E+00
    4204   1.0000000000E+00
    4205   1.0000000000E+00
    4206   1.0000000000E+00
    4207   1.0000000000E+00
    4208   1.0000000000E+00
    4209   1.0000000000E+00
    4210   1.0000000000E+00
    4211   1.0000000000E+00
    4212   1.0000000000E+00
    4213   1.0000000000E+00
    4214   1.0000000000E+00
    4215   1.0000000000E+00
    4216   1.0000000000E+00
    4217   1.0000000000E+00
    4218   1.0000000000E+00
    4219   1.0000000000E+00
    4220   1.0000000000E+00
    4221   1.0000000000E+00
    4222   1.0000000000E+00
    4223   1.0000000000E+00
    4224   1.0000000000E+00
    4225   1.0000000000E+00
    4226   1.0000000000E+00
    4227   1.0000000000E+00
    4228   1.0000000000E+00
    4229   1.0000000000E+00
    4230   1.0000000000E+00
    4231   1.0000000000E+00
    4232   1.0000000000E+00
    4233   1.0000000000E+00
    4234   1.0000000000E+00
    4235   1.0000000000E+00
    4236   1.0000000000E+00
    4237   1.0000000000E+00
    4238   1.0000000000E+00
    4239   1.0000000000E+00
    4240   1.0000000000E+00
    4241   1.0000000000E+00
    4242   1.0000000000E+00
    4243   1.0000000000E+00
    4244   1.0000000000E+00
    4245   1.0000000000E+00
    4246   1.0000000000E+00
    4247   1.0000000000E+00
    4248   1.0000000000E+00
    4249   1.0000000000E+00
    4250   1.0000000000E+00
    4251   1.0000000000E+00
    4252   1.0000000000E+00
    4253   1.0000000000E+00
    4254   1.0000000000E+00
    4255   1.0000000000E+00
    4256   1.0000000000E+00
    4257   1.0000000000E+00
    4258   1.0000000000E+00
    4259   1.0000000000E+00
    4260   1.0000000000E+00
    4261   1.0000000000E+00
    4262   1.0000000000E+00
    4263   1.0000000000E+00
    4264   1.0000000000E+00
    4265   1.0000000000E+00
    4266   1.0000000000E+00
    4267   1.0000000000E+00
    4268   1.0000000000E+00
    4269   1.0000000000E+00
    4270   1.0000000000E+00
    4271   1.0000000000E+00
    4272   1.0000000000E+00
    4273   1.0000000000E+00
    4274   1.0000000000E+00
    4275   1.0000000000E+00
    4276   1.0000000000E+00
    4277   1.0000000000E+00
    4278   1.0000000000E+00
    4279   1.0000000000E+00
    4280   1.0000000000E+00
    4281   1.0000000000E+00
    4282   1.0000000000E+00
    4283   1.0000000000E+00
    4284   1.0000000000E+00
    4285   1.0000000000E+00
    4286   1.0000000000E+00
    4287   1.0000000000E+00
    4288   1.0000000000E+00
    4289   1.0000000000E+00
    4290   1.0000000000E+00
    4291   1.0000000000E+00
    4292   1.0000000000E+00
    4293   1.0000000000E+00
    4294   1.0000000000E+00
    4295   1.0000000000E+00
    4296   1.0000000000E+00
    4297   1.0000000000E+00
    4298   1.0000000000E+00
    4299   1.0000000000E+00
    4300   1.0000000000E+00
    4301   1.0000000000E+00
    4302   1.0000000000E+00
    4303   1.0000000000E+00
    4304   1.0000000000E+00
    4305   1.0000000000E+00
    4306   1.0000000000E+00
    4307   1.0000000000E+00
    4308   1.0000000000E+00
    4309   1.0000000000E+00
    4310   1.0000000000E+00
    4311   1.0000000000E+00
    4312   1.0000000000E+00
    4313   1.0000000000E+00
    4314   1.0000000000E+00
    4315   1.0000000000E+00
    4316   1.0000000000E+00
    4317   1.0000000000E+00
    4318   1.0000000000E+00
    4319   1.0000000000E+00
    4320   1.0000000000E+00
    4321   1.0000000000E+00
    4322   1.0000000000E+00
    4323   1.0000000000E+00
    4324   1.0000000000E+00
    4325   1.0000000000E+00
    4326   1.0000000000E+00
    4327   1.0000000000E+00
    4328   1.0000000000E+00
    4329   1.0000000000E+00
    4330   1.0000000000E+00
    4331   1.0000000000E+00
    4332   1.0000000000E+00
    4333   1.0000000000E+00
    4334   1.0000000000E+00
    4335   1.0000000000E+00
    4336   1.0000000000E+00
    4337   1.0000000000E+00
    4338   1.0000000000E+00
    4339   1.0000000000E+00
    4340   1.0000000000E+00
    4341   1.0000000000E+00
    4342   1.0000000000E+00
    4343   1.0000000000E+00
    4344   1.0000000000E+00
    4345   1.0000000000E+00
    4346   1.0000000000E+00
    4347   1.0000000000E+00
    4348   1.0000000000E+00
    4349   1.0000000000E+00
    4350   1.0000000000E+00
    4351   1.0000000000E+00
    4352   1.0000000000E+00
    4353   1.0000000000E+00
    4354   1.0000000000E+00
    4355   1.0000000000E+00
    4356   1.0000000000E+00
    4357   1.0000000000E+00
    4358   1.0000000000E+00
    4359   1.0000000000E+00
    4360   1.0000000000E+00
    4361   1.0000000000E+00
    4362   1.0000000000E+00
    4363   1.0000000000E+00
    4364   1.0000000000E+00
    4365   1.0000000000E+00
    4366   1.0000000000E+00
    4367   1.0000000000E+00
    4368   1.0000000000E+00
    4369   1.0000000000E+00
    4370   1.0000000000E+00
    4371   1.0000000000E+00
    4372   1.0000000000E+00
    4373   1.0000000000E+00
    4374   1.0000000000E+00
    4375   1.0000000000E+00
    4376   1.0000000000E+00
    4377   1.0000000000E+00
    4378   1.0000000000E+00
    4379   1.0000000000E+00
    4380   1.0000000000E+00
    4381   1.0000000000E+00
    4382   1.0000000000E+00
    4383   1.0000000000E+00
    4384   1.0000000000E+00
    4385   1.0000000000E+00
    4386   1.0000000000E+00
    4387   1.0000000000E+00
    4388   1.0000000000E+00
    4389   1.0000000000E+00
    4390   1.0000000000E+00
    4391   1.0000000000E+00
    4392   1.0000000000E+00
    4393   1.0000000000E+00
    4394   1.0000000000E+00
    4395   1.0000000000E+00
    4396   1.0000000000E+00
    4397   1.0000000000E+00
    4398   1.0000000000E+00
    4399   1.0000000000E+00
    4400   1.0000000000E+00
    4401   1.0000000000E+00
    4402   1.0000000000E+00
    4403   1.0000000000E+00
    4404   1.0000000000E+00
    4405   1.0000000000E+00
    4406   1.0000000000E+00
    4407   1.0000000000E+00
    4408   1.0000000000E+00
    4409   1.0000000000E+00
    4410   1.0000000000E+00
    4411   1.0000000000E+00
    4412   1.0000000000E+00
    4413   1.0000000000E+00
    4414   1.0000000000E+00
    4415   1.0000000000E+00
    4416   1.0000000000E+00
    4417   1.0000000000E+00
    4418   1.0000000000E+00
    4419   1.0000000000E+00
    4420   1.0000000000E+00
    4421   1.0000000000E+00
    4422   1.0000000000E+00
    4423   1.0000000000E+00
    4424   1.0000000000E+00
    4425   1.0000000000E+00
    4426   1.0000000000E+00
    4427   1.0000000000E+00
    4428   1.0000000000E+00
    4429   1.0000000000E+00
    4430   1.0000000000E+00
    4431   1.0000000000E+00
    4432   1.0000000000E+00
    4433   1.0000000000E+00
    4434   1.0000000000E+00
    4435   1.0000000000E+00
    4436   1.0000000000E+00
    4437   1.0000000000E+00
    4438   1.0000000000E+00
    4439   1.0000000000E+00
    4440   1.0000000000E+00
    4441   1.0000000000E+00
    4442   1.0000000000E+00
    4443   1.0000000000E+00
    4444   1.0000000000E+00
    4445   1.0000000000E+00
    4446   1.0000000000E+00
    4447   1.0000000000E+00
    4448   1.0000000000E+00
    4449   1.0000000000E+00
    4450   1.0000000000E+00
    4451   1.0000000000E+00
    4452   1.0000000000E+00
    4453   1.0000000000E+00
    4454   1.0000000000E+00
    4455   1.0000000000E+00
    4456   1.0000000000E+00
    4457   1.0000000000E+00
    4458   1.0000000000E+00
    4459   1.0000000000E+00
    4460   1.0000000000E+00
    4461   1.0000000000E+00
    4462   1.0000000000E+00
    4463   1.0000000000E+00
    4464   1.0000000000E+00
    4465   1.0000000000E+00
    4466   1.0000000000E+00
    4467   1.0000000000E+00
    4468   1.0000000000E+00
    4469   1.0000000000E+00
    4470   1.0000000000E+00
    4471   1.0000000000E+00
    4472   1.0000000000E+00
    4473   1.0000000000E+00
    4474   1.0000000000E+00
    4475   1.0000000000E+00
    4476   1.0000000000E+00
    4477   1.0000000000E+00
    4478   1.0000000000E+00
    4479   1.0000000000E+00
    4480   1.0000000000E+00
    4481   1.0000000000E+00
    4482   1.0000000000E+00
    4483   1.0000000000E+00
    4484   1.0000000000E+00
    4485   1.0000000000E+00
    4486   1.0000000000E+00
    4487   1.0000000000E+00
    4488   1.0000000000E+00
    4489   1.0000000000E+00
    4490   1.0000000000E+00
    4491   1.0000000000E+00
    4492   1.0000000000E+00
    4493   1.0000000000E+00
    4494   1.0000000000E+00
    4495   1.0000000000E+00
    4496   1.0000000000E+00
    4497   1.0000000000E+00
    4498   1.0000000000E+00
    4499   1.0000000000E+00
    4500   1.0000000000E+00
    4501   1.0000000000E+00
    4502   1.0000000000E+00
    4503   1.0000000000E+00
    4504   1.0000000000E+00
    4505   1.0000000000E+00
    4506   1.0000000000E+00
    4507   1.0000000000E+00
    4508   1.0000000000E+00
    4509   1.0000000000E+00
    4510   1.0000000000E+00
    4511   1.0000000000E+00
    4512   1.0000000000E+00
    4513   1.0000000000E+00
    4514   1.0000000000E+00
    4515   1.0000000000E+00
    4516   1.0000000000E+00
    4517   1.0000000000E+00
    4518   1.0000000000E+00
    4519   1.0000000000E+00
    4520   1.0000000000E+00
    4521   1.0000000000E+00
    4522   1.0000000000E+00
    4523   1.0000000000E+00
    4524   1.0000000000E+00
    4525   1.0000000000E+00
    4526   1.0000000000E+00
    4527   1.0000000000E+00
    4528   1.0000000000E+00
    4529   1.0000000000E+00
    4530   1.0000000000E+00
    4531   1.0000000000E+00
    4532   1.0000000000E+00
    4533   1.0000000000E+00
    4534   1.0000000000E+00
    4535   1.0000000000E+00
    4536   1.0000000000E+00
    4537   1.0000000000E+00
    4538   1.0000000000E+00
    4539   1.0000000000E+00
    4540   1.0000000000E+00
    4541   1.0000000000E+00
    4542   1.0000000000E+00
    4543   1.0000000000E+00
    4544   1.0000000000E+00
    4545   1.0000000000E+00
    4546   1.0000000000E+00
    4547   1.0000000000E+00
    4548   1.0000000000E+00
    4549   1.0000000000E+00
    4550   1.0000000000E+00
    4551   1.0000000000E+00
    4552   1.0000000000E+00
    4553   1.0000000000E+00
    4554   1.0000000000E+00
    4555   1.0000000000E+00
    4556   1.0000000000E+00
    4557   1.0000000000E+00
    4558   1.0000000000E+00
    4559   1.0000000000E+00
    4560   1.0000000000E+00
    4561   1.0000000000E+00
    4562   1.0000000000E+00
    4563   1.0000000000E+00
    4564   1.0000000000E+00
    4565   1.0000000000E+00
    4566   1.0000000000E+00
    4567   1.0000000000E+00
    4568   1.0000000000E+00
    4569   1.0000000000E+00
    4570   1.0000000000E+00
    4571   1.0000000000E+00
    4572   1.0000000000E+00
    4573   1.0000000000E+00
    4574   1.0000000000E+00
    4575   1.0000000000E+00
    4576   1.0000000000E+00
    4577   1.0000000000E+00
    4578   1.0000000000E+00
    4579   1.0000000000E+00
    4580   1.0000000000E+00
    4581   1.0000000000E+00
    4582   1.0000000000E+00
    4583   1.0000000000E+00
    4584   1.0000000000E+00
    4585   1.0000000000E+00
    4586   1.0000000000E+00
    4587   1.0000000000E+00
    4588   1.0000000000E+00
    4589   1.0000000000E+00
    4590   1.0000000000E+00
    4591   1.0000000000E+00
    4592   1.0000000000E+00
    4593   1.0000000000E+00
    4594   1.0000000000E+00
    4595   1.0000000000E+00
    4596   1.0000000000E+00
    4597   1.0000000000E+00
    4598   1.0000000000E+00
    4599   1.0000000000E+00
    4600   1.0000000000E+00
    4601   1.0000000000E+00
    4602   1.0000000000E+00
    4603   1.0000000000E+00
    4604   1.0000000000E+00
    4605   1.0000000000E+00
    4606   1.0000000000E+00
    4607   1.0000000000E+00
    4608   1.0000000000E+00
    4609   1.0000000000E+00
    4610   1.0000000000E+00
    4611   1.0000000000E+00
    4612   1.0000000000E+00
    4613   1.0000000000E+00
    4614   1.0000000000E+00
    4615   1.0000000000E+00
    4616   1.0000000000E+00
    4617   1.0000000000E+00
    4618   1.0000000000E+00
    4619   1.0000000000E+00
    4620   1.0000000000E+00
    4621   1.0000000000E+00
    4622   1.0000000000E+00
    4623   1.0000000000E+00
    4624   1.0000000000E+00
    4625   1.0000000000E+00
    4626   1.0000000000E+00
    4627   1.0000000000E+00
    4628   1.0000000000E+00
    4629   1.0000000000E+00
    4630   1.0000000000E+00
    4631   1.0000000000E+00
    4632   1.0000000000E+00
    4633   1.0000000000E+00
    4634   1.0000000000E+00
    4635   1.0000000000E+00
    4636   1.0000000000E+00
    4637   1.0000000000E+00
    4638   1.0000000000E+00
    4639   1.0000000000E+00
    4640   1.0000000000E+00
    4641   1.0000000000E+00
    4642   1.0000000000E+00
    4643   1.0000000000E+00
    4644   1.0000000000E+00
    4645   1.0000000000E+00
    4646   1.0000000000E+00
    4647   1.0000000000E+00
    4648   1.0000000000E+00
    4649   1.0000000000E+00
    4650   1.0000000000E+00
    4651   1.0000000000E+00
    4652   1.0000000000E+00
    4653   1.0000000000E+00
    4654   1.0000000000E+00
    4655   1.0000000000E+00
    4656   1.0000000000E+00
    4657   1.0000000000E+00
    4658   1.0000000000E+00
    4659   1.0000000000E+00
    4660   1.0000000000E+00
    4661   1.0000000000E+00
    4662   1.0000000000E+00
    4663   1.0000000000E+00
    4664   1.0000000000E+00
    4665   1.0000000000E+00
    4666   1.0000000000E+00
    4667   1.0000000000E+00
    4668   1.0000000000E+00
    4669   1.0000000000E+00
    4670   1.0000000000E+00
    4671   1.0000000000E+00
    4672   1.0000000000E+00
    4673   1.0000000000E+00
    4674   1.0000000000E+00
    4675   1.0000000000E+00
    4676   1.0000000000E+00
    4677   1.0000000000E+00
    4678   1.0000000000E+00
    4679   1.0000000000E+00
    4680   1.0000000000E+00
    4681   1.0000000000E+00
    4682   1.0000000000E+00
    4683   1.0000000000E+00
    4684   1.0000000000E+00
    4685   1.0000000000E+00
    4686   1.0000000000E+00
    4687   1.0000000000E+00
    4688   1.0000000000E+00
    4689   1.0000000000E+00
    4690   1.0000000000E+00
    4691   1.0000000000E+00
    4692   1.0000000000E+00
    4693   1.0000000000E+00
    4694   1.0000000000E+00
    4695   1.0000000000E+00
    4696   1.0000000000E+00
    4697   1.0000000000E+00
    4698   1.0000000000E+00
    4699   1.0000000000E+00
    4700   1.0000000000E+00
    4701   1.0000000000E+00
    4702   1.0000000000E+00
    4703   1.0000000000E+00
    4704   1.0000000000E+00
    4705   1.0000000000E+00
    4706   1.0000000000E+00
    4707   1.0000000000E+00
    4708   1.0000000000E+00
    4709   1.0000000000E+00
    4710   1.0000000000E+00
    4711   1.0000000000E+00
    4712   1.0000000000E+00
    4713   1.0000000000E+00
    4714   1.0000000000E+00
    4715   1.0000000000E+00
    4716   1.0000000000E+00
    4717   1.0000000000E+00
    4718   1.0000000000E+00
    4719   1.0000000000E+00
    4720   1.0000000000E+00
    4721   1.0000000000E+00
    4722   1.0000000000E+00
    4723   1.0000000000E+00
    4724   1.0000000000E+00
    4725   1.0000000000E+00
    4726   1.0000000000E+00
    4727   1.0000000000E+00
    4728   1.0000000000E+00
    4729   1.0000000000E+00
    4730   1.0000000000E+00
    4731   1.0000000000E+00
    4732   1.0000000000E+00
    4733   1.0000000000E+00
    4734   1.0000000000E+00
    4735   1.0000000000E+00
    4736   1.0000000000E+00
    4737   1.0000000000E+00
    4738   1.0000000000E+00
    4739   1.0000000000E+00
    4740   1.0000000000E+00
    4741   1.0000000000E+00
    4742   1.0000000000E+00
    4743   1.0000000000E+00
    4744   1.0000000000E+00
    4745   1.0000000000E+00
    4746   1.0000000000E+00
    4747   1.0000000000E+00
    4748   1.0000000000E+00
    4749   1.0000000000E+00
    4750   1.0000000000E+00
    4751   1.0000000000E+00
    4752   1.0000000000E+00
    4753   1.0000000000E+00
    4754   1.0000000000E+00
    4755   1.0000000000E+00
    4756   1.0000000000E+00
    4757   1.0000000000E+00
    4758   1.0000000000E+00
    4759   1.0000000000E+00
    4760   1.0000000000E+00
    4761   1.0000000000E+00
    4762   1.0000000000E+00
    4763   1.0000000000E+00
    4764   1.0000000000E+00
    4765   1.0000000000E+00
    4766   1.0000000000E+00
    4767   1.0000000000E+00
    4768   1.0000000000E+00
    4769   1.0000000000E+00
    4770   1.0000000000E+00
    4771   1.0000000000E+00
    4772   1.0000000000E+00
    4773   1.0000000000E+00
    4774   1.0000000000E+00
    4775   1.0000000000E+00
    4776   1.0000000000E+00
    4777   1.0000000000E+00
    4778   1.0000000000E+00
    4779   1.0000000000E+00
    4780   1.0000000000E+00
    4781   1.0000000000E+00
    4782   1.0000000000E+00
    4783   1.0000000000E+00
    4784   1.0000000000E+00
    4785   1.0000000000E+00
    4786   1.0000000000E+00
    4787   1.0000000000E+00
    4788   1.0000000000E+00
    4789   1.0000000000E+00
    4790   1.0000000000E+00
    4791   1.0000000000E+00
    4792   1.0000000000E+00
    4793   1.0000000000E+00
    4794   1.0000000000E+00
    4795   1.0000000000E+00
    4796   1.0000000000E+00
    4797   1.0000000000E+00
    4798   1.0000000000E+00
    4799   1.0000000000E+00
    4800   1.0000000000E+00
    4801   1.0000000000E+00
    4802   1.0000000000E+00
    4803   1.0000000000E+00
    4804   1.0000000000E+00
    4805   1.0000000000E+00
    4806   1.0000000000E+00
    4807   1.0000000000E+00
    4808   1.0000000000E+00
    4809   1.0000000000E+00
    4810   1.0000000000E+00
    4811   1.0000000000E+00
    4812   1.0000000000E+00
    4813   1.0000000000E+00
    4814   1.0000000000E+00
    4815   1.0000000000E+00
    4816   1.0000000000E+00
    4817   1.0000000000E+00
    4818   1.0000000000E+00
    4819   1.0000000000E+00
    4820   1.0000000000E+00
    4821   1.0000000000E+00
    4822   1.0000000000E+00
    4823   1.0000000000E+00
    4824   1.0000000000E+00
    4825   1.0000000000E+00
    4826   1.0000000000E+00
    4827   1.0000000000E+00
    4828   1.0000000000E+00
    4829   1.0000000000E+00
    4830   1.0000000000E+00
    4831   1.0000000000E+00
    4832   1.0000000000E+00
    4833   1.0000000000E+00
    4834   1.0000000000E+00
    4835   1.0000000000E+00
    4836   1.0000000000E+00
    4837   1.0000000000E+00
    4838   1.0000000000E+00
    4839   1.0000000000E+00
    4840   1.0000000000E+00
    4841   1.0000000000E+00
    4842   1.0000000000E+00
    4843   1.0000000000E+00
    4844   1.0000000000E+00
    4845   1.0000000000E+00
    4846   1.0000000000E+00
    4847   1.0000000000E+00
    4848   1.0000000000E+00
    4849   1.0000000000E+00
    4850   1.0000000000E+00
    4851   1.0000000000E+00
    4852   1.0000000000E+00
    4853   1.0000000000E+00
    4854   1.0000000000E+00
    4855   1.0000000000E+00
    4856   1.0000000000E+00
    4857   1.0000000000E+00
    4858   1.0000000000E+00
    4859   1.0000000000E+00
    4860   1.0000000000E+00
    4861   1.0000000000E+00
    4862   1.0000000000E+00
    4863   1.0000000000E+00
    4864   1.0000000000E+00
    4865   1.0000000000E+00
    4866   1.0000000000E+00
    4867   1.0000000000E+00
    4868   1.0000000000E+00
    4869   1.0000000000E+00
    4870   1.0000000000E+00
    4871   1.0000000000E+00
    4872   1.0000000000E+00
    4873   1.0000000000E+00
    4874   1.0000000000E+00
    4875   1.0000000000E+00
    4876   1.0000000000E+00
    4877   1.0000000000E+00
    4878   1.0000000000E+00
    4879   1.0000000000E+00
    4880   1.0000000000E+00
    4881   1.0000000000E+00
    4882   1.0000000000E+00
    4883   1.0000000000E+00
    4884   1.0000000000E+00
    4885   1.0000000000E+00
    4886   1.0000000000E+00
    4887   1.0000000000E+00
    4888   1.0000000000E+00
    4889   1.0000000000E+00
    4890   1.0000000000E+00
    4891   1.0000000000E+00
    4892   1.0000000000E+00
    4893   1.0000000000E+00
    4894   1.0000000000E+00
    4895   1.0000000000E+00
    4896   1.0000000000E+00
    4897   1.0000000000E+00
    4898   1.0000000000E+00
    4899   1.0000000000E+00
    4900   1.0000000000E+00
    4901   1.0000000000E+00
    4902   1.0000000000E+00
    4903   1.0000000000E+00
    4904   1.0000000000E+00
    4905   1.0000000000E+00
    4906   1.0000000000E+00
    4907   1.0000000000E+00
    4908   1.0000000000E+00
    4909   1.0000000000E+00
    4910   1.0000000000E+00
    4911   1.0000000000E+00
    4912   1.0000000000E+00
    4913   1.0000000000E+00
    4914   1.0000000000E+00
    4915   1.0000000000E+00
    4916   1.0000000000E+00
    4917   1.0000000000E+00
    4918   1.0000000000E+00
    4919   1.0000000000E+00
    4920   1.0000000000E+00
    4921   1.0000000000E+00
    4922   1.0000000000E+00
    4923   1.0000000000E+00
    4924   1.0000000000E+00
    4925   1.0000000000E+00
    4926   1.0000000000E+00
    4927   1.0000000000E+00
    4928   1.0000000000E+00
    4929   1.0000000000E+00
    4930   1.0000000000E+00
    4931   1.0000000000E+00
    4932   1.0000000000E+00
    4933   1.0000000000E+00
    4934   1.0000000000E+00
    4935   1.0000000000E+00
    4936   1.0000000000E+00
    4937   1.0000000000E+00
    4938   1.0000000000E+00
    4939   1.0000000000E+00
    4940   1.0000000000E+00
    4941   1.0000000000E+00
    4942   1.0000000000E+00
    4943   1.0000000000E+00
    4944   1.0000000000E+00
    4945   1.0000000000E+00
    4946   1.0000000000E+00
    4947   1.0000000000E+00
    4948   1.0000000000E+00
    4949   1.0000000000E+00
    4950   1.0000000000E+00
    4951   1.0000000000E+00
    4952   1.0000000000E+00
    4953   1.0000000000E+00
    4954   1.0000000000E+00
    4955   1.0000000000E+00
    4956   1.0000000000E+00
    4957   1.0000000000E+00
    4958   1.0000000000E+00
    4959   1.0000000000E+00
    4960   1.0000000000E+00
    4961   1.0000000000E+00
    4962   1.0000000000E+00
    4963   1.0000000000E+00
    4964   1.0000000000E+00
    4965   1.0000000000E+00
    4966   1.0000000000E+00
    4967   1.0000000000E+00
    4968   1.0000000000E+00
    4969   1.0000000000E+00
    4970   1.0000000000E+00
    4971   1.0000000000E+00
    4972   1.0000000000E+00
    4973   1.0000000000E+00
    4974   1.0000000000E+00
    4975   1.0000000000E+00
    4976   1.0000000000E+00
    4977   1.0000000000E+00
    4978   1.0000000000E+00
    4979   1.0000000000E+00
    4980   1.0000000000E+00
    4981   1.0000000000E+00
    4982   1.0000000000E+00
    4983   1.0000000000E+00
    4984   1.0000000000E+00
    4985   1.0000000000E+00
    4986   1.0000000000E+00
    4987   1.0000000000E+00
    4988   1.0000000000E+00
    4989   1.0000000000E+00
    4990   1.0000000000E+00
    4991   1.0000000000E+00
    4992   1.0000000000E+00
    4993   1.0000000000E+00
    4994   1.0000000000E+00
    4995   1.0000000000E+00
    4996   1.0000000000E+00
    4997   1.0000000000E+00
    4998   1.0000000000E+00
    4999   1.0000000000E+00
    5000   1.0000000000E+00
    5001   1.0000000000E+00
    5002   1.0000000000E+00
    5003   1.0000000000E+00
    5004   1.0000000000E+00
    5005   1.0000000000E+00
    5006   1.0000000000E+00
    5007   1.0000000000E+00
    5008   1.0000000000E+00
    5009   1.0000000000E+00
    5010   1.0000000000E+00
    5011   1.0000000000E+00
    5012   1.0000000000E+00
    5013   1.0000000000E+00
    5014   1.0000000000E+00
    5015   1.0000000000E+00
    5016   1.0000000000E+00
    5017   1.0000000000E+00
    5018   1.0000000000E+00
    5019   1.0000000000E+00
    5020   1.0000000000E+00
    5021   1.0000000000E+00
    5022   1.0000000000E+00
    5023   1.0000000000E+00
    5024   1.0000000000E+00
    5025   1.0000000000E+00
    5026   1.0000000000E+00
    5027   1.0000000000E+00
    5028   1.0000000000E+00
    5029   1.0000000000E+00
    5030   1.0000000000E+00
    5031   1.0000000000E+00
    5032   1.0000000000E+00
    5033   1.0000000000E+00
    5034   1.0000000000E+00
    5035   1.0000000000E+00
    5036   1.0000000000E+00
    5037   1.0000000000E+00
    5038   1.0000000000E+00
    5039   1.0000000000E+00
    5040   1.0000000000E+00
    5041   1.0000000000E+00
    5042   1.0000000000E+00
    5043   1.0000000000E+00
    5044   1.0000000000E+00
    5045   1.0000000000E+00
    5046   1.0000000000E+00
    5047   1.0000000000E+00
    5048   1.0000000000E+00
    5049   1.0000000000E+00
    5050   1.0000000000E+00
    5051   1.0000000000E+00
    5052   1.0000000000E+00
    5053   1.0000000000E+00
    5054   1.0000000000E+00
    5055   1.0000000000E+00
    5056   1.0000000000E+00
    5057   1.0000000000E+00
    5058   1.0000000000E+00
    5059   1.0000000000E+00
    5060   1.0000000000E+00
    5061   1.0000000000E+00
    5062   1.0000000000E+00
    5063   1.0000000000E+00
    5064   1.0000000000E+00
    5065   1.0000000000E+00
    5066   1.0000000000E+00
    5067   1.0000000000E+00
    5068   1.0000000000E+00
    5069   1.0000000000E+00
    5070   1.0000000000E+00
    5071   1.0000000000E+00
    5072   1.0000000000E+00
    5073   1.0000000000E+00
    5074   1.0000000000E+00
    5075   1.0000000000E+00
    5076   1.0000000000E+00
    5077   1.0000000000E+00
    5078   1.0000000000E+00
    5079   1.0000000000E+00
    5080   1.0000000000E+00
    5081   1.0000000000E+00
    5082   1.0000000000E+00
    5083   1.0000000000E+00
    5084   1.0000000000E+00
    5085   1.0000000000E+00
    5086   1.0000000000E+00
    5087   1.0000000000E+00
    5088   1.0000000000E+00
    5089   1.0000000000E+00
    5090   1.0000000000E+00
    5091   1.0000000000E+00
    5092   1.0000000000E+00
    5093   1.0000000000E+00
    5094   1.0000000000E+00
    5095   1.0000000000E+00
    5096   1.0000000000E+00
    5097   1.0000000000E+00
    5098   1.0000000000E+00
    5099   1.0000000000E+00
    5100   1.0000000000E+00
    5101   1.0000000000E+00
    5102   1.0000000000E+00
    5103   1.0000000000E+00
    5104   1.0000000000E+00
    5105   1.0000000000E+00
    5106   1.0000000000E+00
    5107   1.0000000000E+00
    5108   1.0000000000E+00
    5109   1.0000000000E+00
    5110   1.0000000000E+00
    5111   1.0000000000E+00
    5112   1.0000000000E+00
    5113   1.0000000000E+00
    5114   1.0000000000E+00
    5115   1.0000000000E+00
    5116   1.0000000000E+00
    5117   1.0000000000E+00
    5118   1.0000000000E+00
    5119   1.0000000000E+00
    5120   1.0000000000E+00
    5121   1.0000000000E+00
    5122   1.0000000000E+00
    5123   1.0000000000E+00
    5124   1.0000000000E+00
    5125   1.0000000000E+00
    5126   1.0000000000E+00
    5127   1.0000000000E+00
    5128   1.0000000000E+00
    5129   1.0000000000E+00
    5130   1.0000000000E+00
    5131   1.0000000000E+00
    5132   1.0000000000E+00
    5133   1.0000000000E+00
    5134   1.0000000000E+00
    5135   1.0000000000E+00
    5136   1.0000000000E+00
    5137   1.0000000000E+00
    5138   1.0000000000E+00
    5139   1.0000000000E+00
    5140   1.0000000000E+00
    5141   1.0000000000E+00
    5142   1.0000000000E+00
    5143   1.0000000000E+00
    5144   1.0000000000E+00
    5145   1.0000000000E+00
    5146   1.0000000000E+00
    5147   1.0000000000E+00
    5148   1.0000000000E+00
    5149   1.0000000000E+00
    5150   1.0000000000E+00
    5151   1.0000000000E+00
    5152   1.0000000000E+00
    5153   1.0000000000E+00
    5154   1.0000000000E+00
    5155   1.0000000000E+00
    5156   1.0000000000E+00
    5157   1.0000000000E+00
    5158   1.0000000000E+00
    5159   1.0000000000E+00
    5160   1.0000000000E+00
    5161   1.0000000000E+00
    5162   1.0000000000E+00
    5163   1.0000000000E+00
    5164   1.0000000000E+00
    5165   1.0000000000E+00
    5166   1.0000000000E+00
    5167   1.0000000000E+00
    5168   1.0000000000E+00
    5169   1.0000000000E+00
    5170   1.0000000000E+00
    5171   1.0000000000E+00
    5172   1.0000000000E+00
    5173   1.0000000000E+00
    5174   1.0000000000E+00
    5175   1.0000000000E+00
    5176   1.0000000000E+00
    5177   1.0000000000E+00
    5178   1.0000000000E+00
    5179   1.0000000000E+00
    5180   1.0000000000E+00
    5181   1.0000000000E+00
    5182   1.0000000000E+00
    5183   1.0000000000E+00
    5184   1.0000000000E+00
    5185   1.0000000000E+00
    5186   1.0000000000E+00
    5187   1.0000000000E+00
    5188   1.0000000000E+00
    5189   1.0000000000E+00
    5190   1.0000000000E+00
    5191   1.0000000000E+00
    5192   1.0000000000E+00
    5193   1.0000000000E+00
    5194   1.0000000000E+00
    5195   1.0000000000E+00
    5196   1.0000000000E+00
    5197   1.0000000000E+00
    5198   1.0000000000E+00
    5199   1.0000000000E+00
    5200   1.0000000000E+00
    5201   1.0000000000E+00
    5202   1.0000000000E+00
    5203   1.0000000000E+00
    5204   1.0000000000E+00
    5205   1.0000000000E+00
    5206   1.0000000000E+00
    5207   1.0000000000E+00
    5208   1.0000000000E+00
    5209   1.0000000000E+00
    5210   1.0000000000E+00
    5211   1.0000000000E+00
    5212   1.0000000000E+00
    5213   1.0000000000E+00
    5214   1.0000000000E+00
    5215   1.0000000000E+00
    5216   1.0000000000E+00
    5217   1.0000000000E+00
    5218   1.0000000000E+00
    5219   1.0000000000E+00
    5220   1.0000000000E+00
    5221   1.0000000000E+00
    5222   1.0000000000E+00
    5223   1.0000000000E+00
    5224   1.0000000000E+00
    5225   1.0000000000E+00
    5226   1.0000000000E+00
    5227   1.0000000000E+00
    5228   1.0000000000E+00
    5229   1.0000000000E+00
    5230   1.0000000000E+00
    5231   1.0000000000E+00
    5232   1.0000000000E+00
    5233   1.0000000000E+00
    5234   1.0000000000E+00
    5235   1.0000000000E+00
    5236   1.0000000000E+00
    5237   1.0000000000E+00
    5238   1.0000000000E+00
    5239   1.0000000000E+00
    5240   1.0000000000E+00
    5241   1.0000000000E+00
    5242   1.0000000000E+00
    5243   1.0000000000E+00
    5244   1.0000000000E+00
    5245   1.0000000000E+00
    5246   1.0000000000E+00
    5247   1.0000000000E+00
    5248   1.0000000000E+00
    5249   1.0000000000E+00
    5250   1.0000000000E+00
    5251   1.0000000000E+00
    5252   1.0000000000E+00
    5253   1.0000000000E+00
    5254   1.0000000000E+00
    5255   1.0000000000E+00
    5256   1.0000000000E+00
    5257   1.0000000000E+00
    5258   1.0000000000E+00
    5259   1.0000000000E+00
    5260   1.0000000000E+00
    5261   1.0000000000E+00
    5262   1.0000000000E+00
    5263   1.0000000000E+00
    5264   1.0000000000E+00
    5265   1.0000000000E+00
    5266   1.0000000000E+00
    5267   1.0000000000E+00
    5268   1.0000000000E+00
    5269   1.0000000000E+00
    5270   1.0000000000E+00
    5271   1.0000000000E+00
    5272   1.0000000000E+00
    5273   1.0000000000E+00
    5274   1.0000000000E+00
    5275   1.0000000000E+00
    5276   1.0000000000E+00
    5277   1.0000000000E+00
    5278   1.0000000000E+00
    5279   1.0000000000E+00
    5280   1.0000000000E+00
    5281   1.0000000000E+00
    5282   1.0000000000E+00
    5283   1.0000000000E+00
    5284   1.0000000000E+00
    5285   1.0000000000E+00
    5286   1.0000000000E+00
    5287   1.0000000000E+00
    5288   1.0000000000E+00
    5289   1.0000000000E+00
    5290   1.0000000000E+00
    5291   1.0000000000E+00
    5292   1.0000000000E+00
    5293   1.0000000000E+00
    5294   1.0000000000E+00
    5295   1.0000000000E+00
    5296   1.0000000000E+00
    5297   1.0000000000E+00
    5298   1.0000000000E+00
    5299   1.0000000000E+00
    5300   1.0000000000E+00
    5301   1.0000000000E+00
    5302   1.0000000000E+00
    5303   1.0000000000E+00
    5304   1.0000000000E+00
    5305   1.0000000000E+00
    5306   1.0000000000E+00
    5307   1.0000000000E+00
    5308   1.0000000000E+00
    5309   1.0000000000E+00
    5310   1.0000000000E+00
    5311   1.0000000000E+00
    5312   1.0000000000E+00
    5313   1.0000000000E+00
    5314   1.0000000000E+00
    5315   1.0000000000E+00
    5316   1.0000000000E+00
    5317   1.0000000000E+00
    5318   1.0000000000E+00
    5319   1.0000000000E+00
    5320   1.0000000000E+00
    5321   1.0000000000E+00
    5322   1.0000000000E+00
    5323   1.0000000000E+00
    5324   1.0000000000E+00
    5325   1.0000000000E+00
    5326   1.0000000000E+00
    5327   1.0000000000E+00
    5328   1.0000000000E+00
    5329   1.0000000000E+00
    5330   1.0000000000E+00
    5331   1.0000000000E+00
    5332   1.0000000000E+00
    5333   1.0000000000E+00
    5334   1.0000000000E+00
    5335   1.0000000000E+00
    5336   1.0000000000E+00
    5337   1.0000000000E+00
    5338   1.0000000000E+00
    5339   1.0000000000E+00
    5340   1.0000000000E+00
    5341   1.0000000000E+00
    5342   1.0000000000E+00
    5343   1.0000000000E+00
    5344   1.0000000000E+00
    5345   1.0000000000E+00
    5346   1.0000000000E+00
    5347   1.0000000000E+00
    5348   1.0000000000E+00
    5349   1.0000000000E+00
    5350   1.0000000000E+00
    5351   1.0000000000E+00
    5352   1.0000000000E+00
    5353   1.0000000000E+00
    5354   1.0000000000E+00
    5355   1.0000000000E+00
    5356   1.0000000000E+00
    5357   1.0000000000E+00
    5358   1.0000000000E+00
    5359   1.0000000000E+00
    5360   1.0000000000E+00
    5361   1.0000000000E+00
    5362   1.0000000000E+00
    5363   1.0000000000E+00
    5364   1.0000000000E+00
    5365   1.0000000000E+00
    5366   1.0000000000E+00
    5367   1.0000000000E+00
    5368   1.0000000000E+00
    5369   1.0000000000E+00
    5370   1.0000000000E+00
    5371   1.0000000000E+00
    5372   1.0000000000E+00
    5373   1.0000000000E+00
    5374   1.0000000000E+00
    5375   1.0000000000E+00
    5376   1.0000000000E+00
    5377   1.0000000000E+00
    5378   1.0000000000E+00
    5379   1.0000000000E+00
    5380   1.0000000000E+00
    5381   1.0000000000E+00
    5382   1.0000000000E+00
    5383   1.0000000000E+00
    5384   1.0000000000E+00
    5385   1.0000000000E+00
    5386   1.0000000000E+00
    5387   1.0000000000E+00
    5388   1.0000000000E+00
    5389   1.0000000000E+00
    5390   1.0000000000E+00
    5391   1.0000000000E+00
    5392   1.0000000000E+00
    5393   1.0000000000E+00
    5394   1.0000000000E+00
    5395   1.0000000000E+00
    5396   1.0000000000E+00
    5397   1.0000000000E+00
    5398   1.0000000000E+00
    5399   1.0000000000E+00
    5400   1.0000000000E+00
    5401   1.0000000000E+00
    5402   1.0000000000E+00
    5403   1.0000000000E+00
    5404   1.0000000000E+00
    5405   1.0000000000E+00
    5406   1.0000000000E+00
    5407   1.0000000000E+00
    5408   1.0000000000E+00
    5409   1.0000000000E+00
    5410   1.0000000000E+00
    5411   1.0000000000E+00
    5412   1.0000000000E+00
    5413   1.0000000000E+00
    5414   1.0000000000E+00
    5415   1.0000000000E+00
    5416   1.0000000000E+00
    5417   1.0000000000E+00
    5418   1.0000000000E+00
    5419   1.0000000000E+00
    5420   1.0000000000E+00
    5421   1.0000000000E+00
    5422   1.0000000000E+00
    5423   1.0000000000E+00
    5424   1.0000000000E+00
    5425   1.0000000000E+00
    5426   1.0000000000E+00
    5427   1.0000000000E+00
    5428   1.0000000000E+00
    5429   1.0000000000E+00
    5430   1.0000000000E+00
    5431   1.0000000000E+00
    5432   1.0000000000E+00
    5433   1.0000000000E+00
    5434   1.0000000000E+00
    5435   1.0000000000E+00
    5436   1.0000000000E+00
    5437   1.0000000000E+00
    5438   1.0000000000E+00
    5439   1.0000000000E+00
    5440   1.0000000000E+00
    5441   1.0000000000E+00
    5442   1.0000000000E+00
    5443   1.0000000000E+00
    5444   1.0000000000E+00
    5445   1.0000000000E+00
    5446   1.0000000000E+00
    5447   1.0000000000E+00
    5448   1.0000000000E+00
    5449   1.0000000000E+00
    5450   1.0000000000E+00
    5451   1.0000000000E+00
    5452   1.0000000000E+00
    5453   1.0000000000E+00
    5454   1.0000000000E+00
    5455   1.0000000000E+00
    5456   1.0000000000E+00
    5457   1.0000000000E+00
    5458   1.0000000000E+00
    5459   1.0000000000E+00
    5460   1.0000000000E+00
    5461   1.0000000000E+00
    5462   1.0000000000E+00
    5463   1.0000000000E+00
    5464   1.0000000000E+00
    5465   1.0000000000E+00
    5466   1.0000000000E+00
    5467   1.0000000000E+00
    5468   1.0000000000E+00
    5469   1.0000000000E+00
    5470   1.0000000000E+00
    5471   1.0000000000E+00
    5472   1.0000000000E+00
    5473   1.0000000000E+00
    5474   1.0000000000E+00
    5475   1.0000000000E+00
    5476   1.0000000000E+00
    5477   1.0000000000E+00
    5478   1.0000000000E+00
    5479   1.0000000000E+00
    5480   1.0000000000E+00
    5481   1.0000000000E+00
    5482   1.0000000000E+00
    5483   1.0000000000E+00
    5484   1.0000000000E+00
    5485   1.0000000000E+00
    5486   1.0000000000E+00
    5487   1.0000000000E+00
    5488   1.0000000000E+00
    5489   1.0000000000E+00
    5490   1.0000000000E+00
    5491   1.0000000000E+00
    5492   1.0000000000E+00
    5493   1.0000000000E+00
    5494   1.0000000000E+00
    5495   1.0000000000E+00
    5496   1.0000000000E+00
    5497   1.0000000000E+00
    5498   1.0000000000E+00
    5499   1.0000000000E+00
    5500   1.0000000000E+00
    5501   1.0000000000E+00
    5502   1.0000000000E+00
    5503   1.0000000000E+00
    5504   1.0000000000E+00
    5505   1.0000000000E+00
    5506   1.0000000000E+00
    5507   1.0000000000E+00
    5508   1.0000000000E+00
    5509   1.0000000000E+00
    5510   1.0000000000E+00
    5511   1.0000000000E+00
    5512   1.0000000000E+00
    5513   1.0000000000E+00
    5514   1.0000000000E+00
    5515   1.0000000000E+00
    5516   1.0000000000E+00
    5517   1.0000000000E+00
    5518   1.0000000000E+00
    5519   1.0000000000E+00
    5520   1.0000000000E+00
    5521   1.0000000000E+00
    5522   1.0000000000E+00
    5523   1.0000000000E+00
    5524   1.0000000000E+00
    5525   1.0000000000E+00
    5526   1.0000000000E+00
    5527   1.0000000000E+00
    5528   1.0000000000E+00
    5529   1.0000000000E+00
    5530   1.0000000000E+00
    5531   1.0000000000E+00
    5532   1.0000000000E+00
    5533   1.0000000000E+00
    5534   1.0000000000E+00
    5535   1.0000000000E+00
    5536   1.0000000000E+00
    5537   1.0000000000E+00
    5538   1.0000000000E+00
    5539   1.0000000000E+00
    5540   1.0000000000E+00
    5541   1.0000000000E+00
    5542   1.0000000000E+00
    5543   1.0000000000E+00
    5544   1.0000000000E+00
    5545   1.0000000000E+00
    5546   1.0000000000E+00
    5547   1.0000000000E+00
    5548   1.0000000000E+00
    5549   1.0000000000E+00
    5550   1.0000000000E+00
    5551   1.0000000000E+00
    5552   1.0000000000E+00
    5553   1.0000000000E+00
    5554   1.0000000000E+00
    5555   1.0000000000E+00
    5556   1.0000000000E+00
    5557   1.0000000000E+00
    5558   1.0000000000E+00
    5559   1.0000000000E+00
    5560   1.0000000000E+00
    5561   1.0000000000E+00
    5562   1.0000000000E+00
    5563   1.0000000000E+00
    5564   1.0000000000E+00
    5565   1.0000000000E+00
    5566   1.0000000000E+00
    5567   1.0000000000E+00
    5568   1.0000000000E+00
    5569   1.0000000000E+00
    5570   1.0000000000E+00
    5571   1.0000000000E+00
    5572   1.0000000000E+00
    5573   1.0000000000E+00
    5574   1.0000000000E+00
    5575   1.0000000000E+00
    5576   1.0000000000E+00
    5577   1.0000000000E+00
    5578   1.0000000000E+00
    5579   1.0000000000E+00
    5580   1.0000000000E+00
    5581   1.0000000000E+00
    5582   1.0000000000E+00
    5583   1.0000000000E+00
    5584   1.0000000000E+00
    5585   1.0000000000E+00
    5586   1.0000000000E+00
    5587   1.0000000000E+00
    5588   1.0000000000E+00
    5589   1.0000000000E+00
    5590   1.0000000000E+00
    5591   1.0000000000E+00
    5592   1.0000000000E+00
    5593   1.0000000000E+00
    5594   1.0000000000E+00
    5595   1.0000000000E+00
    5596   1.0000000000E+00
    5597   1.0000000000E+00
    5598   1.0000000000E+00
    5599   1.0000000000E+00
    5600   1.0000000000E+00
    5601   1.0000000000E+00
    5602   1.0000000000E+00
    5603   1.0000000000E+00
    5604   1.0000000000E+00
    5605   1.0000000000E+00
    5606   1.0000000000E+00
    5607   1.0000000000E+00
    5608   1.0000000000E+00
    5609   1.0000000000E+00
    5610   1.0000000000E+00
    5611   1.0000000000E+00
    5612   1.0000000000E+00
    5613   1.0000000000E+00
    5614   1.0000000000E+00
    5615   1.0000000000E+00
    5616   1.0000000000E+00
    5617   1.0000000000E+00
    5618   1.0000000000E+00
    5619   1.0000000000E+00
    5620   1.0000000000E+00
    5621   1.0000000000E+00
    5622   1.0000000000E+00
    5623   1.0000000000E+00
    5624   1.0000000000E+00
    5625   1.0000000000E+00
    5626   1.0000000000E+00
    5627   1.0000000000E+00
    5628   1.0000000000E+00
    5629   1.0000000000E+00
    5630   1.0000000000E+00
    5631   1.0000000000E+00
    5632   1.0000000000E+00
    5633   1.0000000000E+00
    5634   1.0000000000E+00
    5635   1.0000000000E+00
    5636   1.0000000000E+00
    5637   1.0000000000E+00
    5638   1.0000000000E+00
    5639   1.0000000000E+00
    5640   1.0000000000E+00
    5641   1.0000000000E+00
    5642   1.0000000000E+00
    5643   1.0000000000E+00
    5644   1.0000000000E+00
    5645   1.0000000000E+00
    5646   1.0000000000E+00
    5647   1.0000000000E+00
    5648   1.0000000000E+00
    5649   1.0000000000E+00
    5650   1.0000000000E+00
    5651   1.0000000000E+00
    5652   1.0000000000E+00
    5653   1.0000000000E+00
    5654   1.0000000000E+00
    5655   1.0000000000E+00
    5656   1.0000000000E+00
    5657   1.0000000000E+00
    5658   1.0000000000E+00
    5659   1.0000000000E+00
    5660   1.0000000000E+00
    5661   1.0000000000E+00
    5662   1.0000000000E+00
    5663   1.0000000000E+00
    5664   1.0000000000E+00
    5665   1.0000000000E+00
    5666   1.0000000000E+00
    5667   1.0000000000E+00
    5668   1.0000000000E+00
    5669   1.0000000000E+00
    5670   1.0000000000E+00
    5671   1.0000000000E+00
    5672   1.0000000000E+00
    5673   1.0000000000E+00
    5674   1.0000000000E+00
    5675   1.0000000000E+00
    5676   1.0000000000E+00
    5677   1.0000000000E+00
    5678   1.0000000000E+00
    5679   1.0000000000E+00
    5680   1.0000000000E+00
    5681   1.0000000000E+00
    5682   1.0000000000E+00
    5683   1.0000000000E+00
    5684   1.0000000000E+00
    5685   1.0000000000E+00
    5686   1.0000000000E+00
    5687   1.0000000000E+00
    5688   1.0000000000E+00
    5689   1.0000000000E+00
    5690   1.0000000000E+00
    5691   1.0000000000E+00
    5692   1.0000000000E+00
    5693   1.0000000000E+00
    5694   1.0000000000E+00
    5695   1.0000000000E+00
    5696   1.0000000000E+00
    5697   1.0000000000E+00
    5698   1.0000000000E+00
    5699   1.0000000000E+00
    5700   1.0000000000E+00
    5701   1.0000000000E+00
    5702   1.0000000000E+00
    5703   1.0000000000E+00
    5704   1.0000000000E+00
    5705   1.0000000000E+00
    5706   1.0000000000E+00
    5707   1.0000000000E+00
    5708   1.0000000000E+00
    5709   1.0000000000E+00
    5710   1.0000000000E+00
    5711   1.0000000000E+00
    5712   1.0000000000E+00
    5713   1.0000000000E+00
    5714   1.0000000000E+00
    5715   1.0000000000E+00
    5716   1.0000000000E+00
    5717   1.0000000000E+00
    5718   1.0000000000E+00
    5719   1.0000000000E+00
    5720   1.0000000000E+00
    5721   1.0000000000E+00
    5722   1.0000000000E+00
    5723   1.0000000000E+00
    5724   1.0000000000E+00
    5725   1.0000000000E+00
    5726   1.0000000000E+00
    5727   1.0000000000E+00
    5728   1.0000000000E+00
    5729   1.0000000000E+00
    5730   1.0000000000E+00
    5731   1.0000000000E+00
    5732   1.0000000000E+00
    5733   1.0000000000E+00
    5734   1.0000000000E+00
    5735   1.0000000000E+00
    5736   1.0000000000E+00
    5737   1.0000000000E+00
    5738   1.0000000000E+00
    5739   1.0000000000E+00
    5740   1.0000000000E+00
    5741   1.0000000000E+00
    5742   1.0000000000E+00
    5743   1.0000000000E+00
    5744   1.0000000000E+00
    5745   1.0000000000E+00
    5746   1.0000000000E+00
    5747   1.0000000000E+00
    5748   1.0000000000E+00
    5749   1.0000000000E+00
    5750   1.0000000000E+00
    5751   1.0000000000E+00
    5752   1.0000000000E+00
    5753   1.0000000000E+00
    5754   1.0000000000E+00
    5755   1.0000000000E+00
    5756   1.0000000000E+00
    5757   1.0000000000E+00
    5758   1.0000000000E+00
    5759   1.0000000000E+00
    5760   1.0000000000E+00
    5761   1.0000000000E+00
    5762   1.0000000000E+00
    5763   1.0000000000E+00
    5764   1.0000000000E+00
    5765   1.0000000000E+00
    5766   1.0000000000E+00
    5767   1.0000000000E+00
    5768   1.0000000000E+00
    5769   1.0000000000E+00
    5770   1.0000000000E+00
    5771   1.0000000000E+00
    5772   1.0000000000E+00
    5773   1.0000000000E+00
    5774   1.0000000000E+00
    5775   1.0000000000E+00
    5776   1.0000000000E+00
    5777   1.0000000000E+00
    5778   1.0000000000E+00
    5779   1.0000000000E+00
    5780   1.0000000000E+00
    5781   1.0000000000E+00
    5782   1.0000000000E+00
    5783   1.0000000000E+00
    5784   1.0000000000E+00
    5785   1.0000000000E+00
    5786   1.0000000000E+00
    5787   1.0000000000E+00
    5788   1.0000000000E+00
    5789   1.0000000000E+00
    5790   1.0000000000E+00
    5791   1.0000000000E+00
    5792   1.0000000000E+00
    5793   1.0000000000E+00
    5794   1.0000000000E+00
    5795   1.0000000000E+00
    5796   1.0000000000E+00
    5797   1.0000000000E+00
    5798   1.0000000000E+00
    5799   1.0000000000E+00
    5800   1.0000000000E+00
    5801   1.0000000000E+00
    5802   1.0000000000E+00
    5803   1.0000000000E+00
    5804   1.0000000000E+00
    5805   1.0000000000E+00
    5806   1.0000000000E+00
    5807   1.0000000000E+00
    5808   1.0000000000E+00
    5809   1.0000000000E+00
    5810   1.0000000000E+00
    5811   1.0000000000E+00
    5812   1.0000000000E+00
    5813   1.0000000000E+00
    5814   1.0000000000E+00
    5815   1.0000000000E+00
    5816   1.0000000000E+00
    5817   1.0000000000E+00
    5818   1.0000000000E+00
    5819   1.0000000000E+00
    5820   1.0000000000E+00
    5821   1.0000000000E+00
    5822   1.0000000000E+00
    5823   1.0000000000E+00
    5824   1.0000000000E+00
    5825   1.0000000000E+00
    5826   1.0000000000E+00
    5827   1.0000000000E+00
    5828   1.0000000000E+00
    5829   1.0000000000E+00
    5830   1.0000000000E+00
    5831   1.0000000000E+00
    5832   1.0000000000E+00
    5833   1.0000000000E+00
    5834   1.0000000000E+00
    5835   1.0000000000E+00
    5836   1.0000000000E+00
    5837   1.0000000000E+00
    5838   1.0000000000E+00
    5839   1.0000000000E+00
    5840   1.0000000000E+00
    5841   1.0000000000E+00
    5842   1.0000000000E+00
    5843   1.0000000000E+00
    5844   1.0000000000E+00
    5845   1.0000000000E+00
    5846   1.0000000000E+00
    5847   1.0000000000E+00
    5848   1.0000000000E+00
    5849   1.0000000000E+00
    5850   1.0000000000E+00
    5851   1.0000000000E+00
    5852   1.0000000000E+00
    5853   1.0000000000E+00
    5854   1.0000000000E+00
    5855   1.0000000000E+00
    5856   1.0000000000E+00
    5857   1.0000000000E+00
    5858   1.0000000000E+00
    5859   1.0000000000E+00
    5860   1.0000000000E+00
    5861   1.0000000000E+00
    5862   1.0000000000E+00
    5863   1.0000000000E+00
    5864   1.0000000000E+00
    5865   1.0000000000E+00
    5866   1.0000000000E+00
    5867   1.0000000000E+00
    5868   1.0000000000E+00
    5869   1.0000000000E+00
    5870   1.0000000000E+00
    5871   1.0000000000E+00
    5872   1.0000000000E+00
    5873   1.0000000000E+00
    5874   1.0000000000E+00
    5875   1.0000000000E+00
    5876   1.0000000000E+00
    5877   1.0000000000E+00
    5878   1.0000000000E+00
    5879   1.0000000000E+00
    5880   1.0000000000E+00
    5881   1.0000000000E+00
    5882   1.0000000000E+00
    5883   1.0000000000E+00
    5884   1.0000000000E+00
    5885   1.0000000000E+00
    5886   1.0000000000E+00
    5887   1.0000000000E+00
    5888   1.0000000000E+00
    5889   1.0000000000E+00
    5890   1.0000000000E+00
    5891   1.0000000000E+00
    5892   1.0000000000E+00
    5893   1.0000000000E+00
    5894   1.0000000000E+00
    5895   1.0000000000E+00
    5896   1.0000000000E+00
    5897   1.0000000000E+00
    5898   1.0000000000E+00
    5899   1.0000000000E+00
    5900   1.0000000000E+00
    5901   1.0000000000E+00
    5902   1.0000000000E+00
    5903   1.0000000000E+00
    5904   1.0000000000E+00
    5905   1.0000000000E+00
    5906   1.0000000000E+00
    5907   1.0000000000E+00
    5908   1.0000000000E+00
    5909   1.0000000000E+00
    5910   1.0000000000E+00
    5911   1.0000000000E+00
    5912   1.0000000000E+00
    5913   1.0000000000E+00
    5914   1.0000000000E+00
    5915   1.0000000000E+00
    5916   1.0000000000E+00
    5917   1.0000000000E+00
    5918   1.0000000000E+00
    5919   1.0000000000E+00
    5920   1.0000000000E+00
    5921   1.0000000000E+00
    5922   1.0000000000E+00
    5923   1.0000000000E+00
    5924   1.0000000000E+00
    5925   1.0000000000E+00
    5926   1.0000000000E+00
    5927   1.0000000000E+00
    5928   1.0000000000E+00
    5929   1.0000000000E+00
    5930   1.0000000000E+00
    5931   1.0000000000E+00
    5932   1.0000000000E+00
    5933   1.0000000000E+00
    5934   1.0000000000E+00
    5935   1.0000000000E+00
    5936   1.0000000000E+00
    5937   1.0000000000E+00
    5938   1.0000000000E+00
    5939   1.0000000000E+00
    5940   1.0000000000E+00
    5941   1.0000000000E+00
    5942   1.0000000000E+00
    5943   1.0000000000E+00
    5944   1.0000000000E+00
    5945   1.0000000000E+00
    5946   1.0000000000E+00
    5947   1.0000000000E+00
    5948   1.0000000000E+00
    5949   1.0000000000E+00
    5950   1.0000000000E+00
    5951   1.0000000000E+00
    5952   1.0000000000E+00
    5953   1.0000000000E+00
    5954   1.0000000000E+00
    5955   1.0000000000E+00
    5956   1.0000000000E+00
    5957   1.0000000000E+00
    5958   1.0000000000E+00
    5959   1.0000000000E+00
    5960   1.0000000000E+00
    5961   1.0000000000E+00
    5962   1.0000000000E+00
    5963   1.0000000000E+00
    5964   1.0000000000E+00
    5965   1.0000000000E+00
    5966   1.0000000000E+00
    5967   1.0000000000E+00
    5968   1.0000000000E+00
    5969   1.0000000000E+00
    5970   1.0000000000E+00
    5971   1.0000000000E+00
    5972   1.0000000000E+00
    5973   1.0000000000E+00
    5974   1.0000000000E+00
    5975   1.0000000000E+00
    5976   1.0000000000E+00
    5977   1.0000000000E+00
    5978   1.0000000000E+00
    5979   1.0000000000E+00
    5980   1.0000000000E+00
    5981   1.0000000000E+00
    5982   1.0000000000E+00
    5983   1.0000000000E+00
    5984   1.0000000000E+00
    5985   1.0000000000E+00
    5986   1.0000000000E+00
    5987   1.0000000000E+00
    5988   1.0000000000E+00
    5989   1.0000000000E+00
    5990   1.0000000000E+00
    5991   1.0000000000E+00
    5992   1.0000000000E+00
    5993   1.0000000000E+00
    5994   1.0000000000E+00
    5995   1.0000000000E+00
    5996   1.0000000000E+00
    5997   1.0000000000E+00
    5998   1.0000000000E+00
    5999   1.0000000000E+00
    6000   1.0000000000E+00
    6001   1.0000000000E+00
    6002   1.0000000000E+00
    6003   1.0000000000E+00
    6004   1.0000000000E+00
    6005   1.0000000000E+00
    6006   1.0000000000E+00
    6007   1.0000000000E+00
    6008   1.0000000000E+00
    6009   1.0000000000E+00
    6010   1.0000000000E+00
    6011   1.0000000000E+00
    6012   1.0000000000E+00
    6013   1.0000000000E+00
    6014   1.0000000000E+00
    6015   1.0000000000E+00
    6016   1.0000000000E+00
    6017   1.0000000000E+00
    6018   1.0000000000E+00
    6019   1.0000000000E+00
    6020   1.0000000000E+00
    6021   1.0000000000E+00
    6022   1.0000000000E+00
    6023   1.0000000000E+00
    6024   1.0000000000E+00
    6025   1.0000000000E+00
    6026   1.0000000000E+00
    6027   1.0000000000E+00
    6028   1.0000000000E+00
    6029   1.0000000000E+00
    6030   1.0000000000E+00
    6031   1.0000000000E+00
    6032   1.0000000000E+00
    6033   1.0000000000E+00
    6034   1.0000000000E+00
    6035   1.0000000000E+00
    6036   1.0000000000E+00
    6037   1.0000000000E+00
    6038   1.0000000000E+00
    6039   1.0000000000E+00
    6040   1.0000000000E+00
    6041   1.0000000000E+00
    6042   1.0000000000E+00
    6043   1.0000000000E+00
    6044   1.0000000000E+00
    6045   1.0000000000E+00
    6046   1.0000000000E+00
    6047   1.0000000000E+00
    6048   1.0000000000E+00
    6049   1.0000000000E+00
    6050   1.0000000000E+00
    6051   1.0000000000E+00
    6052   1.0000000000E+00
    6053   1.0000000000E+00
    6054   1.0000000000E+00
    6055   1.0000000000E+00
    6056   1.0000000000E+00
    6057   1.0000000000E+00
    6058   1.0000000000E+00
    6059   1.0000000000E+00
    6060   1.0000000000E+00
    6061   1.0000000000E+00
    6062   1.0000000000E+00
    6063   1.0000000000E+00
    6064   1.0000000000E+00
    6065   1.0000000000E+00
    6066   1.0000000000E+00
    6067   1.0000000000E+00
    6068   1.0000000000E+00
    6069   1.0000000000E+00
    6070   1.0000000000E+00
    6071   1.0000000000E+00
    6072   1.0000000000E+00
    6073   1.0000000000E+00
    6074   1.0000000000E+00
    6075   1.0000000000E+00
    6076   1.0000000000E+00
    6077   1.0000000000E+00
    6078   1.0000000000E+00
    6079   1.0000000000E+00
    6080   1.0000000000E+00
    6081   1.0000000000E+00
    6082   1.0000000000E+00
    6083   1.0000000000E+00
    6084   1.0000000000E+00
    6085   1.0000000000E+00
    6086   1.0000000000E+00
    6087   1.0000000000E+00
    6088   1.0000000000E+00
    6089   1.0000000000E+00
    6090   1.0000000000E+00
    6091   1.0000000000E+00
    6092   1.0000000000E+00
    6093   1.0000000000E+00
    6094   1.0000000000E+00
    6095   1.0000000000E+00
    6096   1.0000000000E+00
    6097   1.0000000000E+00
    6098   1.0000000000E+00
    6099   1.0000000000E+00
    6100   1.0000000000E+00
    6101   1.0000000000E+00
    6102   1.0000000000E+00
    6103   1.0000000000E+00
    6104   1.0000000000E+00
    6105   1.0000000000E+00
    6106   1.0000000000E+00
    6107   1.0000000000E+00
    6108   1.0000000000E+00
    6109   1.0000000000E+00
    6110   1.0000000000E+00
    6111   1.0000000000E+00
    6112   1.0000000000E+00
    6113   1.0000000000E+00
    6114   1.0000000000E+00
    6115   1.0000000000E+00
    6116   1.0000000000E+00
    6117   1.0000000000E+00
    6118   1.0000000000E+00
    6119   1.0000000000E+00
    6120   1.0000000000E+00
    6121   1.0000000000E+00
    6122   1.0000000000E+00
    6123   1.0000000000E+00
    6124   1.0000000000E+00
    6125   1.0000000000E+00
    6126   1.0000000000E+00
    6127   1.0000000000E+00
    6128   1.0000000000E+00
    6129   1.0000000000E+00
    6130   1.0000000000E+00
    6131   1.0000000000E+00
    6132   1.0000000000E+00
    6133   1.0000000000E+00
    6134   1.0000000000E+00
    6135   1.0000000000E+00
    6136   1.0000000000E+00
    6137   1.0000000000E+00
    6138   1.0000000000E+00
    6139   1.0000000000E+00
    6140   1.0000000000E+00
    6141   1.0000000000E+00
    6142   1.0000000000E+00
    6143   1.0000000000E+00
    6144   1.0000000000E+00
    6145   1.0000000000E+00
    6146   1.0000000000E+00
    6147   1.0000000000E+00
    6148   1.0000000000E+00
    6149   1.0000000000E+00
    6150   1.0000000000E+00
    6151   1.0000000000E+00
    6152   1.0000000000E+00
    6153   1.0000000000E+00
    6154   1.0000000000E+00
    6155   1.0000000000E+00
    6156   1.0000000000E+00
    6157   1.0000000000E+00
    6158   1.0000000000E+00
    6159   1.0000000000E+00
    6160   1.0000000000E+00
    6161   1.0000000000E+00
    6162   1.0000000000E+00
    6163   1.0000000000E+00
    6164   1.0000000000E+00
    6165   1.0000000000E+00
    6166   1.0000000000E+00
    6167   1.0000000000E+00
    6168   1.0000000000E+00
    6169   1.0000000000E+00
    6170   1.0000000000E+00
    6171   1.0000000000E+00
    6172   1.0000000000E+00
    6173   1.0000000000E+00
    6174   1.0000000000E+00
    6175   1.0000000000E+00
    6176   1.0000000000E+00
    6177   1.0000000000E+00
    6178   1.0000000000E+00
    6179   1.0000000000E+00
    6180   1.0000000000E+00
    6181   1.0000000000E+00
    6182   1.0000000000E+00
    6183   1.0000000000E+00
    6184   1.0000000000E+00
    6185   1.0000000000E+00
    6186   1.0000000000E+00
    6187   1.0000000000E+00
    6188   1.0000000000E+00
    6189   1.0000000000E+00
    6190   1.0000000000E+00
    6191   1.0000000000E+00
    6192   1.0000000000E+00
    6193   1.0000000000E+00
    6194   1.0000000000E+00
    6195   1.0000000000E+00
    6196   1.0000000000E+00
    6197   1.0000000000E+00
    6198   1.0000000000E+00
    6199   1.0000000000E+00
    6200   1.0000000000E+00
    6201   1.0000000000E+00
    6202   1.0000000000E+00
    6203   1.0000000000E+00
    6204   1.0000000000E+00
    6205   1.0000000000E+00
    6206   1.0000000000E+00
    6207   1.0000000000E+00
    6208   1.0000000000E+00
    6209   1.0000000000E+00
    6210   1.0000000000E+00
    6211   1.0000000000E+00
    6212   1.0000000000E+00
    6213   1.0000000000E+00
    6214   1.0000000000E+00
    6215   1.0000000000E+00
    6216   1.0000000000E+00
    6217   1.0000000000E+00
    6218   1.0000000000E+00
    6219   1.0000000000E+00
    6220   1.0000000000E+00
    6221   1.0000000000E+00
    6222   1.0000000000E+00
    6223   1.0000000000E+00
    6224   1.0000000000E+00
    6225   1.0000000000E+00
    6226   1.0000000000E+00
    6227   1.0000000000E+00
    6228   1.0000000000E+00
    6229   1.0000000000E+00
    6230   1.0000000000E+00
    6231   1.0000000000E+00
    6232   1.0000000000E+00
    6233   1.0000000000E+00
    6234   1.0000000000E+00
    6235   1.0000000000E+00
    6236   1.0000000000E+00
    6237   1.0000000000E+00
    6238   1.0000000000E+00
    6239   1.0000000000E+00
    6240   1.0000000000E+00
    6241   1.0000000000E+00
    6242   1.0000000000E+00
    6243   1.0000000000E+00
    6244   1.0000000000E+00
    6245   1.0000000000E+00
    6246   1.0000000000E+00
    6247   1.0000000000E+00
    6248   1.0000000000E+00
    6249   1.0000000000E+00
    6250   1.0000000000E+00
    6251   1.0000000000E+00
    6252   1.0000000000E+00
    6253   1.0000000000E+00
    6254   1.0000000000E+00
    6255   1.0000000000E+00
    6256   1.0000000000E+00
    6257   1.0000000000E+00
    6258   1.0000000000E+00
    6259   1.0000000000E+00
    6260   1.0000000000E+00
    6261   1.0000000000E+00
    6262   1.0000000000E+00
    6263   1.0000000000E+00
    6264   1.0000000000E+00
    6265   1.0000000000E+00
    6266   1.0000000000E+00
    6267   1.0000000000E+00
    6268   1.0000000000E+00
    6269   1.0000000000E+00
    6270   1.0000000000E+00
    6271   1.0000000000E+00
    6272   1.0000000000E+00
    6273   1.0000000000E+00
    6274   1.0000000000E+00
    6275   1.0000000000E+00
    6276   1.0000000000E+00
    6277   1.0000000000E+00
    6278   1.0000000000E+00
    6279   1.0000000000E+00
    6280   1.0000000000E+00
    6281   1.0000000000E+00
    6282   1.0000000000E+00
    6283   1.0000000000E+00
    6284   1.0000000000E+00
    6285   1.0000000000E+00
    6286   1.0000000000E+00
    6287   1.0000000000E+00
    6288   1.0000000000E+00
    6289   1.0000000000E+00
    6290   1.0000000000E+00
    6291   1.0000000000E+00
    6292   1.0000000000E+00
    6293   1.0000000000E+00
    6294   1.0000000000E+00
    6295   1.0000000000E+00
    6296   1.0000000000E+00
    6297   1.0000000000E+00
    6298   1.0000000000E+00
    6299   1.0000000000E+00
    6300   1.0000000000E+00
    6301   1.0000000000E+00
    6302   1.0000000000E+00
    6303   1.0000000000E+00
    6304   1.0000000000E+00
    6305   1.0000000000E+00
    6306   1.0000000000E+00
    6307   1.0000000000E+00
    6308   1.0000000000E+00
    6309   1.0000000000E+00
    6310   1.0000000000E+00
    6311   1.0000000000E+00
    6312   1.0000000000E+00
    6313   1.0000000000E+00
    6314   1.0000000000E+00
    6315   1.0000000000E+00
    6316   1.0000000000E+00
    6317   1.0000000000E+00
    6318   1.0000000000E+00
    6319   1.0000000000E+00
    6320   1.0000000000E+00
    6321   1.0000000000E+00
    6322   1.0000000000E+00
    6323   1.0000000000E+00
    6324   1.0000000000E+00
    6325   1.0000000000E+00
    6326   1.0000000000E+00
    6327   1.0000000000E+00
    6328   1.0000000000E+00
    6329   1.0000000000E+00
    6330   1.0000000000E+00
    6331   1.0000000000E+00
    6332   1.0000000000E+00
    6333   1.0000000000E+00
    6334   1.0000000000E+00
    6335   1.0000000000E+00
    6336   1.0000000000E+00
    6337   1.0000000000E+00
    6338   1.0000000000E+00
    6339   1.0000000000E+00
    6340   1.0000000000E+00
    6341   1.0000000000E+00
    6342   1.0000000000E+00
    6343   1.0000000000E+00
    6344   1.0000000000E+00
    6345   1.0000000000E+00
    6346   1.0000000000E+00
    6347   1.0000000000E+00
    6348   1.0000000000E+00
    6349   1.0000000000E+00
    6350   1.0000000000E+00
    6351   1.0000000000E+00
    6352   1.0000000000E+00
    6353   1.0000000000E+00
    6354   1.0000000000E+00
    6355   1.0000000000E+00
    6356   1.0000000000E+00
    6357   1.0000000000E+00
    6358   1.0000000000E+00
    6359   1.0000000000E+00
    6360   1.0000000000E+00
    6361   1.0000000000E+00
    6362   1.0000000000E+00
    6363   1.0000000000E+00
    6364   1.0000000000E+00
    6365   1.0000000000E+00
    6366   1.0000000000E+00
    6367   1.0000000000E+00
    6368   1.0000000000E+00
    6369   1.0000000000E+00
    6370   1.0000000000E+00
    6371   1.0000000000E+00
    6372   1.0000000000E+00
    6373   1.0000000000E+00
    6374   1.0000000000E+00
    6375   1.0000000000E+00
    6376   1.0000000000E+00
    6377   1.0000000000E+00
    6378   1.0000000000E+00
    6379   1.0000000000E+00
    6380   1.0000000000E+00
    6381   1.0000000000E+00
    6382   1.0000000000E+00
    6383   1.0000000000E+00
    6384   1.0000000000E+00
    6385   1.0000000000E+00
    6386   1.0000000000E+00
    6387   1.0000000000E+00
    6388   1.0000000000E+00
    6389   1.0000000000E+00
    6390   1.0000000000E+00
    6391   1.0000000000E+00
    6392   1.0000000000E+00
    6393   1.0000000000E+00
    6394   1.0000000000E+00
    6395   1.0000000000E+00
    6396   1.0000000000E+00
    6397   1.0000000000E+00
    6398   1.0000000000E+00
    6399   1.0000000000E+00
    6400   1.0000000000E+00
    6401   1.0000000000E+00
    6402   1.0000000000E+00
    6403   1.0000000000E+00
    6404   1.0000000000E+00
    6405   1.0000000000E+00
    6406   1.0000000000E+00
    6407   1.0000000000E+00
    6408   1.0000000000E+00
    6409   1.0000000000E+00
    6410   1.0000000000E+00
    6411   1.0000000000E+00
    6412   1.0000000000E+00
    6413   1.0000000000E+00
    6414   1.0000000000E+00
    6415   1.0000000000E+00
    6416   1.0000000000E+00
    6417   1.0000000000E+00
    6418   1.0000000000E+00
    6419   1.0000000000E+00
    6420   1.0000000000E+00
    6421   1.0000000000E+00
    6422   1.0000000000E+00
    6423   1.0000000000E+00
    6424   1.0000000000E+00
    6425   1.0000000000E+00
    6426   1.0000000000E+00
    6427   1.0000000000E+00
    6428   1.0000000000E+00
    6429   1.0000000000E+00
    6430   1.0000000000E+00
    6431   1.0000000000E+00
    6432   1.0000000000E+00
    6433   1.0000000000E+00
    6434   1.0000000000E+00
    6435   1.0000000000E+00
    6436   1.0000000000E+00
    6437   1.0000000000E+00
    6438   1.0000000000E+00
    6439   1.0000000000E+00
    6440   1.0000000000E+00
    6441   1.0000000000E+00
    6442   1.0000000000E+00
    6443   1.0000000000E+00
    6444   1.0000000000E+00
    6445   1.0000000000E+00
    6446   1.0000000000E+00
    6447   1.0000000000E+00
    6448   1.0000000000E+00
    6449   1.0000000000E+00
    6450   1.0000000000E+00
    6451   1.0000000000E+00
    6452   1.0000000000E+00
    6453   1.0000000000E+00
    6454   1.0000000000E+00
    6455   1.0000000000E+00
    6456   1.0000000000E+00
    6457   1.0000000000E+00
    6458   1.0000000000E+00
    6459   1.0000000000E+00
    6460   1.0000000000E+00
    6461   1.0000000000E+00
    6462   1.0000000000E+00
    6463   1.0000000000E+00
    6464   1.0000000000E+00
    6465   1.0000000000E+00
    6466   1.0000000000E+00
    6467   1.0000000000E+00
    6468   1.0000000000E+00
    6469   1.0000000000E+00
    6470   1.0000000000E+00
    6471   1.0000000000E+00
    6472   1.0000000000E+00
    6473   1.0000000000E+00
    6474   1.0000000000E+00
    6475   1.0000000000E+00
    6476   1.0000000000E+00
    6477   1.0000000000E+00
    6478   1.0000000000E+00
    6479   1.0000000000E+00
    6480   1.0000000000E+00
    6481   1.0000000000E+00
    6482   1.0000000000E+00
    6483   1.0000000000E+00
    6484   1.0000000000E+00
    6485   1.0000000000E+00
    6486   1.0000000000E+00
    6487   1.0000000000E+00
    6488   1.0000000000E+00
    6489   1.0000000000E+00
    6490   1.0000000000E+00
    6491   1.0000000000E+00
    6492   1.0000000000E+00
    6493   1.0000000000E+00
    6494   1.0000000000E+00
    6495   1.0000000000E+00
    6496   1.0000000000E+00
    6497   1.0000000000E+00
    6498   1.0000000000E+00
    6499   1.0000000000E+00
    6500   1.0000000000E+00
    6501   1.0000000000E+00
    6502   1.0000000000E+00
    6503   1.0000000000E+00
    6504   1.0000000000E+00
    6505   1.0000000000E+00
    6506   1.0000000000E+00
    6507   1.0000000000E+00
    6508   1.0000000000E+00
    6509   1.0000000000E+00
    6510   1.0000000000E+00
    6511   1.0000000000E+00
    6512   1.0000000000E+00
    6513   1.0000000000E+00
    6514   1.0000000000E+00
    6515   1.0000000000E+00
    6516   1.0000000000E+00
    6517   1.0000000000E+00
    6518   1.0000000000E+00
    6519   1.0000000000E+00
    6520   1.0000000000E+00
    6521   1.0000000000E+00
    6522   1.0000000000E+00
    6523   1.0000000000E+00
    6524   1.0000000000E+00
    6525   1.0000000000E+00
    6526   1.0000000000E+00
    6527   1.0000000000E+00
    6528   1.0000000000E+00
    6529   1.0000000000E+00
    6530   1.0000000000E+00
    6531   1.0000000000E+00
    6532   1.0000000000E+00
    6533   1.0000000000E+00
    6534   1.0000000000E+00
    6535   1.0000000000E+00
    6536   1.0000000000E+00
    6537   1.0000000000E+00
    6538   1.0000000000E+00
    6539   1.0000000000E+00
    6540   1.0000000000E+00
    6541   1.0000000000E+00
    6542   1.0000000000E+00
    6543   1.0000000000E+00
    6544   1.0000000000E+00
    6545   1.0000000000E+00
    6546   1.0000000000E+00
    6547   1.0000000000E+00
    6548   1.0000000000E+00
    6549   1.0000000000E+00
    6550   1.0000000000E+00
    6551   1.0000000000E+00
    6552   1.0000000000E+00
    6553   1.0000000000E+00
    6554   1.0000000000E+00
    6555   1.0000000000E+00
    6556   1.0000000000E+00
    6557   1.0000000000E+00
    6558   1.0000000000E+00
    6559   1.0000000000E+00
    6560   1.0000000000E+00
    6561   1.0000000000E+00
    6562   1.0000000000E+00
    6563   1.0000000000E+00
    6564   1.0000000000E+00
    6565   1.0000000000E+00
    6566   1.0000000000E+00
    6567   1.0000000000E+00
    6568   1.0000000000E+00
    6569   1.0000000000E+00
    6570   1.0000000000E+00
    6571   1.0000000000E+00
    6572   1.0000000000E+00
    6573   1.0000000000E+00
    6574   1.0000000000E+00
    6575   1.0000000000E+00
    6576   1.0000000000E+00
    6577   1.0000000000E+00
    6578   1.0000000000E+00
    6579   1.0000000000E+00
    6580   1.0000000000E+00
    6581   1.0000000000E+00
    6582   1.0000000000E+00
    6583   1.0000000000E+00
    6584   1.0000000000E+00
    6585   1.0000000000E+00
    6586   1.0000000000E+00
    6587   1.0000000000E+00
    6588   1.0000000000E+00
    6589   1.0000000000E+00
    6590   1.0000000000E+00
    6591   1.0000000000E+00
    6592   1.0000000000E+00
    6593   1.0000000000E+00
    6594   1.0000000000E+00
    6595   1.0000000000E+00
    6596   1.0000000000E+00
    6597   1.0000000000E+00
    6598   1.0000000000E+00
    6599   1.0000000000E+00
    6600   1.0000000000E+00
    6601   1.0000000000E+00
    6602   1.0000000000E+00
    6603   1.0000000000E+00
    6604   1.0000000000E+00
    6605   1.0000000000E+00
    6606   1.0000000000E+00
    6607   1.0000000000E+00
    6608   1.0000000000E+00
    6609   1.0000000000E+00
    6610   1.0000000000E+00
    6611   1.0000000000E+00
    6612   1.0000000000E+00
    6613   1.0000000000E+00
    6614   1.0000000000E+00
    6615   1.0000000000E+00
    6616   1.0000000000E+00
    6617   1.0000000000E+00
    6618   1.0000000000E+00
    6619   1.0000000000E+00
    6620   1.0000000000E+00
    6621   1.0000000000E+00
    6622   1.0000000000E+00
    6623   1.0000000000E+00
    6624   1.0000000000E+00
    6625   1.0000000000E+00
    6626   1.0000000000E+00
    6627   1.0000000000E+00
    6628   1.0000000000E+00
    6629   1.0000000000E+00
    6630   1.0000000000E+00
    6631   1.0000000000E+00
    6632   1.0000000000E+00
    6633   1.0000000000E+00
    6634   1.0000000000E+00
    6635   1.0000000000E+00
    6636   1.0000000000E+00
    6637   1.0000000000E+00
    6638   1.0000000000E+00
    6639   1.0000000000E+00
    6640   1.0000000000E+00
    6641   1.0000000000E+00
    6642   1.0000000000E+00
    6643   1.0000000000E+00
    6644   1.0000000000E+00
    6645   1.0000000000E+00
    6646   1.0000000000E+00
    6647   1.0000000000E+00
    6648   1.0000000000E+00
    6649   1.0000000000E+00
    6650   1.0000000000E+00
    6651   1.0000000000E+00
    6652   1.0000000000E+00
    6653   1.0000000000E+00
    6654   1.0000000000E+00
    6655   1.0000000000E+00
    6656   1.0000000000E+00
    6657   1.0000000000E+00
    6658   1.0000000000E+00
    6659   1.0000000000E+00
    6660   1.0000000000E+00
    6661   1.0000000000E+00
    6662   1.0000000000E+00
    6663   1.0000000000E+00
    6664   1.0000000000E+00
    6665   1.0000000000E+00
    6666   1.0000000000E+00
    6667   1.0000000000E+00
    6668   1.0000000000E+00
    6669   1.0000000000E+00
    6670   1.0000000000E+00
    6671   1.0000000000E+00
    6672   1.0000000000E+00
    6673   1.0000000000E+00
    6674   1.0000000000E+00
    6675   1.0000000000E+00
    6676   1.0000000000E+00
    6677   1.0000000000E+00
    6678   1.0000000000E+00
    6679   1.0000000000E+00
    6680   1.0000000000E+00
    6681   1.0000000000E+00
    6682   1.0000000000E+00
    6683   1.0000000000E+00
    6684   1.0000000000E+00
    6685   1.0000000000E+00
    6686   1.0000000000E+00
    6687   1.0000000000E+00
    6688   1.0000000000E+00
    6689   1.0000000000E+00
    6690   1.0000000000E+00
    6691   1.0000000000E+00
    6692   1.0000000000E+00
    6693   1.0000000000E+00
    6694   1.0000000000E+00
    6695   1.0000000000E+00
    6696   1.0000000000E+00
    6697   1.0000000000E+00
    6698   1.0000000000E+00
    6699   1.0000000000E+00
    6700   1.0000000000E+00
    6701   1.0000000000E+00
    6702   1.0000000000E+00
    6703   1.0000000000E+00
    6704   1.0000000000E+00
    6705   1.0000000000E+00
    6706   1.0000000000E+00
    6707   1.0000000000E+00
    6708   1.0000000000E+00
    6709   1.0000000000E+00
    6710   1.0000000000E+00
    6711   1.0000000000E+00
    6712   1.0000000000E+00
    6713   1.0000000000E+00
    6714   1.0000000000E+00
    6715   1.0000000000E+00
    6716   1.0000000000E+00
    6717   1.0000000000E+00
    6718   1.0000000000E+00
    6719   1.0000000000E+00
    6720   1.0000000000E+00
    6721   1.0000000000E+00
    6722   1.0000000000E+00
    6723   1.0000000000E+00
    6724   1.0000000000E+00
    6725   1.0000000000E+00
    6726   1.0000000000E+00
    6727   1.0000000000E+00
    6728   1.0000000000E+00
    6729   1.0000000000E+00
    6730   1.0000000000E+00
    6731   1.0000000000E+00
    6732   1.0000000000E+00
    6733   1.0000000000E+00
    6734   1.0000000000E+00
    6735   1.0000000000E+00
    6736   1.0000000000E+00
    6737   1.0000000000E+00
    6738   1.0000000000E+00
    6739   1.0000000000E+00
    6740   1.0000000000E+00
    6741   1.0000000000E+00
    6742   1.0000000000E+00
    6743   1.0000000000E+00
    6744   1.0000000000E+00
    6745   1.0000000000E+00
    6746   1.0000000000E+00
    6747   1.0000000000E+00
    6748   1.0000000000E+00
    6749   1.0000000000E+00
    6750   1.0000000000E+00
    6751   1.0000000000E+00
    6752   1.0000000000E+00
    6753   1.0000000000E+00
    6754   1.0000000000E+00
    6755   1.0000000000E+00
    6756   1.0000000000E+00
    6757   1.0000000000E+00
    6758   1.0000000000E+00
    6759   1.0000000000E+00
    6760   1.0000000000E+00
    6761   1.0000000000E+00
    6762   1.0000000000E+00
    6763   1.0000000000E+00
    6764   1.0000000000E+00
    6765   1.0000000000E+00
    6766   1.0000000000E+00
    6767   1.0000000000E+00
    6768   1.0000000000E+00
    6769   1.0000000000E+00
    6770   1.0000000000E+00
    6771   1.0000000000E+00
    6772   1.0000000000E+00
    6773   1.0000000000E+00
    6774   1.0000000000E+00
    6775   1.0000000000E+00
    6776   1.0000000000E+00
    6777   1.0000000000E+00
    6778   1.0000000000E+00
    6779   1.0000000000E+00
    6780   1.0000000000E+00
    6781   1.0000000000E+00
    6782   1.0000000000E+00
    6783   1.0000000000E+00
    6784   1.0000000000E+00
    6785   1.0000000000E+00
    6786   1.0000000000E+00
    6787   1.0000000000E+00
    6788   1.0000000000E+00
    6789   1.0000000000E+00
    6790   1.0000000000E+00
    6791   1.0000000000E+00
    6792   1.0000000000E+00
    6793   1.0000000000E+00
    6794   1.0000000000E+00
    6795   1.0000000000E+00
    6796   1.0000000000E+00
    6797   1.0000000000E+00
    6798   1.0000000000E+00
    6799   1.0000000000E+00
    6800   1.0000000000E+00
    6801   1.0000000000E+00
    6802   1.0000000000E+00
    6803   1.0000000000E+00
    6804   1.0000000000E+00
    6805   1.0000000000E+00
    6806   1.0000000000E+00
    6807   1.0000000000E+00
    6808   1.0000000000E+00
    6809   1.0000000000E+00
    6810   1.0000000000E+00
    6811   1.0000000000E+00
    6812   1.0000000000E+00
    6813   1.0000000000E+00
    6814   1.0000000000E+00
    6815   1.0000000000E+00
    6816   1.0000000000E+00
    6817   1.0000000000E+00
    6818   1.0000000000E+00
    6819   1.0000000000E+00
    6820   1.0000000000E+00
    6821   1.0000000000E+00
    6822   1.0000000000E+00
    6823   1.0000000000E+00
    6824   1.0000000000E+00
    6825   1.0000000000E+00
    6826   1.0000000000E+00
    6827   1.0000000000E+00
    6828   1.0000000000E+00
    6829   1.0000000000E+00
    6830   1.0000000000E+00
    6831   1.0000000000E+00
    6832   1.0000000000E+00
    6833   1.0000000000E+00
    6834   1.0000000000E+00
    6835   1.0000000000E+00
    6836   1.0000000000E+00
    6837   1.0000000000E+00
    6838   1.0000000000E+00
    6839   1.0000000000E+00
    6840   1.0000000000E+00
    6841   1.0000000000E+00
    6842   1.0000000000E+00
    6843   1.0000000000E+00
    6844   1.0000000000E+00
    6845   1.0000000000E+00
    6846   1.0000000000E+00
    6847   1.0000000000E+00
    6848   1.0000000000E+00
    6849   1.0000000000E+00
    6850   1.0000000000E+00
    6851   1.0000000000E+00
    6852   1.0000000000E+00
    6853   1.0000000000E+00
    6854   1.0000000000E+00
    6855   1.0000000000E+00
    6856   1.0000000000E+00
    6857   1.0000000000E+00
    6858   1.0000000000E+00
    6859   1.0000000000E+00
    6860   1.0000000000E+00
    6861   1.0000000000E+00
    6862   1.0000000000E+00
    6863   1.0000000000E+00
    6864   1.0000000000E+00
    6865   1.0000000000E+00
    6866   1.0000000000E+00
    6867   1.0000000000E+00
    6868   1.0000000000E+00
    6869   1.0000000000E+00
    6870   1.0000000000E+00
    6871   1.0000000000E+00
    6872   1.0000000000E+00
    6873   1.0000000000E+00
    6874   1.0000000000E+00
    6875   1.0000000000E+00
    6876   1.0000000000E+00
    6877   1.0000000000E+00
    6878   1.0000000000E+00
    6879   1.0000000000E+00
    6880   1.0000000000E+00
    6881   1.0000000000E+00
    6882   1.0000000000E+00
    6883   1.0000000000E+00
    6884   1.0000000000E+00
    6885   1.0000000000E+00
    6886   1.0000000000E+00
    6887   1.0000000000E+00
    6888   1.0000000000E+00
    6889   1.0000000000E+00
    6890   1.0000000000E+00
    6891   1.0000000000E+00
    6892   1.0000000000E+00
    6893   1.0000000000E+00
    6894   1.0000000000E+00
    6895   1.0000000000E+00
    6896   1.0000000000E+00
    6897   1.0000000000E+00
    6898   1.0000000000E+00
    6899   1.0000000000E+00
    6900   1.0000000000E+00
    6901   1.0000000000E+00
    6902   1.0000000000E+00
    6903   1.0000000000E+00
    6904   1.0000000000E+00
    6905   1.0000000000E+00
    6906   1.0000000000E+00
    6907   1.0000000000E+00
    6908   1.0000000000E+00
    6909   1.0000000000E+00
    6910   1.0000000000E+00
    6911   1.0000000000E+00
    6912   1.0000000000E+00
    6913   1.0000000000E+00
    6914   1.0000000000E+00
    6915   1.0000000000E+00
    6916   1.0000000000E+00
    6917   1.0000000000E+00
    6918   1.0000000000E+00
    6919   1.0000000000E+00
    6920   1.0000000000E+00
    6921   1.0000000000E+00
    6922   1.0000000000E+00
    6923   1.0000000000E+00
    6924   1.0000000000E+00
    6925   1.0000000000E+00
    6926   1.0000000000E+00
    6927   1.0000000000E+00
    6928   1.0000000000E+00
    6929   1.0000000000E+00
    6930   1.0000000000E+00
    6931   1.0000000000E+00
    6932   1.0000000000E+00
    6933   1.0000000000E+00
    6934   1.0000000000E+00
    6935   1.0000000000E+00
    6936   1.0000000000E+00
    6937   1.0000000000E+00
    6938   1.0000000000E+00
    6939   1.0000000000E+00
    6940   1.0000000000E+00
    6941   1.0000000000E+00
    6942   1.0000000000E+00
    6943   1.0000000000E+00
    6944   1.0000000000E+00
    6945   1.0000000000E+00
    6946   1.0000000000E+00
    6947   1.0000000000E+00
    6948   1.0000000000E+00
    6949   1.0000000000E+00
    6950   1.0000000000E+00
    6951   1.0000000000E+00
    6952   1.0000000000E+00
    6953   1.0000000000E+00
    6954   1.0000000000E+00
    6955   1.0000000000E+00
    6956   1.0000000000E+00
    6957   1.0000000000E+00
    6958   1.0000000000E+00
    6959   1.0000000000E+00
    6960   1.0000000000E+00
    6961   1.0000000000E+00
    6962   1.0000000000E+00
    6963   1.0000000000E+00
    6964   1.0000000000E+00
    6965   1.0000000000E+00
    6966   1.0000000000E+00
    6967   1.0000000000E+00
    6968   1.0000000000E+00
    6969   1.0000000000E+00
    6970   1.0000000000E+00
    6971   1.0000000000E+00
    6972   1.0000000000E+00
    6973   1.0000000000E+00
    6974   1.0000000000E+00
    6975   1.0000000000E+00
    6976   1.0000000000E+00
    6977   1.0000000000E+00
    6978   1.0000000000E+00
    6979   1.0000000000E+00
    6980   1.0000000000E+00
    6981   1.0000000000E+00
    6982   1.0000000000E+00
    6983   1.0000000000E+00
    6984   1.0000000000E+00
    6985   1.0000000000E+00
    6986   1.0000000000E+00
    6987   1.0000000000E+00
    6988   1.0000000000E+00
    6989   1.0000000000E+00
    6990   1.0000000000E+00
    6991   1.0000000000E+00
    6992   1.0000000000E+00
    6993   1.0000000000E+00
    6994   1.0000000000E+00
    6995   1.0000000000E+00
    6996   1.0000000000E+00
    6997   1.0000000000E+00
    6998   1.0000000000E+00
    6999   1.0000000000E+00
    7000   1.0000000000E+00
    7001   1.0000000000E+00
    7002   1.0000000000E+00
    7003   1.0000000000E+00
    7004   1.0000000000E+00
    7005   1.0000000000E+00
    7006   1.0000000000E+00
    7007   1.0000000000E+00
    7008   1.0000000000E+00
    7009   1.0000000000E+00
    7010   1.0000000000E+00
    7011   1.0000000000E+00
    7012   1.0000000000E+00
    7013   1.0000000000E+00
    7014   1.0000000000E+00
    7015   1.0000000000E+00
    7016   1.0000000000E+00
    7017   1.0000000000E+00
    7018   1.0000000000E+00
    7019   1.0000000000E+00
    7020   1.0000000000E+00
    7021   1.0000000000E+00
    7022   1.0000000000E+00
    7023   1.0000000000E+00
    7024   1.0000000000E+00
    7025   1.0000000000E+00
    7026   1.0000000000E+00
    7027   1.0000000000E+00
    7028   1.0000000000E+00
    7029   1.0000000000E+00
    7030   1.0000000000E+00
    7031   1.0000000000E+00
    7032   1.0000000000E+00
    7033   1.0000000000E+00
    7034   1.0000000000E+00
    7035   1.0000000000E+00
    7036   1.0000000000E+00
    7037   1.0000000000E+00
    7038   1.0000000000E+00
    7039   1.0000000000E+00
    7040   1.0000000000E+00
    7041   1.0000000000E+00
    7042   1.0000000000E+00
    7043   1.0000000000E+00
    7044   1.0000000000E+00
    7045   1.0000000000E+00
    7046   1.0000000000E+00
    7047   1.0000000000E+00
    7048   1.0000000000E+00
    7049   1.0000000000E+00
    7050   1.0000000000E+00
    7051   1.0000000000E+00
    7052   1.0000000000E+00
    7053   1.0000000000E+00
    7054   1.0000000000E+00
    7055   1.0000000000E+00
    7056   1.0000000000E+00
    7057   1.0000000000E+00
    7058   1.0000000000E+00
    7059   1.0000000000E+00
    7060   1.0000000000E+00
    7061   1.0000000000E+00
    7062   1.0000000000E+00
    7063   1.0000000000E+00
    7064   1.0000000000E+00
    7065   1.0000000000E+00
    7066   1.0000000000E+00
    7067   1.0000000000E+00
    7068   1.0000000000E+00
    7069   1.0000000000E+00
    7070   1.0000000000E+00
    7071   1.0000000000E+00
    7072   1.0000000000E+00
    7073   1.0000000000E+00
    7074   1.0000000000E+00
    7075   1.0000000000E+00
    7076   1.0000000000E+00
    7077   1.0000000000E+00
    7078   1.0000000000E+00
    7079   1.0000000000E+00
    7080   1.0000000000E+00
    7081   1.0000000000E+00
    7082   1.0000000000E+00
    7083   1.0000000000E+00
    7084   1.0000000000E+00
    7085   1.0000000000E+00
    7086   1.0000000000E+00
    7087   1.0000000000E+00
    7088   1.0000000000E+00
    7089   1.0000000000E+00
    7090   1.0000000000E+00
    7091   1.0000000000E+00
    7092   1.0000000000E+00
    7093   1.0000000000E+00
    7094   1.0000000000E+00
    7095   1.0000000000E+00
    7096   1.0000000000E+00
    7097   1.0000000000E+00
    7098   1.0000000000E+00
    7099   1.0000000000E+00
    7100   1.0000000000E+00
    7101   1.0000000000E+00
    7102   1.0000000000E+00
    7103   1.0000000000E+00
    7104   1.0000000000E+00
    7105   1.0000000000E+00
    7106   1.0000000000E+00
    7107   1.0000000000E+00
    7108   1.0000000000E+00
    7109   1.0000000000E+00
    7110   1.0000000000E+00
    7111   1.0000000000E+00
    7112   1.0000000000E+00
    7113   1.0000000000E+00
    7114   1.0000000000E+00
    7115   1.0000000000E+00
    7116   1.0000000000E+00
    7117   1.0000000000E+00
    7118   1.0000000000E+00
    7119   1.0000000000E+00
    7120   1.0000000000E+00
    7121   1.0000000000E+00
    7122   1.0000000000E+00
    7123   1.0000000000E+00
    7124   1.0000000000E+00
    7125   1.0000000000E+00
    7126   1.0000000000E+00
    7127   1.0000000000E+00
    7128   1.0000000000E+00
    7129   1.0000000000E+00
    7130   1.0000000000E+00
    7131   1.0000000000E+00
    7132   1.0000000000E+00
    7133   1.0000000000E+00
    7134   1.0000000000E+00
    7135   1.0000000000E+00
    7136   1.0000000000E+00
    7137   1.0000000000E+00
    7138   1.0000000000E+00
    7139   1.0000000000E+00
    7140   1.0000000000E+00
    7141   1.0000000000E+00
    7142   1.0000000000E+00
    7143   1.0000000000E+00
    7144   1.0000000000E+00
    7145   1.0000000000E+00
    7146   1.0000000000E+00
    7147   1.0000000000E+00
    7148   1.0000000000E+00
    7149   1.0000000000E+00
    7150   1.0000000000E+00
    7151   1.0000000000E+00
    7152   1.0000000000E+00
    7153   1.0000000000E+00
    7154   1.0000000000E+00
    7155   1.0000000000E+00
    7156   1.0000000000E+00
    7157   1.0000000000E+00
    7158   1.0000000000E+00
    7159   1.0000000000E+00
    7160   1.0000000000E+00
    7161   1.0000000000E+00
    7162   1.0000000000E+00
    7163   1.0000000000E+00
    7164   1.0000000000E+00
    7165   1.0000000000E+00
    7166   1.0000000000E+00
    7167   1.0000000000E+00
    7168   1.0000000000E+00
    7169   1.0000000000E+00
    7170   1.0000000000E+00
    7171   1.0000000000E+00
    7172   1.0000000000E+00
    7173   1.0000000000E+00
    7174   1.0000000000E+00
    7175   1.0000000000E+00
    7176   1.0000000000E+00
    7177   1.0000000000E+00
    7178   1.0000000000E+00
    7179   1.0000000000E+00
    7180   1.0000000000E+00
    7181   1.0000000000E+00
    7182   1.0000000000E+00
    7183   1.0000000000E+00
    7184   1.0000000000E+00
    7185   1.0000000000E+00
    7186   1.0000000000E+00
    7187   1.0000000000E+00
    7188   1.0000000000E+00
    7189   1.0000000000E+00
    7190   1.0000000000E+00
    7191   1.0000000000E+00
    7192   1.0000000000E+00
    7193   1.0000000000E+00
    7194   1.0000000000E+00
    7195   1.0000000000E+00
    7196   1.0000000000E+00
    7197   1.0000000000E+00
    7198   1.0000000000E+00
    7199   1.0000000000E+00
    7200   1.0000000000E+00
    7201   1.0000000000E+00
    7202   1.0000000000E+00
    7203   1.0000000000E+00
    7204   1.0000000000E+00
    7205   1.0000000000E+00
    7206   1.0000000000E+00
    7207   1.0000000000E+00
    7208   1.0000000000E+00
    7209   1.0000000000E+00
    7210   1.0000000000E+00
    7211   1.0000000000E+00
    7212   1.0000000000E+00
    7213   1.0000000000E+00
    7214   1.0000000000E+00
    7215   1.0000000000E+00
    7216   1.0000000000E+00
    7217   1.0000000000E+00
    7218   1.0000000000E+00
    7219   1.0000000000E+00
    7220   1.0000000000E+00
    7221   1.0000000000E+00
    7222   1.0000000000E+00
    7223   1.0000000000E+00
    7224   1.0000000000E+00
    7225   1.0000000000E+00
    7226   1.0000000000E+00
    7227   1.0000000000E+00
    7228   1.0000000000E+00
    7229   1.0000000000E+00
    7230   1.0000000000E+00
    7231   1.0000000000E+00
    7232   1.0000000000E+00
    7233   1.0000000000E+00
    7234   1.0000000000E+00
    7235   1.0000000000E+00
    7236   1.0000000000E+00
    7237   1.0000000000E+00
    7238   1.0000000000E+00
    7239   1.0000000000E+00
    7240   1.0000000000E+00
    7241   1.0000000000E+00
    7242   1.0000000000E+00
    7243   1.0000000000E+00
    7244   1.0000000000E+00
    7245   1.0000000000E+00
    7246   1.0000000000E+00
    7247   1.0000000000E+00
    7248   1.0000000000E+00
    7249   1.0000000000E+00
    7250   1.0000000000E+00
    7251   1.0000000000E+00
    7252   1.0000000000E+00
    7253   1.0000000000E+00
    7254   1.0000000000E+00
    7255   1.0000000000E+00
    7256   1.0000000000E+00
    7257   1.0000000000E+00
    7258   1.0000000000E+00
    7259   1.0000000000E+00
    7260   1.0000000000E+00
    7261   1.0000000000E+00
    7262   1.0000000000E+00
    7263   1.0000000000E+00
    7264   1.0000000000E+00
    7265   1.0000000000E+00
    7266   1.0000000000E+00
    7267   1.0000000000E+00
    7268   1.0000000000E+00
    7269   1.0000000000E+00
    7270   1.0000000000E+00
    7271   1.0000000000E+00
    7272   1.0000000000E+00
    7273   1.0000000000E+00
    7274   1.0000000000E+00
    7275   1.0000000000E+00
    7276   1.0000000000E+00
    7277   1.0000000000E+00
    7278   1.0000000000E+00
    7279   1.0000000000E+00
    7280   1.0000000000E+00
    7281   1.0000000000E+00
    7282   1.0000000000E+00
    7283   1.0000000000E+00
    7284   1.0000000000E+00
    7285   1.0000000000E+00
    7286   1.0000000000E+00
    7287   1.0000000000E+00
    7288   1.0000000000E+00
    7289   1.0000000000E+00
    7290   1.0000000000E+00
    7291   1.0000000000E+00
    7292   1.0000000000E+00
    7293   1.0000000000E+00
    7294   1.0000000000E+00
    7295   1.0000000000E+00
    7296   1.0000000000E+00
    7297   1.0000000000E+00
    7298   1.0000000000E+00
    7299   1.0000000000E+00
    7300   1.0000000000E+00
    7301   1.0000000000E+00
    7302   1.0000000000E+00
    7303   1.0000000000E+00
    7304   1.0000000000E+00
    7305   1.0000000000E+00
    7306   1.0000000000E+00
    7307   1.0000000000E+00
    7308   1.0000000000E+00
    7309   1.0000000000E+00
    7310   1.0000000000E+00
    7311   1.0000000000E+00
    7312   1.0000000000E+00
    7313   1.0000000000E+00
    7314   1.0000000000E+00
    7315   1.0000000000E+00
    7316   1.0000000000E+00
    7317   1.0000000000E+00
    7318   1.0000000000E+00
    7319   1.0000000000E+00
    7320   1.0000000000E+00
    7321   1.0000000000E+00
    7322   1.0000000000E+00
    7323   1.0000000000E+00
    7324   1.0000000000E+00
    7325   1.0000000000E+00
    7326   1.0000000000E+00
    7327   1.0000000000E+00
    7328   1.0000000000E+00
    7329   1.0000000000E+00
    7330   1.0000000000E+00
    7331   1.0000000000E+00
    7332   1.0000000000E+00
    7333   1.0000000000E+00
    7334   1.0000000000E+00
    7335   1.0000000000E+00
    7336   1.0000000000E+00
    7337   1.0000000000E+00
    7338   1.0000000000E+00
    7339   1.0000000000E+00
    7340   1.0000000000E+00
    7341   1.0000000000E+00
    7342   1.0000000000E+00
    7343   1.0000000000E+00
    7344   1.0000000000E+00
    7345   1.0000000000E+00
    7346   1.0000000000E+00
    7347   1.0000000000E+00
    7348   1.0000000000E+00
    7349   1.0000000000E+00
    7350   1.0000000000E+00
    7351   1.0000000000E+00
    7352   1.0000000000E+00
    7353   1.0000000000E+00
    7354   1.0000000000E+00
    7355   1.0000000000E+00
    7356   1.0000000000E+00
    7357   1.0000000000E+00
    7358   1.0000000000E+00
    7359   1.0000000000E+00
    7360   1.0000000000E+00
    7361   1.0000000000E+00
    7362   1.0000000000E+00
    7363   1.0000000000E+00
    7364   1.0000000000E+00
    7365   1.0000000000E+00
    7366   1.0000000000E+00
    7367   1.0000000000E+00
    7368   1.0000000000E+00
    7369   1.0000000000E+00
    7370   1.0000000000E+00
    7371   1.0000000000E+00
    7372   1.0000000000E+00
    7373   1.0000000000E+00
    7374   1.0000000000E+00
    7375   1.0000000000E+00
    7376   1.0000000000E+00
    7377   1.0000000000E+00
    7378   1.0000000000E+00
    7379   1.0000000000E+00
    7380   1.0000000000E+00
    7381   1.0000000000E+00
    7382   1.0000000000E+00
    7383   1.0000000000E+00
    7384   1.0000000000E+00
    7385   1.0000000000E+00
    7386   1.0000000000E+00
    7387   1.0000000000E+00
    7388   1.0000000000E+00
    7389   1.0000000000E+00
    7390   1.0000000000E+00
    7391   1.0000000000E+00
    7392   1.0000000000E+00
    7393   1.0000000000E+00
    7394   1.0000000000E+00
    7395   1.0000000000E+00
    7396   1.0000000000E+00
    7397   1.0000000000E+00
    7398   1.0000000000E+00
    7399   1.0000000000E+00
    7400   1.0000000000E+00
    7401   1.0000000000E+00
    7402   1.0000000000E+00
    7403   1.0000000000E+00
    7404   1.0000000000E+00
    7405   1.0000000000E+00
    7406   1.0000000000E+00
    7407   1.0000000000E+00
    7408   1.0000000000E+00
    7409   1.0000000000E+00
    7410   1.0000000000E+00
    7411   1.0000000000E+00
    7412   1.0000000000E+00
    7413   1.0000000000E+00
    7414   1.0000000000E+00
    7415   1.0000000000E+00
    7416   1.0000000000E+00
    7417   1.0000000000E+00
    7418   1.0000000000E+00
    7419   1.0000000000E+00
    7420   1.0000000000E+00
    7421   1.0000000000E+00
    7422   1.0000000000E+00
    7423   1.0000000000E+00
    7424   1.0000000000E+00
    7425   1.0000000000E+00
    7426   1.0000000000E+00
    7427   1.0000000000E+00
    7428   1.0000000000E+00
    7429   1.0000000000E+00
    7430   1.0000000000E+00
    7431   1.0000000000E+00
    7432   1.0000000000E+00
    7433   1.0000000000E+00
    7434   1.0000000000E+00
    7435   1.0000000000E+00
    7436   1.0000000000E+00
    7437   1.0000000000E+00
    7438   1.0000000000E+00
    7439   1.0000000000E+00
    7440   1.0000000000E+00
    7441   1.0000000000E+00
    7442   1.0000000000E+00
    7443   1.0000000000E+00
    7444   1.0000000000E+00
    7445   1.0000000000E+00
    7446   1.0000000000E+00
    7447   1.0000000000E+00
    7448   1.0000000000E+00
    7449   1.0000000000E+00
    7450   1.0000000000E+00
    7451   1.0000000000E+00
    7452   1.0000000000E+00
    7453   1.0000000000E+00
    7454   1.0000000000E+00
    7455   1.0000000000E+00
    7456   1.0000000000E+00
    7457   1.0000000000E+00
    7458   1.0000000000E+00
    7459   1.0000000000E+00
    7460   1.0000000000E+00
    7461   1.0000000000E+00
    7462   1.0000000000E+00
    7463   1.0000000000E+00
    7464   1.0000000000E+00
    7465   1.0000000000E+00
    7466   1.0000000000E+00
    7467   1.0000000000E+00
    7468   1.0000000000E+00
    7469   1.0000000000E+00
    7470   1.0000000000E+00
    7471   1.0000000000E+00
    7472   1.0000000000E+00
    7473   1.0000000000E+00
    7474   1.0000000000E+00
    7475   1.0000000000E+00
    7476   1.0000000000E+00
    7477   1.0000000000E+00
    7478   1.0000000000E+00
    7479   1.0000000000E+00
    7480   1.0000000000E+00
    7481   1.0000000000E+00
    7482   1.0000000000E+00
    7483   1.0000000000E+00
    7484   1.0000000000E+00
    7485   1.0000000000E+00
    7486   1.0000000000E+00
    7487   1.0000000000E+00
    7488   1.0000000000E+00
    7489   1.0000000000E+00
    7490   1.0000000000E+00
    7491   1.0000000000E+00
    7492   1.0000000000E+00
    7493   1.0000000000E+00
    7494   1.0000000000E+00
    7495   1.0000000000E+00
    7496   1.0000000000E+00
    7497   1.0000000000E+00
    7498   1.0000000000E+00
    7499   1.0000000000E+00
    7500   1.0000000000E+00
    7501   1.0000000000E+00
    7502   1.0000000000E+00
    7503   1.0000000000E+00
    7504   1.0000000000E+00
    7505   1.0000000000E+00
    7506   1.0000000000E+00
    7507   1.0000000000E+00
    7508   1.0000000000E+00
    7509   1.0000000000E+00
    7510   1.0000000000E+00
    7511   1.0000000000E+00
    7512   1.0000000000E+00
    7513   1.0000000000E+00
    7514   1.0000000000E+00
    7515   1.0000000000E+00
    7516   1.0000000000E+00
    7517   1.0000000000E+00
    7518   1.0000000000E+00
    7519   1.0000000000E+00
    7520   1.0000000000E+00
    7521   1.0000000000E+00
    7522   1.0000000000E+00
    7523   1.0000000000E+00
    7524   1.0000000000E+00
    7525   1.0000000000E+00
    7526   1.0000000000E+00
    7527   1.0000000000E+00
    7528   1.0000000000E+00
    7529   1.0000000000E+00
    7530   1.0000000000E+00
    7531   1.0000000000E+00
    7532   1.0000000000E+00
    7533   1.0000000000E+00
    7534   1.0000000000E+00
    7535   1.0000000000E+00
    7536   1.0000000000E+00
    7537   1.0000000000E+00
    7538   1.0000000000E+00
    7539   1.0000000000E+00
    7540   1.0000000000E+00
    7541   1.0000000000E+00
    7542   1.0000000000E+00
    7543   1.0000000000E+00
    7544   1.0000000000E+00
    7545   1.0000000000E+00
    7546   1.0000000000E+00
    7547   1.0000000000E+00
    7548   1.0000000000E+00
    7549   1.0000000000E+00
    7550   1.0000000000E+00
    7551   1.0000000000E+00
    7552   1.0000000000E+00
    7553   1.0000000000E+00
    7554   1.0000000000E+00
    7555   1.0000000000E+00
    7556   1.0000000000E+00
    7557   1.0000000000E+00
    7558   1.0000000000E+00
    7559   1.0000000000E+00
    7560   1.0000000000E+00
    7561   1.0000000000E+00
    7562   1.0000000000E+00
    7563   1.0000000000E+00
    7564   1.0000000000E+00
    7565   1.0000000000E+00
    7566   1.0000000000E+00
    7567   1.0000000000E+00
    7568   1.0000000000E+00
    7569   1.0000000000E+00
    7570   1.0000000000E+00
    7571   1.0000000000E+00
    7572   1.0000000000E+00
    7573   1.0000000000E+00
    7574   1.0000000000E+00
    7575   1.0000000000E+00
    7576   1.0000000000E+00
    7577   1.0000000000E+00
    7578   1.0000000000E+00
    7579   1.0000000000E+00
    7580   1.0000000000E+00
    7581   1.0000000000E+00
    7582   1.0000000000E+00
    7583   1.0000000000E+00
    7584   1.0000000000E+00
    7585   1.0000000000E+00
    7586   1.0000000000E+00
    7587   1.0000000000E+00
    7588   1.0000000000E+00
    7589   1.0000000000E+00
    7590   1.0000000000E+00
    7591   1.0000000000E+00
    7592   1.0000000000E+00
    7593   1.0000000000E+00
    7594   1.0000000000E+00
    7595   1.0000000000E+00
    7596   1.0000000000E+00
    7597   1.0000000000E+00
    7598   1.0000000000E+00
    7599   1.0000000000E+00
    7600   1.0000000000E+00
    7601   1.0000000000E+00
    7602   1.0000000000E+00
    7603   1.0000000000E+00
    7604   1.0000000000E+00
    7605   1.0000000000E+00
    7606   1.0000000000E+00
    7607   1.0000000000E+00
    7608   1.0000000000E+00
    7609   1.0000000000E+00
    7610   1.0000000000E+00
    7611   1.0000000000E+00
    7612   1.0000000000E+00
    7613   1.0000000000E+00
    7614   1.0000000000E+00
    7615   1.0000000000E+00
    7616   1.0000000000E+00
    7617   1.0000000000E+00
    7618   1.0000000000E+00
    7619   1.0000000000E+00
    7620   1.0000000000E+00
    7621   1.0000000000E+00
    7622   1.0000000000E+00
    7623   1.0000000000E+00
    7624   1.0000000000E+00
    7625   1.0000000000E+00
    7626   1.0000000000E+00
    7627   1.0000000000E+00
    7628   1.0000000000E+00
    7629   1.0000000000E+00
    7630   1.0000000000E+00
    7631   1.0000000000E+00
    7632   1.0000000000E+00
    7633   1.0000000000E+00
    7634   1.0000000000E+00
    7635   1.0000000000E+00
    7636   1.0000000000E+00
    7637   1.0000000000E+00
    7638   1.0000000000E+00
    7639   1.0000000000E+00
    7640   1.0000000000E+00
    7641   1.0000000000E+00
    7642   1.0000000000E+00
    7643   1.0000000000E+00
    7644   1.0000000000E+00
    7645   1.0000000000E+00
    7646   1.0000000000E+00
    7647   1.0000000000E+00
    7648   1.0000000000E+00
    7649   1.0000000000E+00
    7650   1.0000000000E+00
    7651   1.0000000000E+00
    7652   1.0000000000E+00
    7653   1.0000000000E+00
    7654   1.0000000000E+00
    7655   1.0000000000E+00
    7656   1.0000000000E+00
    7657   1.0000000000E+00
    7658   1.0000000000E+00
    7659   1.0000000000E+00
    7660   1.0000000000E+00
    7661   1.0000000000E+00
    7662   1.0000000000E+00
    7663   1.0000000000E+00
    7664   1.0000000000E+00
    7665   1.0000000000E+00
    7666   1.0000000000E+00
    7667   1.0000000000E+00
    7668   1.0000000000E+00
    7669   1.0000000000E+00
    7670   1.0000000000E+00
    7671   1.0000000000E+00
    7672   1.0000000000E+00
    7673   1.0000000000E+00
    7674   1.0000000000E+00
    7675   1.0000000000E+00
    7676   1.0000000000E+00
    7677   1.0000000000E+00
    7678   1.0000000000E+00
    7679   1.0000000000E+00
    7680   1.0000000000E+00
    7681   1.0000000000E+00
    7682   1.0000000000E+00
    7683   1.0000000000E+00
    7684   1.0000000000E+00
    7685   1.0000000000E+00
    7686   1.0000000000E+00
    7687   1.0000000000E+00
    7688   1.0000000000E+00
    7689   1.0000000000E+00
    7690   1.0000000000E+00
    7691   1.0000000000E+00
    7692   1.0000000000E+00
    7693   1.0000000000E+00
    7694   1.0000000000E+00
    7695   1.0000000000E+00
    7696   1.0000000000E+00
    7697   1.0000000000E+00
    7698   1.0000000000E+00
    7699   1.0000000000E+00
    7700   1.0000000000E+00
    7701   1.0000000000E+00
    7702   1.0000000000E+00
    7703   1.0000000000E+00
    7704   1.0000000000E+00
    7705   1.0000000000E+00
    7706   1.0000000000E+00
    7707   1.0000000000E+00
    7708   1.0000000000E+00
    7709   1.0000000000E+00
    7710   1.0000000000E+00
    7711   1.0000000000E+00
    7712   1.0000000000E+00
    7713   1.0000000000E+00
    7714   1.0000000000E+00
    7715   1.0000000000E+00
    7716   1.0000000000E+00
    7717   1.0000000000E+00
    7718   1.0000000000E+00
    7719   1.0000000000E+00
    7720   1.0000000000E+00
    7721   1.0000000000E+00
    7722   1.0000000000E+00
    7723   1.0000000000E+00
    7724   1.0000000000E+00
    7725   1.0000000000E+00
    7726   1.0000000000E+00
    7727   1.0000000000E+00
    7728   1.0000000000E+00
    7729   1.0000000000E+00
    7730   1.0000000000E+00
    7731   1.0000000000E+00
    7732   1.0000000000E+00
    7733   1.0000000000E+00
    7734   1.0000000000E+00
    7735   1.0000000000E+00
    7736   1.0000000000E+00
    7737   1.0000000000E+00
    7738   1.0000000000E+00
    7739   1.0000000000E+00
    7740   1.0000000000E+00
    7741   1.0000000000E+00
    7742   1.0000000000E+00
    7743   1.0000000000E+00
    7744   1.0000000000E+00
    7745   1.0000000000E+00
    7746   1.0000000000E+00
    7747   1.0000000000E+00
    7748   1.0000000000E+00
    7749   1.0000000000E+00
    7750   1.0000000000E+00
    7751   1.0000000000E+00
    7752   1.0000000000E+00
    7753   1.0000000000E+00
    7754   1.0000000000E+00
    7755   1.0000000000E+00
    7756   1.0000000000E+00
    7757   1.0000000000E+00
    7758   1.0000000000E+00
    7759   1.0000000000E+00
    7760   1.0000000000E+00
    7761   1.0000000000E+00
    7762   1.0000000000E+00
    7763   1.0000000000E+00
    7764   1.0000000000E+00
    7765   1.0000000000E+00
    7766   1.0000000000E+00
    7767   1.0000000000E+00
    7768   1.0000000000E+00
    7769   1.0000000000E+00
    7770   1.0000000000E+00
    7771   1.0000000000E+00
    7772   1.0000000000E+00
    7773   1.0000000000E+00
    7774   1.0000000000E+00
    7775   1.0000000000E+00
    7776   1.0000000000E+00
    7777   1.0000000000E+00
    7778   1.0000000000E+00
    7779   1.0000000000E+00
    7780   1.0000000000E+00
    7781   1.0000000000E+00
    7782   1.0000000000E+00
    7783   1.0000000000E+00
    7784   1.0000000000E+00
    7785   1.0000000000E+00
    7786   1.0000000000E+00
    7787   1.0000000000E+00
    7788   1.0000000000E+00
    7789   1.0000000000E+00
    7790   1.0000000000E+00
    7791   1.0000000000E+00
    7792   1.0000000000E+00
    7793   1.0000000000E+00
    7794   1.0000000000E+00
    7795   1.0000000000E+00
    7796   1.0000000000E+00
    7797   1.0000000000E+00
    7798   1.0000000000E+00
    7799   1.0000000000E+00
    7800   1.0000000000E+00
    7801   1.0000000000E+00
    7802   1.0000000000E+00
    7803   1.0000000000E+00
    7804   1.0000000000E+00
    7805   1.0000000000E+00
    7806   1.0000000000E+00
    7807   1.0000000000E+00
    7808   1.0000000000E+00
    7809   1.0000000000E+00
    7810   1.0000000000E+00
    7811   1.0000000000E+00
    7812   1.0000000000E+00
    7813   1.0000000000E+00
    7814   1.0000000000E+00
    7815   1.0000000000E+00
    7816   1.0000000000E+00
    7817   1.0000000000E+00
    7818   1.0000000000E+00
    7819   1.0000000000E+00
    7820   1.0000000000E+00
    7821   1.0000000000E+00
    7822   1.0000000000E+00
    7823   1.0000000000E+00
    7824   1.0000000000E+00
    7825   1.0000000000E+00
    7826   1.0000000000E+00
    7827   1.0000000000E+00
    7828   1.0000000000E+00
    7829   1.0000000000E+00
    7830   1.0000000000E+00
    7831   1.0000000000E+00
    7832   1.0000000000E+00
    7833   1.0000000000E+00
    7834   1.0000000000E+00
    7835   1.0000000000E+00
    7836   1.0000000000E+00
    7837   1.0000000000E+00
    7838   1.0000000000E+00
    7839   1.0000000000E+00
    7840   1.0000000000E+00
    7841   1.0000000000E+00
    7842   1.0000000000E+00
    7843   1.0000000000E+00
    7844   1.0000000000E+00
    7845   1.0000000000E+00
    7846   1.0000000000E+00
    7847   1.0000000000E+00
    7848   1.0000000000E+00
    7849   1.0000000000E+00
    7850   1.0000000000E+00
    7851   1.0000000000E+00
    7852   1.0000000000E+00
    7853   1.0000000000E+00
    7854   1.0000000000E+00
    7855   1.0000000000E+00
    7856   1.0000000000E+00
    7857   1.0000000000E+00
    7858   1.0000000000E+00
    7859   1.0000000000E+00
    7860   1.0000000000E+00
    7861   1.0000000000E+00
    7862   1.0000000000E+00
    7863   1.0000000000E+00
    7864   1.0000000000E+00
    7865   1.0000000000E+00
    7866   1.0000000000E+00
    7867   1.0000000000E+00
    7868   1.0000000000E+00
    7869   1.0000000000E+00
    7870   1.0000000000E+00
    7871   1.0000000000E+00
    7872   1.0000000000E+00
    7873   1.0000000000E+00
    7874   1.0000000000E+00
    7875   1.0000000000E+00
    7876   1.0000000000E+00
    7877   1.0000000000E+00
    7878   1.0000000000E+00
    7879   1.0000000000E+00
    7880   1.0000000000E+00
    7881   1.0000000000E+00
    7882   1.0000000000E+00
    7883   1.0000000000E+00
    7884   1.0000000000E+00
    7885   1.0000000000E+00
    7886   1.0000000000E+00
    7887   1.0000000000E+00
    7888   1.0000000000E+00
    7889   1.0000000000E+00
    7890   1.0000000000E+00
    7891   1.0000000000E+00
    7892   1.0000000000E+00
    7893   1.0000000000E+00
    7894   1.0000000000E+00
    7895   1.0000000000E+00
    7896   1.0000000000E+00
    7897   1.0000000000E+00
    7898   1.0000000000E+00
    7899   1.0000000000E+00
    7900   1.0000000000E+00
    7901   1.0000000000E+00
    7902   1.0000000000E+00
    7903   1.0000000000E+00
    7904   1.0000000000E+00
    7905   1.0000000000E+00
    7906   1.0000000000E+00
    7907   1.0000000000E+00
    7908   1.0000000000E+00
    7909   1.0000000000E+00
    7910   1.0000000000E+00
    7911   1.0000000000E+00
    7912   1.0000000000E+00
    7913   1.0000000000E+00
    7914   1.0000000000E+00
    7915   1.0000000000E+00
    7916   1.0000000000E+00
    7917   1.0000000000E+00
    7918   1.0000000000E+00
    7919   1.0000000000E+00
    7920   1.0000000000E+00
    7921   1.0000000000E+00
    7922   1.0000000000E+00
    7923   1.0000000000E+00
    7924   1.0000000000E+00
    7925   1.0000000000E+00
    7926   1.0000000000E+00
    7927   1.0000000000E+00
    7928   1.0000000000E+00
    7929   1.0000000000E+00
    7930   1.0000000000E+00
    7931   1.0000000000E+00
    7932   1.0000000000E+00
    7933   1.0000000000E+00
    7934   1.0000000000E+00
    7935   1.0000000000E+00
    7936   1.0000000000E+00
    7937   1.0000000000E+00
    7938   1.0000000000E+00
    7939   1.0000000000E+00
    7940   1.0000000000E+00
    7941   1.0000000000E+00
    7942   1.0000000000E+00
    7943   1.0000000000E+00
    7944   1.0000000000E+00
    7945   1.0000000000E+00
    7946   1.0000000000E+00
    7947   1.0000000000E+00
    7948   1.0000000000E+00
    7949   1.0000000000E+00
    7950   1.0000000000E+00
    7951   1.0000000000E+00
    7952   1.0000000000E+00
    7953   1.0000000000E+00
    7954   1.0000000000E+00
    7955   1.0000000000E+00
    7956   1.0000000000E+00
    7957   1.0000000000E+00
    7958   1.0000000000E+00
    7959   1.0000000000E+00
    7960   1.0000000000E+00
    7961   1.0000000000E+00
    7962   1.0000000000E+00
    7963   1.0000000000E+00
    7964   1.0000000000E+00
    7965   1.0000000000E+00
    7966   1.0000000000E+00
    7967   1.0000000000E+00
    7968   1.0000000000E+00
    7969   1.0000000000E+00
    7970   1.0000000000E+00
    7971   1.0000000000E+00
    7972   1.0000000000E+00
    7973   1.0000000000E+00
    7974   1.0000000000E+00
    7975   1.0000000000E+00
    7976   1.0000000000E+00
    7977   1.0000000000E+00
    7978   1.0000000000E+00
    7979   1.0000000000E+00
    7980   1.0000000000E+00
    7981   1.0000000000E+00
    7982   1.0000000000E+00
    7983   1.0000000000E+00
    7984   1.0000000000E+00
    7985   1.0000000000E+00
    7986   1.0000000000E+00
    7987   1.0000000000E+00
    7988   1.0000000000E+00
    7989   1.0000000000E+00
    7990   1.0000000000E+00
    7991   1.0000000000E+00
    7992   1.0000000000E+00
    7993   1.0000000000E+00
    7994   1.0000000000E+00
    7995   1.0000000000E+00
    7996   1.0000000000E+00
    7997   1.0000000000E+00
    7998   1.0000000000E+00
    7999   1.0000000000E+00
    8000   1.0000000000E+00
    8001   1.0000000000E+00
    8002   1.0000000000E+00
    8003   1.0000000000E+00
    8004   1.0000000000E+00
    8005   1.0000000000E+00
    8006   1.0000000000E+00
    8007   1.0000000000E+00
    8008   1.0000000000E+00
    8009   1.0000000000E+00
    8010   1.0000000000E+00
    8011   1.0000000000E+00
    8012   1.0000000000E+00
    8013   1.0000000000E+00
    8014   1.0000000000E+00
    8015   1.0000000000E+00
    8016   1.0000000000E+00
    8017   1.0000000000E+00
    8018   1.0000000000E+00
    8019   1.0000000000E+00
    8020   1.0000000000E+00
    8021   1.0000000000E+00
    8022   1.0000000000E+00
    8023   1.0000000000E+00
    8024   1.0000000000E+00
    8025   1.0000000000E+00
    8026   1.0000000000E+00
    8027   1.0000000000E+00
    8028   1.0000000000E+00
    8029   1.0000000000E+00
    8030   1.0000000000E+00
    8031   1.0000000000E+00
    8032   1.0000000000E+00
    8033   1.0000000000E+00
    8034   1.0000000000E+00
    8035   1.0000000000E+00
    8036   1.0000000000E+00
    8037   1.0000000000E+00
    8038   1.0000000000E+00
    8039   1.0000000000E+00
    8040   1.0000000000E+00
    8041   1.0000000000E+00
    8042   1.0000000000E+00
    8043   1.0000000000E+00
    8044   1.0000000000E+00
    8045   1.0000000000E+00
    8046   1.0000000000E+00
    8047   1.0000000000E+00
    8048   1.0000000000E+00
    8049   1.0000000000E+00
    8050   1.0000000000E+00
    8051   1.0000000000E+00
    8052   1.0000000000E+00
    8053   1.0000000000E+00
    8054   1.0000000000E+00
    8055   1.0000000000E+00
    8056   1.0000000000E+00
    8057   1.0000000000E+00
    8058   1.0000000000E+00
    8059   1.0000000000E+00
    8060   1.0000000000E+00
    8061   1.0000000000E+00
    8062   1.0000000000E+00
    8063   1.0000000000E+00
    8064   1.0000000000E+00
    8065   1.0000000000E+00
    8066   1.0000000000E+00
    8067   1.0000000000E+00
    8068   1.0000000000E+00
    8069   1.0000000000E+00
    8070   1.0000000000E+00
    8071   1.0000000000E+00
    8072   1.0000000000E+00
    8073   1.0000000000E+00
    8074   1.0000000000E+00
    8075   1.0000000000E+00
    8076   1.0000000000E+00
    8077   1.0000000000E+00
    8078   1.0000000000E+00
    8079   1.0000000000E+00
    8080   1.0000000000E+00
    8081   1.0000000000E+00
    8082   1.0000000000E+00
    8083   1.0000000000E+00
    8084   1.0000000000E+00
    8085   1.0000000000E+00
    8086   1.0000000000E+00
    8087   1.0000000000E+00
    8088   1.0000000000E+00
    8089   1.0000000000E+00
    8090   1.0000000000E+00
    8091   1.0000000000E+00
    8092   1.0000000000E+00
    8093   1.0000000000E+00
    8094   1.0000000000E+00
    8095   1.0000000000E+00
    8096   1.0000000000E+00
    8097   1.0000000000E+00
    8098   1.0000000000E+00
    8099   1.0000000000E+00
    8100   1.0000000000E+00
    8101   1.0000000000E+00
    8102   1.0000000000E+00
    8103   1.0000000000E+00
    8104   1.0000000000E+00
    8105   1.0000000000E+00
    8106   1.0000000000E+00
    8107   1.0000000000E+00
    8108   1.0000000000E+00
    8109   1.0000000000E+00
    8110   1.0000000000E+00
    8111   1.0000000000E+00
    8112   1.0000000000E+00
    8113   1.0000000000E+00
    8114   1.0000000000E+00
    8115   1.0000000000E+00
    8116   1.0000000000E+00
    8117   1.0000000000E+00
    8118   1.0000000000E+00
    8119   1.0000000000E+00
    8120   1.0000000000E+00
    8121   1.0000000000E+00
    8122   1.0000000000E+00
    8123   1.0000000000E+00
    8124   1.0000000000E+00
    8125   1.0000000000E+00
    8126   1.0000000000E+00
    8127   1.0000000000E+00
    8128   1.0000000000E+00
    8129   1.0000000000E+00
    8130   1.0000000000E+00
    8131   1.0000000000E+00
    8132   1.0000000000E+00
    8133   1.0000000000E+00
    8134   1.0000000000E+00
    8135   1.0000000000E+00
    8136   1.0000000000E+00
    8137   1.0000000000E+00
    8138   1.0000000000E+00
    8139   1.0000000000E+00
    8140   1.0000000000E+00
    8141   1.0000000000E+00
    8142   1.0000000000E+00
    8143   1.0000000000E+00
    8144   1.0000000000E+00
    8145   1.0000000000E+00
    8146   1.0000000000E+00
    8147   1.0000000000E+00
    8148   1.0000000000E+00
    8149   1.0000000000E+00
    8150   1.0000000000E+00
    8151   1.0000000000E+00
    8152   1.0000000000E+00
    8153   1.0000000000E+00
    8154   1.0000000000E+00
    8155   1.0000000000E+00
    8156   1.0000000000E+00
    8157   1.0000000000E+00
    8158   1.0000000000E+00
    8159   1.0000000000E+00
    8160   1.0000000000E+00
    8161   1.0000000000E+00
    8162   1.0000000000E+00
    8163   1.0000000000E+00
    8164   1.0000000000E+00
    8165   1.0000000000E+00
    8166   1.0000000000E+00
    8167   1.0000000000E+00
    8168   1.0000000000E+00
    8169   1.0000000000E+00
    8170   1.0000000000E+00
    8171   1.0000000000E+00
    8172   1.0000000000E+00
    8173   1.0000000000E+00
    8174   1.0000000000E+00
    8175   1.0000000000E+00
    8176   1.0000000000E+00
    8177   1.0000000000E+00
    8178   1.0000000000E+00
    8179   1.0000000000E+00
    8180   1.0000000000E+00
    8181   1.0000000000E+00
    8182   1.0000000000E+00
    8183   1.0000000000E+00
    8184   1.0000000000E+00
    8185   1.0000000000E+00
    8186   1.0000000000E+00
    8187   1.0000000000E+00
    8188   1.0000000000E+00
    8189   1.0000000000E+00
    8190   1.0000000000E+00
    8191   1.0000000000E+00
    8192   1.0000000000E+00
    8193   1.0000000000E+00
    8194   1.0000000000E+00
    8195   1.0000000000E+00
    8196   1.0000000000E+00
    8197   1.0000000000E+00
    8198   1.0000000000E+00
    8199   1.0000000000E+00
    8200   1.0000000000E+00
    8201   1.0000000000E+00
    8202   1.0000000000E+00
    8203   1.0000000000E+00
    8204   1.0000000000E+00
    8205   1.0000000000E+00
    8206   1.0000000000E+00
    8207   1.0000000000E+00
    8208   1.0000000000E+00
    8209   1.0000000000E+00
    8210   1.0000000000E+00
    8211   1.0000000000E+00
    8212   1.0000000000E+00
    8213   1.0000000000E+00
    8214   1.0000000000E+00
    8215   1.0000000000E+00
    8216   1.0000000000E+00
    8217   1.0000000000E+00
    8218   1.0000000000E+00
    8219   1.0000000000E+00
    8220   1.0000000000E+00
    8221   1.0000000000E+00
    8222   1.0000000000E+00
    8223   1.0000000000E+00
    8224   1.0000000000E+00
    8225   1.0000000000E+00
    8226   1.0000000000E+00
    8227   1.0000000000E+00
    8228   1.0000000000E+00
    8229   1.0000000000E+00
    8230   1.0000000000E+00
    8231   1.0000000000E+00
    8232   1.0000000000E+00
    8233   1.0000000000E+00
    8234   1.0000000000E+00
    8235   1.0000000000E+00
    8236   1.0000000000E+00
    8237   1.0000000000E+00
    8238   1.0000000000E+00
    8239   1.0000000000E+00
    8240   1.0000000000E+00
    8241   1.0000000000E+00
    8242   1.0000000000E+00
    8243   1.0000000000E+00
    8244   1.0000000000E+00
    8245   1.0000000000E+00
    8246   1.0000000000E+00
    8247   1.0000000000E+00
    8248   1.0000000000E+00
    8249   1.0000000000E+00
    8250   1.0000000000E+00
    8251   1.0000000000E+00
    8252   1.0000000000E+00
    8253   1.0000000000E+00
    8254   1.0000000000E+00
    8255   1.0000000000E+00
    8256   1.0000000000E+00
    8257   1.0000000000E+00
    8258   1.0000000000E+00
    8259   1.0000000000E+00
    8260   1.0000000000E+00
    8261   1.0000000000E+00
    8262   1.0000000000E+00
    8263   1.0000000000E+00
    8264   1.0000000000E+00
    8265   1.0000000000E+00
    8266   1.0000000000E+00
    8267   1.0000000000E+00
    8268   1.0000000000E+00
    8269   1.0000000000E+00
    8270   1.0000000000E+00
    8271   1.0000000000E+00
    8272   1.0000000000E+00
    8273   1.0000000000E+00
    8274   1.0000000000E+00
    8275   1.0000000000E+00
    8276   1.0000000000E+00
    8277   1.0000000000E+00
    8278   1.0000000000E+00
    8279   1.0000000000E+00
    8280   1.0000000000E+00
    8281   1.0000000000E+00
    8282   1.0000000000E+00
    8283   1.0000000000E+00
    8284   1.0000000000E+00
    8285   1.0000000000E+00
    8286   1.0000000000E+00
    8287   1.0000000000E+00
    8288   1.0000000000E+00
    8289   1.0000000000E+00
    8290   1.0000000000E+00
    8291   1.0000000000E+00
    8292   1.0000000000E+00
    8293   1.0000000000E+00
    8294   1.0000000000E+00
    8295   1.0000000000E+00
    8296   1.0000000000E+00
    8297   1.0000000000E+00
    8298   1.0000000000E+00
    8299   1.0000000000E+00
    8300   1.0000000000E+00
    8301   1.0000000000E+00
    8302   1.0000000000E+00
    8303   1.0000000000E+00
    8304   1.0000000000E+00
    8305   1.0000000000E+00
    8306   1.0000000000E+00
    8307   1.0000000000E+00
    8308   1.0000000000E+00
    8309   1.0000000000E+00
    8310   1.0000000000E+00
    8311   1.0000000000E+00
    8312   1.0000000000E+00
    8313   1.0000000000E+00
    8314   1.0000000000E+00
    8315   1.0000000000E+00
    8316   1.0000000000E+00
    8317   1.0000000000E+00
    8318   1.0000000000E+00
    8319   1.0000000000E+00
    8320   1.0000000000E+00
    8321   1.0000000000E+00
    8322   1.0000000000E+00
    8323   1.0000000000E+00
    8324   1.0000000000E+00
    8325   1.0000000000E+00
    8326   1.0000000000E+00
    8327   1.0000000000E+00
    8328   1.0000000000E+00
    8329   1.0000000000E+00
    8330   1.0000000000E+00
    8331   1.0000000000E+00
    8332   1.0000000000E+00
    8333   1.0000000000E+00
    8334   1.0000000000E+00
    8335   1.0000000000E+00
    8336   1.0000000000E+00
    8337   1.0000000000E+00
    8338   1.0000000000E+00
    8339   1.0000000000E+00
    8340   1.0000000000E+00
    8341   1.0000000000E+00
    8342   1.0000000000E+00
    8343   1.0000000000E+00
    8344   1.0000000000E+00
    8345   1.0000000000E+00
    8346   1.0000000000E+00
    8347   1.0000000000E+00
    8348   1.0000000000E+00
    8349   1.0000000000E+00
    8350   1.0000000000E+00
    8351   1.0000000000E+00
    8352   1.0000000000E+00
    8353   1.0000000000E+00
    8354   1.0000000000E+00
    8355   1.0000000000E+00
    8356   1.0000000000E+00
    8357   1.0000000000E+00
    8358   1.0000000000E+00
    8359   1.0000000000E+00
    8360   1.0000000000E+00
    8361   1.0000000000E+00
    8362   1.0000000000E+00
    8363   1.0000000000E+00
    8364   1.0000000000E+00
    8365   1.0000000000E+00
    8366   1.0000000000E+00
    8367   1.0000000000E+00
    8368   1.0000000000E+00
    8369   1.0000000000E+00
    8370   1.0000000000E+00
    8371   1.0000000000E+00
    8372   1.0000000000E+00
    8373   1.0000000000E+00
    8374   1.0000000000E+00
    8375   1.0000000000E+00
    8376   1.0000000000E+00
    8377   1.0000000000E+00
    8378   1.0000000000E+00
    8379   1.0000000000E+00
    8380   1.0000000000E+00
    8381   1.0000000000E+00
    8382   1.0000000000E+00
    8383   1.0000000000E+00
    8384   1.0000000000E+00
    8385   1.0000000000E+00
    8386   1.0000000000E+00
    8387   1.0000000000E+00
    8388   1.0000000000E+00
    8389   1.0000000000E+00
    8390   1.0000000000E+00
    8391   1.0000000000E+00
    8392   1.0000000000E+00
    8393   1.0000000000E+00
    8394   1.0000000000E+00
    8395   1.0000000000E+00
    8396   1.0000000000E+00
    8397   1.0000000000E+00
    8398   1.0000000000E+00
    8399   1.0000000000E+00
    8400   1.0000000000E+00
    8401   1.0000000000E+00
    8402   1.0000000000E+00
    8403   1.0000000000E+00
    8404   1.0000000000E+00
    8405   1.0000000000E+00
    8406   1.0000000000E+00
    8407   1.0000000000E+00
    8408   1.0000000000E+00
    8409   1.0000000000E+00
    8410   1.0000000000E+00
    8411   1.0000000000E+00
    8412   1.0000000000E+00
    8413   1.0000000000E+00
    8414   1.0000000000E+00
    8415   1.0000000000E+00
    8416   1.0000000000E+00
    8417   1.0000000000E+00
    8418   1.0000000000E+00
    8419   1.0000000000E+00
    8420   1.0000000000E+00
    8421   1.0000000000E+00
    8422   1.0000000000E+00
    8423   1.0000000000E+00
    8424   1.0000000000E+00
    8425   1.0000000000E+00
    8426   1.0000000000E+00
    8427   1.0000000000E+00
    8428   1.0000000000E+00
    8429   1.0000000000E+00
    8430   1.0000000000E+00
    8431   1.0000000000E+00
    8432   1.0000000000E+00
    8433   1.0000000000E+00
    8434   1.0000000000E+00
    8435   1.0000000000E+00
    8436   1.0000000000E+00
    8437   1.0000000000E+00
    8438   1.0000000000E+00
    8439   1.0000000000E+00
    8440   1.0000000000E+00
    8441   1.0000000000E+00
    8442   1.0000000000E+00
    8443   1.0000000000E+00
    8444   1.0000000000E+00
    8445   1.0000000000E+00
    8446   1.0000000000E+00
    8447   1.0000000000E+00
    8448   1.0000000000E+00
    8449   1.0000000000E+00
    8450   1.0000000000E+00
    8451   1.0000000000E+00
    8452   1.0000000000E+00
    8453   1.0000000000E+00
    8454   1.0000000000E+00
    8455   1.0000000000E+00
    8456   1.0000000000E+00
    8457   1.0000000000E+00
    8458   1.0000000000E+00
    8459   1.0000000000E+00
    8460   1.0000000000E+00
    8461   1.0000000000E+00
    8462   1.0000000000E+00
    8463   1.0000000000E+00
    8464   1.0000000000E+00
    8465   1.0000000000E+00
    8466   1.0000000000E+00
    8467   1.0000000000E+00
    8468   1.0000000000E+00
    8469   1.0000000000E+00
    8470   1.0000000000E+00
    8471   1.0000000000E+00
    8472   1.0000000000E+00
    8473   1.0000000000E+00
    8474   1.0000000000E+00
    8475   1.0000000000E+00
    8476   1.0000000000E+00
    8477   1.0000000000E+00
    8478   1.0000000000E+00
    8479   1.0000000000E+00
    8480   1.0000000000E+00
    8481   1.0000000000E+00
    8482   1.0000000000E+00
    8483   1.0000000000E+00
    8484   1.0000000000E+00
    8485   1.0000000000E+00
    8486   1.0000000000E+00
    8487   1.0000000000E+00
    8488   1.0000000000E+00
    8489   1.0000000000E+00
    8490   1.0000000000E+00
    8491   1.0000000000E+00
    8492   1.0000000000E+00
    8493   1.0000000000E+00
    8494   1.0000000000E+00
    8495   1.0000000000E+00
    8496   1.0000000000E+00
    8497   1.0000000000E+00
    8498   1.0000000000E+00
    8499   1.0000000000E+00
    8500   1.0000000000E+00
    8501   1.0000000000E+00
    8502   1.0000000000E+00
    8503   1.0000000000E+00
    8504   1.0000000000E+00
    8505   1.0000000000E+00
    8506   1.0000000000E+00
    8507   1.0000000000E+00
    8508   1.0000000000E+00
    8509   1.0000000000E+00
    8510   1.0000000000E+00
    8511   1.0000000000E+00
    8512   1.0000000000E+00
    8513   1.0000000000E+00
    8514   1.0000000000E+00
    8515   1.0000000000E+00
    8516   1.0000000000E+00
    8517   1.0000000000E+00
    8518   1.0000000000E+00
    8519   1.0000000000E+00
    8520   1.0000000000E+00
    8521   1.0000000000E+00
    8522   1.0000000000E+00
    8523   1.0000000000E+00
    8524   1.0000000000E+00
    8525   1.0000000000E+00
    8526   1.0000000000E+00
    8527   1.0000000000E+00
    8528   1.0000000000E+00
    8529   1.0000000000E+00
    8530   1.0000000000E+00
    8531   1.0000000000E+00
    8532   1.0000000000E+00
    8533   1.0000000000E+00
    8534   1.0000000000E+00
    8535   1.0000000000E+00
    8536   1.0000000000E+00
    8537   1.0000000000E+00
    8538   1.0000000000E+00
    8539   1.0000000000E+00
    8540   1.0000000000E+00
    8541   1.0000000000E+00
    8542   1.0000000000E+00
    8543   1.0000000000E+00
    8544   1.0000000000E+00
    8545   1.0000000000E+00
    8546   1.0000000000E+00
    8547   1.0000000000E+00
    8548   1.0000000000E+00
    8549   1.0000000000E+00
    8550   1.0000000000E+00
    8551   1.0000000000E+00
    8552   1.0000000000E+00
    8553   1.0000000000E+00
    8554   1.0000000000E+00
    8555   1.0000000000E+00
    8556   1.0000000000E+00
    8557   1.0000000000E+00
    8558   1.0000000000E+00
    8559   1.0000000000E+00
    8560   1.0000000000E+00
    8561   1.0000000000E+00
    8562   1.0000000000E+00
    8563   1.0000000000E+00
    8564   1.0000000000E+00
    8565   1.0000000000E+00
    8566   1.0000000000E+00
    8567   1.0000000000E+00
    8568   1.0000000000E+00
    8569   1.0000000000E+00
    8570   1.0000000000E+00
    8571   1.0000000000E+00
    8572   1.0000000000E+00
    8573   1.0000000000E+00
    8574   1.0000000000E+00
    8575   1.0000000000E+00
    8576   1.0000000000E+00
    8577   1.0000000000E+00
    8578   1.0000000000E+00
    8579   1.0000000000E+00
    8580   1.0000000000E+00
    8581   1.0000000000E+00
    8582   1.0000000000E+00
    8583   1.0000000000E+00
    8584   1.0000000000E+00
    8585   1.0000000000E+00
    8586   1.0000000000E+00
    8587   1.0000000000E+00
    8588   1.0000000000E+00
    8589   1.0000000000E+00
    8590   1.0000000000E+00
    8591   1.0000000000E+00
    8592   1.0000000000E+00
    8593   1.0000000000E+00
    8594   1.0000000000E+00
    8595   1.0000000000E+00
    8596   1.0000000000E+00
    8597   1.0000000000E+00
    8598   1.0000000000E+00
    8599   1.0000000000E+00
    8600   1.0000000000E+00
    8601   1.0000000000E+00
    8602   1.0000000000E+00
    8603   1.0000000000E+00
    8604   1.0000000000E+00
    8605   1.0000000000E+00
    8606   1.0000000000E+00
    8607   1.0000000000E+00
    8608   1.0000000000E+00
    8609   1.0000000000E+00
    8610   1.0000000000E+00
    8611   1.0000000000E+00
    8612   1.0000000000E+00
    8613   1.0000000000E+00
    8614   1.0000000000E+00
    8615   1.0000000000E+00
    8616   1.0000000000E+00
    8617   1.0000000000E+00
    8618   1.0000000000E+00
    8619   1.0000000000E+00
    8620   1.0000000000E+00
    8621   1.0000000000E+00
    8622   1.0000000000E+00
    8623   1.0000000000E+00
    8624   1.0000000000E+00
    8625   1.0000000000E+00
    8626   1.0000000000E+00
    8627   1.0000000000E+00
    8628   1.0000000000E+00
    8629   1.0000000000E+00
    8630   1.0000000000E+00
    8631   1.0000000000E+00
    8632   1.0000000000E+00
    8633   1.0000000000E+00
    8634   1.0000000000E+00
    8635   1.0000000000E+00
    8636   1.0000000000E+00
    8637   1.0000000000E+00
    8638   1.0000000000E+00
    8639   1.0000000000E+00
    8640   1.0000000000E+00
    8641   1.0000000000E+00
    8642   1.0000000000E+00
    8643   1.0000000000E+00
    8644   1.0000000000E+00
    8645   1.0000000000E+00
    8646   1.0000000000E+00
    8647   1.0000000000E+00
    8648   1.0000000000E+00
    8649   1.0000000000E+00
    8650   1.0000000000E+00
    8651   1.0000000000E+00
    8652   1.0000000000E+00
    8653   1.0000000000E+00
    8654   1.0000000000E+00
    8655   1.0000000000E+00
    8656   1.0000000000E+00
    8657   1.0000000000E+00
    8658   1.0000000000E+00
    8659   1.0000000000E+00
    8660   1.0000000000E+00
    8661   1.0000000000E+00
    8662   1.0000000000E+00
    8663   1.0000000000E+00
    8664   1.0000000000E+00
    8665   1.0000000000E+00
    8666   1.0000000000E+00
    8667   1.0000000000E+00
    8668   1.0000000000E+00
    8669   1.0000000000E+00
    8670   1.0000000000E+00
    8671   1.0000000000E+00
    8672   1.0000000000E+00
    8673   1.0000000000E+00
    8674   1.0000000000E+00
    8675   1.0000000000E+00
    8676   1.0000000000E+00
    8677   1.0000000000E+00
    8678   1.0000000000E+00
    8679   1.0000000000E+00
    8680   1.0000000000E+00
    8681   1.0000000000E+00
    8682   1.0000000000E+00
    8683   1.0000000000E+00
    8684   1.0000000000E+00
    8685   1.0000000000E+00
    8686   1.0000000000E+00
    8687   1.0000000000E+00
    8688   1.0000000000E+00
    8689   1.0000000000E+00
    8690   1.0000000000E+00
    8691   1.0000000000E+00
    8692   1.0000000000E+00
    8693   1.0000000000E+00
    8694   1.0000000000E+00
    8695   1.0000000000E+00
    8696   1.0000000000E+00
    8697   1.0000000000E+00
    8698   1.0000000000E+00
    8699   1.0000000000E+00
    8700   1.0000000000E+00
    8701   1.0000000000E+00
    8702   1.0000000000E+00
    8703   1.0000000000E+00
    8704   1.0000000000E+00
    8705   1.0000000000E+00
    8706   1.0000000000E+00
    8707   1.0000000000E+00
    8708   1.0000000000E+00
    8709   1.0000000000E+00
    8710   1.0000000000E+00
    8711   1.0000000000E+00
    8712   1.0000000000E+00
    8713   1.0000000000E+00
    8714   1.0000000000E+00
    8715   1.0000000000E+00
    8716   1.0000000000E+00
    8717   1.0000000000E+00
    8718   1.0000000000E+00
    8719   1.0000000000E+00
    8720   1.0000000000E+00
    8721   1.0000000000E+00
    8722   1.0000000000E+00
    8723   1.0000000000E+00
    8724   1.0000000000E+00
    8725   1.0000000000E+00
    8726   1.0000000000E+00
    8727   1.0000000000E+00
    8728   1.0000000000E+00
    8729   1.0000000000E+00
    8730   1.0000000000E+00
    8731   1.0000000000E+00
    8732   1.0000000000E+00
    8733   1.0000000000E+00
    8734   1.0000000000E+00
    8735   1.0000000000E+00
    8736   1.0000000000E+00
    8737   1.0000000000E+00
    8738   1.0000000000E+00
    8739   1.0000000000E+00
    8740   1.0000000000E+00
    8741   1.0000000000E+00
    8742   1.0000000000E+00
    8743   1.0000000000E+00
    8744   1.0000000000E+00
    8745   1.0000000000E+00
    8746   1.0000000000E+00
    8747   1.0000000000E+00
    8748   1.0000000000E+00
    8749   1.0000000000E+00
    8750   1.0000000000E+00
    8751   1.0000000000E+00
    8752   1.0000000000E+00
    8753   1.0000000000E+00
    8754   1.0000000000E+00
    8755   1.0000000000E+00
    8756   1.0000000000E+00
    8757   1.0000000000E+00
    8758   1.0000000000E+00
    8759   1.0000000000E+00
    8760   1.0000000000E+00
    8761   1.0000000000E+00
    8762   1.0000000000E+00
    8763   1.0000000000E+00
    8764   1.0000000000E+00
    8765   1.0000000000E+00
    8766   1.0000000000E+00
    8767   1.0000000000E+00
    8768   1.0000000000E+00
    8769   1.0000000000E+00
    8770   1.0000000000E+00
    8771   1.0000000000E+00
    8772   1.0000000000E+00
    8773   1.0000000000E+00
    8774   1.0000000000E+00
    8775   1.0000000000E+00
    8776   1.0000000000E+00
    8777   1.0000000000E+00
    8778   1.0000000000E+00
    8779   1.0000000000E+00
    8780   1.0000000000E+00
    8781   1.0000000000E+00
    8782   1.0000000000E+00
    8783   1.0000000000E+00
    8784   1.0000000000E+00
    8785   1.0000000000E+00
    8786   1.0000000000E+00
    8787   1.0000000000E+00
    8788   1.0000000000E+00
    8789   1.0000000000E+00
    8790   1.0000000000E+00
    8791   1.0000000000E+00
    8792   1.0000000000E+00
    8793   1.0000000000E+00
    8794   1.0000000000E+00
    8795   1.0000000000E+00
    8796   1.0000000000E+00
    8797   1.0000000000E+00
    8798   1.0000000000E+00
    8799   1.0000000000E+00
    8800   1.0000000000E+00
    8801   1.0000000000E+00
    8802   1.0000000000E+00
    8803   1.0000000000E+00
    8804   1.0000000000E+00
    8805   1.0000000000E+00
    8806   1.0000000000E+00
    8807   1.0000000000E+00
    8808   1.0000000000E+00
    8809   1.0000000000E+00
    8810   1.0000000000E+00
    8811   1.0000000000E+00
    8812   1.0000000000E+00
    8813   1.0000000000E+00
    8814   1.0000000000E+00
    8815   1.0000000000E+00
    8816   1.0000000000E+00
    8817   1.0000000000E+00
    8818   1.0000000000E+00
    8819   1.0000000000E+00
    8820   1.0000000000E+00
    8821   1.0000000000E+00
    8822   1.0000000000E+00
    8823   1.0000000000E+00
    8824   1.0000000000E+00
    8825   1.0000000000E+00
    8826   1.0000000000E+00
    8827   1.0000000000E+00
    8828   1.0000000000E+00
    8829   1.0000000000E+00
    8830   1.0000000000E+00
    8831   1.0000000000E+00
    8832   1.0000000000E+00
    8833   1.0000000000E+00
    8834   1.0000000000E+00
    8835   1.0000000000E+00
    8836   1.0000000000E+00
    8837   1.0000000000E+00
    8838   1.0000000000E+00
    8839   1.0000000000E+00
    8840   1.0000000000E+00
    8841   1.0000000000E+00
    8842   1.0000000000E+00
    8843   1.0000000000E+00
    8844   1.0000000000E+00
    8845   1.0000000000E+00
    8846   1.0000000000E+00
    8847   1.0000000000E+00
    8848   1.0000000000E+00
    8849   1.0000000000E+00
    8850   1.0000000000E+00
    8851   1.0000000000E+00
    8852   1.0000000000E+00
    8853   1.0000000000E+00
    8854   1.0000000000E+00
    8855   1.0000000000E+00
    8856   1.0000000000E+00
    8857   1.0000000000E+00
    8858   1.0000000000E+00
    8859   1.0000000000E+00
    8860   1.0000000000E+00
    8861   1.0000000000E+00
    8862   1.0000000000E+00
    8863   1.0000000000E+00
    8864   1.0000000000E+00
    8865   1.0000000000E+00
    8866   1.0000000000E+00
    8867   1.0000000000E+00
    8868   1.0000000000E+00
    8869   1.0000000000E+00
    8870   1.0000000000E+00
    8871   1.0000000000E+00
    8872   1.0000000000E+00
    8873   1.0000000000E+00
    8874   1.0000000000E+00
    8875   1.0000000000E+00
    8876   1.0000000000E+00
    8877   1.0000000000E+00
    8878   1.0000000000E+00
    8879   1.0000000000E+00
    8880   1.0000000000E+00
    8881   1.0000000000E+00
    8882   1.0000000000E+00
    8883   1.0000000000E+00
    8884   1.0000000000E+00
    8885   1.0000000000E+00
    8886   1.0000000000E+00
    8887   1.0000000000E+00
    8888   1.0000000000E+00
    8889   1.0000000000E+00
    8890   1.0000000000E+00
    8891   1.0000000000E+00
    8892   1.0000000000E+00
    8893   1.0000000000E+00
    8894   1.0000000000E+00
    8895   1.0000000000E+00
    8896   1.0000000000E+00
    8897   1.0000000000E+00
    8898   1.0000000000E+00
    8899   1.0000000000E+00
    8900   1.0000000000E+00
    8901   1.0000000000E+00
    8902   1.0000000000E+00
    8903   1.0000000000E+00
    8904   1.0000000000E+00
    8905   1.0000000000E+00
    8906   1.0000000000E+00
    8907   1.0000000000E+00
    8908   1.0000000000E+00
    8909   1.0000000000E+00
    8910   1.0000000000E+00
    8911   1.0000000000E+00
    8912   1.0000000000E+00
    8913   1.0000000000E+00
    8914   1.0000000000E+00
    8915   1.0000000000E+00
    8916   1.0000000000E+00
    8917   1.0000000000E+00
    8918   1.0000000000E+00
    8919   1.0000000000E+00
    8920   1.0000000000E+00
    8921   1.0000000000E+00
    8922   1.0000000000E+00
    8923   1.0000000000E+00
    8924   1.0000000000E+00
    8925   1.0000000000E+00
    8926   1.0000000000E+00
    8927   1.0000000000E+00
    8928   1.0000000000E+00
    8929   1.0000000000E+00
    8930   1.0000000000E+00
    8931   1.0000000000E+00
    8932   1.0000000000E+00
    8933   1.0000000000E+00
    8934   1.0000000000E+00
    8935   1.0000000000E+00
    8936   1.0000000000E+00
    8937   1.0000000000E+00
    8938   1.0000000000E+00
    8939   1.0000000000E+00
    8940   1.0000000000E+00
    8941   1.0000000000E+00
    8942   1.0000000000E+00
    8943   1.0000000000E+00
    8944   1.0000000000E+00
    8945   1.0000000000E+00
    8946   1.0000000000E+00
    8947   1.0000000000E+00
    8948   1.0000000000E+00
    8949   1.0000000000E+00
    8950   1.0000000000E+00
    8951   1.0000000000E+00
    8952   1.0000000000E+00
    8953   1.0000000000E+00
    8954   1.0000000000E+00
    8955   1.0000000000E+00
    8956   1.0000000000E+00
    8957   1.0000000000E+00
    8958   1.0000000000E+00
    8959   1.0000000000E+00
    8960   1.0000000000E+00
    8961   1.0000000000E+00
    8962   1.0000000000E+00
    8963   1.0000000000E+00
    8964   1.0000000000E+00
    8965   1.0000000000E+00
    8966   1.0000000000E+00
    8967   1.0000000000E+00
    8968   1.0000000000E+00
    8969   1.0000000000E+00
    8970   1.0000000000E+00
    8971   1.0000000000E+00
    8972   1.0000000000E+00
    8973   1.0000000000E+00
    8974   1.0000000000E+00
    8975   1.0000000000E+00
    8976   1.0000000000E+00
    8977   1.0000000000E+00
    8978   1.0000000000E+00
    8979   1.0000000000E+00
    8980   1.0000000000E+00
    8981   1.0000000000E+00
    8982   1.0000000000E+00
    8983   1.0000000000E+00
    8984   1.0000000000E+00
    8985   1.0000000000E+00
    8986   1.0000000000E+00
    8987   1.0000000000E+00
    8988   1.0000000000E+00
    8989   1.0000000000E+00
    8990   1.0000000000E+00
    8991   1.0000000000E+00
    8992   1.0000000000E+00
    8993   1.0000000000E+00
    8994   1.0000000000E+00
    8995   1.0000000000E+00
    8996   1.0000000000E+00
    8997   1.0000000000E+00
    8998   1.0000000000E+00
    8999   1.0000000000E+00
    9000   1.0000000000E+00
    9001   1.0000000000E+00
    9002   1.0000000000E+00
    9003   1.0000000000E+00
    9004   1.0000000000E+00
    9005   1.0000000000E+00
    9006   1.0000000000E+00
    9007   1.0000000000E+00
    9008   1.0000000000E+00
    9009   1.0000000000E+00
    9010   1.0000000000E+00
    9011   1.0000000000E+00
    9012   1.0000000000E+00
    9013   1.0000000000E+00
    9014   1.0000000000E+00
    9015   1.0000000000E+00
    9016   1.0000000000E+00
    9017   1.0000000000E+00
    9018   1.0000000000E+00
    9019   1.0000000000E+00
    9020   1.0000000000E+00
    9021   1.0000000000E+00
    9022   1.0000000000E+00
    9023   1.0000000000E+00
    9024   1.0000000000E+00
    9025   1.0000000000E+00
    9026   1.0000000000E+00
    9027   1.0000000000E+00
    9028   1.0000000000E+00
    9029   1.0000000000E+00
    9030   1.0000000000E+00
    9031   1.0000000000E+00
    9032   1.0000000000E+00
    9033   1.0000000000E+00
    9034   1.0000000000E+00
    9035   1.0000000000E+00
    9036   1.0000000000E+00
    9037   1.0000000000E+00
    9038   1.0000000000E+00
    9039   1.0000000000E+00
    9040   1.0000000000E+00
    9041   1.0000000000E+00
    9042   1.0000000000E+00
    9043   1.0000000000E+00
    9044   1.0000000000E+00
    9045   1.0000000000E+00
    9046   1.0000000000E+00
    9047   1.0000000000E+00
    9048   1.0000000000E+00
    9049   1.0000000000E+00
    9050   1.0000000000E+00
    9051   1.0000000000E+00
    9052   1.0000000000E+00
    9053   1.0000000000E+00
    9054   1.0000000000E+00
    9055   1.0000000000E+00
    9056   1.0000000000E+00
    9057   1.0000000000E+00
    9058   1.0000000000E+00
    9059   1.0000000000E+00
    9060   1.0000000000E+00
    9061   1.0000000000E+00
    9062   1.0000000000E+00
    9063   1.0000000000E+00
    9064   1.0000000000E+00
    9065   1.0000000000E+00
    9066   1.0000000000E+00
    9067   1.0000000000E+00
    9068   1.0000000000E+00
    9069   1.0000000000E+00
    9070   1.0000000000E+00
    9071   1.0000000000E+00
    9072   1.0000000000E+00
    9073   1.0000000000E+00
    9074   1.0000000000E+00
    9075   1.0000000000E+00
    9076   1.0000000000E+00
    9077   1.0000000000E+00
    9078   1.0000000000E+00
    9079   1.0000000000E+00
    9080   1.0000000000E+00
    9081   1.0000000000E+00
    9082   1.0000000000E+00
    9083   1.0000000000E+00
    9084   1.0000000000E+00
    9085   1.0000000000E+00
    9086   1.0000000000E+00
    9087   1.0000000000E+00
    9088   1.0000000000E+00
    9089   1.0000000000E+00
    9090   1.0000000000E+00
    9091   1.0000000000E+00
    9092   1.0000000000E+00
    9093   1.0000000000E+00
    9094   1.0000000000E+00
    9095   1.0000000000E+00
    9096   1.0000000000E+00
    9097   1.0000000000E+00
    9098   1.0000000000E+00
    9099   1.0000000000E+00
    9100   1.0000000000E+00
    9101   1.0000000000E+00
    9102   1.0000000000E+00
    9103   1.0000000000E+00
    9104   1.0000000000E+00
    9105   1.0000000000E+00
    9106   1.0000000000E+00
    9107   1.0000000000E+00
    9108   1.0000000000E+00
    9109   1.0000000000E+00
    9110   1.0000000000E+00
    9111   1.0000000000E+00
    9112   1.0000000000E+00
    9113   1.0000000000E+00
    9114   1.0000000000E+00
    9115   1.0000000000E+00
    9116   1.0000000000E+00
    9117   1.0000000000E+00
    9118   1.0000000000E+00
    9119   1.0000000000E+00
    9120   1.0000000000E+00
    9121   1.0000000000E+00
    9122   1.0000000000E+00
    9123   1.0000000000E+00
    9124   1.0000000000E+00
    9125   1.0000000000E+00
    9126   1.0000000000E+00
    9127   1.0000000000E+00
    9128   1.0000000000E+00
    9129   1.0000000000E+00
    9130   1.0000000000E+00
    9131   1.0000000000E+00
    9132   1.0000000000E+00
    9133   1.0000000000E+00
    9134   1.0000000000E+00
    9135   1.0000000000E+00
    9136   1.0000000000E+00
    9137   1.0000000000E+00
    9138   1.0000000000E+00
    9139   1.0000000000E+00
    9140   1.0000000000E+00
    9141   1.0000000000E+00
    9142   1.0000000000E+00
    9143   1.0000000000E+00
    9144   1.0000000000E+00
    9145   1.0000000000E+00
    9146   1.0000000000E+00
    9147   1.0000000000E+00
    9148   1.0000000000E+00
    9149   1.0000000000E+00
    9150   1.0000000000E+00
    9151   1.0000000000E+00
    9152   1.0000000000E+00
    9153   1.0000000000E+00
    9154   1.0000000000E+00
    9155   1.0000000000E+00
    9156   1.0000000000E+00
    9157   1.0000000000E+00
    9158   1.0000000000E+00
    9159   1.0000000000E+00
    9160   1.0000000000E+00
    9161   1.0000000000E+00
    9162   1.0000000000E+00
    9163   1.0000000000E+00
    9164   1.0000000000E+00
    9165   1.0000000000E+00
    9166   1.0000000000E+00
    9167   1.0000000000E+00
    9168   1.0000000000E+00
    9169   1.0000000000E+00
    9170   1.0000000000E+00
    9171   1.0000000000E+00
    9172   1.0000000000E+00
    9173   1.0000000000E+00
    9174   1.0000000000E+00
    9175   1.0000000000E+00
    9176   1.0000000000E+00
    9177   1.0000000000E+00
    9178   1.0000000000E+00
    9179   1.0000000000E+00
    9180   1.0000000000E+00
    9181   1.0000000000E+00
    9182   1.0000000000E+00
    9183   1.0000000000E+00
    9184   1.0000000000E+00
    9185   1.0000000000E+00
    9186   1.0000000000E+00
    9187   1.0000000000E+00
    9188   1.0000000000E+00
    9189   1.0000000000E+00
    9190   1.0000000000E+00
    9191   1.0000000000E+00
    9192   1.0000000000E+00
    9193   1.0000000000E+00
    9194   1.0000000000E+00
    9195   1.0000000000E+00
    9196   1.0000000000E+00
    9197   1.0000000000E+00
    9198   1.0000000000E+00
    9199   1.0000000000E+00
    9200   1.0000000000E+00
    9201   1.0000000000E+00
    9202   1.0000000000E+00
    9203   1.0000000000E+00
    9204   1.0000000000E+00
    9205   1.0000000000E+00
    9206   1.0000000000E+00
    9207   1.0000000000E+00
    9208   1.0000000000E+00
    9209   1.0000000000E+00
    9210   1.0000000000E+00
    9211   1.0000000000E+00
    9212   1.0000000000E+00
    9213   1.0000000000E+00
    9214   1.0000000000E+00
    9215   1.0000000000E+00
    9216   1.0000000000E+00
    9217   1.0000000000E+00
    9218   1.0000000000E+00
    9219   1.0000000000E+00
    9220   1.0000000000E+00
    9221   1.0000000000E+00
    9222   1.0000000000E+00
    9223   1.0000000000E+00
    9224   1.0000000000E+00
    9225   1.0000000000E+00
    9226   1.0000000000E+00
    9227   1.0000000000E+00
    9228   1.0000000000E+00
    9229   1.0000000000E+00
    9230   1.0000000000E+00
    9231   1.0000000000E+00
    9232   1.0000000000E+00
    9233   1.0000000000E+00
    9234   1.0000000000E+00
    9235   1.0000000000E+00
    9236   1.0000000000E+00
    9237   1.0000000000E+00
    9238   1.0000000000E+00
    9239   1.0000000000E+00
    9240   1.0000000000E+00
    9241   1.0000000000E+00
    9242   1.0000000000E+00
    9243   1.0000000000E+00
    9244   1.0000000000E+00
    9245   1.0000000000E+00
    9246   1.0000000000E+00
    9247   1.0000000000E+00
    9248   1.0000000000E+00
    9249   1.0000000000E+00
    9250   1.0000000000E+00
    9251   1.0000000000E+00
    9252   1.0000000000E+00
    9253   1.0000000000E+00
    9254   1.0000000000E+00
    9255   1.0000000000E+00
    9256   1.0000000000E+00
    9257   1.0000000000E+00
    9258   1.0000000000E+00
    9259   1.0000000000E+00
    9260   1.0000000000E+00
    9261   1.0000000000E+00
    9262   1.0000000000E+00
    9263   1.0000000000E+00
    9264   1.0000000000E+00
    9265   1.0000000000E+00
    9266   1.0000000000E+00
    9267   1.0000000000E+00
    9268   1.0000000000E+00
    9269   1.0000000000E+00
    9270   1.0000000000E+00
    9271   1.0000000000E+00
    9272   1.0000000000E+00
    9273   1.0000000000E+00
    9274   1.0000000000E+00
    9275   1.0000000000E+00
    9276   1.0000000000E+00
    9277   1.0000000000E+00
    9278   1.0000000000E+00
    9279   1.0000000000E+00
    9280   1.0000000000E+00
    9281   1.0000000000E+00
    9282   1.0000000000E+00
    9283   1.0000000000E+00
    9284   1.0000000000E+00
    9285   1.0000000000E+00
    9286   1.0000000000E+00
    9287   1.0000000000E+00
    9288   1.0000000000E+00
    9289   1.0000000000E+00
    9290   1.0000000000E+00
    9291   1.0000000000E+00
    9292   1.0000000000E+00
    9293   1.0000000000E+00
    9294   1.0000000000E+00
    9295   1.0000000000E+00
    9296   1.0000000000E+00
    9297   1.0000000000E+00
    9298   1.0000000000E+00
    9299   1.0000000000E+00
    9300   1.0000000000E+00
    9301   1.0000000000E+00
    9302   1.0000000000E+00
    9303   1.0000000000E+00
    9304   1.0000000000E+00
    9305   1.0000000000E+00
    9306   1.0000000000E+00
    9307   1.0000000000E+00
    9308   1.0000000000E+00
    9309   1.0000000000E+00
    9310   1.0000000000E+00
    9311   1.0000000000E+00
    9312   1.0000000000E+00
    9313   1.0000000000E+00
    9314   1.0000000000E+00
    9315   1.0000000000E+00
    9316   1.0000000000E+00
    9317   1.0000000000E+00
    9318   1.0000000000E+00
    9319   1.0000000000E+00
    9320   1.0000000000E+00
    9321   1.0000000000E+00
    9322   1.0000000000E+00
    9323   1.0000000000E+00
    9324   1.0000000000E+00
    9325   1.0000000000E+00
    9326   1.0000000000E+00
    9327   1.0000000000E+00
    9328   1.0000000000E+00
    9329   1.0000000000E+00
    9330   1.0000000000E+00
    9331   1.0000000000E+00
    9332   1.0000000000E+00
    9333   1.0000000000E+00
    9334   1.0000000000E+00
    9335   1.0000000000E+00
    9336   1.0000000000E+00
    9337   1.0000000000E+00
    9338   1.0000000000E+00
    9339   1.0000000000E+00
    9340   1.0000000000E+00
    9341   1.0000000000E+00
    9342   1.0000000000E+00
    9343   1.0000000000E+00
    9344   1.0000000000E+00
    9345   1.0000000000E+00
    9346   1.0000000000E+00
    9347   1.0000000000E+00
    9348   1.0000000000E+00
    9349   1.0000000000E+00
    9350   1.0000000000E+00
    9351   1.0000000000E+00
    9352   1.0000000000E+00
    9353   1.0000000000E+00
    9354   1.0000000000E+00
    9355   1.0000000000E+00
    9356   1.0000000000E+00
    9357   1.0000000000E+00
    9358   1.0000000000E+00
    9359   1.0000000000E+00
    9360   1.0000000000E+00
    9361   1.0000000000E+00
    9362   1.0000000000E+00
    9363   1.0000000000E+00
    9364   1.0000000000E+00
    9365   1.0000000000E+00
    9366   1.0000000000E+00
    9367   1.0000000000E+00
    9368   1.0000000000E+00
    9369   1.0000000000E+00
    9370   1.0000000000E+00
    9371   1.0000000000E+00
    9372   1.0000000000E+00
    9373   1.0000000000E+00
    9374   1.0000000000E+00
    9375   1.0000000000E+00
    9376   1.0000000000E+00
    9377   1.0000000000E+00
    9378   1.0000000000E+00
    9379   1.0000000000E+00
    9380   1.0000000000E+00
    9381   1.0000000000E+00
    9382   1.0000000000E+00
    9383   1.0000000000E+00
    9384   1.0000000000E+00
    9385   1.0000000000E+00
    9386   1.0000000000E+00
    9387   1.0000000000E+00
    9388   1.0000000000E+00
    9389   1.0000000000E+00
    9390   1.0000000000E+00
    9391   1.0000000000E+00
    9392   1.0000000000E+00
    9393   1.0000000000E+00
    9394   1.0000000000E+00
    9395   1.0000000000E+00
    9396   1.0000000000E+00
    9397   1.0000000000E+00
    9398   1.0000000000E+00
    9399   1.0000000000E+00
    9400   1.0000000000E+00
    9401   1.0000000000E+00
    9402   1.0000000000E+00
    9403   1.0000000000E+00
    9404   1.0000000000E+00
    9405   1.0000000000E+00
    9406   1.0000000000E+00
    9407   1.0000000000E+00
    9408   1.0000000000E+00
    9409   1.0000000000E+00
    9410   1.0000000000E+00
    9411   1.0000000000E+00
    9412   1.0000000000E+00
    9413   1.0000000000E+00
    9414   1.0000000000E+00
    9415   1.0000000000E+00
    9416   1.0000000000E+00
    9417   1.0000000000E+00
    9418   1.0000000000E+00
    9419   1.0000000000E+00
    9420   1.0000000000E+00
    9421   1.0000000000E+00
    9422   1.0000000000E+00
    9423   1.0000000000E+00
    9424   1.0000000000E+00
    9425   1.0000000000E+00
    9426   1.0000000000E+00
    9427   1.0000000000E+00
    9428   1.0000000000E+00
    9429   1.0000000000E+00
    9430   1.0000000000E+00
    9431   1.0000000000E+00
    9432   1.0000000000E+00
    9433   1.0000000000E+00
    9434   1.0000000000E+00
    9435   1.0000000000E+00
    9436   1.0000000000E+00
    9437   1.0000000000E+00
    9438   1.0000000000E+00
    9439   1.0000000000E+00
    9440   1.0000000000E+00
    9441   1.0000000000E+00
    9442   1.0000000000E+00
    9443   1.0000000000E+00
    9444   1.0000000000E+00
    9445   1.0000000000E+00
    9446   1.0000000000E+00
    9447   1.0000000000E+00
    9448   1.0000000000E+00
    9449   1.0000000000E+00
    9450   1.0000000000E+00
    9451   1.0000000000E+00
    9452   1.0000000000E+00
    9453   1.0000000000E+00
    9454   1.0000000000E+00
    9455   1.0000000000E+00
    9456   1.0000000000E+00
    9457   1.0000000000E+00
    9458   1.0000000000E+00
    9459   1.0000000000E+00
    9460   1.0000000000E+00
    9461   1.0000000000E+00
    9462   1.0000000000E+00
    9463   1.0000000000E+00
    9464   1.0000000000E+00
    9465   1.0000000000E+00
    9466   1.0000000000E+00
    9467   1.0000000000E+00
    9468   1.0000000000E+00
    9469   1.0000000000E+00
    9470   1.0000000000E+00
    9471   1.0000000000E+00
    9472   1.0000000000E+00
    9473   1.0000000000E+00
    9474   1.0000000000E+00
    9475   1.0000000000E+00
    9476   1.0000000000E+00
    9477   1.0000000000E+00
    9478   1.0000000000E+00
    9479   1.0000000000E+00
    9480   1.0000000000E+00
    9481   1.0000000000E+00
    9482   1.0000000000E+00
    9483   1.0000000000E+00
    9484   1.0000000000E+00
    9485   1.0000000000E+00
    9486   1.0000000000E+00
    9487   1.0000000000E+00
    9488   1.0000000000E+00
    9489   1.0000000000E+00
    9490   1.0000000000E+00
    9491   1.0000000000E+00
    9492   1.0000000000E+00
    9493   1.0000000000E+00
    9494   1.0000000000E+00
    9495   1.0000000000E+00
    9496   1.0000000000E+00
    9497   1.0000000000E+00
    9498   1.0000000000E+00
    9499   1.0000000000E+00
    9500   1.0000000000E+00
    9501   1.0000000000E+00
    9502   1.0000000000E+00
    9503   1.0000000000E+00
    9504   1.0000000000E+00
    9505   1.0000000000E+00
    9506   1.0000000000E+00
    9507   1.0000000000E+00
    9508   1.0000000000E+00
    9509   1.0000000000E+00
    9510   1.0000000000E+00
    9511   1.0000000000E+00
    9512   1.0000000000E+00
    9513   1.0000000000E+00
    9514   1.0000000000E+00
    9515   1.0000000000E+00
    9516   1.0000000000E+00
    9517   1.0000000000E+00
    9518   1.0000000000E+00
    9519   1.0000000000E+00
    9520   1.0000000000E+00
    9521   1.0000000000E+00
    9522   1.0000000000E+00
    9523   1.0000000000E+00
    9524   1.0000000000E+00
    9525   1.0000000000E+00
    9526   1.0000000000E+00
    9527   1.0000000000E+00
    9528   1.0000000000E+00
    9529   1.0000000000E+00
    9530   1.0000000000E+00
    9531   1.0000000000E+00
    9532   1.0000000000E+00
    9533   1.0000000000E+00
    9534   1.0000000000E+00
    9535   1.0000000000E+00
    9536   1.0000000000E+00
    9537   1.0000000000E+00
    9538   1.0000000000E+00
    9539   1.0000000000E+00
    9540   1.0000000000E+00
    9541   1.0000000000E+00
    9542   1.0000000000E+00
    9543   1.0000000000E+00
    9544   1.0000000000E+00
    9545   1.0000000000E+00
    9546   1.0000000000E+00
    9547   1.0000000000E+00
    9548   1.0000000000E+00
    9549   1.0000000000E+00
    9550   1.0000000000E+00
    9551   1.0000000000E+00
    9552   1.0000000000E+00
    9553   1.0000000000E+00
    9554   1.0000000000E+00
    9555   1.0000000000E+00
    9556   1.0000000000E+00
    9557   1.0000000000E+00
    9558   1.0000000000E+00
    9559   1.0000000000E+00
    9560   1.0000000000E+00
    9561   1.0000000000E+00
    9562   1.0000000000E+00
    9563   1.0000000000E+00
    9564   1.0000000000E+00
    9565   1.0000000000E+00
    9566   1.0000000000E+00
    9567   1.0000000000E+00
    9568   1.0000000000E+00
    9569   1.0000000000E+00
    9570   1.0000000000E+00
    9571   1.0000000000E+00
    9572   1.0000000000E+00
    9573   1.0000000000E+00
    9574   1.0000000000E+00
    9575   1.0000000000E+00
    9576   1.0000000000E+00
    9577   1.0000000000E+00
    9578   1.0000000000E+00
    9579   1.0000000000E+00
    9580   1.0000000000E+00
    9581   1.0000000000E+00
    9582   1.0000000000E+00
    9583   1.0000000000E+00
    9584   1.0000000000E+00
    9585   1.0000000000E+00
    9586   1.0000000000E+00
    9587   1.0000000000E+00
    9588   1.0000000000E+00
    9589   1.0000000000E+00
    9590   1.0000000000E+00
    9591   1.0000000000E+00
    9592   1.0000000000E+00
    9593   1.0000000000E+00
    9594   1.0000000000E+00
    9595   1.0000000000E+00
    9596   1.0000000000E+00
    9597   1.0000000000E+00
    9598   1.0000000000E+00
    9599   1.0000000000E+00
    9600   1.0000000000E+00
    9601   1.0000000000E+00
    9602   1.0000000000E+00
    9603   1.0000000000E+00
    9604   1.0000000000E+00
    9605   1.0000000000E+00
    9606   1.0000000000E+00
    9607   1.0000000000E+00
    9608   1.0000000000E+00
    9609   1.0000000000E+00
    9610   1.0000000000E+00
    9611   1.0000000000E+00
    9612   1.0000000000E+00
    9613   1.0000000000E+00
    9614   1.0000000000E+00
    9615   1.0000000000E+00
    9616   1.0000000000E+00
    9617   1.0000000000E+00
    9618   1.0000000000E+00
    9619   1.0000000000E+00
    9620   1.0000000000E+00
    9621   1.0000000000E+00
    9622   1.0000000000E+00
    9623   1.0000000000E+00
    9624   1.0000000000E+00
    9625   1.0000000000E+00
    9626   1.0000000000E+00
    9627   1.0000000000E+00
    9628   1.0000000000E+00
    9629   1.0000000000E+00
    9630   1.0000000000E+00
    9631   1.0000000000E+00
    9632   1.0000000000E+00
    9633   1.0000000000E+00
    9634   1.0000000000E+00
    9635   1.0000000000E+00
    9636   1.0000000000E+00
    9637   1.0000000000E+00
    9638   1.0000000000E+00
    9639   1.0000000000E+00
    9640   1.0000000000E+00
    9641   1.0000000000E+00
    9642   1.0000000000E+00
    9643   1.0000000000E+00
    9644   1.0000000000E+00
    9645   1.0000000000E+00
    9646   1.0000000000E+00
    9647   1.0000000000E+00
    9648   1.0000000000E+00
    9649   1.0000000000E+00
    9650   1.0000000000E+00
    9651   1.0000000000E+00
    9652   1.0000000000E+00
    9653   1.0000000000E+00
    9654   1.0000000000E+00
    9655   1.0000000000E+00
    9656   1.0000000000E+00
    9657   1.0000000000E+00
    9658   1.0000000000E+00
    9659   1.0000000000E+00
    9660   1.0000000000E+00
    9661   1.0000000000E+00
    9662   1.0000000000E+00
    9663   1.0000000000E+00
    9664   1.0000000000E+00
    9665   1.0000000000E+00
    9666   1.0000000000E+00
    9667   1.0000000000E+00
    9668   1.0000000000E+00
    9669   1.0000000000E+00
    9670   1.0000000000E+00
    9671   1.0000000000E+00
    9672   1.0000000000E+00
    9673   1.0000000000E+00
    9674   1.0000000000E+00
    9675   1.0000000000E+00
    9676   1.0000000000E+00
    9677   1.0000000000E+00
    9678   1.0000000000E+00
    9679   1.0000000000E+00
    9680   1.0000000000E+00
    9681   1.0000000000E+00
    9682   1.0000000000E+00
    9683   1.0000000000E+00
    9684   1.0000000000E+00
    9685   1.0000000000E+00
    9686   1.0000000000E+00
    9687   1.0000000000E+00
    9688   1.0000000000E+00
    9689   1.0000000000E+00
    9690   1.0000000000E+00
    9691   1.0000000000E+00
    9692   1.0000000000E+00
    9693   1.0000000000E+00
    9694   1.0000000000E+00
    9695   1.0000000000E+00
    9696   1.0000000000E+00
    9697   1.0000000000E+00
    9698   1.0000000000E+00
    9699   1.0000000000E+00
    9700   1.0000000000E+00
    9701   1.0000000000E+00
    9702   1.0000000000E+00
    9703   1.0000000000E+00
    9704   1.0000000000E+00
    9705   1.0000000000E+00
    9706   1.0000000000E+00
    9707   1.0000000000E+00
    9708   1.0000000000E+00
    9709   1.0000000000E+00
    9710   1.0000000000E+00
    9711   1.0000000000E+00
    9712   1.0000000000E+00
    9713   1.0000000000E+00
    9714   1.0000000000E+00
    9715   1.0000000000E+00
    9716   1.0000000000E+00
    9717   1.0000000000E+00
    9718   1.0000000000E+00
    9719   1.0000000000E+00
    9720   1.0000000000E+00
    9721   1.0000000000E+00
    9722   1.0000000000E+00
    9723   1.0000000000E+00
    9724   1.0000000000E+00
    9725   1.0000000000E+00
    9726   1.0000000000E+00
    9727   1.0000000000E+00
    9728   1.0000000000E+00
    9729   1.0000000000E+00
    9730   1.0000000000E+00
    9731   1.0000000000E+00
    9732   1.0000000000E+00
    9733   1.0000000000E+00
    9734   1.0000000000E+00
    9735   1.0000000000E+00
    9736   1.0000000000E+00
    9737   1.0000000000E+00
    9738   1.0000000000E+00
    9739   1.0000000000E+00
    9740   1.0000000000E+00
    9741   1.0000000000E+00
    9742   1.0000000000E+00
    9743   1.0000000000E+00
    9744   1.0000000000E+00
    9745   1.0000000000E+00
    9746   1.0000000000E+00
    9747   1.0000000000E+00
    9748   1.0000000000E+00
    9749   1.0000000000E+00
    9750   1.0000000000E+00
    9751   1.0000000000E+00
    9752   1.0000000000E+00
    9753   1.0000000000E+00
    9754   1.0000000000E+00
    9755   1.0000000000E+00
    9756   1.0000000000E+00
    9757   1.0000000000E+00
    9758   1.0000000000E+00
    9759   1.0000000000E+00
    9760   1.0000000000E+00
    9761   1.0000000000E+00
    9762   1.0000000000E+00
    9763   1.0000000000E+00
    9764   1.0000000000E+00
    9765   1.0000000000E+00
    9766   1.0000000000E+00
    9767   1.0000000000E+00
    9768   1.0000000000E+00
    9769   1.0000000000E+00
    9770   1.0000000000E+00
    9771   1.0000000000E+00
    9772   1.0000000000E+00
    9773   1.0000000000E+00
    9774   1.0000000000E+00
    9775   1.0000000000E+00
    9776   1.0000000000E+00
    9777   1.0000000000E+00
    9778   1.0000000000E+00
    9779   1.0000000000E+00
    9780   1.0000000000E+00
    9781   1.0000000000E+00
    9782   1.0000000000E+00
    9783   1.0000000000E+00
    9784   1.0000000000E+00
    9785   1.0000000000E+00
    9786   1.0000000000E+00
    9787   1.0000000000E+00
    9788   1.0000000000E+00
    9789   1.0000000000E+00
    9790   1.0000000000E+00
    9791   1.0000000000E+00
    9792   1.0000000000E+00
    9793   1.0000000000E+00
    9794   1.0000000000E+00
    9795   1.0000000000E+00
    9796   1.0000000000E+00
    9797   1.0000000000E+00
    9798   1.0000000000E+00
    9799   1.0000000000E+00
    9800   1.0000000000E+00
    9801   1.0000000000E+00
    9802   1.0000000000E+00
    9803   1.0000000000E+00
    9804   1.0000000000E+00
    9805   1.0000000000E+00
    9806   1.0000000000E+00
    9807   1.0000000000E+00
    9808   1.0000000000E+00
    9809   1.0000000000E+00
    9810   1.0000000000E+00
    9811   1.0000000000E+00
    9812   1.0000000000E+00
    9813   1.0000000000E+00
    9814   1.0000000000E+00
    9815   1.0000000000E+00
    9816   1.0000000000E+00
    9817   1.0000000000E+00
    9818   1.0000000000E+00
    9819   1.0000000000E+00
    9820   1.0000000000E+00
    9821   1.0000000000E+00
    9822   1.0000000000E+00
    9823   1.0000000000E+00
    9824   1.0000000000E+00
    9825   1.0000000000E+00
    9826   1.0000000000E+00
    9827   1.0000000000E+00
    9828   1.0000000000E+00
    9829   1.0000000000E+00
    9830   1.0000000000E+00
    9831   1.0000000000E+00
    9832   1.0000000000E+00
    9833   1.0000000000E+00
    9834   1.0000000000E+00
    9835   1.0000000000E+00
    9836   1.0000000000E+00
    9837   1.0000000000E+00
    9838   1.0000000000E+00
    9839   1.0000000000E+00
    9840   1.0000000000E+00
    9841   1.0000000000E+00
    9842   1.0000000000E+00
    9843   1.0000000000E+00
    9844   1.0000000000E+00
    9845   1.0000000000E+00
    9846   1.0000000000E+00
    9847   1.0000000000E+00
    9848   1.0000000000E+00
    9849   1.0000000000E+00
    9850   1.0000000000E+00
    9851   1.0000000000E+00
    9852   1.0000000000E+00
    9853   1.0000000000E+00
    9854   1.0000000000E+00
    9855   1.0000000000E+00
    9856   1.0000000000E+00
    9857   1.0000000000E+00
    9858   1.0000000000E+00
    9859   1.0000000000E+00
    9860   1.0000000000E+00
    9861   1.0000000000E+00
    9862   1.0000000000E+00
    9863   1.0000000000E+00
    9864   1.0000000000E+00
    9865   1.0000000000E+00
    9866   1.0000000000E+00
    9867   1.0000000000E+00
    9868   1.0000000000E+00
    9869   1.0000000000E+00
    9870   1.0000000000E+00
    9871   1.0000000000E+00
    9872   1.0000000000E+00
    9873   1.0000000000E+00
    9874   1.0000000000E+00
    9875   1.0000000000E+00
    9876   1.0000000000E+00
    9877   1.0000000000E+00
    9878   1.0000000000E+00
    9879   1.0000000000E+00
    9880   1.0000000000E+00
    9881   1.0000000000E+00
    9882   1.0000000000E+00
    9883   1.0000000000E+00
    9884   1.0000000000E+00
    9885   1.0000000000E+00
    9886   1.0000000000E+00
    9887   1.0000000000E+00
    9888   1.0000000000E+00
    9889   1.0000000000E+00
    9890   1.0000000000E+00
    9891   1.0000000000E+00
    9892   1.0000000000E+00
    9893   1.0000000000E+00
    9894   1.0000000000E+00
    9895   1.0000000000E+00
    9896   1.0000000000E+00
    9897   1.0000000000E+00
    9898   1.0000000000E+00
    9899   1.0000000000E+00
    9900   1.0000000000E+00
    9901   1.0000000000E+00
    9902   1.0000000000E+00
    9903   1.0000000000E+00
    9904   1.0000000000E+00
    9905   1.0000000000E+00
    9906   1.0000000000E+00
    9907   1.0000000000E+00
    9908   1.0000000000E+00
    9909   1.0000000000E+00
    9910   1.0000000000E+00
    9911   1.0000000000E+00
    9912   1.0000000000E+00
    9913   1.0000000000E+00
    9914   1.0000000000E+00
    9915   1.0000000000E+00
    9916   1.0000000000E+00
    9917   1.0000000000E+00
    9918   1.0000000000E+00
    9919   1.0000000000E+00
    9920   1.0000000000E+00
    9921   1.0000000000E+00
    9922   1.0000000000E+00
    9923   1.0000000000E+00
    9924   1.0000000000E+00
    9925   1.0000000000E+00
    9926   1.0000000000E+00
    9927   1.0000000000E+00
    9928   1.0000000000E+00
    9929   1.0000000000E+00
    9930   1.0000000000E+00
    9931   1.0000000000E+00
    9932   1.0000000000E+00
    9933   1.0000000000E+00
    9934   1.0000000000E+00
    9935   1.0000000000E+00
    9936   1.0000000000E+00
    9937   1.0000000000E+00
    9938   1.0000000000E+00
    9939   1.0000000000E+00
    9940   1.0000000000E+00
    9941   1.0000000000E+00
    9942   1.0000000000E+00
    9943   1.0000000000E+00
    9944   1.0000000000E+00
    9945   1.0000000000E+00
    9946   1.0000000000E+00
    9947   1.0000000000E+00
    9948   1.0000000000E+00
    9949   1.0000000000E+00
    9950   1.0000000000E+00
    9951   1.0000000000E+00
    9952   1.0000000000E+00
    9953   1.0000000000E+00
    9954   1.0000000000E+00
    9955   1.0000000000E+00
    9956   1.0000000000E+00
    9957   1.0000000000E+00
    9958   1.0000000000E+00
    9959   1.0000000000E+00
    9960   1.0000000000E+00
    9961   1.0000000000E+00
    9962   1.0000000000E+00
    9963   1.0000000000E+00
    9964   1.0000000000E+00
    9965   1.0000000000E+00
    9966   1.0000000000E+00
    9967   1.0000000000E+00
    9968   1.0000000000E+00
    9969   1.0000000000E+00
    9970   1.0000000000E+00
    9971   1.0000000000E+00
    9972   1.0000000000E+00
    9973   1.0000000000E+00
    9974   1.0000000000E+00
    9975   1.0000000000E+00
    9976   1.0000000000E+00
    9977   1.0000000000E+00
    9978   1.0000000000E+00
    9979   1.0000000000E+00
    9980   1.0000000000E+00
    9981   1.0000000000E+00
    9982   1.0000000000E+00
    9983   1.0000000000E+00
    9984   1.0000000000E+00
    9985   1.0000000000E+00
    9986   1.0000000000E+00
    9987   1.0000000000E+00
    9988   1.0000000000E+00
    9989   1.0000000000E+00
    9990   1.0000000000E+00
    9991   1.0000000000E+00
    9992   1.0000000000E+00
    9993   1.0000000000E+00
    9994   1.0000000000E+00
    9995   1.0000000000E+00
    9996   1.0000000000E+00
    9997   1.0000000000E+00
    9998   1.0000000000E+00
    9999   1.0000000000E+00
   10000   8.3593750000E-01
   10001   1.6406250000E-01
   10002   0.0000000000E+00
   10003   0.0000000000E+00
