# ic  density_f1
      -2   0.0000000000E+00
      -1   1.0546534015E-01
       0   7.4214314358E-01
       1   9.7035648649E-01
       2   9.7172508551E-01
       3   9.7334076378E-01
       4   9.7509081880E-01
       5   9.7689228484E-01
       6   9.7868563086E-01
       7   9.8039796226E-01
       8   9.8192254924E-01
       9   9.8314603001E-01
      10   9.8398640535E-01
      11   9.8450180667E-01
      12   9.8484433832E-01
      13   9.8503911116E-01
      14   9.8519848982E-01
      15   9.8535434468E-01
      16   9.8553297549E-01
      17   9.8578573023E-01
      18   9.8617657952E-01
      19   9.8673949968E-01
      20   9.8745057193E-01
      21   9.8824675181E-01
      22   9.8907625112E-01
      23   9.8993257275E-01
      24   9.9083934237E-01
      25   9.9180137587E-01
      26   9.9277196497E-01
      27   9.9367183571E-01
      28   9.9444343292E-01
      29   9.9508828809E-01
      30   9.9565212320E-01
      31   9.9617492490E-01
      32   9.9665900847E-01
      33   9.9709036502E-01
      34   9.9749310308E-01
      35   9.9796093151E-01
      36   9.9862977542E-01
      37   9.9960995393E-01
      38   1.0009321271E+00
      39   1.0025442427E+00
      40   1.0043448791E+00
      41   1.0062063904E+00
      42   1.0079624983E+00
      43   1.0093856449E+00
      44   1.0102058531E+00
      45   1.0101918922E+00
      46   1.0092518980E+00
      47   1.0074820196E+00
      48   1.0051304880E+00
      49   1.0025122879E+00
      50   9.9993909795E-01
      51   9.9769637612E-01
      52   9.9604287469E-01
      53   9.9518897692E-01
      54   9.9524301466E-01
      55   9.9616073465E-01
      56   9.9774484920E-01
      57   9.9970853489E-01
      58   1.0017657478E+00
      59   1.0036909088E+00
      60   1.0053226128E+00
      61   1.0065394384E+00
      62   1.0072564945E+00
      63   1.0074587449E+00
      64   1.0072341524E+00
      65   1.0067571975E+00
      66   1.0062171240E+00
      67   1.0057402616E+00
      68   1.0053637792E+00
      69   1.0050727030E+00
      70   1.0048556630E+00
      71   1.0047246236E+00
      72   1.0046867572E+00
      73   1.0047083508E+00
      74   1.0047168490E+00
      75   1.0046452072E+00
      76   1.0044742771E+00
      77   1.0042274159E+00
      78   1.0039190460E+00
      79   1.0035083196E+00
      80   1.0029070238E+00
      81   1.0020409673E+00
      82   1.0009127354E+00
      83   9.9961355663E-01
      84   9.9828096408E-01
      85   9.9704774056E-01
      86   9.9602525974E-01
      87   9.9532001619E-01
      88   9.9504218802E-01
      89   9.9527237638E-01
      90   9.9599878708E-01
      91   9.9707609950E-01
      92   9.9824815045E-01
      93   9.9922842366E-01
      94   9.9978632538E-01
      95   9.9978698053E-01
      96   9.9917851570E-01
      97   9.9796782006E-01
      98   9.9622416899E-01
      99   9.9410611891E-01
     100   9.9186842001E-01
     101   9.8981596307E-01
     102   9.8822066855E-01
     103   9.8725444704E-01
     104   9.8697819824E-01
     105   9.8738055876E-01
     106   9.8842279101E-01
     107   9.9004977779E-01
     108   9.9216602220E-01
     109   9.9461354420E-01
     110   9.9718776772E-01
     111   9.9968974814E-01
     112   1.0019737361E+00
     113   1.0039491299E+00
     114   1.0055398457E+00
     115   1.0066486121E+00
     116   1.0071702942E+00
     117   1.0070491239E+00
     118   1.0063285466E+00
     119   1.0051459254E+00
     120   1.0036754973E+00
     121   1.0020694281E+00
     122   1.0004415978E+00
     123   9.9889187770E-01
     124   9.9753010634E-01
     125   9.9646499479E-01
     126   9.9576503163E-01
     127   9.9543158525E-01
     128   9.9541419880E-01
     129   9.9565655422E-01
     130   9.9613082501E-01
     131   9.9682761602E-01
     132   9.9771161008E-01
     133   9.9868776027E-01
     134   9.9961421309E-01
     135   1.0003543740E+00
     136   1.0008243395E+00
     137   1.0009975153E+00
     138   1.0008712947E+00
     139   1.0004371388E+00
     140   9.9968756095E-01
     141   9.9865094093E-01
     142   9.9741357123E-01
     143   9.9609923872E-01
     144   9.9481925095E-01
     145   9.9363599509E-01
     146   9.9257010594E-01
     147   9.9163864167E-01
     148   9.9088302900E-01
     149   9.9034266517E-01
     150   9.9007108413E-01
     151   9.9001841558E-01
     152   9.9007234236E-01
     153   9.9014735167E-01
     154   9.9019152859E-01
     155   9.9020583688E-01
     156   9.9021742012E-01
     157   9.9024962962E-01
     158   9.9031905585E-01
     159   9.9045738777E-01
     160   9.9072815055E-01
     161   9.9121214291E-01
     162   9.9196689043E-01
     163   9.9299347952E-01
     164   9.9424023611E-01
     165   9.9563991073E-01
     166   9.9714614679E-01
     167   9.9873588836E-01
     168   1.0003761692E+00
     169   1.0019881194E+00
     170   1.0034440766E+00
     171   1.0046034367E+00
     172   1.0053577830E+00
     173   1.0056514312E+00
     174   1.0054704402E+00
     175   1.0048247711E+00
     176   1.0037499618E+00
     177   1.0023270454E+00
     178   1.0006926479E+00
     179   9.9901650017E-01
     180   9.9745388662E-01
     181   9.9610669886E-01
     182   9.9502070465E-01
     183   9.9421572316E-01
     184   9.9371795650E-01
     185   9.9356593651E-01
     186   9.9378721414E-01
     187   9.9436920458E-01
     188   9.9524941732E-01
     189   9.9632964761E-01
     190   9.9749562768E-01
     191   9.9862287836E-01
     192   9.9956859686E-01
     193   1.0001702501E+00
     194   1.0002700844E+00
     195   9.9976147067E-01
     196   9.9862901137E-01
     197   9.9695648015E-01
     198   9.9490070097E-01
     199   9.9265386362E-01
     200   9.9041717267E-01
     201   9.8838959874E-01
     202   9.8675684428E-01
     203   9.8566853426E-01
     204   9.8520049486E-01
     205   9.8533518130E-01
     206   9.8608560312E-01
     207   9.8722112302E-01
     208   9.8863289690E-01
     209   9.9021459807E-01
     210   9.9187378265E-01
     211   9.9352891136E-01
     212   9.9510468470E-01
     213   9.9653676801E-01
     214   9.9777581174E-01
     215   9.9878083472E-01
     216   9.9950449183E-01
     217   9.9988589674E-01
     218   9.9986488992E-01
     219   9.9941536629E-01
     220   9.9857787388E-01
     221   9.9747136977E-01
     222   9.9627805617E-01
     223   9.9521167345E-01
     224   9.9448452207E-01
     225   9.9428092469E-01
     226   9.9473432075E-01
     227   9.9590394329E-01
     228   9.9775328590E-01
     229   1.0001395156E+00
     230   1.0028236917E+00
     231   1.0055040292E+00
     232   1.0078642121E+00
     233   1.0096245806E+00
     234   1.0105857708E+00
     235   1.0106579633E+00
     236   1.0098711301E+00
     237   1.0083629828E+00
     238   1.0063451096E+00
     239   1.0040556082E+00
     240   1.0017121968E+00
     241   9.9947813885E-01
     242   9.9744712199E-01
     243   9.9564674811E-01
     244   9.9405607819E-01
     245   9.9263141102E-01
     246   9.9133378266E-01
     247   9.9014936643E-01
     248   9.8909582037E-01
     249   9.8821331264E-01
     250   9.8754599068E-01
     251   9.8712396643E-01
     252   9.8695365555E-01
     253   9.8701641253E-01
     254   9.8727112656E-01
     255   9.8765737329E-01
     256   9.8810016566E-01
     257   9.8852028504E-01
     258   9.8885139153E-01
     259   9.8905701834E-01
     260   9.8913825642E-01
     261   9.8912650933E-01
     262   9.8905689943E-01
     263   9.8904489887E-01
     264   9.8911730357E-01
     265   9.8935437283E-01
     266   9.8984179810E-01
     267   9.9063480765E-01
     268   9.9173454306E-01
     269   9.9306868851E-01
     270   9.9449589331E-01
     271   9.9583140764E-01
     272   9.9688036804E-01
     273   9.9746627436E-01
     274   9.9745325322E-01
     275   9.9676899631E-01
     276   9.9542982871E-01
     277   9.9355501834E-01
     278   9.9135306988E-01
     279   9.8907690222E-01
     280   9.8696637124E-01
     281   9.8520658058E-01
     282   9.8391859663E-01
     283   9.8317568844E-01
     284   9.8302374255E-01
     285   9.8348853539E-01
     286   9.8456828480E-01
     287   9.8621984133E-01
     288   9.8836459051E-01
     289   9.9094557937E-01
     290   9.9376276710E-01
     291   9.9668233864E-01
     292   9.9951169014E-01
     293   1.0020198243E+00
     294   1.0039777113E+00
     295   1.0052130701E+00
     296   1.0056540398E+00
     297   1.0053375031E+00
     298   1.0043809655E+00
     299   1.0029404726E+00
     300   1.0012080770E+00
     301   9.9936548155E-01
     302   9.9758646829E-01
     303   9.9600298962E-01
     304   9.9469123847E-01
     305   9.9364504267E-01
     306   9.9280258615E-01
     307   9.9210148246E-01
     308   9.9150918729E-01
     309   9.9103353458E-01
     310   9.9070738953E-01
     311   9.9056978977E-01
     312   9.9066069545E-01
     313   9.9102684922E-01
     314   9.9172180261E-01
     315   9.9278784999E-01
     316   9.9422657827E-01
     317   9.9597980755E-01
     318   9.9793769276E-01
     319   9.9997004621E-01
     320   1.0019593162E+00
     321   1.0038151449E+00
     322   1.0054697735E+00
     323   1.0068716675E+00
     324   1.0079924265E+00
     325   1.0088427192E+00
     326   1.0094776058E+00
     327   1.0099769119E+00
     328   1.0104085844E+00
     329   1.0107999029E+00
     330   1.0111353781E+00
     331   1.0113774292E+00
     332   1.0115065180E+00
     333   1.0114453752E+00
     334   1.0111748200E+00
     335   1.0106733845E+00
     336   1.0098891673E+00
     337   1.0088106720E+00
     338   1.0074651165E+00
     339   1.0059078186E+00
     340   1.0041972256E+00
     341   1.0023758333E+00
     342   1.0004704479E+00
     343   9.9850667033E-01
     344   9.9652128855E-01
     345   9.9456131657E-01
     346   9.9267396525E-01
     347   9.9090105989E-01
     348   9.8928615358E-01
     349   9.8788846294E-01
     350   9.8678851053E-01
     351   9.8604855452E-01
     352   9.8583127710E-01
     353   9.8613353561E-01
     354   9.8692598292E-01
     355   9.8816965831E-01
     356   9.8977166384E-01
     357   9.9160901001E-01
     358   9.9353431843E-01
     359   9.9538703468E-01
     360   9.9701663060E-01
     361   9.9831447598E-01
     362   9.9924077577E-01
     363   9.9983109476E-01
     364   1.0001776592E+00
     365   1.0003947191E+00
     366   1.0005840562E+00
     367   1.0008123119E+00
     368   1.0011022342E+00
     369   1.0014329982E+00
     370   1.0017463753E+00
     371   1.0019608170E+00
     372   1.0019970269E+00
     373   1.0018122810E+00
     374   1.0014313028E+00
     375   1.0009567272E+00
     376   1.0005495103E+00
     377   1.0003848640E+00
     378   1.0006019213E+00
     379   1.0012661451E+00
     380   1.0023542312E+00
     381   1.0037583901E+00
     382   1.0053016276E+00
     383   1.0067593436E+00
     384   1.0078894885E+00
     385   1.0084742208E+00
     386   1.0083683488E+00
     387   1.0075381968E+00
     388   1.0060729140E+00
     389   1.0041621441E+00
     390   1.0020515546E+00
     391   9.9999624000E-01
     392   9.9822623611E-01
     393   9.9692421751E-01
     394   9.9620819375E-01
     395   9.9611659466E-01
     396   9.9660296497E-01
     397   9.9754959926E-01
     398   9.9880073857E-01
     399   1.0002011067E+00
     400   1.0016200630E+00
     401   1.0029524296E+00
     402   1.0041066020E+00
     403   1.0050001304E+00
     404   1.0055743317E+00
     405   1.0058178122E+00
     406   1.0057806262E+00
     407   1.0055362800E+00
     408   1.0051931424E+00
     409   1.0048413896E+00
     410   1.0045551616E+00
     411   1.0044088293E+00
     412   1.0044708016E+00
     413   1.0047787309E+00
     414   1.0053096364E+00
     415   1.0059715681E+00
     416   1.0066292996E+00
     417   1.0071476849E+00
     418   1.0074220371E+00
     419   1.0073795272E+00
     420   1.0069654926E+00
     421   1.0061423775E+00
     422   1.0049134942E+00
     423   1.0033526522E+00
     424   1.0016076997E+00
     425   9.9986559860E-01
     426   9.9829973272E-01
     427   9.9703313303E-01
     428   9.9613382685E-01
     429   9.9562815941E-01
     430   9.9550584134E-01
     431   9.9570760000E-01
     432   9.9611401258E-01
     433   9.9656246123E-01
     434   9.9689890741E-01
     435   9.9703786126E-01
     436   9.9699108879E-01
     437   9.9684799779E-01
     438   9.9672833176E-01
     439   9.9674396979E-01
     440   9.9698920713E-01
     441   9.9754546115E-01
     442   9.9847264728E-01
     443   9.9977847462E-01
     444   1.0013886114E+00
     445   1.0031500843E+00
     446   1.0048769940E+00
     447   1.0064098810E+00
     448   1.0076459879E+00
     449   1.0085241486E+00
     450   1.0089905895E+00
     451   1.0089872691E+00
     452   1.0084784558E+00
     453   1.0074894209E+00
     454   1.0061171636E+00
     455   1.0045016908E+00
     456   1.0027861007E+00
     457   1.0011017605E+00
     458   9.9958491883E-01
     459   9.9839443657E-01
     460   9.9769581171E-01
     461   9.9760961346E-01
     462   9.9815947730E-01
     463   9.9925892746E-01
     464   1.0007455324E+00
     465   1.0024327344E+00
     466   1.0041399766E+00
     467   1.0056899410E+00
     468   1.0068997006E+00
     469   1.0076001122E+00
     470   1.0076865635E+00
     471   1.0071646329E+00
     472   1.0061489608E+00
     473   1.0048115882E+00
     474   1.0033194006E+00
     475   1.0018048664E+00
     476   1.0003779583E+00
     477   9.9914765787E-01
     478   9.9821769637E-01
     479   9.9765445429E-01
     480   9.9745879273E-01
     481   9.9757283794E-01
     482   9.9791952334E-01
     483   9.9844041768E-01
     484   9.9909819806E-01
     485   9.9984514985E-01
     486   1.0005939545E+00
     487   1.0012258268E+00
     488   1.0016348885E+00
     489   1.0017711926E+00
     490   1.0016445987E+00
     491   1.0012894226E+00
     492   1.0007272655E+00
     493   9.9996426504E-01
     494   9.9902150162E-01
     495   9.9796212107E-01
     496   9.9688130884E-01
     497   9.9586303464E-01
     498   9.9494163918E-01
     499   9.9410235445E-01
     500   9.9331823544E-01
     501   9.9258830004E-01
     502   9.9194346123E-01
     503   9.9142018625E-01
     504   9.9103283856E-01
     505   9.9077338929E-01
     506   9.9063623482E-01
     507   9.9063834131E-01
     508   9.9080835192E-01
     509   9.9115002633E-01
     510   9.9161448488E-01
     511   9.9211198292E-01
     512   9.9256030916E-01
     513   9.9293430975E-01
     514   9.9327970613E-01
     515   9.9368596841E-01
     516   9.9424730386E-01
     517   9.9504438444E-01
     518   9.9615175312E-01
     519   9.9764622564E-01
     520   9.9958952499E-01
     521   1.0019856014E+00
     522   1.0047443581E+00
     523   1.0076838722E+00
     524   1.0105744521E+00
     525   1.0131924244E+00
     526   1.0153478823E+00
     527   1.0168805684E+00
     528   1.0176531441E+00
     529   1.0175720802E+00
     530   1.0166325074E+00
     531   1.0149500354E+00
     532   1.0127461146E+00
     533   1.0102914094E+00
     534   1.0078455047E+00
     535   1.0056273114E+00
     536   1.0038157634E+00
     537   1.0025519096E+00
     538   1.0019188247E+00
     539   1.0019067168E+00
     540   1.0023947000E+00
     541   1.0031741805E+00
     542   1.0040075556E+00
     543   1.0046887044E+00
     544   1.0050741470E+00
     545   1.0050820720E+00
     546   1.0046827846E+00
     547   1.0039022362E+00
     548   1.0028338578E+00
     549   1.0016330736E+00
     550   1.0004784604E+00
     551   9.9951448507E-01
     552   9.9881157505E-01
     553   9.9836858189E-01
     554   9.9814950358E-01
     555   9.9812134241E-01
     556   9.9826561521E-01
     557   9.9856429778E-01
     558   9.9898441306E-01
     559   9.9948277986E-01
     560   1.0000278782E+00
     561   1.0006150544E+00
     562   1.0012568419E+00
     563   1.0019553706E+00
     564   1.0026832833E+00
     565   1.0033930782E+00
     566   1.0040474566E+00
     567   1.0046413099E+00
     568   1.0051929262E+00
     569   1.0057106008E+00
     570   1.0061659853E+00
     571   1.0064952894E+00
     572   1.0066070886E+00
     573   1.0064735179E+00
     574   1.0060792336E+00
     575   1.0054358899E+00
     576   1.0045685038E+00
     577   1.0035215093E+00
     578   1.0023771544E+00
     579   1.0012602881E+00
     580   1.0003126196E+00
     581   9.9964579254E-01
     582   9.9930195735E-01
     583   9.9924525998E-01
     584   9.9938421862E-01
     585   9.9960364736E-01
     586   9.9978551201E-01
     587   9.9981639959E-01
     588   9.9959599985E-01
     589   9.9905851278E-01
     590   9.9820071023E-01
     591   9.9709496169E-01
     592   9.9587196713E-01
     593   9.9468058956E-01
     594   9.9364986429E-01
     595   9.9287418987E-01
     596   9.9241649048E-01
     597   9.9234325083E-01
     598   9.9270873999E-01
     599   9.9350498881E-01
     600   9.9470823792E-01
     601   9.9623875545E-01
     602   9.9798621221E-01
     603   9.9982979207E-01
     604   1.0016451418E+00
     605   1.0032977186E+00
     606   1.0046391294E+00
     607   1.0055243429E+00
     608   1.0058501238E+00
     609   1.0055931337E+00
     610   1.0048242069E+00
     611   1.0036806215E+00
     612   1.0023446844E+00
     613   1.0010039653E+00
     614   9.9982445744E-01
     615   9.9894616496E-01
     616   9.9845737588E-01
     617   9.9836848533E-01
     618   9.9860075137E-01
     619   9.9900611718E-01
     620   9.9941614815E-01
     621   9.9969520090E-01
     622   9.9977303468E-01
     623   9.9964540068E-01
     624   9.9935698344E-01
     625   9.9898567664E-01
     626   9.9863463783E-01
     627   9.9842243075E-01
     628   9.9845986120E-01
     629   9.9881784062E-01
     630   9.9950527087E-01
     631   1.0004737859E+00
     632   1.0016474748E+00
     633   1.0029555428E+00
     634   1.0043483627E+00
     635   1.0057711466E+00
     636   1.0071501293E+00
     637   1.0084000328E+00
     638   1.0094194752E+00
     639   1.0101275965E+00
     640   1.0104736510E+00
     641   1.0104314285E+00
     642   1.0099908117E+00
     643   1.0091626013E+00
     644   1.0079958138E+00
     645   1.0065883711E+00
     646   1.0050733344E+00
     647   1.0035835759E+00
     648   1.0022175424E+00
     649   1.0010280074E+00
     650   1.0000365596E+00
     651   9.9925656397E-01
     652   9.9870466566E-01
     653   9.9839607357E-01
     654   9.9833544370E-01
     655   9.9851640799E-01
     656   9.9892982131E-01
     657   9.9956752853E-01
     658   1.0004099213E+00
     659   1.0014020392E+00
     660   1.0024383898E+00
     661   1.0033744903E+00
     662   1.0040643849E+00
     663   1.0044031843E+00
     664   1.0043505724E+00
     665   1.0039277465E+00
     666   1.0032001015E+00
     667   1.0022620990E+00
     668   1.0012288659E+00
     669   1.0002254545E+00
     670   9.9936511755E-01
     671   9.9872157691E-01
     672   9.9831207393E-01
     673   9.9810375203E-01
     674   9.9803939733E-01
     675   9.9806435773E-01
     676   9.9813776301E-01
     677   9.9822707950E-01
     678   9.9830039384E-01
     679   9.9833038280E-01
     680   9.9830985110E-01
     681   9.9826449954E-01
     682   9.9824873741E-01
     683   9.9832466799E-01
     684   9.9853882242E-01
     685   9.9891146208E-01
     686   9.9944057132E-01
     687   1.0001096866E+00
     688   1.0008879864E+00
     689   1.0017226284E+00
     690   1.0025356226E+00
     691   1.0032364809E+00
     692   1.0037488553E+00
     693   1.0040360131E+00
     694   1.0041092153E+00
     695   1.0040160515E+00
     696   1.0038204517E+00
     697   1.0035883215E+00
     698   1.0033831417E+00
     699   1.0032645626E+00
     700   1.0032816600E+00
     701   1.0034615666E+00
     702   1.0038033756E+00
     703   1.0042858707E+00
     704   1.0048867707E+00
     705   1.0056005376E+00
     706   1.0064417551E+00
     707   1.0074320658E+00
     708   1.0085810641E+00
     709   1.0098741554E+00
     710   1.0112722415E+00
     711   1.0127175490E+00
     712   1.0141385819E+00
     713   1.0154847942E+00
     714   1.0165425233E+00
     715   1.0172538562E+00
     716   1.0175325788E+00
     717   1.0172948522E+00
     718   1.0165260059E+00
     719   1.0152671846E+00
     720   1.0136096288E+00
     721   1.0116856006E+00
     722   1.0096575456E+00
     723   1.0077021105E+00
     724   1.0059868118E+00
     725   1.0046429199E+00
     726   1.0037433443E+00
     727   1.0032940582E+00
     728   1.0032414499E+00
     729   1.0034902698E+00
     730   1.0039240636E+00
     731   1.0044224456E+00
     732   1.0048747679E+00
     733   1.0051932427E+00
     734   1.0053270327E+00
     735   1.0052734700E+00
     736   1.0050795666E+00
     737   1.0048288936E+00
     738   1.0046154782E+00
     739   1.0045134470E+00
     740   1.0045534059E+00
     741   1.0047122193E+00
     742   1.0049169551E+00
     743   1.0050594180E+00
     744   1.0050172631E+00
     745   1.0046817466E+00
     746   1.0039750623E+00
     747   1.0028924147E+00
     748   1.0015035337E+00
     749   9.9993384309E-01
     750   9.9834468994E-01
     751   9.9689318319E-01
     752   9.9569668903E-01
     753   9.9483114735E-01
     754   9.9430591260E-01
     755   9.9407184514E-01
     756   9.9403851854E-01
     757   9.9407784962E-01
     758   9.9404640902E-01
     759   9.9381496082E-01
     760   9.9329874142E-01
     761   9.9247623503E-01
     762   9.9138888326E-01
     763   9.9012525235E-01
     764   9.8880051943E-01
     765   9.8754001743E-01
     766   9.8646726168E-01
     767   9.8569116052E-01
     768   9.8528935304E-01
     769   9.8529281601E-01
     770   9.8568147074E-01
     771   9.8639624188E-01
     772   9.8736280034E-01
     773   9.8851390743E-01
     774   9.8979906514E-01
     775   9.9118099541E-01
     776   9.9262845826E-01
     777   9.9411517894E-01
     778   9.9562525429E-01
     779   9.9715547895E-01
     780   9.9870588628E-01
     781   1.0002611863E+00
     782   1.0017766508E+00
     783   1.0031809805E+00
     784   1.0043954980E+00
     785   1.0053549521E+00
     786   1.0060148643E+00
     787   1.0063440012E+00
     788   1.0063149436E+00
     789   1.0059068871E+00
     790   1.0051214180E+00
     791   1.0039974483E+00
     792   1.0026110307E+00
     793   1.0010594277E+00
     794   9.9944255790E-01
     795   9.9785511271E-01
     796   9.9638963121E-01
     797   9.9513800261E-01
     798   9.9417972907E-01
     799   9.9355913032E-01
     800   9.9326661999E-01
     801   9.9323904768E-01
     802   9.9338049683E-01
     803   9.9358959407E-01
     804   9.9377147964E-01
     805   9.9386240232E-01
     806   9.9379477169E-01
     807   9.9351776852E-01
     808   9.9302683420E-01
     809   9.9236170249E-01
     810   9.9160459606E-01
     811   9.9085433029E-01
     812   9.9019641814E-01
     813   9.8968820525E-01
     814   9.8936458863E-01
     815   9.8925190573E-01
     816   9.8937225019E-01
     817   9.8973216553E-01
     818   9.9030645626E-01
     819   9.9103418579E-01
     820   9.9183414996E-01
     821   9.9262951341E-01
     822   9.9336351154E-01
     823   9.9399717143E-01
     824   9.9449687134E-01
     825   9.9482812446E-01
     826   9.9496417108E-01
     827   9.9490079777E-01
     828   9.9466124350E-01
     829   9.9428421122E-01
     830   9.9380470572E-01
     831   9.9324492558E-01
     832   9.9262337998E-01
     833   9.9197228400E-01
     834   9.9134530647E-01
     835   9.9080672453E-01
     836   9.9040556480E-01
     837   9.9016532912E-01
     838   9.9013032653E-01
     839   9.9024912926E-01
     840   9.9052149443E-01
     841   9.9092569117E-01
     842   9.9141363742E-01
     843   9.9191037140E-01
     844   9.9233184433E-01
     845   9.9261460513E-01
     846   9.9273825565E-01
     847   9.9272673013E-01
     848   9.9263148295E-01
     849   9.9251213065E-01
     850   9.9242802600E-01
     851   9.9243903003E-01
     852   9.9260308246E-01
     853   9.9296161652E-01
     854   9.9351783501E-01
     855   9.9422345492E-01
     856   9.9498702367E-01
     857   9.9570071860E-01
     858   9.9626952807E-01
     859   9.9662676231E-01
     860   9.9673320049E-01
     861   9.9657071111E-01
     862   9.9614328142E-01
     863   9.9548594077E-01
     864   9.9467076358E-01
     865   9.9379914093E-01
     866   9.9298138588E-01
     867   9.9231609211E-01
     868   9.9188217508E-01
     869   9.9174350559E-01
     870   9.9195425203E-01
     871   9.9255215205E-01
     872   9.9353852353E-01
     873   9.9485711265E-01
     874   9.9639172340E-01
     875   9.9798560758E-01
     876   9.9946531362E-01
     877   1.0006928992E+00
     878   1.0015693088E+00
     879   1.0020425255E+00
     880   1.0021047620E+00
     881   1.0017938225E+00
     882   1.0011855222E+00
     883   1.0003690537E+00
     884   9.9941914024E-01
     885   9.9836834025E-01
     886   9.9719879295E-01
     887   9.9586352288E-01
     888   9.9432625503E-01
     889   9.9257433095E-01
     890   9.9064460519E-01
     891   9.8860733630E-01
     892   9.8655150537E-01
     893   9.8457331880E-01
     894   9.8277088869E-01
     895   9.8123932643E-01
     896   9.8006145541E-01
     897   9.7929624031E-01
     898   9.7897309635E-01
     899   9.7909705411E-01
     900   9.7966179466E-01
     901   9.8066055166E-01
     902   9.8207949358E-01
     903   9.8387629336E-01
     904   9.8610219369E-01
     905   9.8853289464E-01
     906   9.9106099604E-01
     907   9.9354059682E-01
     908   9.9581030478E-01
     909   9.9771655346E-01
     910   9.9912452089E-01
     911   9.9993423831E-01
     912   1.0001029574E+00
     913   9.9966410094E-01
     914   9.9872924556E-01
     915   9.9746770500E-01
     916   9.9607267316E-01
     917   9.9472968854E-01
     918   9.9359797968E-01
     919   9.9280248187E-01
     920   9.9242719201E-01
     921   9.9250376671E-01
     922   9.9299999003E-01
     923   9.9381891047E-01
     924   9.9481588314E-01
     925   9.9582973606E-01
     926   9.9671502477E-01
     927   9.9736301587E-01
     928   9.9770957292E-01
     929   9.9773735996E-01
     930   9.9747998996E-01
     931   9.9702677408E-01
     932   9.9651851586E-01
     933   9.9612656455E-01
     934   9.9601860028E-01
     935   9.9632381470E-01
     936   9.9711022256E-01
     937   9.9837722087E-01
     938   1.0000569723E+00
     939   1.0020168692E+00
     940   1.0040634788E+00
     941   1.0059564102E+00
     942   1.0074401666E+00
     943   1.0082907607E+00
     944   1.0083613278E+00
     945   1.0076086835E+00
     946   1.0060942142E+00
     947   1.0039665518E+00
     948   1.0014384630E+00
     949   9.9876392985E-01
     950   9.9621249319E-01
     951   9.9403678770E-01
     952   9.9243692306E-01
     953   9.9153221580E-01
     954   9.9134972786E-01
     955   9.9183070053E-01
     956   9.9284724962E-01
     957   9.9421989925E-01
     958   9.9573313552E-01
     959   9.9715420955E-01
     960   9.9826198019E-01
     961   9.9888499954E-01
     962   9.9893703875E-01
     963   9.9843433187E-01
     964   9.9748695408E-01
     965   9.9627004196E-01
     966   9.9498799749E-01
     967   9.9384227994E-01
     968   9.9300535019E-01
     969   9.9259827998E-01
     970   9.9267210166E-01
     971   9.9319865896E-01
     972   9.9407814817E-01
     973   9.9516517467E-01
     974   9.9630584430E-01
     975   9.9737197189E-01
     976   9.9828137991E-01
     977   9.9900259265E-01
     978   9.9954970112E-01
     979   9.9997373323E-01
     980   1.0003515116E+00
     981   1.0007685824E+00
     982   1.0012954621E+00
     983   1.0019635056E+00
     984   1.0027505958E+00
     985   1.0035837169E+00
     986   1.0043564558E+00
     987   1.0049519413E+00
     988   1.0052621926E+00
     989   1.0052019707E+00
     990   1.0047207359E+00
     991   1.0038153186E+00
     992   1.0025390914E+00
     993   1.0009988682E+00
     994   9.9933490727E-01
     995   9.9769022550E-01
     996   9.9618281083E-01
     997   9.9489282403E-01
     998   9.9386707857E-01
     999   9.9313280141E-01
    1000   9.9270953353E-01
    1001   9.9261328311E-01
    1002   9.9285394028E-01
    1003   9.9343067439E-01
    1004   9.9432524960E-01
    1005   9.9551204806E-01
    1006   9.9692303906E-01
    1007   9.9845949177E-01
    1008   9.9999645085E-01
    1009   1.0013826142E+00
    1010   1.0024676016E+00
    1011   1.0031291938E+00
    1012   1.0032939468E+00
    1013   1.0029367135E+00
    1014   1.0020946288E+00
    1015   1.0008442396E+00
    1016   9.9929849879E-01
    1017   9.9760005190E-01
    1018   9.9590297069E-01
    1019   9.9436623544E-01
    1020   9.9312443951E-01
    1021   9.9225639347E-01
    1022   9.9179891945E-01
    1023   9.9173703280E-01
    1024   9.9201197564E-01
    1025   9.9252959137E-01
    1026   9.9317143314E-01
    1027   9.9381051140E-01
    1028   9.9433173078E-01
    1029   9.9465315763E-01
    1030   9.9474161637E-01
    1031   9.9461778920E-01
    1032   9.9435020853E-01
    1033   9.9404150065E-01
    1034   9.9381095289E-01
    1035   9.9377577188E-01
    1036   9.9403121526E-01
    1037   9.9463063798E-01
    1038   9.9556930409E-01
    1039   9.9677828219E-01
    1040   9.9813356455E-01
    1041   9.9948087499E-01
    1042   1.0006698183E+00
    1043   1.0015870577E+00
    1044   1.0021787699E+00
    1045   1.0024573858E+00
    1046   1.0024929639E+00
    1047   1.0023932582E+00
    1048   1.0022770356E+00
    1049   1.0022454061E+00
    1050   1.0023570793E+00
    1051   1.0026148071E+00
    1052   1.0029690459E+00
    1053   1.0033399443E+00
    1054   1.0036507005E+00
    1055   1.0038595234E+00
    1056   1.0039776660E+00
    1057   1.0040677279E+00
    1058   1.0042251428E+00
    1059   1.0045516334E+00
    1060   1.0051289515E+00
    1061   1.0059977256E+00
    1062   1.0071435404E+00
    1063   1.0084927078E+00
    1064   1.0099208905E+00
    1065   1.0112760908E+00
    1066   1.0124114874E+00
    1067   1.0132247696E+00
    1068   1.0136765470E+00
    1069   1.0136931882E+00
    1070   1.0134116768E+00
    1071   1.0128939244E+00
    1072   1.0122287037E+00
    1073   1.0115099781E+00
    1074   1.0108214204E+00
    1075   1.0102243047E+00
    1076   1.0097474484E+00
    1077   1.0093845944E+00
    1078   1.0091013189E+00
    1079   1.0088474695E+00
    1080   1.0085679390E+00
    1081   1.0082075511E+00
    1082   1.0077125599E+00
    1083   1.0070351524E+00
    1084   1.0061443161E+00
    1085   1.0050393279E+00
    1086   1.0037576210E+00
    1087   1.0023712656E+00
    1088   1.0009739585E+00
    1089   9.9966579474E-01
    1090   9.9854159829E-01
    1091   9.9768265753E-01
    1092   9.9714777110E-01
    1093   9.9696183916E-01
    1094   9.9710667819E-01
    1095   9.9752196975E-01
    1096   9.9812027215E-01
    1097   9.9881077078E-01
    1098   9.9952031599E-01
    1099   1.0002021022E+00
    1100   1.0008318496E+00
    1101   1.0013991414E+00
    1102   1.0019019830E+00
    1103   1.0023456522E+00
    1104   1.0027411272E+00
    1105   1.0030989173E+00
    1106   1.0034212581E+00
    1107   1.0036999566E+00
    1108   1.0039238411E+00
    1109   1.0040907109E+00
    1110   1.0042133106E+00
    1111   1.0043127566E+00
    1112   1.0044039902E+00
    1113   1.0044850037E+00
    1114   1.0045383192E+00
    1115   1.0045421282E+00
    1116   1.0044806022E+00
    1117   1.0043449918E+00
    1118   1.0041276413E+00
    1119   1.0038183207E+00
    1120   1.0034093932E+00
    1121   1.0029060919E+00
    1122   1.0023314389E+00
    1123   1.0017190576E+00
    1124   1.0010985855E+00
    1125   1.0004857174E+00
    1126   9.9988506172E-01
    1127   9.9930265368E-01
    1128   9.9875685890E-01
    1129   9.9827889051E-01
    1130   9.9790445128E-01
    1131   9.9766512239E-01
    1132   9.9758565562E-01
    1133   9.9768459137E-01
    1134   9.9797061988E-01
    1135   9.9843137045E-01
    1136   9.9902150042E-01
    1137   9.9966172648E-01
    1138   1.0002543972E+00
    1139   1.0007084835E+00
    1140   1.0009593936E+00
    1141   1.0009736271E+00
    1142   1.0007416025E+00
    1143   1.0002707632E+00
    1144   9.9958749200E-01
    1145   9.9874446175E-01
    1146   9.9782219277E-01
    1147   9.9691765060E-01
    1148   9.9612464351E-01
    1149   9.9551788609E-01
    1150   9.9514831961E-01
    1151   9.9504621779E-01
    1152   9.9522227260E-01
    1153   9.9566148209E-01
    1154   9.9631574664E-01
    1155   9.9710663408E-01
    1156   9.9794350418E-01
    1157   9.9874909202E-01
    1158   9.9947711423E-01
    1159   1.0001120889E+00
    1160   1.0006562409E+00
    1161   1.0011176651E+00
    1162   1.0015093388E+00
    1163   1.0018552098E+00
    1164   1.0021910895E+00
    1165   1.0025530822E+00
    1166   1.0029601721E+00
    1167   1.0034054215E+00
    1168   1.0038635858E+00
    1169   1.0043080714E+00
    1170   1.0047214706E+00
    1171   1.0050901621E+00
    1172   1.0053895701E+00
    1173   1.0055760222E+00
    1174   1.0055948547E+00
    1175   1.0053987230E+00
    1176   1.0049612312E+00
    1177   1.0042766373E+00
    1178   1.0033431206E+00
    1179   1.0021874112E+00
    1180   1.0008500501E+00
    1181   9.9941342031E-01
    1182   9.9800126582E-01
    1183   9.9675354829E-01
    1184   9.9578808460E-01
    1185   9.9518710209E-01
    1186   9.9495947555E-01
    1187   9.9507265792E-01
    1188   9.9545939928E-01
    1189   9.9602319702E-01
    1190   9.9664463121E-01
    1191   9.9719771584E-01
    1192   9.9757999933E-01
    1193   9.9774357922E-01
    1194   9.9770677566E-01
    1195   9.9753687298E-01
    1196   9.9731507152E-01
    1197   9.9710696711E-01
    1198   9.9695368281E-01
    1199   9.9687969238E-01
    1200   9.9690105102E-01
    1201   9.9702309791E-01
    1202   9.9723265174E-01
    1203   9.9749942978E-01
    1204   9.9779322716E-01
    1205   9.9810636474E-01
    1206   9.9846189016E-01
    1207   9.9889778685E-01
    1208   9.9943785952E-01
    1209   1.0000723261E+00
    1210   1.0007622056E+00
    1211   1.0014608915E+00
    1212   1.0021326112E+00
    1213   1.0027536065E+00
    1214   1.0033009042E+00
    1215   1.0037465134E+00
    1216   1.0040673840E+00
    1217   1.0042628529E+00
    1218   1.0043607627E+00
    1219   1.0044031820E+00
    1220   1.0044233641E+00
    1221   1.0044363784E+00
    1222   1.0044534239E+00
    1223   1.0045066009E+00
    1224   1.0046586090E+00
    1225   1.0049837791E+00
    1226   1.0055316927E+00
    1227   1.0063058349E+00
    1228   1.0072465038E+00
    1229   1.0082603669E+00
    1230   1.0092715334E+00
    1231   1.0101865232E+00
    1232   1.0109225438E+00
    1233   1.0114139146E+00
    1234   1.0116395506E+00
    1235   1.0116501526E+00
    1236   1.0115695960E+00
    1237   1.0115608405E+00
    1238   1.0117733004E+00
    1239   1.0123022831E+00
    1240   1.0131773665E+00
    1241   1.0143717560E+00
    1242   1.0158110437E+00
    1243   1.0173710439E+00
    1244   1.0188760896E+00
    1245   1.0201188271E+00
    1246   1.0209599962E+00
    1247   1.0211634854E+00
    1248   1.0206844717E+00
    1249   1.0196867629E+00
    1250   1.0182008904E+00
    1251   1.0163295324E+00
    1252   1.0141902728E+00
    1253   1.0119201906E+00
    1254   1.0096645387E+00
    1255   1.0075456525E+00
    1256   1.0056328694E+00
    1257   1.0039382526E+00
    1258   1.0024412378E+00
    1259   1.0011204118E+00
    1260   9.9996581033E-01
    1261   9.9896542486E-01
    1262   9.9808544007E-01
    1263   9.9726980820E-01
    1264   9.9646517820E-01
    1265   9.9565208332E-01
    1266   9.9485603478E-01
    1267   9.9413011264E-01
    1268   9.9352628206E-01
    1269   9.9308086306E-01
    1270   9.9282289537E-01
    1271   9.9279004029E-01
    1272   9.9302871713E-01
    1273   9.9357059753E-01
    1274   9.9440231005E-01
    1275   9.9545463820E-01
    1276   9.9662256538E-01
    1277   9.9780160483E-01
    1278   9.9891358619E-01
    1279   9.9990717416E-01
    1280   1.0007442818E+00
    1281   1.0013962577E+00
    1282   1.0018606759E+00
    1283   1.0021832505E+00
    1284   1.0024580381E+00
    1285   1.0027945817E+00
    1286   1.0032702424E+00
    1287   1.0039001919E+00
    1288   1.0046431733E+00
    1289   1.0054312470E+00
    1290   1.0061954341E+00
    1291   1.0068696871E+00
    1292   1.0073828301E+00
    1293   1.0076626191E+00
    1294   1.0076631519E+00
    1295   1.0073983448E+00
    1296   1.0069511930E+00
    1297   1.0064444203E+00
    1298   1.0059904986E+00
    1299   1.0056554123E+00
    1300   1.0054565369E+00
    1301   1.0053839323E+00
    1302   1.0054177475E+00
    1303   1.0055250150E+00
    1304   1.0056462640E+00
    1305   1.0056967862E+00
    1306   1.0055947313E+00
    1307   1.0053000271E+00
    1308   1.0048344736E+00
    1309   1.0042674523E+00
    1310   1.0036816736E+00
    1311   1.0031490910E+00
    1312   1.0027337636E+00
    1313   1.0025087540E+00
    1314   1.0025593698E+00
    1315   1.0029580791E+00
    1316   1.0037253270E+00
    1317   1.0048092818E+00
    1318   1.0060962353E+00
    1319   1.0074303604E+00
    1320   1.0086954730E+00
    1321   1.0097826686E+00
    1322   1.0106040303E+00
    1323   1.0110907489E+00
    1324   1.0112127444E+00
    1325   1.0110034600E+00
    1326   1.0105612016E+00
    1327   1.0100137887E+00
    1328   1.0094645520E+00
    1329   1.0089549080E+00
    1330   1.0084650899E+00
    1331   1.0079431877E+00
    1332   1.0073338909E+00
    1333   1.0065873681E+00
    1334   1.0056545091E+00
    1335   1.0044905344E+00
    1336   1.0030782500E+00
    1337   1.0014566247E+00
    1338   9.9972775544E-01
    1339   9.9802945538E-01
    1340   9.9648873850E-01
    1341   9.9518697005E-01
    1342   9.9415593223E-01
    1343   9.9339745528E-01
    1344   9.9290275216E-01
    1345   9.9265484332E-01
    1346   9.9261892800E-01
    1347   9.9274050282E-01
    1348   9.9296449126E-01
    1349   9.9326673163E-01
    1350   9.9367348324E-01
    1351   9.9425087933E-01
    1352   9.9506897223E-01
    1353   9.9616435727E-01
    1354   9.9752385902E-01
    1355   9.9909187644E-01
    1356   1.0007852100E+00
    1357   1.0024988819E+00
    1358   1.0041032961E+00
    1359   1.0054495448E+00
    1360   1.0063973837E+00
    1361   1.0068591675E+00
    1362   1.0068335381E+00
    1363   1.0064056460E+00
    1364   1.0057148786E+00
    1365   1.0049143699E+00
    1366   1.0041475129E+00
    1367   1.0035456945E+00
    1368   1.0032299012E+00
    1369   1.0032974710E+00
    1370   1.0037932238E+00
    1371   1.0046834715E+00
    1372   1.0058535063E+00
    1373   1.0071322342E+00
    1374   1.0083275906E+00
    1375   1.0092524905E+00
    1376   1.0097357513E+00
    1377   1.0096309396E+00
    1378   1.0088385903E+00
    1379   1.0073399856E+00
    1380   1.0052210790E+00
    1381   1.0026648099E+00
    1382   9.9991072375E-01
    1383   9.9720362221E-01
    1384   9.9475716567E-01
    1385   9.9274139962E-01
    1386   9.9128288883E-01
    1387   9.9046117601E-01
    1388   9.9029704442E-01
    1389   9.9074290926E-01
    1390   9.9168957625E-01
    1391   9.9299248004E-01
    1392   9.9450479544E-01
    1393   9.9609911744E-01
    1394   9.9766906923E-01
    1395   9.9911912041E-01
    1396   1.0003597833E+00
    1397   1.0013175099E+00
    1398   1.0019517351E+00
    1399   1.0022628434E+00
    1400   1.0022828191E+00
    1401   1.0020570464E+00
    1402   1.0016343674E+00
    1403   1.0010739802E+00
    1404   1.0004601147E+00
    1405   9.9990624555E-01
    1406   9.9953864318E-01
    1407   9.9946652964E-01
    1408   9.9975686826E-01
    1409   1.0004266704E+00
    1410   1.0014502722E+00
    1411   1.0027684012E+00
    1412   1.0042894058E+00
    1413   1.0058863909E+00
    1414   1.0074036325E+00
    1415   1.0086814675E+00
    1416   1.0095930111E+00
    1417   1.0100736854E+00
    1418   1.0101280293E+00
    1419   1.0098148472E+00
    1420   1.0092262353E+00
    1421   1.0084753212E+00
    1422   1.0076933542E+00
    1423   1.0070302309E+00
    1424   1.0066082558E+00
    1425   1.0065429425E+00
    1426   1.0068905143E+00
    1427   1.0076418574E+00
    1428   1.0087492963E+00
    1429   1.0101371297E+00
    1430   1.0117066984E+00
    1431   1.0133322612E+00
    1432   1.0148612120E+00
    1433   1.0161310721E+00
    1434   1.0170008045E+00
    1435   1.0173790492E+00
    1436   1.0172323156E+00
    1437   1.0165716625E+00
    1438   1.0154330844E+00
    1439   1.0138689424E+00
    1440   1.0119538804E+00
    1441   1.0097929857E+00
    1442   1.0075183193E+00
    1443   1.0052721413E+00
    1444   1.0031881293E+00
    1445   1.0013825048E+00
    1446   9.9995497641E-01
    1447   9.9898769604E-01
    1448   9.9853201557E-01
    1449   9.9858601419E-01
    1450   9.9907850774E-01
    1451   9.9987564124E-01
    1452   1.0008124406E+00
    1453   1.0017349774E+00
    1454   1.0025331710E+00
    1455   1.0031534176E+00
    1456   1.0035961759E+00
    1457   1.0039091467E+00
    1458   1.0041750504E+00
    1459   1.0045245830E+00
    1460   1.0050937064E+00
    1461   1.0059990488E+00
    1462   1.0073029349E+00
    1463   1.0089960125E+00
    1464   1.0110039247E+00
    1465   1.0132088204E+00
    1466   1.0154698835E+00
    1467   1.0176347734E+00
    1468   1.0195474503E+00
    1469   1.0210639157E+00
    1470   1.0220783742E+00
    1471   1.0225475326E+00
    1472   1.0224958876E+00
    1473   1.0219965117E+00
    1474   1.0211831950E+00
    1475   1.0200482335E+00
    1476   1.0186440995E+00
    1477   1.0171455557E+00
    1478   1.0155344462E+00
    1479   1.0138332763E+00
    1480   1.0120399415E+00
    1481   1.0101341493E+00
    1482   1.0080980517E+00
    1483   1.0059391206E+00
    1484   1.0036999379E+00
    1485   1.0014498216E+00
    1486   9.9926687242E-01
    1487   9.9722436030E-01
    1488   9.9538773995E-01
    1489   9.9381686574E-01
    1490   9.9256357298E-01
    1491   9.9166135493E-01
    1492   9.9111375736E-01
    1493   9.9089229686E-01
    1494   9.9094815731E-01
    1495   9.9123102337E-01
    1496   9.9170263355E-01
    1497   9.9233758896E-01
    1498   9.9311444192E-01
    1499   9.9400727821E-01
    1500   9.9498498790E-01
    1501   9.9601585588E-01
    1502   9.9706858374E-01
    1503   9.9810473684E-01
    1504   9.9906774130E-01
    1505   9.9988076788E-01
    1506   1.0004616222E+00
    1507   1.0007499576E+00
    1508   1.0007317183E+00
    1509   1.0004475749E+00
    1510   9.9998325587E-01
    1511   9.9945074104E-01
    1512   9.9897020588E-01
    1513   9.9865480585E-01
    1514   9.9859352395E-01
    1515   9.9882958050E-01
    1516   9.9934054357E-01
    1517   1.0000331711E+00
    1518   1.0007624629E+00
    1519   1.0013712690E+00
    1520   1.0017339807E+00
    1521   1.0017860895E+00
    1522   1.0015312950E+00
    1523   1.0010311596E+00
    1524   1.0003878290E+00
    1525   9.9972553354E-01
    1526   9.9916950646E-01
    1527   9.9882057462E-01
    1528   9.9872987204E-01
    1529   9.9888463622E-01
    1530   9.9921438231E-01
    1531   9.9961615459E-01
    1532   9.9998620026E-01
    1533   1.0002427087E+00
    1534   1.0003321081E+00
    1535   1.0002236700E+00
    1536   9.9990310814E-01
    1537   9.9937136514E-01
    1538   9.9864606136E-01
    1539   9.9775928000E-01
    1540   9.9674964060E-01
    1541   9.9565408784E-01
    1542   9.9450082520E-01
    1543   9.9333994591E-01
    1544   9.9222686952E-01
    1545   9.9122278280E-01
    1546   9.9040098958E-01
    1547   9.8981366257E-01
    1548   9.8948074770E-01
    1549   9.8938818014E-01
    1550   9.8949612527E-01
    1551   9.8974904115E-01
    1552   9.9008117997E-01
    1553   9.9041883643E-01
    1554   9.9068583505E-01
    1555   9.9081660559E-01
    1556   9.9077313703E-01
    1557   9.9055663032E-01
    1558   9.9020669558E-01
    1559   9.8978949837E-01
    1560   9.8938303916E-01
    1561   9.8906704956E-01
    1562   9.8891756036E-01
    1563   9.8900059199E-01
    1564   9.8936050277E-01
    1565   9.9000599020E-01
    1566   9.9090268598E-01
    1567   9.9197992642E-01
    1568   9.9314713175E-01
    1569   9.9432714015E-01
    1570   9.9545554104E-01
    1571   9.9647111446E-01
    1572   9.9734380815E-01
    1573   9.9804574996E-01
    1574   9.9856050694E-01
    1575   9.9888545597E-01
    1576   9.9902729581E-01
    1577   9.9899106616E-01
    1578   9.9877079269E-01
    1579   9.9835041416E-01
    1580   9.9771539355E-01
    1581   9.9686651949E-01
    1582   9.9582599332E-01
    1583   9.9463338546E-01
    1584   9.9333799113E-01
    1585   9.9199589808E-01
    1586   9.9067296953E-01
    1587   9.8944662433E-01
    1588   9.8839836089E-01
    1589   9.8759629944E-01
    1590   9.8707628185E-01
    1591   9.8683269469E-01
    1592   9.8682401807E-01
    1593   9.8698857362E-01
    1594   9.8726162936E-01
    1595   9.8758737132E-01
    1596   9.8792593451E-01
    1597   9.8825900971E-01
    1598   9.8859483131E-01
    1599   9.8896766536E-01
    1600   9.8942641905E-01
    1601   9.9001253505E-01
    1602   9.9072634687E-01
    1603   9.9156055859E-01
    1604   9.9242844340E-01
    1605   9.9322453184E-01
    1606   9.9386801805E-01
    1607   9.9428670248E-01
    1608   9.9443428846E-01
    1609   9.9429456793E-01
    1610   9.9388535126E-01
    1611   9.9325931175E-01
    1612   9.9249657182E-01
    1613   9.9168755523E-01
    1614   9.9091290323E-01
    1615   9.9023072363E-01
    1616   9.8967680498E-01
    1617   9.8927345947E-01
    1618   9.8903768963E-01
    1619   9.8898189265E-01
    1620   9.8910894754E-01
    1621   9.8940913772E-01
    1622   9.8986441663E-01
    1623   9.9045735036E-01
    1624   9.9117680277E-01
    1625   9.9201433256E-01
    1626   9.9295357916E-01
    1627   9.9396155538E-01
    1628   9.9498968454E-01
    1629   9.9598407733E-01
    1630   9.9689734488E-01
    1631   9.9769430025E-01
    1632   9.9835090242E-01
    1633   9.9885239132E-01
    1634   9.9919586396E-01
    1635   9.9939520130E-01
    1636   9.9948056082E-01
    1637   9.9948732538E-01
    1638   9.9943849121E-01
    1639   9.9933194554E-01
    1640   9.9914218942E-01
    1641   9.9883599799E-01
    1642   9.9839198530E-01
    1643   9.9781290498E-01
    1644   9.9712635155E-01
    1645   9.9637768174E-01
    1646   9.9562098920E-01
    1647   9.9490701224E-01
    1648   9.9428005210E-01
    1649   9.9376610170E-01
    1650   9.9333505269E-01
    1651   9.9293996140E-01
    1652   9.9251546148E-01
    1653   9.9200928155E-01
    1654   9.9140619761E-01
    1655   9.9073637461E-01
    1656   9.9006608996E-01
    1657   9.8947870104E-01
    1658   9.8905580564E-01
    1659   9.8886328567E-01
    1660   9.8894043931E-01
    1661   9.8928980529E-01
    1662   9.8986932607E-01
    1663   9.9059318440E-01
    1664   9.9134591997E-01
    1665   9.9200726144E-01
    1666   9.9247766324E-01
    1667   9.9269415932E-01
    1668   9.9263256711E-01
    1669   9.9230100706E-01
    1670   9.9173222295E-01
    1671   9.9097791285E-01
    1672   9.9010224348E-01
    1673   9.8917125103E-01
    1674   9.8823956595E-01
    1675   9.8731692942E-01
    1676   9.8646891694E-01
    1677   9.8570584759E-01
    1678   9.8501273671E-01
    1679   9.8445009207E-01
    1680   9.8407359421E-01
    1681   9.8394004605E-01
    1682   9.8409467150E-01
    1683   9.8456266079E-01
    1684   9.8534391942E-01
    1685   9.8640807046E-01
    1686   9.8768945096E-01
    1687   9.8908720088E-01
    1688   9.9047653911E-01
    1689   9.9173187792E-01
    1690   9.9275426495E-01
    1691   9.9349141364E-01
    1692   9.9394232482E-01
    1693   9.9414721417E-01
    1694   9.9417018647E-01
    1695   9.9408158884E-01
    1696   9.9394268454E-01
    1697   9.9379230311E-01
    1698   9.9363633774E-01
    1699   9.9344144446E-01
    1700   9.9317809110E-01
    1701   9.9278327801E-01
    1702   9.9223721379E-01
    1703   9.9156178819E-01
    1704   9.9081365487E-01
    1705   9.9006948219E-01
    1706   9.8940658607E-01
    1707   9.8888983497E-01
    1708   9.8856629253E-01
    1709   9.8846304661E-01
    1710   9.8858428164E-01
    1711   9.8890813206E-01
    1712   9.8938807564E-01
    1713   9.8996142532E-01
    1714   9.9056223341E-01
    1715   9.9113182120E-01
    1716   9.9162228362E-01
    1717   9.9199442600E-01
    1718   9.9221693957E-01
    1719   9.9227182420E-01
    1720   9.9216436849E-01
    1721   9.9192999919E-01
    1722   9.9163111520E-01
    1723   9.9134353588E-01
    1724   9.9113926699E-01
    1725   9.9107328926E-01
    1726   9.9117132643E-01
    1727   9.9144652398E-01
    1728   9.9189422218E-01
    1729   9.9243280647E-01
    1730   9.9299780218E-01
    1731   9.9350031433E-01
    1732   9.9385788897E-01
    1733   9.9401431233E-01
    1734   9.9395006045E-01
    1735   9.9368038317E-01
    1736   9.9324485704E-01
    1737   9.9269555080E-01
    1738   9.9208804134E-01
    1739   9.9147488333E-01
    1740   9.9089928014E-01
    1741   9.9038910698E-01
    1742   9.8995470709E-01
    1743   9.8959393745E-01
    1744   9.8930312553E-01
    1745   9.8908771214E-01
    1746   9.8896552865E-01
    1747   9.8896032338E-01
    1748   9.8908943400E-01
    1749   9.8935305765E-01
    1750   9.8973000190E-01
    1751   9.9017982888E-01
    1752   9.9064812031E-01
    1753   9.9107255918E-01
    1754   9.9139053811E-01
    1755   9.9154341748E-01
    1756   9.9151661022E-01
    1757   9.9133456417E-01
    1758   9.9103125583E-01
    1759   9.9070732943E-01
    1760   9.9046508213E-01
    1761   9.9039475586E-01
    1762   9.9055576510E-01
    1763   9.9096621049E-01
    1764   9.9159993293E-01
    1765   9.9238914421E-01
    1766   9.9323234839E-01
    1767   9.9400952623E-01
    1768   9.9460479037E-01
    1769   9.9493190852E-01
    1770   9.9495427299E-01
    1771   9.9469155970E-01
    1772   9.9421095724E-01
    1773   9.9360822728E-01
    1774   9.9298721681E-01
    1775   9.9244383972E-01
    1776   9.9205598681E-01
    1777   9.9187755089E-01
    1778   9.9193481683E-01
    1779   9.9222589194E-01
    1780   9.9272477096E-01
    1781   9.9338925986E-01
    1782   9.9416936355E-01
    1783   9.9501198533E-01
    1784   9.9586045718E-01
    1785   9.9665204379E-01
    1786   9.9731921761E-01
    1787   9.9779775755E-01
    1788   9.9803984113E-01
    1789   9.9802624022E-01
    1790   9.9777179070E-01
    1791   9.9732234872E-01
    1792   9.9674617888E-01
    1793   9.9612329112E-01
    1794   9.9553472720E-01
    1795   9.9505165709E-01
    1796   9.9472234985E-01
    1797   9.9456441165E-01
    1798   9.9457157065E-01
    1799   9.9468002144E-01
    1800   9.9482355341E-01
    1801   9.9492934495E-01
    1802   9.9493569943E-01
    1803   9.9480199404E-01
    1804   9.9451276987E-01
    1805   9.9407813737E-01
    1806   9.9353204847E-01
    1807   9.9292812809E-01
    1808   9.9233182094E-01
    1809   9.9180875978E-01
    1810   9.9141253635E-01
    1811   9.9117603960E-01
    1812   9.9110906895E-01
    1813   9.9120167834E-01
    1814   9.9142967417E-01
    1815   9.9175845055E-01
    1816   9.9214483586E-01
    1817   9.9253908706E-01
    1818   9.9288967281E-01
    1819   9.9315105354E-01
    1820   9.9329111114E-01
    1821   9.9329397090E-01
    1822   9.9315734705E-01
    1823   9.9288734866E-01
    1824   9.9249535198E-01
    1825   9.9199928387E-01
    1826   9.9142740998E-01
    1827   9.9082002338E-01
    1828   9.9022653216E-01
    1829   9.8969915470E-01
    1830   9.8927872694E-01
    1831   9.8900722504E-01
    1832   9.8895616155E-01
    1833   9.8908596901E-01
    1834   9.8940620190E-01
    1835   9.8988701235E-01
    1836   9.9047746075E-01
    1837   9.9111878592E-01
    1838   9.9175974842E-01
    1839   9.9236697115E-01
    1840   9.9292517800E-01
    1841   9.9342893710E-01
    1842   9.9387276592E-01
    1843   9.9424627221E-01
    1844   9.9453609599E-01
    1845   9.9473081406E-01
    1846   9.9482478664E-01
    1847   9.9482044660E-01
    1848   9.9473146754E-01
    1849   9.9458801812E-01
    1850   9.9444110378E-01
    1851   9.9435949196E-01
    1852   9.9441578377E-01
    1853   9.9466539572E-01
    1854   9.9512788675E-01
    1855   9.9577930866E-01
    1856   9.9655801222E-01
    1857   9.9737837497E-01
    1858   9.9814493954E-01
    1859   9.9876337346E-01
    1860   9.9915009887E-01
    1861   9.9924355509E-01
    1862   9.9901656880E-01
    1863   9.9848369543E-01
    1864   9.9769807710E-01
    1865   9.9673847744E-01
    1866   9.9569385459E-01
    1867   9.9465340158E-01
    1868   9.9370452965E-01
    1869   9.9293312473E-01
    1870   9.9241884558E-01
    1871   9.9222314682E-01
    1872   9.9237520830E-01
    1873   9.9286367190E-01
    1874   9.9363531066E-01
    1875   9.9462910773E-01
    1876   9.9574414128E-01
    1877   9.9688626105E-01
    1878   9.9797206482E-01
    1879   9.9892758645E-01
    1880   9.9970281778E-01
    1881   1.0002798134E+00
    1882   1.0006716471E+00
    1883   1.0009102800E+00
    1884   1.0010294012E+00
    1885   1.0010518660E+00
    1886   1.0009880277E+00
    1887   1.0008423818E+00
    1888   1.0006206677E+00
    1889   1.0003315753E+00
    1890   9.9998408366E-01
    1891   9.9958569623E-01
    1892   9.9914535719E-01
    1893   9.9867849555E-01
    1894   9.9820812906E-01
    1895   9.9775904305E-01
    1896   9.9734880363E-01
    1897   9.9698270393E-01
    1898   9.9665682537E-01
    1899   9.9636584403E-01
    1900   9.9610768141E-01
    1901   9.9588030495E-01
    1902   9.9567381055E-01
    1903   9.9546607863E-01
    1904   9.9522820763E-01
    1905   9.9493794338E-01
    1906   9.9459224164E-01
    1907   9.9421108217E-01
    1908   9.9383154664E-01
    1909   9.9349801493E-01
    1910   9.9325512398E-01
    1911   9.9314510569E-01
    1912   9.9320530008E-01
    1913   9.9346208116E-01
    1914   9.9392238048E-01
    1915   9.9456886526E-01
    1916   9.9536404027E-01
    1917   9.9626236300E-01
    1918   9.9722260255E-01
    1919   9.9821256212E-01
    1920   9.9920435758E-01
    1921   1.0001658508E+00
    1922   1.0010560746E+00
    1923   1.0018280642E+00
    1924   1.0024355209E+00
    1925   1.0028381725E+00
    1926   1.0030044940E+00
    1927   1.0029155276E+00
    1928   1.0025733882E+00
    1929   1.0020123467E+00
    1930   1.0013037663E+00
    1931   1.0005473637E+00
    1932   9.9984917077E-01
    1933   9.9929563557E-01
    1934   9.9893543356E-01
    1935   9.9877503920E-01
    1936   9.9878494873E-01
    1937   9.9890994298E-01
    1938   9.9907913018E-01
    1939   9.9921659868E-01
    1940   9.9925474544E-01
    1941   9.9914893116E-01
    1942   9.9888683283E-01
    1943   9.9848682711E-01
    1944   9.9798616118E-01
    1945   9.9742699105E-01
    1946   9.9684927525E-01
    1947   9.9629330171E-01
    1948   9.9580569307E-01
    1949   9.9544023703E-01
    1950   9.9524968346E-01
    1951   9.9527261340E-01
    1952   9.9552309768E-01
    1953   9.9598820407E-01
    1954   9.9663177514E-01
    1955   9.9739994947E-01
    1956   9.9822603606E-01
    1957   9.9903679603E-01
    1958   9.9976324247E-01
    1959   1.0003552835E+00
    1960   1.0007936848E+00
    1961   1.0010921001E+00
    1962   1.0012876617E+00
    1963   1.0014260235E+00
    1964   1.0015495995E+00
    1965   1.0016935562E+00
    1966   1.0018867554E+00
    1967   1.0021517509E+00
    1968   1.0025012177E+00
    1969   1.0029336139E+00
    1970   1.0034329653E+00
    1971   1.0039741900E+00
    1972   1.0045297003E+00
    1973   1.0050717018E+00
    1974   1.0055693187E+00
    1975   1.0059854741E+00
    1976   1.0062800063E+00
    1977   1.0064204570E+00
    1978   1.0063948762E+00
    1979   1.0062185335E+00
    1980   1.0059311905E+00
    1981   1.0055879625E+00
    1982   1.0052497143E+00
    1983   1.0049757113E+00
    1984   1.0048165153E+00
    1985   1.0048041767E+00
    1986   1.0049416076E+00
    1987   1.0051972999E+00
    1988   1.0055113990E+00
    1989   1.0058126728E+00
    1990   1.0060389637E+00
    1991   1.0061518458E+00
    1992   1.0061418570E+00
    1993   1.0060270435E+00
    1994   1.0058499902E+00
    1995   1.0056745598E+00
    1996   1.0055794722E+00
    1997   1.0056468527E+00
    1998   1.0059204841E+00
    1999   1.0064323548E+00
    2000   1.0071575376E+00
    2001   1.0080342780E+00
    2002   1.0089794873E+00
    2003   1.0099016970E+00
    2004   1.0107127659E+00
    2005   1.0113388412E+00
    2006   1.0117329913E+00
    2007   1.0118870002E+00
    2008   1.0118355686E+00
    2009   1.0116478240E+00
    2010   1.0114088690E+00
    2011   1.0111998974E+00
    2012   1.0110846573E+00
    2013   1.0111031278E+00
    2014   1.0112676775E+00
    2015   1.0115577153E+00
    2016   1.0119154436E+00
    2017   1.0122495660E+00
    2018   1.0124512409E+00
    2019   1.0124183439E+00
    2020   1.0120896889E+00
    2021   1.0114158776E+00
    2022   1.0103907903E+00
    2023   1.0091241604E+00
    2024   1.0076924582E+00
    2025   1.0062262560E+00
    2026   1.0048743638E+00
    2027   1.0037787221E+00
    2028   1.0030479994E+00
    2029   1.0027405874E+00
    2030   1.0028628948E+00
    2031   1.0033790004E+00
    2032   1.0042221904E+00
    2033   1.0053016152E+00
    2034   1.0065061040E+00
    2035   1.0077122775E+00
    2036   1.0088009504E+00
    2037   1.0096769179E+00
    2038   1.0102820288E+00
    2039   1.0105953140E+00
    2040   1.0106243604E+00
    2041   1.0103978127E+00
    2042   1.0099648552E+00
    2043   1.0093973662E+00
    2044   1.0087854028E+00
    2045   1.0082216785E+00
    2046   1.0077819899E+00
    2047   1.0075135679E+00
    2048   1.0074377859E+00
    2049   1.0075617188E+00
    2050   1.0078866335E+00
    2051   1.0084056803E+00
    2052   1.0090946040E+00
    2053   1.0099206859E+00
    2054   1.0107893269E+00
    2055   1.0116210194E+00
    2056   1.0123635107E+00
    2057   1.0129284026E+00
    2058   1.0132397643E+00
    2059   1.0132313114E+00
    2060   1.0128656002E+00
    2061   1.0121536268E+00
    2062   1.0111604864E+00
    2063   1.0099912082E+00
    2064   1.0087656116E+00
    2065   1.0075968680E+00
    2066   1.0065821102E+00
    2067   1.0058007555E+00
    2068   1.0053109674E+00
    2069   1.0051404916E+00
    2070   1.0052789746E+00
    2071   1.0056814759E+00
    2072   1.0062851810E+00
    2073   1.0070290957E+00
    2074   1.0078629781E+00
    2075   1.0087406102E+00
    2076   1.0096070814E+00
    2077   1.0103951618E+00
    2078   1.0110378682E+00
    2079   1.0114950005E+00
    2080   1.0117626855E+00
    2081   1.0118041035E+00
    2082   1.0117204382E+00
    2083   1.0115437951E+00
    2084   1.0113257517E+00
    2085   1.0111276731E+00
    2086   1.0110090045E+00
    2087   1.0110071582E+00
    2088   1.0111174615E+00
    2089   1.0112885283E+00
    2090   1.0114387692E+00
    2091   1.0114841715E+00
    2092   1.0113606337E+00
    2093   1.0110316132E+00
    2094   1.0104861537E+00
    2095   1.0097385857E+00
    2096   1.0088342260E+00
    2097   1.0078531554E+00
    2098   1.0069005249E+00
    2099   1.0060817067E+00
    2100   1.0054745835E+00
    2101   1.0051154959E+00
    2102   1.0050050081E+00
    2103   1.0051247130E+00
    2104   1.0054497011E+00
    2105   1.0059491522E+00
    2106   1.0065812355E+00
    2107   1.0073037655E+00
    2108   1.0080496494E+00
    2109   1.0087962115E+00
    2110   1.0095511299E+00
    2111   1.0103227257E+00
    2112   1.0111210709E+00
    2113   1.0119421738E+00
    2114   1.0127713910E+00
    2115   1.0135932459E+00
    2116   1.0143935825E+00
    2117   1.0151489933E+00
    2118   1.0158134877E+00
    2119   1.0163183349E+00
    2120   1.0165910176E+00
    2121   1.0165830383E+00
    2122   1.0162887753E+00
    2123   1.0157462399E+00
    2124   1.0150260389E+00
    2125   1.0142307446E+00
    2126   1.0134725224E+00
    2127   1.0128148844E+00
    2128   1.0124547027E+00
    2129   1.0124402666E+00
    2130   1.0127780901E+00
    2131   1.0134045072E+00
    2132   1.0142034667E+00
    2133   1.0150413989E+00
    2134   1.0157972748E+00
    2135   1.0163774979E+00
    2136   1.0167207697E+00
    2137   1.0168039943E+00
    2138   1.0166521813E+00
    2139   1.0163423595E+00
    2140   1.0159889811E+00
    2141   1.0157102615E+00
    2142   1.0156181790E+00
    2143   1.0156954730E+00
    2144   1.0159006564E+00
    2145   1.0162449768E+00
    2146   1.0166208820E+00
    2147   1.0169484859E+00
    2148   1.0171537170E+00
    2149   1.0171850819E+00
    2150   1.0170349868E+00
    2151   1.0167524553E+00
    2152   1.0164343577E+00
    2153   1.0161959353E+00
    2154   1.0161366476E+00
    2155   1.0163193439E+00
    2156   1.0167684513E+00
    2157   1.0175216854E+00
    2158   1.0184607871E+00
    2159   1.0195223435E+00
    2160   1.0206727627E+00
    2161   1.0217467465E+00
    2162   1.0226113792E+00
    2163   1.0231582758E+00
    2164   1.0233191460E+00
    2165   1.0230669134E+00
    2166   1.0224119045E+00
    2167   1.0214037826E+00
    2168   1.0201472561E+00
    2169   1.0188128114E+00
    2170   1.0174257798E+00
    2171   1.0163018080E+00
    2172   1.0155204247E+00
    2173   1.0151226767E+00
    2174   1.0151011524E+00
    2175   1.0153978341E+00
    2176   1.0159143891E+00
    2177   1.0165209088E+00
    2178   1.0170704316E+00
    2179   1.0174250160E+00
    2180   1.0174878973E+00
    2181   1.0172267630E+00
    2182   1.0166753643E+00
    2183   1.0159173907E+00
    2184   1.0150811696E+00
    2185   1.0141742851E+00
    2186   1.0133763217E+00
    2187   1.0127568399E+00
    2188   1.0123537140E+00
    2189   1.0121778745E+00
    2190   1.0121964240E+00
    2191   1.0123446843E+00
    2192   1.0125512983E+00
    2193   1.0127634942E+00
    2194   1.0129600931E+00
    2195   1.0131497799E+00
    2196   1.0133621179E+00
    2197   1.0136394372E+00
    2198   1.0140308349E+00
    2199   1.0145830458E+00
    2200   1.0153245889E+00
    2201   1.0162480591E+00
    2202   1.0173471939E+00
    2203   1.0184360831E+00
    2204   1.0194249505E+00
    2205   1.0202746245E+00
    2206   1.0208768864E+00
    2207   1.0211834909E+00
    2208   1.0211771207E+00
    2209   1.0208756038E+00
    2210   1.0203353284E+00
    2211   1.0196458937E+00
    2212   1.0189116983E+00
    2213   1.0182260054E+00
    2214   1.0176588135E+00
    2215   1.0172562186E+00
    2216   1.0168801756E+00
    2217   1.0166203693E+00
    2218   1.0163922989E+00
    2219   1.0161234247E+00
    2220   1.0157518294E+00
    2221   1.0152332654E+00
    2222   1.0145575559E+00
    2223   1.0137559468E+00
    2224   1.0128944613E+00
    2225   1.0120576011E+00
    2226   1.0113325086E+00
    2227   1.0108006504E+00
    2228   1.0105359736E+00
    2229   1.0106026592E+00
    2230   1.0110470077E+00
    2231   1.0118848028E+00
    2232   1.0130927392E+00
    2233   1.0146398255E+00
    2234   1.0163224079E+00
    2235   1.0180534023E+00
    2236   1.0196858169E+00
    2237   1.0210412086E+00
    2238   1.0219688783E+00
    2239   1.0223569084E+00
    2240   1.0221545881E+00
    2241   1.0213834054E+00
    2242   1.0201317327E+00
    2243   1.0185367552E+00
    2244   1.0167619068E+00
    2245   1.0149780836E+00
    2246   1.0133629631E+00
    2247   1.0119782408E+00
    2248   1.0109770935E+00
    2249   1.0103898945E+00
    2250   1.0101899142E+00
    2251   1.0103180078E+00
    2252   1.0106858894E+00
    2253   1.0111916897E+00
    2254   1.0117336060E+00
    2255   1.0122218773E+00
    2256   1.0125900761E+00
    2257   1.0128041859E+00
    2258   1.0128656563E+00
    2259   1.0128055274E+00
    2260   1.0126709660E+00
    2261   1.0125096736E+00
    2262   1.0123581120E+00
    2263   1.0122357778E+00
    2264   1.0121439606E+00
    2265   1.0120663108E+00
    2266   1.0119718742E+00
    2267   1.0118365155E+00
    2268   1.0115548557E+00
    2269   1.0111351897E+00
    2270   1.0105625547E+00
    2271   1.0098334656E+00
    2272   1.0089761849E+00
    2273   1.0080381465E+00
    2274   1.0070828996E+00
    2275   1.0061874220E+00
    2276   1.0054378506E+00
    2277   1.0049217877E+00
    2278   1.0047175196E+00
    2279   1.0048823540E+00
    2280   1.0054424750E+00
    2281   1.0063851827E+00
    2282   1.0076539746E+00
    2283   1.0091478424E+00
    2284   1.0107274603E+00
    2285   1.0122303640E+00
    2286   1.0134941432E+00
    2287   1.0143822636E+00
    2288   1.0148054825E+00
    2289   1.0147339382E+00
    2290   1.0141991039E+00
    2291   1.0132877902E+00
    2292   1.0121381598E+00
    2293   1.0108996469E+00
    2294   1.0097076432E+00
    2295   1.0087620369E+00
    2296   1.0081537727E+00
    2297   1.0079486223E+00
    2298   1.0081640061E+00
    2299   1.0087691989E+00
    2300   1.0096893109E+00
    2301   1.0108124253E+00
    2302   1.0120023607E+00
    2303   1.0131183400E+00
    2304   1.0140383998E+00
    2305   1.0146794431E+00
    2306   1.0150071881E+00
    2307   1.0150342453E+00
    2308   1.0148097518E+00
    2309   1.0144059328E+00
    2310   1.0139046929E+00
    2311   1.0133845700E+00
    2312   1.0129080344E+00
    2313   1.0125220215E+00
    2314   1.0122260634E+00
    2315   1.0119614749E+00
    2316   1.0117583711E+00
    2317   1.0115594021E+00
    2318   1.0113332767E+00
    2319   1.0110568217E+00
    2320   1.0107156131E+00
    2321   1.0103067745E+00
    2322   1.0098413348E+00
    2323   1.0093425253E+00
    2324   1.0088382441E+00
    2325   1.0083506765E+00
    2326   1.0078887799E+00
    2327   1.0074475330E+00
    2328   1.0070128465E+00
    2329   1.0065673537E+00
    2330   1.0060931520E+00
    2331   1.0055719251E+00
    2332   1.0049860785E+00
    2333   1.0043236454E+00
    2334   1.0035857370E+00
    2335   1.0027921232E+00
    2336   1.0019813898E+00
    2337   1.0012059900E+00
    2338   1.0005253064E+00
    2339   9.9999909030E-01
    2340   9.9968061991E-01
    2341   9.9960724458E-01
    2342   9.9978823608E-01
    2343   1.0001943964E+00
    2344   1.0007561315E+00
    2345   1.0013739677E+00
    2346   1.0019391393E+00
    2347   1.0023563525E+00
    2348   1.0025605474E+00
    2349   1.0025242383E+00
    2350   1.0022573590E+00
    2351   1.0018031625E+00
    2352   1.0012314850E+00
    2353   1.0006278632E+00
    2354   1.0000779271E+00
    2355   9.9965045538E-01
    2356   9.9938548587E-01
    2357   9.9929226745E-01
    2358   9.9935650659E-01
    2359   9.9955107539E-01
    2360   9.9984391190E-01
    2361   1.0002008764E+00
    2362   1.0005860676E+00
    2363   1.0009632804E+00
    2364   1.0012994588E+00
    2365   1.0015672717E+00
    2366   1.0017439183E+00
    2367   1.0018070138E+00
    2368   1.0017322974E+00
    2369   1.0014975372E+00
    2370   1.0010921417E+00
    2371   1.0005264645E+00
    2372   9.9983414354E-01
    2373   9.9906550034E-01
    2374   9.9827618569E-01
    2375   9.9751740429E-01
    2376   9.9683106529E-01
    2377   9.9624816650E-01
    2378   9.9578704054E-01
    2379   9.9545062476E-01
    2380   9.9522574204E-01
    2381   9.9508790928E-01
    2382   9.9501143729E-01
    2383   9.9497948305E-01
    2384   9.9498755134E-01
    2385   9.9503801410E-01
    2386   9.9512968666E-01
    2387   9.9524988016E-01
    2388   9.9537408986E-01
    2389   9.9547254307E-01
    2390   9.9551861479E-01
    2391   9.9549442712E-01
    2392   9.9539291238E-01
    2393   9.9521861726E-01
    2394   9.9498883265E-01
    2395   9.9473331021E-01
    2396   9.9448910570E-01
    2397   9.9428956735E-01
    2398   9.9415159274E-01
    2399   9.9406823744E-01
    2400   9.9401151586E-01
    2401   9.9394392312E-01
    2402   9.9383194403E-01
    2403   9.9365456297E-01
    2404   9.9340461362E-01
    2405   9.9308611081E-01
    2406   9.9271216147E-01
    2407   9.9230486004E-01
    2408   9.9189471446E-01
    2409   9.9151652254E-01
    2410   9.9120207924E-01
    2411   9.9097057220E-01
    2412   9.9082807632E-01
    2413   9.9081728065E-01
    2414   9.9090622805E-01
    2415   9.9111091087E-01
    2416   9.9143565624E-01
    2417   9.9187034461E-01
    2418   9.9238822656E-01
    2419   9.9294804470E-01
    2420   9.9350029735E-01
    2421   9.9399289753E-01
    2422   9.9437380094E-01
    2423   9.9459279225E-01
    2424   9.9460674603E-01
    2425   9.9438975347E-01
    2426   9.9394407250E-01
    2427   9.9330527612E-01
    2428   9.9253798310E-01
    2429   9.9172469731E-01
    2430   9.9095402791E-01
    2431   9.9031269261E-01
    2432   9.8988029304E-01
    2433   9.8972251155E-01
    2434   9.8988011836E-01
    2435   9.9035660010E-01
    2436   9.9111124236E-01
    2437   9.9206337229E-01
    2438   9.9310758048E-01
    2439   9.9413396596E-01
    2440   9.9504591389E-01
    2441   9.9577151861E-01
    2442   9.9626953413E-01
    2443   9.9653219172E-01
    2444   9.9658449607E-01
    2445   9.9647706418E-01
    2446   9.9627098265E-01
    2447   9.9601866126E-01
    2448   9.9574734750E-01
    2449   9.9546232357E-01
    2450   9.9515598682E-01
    2451   9.9480922839E-01
    2452   9.9442596150E-01
    2453   9.9402457094E-01
    2454   9.9363793642E-01
    2455   9.9330884140E-01
    2456   9.9308526898E-01
    2457   9.9301353370E-01
    2458   9.9312636914E-01
    2459   9.9342744945E-01
    2460   9.9387933172E-01
    2461   9.9440307313E-01
    2462   9.9489245767E-01
    2463   9.9523775603E-01
    2464   9.9534910201E-01
    2465   9.9517158308E-01
    2466   9.9469059461E-01
    2467   9.9393100865E-01
    2468   9.9295315049E-01
    2469   9.9184478460E-01
    2470   9.9070656857E-01
    2471   9.8963194707E-01
    2472   9.8868833416E-01
    2473   9.8790876458E-01
    2474   9.8729849327E-01
    2475   9.8685227020E-01
    2476   9.8657164726E-01
    2477   9.8647262565E-01
    2478   9.8658117188E-01
    2479   9.8691459188E-01
    2480   9.8748145029E-01
    2481   9.8833418003E-01
    2482   9.8936585644E-01
    2483   9.9053983011E-01
    2484   9.9176941804E-01
    2485   9.9293886404E-01
    2486   9.9392319975E-01
    2487   9.9461481570E-01
    2488   9.9494951825E-01
    2489   9.9491999046E-01
    2490   9.9457136986E-01
    2491   9.9398393050E-01
    2492   9.9325319947E-01
    2493   9.9247477456E-01
    2494   9.9173398800E-01
    2495   9.9109679465E-01
    2496   9.9060071984E-01
    2497   9.9024984193E-01
    2498   9.9001915149E-01
    2499   9.8986878591E-01
    2500   9.8976147527E-01
    2501   9.8967382851E-01
    2502   9.8959653277E-01
    2503   9.8952686141E-01
    2504   9.8946172462E-01
    2505   9.8939682580E-01
    2506   9.8933011181E-01
    2507   9.8926271748E-01
    2508   9.8917687066E-01
    2509   9.8910713529E-01
    2510   9.8900683193E-01
    2511   9.8883372988E-01
    2512   9.8857808893E-01
    2513   9.8824187044E-01
    2514   9.8785305878E-01
    2515   9.8745917655E-01
    2516   9.8711665571E-01
    2517   9.8688264857E-01
    2518   9.8681010931E-01
    2519   9.8694178160E-01
    2520   9.8729929473E-01
    2521   9.8786996612E-01
    2522   9.8859982248E-01
    2523   9.8940066488E-01
    2524   9.9017097886E-01
    2525   9.9082154229E-01
    2526   9.9129367719E-01
    2527   9.9156396474E-01
    2528   9.9163846900E-01
    2529   9.9154412515E-01
    2530   9.9132151282E-01
    2531   9.9100505291E-01
    2532   9.9066551979E-01
    2533   9.9031573404E-01
    2534   9.8993752166E-01
    2535   9.8950959837E-01
    2536   9.8899644792E-01
    2537   9.8837837162E-01
    2538   9.8766488830E-01
    2539   9.8689272918E-01
    2540   9.8611256938E-01
    2541   9.8537496366E-01
    2542   9.8472294232E-01
    2543   9.8419045944E-01
    2544   9.8380052421E-01
    2545   9.8355907126E-01
    2546   9.8344769860E-01
    2547   9.8342292290E-01
    2548   9.8342662172E-01
    2549   9.8338554735E-01
    2550   9.8326901365E-01
    2551   9.8315676814E-01
    2552   9.8293598558E-01
    2553   9.8266576024E-01
    2554   9.8237338483E-01
    2555   9.8209184799E-01
    2556   9.8186388645E-01
    2557   9.8173629453E-01
    2558   9.8174732328E-01
    2559   9.8191438483E-01
    2560   9.8223012884E-01
    2561   9.8266867353E-01
    2562   9.8319612085E-01
    2563   9.8377567599E-01
    2564   9.8433578749E-01
    2565   9.8493343531E-01
    2566   9.8545043773E-01
    2567   9.8583586826E-01
    2568   9.8608447881E-01
    2569   9.8619246548E-01
    2570   9.8617108925E-01
    2571   9.8603708833E-01
    2572   9.8580770125E-01
    2573   9.8550443535E-01
    2574   9.8516082310E-01
    2575   9.8482477143E-01
    2576   9.8454996151E-01
    2577   9.8437987317E-01
    2578   9.8433405942E-01
    2579   9.8440415830E-01
    2580   9.8455844985E-01
    2581   9.8471700708E-01
    2582   9.8491260515E-01
    2583   9.8503117942E-01
    2584   9.8498544832E-01
    2585   9.8474603643E-01
    2586   9.8429377499E-01
    2587   9.8365169455E-01
    2588   9.8288122500E-01
    2589   9.8206466303E-01
    2590   9.8128394873E-01
    2591   9.8060652426E-01
    2592   9.8008161145E-01
    2593   9.7974196343E-01
    2594   9.7960396457E-01
    2595   9.7962787041E-01
    2596   9.7983454506E-01
    2597   9.8026437722E-01
    2598   9.8071203307E-01
    2599   9.8120593044E-01
    2600   9.8172972232E-01
    2601   9.8227560466E-01
    2602   9.8283178521E-01
    2603   9.8337212195E-01
    2604   9.8385607114E-01
    2605   9.8423730840E-01
    2606   9.8447360421E-01
    2607   9.8453205964E-01
    2608   9.8439036727E-01
    2609   9.8403793663E-01
    2610   9.8344006916E-01
    2611   9.8274566449E-01
    2612   9.8196031583E-01
    2613   9.8114205531E-01
    2614   9.8039573020E-01
    2615   9.7978853964E-01
    2616   9.7936720980E-01
    2617   9.7916165456E-01
    2618   9.7918976616E-01
    2619   9.7945636186E-01
    2620   9.7994605279E-01
    2621   9.8061664698E-01
    2622   9.8139874725E-01
    2623   9.8216608333E-01
    2624   9.8296312914E-01
    2625   9.8362696742E-01
    2626   9.8408617240E-01
    2627   9.8432375878E-01
    2628   9.8431437143E-01
    2629   9.8405685069E-01
    2630   9.8358095261E-01
    2631   9.8294639322E-01
    2632   9.8223223766E-01
    2633   9.8152228851E-01
    2634   9.8089497584E-01
    2635   9.8042166882E-01
    2636   9.8016953305E-01
    2637   9.8017051229E-01
    2638   9.8050888376E-01
    2639   9.8130241362E-01
    2640   9.8237835567E-01
    2641   9.8375093140E-01
    2642   9.8535319135E-01
    2643   9.8710567750E-01
    2644   9.8892574022E-01
    2645   9.9072866225E-01
    2646   9.9242771086E-01
    2647   9.9393867467E-01
    2648   9.9518878436E-01
    2649   9.9612399210E-01
    2650   9.9670873626E-01
    2651   9.9691917868E-01
    2652   9.9673783053E-01
    2653   9.9615717706E-01
    2654   9.9519185172E-01
    2655   9.9389035835E-01
    2656   9.9233632198E-01
    2657   9.9063691971E-01
    2658   9.8890543419E-01
    2659   9.8724755506E-01
    2660   9.8575561465E-01
    2661   9.8450733503E-01
    2662   9.8353357716E-01
    2663   9.8291279945E-01
    2664   9.8270295154E-01
    2665   9.8277633818E-01
    2666   9.8312901678E-01
    2667   9.8370911216E-01
    2668   9.8446358394E-01
    2669   9.8533875224E-01
    2670   9.8627642866E-01
    2671   9.8721324898E-01
    2672   9.8808729417E-01
    2673   9.8884915749E-01
    2674   9.8947016795E-01
    2675   9.8994270476E-01
    2676   9.9027426811E-01
    2677   9.9048171020E-01
    2678   9.9059026356E-01
    2679   9.9063570379E-01
    2680   9.9066355847E-01
    2681   9.9072132420E-01
    2682   9.9084107995E-01
    2683   9.9104408265E-01
    2684   9.9135495685E-01
    2685   9.9172748153E-01
    2686   9.9216217513E-01
    2687   9.9264842550E-01
    2688   9.9317006785E-01
    2689   9.9369985496E-01
    2690   9.9419939656E-01
    2691   9.9462723558E-01
    2692   9.9495041317E-01
    2693   9.9515304418E-01
    2694   9.9523944108E-01
    2695   9.9523463803E-01
    2696   9.9518607867E-01
    2697   9.9516576479E-01
    2698   9.9526711138E-01
    2699   9.9559085281E-01
    2700   9.9622063556E-01
    2701   9.9719652088E-01
    2702   9.9849719747E-01
    2703   1.0000372754E+00
    2704   1.0016784137E+00
    2705   1.0032481938E+00
    2706   1.0045616096E+00
    2707   1.0054442356E+00
    2708   1.0057579208E+00
    2709   1.0054263663E+00
    2710   1.0044525813E+00
    2711   1.0029194725E+00
    2712   1.0009716024E+00
    2713   9.9878590736E-01
    2714   9.9654387234E-01
    2715   9.9441363074E-01
    2716   9.9254180833E-01
    2717   9.9104918056E-01
    2718   9.9002535607E-01
    2719   9.8952305001E-01
    2720   9.8955610902E-01
    2721   9.9010386912E-01
    2722   9.9111960761E-01
    2723   9.9253768569E-01
    2724   9.9427588446E-01
    2725   9.9623498087E-01
    2726   9.9830157693E-01
    2727   1.0003582869E+00
    2728   1.0022986627E+00
    2729   1.0040386306E+00
    2730   1.0055174609E+00
    2731   1.0066890582E+00
    2732   1.0075120223E+00
    2733   1.0079475969E+00
    2734   1.0079678407E+00
    2735   1.0075683267E+00
    2736   1.0067773344E+00
    2737   1.0056578594E+00
    2738   1.0043044411E+00
    2739   1.0028379878E+00
    2740   1.0013983027E+00
    2741   1.0001309309E+00
    2742   9.9916685793E-01
    2743   9.9859955748E-01
    2744   9.9846828506E-01
    2745   9.9875480413E-01
    2746   9.9939377074E-01
    2747   1.0002901399E+00
    2748   1.0013354023E+00
    2749   1.0024188298E+00
    2750   1.0034357340E+00
    2751   1.0042965913E+00
    2752   1.0049374080E+00
    2753   1.0053269097E+00
    2754   1.0054654767E+00
    2755   1.0053755635E+00
    2756   1.0050893089E+00
    2757   1.0046404346E+00
    2758   1.0040629907E+00
    2759   1.0033933520E+00
    2760   1.0026698447E+00
    2761   1.0019281697E+00
    2762   1.0011963213E+00
    2763   1.0004944111E+00
    2764   9.9984092744E-01
    2765   9.9926115142E-01
    2766   9.9879116675E-01
    2767   9.9847426462E-01
    2768   9.9835238213E-01
    2769   9.9845824539E-01
    2770   9.9881174506E-01
    2771   9.9941933646E-01
    2772   1.0002726945E+00
    2773   1.0013449226E+00
    2774   1.0025870422E+00
    2775   1.0039295508E+00
    2776   1.0052909788E+00
    2777   1.0065898707E+00
    2778   1.0077535909E+00
    2779   1.0087201293E+00
    2780   1.0094355127E+00
    2781   1.0098668983E+00
    2782   1.0099501257E+00
    2783   1.0096858527E+00
    2784   1.0091196278E+00
    2785   1.0082974668E+00
    2786   1.0072963873E+00
    2787   1.0061987072E+00
    2788   1.0050781257E+00
    2789   1.0039892270E+00
    2790   1.0029600189E+00
    2791   1.0019879433E+00
    2792   1.0010423572E+00
    2793   1.0000766816E+00
    2794   9.9904928645E-01
    2795   9.9794620951E-01
    2796   9.9679596607E-01
    2797   9.9566993191E-01
    2798   9.9466900831E-01
    2799   9.9390318605E-01
    2800   9.9347147206E-01
    2801   9.9344617297E-01
    2802   9.9386165480E-01
    2803   9.9470675984E-01
    2804   9.9592188681E-01
    2805   9.9740340752E-01
    2806   9.9901695224E-01
    2807   1.0006173304E+00
    2808   1.0020694167E+00
    2809   1.0032644473E+00
    2810   1.0041298678E+00
    2811   1.0046348365E+00
    2812   1.0047940653E+00
    2813   1.0046696488E+00
    2814   1.0043672421E+00
    2815   1.0040232279E+00
    2816   1.0037836104E+00
    2817   1.0037799151E+00
    2818   1.0041086035E+00
    2819   1.0048178478E+00
    2820   1.0059016596E+00
    2821   1.0072997123E+00
    2822   1.0089024706E+00
    2823   1.0105631684E+00
    2824   1.0121176659E+00
    2825   1.0134096822E+00
    2826   1.0143149471E+00
    2827   1.0147572509E+00
    2828   1.0147132398E+00
    2829   1.0142081458E+00
    2830   1.0133071677E+00
    2831   1.0121054834E+00
    2832   1.0107164996E+00
    2833   1.0092569842E+00
    2834   1.0078302810E+00
    2835   1.0065121722E+00
    2836   1.0053444047E+00
    2837   1.0043379973E+00
    2838   1.0034815397E+00
    2839   1.0027489766E+00
    2840   1.0021214390E+00
    2841   1.0015762649E+00
    2842   1.0011025030E+00
    2843   1.0007023687E+00
    2844   1.0003904561E+00
    2845   1.0001877462E+00
    2846   1.0001117590E+00
    2847   1.0001679581E+00
    2848   1.0003478311E+00
    2849   1.0006352964E+00
    2850   1.0010177196E+00
    2851   1.0014948790E+00
    2852   1.0020807437E+00
    2853   1.0027973669E+00
    2854   1.0036640019E+00
    2855   1.0046853713E+00
    2856   1.0058415807E+00
    2857   1.0070810270E+00
    2858   1.0083183228E+00
    2859   1.0094404480E+00
    2860   1.0103233380E+00
    2861   1.0108568081E+00
    2862   1.0109703469E+00
    2863   1.0106500284E+00
    2864   1.0099400248E+00
    2865   1.0089291011E+00
    2866   1.0077284640E+00
    2867   1.0064490133E+00
    2868   1.0051836663E+00
    2869   1.0039970263E+00
    2870   1.0029227929E+00
    2871   1.0019687805E+00
    2872   1.0011284522E+00
    2873   1.0003955639E+00
    2874   9.9977621575E-01
    2875   9.9929282863E-01
    2876   9.9897824738E-01
    2877   9.9886325626E-01
    2878   9.9896382060E-01
    2879   9.9927336748E-01
    2880   9.9976163708E-01
    2881   1.0003783266E+00
    2882   1.0010592239E+00
    2883   1.0017341823E+00
    2884   1.0023374813E+00
    2885   1.0028198777E+00
    2886   1.0031588129E+00
    2887   1.0033617973E+00
    2888   1.0034602218E+00
    2889   1.0034957306E+00
    2890   1.0035052739E+00
    2891   1.0035110574E+00
    2892   1.0035180209E+00
    2893   1.0035173331E+00
    2894   1.0034926995E+00
    2895   1.0034273469E+00
    2896   1.0033111421E+00
    2897   1.0031472351E+00
    2898   1.0029559866E+00
    2899   1.0027731111E+00
    2900   1.0026408428E+00
    2901   1.0025947684E+00
    2902   1.0026517788E+00
    2903   1.0028039561E+00
    2904   1.0030196121E+00
    2905   1.0032490914E+00
    2906   1.0034321213E+00
    2907   1.0035054498E+00
    2908   1.0034116494E+00
    2909   1.0031097351E+00
    2910   1.0025856384E+00
    2911   1.0018582774E+00
    2912   1.0009777110E+00
    2913   1.0000155981E+00
    2914   9.9905199981E-01
    2915   9.9816345064E-01
    2916   9.9741481211E-01
    2917   9.9685424101E-01
    2918   9.9650945917E-01
    2919   9.9638491645E-01
    2920   9.9646139972E-01
    2921   9.9669982155E-01
    2922   9.9704889714E-01
    2923   9.9745402748E-01
    2924   9.9786425026E-01
    2925   9.9823606743E-01
    2926   9.9853545464E-01
    2927   9.9874000031E-01
    2928   9.9884131286E-01
    2929   9.9884548058E-01
    2930   9.9876914061E-01
    2931   9.9863133902E-01
    2932   9.9844476945E-01
    2933   9.9821115306E-01
    2934   9.9792327162E-01
    2935   9.9757218769E-01
    2936   9.9715560780E-01
    2937   9.9668383721E-01
    2938   9.9618227919E-01
    2939   9.9569139974E-01
    2940   9.9526497719E-01
    2941   9.9496608807E-01
    2942   9.9485980494E-01
    2943   9.9500304037E-01
    2944   9.9543419466E-01
    2945   9.9616603752E-01
    2946   9.9718355570E-01
    2947   9.9844558738E-01
    2948   9.9988748541E-01
    2949   1.0014232685E+00
    2950   1.0029486615E+00
    2951   1.0043482876E+00
    2952   1.0055090051E+00
    2953   1.0063375742E+00
    2954   1.0067774664E+00
    2955   1.0068193465E+00
    2956   1.0065025366E+00
    2957   1.0059081575E+00
    2958   1.0051462537E+00
    2959   1.0043389105E+00
    2960   1.0036010162E+00
    2961   1.0030213279E+00
    2962   1.0026481439E+00
    2963   1.0024840782E+00
    2964   1.0024919009E+00
    2965   1.0026091589E+00
    2966   1.0027659704E+00
    2967   1.0029001234E+00
    2968   1.0029662448E+00
    2969   1.0029391055E+00
    2970   1.0028128005E+00
    2971   1.0025971029E+00
    2972   1.0023113504E+00
    2973   1.0019765518E+00
    2974   1.0016079814E+00
    2975   1.0012115492E+00
    2976   1.0007859792E+00
    2977   1.0003295984E+00
    2978   9.9984769120E-01
    2979   9.9935630600E-01
    2980   9.9888122329E-01
    2981   9.9845417688E-01
    2982   9.9810956362E-01
    2983   9.9788304493E-01
    2984   9.9781056841E-01
    2985   9.9792525181E-01
    2986   9.9825131708E-01
    2987   9.9879726827E-01
    2988   9.9955204714E-01
    2989   1.0004865927E+00
    2990   1.0015601517E+00
    2991   1.0027283634E+00
    2992   1.0039501430E+00
    2993   1.0051920806E+00
    2994   1.0064316959E+00
    2995   1.0076647106E+00
    2996   1.0088527999E+00
    2997   1.0100022818E+00
    2998   1.0110863811E+00
    2999   1.0120544103E+00
    3000   1.0128373018E+00
    3001   1.0133556590E+00
    3002   1.0135366540E+00
    3003   1.0133304317E+00
    3004   1.0127202603E+00
    3005   1.0117249554E+00
    3006   1.0103958892E+00
    3007   1.0088115399E+00
    3008   1.0070705994E+00
    3009   1.0052830280E+00
    3010   1.0035590417E+00
    3011   1.0019980115E+00
    3012   1.0006801658E+00
    3013   9.9966248851E-01
    3014   9.9897749434E-01
    3015   9.9863226854E-01
    3016   9.9860663779E-01
    3017   9.9885235412E-01
    3018   9.9929689594E-01
    3019   9.9985403677E-01
    3020   1.0004394099E+00
    3021   1.0009858649E+00
    3022   1.0014531703E+00
    3023   1.0018297155E+00
    3024   1.0021277744E+00
    3025   1.0023756908E+00
    3026   1.0026092852E+00
    3027   1.0028628304E+00
    3028   1.0031595627E+00
    3029   1.0035033329E+00
    3030   1.0038746679E+00
    3031   1.0042338874E+00
    3032   1.0045307235E+00
    3033   1.0047164801E+00
    3034   1.0047539544E+00
    3035   1.0046227912E+00
    3036   1.0043213709E+00
    3037   1.0038677114E+00
    3038   1.0033002131E+00
    3039   1.0026764646E+00
    3040   1.0020677458E+00
    3041   1.0015491683E+00
    3042   1.0011884292E+00
    3043   1.0010369739E+00
    3044   1.0011251235E+00
    3045   1.0014595648E+00
    3046   1.0020206219E+00
    3047   1.0027589313E+00
    3048   1.0035945009E+00
    3049   1.0044223799E+00
    3050   1.0051267162E+00
    3051   1.0056041515E+00
    3052   1.0057686293E+00
    3053   1.0055795191E+00
    3054   1.0050578288E+00
    3055   1.0042539610E+00
    3056   1.0032589090E+00
    3057   1.0021864735E+00
    3058   1.0011553133E+00
    3059   1.0002692733E+00
    3060   9.9960103710E-01
    3061   9.9918421604E-01
    3062   9.9901574564E-01
    3063   9.9906571236E-01
    3064   9.9928880034E-01
    3065   9.9963244522E-01
    3066   1.0000405759E+00
    3067   1.0004553788E+00
    3068   1.0008202003E+00
    3069   1.0010844971E+00
    3070   1.0012092089E+00
    3071   1.0011705102E+00
    3072   1.0009616818E+00
    3073   1.0005945414E+00
    3074   1.0001013574E+00
    3075   9.9953567903E-01
    3076   9.9896873523E-01
    3077   9.9847927197E-01
    3078   9.9813853904E-01
    3079   9.9799560232E-01
    3080   9.9806843406E-01
    3081   9.9834305546E-01
    3082   9.9877898320E-01
    3083   9.9931734917E-01
    3084   9.9988922789E-01
    3085   1.0004240530E+00
    3086   1.0008588856E+00
    3087   1.0011477704E+00
    3088   1.0012682900E+00
    3089   1.0012223375E+00
    3090   1.0010308319E+00
    3091   1.0007255067E+00
    3092   1.0003420591E+00
    3093   9.9991683675E-01
    3094   9.9948584836E-01
    3095   9.9908324764E-01
    3096   9.9873782161E-01
    3097   9.9846880887E-01
    3098   9.9828378604E-01
    3099   9.9818003114E-01
    3100   9.9814804115E-01
    3101   9.9817441147E-01
    3102   9.9824249727E-01
    3103   9.9833200402E-01
    3104   9.9842023819E-01
    3105   9.9848653311E-01
    3106   9.9851829373E-01
    3107   9.9851497028E-01
    3108   9.9848708821E-01
    3109   9.9845035860E-01
    3110   9.9841994789E-01
    3111   9.9840435993E-01
    3112   9.9840407870E-01
    3113   9.9841452387E-01
    3114   9.9842658662E-01
    3115   9.9842885586E-01
    3116   9.9841072263E-01
    3117   9.9836738128E-01
    3118   9.9830527032E-01
    3119   9.9824468111E-01
    3120   9.9821690871E-01
    3121   9.9825639687E-01
    3122   9.9839145510E-01
    3123   9.9863773227E-01
    3124   9.9899627364E-01
    3125   9.9945481994E-01
    3126   9.9998968181E-01
    3127   1.0005668851E+00
    3128   1.0011436572E+00
    3129   1.0016722417E+00
    3130   1.0021065010E+00
    3131   1.0024093092E+00
    3132   1.0025577630E+00
    3133   1.0025447671E+00
    3134   1.0023781466E+00
    3135   1.0020795989E+00
    3136   1.0016844188E+00
    3137   1.0012404557E+00
    3138   1.0008037703E+00
    3139   1.0004301650E+00
    3140   1.0001648313E+00
    3141   1.0000341325E+00
    3142   1.0000424686E+00
    3143   1.0001742201E+00
    3144   1.0003983612E+00
    3145   1.0006732373E+00
    3146   1.0009509485E+00
    3147   1.0011816713E+00
    3148   1.0013196555E+00
    3149   1.0013310907E+00
    3150   1.0011973700E+00
    3151   1.0009169350E+00
    3152   1.0005029298E+00
    3153   9.9997996866E-01
    3154   9.9938210018E-01
    3155   9.9875211997E-01
    3156   9.9814030801E-01
    3157   9.9759963968E-01
    3158   9.9718167594E-01
    3159   9.9692765687E-01
    3160   9.9685703115E-01
    3161   9.9697205788E-01
    3162   9.9725269023E-01
    3163   9.9765798109E-01
    3164   9.9812841502E-01
    3165   9.9859159579E-01
    3166   9.9897256103E-01
    3167   9.9920756951E-01
    3168   9.9925744744E-01
    3169   9.9911581390E-01
    3170   9.9880963930E-01
    3171   9.9839312973E-01
    3172   9.9793827189E-01
    3173   9.9752507985E-01
    3174   9.9723258145E-01
    3175   9.9713004322E-01
    3176   9.9726823450E-01
    3177   9.9767206524E-01
    3178   9.9833689752E-01
    3179   9.9923002276E-01
    3180   1.0002966941E+00
    3181   1.0014683646E+00
    3182   1.0026707313E+00
    3183   1.0038306277E+00
    3184   1.0048822280E+00
    3185   1.0057730201E+00
    3186   1.0064686777E+00
    3187   1.0069548614E+00
    3188   1.0072356900E+00
    3189   1.0073318369E+00
    3190   1.0072376367E+00
    3191   1.0069944932E+00
    3192   1.0066191688E+00
    3193   1.0061303420E+00
    3194   1.0055526988E+00
    3195   1.0049153637E+00
    3196   1.0042520561E+00
    3197   1.0036012706E+00
    3198   1.0030059093E+00
    3199   1.0025105519E+00
    3200   1.0021550028E+00
    3201   1.0019650869E+00
    3202   1.0019441793E+00
    3203   1.0020695649E+00
    3204   1.0022957638E+00
    3205   1.0025637982E+00
    3206   1.0028131532E+00
    3207   1.0029930894E+00
    3208   1.0030713134E+00
    3209   1.0030391830E+00
    3210   1.0029127080E+00
    3211   1.0027283238E+00
    3212   1.0025331701E+00
    3213   1.0023718514E+00
    3214   1.0022740561E+00
    3215   1.0022479138E+00
    3216   1.0022816606E+00
    3217   1.0023522560E+00
    3218   1.0024364981E+00
    3219   1.0025197446E+00
    3220   1.0025994487E+00
    3221   1.0026835579E+00
    3222   1.0027855493E+00
    3223   1.0029180374E+00
    3224   1.0030864202E+00
    3225   1.0032840123E+00
    3226   1.0034905404E+00
    3227   1.0036756791E+00
    3228   1.0038076309E+00
    3229   1.0038641053E+00
    3230   1.0038412169E+00
    3231   1.0037563885E+00
    3232   1.0036442319E+00
    3233   1.0035476997E+00
    3234   1.0035083651E+00
    3235   1.0035588188E+00
    3236   1.0037180873E+00
    3237   1.0039895520E+00
    3238   1.0043609048E+00
    3239   1.0048063710E+00
    3240   1.0052914068E+00
    3241   1.0057788504E+00
    3242   1.0062341910E+00
    3243   1.0066277122E+00
    3244   1.0069332156E+00
    3245   1.0071254648E+00
    3246   1.0071794197E+00
    3247   1.0070728975E+00
    3248   1.0067916689E+00
    3249   1.0063342948E+00
    3250   1.0057146041E+00
    3251   1.0049635883E+00
    3252   1.0041135805E+00
    3253   1.0032245931E+00
    3254   1.0023554730E+00
    3255   1.0015651871E+00
    3256   1.0009105240E+00
    3257   1.0004371814E+00
    3258   1.0001748183E+00
    3259   1.0001356166E+00
    3260   1.0003159185E+00
    3261   1.0006989102E+00
    3262   1.0012563600E+00
    3263   1.0019489640E+00
    3264   1.0027265209E+00
    3265   1.0035295784E+00
    3266   1.0042931825E+00
    3267   1.0049520110E+00
    3268   1.0054457329E+00
    3269   1.0057241352E+00
    3270   1.0057523502E+00
    3271   1.0055162648E+00
    3272   1.0050269089E+00
    3273   1.0043216006E+00
    3274   1.0034601917E+00
    3275   1.0025168764E+00
    3276   1.0015701662E+00
    3277   1.0006941346E+00
    3278   9.9995261222E-01
    3279   9.9939598048E-01
    3280   9.9905919953E-01
    3281   9.9896030082E-01
    3282   9.9909983999E-01
    3283   9.9946234575E-01
    3284   1.0000200152E+00
    3285   1.0007375205E+00
    3286   1.0015760781E+00
    3287   1.0024955797E+00
    3288   1.0034550123E+00
    3289   1.0044123782E+00
    3290   1.0053251312E+00
    3291   1.0061511986E+00
    3292   1.0068500693E+00
    3293   1.0073838470E+00
    3294   1.0077190957E+00
    3295   1.0078305625E+00
    3296   1.0077067693E+00
    3297   1.0073556655E+00
    3298   1.0068074731E+00
    3299   1.0061125884E+00
    3300   1.0053345782E+00
    3301   1.0045404478E+00
    3302   1.0037910900E+00
    3303   1.0031339874E+00
    3304   1.0025988168E+00
    3305   1.0021957756E+00
    3306   1.0019165144E+00
    3307   1.0017378657E+00
    3308   1.0016282360E+00
    3309   1.0015554767E+00
    3310   1.0014940335E+00
    3311   1.0014291876E+00
    3312   1.0013574630E+00
    3313   1.0012839717E+00
    3314   1.0012184425E+00
    3315   1.0011714545E+00
    3316   1.0011515089E+00
    3317   1.0011629767E+00
    3318   1.0012050976E+00
    3319   1.0012725422E+00
    3320   1.0013578040E+00
    3321   1.0014546508E+00
    3322   1.0015608135E+00
    3323   1.0016780617E+00
    3324   1.0018091798E+00
    3325   1.0019532663E+00
    3326   1.0021019089E+00
    3327   1.0022383477E+00
    3328   1.0023401573E+00
    3329   1.0023843793E+00
    3330   1.0023533617E+00
    3331   1.0022397790E+00
    3332   1.0020497883E+00
    3333   1.0018034910E+00
    3334   1.0015319911E+00
    3335   1.0012709236E+00
    3336   1.0010516214E+00
    3337   1.0008925174E+00
    3338   1.0007939209E+00
    3339   1.0007383198E+00
    3340   1.0006962135E+00
    3341   1.0006353031E+00
    3342   1.0005298323E+00
    3343   1.0003673218E+00
    3344   1.0001513375E+00
    3345   9.9990031500E-01
    3346   9.9964327925E-01
    3347   9.9941360679E-01
    3348   9.9924218124E-01
    3349   9.9915152026E-01
    3350   9.9915239425E-01
    3351   9.9924373244E-01
    3352   9.9941531799E-01
    3353   9.9965159214E-01
    3354   9.9993461905E-01
    3355   1.0002451693E+00
    3356   1.0005623497E+00
    3357   1.0008632204E+00
    3358   1.0011237553E+00
    3359   1.0013215015E+00
    3360   1.0014392148E+00
    3361   1.0014683037E+00
    3362   1.0014111836E+00
    3363   1.0012821037E+00
    3364   1.0011061929E+00
    3365   1.0009163970E+00
    3366   1.0007481090E+00
    3367   1.0006319909E+00
    3368   1.0005865243E+00
    3369   1.0006125203E+00
    3370   1.0006915666E+00
    3371   1.0007891872E+00
    3372   1.0008619481E+00
    3373   1.0008666429E+00
    3374   1.0007694275E+00
    3375   1.0005531504E+00
    3376   1.0002216770E+00
    3377   9.9980044930E-01
    3378   9.9933293652E-01
    3379   9.9887332250E-01
    3380   9.9847675052E-01
    3381   9.9818929779E-01
    3382   9.9804002077E-01
    3383   9.9803669983E-01
    3384   9.9816568509E-01
    3385   9.9839519701E-01
    3386   9.9868102625E-01
    3387   9.9897370162E-01
    3388   9.9922635347E-01
    3389   9.9940231705E-01
    3390   9.9948110484E-01
    3391   9.9946126111E-01
    3392   9.9935923527E-01
    3393   9.9920462535E-01
    3394   9.9903328827E-01
    3395   9.9888022969E-01
    3396   9.9877374877E-01
    3397   9.9873149229E-01
    3398   9.9875850342E-01
    3399   9.9884724683E-01
    3400   9.9897966654E-01
    3401   9.9913113749E-01
    3402   9.9927558423E-01
    3403   9.9939042314E-01
    3404   9.9945990357E-01
    3405   9.9947608393E-01
    3406   9.9943772427E-01
    3407   9.9934813566E-01
    3408   9.9921306096E-01
    3409   9.9903910021E-01
    3410   9.9883262366E-01
    3411   9.9859899626E-01
    3412   9.9834223236E-01
    3413   9.9806544042E-01
    3414   9.9777218566E-01
    3415   9.9746825973E-01
    3416   9.9716286592E-01
    3417   9.9686842149E-01
    3418   9.9659901741E-01
    3419   9.9636844074E-01
    3420   9.9618885725E-01
    3421   9.9607060845E-01
    3422   9.9602264958E-01
    3423   9.9605271844E-01
    3424   9.9616669837E-01
    3425   9.9636743085E-01
    3426   9.9665372342E-01
    3427   9.9702007879E-01
    3428   9.9745700774E-01
    3429   9.9795133521E-01
    3430   9.9848606383E-01
    3431   9.9903994296E-01
    3432   9.9958735087E-01
    3433   1.0000990481E+00
    3434   1.0005439292E+00
    3435   1.0008915643E+00
    3436   1.0011153478E+00
    3437   1.0011962552E+00
    3438   1.0011270924E+00
    3439   1.0009165312E+00
    3440   1.0005915330E+00
    3441   1.0001966755E+00
    3442   9.9978973471E-01
    3443   9.9943424316E-01
    3444   9.9919079622E-01
    3445   9.9910898185E-01
    3446   9.9922106521E-01
    3447   9.9953769856E-01
    3448   1.0000456238E+00
    3449   1.0007076745E+00
    3450   1.0014658064E+00
    3451   1.0022476859E+00
    3452   1.0029763441E+00
    3453   1.0035810959E+00
    3454   1.0040072080E+00
    3455   1.0042221821E+00
    3456   1.0042177290E+00
    3457   1.0040077620E+00
    3458   1.0036234040E+00
    3459   1.0031061328E+00
    3460   1.0025002546E+00
    3461   1.0018461411E+00
    3462   1.0011757982E+00
    3463   1.0005118263E+00
    3464   9.9986958546E-01
    3465   9.9926104473E-01
    3466   9.9869827765E-01
    3467   9.9819522984E-01
    3468   9.9776767772E-01
    3469   9.9743221784E-01
    3470   9.9720505658E-01
    3471   9.9710061600E-01
    3472   9.9712942144E-01
    3473   9.9729499624E-01
    3474   9.9759036324E-01
    3475   9.9799546070E-01
    3476   9.9847669673E-01
    3477   9.9898907297E-01
    3478   9.9948047795E-01
    3479   9.9989742398E-01
    3480   1.0001916221E+00
    3481   1.0003268124E+00
    3482   1.0002848213E+00
    3483   1.0000692023E+00
    3484   9.9970484816E-01
    3485   9.9923308386E-01
    3486   9.9870355211E-01
    3487   9.9816553256E-01
    3488   9.9766131048E-01
    3489   9.9722288481E-01
    3490   9.9687167833E-01
    3491   9.9662001782E-01
    3492   9.9647328286E-01
    3493   9.9643221771E-01
    3494   9.9649518217E-01
    3495   9.9665983125E-01
    3496   9.9692335776E-01
    3497   9.9728069932E-01
    3498   9.9772115118E-01
    3499   9.9822500936E-01
    3500   9.9876227157E-01
    3501   9.9929462229E-01
    3502   9.9978040383E-01
    3503   1.0001810228E+00
    3504   1.0004669396E+00
    3505   1.0006219289E+00
    3506   1.0006450132E+00
    3507   1.0005498364E+00
    3508   1.0003613878E+00
    3509   1.0001104048E+00
    3510   9.9982664265E-01
    3511   9.9953300063E-01
    3512   9.9924246082E-01
    3513   9.9895864069E-01
    3514   9.9867910647E-01
    3515   9.9839952442E-01
    3516   9.9811688407E-01
    3517   9.9783111215E-01
    3518   9.9754545042E-01
    3519   9.9726624505E-01
    3520   9.9700235023E-01
    3521   9.9676391898E-01
    3522   9.9656051960E-01
    3523   9.9639915676E-01
    3524   9.9628318875E-01
    3525   9.9621276051E-01
    3526   9.9618638609E-01
    3527   9.9620252891E-01
    3528   9.9626012388E-01
    3529   9.9635788880E-01
    3530   9.9649319865E-01
    3531   9.9666146046E-01
    3532   9.9685625437E-01
    3533   9.9706971377E-01
    3534   9.9729250289E-01
    3535   9.9751343039E-01
    3536   9.9771953423E-01
    3537   9.9789753494E-01
    3538   9.9803666766E-01
    3539   9.9813174463E-01
    3540   9.9818484062E-01
    3541   9.9820463061E-01
    3542   9.9820365168E-01
    3543   9.9819468548E-01
    3544   9.9818751648E-01
    3545   9.9818675220E-01
    3546   9.9819086681E-01
    3547   9.9819252927E-01
    3548   9.9818039096E-01
    3549   9.9814233315E-01
    3550   9.9806953689E-01
    3551   9.9796006750E-01
    3552   9.9782064094E-01
    3553   9.9766606917E-01
    3554   9.9751704859E-01
    3555   9.9739759362E-01
    3556   9.9733306296E-01
    3557   9.9734872968E-01
    3558   9.9746807624E-01
    3559   9.9771005683E-01
    3560   9.9808534679E-01
    3561   9.9859241927E-01
    3562   9.9921456066E-01
    3563   9.9991863061E-01
    3564   1.0006559669E+00
    3565   1.0013657135E+00
    3566   1.0019808813E+00
    3567   1.0024371116E+00
    3568   1.0026830751E+00
    3569   1.0026901202E+00
    3570   1.0024581599E+00
    3571   1.0020156227E+00
    3572   1.0014133709E+00
    3573   1.0007146578E+00
    3574   9.9998424638E-01
    3575   9.9927933630E-01
    3576   9.9864360568E-01
    3577   9.9810446715E-01
    3578   9.9767310608E-01
    3579   9.9734681642E-01
    3580   9.9711305273E-01
    3581   9.9695425329E-01
    3582   9.9685217750E-01
    3583   9.9679033106E-01
    3584   9.9675494835E-01
    3585   9.9674074639E-01
    3586   9.9673611141E-01
    3587   9.9673837289E-01
    3588   9.9674756561E-01
    3589   9.9676705280E-01
    3590   9.9680333257E-01
    3591   9.9686537453E-01
    3592   9.9696430262E-01
    3593   9.9711348014E-01
    3594   9.9732831381E-01
    3595   9.9762480968E-01
    3596   9.9801642071E-01
    3597   9.9850969726E-01
    3598   9.9909998637E-01
    3599   9.9976847391E-01
    3600   1.0004813613E+00
    3601   1.0011914485E+00
    3602   1.0018421904E+00
    3603   1.0023742260E+00
    3604   1.0027339928E+00
    3605   1.0028831313E+00
    3606   1.0028064076E+00
    3607   1.0025156539E+00
    3608   1.0020482440E+00
    3609   1.0014605018E+00
    3610   1.0008181443E+00
    3611   1.0001864619E+00
    3612   9.9962229390E-01
    3613   9.9916865292E-01
    3614   9.9885190986E-01
    3615   9.9868112869E-01
    3616   9.9864919046E-01
    3617   9.9873536381E-01
    3618   9.9890882179E-01
    3619   9.9913250372E-01
    3620   9.9936691978E-01
    3621   9.9957389428E-01
    3622   9.9972044639E-01
    3623   9.9978270520E-01
    3624   9.9974911724E-01
    3625   9.9962181194E-01
    3626   9.9941534197E-01
    3627   9.9915300790E-01
    3628   9.9886195792E-01
    3629   9.9856854996E-01
    3630   9.9829495814E-01
    3631   9.9805720037E-01
    3632   9.9786429934E-01
    3633   9.9771835615E-01
    3634   9.9761557643E-01
    3635   9.9754826410E-01
    3636   9.9750738219E-01
    3637   9.9748484112E-01
    3638   9.9747470657E-01
    3639   9.9747311366E-01
    3640   9.9747741723E-01
    3641   9.9748542680E-01
    3642   9.9749525241E-01
    3643   9.9750563753E-01
    3644   9.9751624723E-01
    3645   9.9752750876E-01
    3646   9.9754007033E-01
    3647   9.9755428902E-01
    3648   9.9757009132E-01
    3649   9.9758718817E-01
    3650   9.9760535830E-01
    3651   9.9762457870E-01
    3652   9.9764506704E-01
    3653   9.9766748111E-01
    3654   9.9769339634E-01
    3655   9.9772587346E-01
    3656   9.9776975631E-01
    3657   9.9783148329E-01
    3658   9.9791850738E-01
    3659   9.9803857861E-01
    3660   9.9819898163E-01
    3661   9.9840551069E-01
    3662   9.9866088134E-01
    3663   9.9896262642E-01
    3664   9.9930110782E-01
    3665   9.9965863875E-01
    3666   1.0000105140E+00
    3667   1.0003280595E+00
    3668   1.0005830622E+00
    3669   1.0007525563E+00
    3670   1.0008230155E+00
    3671   1.0007932933E+00
    3672   1.0006758766E+00
    3673   1.0004961224E+00
    3674   1.0002893231E+00
    3675   1.0000958653E+00
    3676   9.9995529634E-01
    3677   9.9990046434E-01
    3678   9.9995279660E-01
    3679   1.0001193107E+00
    3680   1.0003914599E+00
    3681   1.0007457280E+00
    3682   1.0011460004E+00
    3683   1.0015478337E+00
    3684   1.0019045076E+00
    3685   1.0021741440E+00
    3686   1.0023265579E+00
    3687   1.0023482812E+00
    3688   1.0022445660E+00
    3689   1.0020379324E+00
    3690   1.0017636199E+00
    3691   1.0014628789E+00
    3692   1.0011753816E+00
    3693   1.0009322097E+00
    3694   1.0007508673E+00
    3695   1.0006334376E+00
    3696   1.0005682663E+00
    3697   1.0005345879E+00
    3698   1.0005086990E+00
    3699   1.0004699913E+00
    3700   1.0004054747E+00
    3701   1.0003120868E+00
    3702   1.0001967224E+00
    3703   1.0000742956E+00
    3704   9.9996431241E-01
    3705   9.9988656180E-01
    3706   9.9985671078E-01
    3707   9.9988270834E-01
    3708   9.9996279255E-01
    3709   1.0000855071E+00
    3710   1.0002316220E+00
    3711   1.0003774458E+00
    3712   1.0004988544E+00
    3713   1.0005753811E+00
    3714   1.0005937893E+00
    3715   1.0005506002E+00
    3716   1.0004531473E+00
    3717   1.0003189656E+00
    3718   1.0001736958E+00
    3719   1.0000480199E+00
    3720   9.9997424538E-01
    3721   9.9998296971E-01
    3722   1.0000999444E+00
    3723   1.0003430727E+00
    3724   1.0007195715E+00
    3725   1.0012236305E+00
    3726   1.0018351844E+00
    3727   1.0025204623E+00
    3728   1.0032347215E+00
    3729   1.0039271066E+00
    3730   1.0045470487E+00
    3731   1.0050511625E+00
    3732   1.0054093083E+00
    3733   1.0056084739E+00
    3734   1.0056534969E+00
    3735   1.0055644099E+00
    3736   1.0053711466E+00
    3737   1.0051071241E+00
    3738   1.0048034402E+00
    3739   1.0044849840E+00
    3740   1.0041689089E+00
    3741   1.0038657764E+00
    3742   1.0035797348E+00
    3743   1.0033073505E+00
    3744   1.0030537640E+00
    3745   1.0028164155E+00
    3746   1.0025962128E+00
    3747   1.0023964693E+00
    3748   1.0022225905E+00
    3749   1.0020812167E+00
    3750   1.0019789049E+00
    3751   1.0019207708E+00
    3752   1.0019094807E+00
    3753   1.0019448073E+00
    3754   1.0020237297E+00
    3755   1.0021408727E+00
    3756   1.0022889960E+00
    3757   1.0024592658E+00
    3758   1.0026411814E+00
    3759   1.0028222589E+00
    3760   1.0029878228E+00
    3761   1.0031213901E+00
    3762   1.0032060452E+00
    3763   1.0032268572E+00
    3764   1.0031739310E+00
    3765   1.0030453104E+00
    3766   1.0028488709E+00
    3767   1.0026025730E+00
    3768   1.0023328854E+00
    3769   1.0020716134E+00
    3770   1.0018516453E+00
    3771   1.0017022374E+00
    3772   1.0016444792E+00
    3773   1.0016875846E+00
    3774   1.0018266554E+00
    3775   1.0020424769E+00
    3776   1.0023036624E+00
    3777   1.0025710618E+00
    3778   1.0028038715E+00
    3779   1.0029664756E+00
    3780   1.0030348280E+00
    3781   1.0030012096E+00
    3782   1.0028764667E+00
    3783   1.0026892796E+00
    3784   1.0024825372E+00
    3785   1.0023073767E+00
    3786   1.0022157720E+00
    3787   1.0022526792E+00
    3788   1.0024487026E+00
    3789   1.0028141560E+00
    3790   1.0033353335E+00
    3791   1.0039737737E+00
    3792   1.0046691562E+00
    3793   1.0053460564E+00
    3794   1.0059240332E+00
    3795   1.0063296013E+00
    3796   1.0065078628E+00
    3797   1.0064313274E+00
    3798   1.0061039262E+00
    3799   1.0055593354E+00
    3800   1.0048541272E+00
    3801   1.0040574899E+00
    3802   1.0032399505E+00
    3803   1.0024635211E+00
    3804   1.0017750617E+00
    3805   1.0012036472E+00
    3806   1.0007616708E+00
    3807   1.0004485964E+00
    3808   1.0002558597E+00
    3809   1.0001714658E+00
    3810   1.0001832229E+00
    3811   1.0002801260E+00
    3812   1.0004519698E+00
    3813   1.0006877149E+00
    3814   1.0009733963E+00
    3815   1.0012904456E+00
    3816   1.0016152015E+00
    3817   1.0019200840E+00
    3818   1.0021764606E+00
    3819   1.0023587126E+00
    3820   1.0024485887E+00
    3821   1.0024387699E+00
    3822   1.0023347337E+00
    3823   1.0021544469E+00
    3824   1.0019259650E+00
    3825   1.0016834826E+00
    3826   1.0014626241E+00
    3827   1.0012957729E+00
    3828   1.0012080657E+00
    3829   1.0012144378E+00
    3830   1.0013179011E+00
    3831   1.0015091136E+00
    3832   1.0017672651E+00
    3833   1.0020623006E+00
    3834   1.0023584470E+00
    3835   1.0026188489E+00
    3836   1.0028108392E+00
    3837   1.0029110747E+00
    3838   1.0029095845E+00
    3839   1.0028118415E+00
    3840   1.0026384704E+00
    3841   1.0024223627E+00
    3842   1.0022006268E+00
    3843   1.0020162917E+00
    3844   1.0019035381E+00
    3845   1.0018862402E+00
    3846   1.0019738848E+00
    3847   1.0021596079E+00
    3848   1.0024207734E+00
    3849   1.0027219131E+00
    3850   1.0030197505E+00
    3851   1.0032696663E+00
    3852   1.0034326129E+00
    3853   1.0034812653E+00
    3854   1.0034042385E+00
    3855   1.0032075468E+00
    3856   1.0029130732E+00
    3857   1.0025544857E+00
    3858   1.0021715687E+00
    3859   1.0018041841E+00
    3860   1.0014869701E+00
    3861   1.0012455208E+00
    3862   1.0010943189E+00
    3863   1.0010362883E+00
    3864   1.0010636173E+00
    3865   1.0011594807E+00
    3866   1.0013004014E+00
    3867   1.0014591043E+00
    3868   1.0016077375E+00
    3869   1.0017212271E+00
    3870   1.0017803661E+00
    3871   1.0017741153E+00
    3872   1.0017006422E+00
    3873   1.0015668513E+00
    3874   1.0013865141E+00
    3875   1.0011774457E+00
    3876   1.0009583789E+00
    3877   1.0007461831E+00
    3878   1.0005539040E+00
    3879   1.0003898354E+00
    3880   1.0002575788E+00
    3881   1.0001568647E+00
    3882   1.0000848243E+00
    3883   1.0000373974E+00
    3884   1.0000106213E+00
    3885   1.0000016320E+00
    3886   1.0000092959E+00
    3887   1.0000344596E+00
    3888   1.0000798251E+00
    3889   1.0001494544E+00
    3890   1.0002478966E+00
    3891   1.0003789610E+00
    3892   1.0005442456E+00
    3893   1.0007416533E+00
    3894   1.0009642506E+00
    3895   1.0011998503E+00
    3896   1.0014316244E+00
    3897   1.0016398361E+00
    3898   1.0018045012E+00
    3899   1.0019085054E+00
    3900   1.0019405198E+00
    3901   1.0018970405E+00
    3902   1.0017830487E+00
    3903   1.0016111138E+00
    3904   1.0013991557E+00
    3905   1.0011674094E+00
    3906   1.0009353051E+00
    3907   1.0007189243E+00
    3908   1.0005294703E+00
    3909   1.0003728686E+00
    3910   1.0002503307E+00
    3911   1.0001595369E+00
    3912   1.0000960627E+00
    3913   1.0000547455E+00
    3914   1.0000308125E+00
    3915   1.0000207034E+00
    3916   1.0000225916E+00
    3917   1.0000366402E+00
    3918   1.0000650190E+00
    3919   1.0001116848E+00
    3920   1.0001818886E+00
    3921   1.0002813570E+00
    3922   1.0004151157E+00
    3923   1.0005860092E+00
    3924   1.0007931116E+00
    3925   1.0010303714E+00
    3926   1.0012859207E+00
    3927   1.0015424386E+00
    3928   1.0017787619E+00
    3929   1.0019726252E+00
    3930   1.0021040702E+00
    3931   1.0021588129E+00
    3932   1.0021307873E+00
    3933   1.0020232483E+00
    3934   1.0018481571E+00
    3935   1.0016240118E+00
    3936   1.0013726613E+00
    3937   1.0011158565E+00
    3938   1.0008722764E+00
    3939   1.0006555625E+00
    3940   1.0004735712E+00
    3941   1.0003287368E+00
    3942   1.0002192140E+00
    3943   1.0001403766E+00
    3944   1.0000862903E+00
    3945   1.0000508966E+00
    3946   1.0000287925E+00
    3947   1.0000156141E+00
    3948   1.0000081128E+00
    3949   1.0000040364E+00
    3950   1.0000019218E+00
    3951   1.0000008750E+00
    3952   1.0000003807E+00
    3953   1.0000001582E+00
    3954   1.0000000627E+00
    3955   1.0000000237E+00
    3956   1.0000000085E+00
    3957   1.0000000029E+00
    3958   1.0000000009E+00
    3959   1.0000000003E+00
    3960   1.0000000001E+00
    3961   1.0000000000E+00
    3962   1.0000000000E+00
    3963   1.0000000000E+00
    3964   1.0000000000E+00
    3965   1.0000000000E+00
    3966   1.0000000000E+00
    3967   1.0000000000E+00
    3968   1.0000000000E+00
    3969   1.0000000000E+00
    3970   1.0000000000E+00
    3971   1.0000000000E+00
    3972   1.0000000000E+00
    3973   1.0000000000E+00
    3974   1.0000000000E+00
    3975   1.0000000000E+00
    3976   1.0000000000E+00
    3977   1.0000000000E+00
    3978   1.0000000000E+00
    3979   1.0000000000E+00
    3980   1.0000000000E+00
    3981   1.0000000000E+00
    3982   1.0000000000E+00
    3983   1.0000000000E+00
    3984   1.0000000000E+00
    3985   1.0000000000E+00
    3986   1.0000000000E+00
    3987   1.0000000000E+00
    3988   1.0000000000E+00
    3989   1.0000000000E+00
    3990   1.0000000000E+00
    3991   1.0000000000E+00
    3992   1.0000000000E+00
    3993   1.0000000000E+00
    3994   1.0000000000E+00
    3995   1.0000000000E+00
    3996   1.0000000000E+00
    3997   1.0000000000E+00
    3998   1.0000000000E+00
    3999   1.0000000000E+00
    4000   1.0000000000E+00
    4001   1.0000000000E+00
    4002   1.0000000000E+00
    4003   1.0000000000E+00
    4004   1.0000000000E+00
    4005   1.0000000000E+00
    4006   1.0000000000E+00
    4007   1.0000000000E+00
    4008   1.0000000000E+00
    4009   1.0000000000E+00
    4010   1.0000000000E+00
    4011   1.0000000000E+00
    4012   1.0000000000E+00
    4013   1.0000000000E+00
    4014   1.0000000000E+00
    4015   1.0000000000E+00
    4016   1.0000000000E+00
    4017   1.0000000000E+00
    4018   1.0000000000E+00
    4019   1.0000000000E+00
    4020   1.0000000000E+00
    4021   1.0000000000E+00
    4022   1.0000000000E+00
    4023   1.0000000000E+00
    4024   1.0000000000E+00
    4025   1.0000000000E+00
    4026   1.0000000000E+00
    4027   1.0000000000E+00
    4028   1.0000000000E+00
    4029   1.0000000000E+00
    4030   1.0000000000E+00
    4031   1.0000000000E+00
    4032   1.0000000000E+00
    4033   1.0000000000E+00
    4034   1.0000000000E+00
    4035   1.0000000000E+00
    4036   1.0000000000E+00
    4037   1.0000000000E+00
    4038   1.0000000000E+00
    4039   1.0000000000E+00
    4040   1.0000000000E+00
    4041   1.0000000000E+00
    4042   1.0000000000E+00
    4043   1.0000000000E+00
    4044   1.0000000000E+00
    4045   1.0000000000E+00
    4046   1.0000000000E+00
    4047   1.0000000000E+00
    4048   1.0000000000E+00
    4049   1.0000000000E+00
    4050   1.0000000000E+00
    4051   1.0000000000E+00
    4052   1.0000000000E+00
    4053   1.0000000000E+00
    4054   1.0000000000E+00
    4055   1.0000000000E+00
    4056   1.0000000000E+00
    4057   1.0000000000E+00
    4058   1.0000000000E+00
    4059   1.0000000000E+00
    4060   1.0000000000E+00
    4061   1.0000000000E+00
    4062   1.0000000000E+00
    4063   1.0000000000E+00
    4064   1.0000000000E+00
    4065   1.0000000000E+00
    4066   1.0000000000E+00
    4067   1.0000000000E+00
    4068   1.0000000000E+00
    4069   1.0000000000E+00
    4070   1.0000000000E+00
    4071   1.0000000000E+00
    4072   1.0000000000E+00
    4073   1.0000000000E+00
    4074   1.0000000000E+00
    4075   1.0000000000E+00
    4076   1.0000000000E+00
    4077   1.0000000000E+00
    4078   1.0000000000E+00
    4079   1.0000000000E+00
    4080   1.0000000000E+00
    4081   1.0000000000E+00
    4082   1.0000000000E+00
    4083   1.0000000000E+00
    4084   1.0000000000E+00
    4085   1.0000000000E+00
    4086   1.0000000000E+00
    4087   1.0000000000E+00
    4088   1.0000000000E+00
    4089   1.0000000000E+00
    4090   1.0000000000E+00
    4091   1.0000000000E+00
    4092   1.0000000000E+00
    4093   1.0000000000E+00
    4094   1.0000000000E+00
    4095   1.0000000000E+00
    4096   1.0000000000E+00
    4097   1.0000000000E+00
    4098   1.0000000000E+00
    4099   1.0000000000E+00
    4100   1.0000000000E+00
    4101   1.0000000000E+00
    4102   1.0000000000E+00
    4103   1.0000000000E+00
    4104   1.0000000000E+00
    4105   1.0000000000E+00
    4106   1.0000000000E+00
    4107   1.0000000000E+00
    4108   1.0000000000E+00
    4109   1.0000000000E+00
    4110   1.0000000000E+00
    4111   1.0000000000E+00
    4112   1.0000000000E+00
    4113   1.0000000000E+00
    4114   1.0000000000E+00
    4115   1.0000000000E+00
    4116   1.0000000000E+00
    4117   1.0000000000E+00
    4118   1.0000000000E+00
    4119   1.0000000000E+00
    4120   1.0000000000E+00
    4121   1.0000000000E+00
    4122   1.0000000000E+00
    4123   1.0000000000E+00
    4124   1.0000000000E+00
    4125   1.0000000000E+00
    4126   1.0000000000E+00
    4127   1.0000000000E+00
    4128   1.0000000000E+00
    4129   1.0000000000E+00
    4130   1.0000000000E+00
    4131   1.0000000000E+00
    4132   1.0000000000E+00
    4133   1.0000000000E+00
    4134   1.0000000000E+00
    4135   1.0000000000E+00
    4136   1.0000000000E+00
    4137   1.0000000000E+00
    4138   1.0000000000E+00
    4139   1.0000000000E+00
    4140   1.0000000000E+00
    4141   1.0000000000E+00
    4142   1.0000000000E+00
    4143   1.0000000000E+00
    4144   1.0000000000E+00
    4145   1.0000000000E+00
    4146   1.0000000000E+00
    4147   1.0000000000E+00
    4148   1.0000000000E+00
    4149   1.0000000000E+00
    4150   1.0000000000E+00
    4151   1.0000000000E+00
    4152   1.0000000000E+00
    4153   1.0000000000E+00
    4154   1.0000000000E+00
    4155   1.0000000000E+00
    4156   1.0000000000E+00
    4157   1.0000000000E+00
    4158   1.0000000000E+00
    4159   1.0000000000E+00
    4160   1.0000000000E+00
    4161   1.0000000000E+00
    4162   1.0000000000E+00
    4163   1.0000000000E+00
    4164   1.0000000000E+00
    4165   1.0000000000E+00
    4166   1.0000000000E+00
    4167   1.0000000000E+00
    4168   1.0000000000E+00
    4169   1.0000000000E+00
    4170   1.0000000000E+00
    4171   1.0000000000E+00
    4172   1.0000000000E+00
    4173   1.0000000000E+00
    4174   1.0000000000E+00
    4175   1.0000000000E+00
    4176   1.0000000000E+00
    4177   1.0000000000E+00
    4178   1.0000000000E+00
    4179   1.0000000000E+00
    4180   1.0000000000E+00
    4181   1.0000000000E+00
    4182   1.0000000000E+00
    4183   1.0000000000E+00
    4184   1.0000000000E+00
    4185   1.0000000000E+00
    4186   1.0000000000E+00
    4187   1.0000000000E+00
    4188   1.0000000000E+00
    4189   1.0000000000E+00
    4190   1.0000000000E+00
    4191   1.0000000000E+00
    4192   1.0000000000E+00
    4193   1.0000000000E+00
    4194   1.0000000000E+00
    4195   1.0000000000E+00
    4196   1.0000000000E+00
    4197   1.0000000000E+00
    4198   1.0000000000E+00
    4199   1.0000000000E+00
    4200   1.0000000000E+00
    4201   1.0000000000E+00
    4202   1.0000000000E+00
    4203   1.0000000000E+00
    4204   1.0000000000E+00
    4205   1.0000000000E+00
    4206   1.0000000000E+00
    4207   1.0000000000E+00
    4208   1.0000000000E+00
    4209   1.0000000000E+00
    4210   1.0000000000E+00
    4211   1.0000000000E+00
    4212   1.0000000000E+00
    4213   1.0000000000E+00
    4214   1.0000000000E+00
    4215   1.0000000000E+00
    4216   1.0000000000E+00
    4217   1.0000000000E+00
    4218   1.0000000000E+00
    4219   1.0000000000E+00
    4220   1.0000000000E+00
    4221   1.0000000000E+00
    4222   1.0000000000E+00
    4223   1.0000000000E+00
    4224   1.0000000000E+00
    4225   1.0000000000E+00
    4226   1.0000000000E+00
    4227   1.0000000000E+00
    4228   1.0000000000E+00
    4229   1.0000000000E+00
    4230   1.0000000000E+00
    4231   1.0000000000E+00
    4232   1.0000000000E+00
    4233   1.0000000000E+00
    4234   1.0000000000E+00
    4235   1.0000000000E+00
    4236   1.0000000000E+00
    4237   1.0000000000E+00
    4238   1.0000000000E+00
    4239   1.0000000000E+00
    4240   1.0000000000E+00
    4241   1.0000000000E+00
    4242   1.0000000000E+00
    4243   1.0000000000E+00
    4244   1.0000000000E+00
    4245   1.0000000000E+00
    4246   1.0000000000E+00
    4247   1.0000000000E+00
    4248   1.0000000000E+00
    4249   1.0000000000E+00
    4250   1.0000000000E+00
    4251   1.0000000000E+00
    4252   1.0000000000E+00
    4253   1.0000000000E+00
    4254   1.0000000000E+00
    4255   1.0000000000E+00
    4256   1.0000000000E+00
    4257   1.0000000000E+00
    4258   1.0000000000E+00
    4259   1.0000000000E+00
    4260   1.0000000000E+00
    4261   1.0000000000E+00
    4262   1.0000000000E+00
    4263   1.0000000000E+00
    4264   1.0000000000E+00
    4265   1.0000000000E+00
    4266   1.0000000000E+00
    4267   1.0000000000E+00
    4268   1.0000000000E+00
    4269   1.0000000000E+00
    4270   1.0000000000E+00
    4271   1.0000000000E+00
    4272   1.0000000000E+00
    4273   1.0000000000E+00
    4274   1.0000000000E+00
    4275   1.0000000000E+00
    4276   1.0000000000E+00
    4277   1.0000000000E+00
    4278   1.0000000000E+00
    4279   1.0000000000E+00
    4280   1.0000000000E+00
    4281   1.0000000000E+00
    4282   1.0000000000E+00
    4283   1.0000000000E+00
    4284   1.0000000000E+00
    4285   1.0000000000E+00
    4286   1.0000000000E+00
    4287   1.0000000000E+00
    4288   1.0000000000E+00
    4289   1.0000000000E+00
    4290   1.0000000000E+00
    4291   1.0000000000E+00
    4292   1.0000000000E+00
    4293   1.0000000000E+00
    4294   1.0000000000E+00
    4295   1.0000000000E+00
    4296   1.0000000000E+00
    4297   1.0000000000E+00
    4298   1.0000000000E+00
    4299   1.0000000000E+00
    4300   1.0000000000E+00
    4301   1.0000000000E+00
    4302   1.0000000000E+00
    4303   1.0000000000E+00
    4304   1.0000000000E+00
    4305   1.0000000000E+00
    4306   1.0000000000E+00
    4307   1.0000000000E+00
    4308   1.0000000000E+00
    4309   1.0000000000E+00
    4310   1.0000000000E+00
    4311   1.0000000000E+00
    4312   1.0000000000E+00
    4313   1.0000000000E+00
    4314   1.0000000000E+00
    4315   1.0000000000E+00
    4316   1.0000000000E+00
    4317   1.0000000000E+00
    4318   1.0000000000E+00
    4319   1.0000000000E+00
    4320   1.0000000000E+00
    4321   1.0000000000E+00
    4322   1.0000000000E+00
    4323   1.0000000000E+00
    4324   1.0000000000E+00
    4325   1.0000000000E+00
    4326   1.0000000000E+00
    4327   1.0000000000E+00
    4328   1.0000000000E+00
    4329   1.0000000000E+00
    4330   1.0000000000E+00
    4331   1.0000000000E+00
    4332   1.0000000000E+00
    4333   1.0000000000E+00
    4334   1.0000000000E+00
    4335   1.0000000000E+00
    4336   1.0000000000E+00
    4337   1.0000000000E+00
    4338   1.0000000000E+00
    4339   1.0000000000E+00
    4340   1.0000000000E+00
    4341   1.0000000000E+00
    4342   1.0000000000E+00
    4343   1.0000000000E+00
    4344   1.0000000000E+00
    4345   1.0000000000E+00
    4346   1.0000000000E+00
    4347   1.0000000000E+00
    4348   1.0000000000E+00
    4349   1.0000000000E+00
    4350   1.0000000000E+00
    4351   1.0000000000E+00
    4352   1.0000000000E+00
    4353   1.0000000000E+00
    4354   1.0000000000E+00
    4355   1.0000000000E+00
    4356   1.0000000000E+00
    4357   1.0000000000E+00
    4358   1.0000000000E+00
    4359   1.0000000000E+00
    4360   1.0000000000E+00
    4361   1.0000000000E+00
    4362   1.0000000000E+00
    4363   1.0000000000E+00
    4364   1.0000000000E+00
    4365   1.0000000000E+00
    4366   1.0000000000E+00
    4367   1.0000000000E+00
    4368   1.0000000000E+00
    4369   1.0000000000E+00
    4370   1.0000000000E+00
    4371   1.0000000000E+00
    4372   1.0000000000E+00
    4373   1.0000000000E+00
    4374   1.0000000000E+00
    4375   1.0000000000E+00
    4376   1.0000000000E+00
    4377   1.0000000000E+00
    4378   1.0000000000E+00
    4379   1.0000000000E+00
    4380   1.0000000000E+00
    4381   1.0000000000E+00
    4382   1.0000000000E+00
    4383   1.0000000000E+00
    4384   1.0000000000E+00
    4385   1.0000000000E+00
    4386   1.0000000000E+00
    4387   1.0000000000E+00
    4388   1.0000000000E+00
    4389   1.0000000000E+00
    4390   1.0000000000E+00
    4391   1.0000000000E+00
    4392   1.0000000000E+00
    4393   1.0000000000E+00
    4394   1.0000000000E+00
    4395   1.0000000000E+00
    4396   1.0000000000E+00
    4397   1.0000000000E+00
    4398   1.0000000000E+00
    4399   1.0000000000E+00
    4400   1.0000000000E+00
    4401   1.0000000000E+00
    4402   1.0000000000E+00
    4403   1.0000000000E+00
    4404   1.0000000000E+00
    4405   1.0000000000E+00
    4406   1.0000000000E+00
    4407   1.0000000000E+00
    4408   1.0000000000E+00
    4409   1.0000000000E+00
    4410   1.0000000000E+00
    4411   1.0000000000E+00
    4412   1.0000000000E+00
    4413   1.0000000000E+00
    4414   1.0000000000E+00
    4415   1.0000000000E+00
    4416   1.0000000000E+00
    4417   1.0000000000E+00
    4418   1.0000000000E+00
    4419   1.0000000000E+00
    4420   1.0000000000E+00
    4421   1.0000000000E+00
    4422   1.0000000000E+00
    4423   1.0000000000E+00
    4424   1.0000000000E+00
    4425   1.0000000000E+00
    4426   1.0000000000E+00
    4427   1.0000000000E+00
    4428   1.0000000000E+00
    4429   1.0000000000E+00
    4430   1.0000000000E+00
    4431   1.0000000000E+00
    4432   1.0000000000E+00
    4433   1.0000000000E+00
    4434   1.0000000000E+00
    4435   1.0000000000E+00
    4436   1.0000000000E+00
    4437   1.0000000000E+00
    4438   1.0000000000E+00
    4439   1.0000000000E+00
    4440   1.0000000000E+00
    4441   1.0000000000E+00
    4442   1.0000000000E+00
    4443   1.0000000000E+00
    4444   1.0000000000E+00
    4445   1.0000000000E+00
    4446   1.0000000000E+00
    4447   1.0000000000E+00
    4448   1.0000000000E+00
    4449   1.0000000000E+00
    4450   1.0000000000E+00
    4451   1.0000000000E+00
    4452   1.0000000000E+00
    4453   1.0000000000E+00
    4454   1.0000000000E+00
    4455   1.0000000000E+00
    4456   1.0000000000E+00
    4457   1.0000000000E+00
    4458   1.0000000000E+00
    4459   1.0000000000E+00
    4460   1.0000000000E+00
    4461   1.0000000000E+00
    4462   1.0000000000E+00
    4463   1.0000000000E+00
    4464   1.0000000000E+00
    4465   1.0000000000E+00
    4466   1.0000000000E+00
    4467   1.0000000000E+00
    4468   1.0000000000E+00
    4469   1.0000000000E+00
    4470   1.0000000000E+00
    4471   1.0000000000E+00
    4472   1.0000000000E+00
    4473   1.0000000000E+00
    4474   1.0000000000E+00
    4475   1.0000000000E+00
    4476   1.0000000000E+00
    4477   1.0000000000E+00
    4478   1.0000000000E+00
    4479   1.0000000000E+00
    4480   1.0000000000E+00
    4481   1.0000000000E+00
    4482   1.0000000000E+00
    4483   1.0000000000E+00
    4484   1.0000000000E+00
    4485   1.0000000000E+00
    4486   1.0000000000E+00
    4487   1.0000000000E+00
    4488   1.0000000000E+00
    4489   1.0000000000E+00
    4490   1.0000000000E+00
    4491   1.0000000000E+00
    4492   1.0000000000E+00
    4493   1.0000000000E+00
    4494   1.0000000000E+00
    4495   1.0000000000E+00
    4496   1.0000000000E+00
    4497   1.0000000000E+00
    4498   1.0000000000E+00
    4499   1.0000000000E+00
    4500   1.0000000000E+00
    4501   1.0000000000E+00
    4502   1.0000000000E+00
    4503   1.0000000000E+00
    4504   1.0000000000E+00
    4505   1.0000000000E+00
    4506   1.0000000000E+00
    4507   1.0000000000E+00
    4508   1.0000000000E+00
    4509   1.0000000000E+00
    4510   1.0000000000E+00
    4511   1.0000000000E+00
    4512   1.0000000000E+00
    4513   1.0000000000E+00
    4514   1.0000000000E+00
    4515   1.0000000000E+00
    4516   1.0000000000E+00
    4517   1.0000000000E+00
    4518   1.0000000000E+00
    4519   1.0000000000E+00
    4520   1.0000000000E+00
    4521   1.0000000000E+00
    4522   1.0000000000E+00
    4523   1.0000000000E+00
    4524   1.0000000000E+00
    4525   1.0000000000E+00
    4526   1.0000000000E+00
    4527   1.0000000000E+00
    4528   1.0000000000E+00
    4529   1.0000000000E+00
    4530   1.0000000000E+00
    4531   1.0000000000E+00
    4532   1.0000000000E+00
    4533   1.0000000000E+00
    4534   1.0000000000E+00
    4535   1.0000000000E+00
    4536   1.0000000000E+00
    4537   1.0000000000E+00
    4538   1.0000000000E+00
    4539   1.0000000000E+00
    4540   1.0000000000E+00
    4541   1.0000000000E+00
    4542   1.0000000000E+00
    4543   1.0000000000E+00
    4544   1.0000000000E+00
    4545   1.0000000000E+00
    4546   1.0000000000E+00
    4547   1.0000000000E+00
    4548   1.0000000000E+00
    4549   1.0000000000E+00
    4550   1.0000000000E+00
    4551   1.0000000000E+00
    4552   1.0000000000E+00
    4553   1.0000000000E+00
    4554   1.0000000000E+00
    4555   1.0000000000E+00
    4556   1.0000000000E+00
    4557   1.0000000000E+00
    4558   1.0000000000E+00
    4559   1.0000000000E+00
    4560   1.0000000000E+00
    4561   1.0000000000E+00
    4562   1.0000000000E+00
    4563   1.0000000000E+00
    4564   1.0000000000E+00
    4565   1.0000000000E+00
    4566   1.0000000000E+00
    4567   1.0000000000E+00
    4568   1.0000000000E+00
    4569   1.0000000000E+00
    4570   1.0000000000E+00
    4571   1.0000000000E+00
    4572   1.0000000000E+00
    4573   1.0000000000E+00
    4574   1.0000000000E+00
    4575   1.0000000000E+00
    4576   1.0000000000E+00
    4577   1.0000000000E+00
    4578   1.0000000000E+00
    4579   1.0000000000E+00
    4580   1.0000000000E+00
    4581   1.0000000000E+00
    4582   1.0000000000E+00
    4583   1.0000000000E+00
    4584   1.0000000000E+00
    4585   1.0000000000E+00
    4586   1.0000000000E+00
    4587   1.0000000000E+00
    4588   1.0000000000E+00
    4589   1.0000000000E+00
    4590   1.0000000000E+00
    4591   1.0000000000E+00
    4592   1.0000000000E+00
    4593   1.0000000000E+00
    4594   1.0000000000E+00
    4595   1.0000000000E+00
    4596   1.0000000000E+00
    4597   1.0000000000E+00
    4598   1.0000000000E+00
    4599   1.0000000000E+00
    4600   1.0000000000E+00
    4601   1.0000000000E+00
    4602   1.0000000000E+00
    4603   1.0000000000E+00
    4604   1.0000000000E+00
    4605   1.0000000000E+00
    4606   1.0000000000E+00
    4607   1.0000000000E+00
    4608   1.0000000000E+00
    4609   1.0000000000E+00
    4610   1.0000000000E+00
    4611   1.0000000000E+00
    4612   1.0000000000E+00
    4613   1.0000000000E+00
    4614   1.0000000000E+00
    4615   1.0000000000E+00
    4616   1.0000000000E+00
    4617   1.0000000000E+00
    4618   1.0000000000E+00
    4619   1.0000000000E+00
    4620   1.0000000000E+00
    4621   1.0000000000E+00
    4622   1.0000000000E+00
    4623   1.0000000000E+00
    4624   1.0000000000E+00
    4625   1.0000000000E+00
    4626   1.0000000000E+00
    4627   1.0000000000E+00
    4628   1.0000000000E+00
    4629   1.0000000000E+00
    4630   1.0000000000E+00
    4631   1.0000000000E+00
    4632   1.0000000000E+00
    4633   1.0000000000E+00
    4634   1.0000000000E+00
    4635   1.0000000000E+00
    4636   1.0000000000E+00
    4637   1.0000000000E+00
    4638   1.0000000000E+00
    4639   1.0000000000E+00
    4640   1.0000000000E+00
    4641   1.0000000000E+00
    4642   1.0000000000E+00
    4643   1.0000000000E+00
    4644   1.0000000000E+00
    4645   1.0000000000E+00
    4646   1.0000000000E+00
    4647   1.0000000000E+00
    4648   1.0000000000E+00
    4649   1.0000000000E+00
    4650   1.0000000000E+00
    4651   1.0000000000E+00
    4652   1.0000000000E+00
    4653   1.0000000000E+00
    4654   1.0000000000E+00
    4655   1.0000000000E+00
    4656   1.0000000000E+00
    4657   1.0000000000E+00
    4658   1.0000000000E+00
    4659   1.0000000000E+00
    4660   1.0000000000E+00
    4661   1.0000000000E+00
    4662   1.0000000000E+00
    4663   1.0000000000E+00
    4664   1.0000000000E+00
    4665   1.0000000000E+00
    4666   1.0000000000E+00
    4667   1.0000000000E+00
    4668   1.0000000000E+00
    4669   1.0000000000E+00
    4670   1.0000000000E+00
    4671   1.0000000000E+00
    4672   1.0000000000E+00
    4673   1.0000000000E+00
    4674   1.0000000000E+00
    4675   1.0000000000E+00
    4676   1.0000000000E+00
    4677   1.0000000000E+00
    4678   1.0000000000E+00
    4679   1.0000000000E+00
    4680   1.0000000000E+00
    4681   1.0000000000E+00
    4682   1.0000000000E+00
    4683   1.0000000000E+00
    4684   1.0000000000E+00
    4685   1.0000000000E+00
    4686   1.0000000000E+00
    4687   1.0000000000E+00
    4688   1.0000000000E+00
    4689   1.0000000000E+00
    4690   1.0000000000E+00
    4691   1.0000000000E+00
    4692   1.0000000000E+00
    4693   1.0000000000E+00
    4694   1.0000000000E+00
    4695   1.0000000000E+00
    4696   1.0000000000E+00
    4697   1.0000000000E+00
    4698   1.0000000000E+00
    4699   1.0000000000E+00
    4700   1.0000000000E+00
    4701   1.0000000000E+00
    4702   1.0000000000E+00
    4703   1.0000000000E+00
    4704   1.0000000000E+00
    4705   1.0000000000E+00
    4706   1.0000000000E+00
    4707   1.0000000000E+00
    4708   1.0000000000E+00
    4709   1.0000000000E+00
    4710   1.0000000000E+00
    4711   1.0000000000E+00
    4712   1.0000000000E+00
    4713   1.0000000000E+00
    4714   1.0000000000E+00
    4715   1.0000000000E+00
    4716   1.0000000000E+00
    4717   1.0000000000E+00
    4718   1.0000000000E+00
    4719   1.0000000000E+00
    4720   1.0000000000E+00
    4721   1.0000000000E+00
    4722   1.0000000000E+00
    4723   1.0000000000E+00
    4724   1.0000000000E+00
    4725   1.0000000000E+00
    4726   1.0000000000E+00
    4727   1.0000000000E+00
    4728   1.0000000000E+00
    4729   1.0000000000E+00
    4730   1.0000000000E+00
    4731   1.0000000000E+00
    4732   1.0000000000E+00
    4733   1.0000000000E+00
    4734   1.0000000000E+00
    4735   1.0000000000E+00
    4736   1.0000000000E+00
    4737   1.0000000000E+00
    4738   1.0000000000E+00
    4739   1.0000000000E+00
    4740   1.0000000000E+00
    4741   1.0000000000E+00
    4742   1.0000000000E+00
    4743   1.0000000000E+00
    4744   1.0000000000E+00
    4745   1.0000000000E+00
    4746   1.0000000000E+00
    4747   1.0000000000E+00
    4748   1.0000000000E+00
    4749   1.0000000000E+00
    4750   1.0000000000E+00
    4751   1.0000000000E+00
    4752   1.0000000000E+00
    4753   1.0000000000E+00
    4754   1.0000000000E+00
    4755   1.0000000000E+00
    4756   1.0000000000E+00
    4757   1.0000000000E+00
    4758   1.0000000000E+00
    4759   1.0000000000E+00
    4760   1.0000000000E+00
    4761   1.0000000000E+00
    4762   1.0000000000E+00
    4763   1.0000000000E+00
    4764   1.0000000000E+00
    4765   1.0000000000E+00
    4766   1.0000000000E+00
    4767   1.0000000000E+00
    4768   1.0000000000E+00
    4769   1.0000000000E+00
    4770   1.0000000000E+00
    4771   1.0000000000E+00
    4772   1.0000000000E+00
    4773   1.0000000000E+00
    4774   1.0000000000E+00
    4775   1.0000000000E+00
    4776   1.0000000000E+00
    4777   1.0000000000E+00
    4778   1.0000000000E+00
    4779   1.0000000000E+00
    4780   1.0000000000E+00
    4781   1.0000000000E+00
    4782   1.0000000000E+00
    4783   1.0000000000E+00
    4784   1.0000000000E+00
    4785   1.0000000000E+00
    4786   1.0000000000E+00
    4787   1.0000000000E+00
    4788   1.0000000000E+00
    4789   1.0000000000E+00
    4790   1.0000000000E+00
    4791   1.0000000000E+00
    4792   1.0000000000E+00
    4793   1.0000000000E+00
    4794   1.0000000000E+00
    4795   1.0000000000E+00
    4796   1.0000000000E+00
    4797   1.0000000000E+00
    4798   1.0000000000E+00
    4799   1.0000000000E+00
    4800   1.0000000000E+00
    4801   1.0000000000E+00
    4802   1.0000000000E+00
    4803   1.0000000000E+00
    4804   1.0000000000E+00
    4805   1.0000000000E+00
    4806   1.0000000000E+00
    4807   1.0000000000E+00
    4808   1.0000000000E+00
    4809   1.0000000000E+00
    4810   1.0000000000E+00
    4811   1.0000000000E+00
    4812   1.0000000000E+00
    4813   1.0000000000E+00
    4814   1.0000000000E+00
    4815   1.0000000000E+00
    4816   1.0000000000E+00
    4817   1.0000000000E+00
    4818   1.0000000000E+00
    4819   1.0000000000E+00
    4820   1.0000000000E+00
    4821   1.0000000000E+00
    4822   1.0000000000E+00
    4823   1.0000000000E+00
    4824   1.0000000000E+00
    4825   1.0000000000E+00
    4826   1.0000000000E+00
    4827   1.0000000000E+00
    4828   1.0000000000E+00
    4829   1.0000000000E+00
    4830   1.0000000000E+00
    4831   1.0000000000E+00
    4832   1.0000000000E+00
    4833   1.0000000000E+00
    4834   1.0000000000E+00
    4835   1.0000000000E+00
    4836   1.0000000000E+00
    4837   1.0000000000E+00
    4838   1.0000000000E+00
    4839   1.0000000000E+00
    4840   1.0000000000E+00
    4841   1.0000000000E+00
    4842   1.0000000000E+00
    4843   1.0000000000E+00
    4844   1.0000000000E+00
    4845   1.0000000000E+00
    4846   1.0000000000E+00
    4847   1.0000000000E+00
    4848   1.0000000000E+00
    4849   1.0000000000E+00
    4850   1.0000000000E+00
    4851   1.0000000000E+00
    4852   1.0000000000E+00
    4853   1.0000000000E+00
    4854   1.0000000000E+00
    4855   1.0000000000E+00
    4856   1.0000000000E+00
    4857   1.0000000000E+00
    4858   1.0000000000E+00
    4859   1.0000000000E+00
    4860   1.0000000000E+00
    4861   1.0000000000E+00
    4862   1.0000000000E+00
    4863   1.0000000000E+00
    4864   1.0000000000E+00
    4865   1.0000000000E+00
    4866   1.0000000000E+00
    4867   1.0000000000E+00
    4868   1.0000000000E+00
    4869   1.0000000000E+00
    4870   1.0000000000E+00
    4871   1.0000000000E+00
    4872   1.0000000000E+00
    4873   1.0000000000E+00
    4874   1.0000000000E+00
    4875   1.0000000000E+00
    4876   1.0000000000E+00
    4877   1.0000000000E+00
    4878   1.0000000000E+00
    4879   1.0000000000E+00
    4880   1.0000000000E+00
    4881   1.0000000000E+00
    4882   1.0000000000E+00
    4883   1.0000000000E+00
    4884   1.0000000000E+00
    4885   1.0000000000E+00
    4886   1.0000000000E+00
    4887   1.0000000000E+00
    4888   1.0000000000E+00
    4889   1.0000000000E+00
    4890   1.0000000000E+00
    4891   1.0000000000E+00
    4892   1.0000000000E+00
    4893   1.0000000000E+00
    4894   1.0000000000E+00
    4895   1.0000000000E+00
    4896   1.0000000000E+00
    4897   1.0000000000E+00
    4898   1.0000000000E+00
    4899   1.0000000000E+00
    4900   1.0000000000E+00
    4901   1.0000000000E+00
    4902   1.0000000000E+00
    4903   1.0000000000E+00
    4904   1.0000000000E+00
    4905   1.0000000000E+00
    4906   1.0000000000E+00
    4907   1.0000000000E+00
    4908   1.0000000000E+00
    4909   1.0000000000E+00
    4910   1.0000000000E+00
    4911   1.0000000000E+00
    4912   1.0000000000E+00
    4913   1.0000000000E+00
    4914   1.0000000000E+00
    4915   1.0000000000E+00
    4916   1.0000000000E+00
    4917   1.0000000000E+00
    4918   1.0000000000E+00
    4919   1.0000000000E+00
    4920   1.0000000000E+00
    4921   1.0000000000E+00
    4922   1.0000000000E+00
    4923   1.0000000000E+00
    4924   1.0000000000E+00
    4925   1.0000000000E+00
    4926   1.0000000000E+00
    4927   1.0000000000E+00
    4928   1.0000000000E+00
    4929   1.0000000000E+00
    4930   1.0000000000E+00
    4931   1.0000000000E+00
    4932   1.0000000000E+00
    4933   1.0000000000E+00
    4934   1.0000000000E+00
    4935   1.0000000000E+00
    4936   1.0000000000E+00
    4937   1.0000000000E+00
    4938   1.0000000000E+00
    4939   1.0000000000E+00
    4940   1.0000000000E+00
    4941   1.0000000000E+00
    4942   1.0000000000E+00
    4943   1.0000000000E+00
    4944   1.0000000000E+00
    4945   1.0000000000E+00
    4946   1.0000000000E+00
    4947   1.0000000000E+00
    4948   1.0000000000E+00
    4949   1.0000000000E+00
    4950   1.0000000000E+00
    4951   1.0000000000E+00
    4952   1.0000000000E+00
    4953   1.0000000000E+00
    4954   1.0000000000E+00
    4955   1.0000000000E+00
    4956   1.0000000000E+00
    4957   1.0000000000E+00
    4958   1.0000000000E+00
    4959   1.0000000000E+00
    4960   1.0000000000E+00
    4961   1.0000000000E+00
    4962   1.0000000000E+00
    4963   1.0000000000E+00
    4964   1.0000000000E+00
    4965   1.0000000000E+00
    4966   1.0000000000E+00
    4967   1.0000000000E+00
    4968   1.0000000000E+00
    4969   1.0000000000E+00
    4970   1.0000000000E+00
    4971   1.0000000000E+00
    4972   1.0000000000E+00
    4973   1.0000000000E+00
    4974   1.0000000000E+00
    4975   1.0000000000E+00
    4976   1.0000000000E+00
    4977   1.0000000000E+00
    4978   1.0000000000E+00
    4979   1.0000000000E+00
    4980   1.0000000000E+00
    4981   1.0000000000E+00
    4982   1.0000000000E+00
    4983   1.0000000000E+00
    4984   1.0000000000E+00
    4985   1.0000000000E+00
    4986   1.0000000000E+00
    4987   1.0000000000E+00
    4988   1.0000000000E+00
    4989   1.0000000000E+00
    4990   1.0000000000E+00
    4991   1.0000000000E+00
    4992   1.0000000000E+00
    4993   1.0000000000E+00
    4994   1.0000000000E+00
    4995   1.0000000000E+00
    4996   1.0000000000E+00
    4997   1.0000000000E+00
    4998   1.0000000000E+00
    4999   1.0000000000E+00
    5000   1.0000000000E+00
    5001   1.0000000000E+00
    5002   1.0000000000E+00
    5003   1.0000000000E+00
    5004   1.0000000000E+00
    5005   1.0000000000E+00
    5006   1.0000000000E+00
    5007   1.0000000000E+00
    5008   1.0000000000E+00
    5009   1.0000000000E+00
    5010   1.0000000000E+00
    5011   1.0000000000E+00
    5012   1.0000000000E+00
    5013   1.0000000000E+00
    5014   1.0000000000E+00
    5015   1.0000000000E+00
    5016   1.0000000000E+00
    5017   1.0000000000E+00
    5018   1.0000000000E+00
    5019   1.0000000000E+00
    5020   1.0000000000E+00
    5021   1.0000000000E+00
    5022   1.0000000000E+00
    5023   1.0000000000E+00
    5024   1.0000000000E+00
    5025   1.0000000000E+00
    5026   1.0000000000E+00
    5027   1.0000000000E+00
    5028   1.0000000000E+00
    5029   1.0000000000E+00
    5030   1.0000000000E+00
    5031   1.0000000000E+00
    5032   1.0000000000E+00
    5033   1.0000000000E+00
    5034   1.0000000000E+00
    5035   1.0000000000E+00
    5036   1.0000000000E+00
    5037   1.0000000000E+00
    5038   1.0000000000E+00
    5039   1.0000000000E+00
    5040   1.0000000000E+00
    5041   1.0000000000E+00
    5042   1.0000000000E+00
    5043   1.0000000000E+00
    5044   1.0000000000E+00
    5045   1.0000000000E+00
    5046   1.0000000000E+00
    5047   1.0000000000E+00
    5048   1.0000000000E+00
    5049   1.0000000000E+00
    5050   1.0000000000E+00
    5051   1.0000000000E+00
    5052   1.0000000000E+00
    5053   1.0000000000E+00
    5054   1.0000000000E+00
    5055   1.0000000000E+00
    5056   1.0000000000E+00
    5057   1.0000000000E+00
    5058   1.0000000000E+00
    5059   1.0000000000E+00
    5060   1.0000000000E+00
    5061   1.0000000000E+00
    5062   1.0000000000E+00
    5063   1.0000000000E+00
    5064   1.0000000000E+00
    5065   1.0000000000E+00
    5066   1.0000000000E+00
    5067   1.0000000000E+00
    5068   1.0000000000E+00
    5069   1.0000000000E+00
    5070   1.0000000000E+00
    5071   1.0000000000E+00
    5072   1.0000000000E+00
    5073   1.0000000000E+00
    5074   1.0000000000E+00
    5075   1.0000000000E+00
    5076   1.0000000000E+00
    5077   1.0000000000E+00
    5078   1.0000000000E+00
    5079   1.0000000000E+00
    5080   1.0000000000E+00
    5081   1.0000000000E+00
    5082   1.0000000000E+00
    5083   1.0000000000E+00
    5084   1.0000000000E+00
    5085   1.0000000000E+00
    5086   1.0000000000E+00
    5087   1.0000000000E+00
    5088   1.0000000000E+00
    5089   1.0000000000E+00
    5090   1.0000000000E+00
    5091   1.0000000000E+00
    5092   1.0000000000E+00
    5093   1.0000000000E+00
    5094   1.0000000000E+00
    5095   1.0000000000E+00
    5096   1.0000000000E+00
    5097   1.0000000000E+00
    5098   1.0000000000E+00
    5099   1.0000000000E+00
    5100   1.0000000000E+00
    5101   1.0000000000E+00
    5102   1.0000000000E+00
    5103   1.0000000000E+00
    5104   1.0000000000E+00
    5105   1.0000000000E+00
    5106   1.0000000000E+00
    5107   1.0000000000E+00
    5108   1.0000000000E+00
    5109   1.0000000000E+00
    5110   1.0000000000E+00
    5111   1.0000000000E+00
    5112   1.0000000000E+00
    5113   1.0000000000E+00
    5114   1.0000000000E+00
    5115   1.0000000000E+00
    5116   1.0000000000E+00
    5117   1.0000000000E+00
    5118   1.0000000000E+00
    5119   1.0000000000E+00
    5120   1.0000000000E+00
    5121   1.0000000000E+00
    5122   1.0000000000E+00
    5123   1.0000000000E+00
    5124   1.0000000000E+00
    5125   1.0000000000E+00
    5126   1.0000000000E+00
    5127   1.0000000000E+00
    5128   1.0000000000E+00
    5129   1.0000000000E+00
    5130   1.0000000000E+00
    5131   1.0000000000E+00
    5132   1.0000000000E+00
    5133   1.0000000000E+00
    5134   1.0000000000E+00
    5135   1.0000000000E+00
    5136   1.0000000000E+00
    5137   1.0000000000E+00
    5138   1.0000000000E+00
    5139   1.0000000000E+00
    5140   1.0000000000E+00
    5141   1.0000000000E+00
    5142   1.0000000000E+00
    5143   1.0000000000E+00
    5144   1.0000000000E+00
    5145   1.0000000000E+00
    5146   1.0000000000E+00
    5147   1.0000000000E+00
    5148   1.0000000000E+00
    5149   1.0000000000E+00
    5150   1.0000000000E+00
    5151   1.0000000000E+00
    5152   1.0000000000E+00
    5153   1.0000000000E+00
    5154   1.0000000000E+00
    5155   1.0000000000E+00
    5156   1.0000000000E+00
    5157   1.0000000000E+00
    5158   1.0000000000E+00
    5159   1.0000000000E+00
    5160   1.0000000000E+00
    5161   1.0000000000E+00
    5162   1.0000000000E+00
    5163   1.0000000000E+00
    5164   1.0000000000E+00
    5165   1.0000000000E+00
    5166   1.0000000000E+00
    5167   1.0000000000E+00
    5168   1.0000000000E+00
    5169   1.0000000000E+00
    5170   1.0000000000E+00
    5171   1.0000000000E+00
    5172   1.0000000000E+00
    5173   1.0000000000E+00
    5174   1.0000000000E+00
    5175   1.0000000000E+00
    5176   1.0000000000E+00
    5177   1.0000000000E+00
    5178   1.0000000000E+00
    5179   1.0000000000E+00
    5180   1.0000000000E+00
    5181   1.0000000000E+00
    5182   1.0000000000E+00
    5183   1.0000000000E+00
    5184   1.0000000000E+00
    5185   1.0000000000E+00
    5186   1.0000000000E+00
    5187   1.0000000000E+00
    5188   1.0000000000E+00
    5189   1.0000000000E+00
    5190   1.0000000000E+00
    5191   1.0000000000E+00
    5192   1.0000000000E+00
    5193   1.0000000000E+00
    5194   1.0000000000E+00
    5195   1.0000000000E+00
    5196   1.0000000000E+00
    5197   1.0000000000E+00
    5198   1.0000000000E+00
    5199   1.0000000000E+00
    5200   1.0000000000E+00
    5201   1.0000000000E+00
    5202   1.0000000000E+00
    5203   1.0000000000E+00
    5204   1.0000000000E+00
    5205   1.0000000000E+00
    5206   1.0000000000E+00
    5207   1.0000000000E+00
    5208   1.0000000000E+00
    5209   1.0000000000E+00
    5210   1.0000000000E+00
    5211   1.0000000000E+00
    5212   1.0000000000E+00
    5213   1.0000000000E+00
    5214   1.0000000000E+00
    5215   1.0000000000E+00
    5216   1.0000000000E+00
    5217   1.0000000000E+00
    5218   1.0000000000E+00
    5219   1.0000000000E+00
    5220   1.0000000000E+00
    5221   1.0000000000E+00
    5222   1.0000000000E+00
    5223   1.0000000000E+00
    5224   1.0000000000E+00
    5225   1.0000000000E+00
    5226   1.0000000000E+00
    5227   1.0000000000E+00
    5228   1.0000000000E+00
    5229   1.0000000000E+00
    5230   1.0000000000E+00
    5231   1.0000000000E+00
    5232   1.0000000000E+00
    5233   1.0000000000E+00
    5234   1.0000000000E+00
    5235   1.0000000000E+00
    5236   1.0000000000E+00
    5237   1.0000000000E+00
    5238   1.0000000000E+00
    5239   1.0000000000E+00
    5240   1.0000000000E+00
    5241   1.0000000000E+00
    5242   1.0000000000E+00
    5243   1.0000000000E+00
    5244   1.0000000000E+00
    5245   1.0000000000E+00
    5246   1.0000000000E+00
    5247   1.0000000000E+00
    5248   1.0000000000E+00
    5249   1.0000000000E+00
    5250   1.0000000000E+00
    5251   1.0000000000E+00
    5252   1.0000000000E+00
    5253   1.0000000000E+00
    5254   1.0000000000E+00
    5255   1.0000000000E+00
    5256   1.0000000000E+00
    5257   1.0000000000E+00
    5258   1.0000000000E+00
    5259   1.0000000000E+00
    5260   1.0000000000E+00
    5261   1.0000000000E+00
    5262   1.0000000000E+00
    5263   1.0000000000E+00
    5264   1.0000000000E+00
    5265   1.0000000000E+00
    5266   1.0000000000E+00
    5267   1.0000000000E+00
    5268   1.0000000000E+00
    5269   1.0000000000E+00
    5270   1.0000000000E+00
    5271   1.0000000000E+00
    5272   1.0000000000E+00
    5273   1.0000000000E+00
    5274   1.0000000000E+00
    5275   1.0000000000E+00
    5276   1.0000000000E+00
    5277   1.0000000000E+00
    5278   1.0000000000E+00
    5279   1.0000000000E+00
    5280   1.0000000000E+00
    5281   1.0000000000E+00
    5282   1.0000000000E+00
    5283   1.0000000000E+00
    5284   1.0000000000E+00
    5285   1.0000000000E+00
    5286   1.0000000000E+00
    5287   1.0000000000E+00
    5288   1.0000000000E+00
    5289   1.0000000000E+00
    5290   1.0000000000E+00
    5291   1.0000000000E+00
    5292   1.0000000000E+00
    5293   1.0000000000E+00
    5294   1.0000000000E+00
    5295   1.0000000000E+00
    5296   1.0000000000E+00
    5297   1.0000000000E+00
    5298   1.0000000000E+00
    5299   1.0000000000E+00
    5300   1.0000000000E+00
    5301   1.0000000000E+00
    5302   1.0000000000E+00
    5303   1.0000000000E+00
    5304   1.0000000000E+00
    5305   1.0000000000E+00
    5306   1.0000000000E+00
    5307   1.0000000000E+00
    5308   1.0000000000E+00
    5309   1.0000000000E+00
    5310   1.0000000000E+00
    5311   1.0000000000E+00
    5312   1.0000000000E+00
    5313   1.0000000000E+00
    5314   1.0000000000E+00
    5315   1.0000000000E+00
    5316   1.0000000000E+00
    5317   1.0000000000E+00
    5318   1.0000000000E+00
    5319   1.0000000000E+00
    5320   1.0000000000E+00
    5321   1.0000000000E+00
    5322   1.0000000000E+00
    5323   1.0000000000E+00
    5324   1.0000000000E+00
    5325   1.0000000000E+00
    5326   1.0000000000E+00
    5327   1.0000000000E+00
    5328   1.0000000000E+00
    5329   1.0000000000E+00
    5330   1.0000000000E+00
    5331   1.0000000000E+00
    5332   1.0000000000E+00
    5333   1.0000000000E+00
    5334   1.0000000000E+00
    5335   1.0000000000E+00
    5336   1.0000000000E+00
    5337   1.0000000000E+00
    5338   1.0000000000E+00
    5339   1.0000000000E+00
    5340   1.0000000000E+00
    5341   1.0000000000E+00
    5342   1.0000000000E+00
    5343   1.0000000000E+00
    5344   1.0000000000E+00
    5345   1.0000000000E+00
    5346   1.0000000000E+00
    5347   1.0000000000E+00
    5348   1.0000000000E+00
    5349   1.0000000000E+00
    5350   1.0000000000E+00
    5351   1.0000000000E+00
    5352   1.0000000000E+00
    5353   1.0000000000E+00
    5354   1.0000000000E+00
    5355   1.0000000000E+00
    5356   1.0000000000E+00
    5357   1.0000000000E+00
    5358   1.0000000000E+00
    5359   1.0000000000E+00
    5360   1.0000000000E+00
    5361   1.0000000000E+00
    5362   1.0000000000E+00
    5363   1.0000000000E+00
    5364   1.0000000000E+00
    5365   1.0000000000E+00
    5366   1.0000000000E+00
    5367   1.0000000000E+00
    5368   1.0000000000E+00
    5369   1.0000000000E+00
    5370   1.0000000000E+00
    5371   1.0000000000E+00
    5372   1.0000000000E+00
    5373   1.0000000000E+00
    5374   1.0000000000E+00
    5375   1.0000000000E+00
    5376   1.0000000000E+00
    5377   1.0000000000E+00
    5378   1.0000000000E+00
    5379   1.0000000000E+00
    5380   1.0000000000E+00
    5381   1.0000000000E+00
    5382   1.0000000000E+00
    5383   1.0000000000E+00
    5384   1.0000000000E+00
    5385   1.0000000000E+00
    5386   1.0000000000E+00
    5387   1.0000000000E+00
    5388   1.0000000000E+00
    5389   1.0000000000E+00
    5390   1.0000000000E+00
    5391   1.0000000000E+00
    5392   1.0000000000E+00
    5393   1.0000000000E+00
    5394   1.0000000000E+00
    5395   1.0000000000E+00
    5396   1.0000000000E+00
    5397   1.0000000000E+00
    5398   1.0000000000E+00
    5399   1.0000000000E+00
    5400   1.0000000000E+00
    5401   1.0000000000E+00
    5402   1.0000000000E+00
    5403   1.0000000000E+00
    5404   1.0000000000E+00
    5405   1.0000000000E+00
    5406   1.0000000000E+00
    5407   1.0000000000E+00
    5408   1.0000000000E+00
    5409   1.0000000000E+00
    5410   1.0000000000E+00
    5411   1.0000000000E+00
    5412   1.0000000000E+00
    5413   1.0000000000E+00
    5414   1.0000000000E+00
    5415   1.0000000000E+00
    5416   1.0000000000E+00
    5417   1.0000000000E+00
    5418   1.0000000000E+00
    5419   1.0000000000E+00
    5420   1.0000000000E+00
    5421   1.0000000000E+00
    5422   1.0000000000E+00
    5423   1.0000000000E+00
    5424   1.0000000000E+00
    5425   1.0000000000E+00
    5426   1.0000000000E+00
    5427   1.0000000000E+00
    5428   1.0000000000E+00
    5429   1.0000000000E+00
    5430   1.0000000000E+00
    5431   1.0000000000E+00
    5432   1.0000000000E+00
    5433   1.0000000000E+00
    5434   1.0000000000E+00
    5435   1.0000000000E+00
    5436   1.0000000000E+00
    5437   1.0000000000E+00
    5438   1.0000000000E+00
    5439   1.0000000000E+00
    5440   1.0000000000E+00
    5441   1.0000000000E+00
    5442   1.0000000000E+00
    5443   1.0000000000E+00
    5444   1.0000000000E+00
    5445   1.0000000000E+00
    5446   1.0000000000E+00
    5447   1.0000000000E+00
    5448   1.0000000000E+00
    5449   1.0000000000E+00
    5450   1.0000000000E+00
    5451   1.0000000000E+00
    5452   1.0000000000E+00
    5453   1.0000000000E+00
    5454   1.0000000000E+00
    5455   1.0000000000E+00
    5456   1.0000000000E+00
    5457   1.0000000000E+00
    5458   1.0000000000E+00
    5459   1.0000000000E+00
    5460   1.0000000000E+00
    5461   1.0000000000E+00
    5462   1.0000000000E+00
    5463   1.0000000000E+00
    5464   1.0000000000E+00
    5465   1.0000000000E+00
    5466   1.0000000000E+00
    5467   1.0000000000E+00
    5468   1.0000000000E+00
    5469   1.0000000000E+00
    5470   1.0000000000E+00
    5471   1.0000000000E+00
    5472   1.0000000000E+00
    5473   1.0000000000E+00
    5474   1.0000000000E+00
    5475   1.0000000000E+00
    5476   1.0000000000E+00
    5477   1.0000000000E+00
    5478   1.0000000000E+00
    5479   1.0000000000E+00
    5480   1.0000000000E+00
    5481   1.0000000000E+00
    5482   1.0000000000E+00
    5483   1.0000000000E+00
    5484   1.0000000000E+00
    5485   1.0000000000E+00
    5486   1.0000000000E+00
    5487   1.0000000000E+00
    5488   1.0000000000E+00
    5489   1.0000000000E+00
    5490   1.0000000000E+00
    5491   1.0000000000E+00
    5492   1.0000000000E+00
    5493   1.0000000000E+00
    5494   1.0000000000E+00
    5495   1.0000000000E+00
    5496   1.0000000000E+00
    5497   1.0000000000E+00
    5498   1.0000000000E+00
    5499   1.0000000000E+00
    5500   1.0000000000E+00
    5501   1.0000000000E+00
    5502   1.0000000000E+00
    5503   1.0000000000E+00
    5504   1.0000000000E+00
    5505   1.0000000000E+00
    5506   1.0000000000E+00
    5507   1.0000000000E+00
    5508   1.0000000000E+00
    5509   1.0000000000E+00
    5510   1.0000000000E+00
    5511   1.0000000000E+00
    5512   1.0000000000E+00
    5513   1.0000000000E+00
    5514   1.0000000000E+00
    5515   1.0000000000E+00
    5516   1.0000000000E+00
    5517   1.0000000000E+00
    5518   1.0000000000E+00
    5519   1.0000000000E+00
    5520   1.0000000000E+00
    5521   1.0000000000E+00
    5522   1.0000000000E+00
    5523   1.0000000000E+00
    5524   1.0000000000E+00
    5525   1.0000000000E+00
    5526   1.0000000000E+00
    5527   1.0000000000E+00
    5528   1.0000000000E+00
    5529   1.0000000000E+00
    5530   1.0000000000E+00
    5531   1.0000000000E+00
    5532   1.0000000000E+00
    5533   1.0000000000E+00
    5534   1.0000000000E+00
    5535   1.0000000000E+00
    5536   1.0000000000E+00
    5537   1.0000000000E+00
    5538   1.0000000000E+00
    5539   1.0000000000E+00
    5540   1.0000000000E+00
    5541   1.0000000000E+00
    5542   1.0000000000E+00
    5543   1.0000000000E+00
    5544   1.0000000000E+00
    5545   1.0000000000E+00
    5546   1.0000000000E+00
    5547   1.0000000000E+00
    5548   1.0000000000E+00
    5549   1.0000000000E+00
    5550   1.0000000000E+00
    5551   1.0000000000E+00
    5552   1.0000000000E+00
    5553   1.0000000000E+00
    5554   1.0000000000E+00
    5555   1.0000000000E+00
    5556   1.0000000000E+00
    5557   1.0000000000E+00
    5558   1.0000000000E+00
    5559   1.0000000000E+00
    5560   1.0000000000E+00
    5561   1.0000000000E+00
    5562   1.0000000000E+00
    5563   1.0000000000E+00
    5564   1.0000000000E+00
    5565   1.0000000000E+00
    5566   1.0000000000E+00
    5567   1.0000000000E+00
    5568   1.0000000000E+00
    5569   1.0000000000E+00
    5570   1.0000000000E+00
    5571   1.0000000000E+00
    5572   1.0000000000E+00
    5573   1.0000000000E+00
    5574   1.0000000000E+00
    5575   1.0000000000E+00
    5576   1.0000000000E+00
    5577   1.0000000000E+00
    5578   1.0000000000E+00
    5579   1.0000000000E+00
    5580   1.0000000000E+00
    5581   1.0000000000E+00
    5582   1.0000000000E+00
    5583   1.0000000000E+00
    5584   1.0000000000E+00
    5585   1.0000000000E+00
    5586   1.0000000000E+00
    5587   1.0000000000E+00
    5588   1.0000000000E+00
    5589   1.0000000000E+00
    5590   1.0000000000E+00
    5591   1.0000000000E+00
    5592   1.0000000000E+00
    5593   1.0000000000E+00
    5594   1.0000000000E+00
    5595   1.0000000000E+00
    5596   1.0000000000E+00
    5597   1.0000000000E+00
    5598   1.0000000000E+00
    5599   1.0000000000E+00
    5600   1.0000000000E+00
    5601   1.0000000000E+00
    5602   1.0000000000E+00
    5603   1.0000000000E+00
    5604   1.0000000000E+00
    5605   1.0000000000E+00
    5606   1.0000000000E+00
    5607   1.0000000000E+00
    5608   1.0000000000E+00
    5609   1.0000000000E+00
    5610   1.0000000000E+00
    5611   1.0000000000E+00
    5612   1.0000000000E+00
    5613   1.0000000000E+00
    5614   1.0000000000E+00
    5615   1.0000000000E+00
    5616   1.0000000000E+00
    5617   1.0000000000E+00
    5618   1.0000000000E+00
    5619   1.0000000000E+00
    5620   1.0000000000E+00
    5621   1.0000000000E+00
    5622   1.0000000000E+00
    5623   1.0000000000E+00
    5624   1.0000000000E+00
    5625   1.0000000000E+00
    5626   1.0000000000E+00
    5627   1.0000000000E+00
    5628   1.0000000000E+00
    5629   1.0000000000E+00
    5630   1.0000000000E+00
    5631   1.0000000000E+00
    5632   1.0000000000E+00
    5633   1.0000000000E+00
    5634   1.0000000000E+00
    5635   1.0000000000E+00
    5636   1.0000000000E+00
    5637   1.0000000000E+00
    5638   1.0000000000E+00
    5639   1.0000000000E+00
    5640   1.0000000000E+00
    5641   1.0000000000E+00
    5642   1.0000000000E+00
    5643   1.0000000000E+00
    5644   1.0000000000E+00
    5645   1.0000000000E+00
    5646   1.0000000000E+00
    5647   1.0000000000E+00
    5648   1.0000000000E+00
    5649   1.0000000000E+00
    5650   1.0000000000E+00
    5651   1.0000000000E+00
    5652   1.0000000000E+00
    5653   1.0000000000E+00
    5654   1.0000000000E+00
    5655   1.0000000000E+00
    5656   1.0000000000E+00
    5657   1.0000000000E+00
    5658   1.0000000000E+00
    5659   1.0000000000E+00
    5660   1.0000000000E+00
    5661   1.0000000000E+00
    5662   1.0000000000E+00
    5663   1.0000000000E+00
    5664   1.0000000000E+00
    5665   1.0000000000E+00
    5666   1.0000000000E+00
    5667   1.0000000000E+00
    5668   1.0000000000E+00
    5669   1.0000000000E+00
    5670   1.0000000000E+00
    5671   1.0000000000E+00
    5672   1.0000000000E+00
    5673   1.0000000000E+00
    5674   1.0000000000E+00
    5675   1.0000000000E+00
    5676   1.0000000000E+00
    5677   1.0000000000E+00
    5678   1.0000000000E+00
    5679   1.0000000000E+00
    5680   1.0000000000E+00
    5681   1.0000000000E+00
    5682   1.0000000000E+00
    5683   1.0000000000E+00
    5684   1.0000000000E+00
    5685   1.0000000000E+00
    5686   1.0000000000E+00
    5687   1.0000000000E+00
    5688   1.0000000000E+00
    5689   1.0000000000E+00
    5690   1.0000000000E+00
    5691   1.0000000000E+00
    5692   1.0000000000E+00
    5693   1.0000000000E+00
    5694   1.0000000000E+00
    5695   1.0000000000E+00
    5696   1.0000000000E+00
    5697   1.0000000000E+00
    5698   1.0000000000E+00
    5699   1.0000000000E+00
    5700   1.0000000000E+00
    5701   1.0000000000E+00
    5702   1.0000000000E+00
    5703   1.0000000000E+00
    5704   1.0000000000E+00
    5705   1.0000000000E+00
    5706   1.0000000000E+00
    5707   1.0000000000E+00
    5708   1.0000000000E+00
    5709   1.0000000000E+00
    5710   1.0000000000E+00
    5711   1.0000000000E+00
    5712   1.0000000000E+00
    5713   1.0000000000E+00
    5714   1.0000000000E+00
    5715   1.0000000000E+00
    5716   1.0000000000E+00
    5717   1.0000000000E+00
    5718   1.0000000000E+00
    5719   1.0000000000E+00
    5720   1.0000000000E+00
    5721   1.0000000000E+00
    5722   1.0000000000E+00
    5723   1.0000000000E+00
    5724   1.0000000000E+00
    5725   1.0000000000E+00
    5726   1.0000000000E+00
    5727   1.0000000000E+00
    5728   1.0000000000E+00
    5729   1.0000000000E+00
    5730   1.0000000000E+00
    5731   1.0000000000E+00
    5732   1.0000000000E+00
    5733   1.0000000000E+00
    5734   1.0000000000E+00
    5735   1.0000000000E+00
    5736   1.0000000000E+00
    5737   1.0000000000E+00
    5738   1.0000000000E+00
    5739   1.0000000000E+00
    5740   1.0000000000E+00
    5741   1.0000000000E+00
    5742   1.0000000000E+00
    5743   1.0000000000E+00
    5744   1.0000000000E+00
    5745   1.0000000000E+00
    5746   1.0000000000E+00
    5747   1.0000000000E+00
    5748   1.0000000000E+00
    5749   1.0000000000E+00
    5750   1.0000000000E+00
    5751   1.0000000000E+00
    5752   1.0000000000E+00
    5753   1.0000000000E+00
    5754   1.0000000000E+00
    5755   1.0000000000E+00
    5756   1.0000000000E+00
    5757   1.0000000000E+00
    5758   1.0000000000E+00
    5759   1.0000000000E+00
    5760   1.0000000000E+00
    5761   1.0000000000E+00
    5762   1.0000000000E+00
    5763   1.0000000000E+00
    5764   1.0000000000E+00
    5765   1.0000000000E+00
    5766   1.0000000000E+00
    5767   1.0000000000E+00
    5768   1.0000000000E+00
    5769   1.0000000000E+00
    5770   1.0000000000E+00
    5771   1.0000000000E+00
    5772   1.0000000000E+00
    5773   1.0000000000E+00
    5774   1.0000000000E+00
    5775   1.0000000000E+00
    5776   1.0000000000E+00
    5777   1.0000000000E+00
    5778   1.0000000000E+00
    5779   1.0000000000E+00
    5780   1.0000000000E+00
    5781   1.0000000000E+00
    5782   1.0000000000E+00
    5783   1.0000000000E+00
    5784   1.0000000000E+00
    5785   1.0000000000E+00
    5786   1.0000000000E+00
    5787   1.0000000000E+00
    5788   1.0000000000E+00
    5789   1.0000000000E+00
    5790   1.0000000000E+00
    5791   1.0000000000E+00
    5792   1.0000000000E+00
    5793   1.0000000000E+00
    5794   1.0000000000E+00
    5795   1.0000000000E+00
    5796   1.0000000000E+00
    5797   1.0000000000E+00
    5798   1.0000000000E+00
    5799   1.0000000000E+00
    5800   1.0000000000E+00
    5801   1.0000000000E+00
    5802   1.0000000000E+00
    5803   1.0000000000E+00
    5804   1.0000000000E+00
    5805   1.0000000000E+00
    5806   1.0000000000E+00
    5807   1.0000000000E+00
    5808   1.0000000000E+00
    5809   1.0000000000E+00
    5810   1.0000000000E+00
    5811   1.0000000000E+00
    5812   1.0000000000E+00
    5813   1.0000000000E+00
    5814   1.0000000000E+00
    5815   1.0000000000E+00
    5816   1.0000000000E+00
    5817   1.0000000000E+00
    5818   1.0000000000E+00
    5819   1.0000000000E+00
    5820   1.0000000000E+00
    5821   1.0000000000E+00
    5822   1.0000000000E+00
    5823   1.0000000000E+00
    5824   1.0000000000E+00
    5825   1.0000000000E+00
    5826   1.0000000000E+00
    5827   1.0000000000E+00
    5828   1.0000000000E+00
    5829   1.0000000000E+00
    5830   1.0000000000E+00
    5831   1.0000000000E+00
    5832   1.0000000000E+00
    5833   1.0000000000E+00
    5834   1.0000000000E+00
    5835   1.0000000000E+00
    5836   1.0000000000E+00
    5837   1.0000000000E+00
    5838   1.0000000000E+00
    5839   1.0000000000E+00
    5840   1.0000000000E+00
    5841   1.0000000000E+00
    5842   1.0000000000E+00
    5843   1.0000000000E+00
    5844   1.0000000000E+00
    5845   1.0000000000E+00
    5846   1.0000000000E+00
    5847   1.0000000000E+00
    5848   1.0000000000E+00
    5849   1.0000000000E+00
    5850   1.0000000000E+00
    5851   1.0000000000E+00
    5852   1.0000000000E+00
    5853   1.0000000000E+00
    5854   1.0000000000E+00
    5855   1.0000000000E+00
    5856   1.0000000000E+00
    5857   1.0000000000E+00
    5858   1.0000000000E+00
    5859   1.0000000000E+00
    5860   1.0000000000E+00
    5861   1.0000000000E+00
    5862   1.0000000000E+00
    5863   1.0000000000E+00
    5864   1.0000000000E+00
    5865   1.0000000000E+00
    5866   1.0000000000E+00
    5867   1.0000000000E+00
    5868   1.0000000000E+00
    5869   1.0000000000E+00
    5870   1.0000000000E+00
    5871   1.0000000000E+00
    5872   1.0000000000E+00
    5873   1.0000000000E+00
    5874   1.0000000000E+00
    5875   1.0000000000E+00
    5876   1.0000000000E+00
    5877   1.0000000000E+00
    5878   1.0000000000E+00
    5879   1.0000000000E+00
    5880   1.0000000000E+00
    5881   1.0000000000E+00
    5882   1.0000000000E+00
    5883   1.0000000000E+00
    5884   1.0000000000E+00
    5885   1.0000000000E+00
    5886   1.0000000000E+00
    5887   1.0000000000E+00
    5888   1.0000000000E+00
    5889   1.0000000000E+00
    5890   1.0000000000E+00
    5891   1.0000000000E+00
    5892   1.0000000000E+00
    5893   1.0000000000E+00
    5894   1.0000000000E+00
    5895   1.0000000000E+00
    5896   1.0000000000E+00
    5897   1.0000000000E+00
    5898   1.0000000000E+00
    5899   1.0000000000E+00
    5900   1.0000000000E+00
    5901   1.0000000000E+00
    5902   1.0000000000E+00
    5903   1.0000000000E+00
    5904   1.0000000000E+00
    5905   1.0000000000E+00
    5906   1.0000000000E+00
    5907   1.0000000000E+00
    5908   1.0000000000E+00
    5909   1.0000000000E+00
    5910   1.0000000000E+00
    5911   1.0000000000E+00
    5912   1.0000000000E+00
    5913   1.0000000000E+00
    5914   1.0000000000E+00
    5915   1.0000000000E+00
    5916   1.0000000000E+00
    5917   1.0000000000E+00
    5918   1.0000000000E+00
    5919   1.0000000000E+00
    5920   1.0000000000E+00
    5921   1.0000000000E+00
    5922   1.0000000000E+00
    5923   1.0000000000E+00
    5924   1.0000000000E+00
    5925   1.0000000000E+00
    5926   1.0000000000E+00
    5927   1.0000000000E+00
    5928   1.0000000000E+00
    5929   1.0000000000E+00
    5930   1.0000000000E+00
    5931   1.0000000000E+00
    5932   1.0000000000E+00
    5933   1.0000000000E+00
    5934   1.0000000000E+00
    5935   1.0000000000E+00
    5936   1.0000000000E+00
    5937   1.0000000000E+00
    5938   1.0000000000E+00
    5939   1.0000000000E+00
    5940   1.0000000000E+00
    5941   1.0000000000E+00
    5942   1.0000000000E+00
    5943   1.0000000000E+00
    5944   1.0000000000E+00
    5945   1.0000000000E+00
    5946   1.0000000000E+00
    5947   1.0000000000E+00
    5948   1.0000000000E+00
    5949   1.0000000000E+00
    5950   1.0000000000E+00
    5951   1.0000000000E+00
    5952   1.0000000000E+00
    5953   1.0000000000E+00
    5954   1.0000000000E+00
    5955   1.0000000000E+00
    5956   1.0000000000E+00
    5957   1.0000000000E+00
    5958   1.0000000000E+00
    5959   1.0000000000E+00
    5960   1.0000000000E+00
    5961   1.0000000000E+00
    5962   1.0000000000E+00
    5963   1.0000000000E+00
    5964   1.0000000000E+00
    5965   1.0000000000E+00
    5966   1.0000000000E+00
    5967   1.0000000000E+00
    5968   1.0000000000E+00
    5969   1.0000000000E+00
    5970   1.0000000000E+00
    5971   1.0000000000E+00
    5972   1.0000000000E+00
    5973   1.0000000000E+00
    5974   1.0000000000E+00
    5975   1.0000000000E+00
    5976   1.0000000000E+00
    5977   1.0000000000E+00
    5978   1.0000000000E+00
    5979   1.0000000000E+00
    5980   1.0000000000E+00
    5981   1.0000000000E+00
    5982   1.0000000000E+00
    5983   1.0000000000E+00
    5984   1.0000000000E+00
    5985   1.0000000000E+00
    5986   1.0000000000E+00
    5987   1.0000000000E+00
    5988   1.0000000000E+00
    5989   1.0000000000E+00
    5990   1.0000000000E+00
    5991   1.0000000000E+00
    5992   1.0000000000E+00
    5993   1.0000000000E+00
    5994   1.0000000000E+00
    5995   1.0000000000E+00
    5996   1.0000000000E+00
    5997   1.0000000000E+00
    5998   1.0000000000E+00
    5999   1.0000000000E+00
    6000   1.0000000000E+00
    6001   1.0000000000E+00
    6002   1.0000000000E+00
    6003   1.0000000000E+00
    6004   1.0000000000E+00
    6005   1.0000000000E+00
    6006   1.0000000000E+00
    6007   1.0000000000E+00
    6008   1.0000000000E+00
    6009   1.0000000000E+00
    6010   1.0000000000E+00
    6011   1.0000000000E+00
    6012   1.0000000000E+00
    6013   1.0000000000E+00
    6014   1.0000000000E+00
    6015   1.0000000000E+00
    6016   1.0000000000E+00
    6017   1.0000000000E+00
    6018   1.0000000000E+00
    6019   1.0000000000E+00
    6020   1.0000000000E+00
    6021   1.0000000000E+00
    6022   1.0000000000E+00
    6023   1.0000000000E+00
    6024   1.0000000000E+00
    6025   1.0000000000E+00
    6026   1.0000000000E+00
    6027   1.0000000000E+00
    6028   1.0000000000E+00
    6029   1.0000000000E+00
    6030   1.0000000000E+00
    6031   1.0000000000E+00
    6032   1.0000000000E+00
    6033   1.0000000000E+00
    6034   1.0000000000E+00
    6035   1.0000000000E+00
    6036   1.0000000000E+00
    6037   1.0000000000E+00
    6038   1.0000000000E+00
    6039   1.0000000000E+00
    6040   1.0000000000E+00
    6041   1.0000000000E+00
    6042   1.0000000000E+00
    6043   1.0000000000E+00
    6044   1.0000000000E+00
    6045   1.0000000000E+00
    6046   1.0000000000E+00
    6047   1.0000000000E+00
    6048   1.0000000000E+00
    6049   1.0000000000E+00
    6050   1.0000000000E+00
    6051   1.0000000000E+00
    6052   1.0000000000E+00
    6053   1.0000000000E+00
    6054   1.0000000000E+00
    6055   1.0000000000E+00
    6056   1.0000000000E+00
    6057   1.0000000000E+00
    6058   1.0000000000E+00
    6059   1.0000000000E+00
    6060   1.0000000000E+00
    6061   1.0000000000E+00
    6062   1.0000000000E+00
    6063   1.0000000000E+00
    6064   1.0000000000E+00
    6065   1.0000000000E+00
    6066   1.0000000000E+00
    6067   1.0000000000E+00
    6068   1.0000000000E+00
    6069   1.0000000000E+00
    6070   1.0000000000E+00
    6071   1.0000000000E+00
    6072   1.0000000000E+00
    6073   1.0000000000E+00
    6074   1.0000000000E+00
    6075   1.0000000000E+00
    6076   1.0000000000E+00
    6077   1.0000000000E+00
    6078   1.0000000000E+00
    6079   1.0000000000E+00
    6080   1.0000000000E+00
    6081   1.0000000000E+00
    6082   1.0000000000E+00
    6083   1.0000000000E+00
    6084   1.0000000000E+00
    6085   1.0000000000E+00
    6086   1.0000000000E+00
    6087   1.0000000000E+00
    6088   1.0000000000E+00
    6089   1.0000000000E+00
    6090   1.0000000000E+00
    6091   1.0000000000E+00
    6092   1.0000000000E+00
    6093   1.0000000000E+00
    6094   1.0000000000E+00
    6095   1.0000000000E+00
    6096   1.0000000000E+00
    6097   1.0000000000E+00
    6098   1.0000000000E+00
    6099   1.0000000000E+00
    6100   1.0000000000E+00
    6101   1.0000000000E+00
    6102   1.0000000000E+00
    6103   1.0000000000E+00
    6104   1.0000000000E+00
    6105   1.0000000000E+00
    6106   1.0000000000E+00
    6107   1.0000000000E+00
    6108   1.0000000000E+00
    6109   1.0000000000E+00
    6110   1.0000000000E+00
    6111   1.0000000000E+00
    6112   1.0000000000E+00
    6113   1.0000000000E+00
    6114   1.0000000000E+00
    6115   1.0000000000E+00
    6116   1.0000000000E+00
    6117   1.0000000000E+00
    6118   1.0000000000E+00
    6119   1.0000000000E+00
    6120   1.0000000000E+00
    6121   1.0000000000E+00
    6122   1.0000000000E+00
    6123   1.0000000000E+00
    6124   1.0000000000E+00
    6125   1.0000000000E+00
    6126   1.0000000000E+00
    6127   1.0000000000E+00
    6128   1.0000000000E+00
    6129   1.0000000000E+00
    6130   1.0000000000E+00
    6131   1.0000000000E+00
    6132   1.0000000000E+00
    6133   1.0000000000E+00
    6134   1.0000000000E+00
    6135   1.0000000000E+00
    6136   1.0000000000E+00
    6137   1.0000000000E+00
    6138   1.0000000000E+00
    6139   1.0000000000E+00
    6140   1.0000000000E+00
    6141   1.0000000000E+00
    6142   1.0000000000E+00
    6143   1.0000000000E+00
    6144   1.0000000000E+00
    6145   1.0000000000E+00
    6146   1.0000000000E+00
    6147   1.0000000000E+00
    6148   1.0000000000E+00
    6149   1.0000000000E+00
    6150   1.0000000000E+00
    6151   1.0000000000E+00
    6152   1.0000000000E+00
    6153   1.0000000000E+00
    6154   1.0000000000E+00
    6155   1.0000000000E+00
    6156   1.0000000000E+00
    6157   1.0000000000E+00
    6158   1.0000000000E+00
    6159   1.0000000000E+00
    6160   1.0000000000E+00
    6161   1.0000000000E+00
    6162   1.0000000000E+00
    6163   1.0000000000E+00
    6164   1.0000000000E+00
    6165   1.0000000000E+00
    6166   1.0000000000E+00
    6167   1.0000000000E+00
    6168   1.0000000000E+00
    6169   1.0000000000E+00
    6170   1.0000000000E+00
    6171   1.0000000000E+00
    6172   1.0000000000E+00
    6173   1.0000000000E+00
    6174   1.0000000000E+00
    6175   1.0000000000E+00
    6176   1.0000000000E+00
    6177   1.0000000000E+00
    6178   1.0000000000E+00
    6179   1.0000000000E+00
    6180   1.0000000000E+00
    6181   1.0000000000E+00
    6182   1.0000000000E+00
    6183   1.0000000000E+00
    6184   1.0000000000E+00
    6185   1.0000000000E+00
    6186   1.0000000000E+00
    6187   1.0000000000E+00
    6188   1.0000000000E+00
    6189   1.0000000000E+00
    6190   1.0000000000E+00
    6191   1.0000000000E+00
    6192   1.0000000000E+00
    6193   1.0000000000E+00
    6194   1.0000000000E+00
    6195   1.0000000000E+00
    6196   1.0000000000E+00
    6197   1.0000000000E+00
    6198   1.0000000000E+00
    6199   1.0000000000E+00
    6200   1.0000000000E+00
    6201   1.0000000000E+00
    6202   1.0000000000E+00
    6203   1.0000000000E+00
    6204   1.0000000000E+00
    6205   1.0000000000E+00
    6206   1.0000000000E+00
    6207   1.0000000000E+00
    6208   1.0000000000E+00
    6209   1.0000000000E+00
    6210   1.0000000000E+00
    6211   1.0000000000E+00
    6212   1.0000000000E+00
    6213   1.0000000000E+00
    6214   1.0000000000E+00
    6215   1.0000000000E+00
    6216   1.0000000000E+00
    6217   1.0000000000E+00
    6218   1.0000000000E+00
    6219   1.0000000000E+00
    6220   1.0000000000E+00
    6221   1.0000000000E+00
    6222   1.0000000000E+00
    6223   1.0000000000E+00
    6224   1.0000000000E+00
    6225   1.0000000000E+00
    6226   1.0000000000E+00
    6227   1.0000000000E+00
    6228   1.0000000000E+00
    6229   1.0000000000E+00
    6230   1.0000000000E+00
    6231   1.0000000000E+00
    6232   1.0000000000E+00
    6233   1.0000000000E+00
    6234   1.0000000000E+00
    6235   1.0000000000E+00
    6236   1.0000000000E+00
    6237   1.0000000000E+00
    6238   1.0000000000E+00
    6239   1.0000000000E+00
    6240   1.0000000000E+00
    6241   1.0000000000E+00
    6242   1.0000000000E+00
    6243   1.0000000000E+00
    6244   1.0000000000E+00
    6245   1.0000000000E+00
    6246   1.0000000000E+00
    6247   1.0000000000E+00
    6248   1.0000000000E+00
    6249   1.0000000000E+00
    6250   1.0000000000E+00
    6251   1.0000000000E+00
    6252   1.0000000000E+00
    6253   1.0000000000E+00
    6254   1.0000000000E+00
    6255   1.0000000000E+00
    6256   1.0000000000E+00
    6257   1.0000000000E+00
    6258   1.0000000000E+00
    6259   1.0000000000E+00
    6260   1.0000000000E+00
    6261   1.0000000000E+00
    6262   1.0000000000E+00
    6263   1.0000000000E+00
    6264   1.0000000000E+00
    6265   1.0000000000E+00
    6266   1.0000000000E+00
    6267   1.0000000000E+00
    6268   1.0000000000E+00
    6269   1.0000000000E+00
    6270   1.0000000000E+00
    6271   1.0000000000E+00
    6272   1.0000000000E+00
    6273   1.0000000000E+00
    6274   1.0000000000E+00
    6275   1.0000000000E+00
    6276   1.0000000000E+00
    6277   1.0000000000E+00
    6278   1.0000000000E+00
    6279   1.0000000000E+00
    6280   1.0000000000E+00
    6281   1.0000000000E+00
    6282   1.0000000000E+00
    6283   1.0000000000E+00
    6284   1.0000000000E+00
    6285   1.0000000000E+00
    6286   1.0000000000E+00
    6287   1.0000000000E+00
    6288   1.0000000000E+00
    6289   1.0000000000E+00
    6290   1.0000000000E+00
    6291   1.0000000000E+00
    6292   1.0000000000E+00
    6293   1.0000000000E+00
    6294   1.0000000000E+00
    6295   1.0000000000E+00
    6296   1.0000000000E+00
    6297   1.0000000000E+00
    6298   1.0000000000E+00
    6299   1.0000000000E+00
    6300   1.0000000000E+00
    6301   1.0000000000E+00
    6302   1.0000000000E+00
    6303   1.0000000000E+00
    6304   1.0000000000E+00
    6305   1.0000000000E+00
    6306   1.0000000000E+00
    6307   1.0000000000E+00
    6308   1.0000000000E+00
    6309   1.0000000000E+00
    6310   1.0000000000E+00
    6311   1.0000000000E+00
    6312   1.0000000000E+00
    6313   1.0000000000E+00
    6314   1.0000000000E+00
    6315   1.0000000000E+00
    6316   1.0000000000E+00
    6317   1.0000000000E+00
    6318   1.0000000000E+00
    6319   1.0000000000E+00
    6320   1.0000000000E+00
    6321   1.0000000000E+00
    6322   1.0000000000E+00
    6323   1.0000000000E+00
    6324   1.0000000000E+00
    6325   1.0000000000E+00
    6326   1.0000000000E+00
    6327   1.0000000000E+00
    6328   1.0000000000E+00
    6329   1.0000000000E+00
    6330   1.0000000000E+00
    6331   1.0000000000E+00
    6332   1.0000000000E+00
    6333   1.0000000000E+00
    6334   1.0000000000E+00
    6335   1.0000000000E+00
    6336   1.0000000000E+00
    6337   1.0000000000E+00
    6338   1.0000000000E+00
    6339   1.0000000000E+00
    6340   1.0000000000E+00
    6341   1.0000000000E+00
    6342   1.0000000000E+00
    6343   1.0000000000E+00
    6344   1.0000000000E+00
    6345   1.0000000000E+00
    6346   1.0000000000E+00
    6347   1.0000000000E+00
    6348   1.0000000000E+00
    6349   1.0000000000E+00
    6350   1.0000000000E+00
    6351   1.0000000000E+00
    6352   1.0000000000E+00
    6353   1.0000000000E+00
    6354   1.0000000000E+00
    6355   1.0000000000E+00
    6356   1.0000000000E+00
    6357   1.0000000000E+00
    6358   1.0000000000E+00
    6359   1.0000000000E+00
    6360   1.0000000000E+00
    6361   1.0000000000E+00
    6362   1.0000000000E+00
    6363   1.0000000000E+00
    6364   1.0000000000E+00
    6365   1.0000000000E+00
    6366   1.0000000000E+00
    6367   1.0000000000E+00
    6368   1.0000000000E+00
    6369   1.0000000000E+00
    6370   1.0000000000E+00
    6371   1.0000000000E+00
    6372   1.0000000000E+00
    6373   1.0000000000E+00
    6374   1.0000000000E+00
    6375   1.0000000000E+00
    6376   1.0000000000E+00
    6377   1.0000000000E+00
    6378   1.0000000000E+00
    6379   1.0000000000E+00
    6380   1.0000000000E+00
    6381   1.0000000000E+00
    6382   1.0000000000E+00
    6383   1.0000000000E+00
    6384   1.0000000000E+00
    6385   1.0000000000E+00
    6386   1.0000000000E+00
    6387   1.0000000000E+00
    6388   1.0000000000E+00
    6389   1.0000000000E+00
    6390   1.0000000000E+00
    6391   1.0000000000E+00
    6392   1.0000000000E+00
    6393   1.0000000000E+00
    6394   1.0000000000E+00
    6395   1.0000000000E+00
    6396   1.0000000000E+00
    6397   1.0000000000E+00
    6398   1.0000000000E+00
    6399   1.0000000000E+00
    6400   1.0000000000E+00
    6401   1.0000000000E+00
    6402   1.0000000000E+00
    6403   1.0000000000E+00
    6404   1.0000000000E+00
    6405   1.0000000000E+00
    6406   1.0000000000E+00
    6407   1.0000000000E+00
    6408   1.0000000000E+00
    6409   1.0000000000E+00
    6410   1.0000000000E+00
    6411   1.0000000000E+00
    6412   1.0000000000E+00
    6413   1.0000000000E+00
    6414   1.0000000000E+00
    6415   1.0000000000E+00
    6416   1.0000000000E+00
    6417   1.0000000000E+00
    6418   1.0000000000E+00
    6419   1.0000000000E+00
    6420   1.0000000000E+00
    6421   1.0000000000E+00
    6422   1.0000000000E+00
    6423   1.0000000000E+00
    6424   1.0000000000E+00
    6425   1.0000000000E+00
    6426   1.0000000000E+00
    6427   1.0000000000E+00
    6428   1.0000000000E+00
    6429   1.0000000000E+00
    6430   1.0000000000E+00
    6431   1.0000000000E+00
    6432   1.0000000000E+00
    6433   1.0000000000E+00
    6434   1.0000000000E+00
    6435   1.0000000000E+00
    6436   1.0000000000E+00
    6437   1.0000000000E+00
    6438   1.0000000000E+00
    6439   1.0000000000E+00
    6440   1.0000000000E+00
    6441   1.0000000000E+00
    6442   1.0000000000E+00
    6443   1.0000000000E+00
    6444   1.0000000000E+00
    6445   1.0000000000E+00
    6446   1.0000000000E+00
    6447   1.0000000000E+00
    6448   1.0000000000E+00
    6449   1.0000000000E+00
    6450   1.0000000000E+00
    6451   1.0000000000E+00
    6452   1.0000000000E+00
    6453   1.0000000000E+00
    6454   1.0000000000E+00
    6455   1.0000000000E+00
    6456   1.0000000000E+00
    6457   1.0000000000E+00
    6458   1.0000000000E+00
    6459   1.0000000000E+00
    6460   1.0000000000E+00
    6461   1.0000000000E+00
    6462   1.0000000000E+00
    6463   1.0000000000E+00
    6464   1.0000000000E+00
    6465   1.0000000000E+00
    6466   1.0000000000E+00
    6467   1.0000000000E+00
    6468   1.0000000000E+00
    6469   1.0000000000E+00
    6470   1.0000000000E+00
    6471   1.0000000000E+00
    6472   1.0000000000E+00
    6473   1.0000000000E+00
    6474   1.0000000000E+00
    6475   1.0000000000E+00
    6476   1.0000000000E+00
    6477   1.0000000000E+00
    6478   1.0000000000E+00
    6479   1.0000000000E+00
    6480   1.0000000000E+00
    6481   1.0000000000E+00
    6482   1.0000000000E+00
    6483   1.0000000000E+00
    6484   1.0000000000E+00
    6485   1.0000000000E+00
    6486   1.0000000000E+00
    6487   1.0000000000E+00
    6488   1.0000000000E+00
    6489   1.0000000000E+00
    6490   1.0000000000E+00
    6491   1.0000000000E+00
    6492   1.0000000000E+00
    6493   1.0000000000E+00
    6494   1.0000000000E+00
    6495   1.0000000000E+00
    6496   1.0000000000E+00
    6497   1.0000000000E+00
    6498   1.0000000000E+00
    6499   1.0000000000E+00
    6500   1.0000000000E+00
    6501   1.0000000000E+00
    6502   1.0000000000E+00
    6503   1.0000000000E+00
    6504   1.0000000000E+00
    6505   1.0000000000E+00
    6506   1.0000000000E+00
    6507   1.0000000000E+00
    6508   1.0000000000E+00
    6509   1.0000000000E+00
    6510   1.0000000000E+00
    6511   1.0000000000E+00
    6512   1.0000000000E+00
    6513   1.0000000000E+00
    6514   1.0000000000E+00
    6515   1.0000000000E+00
    6516   1.0000000000E+00
    6517   1.0000000000E+00
    6518   1.0000000000E+00
    6519   1.0000000000E+00
    6520   1.0000000000E+00
    6521   1.0000000000E+00
    6522   1.0000000000E+00
    6523   1.0000000000E+00
    6524   1.0000000000E+00
    6525   1.0000000000E+00
    6526   1.0000000000E+00
    6527   1.0000000000E+00
    6528   1.0000000000E+00
    6529   1.0000000000E+00
    6530   1.0000000000E+00
    6531   1.0000000000E+00
    6532   1.0000000000E+00
    6533   1.0000000000E+00
    6534   1.0000000000E+00
    6535   1.0000000000E+00
    6536   1.0000000000E+00
    6537   1.0000000000E+00
    6538   1.0000000000E+00
    6539   1.0000000000E+00
    6540   1.0000000000E+00
    6541   1.0000000000E+00
    6542   1.0000000000E+00
    6543   1.0000000000E+00
    6544   1.0000000000E+00
    6545   1.0000000000E+00
    6546   1.0000000000E+00
    6547   1.0000000000E+00
    6548   1.0000000000E+00
    6549   1.0000000000E+00
    6550   1.0000000000E+00
    6551   1.0000000000E+00
    6552   1.0000000000E+00
    6553   1.0000000000E+00
    6554   1.0000000000E+00
    6555   1.0000000000E+00
    6556   1.0000000000E+00
    6557   1.0000000000E+00
    6558   1.0000000000E+00
    6559   1.0000000000E+00
    6560   1.0000000000E+00
    6561   1.0000000000E+00
    6562   1.0000000000E+00
    6563   1.0000000000E+00
    6564   1.0000000000E+00
    6565   1.0000000000E+00
    6566   1.0000000000E+00
    6567   1.0000000000E+00
    6568   1.0000000000E+00
    6569   1.0000000000E+00
    6570   1.0000000000E+00
    6571   1.0000000000E+00
    6572   1.0000000000E+00
    6573   1.0000000000E+00
    6574   1.0000000000E+00
    6575   1.0000000000E+00
    6576   1.0000000000E+00
    6577   1.0000000000E+00
    6578   1.0000000000E+00
    6579   1.0000000000E+00
    6580   1.0000000000E+00
    6581   1.0000000000E+00
    6582   1.0000000000E+00
    6583   1.0000000000E+00
    6584   1.0000000000E+00
    6585   1.0000000000E+00
    6586   1.0000000000E+00
    6587   1.0000000000E+00
    6588   1.0000000000E+00
    6589   1.0000000000E+00
    6590   1.0000000000E+00
    6591   1.0000000000E+00
    6592   1.0000000000E+00
    6593   1.0000000000E+00
    6594   1.0000000000E+00
    6595   1.0000000000E+00
    6596   1.0000000000E+00
    6597   1.0000000000E+00
    6598   1.0000000000E+00
    6599   1.0000000000E+00
    6600   1.0000000000E+00
    6601   1.0000000000E+00
    6602   1.0000000000E+00
    6603   1.0000000000E+00
    6604   1.0000000000E+00
    6605   1.0000000000E+00
    6606   1.0000000000E+00
    6607   1.0000000000E+00
    6608   1.0000000000E+00
    6609   1.0000000000E+00
    6610   1.0000000000E+00
    6611   1.0000000000E+00
    6612   1.0000000000E+00
    6613   1.0000000000E+00
    6614   1.0000000000E+00
    6615   1.0000000000E+00
    6616   1.0000000000E+00
    6617   1.0000000000E+00
    6618   1.0000000000E+00
    6619   1.0000000000E+00
    6620   1.0000000000E+00
    6621   1.0000000000E+00
    6622   1.0000000000E+00
    6623   1.0000000000E+00
    6624   1.0000000000E+00
    6625   1.0000000000E+00
    6626   1.0000000000E+00
    6627   1.0000000000E+00
    6628   1.0000000000E+00
    6629   1.0000000000E+00
    6630   1.0000000000E+00
    6631   1.0000000000E+00
    6632   1.0000000000E+00
    6633   1.0000000000E+00
    6634   1.0000000000E+00
    6635   1.0000000000E+00
    6636   1.0000000000E+00
    6637   1.0000000000E+00
    6638   1.0000000000E+00
    6639   1.0000000000E+00
    6640   1.0000000000E+00
    6641   1.0000000000E+00
    6642   1.0000000000E+00
    6643   1.0000000000E+00
    6644   1.0000000000E+00
    6645   1.0000000000E+00
    6646   1.0000000000E+00
    6647   1.0000000000E+00
    6648   1.0000000000E+00
    6649   1.0000000000E+00
    6650   1.0000000000E+00
    6651   1.0000000000E+00
    6652   1.0000000000E+00
    6653   1.0000000000E+00
    6654   1.0000000000E+00
    6655   1.0000000000E+00
    6656   1.0000000000E+00
    6657   1.0000000000E+00
    6658   1.0000000000E+00
    6659   1.0000000000E+00
    6660   1.0000000000E+00
    6661   1.0000000000E+00
    6662   1.0000000000E+00
    6663   1.0000000000E+00
    6664   1.0000000000E+00
    6665   1.0000000000E+00
    6666   1.0000000000E+00
    6667   1.0000000000E+00
    6668   1.0000000000E+00
    6669   1.0000000000E+00
    6670   1.0000000000E+00
    6671   1.0000000000E+00
    6672   1.0000000000E+00
    6673   1.0000000000E+00
    6674   1.0000000000E+00
    6675   1.0000000000E+00
    6676   1.0000000000E+00
    6677   1.0000000000E+00
    6678   1.0000000000E+00
    6679   1.0000000000E+00
    6680   1.0000000000E+00
    6681   1.0000000000E+00
    6682   1.0000000000E+00
    6683   1.0000000000E+00
    6684   1.0000000000E+00
    6685   1.0000000000E+00
    6686   1.0000000000E+00
    6687   1.0000000000E+00
    6688   1.0000000000E+00
    6689   1.0000000000E+00
    6690   1.0000000000E+00
    6691   1.0000000000E+00
    6692   1.0000000000E+00
    6693   1.0000000000E+00
    6694   1.0000000000E+00
    6695   1.0000000000E+00
    6696   1.0000000000E+00
    6697   1.0000000000E+00
    6698   1.0000000000E+00
    6699   1.0000000000E+00
    6700   1.0000000000E+00
    6701   1.0000000000E+00
    6702   1.0000000000E+00
    6703   1.0000000000E+00
    6704   1.0000000000E+00
    6705   1.0000000000E+00
    6706   1.0000000000E+00
    6707   1.0000000000E+00
    6708   1.0000000000E+00
    6709   1.0000000000E+00
    6710   1.0000000000E+00
    6711   1.0000000000E+00
    6712   1.0000000000E+00
    6713   1.0000000000E+00
    6714   1.0000000000E+00
    6715   1.0000000000E+00
    6716   1.0000000000E+00
    6717   1.0000000000E+00
    6718   1.0000000000E+00
    6719   1.0000000000E+00
    6720   1.0000000000E+00
    6721   1.0000000000E+00
    6722   1.0000000000E+00
    6723   1.0000000000E+00
    6724   1.0000000000E+00
    6725   1.0000000000E+00
    6726   1.0000000000E+00
    6727   1.0000000000E+00
    6728   1.0000000000E+00
    6729   1.0000000000E+00
    6730   1.0000000000E+00
    6731   1.0000000000E+00
    6732   1.0000000000E+00
    6733   1.0000000000E+00
    6734   1.0000000000E+00
    6735   1.0000000000E+00
    6736   1.0000000000E+00
    6737   1.0000000000E+00
    6738   1.0000000000E+00
    6739   1.0000000000E+00
    6740   1.0000000000E+00
    6741   1.0000000000E+00
    6742   1.0000000000E+00
    6743   1.0000000000E+00
    6744   1.0000000000E+00
    6745   1.0000000000E+00
    6746   1.0000000000E+00
    6747   1.0000000000E+00
    6748   1.0000000000E+00
    6749   1.0000000000E+00
    6750   1.0000000000E+00
    6751   1.0000000000E+00
    6752   1.0000000000E+00
    6753   1.0000000000E+00
    6754   1.0000000000E+00
    6755   1.0000000000E+00
    6756   1.0000000000E+00
    6757   1.0000000000E+00
    6758   1.0000000000E+00
    6759   1.0000000000E+00
    6760   1.0000000000E+00
    6761   1.0000000000E+00
    6762   1.0000000000E+00
    6763   1.0000000000E+00
    6764   1.0000000000E+00
    6765   1.0000000000E+00
    6766   1.0000000000E+00
    6767   1.0000000000E+00
    6768   1.0000000000E+00
    6769   1.0000000000E+00
    6770   1.0000000000E+00
    6771   1.0000000000E+00
    6772   1.0000000000E+00
    6773   1.0000000000E+00
    6774   1.0000000000E+00
    6775   1.0000000000E+00
    6776   1.0000000000E+00
    6777   1.0000000000E+00
    6778   1.0000000000E+00
    6779   1.0000000000E+00
    6780   1.0000000000E+00
    6781   1.0000000000E+00
    6782   1.0000000000E+00
    6783   1.0000000000E+00
    6784   1.0000000000E+00
    6785   1.0000000000E+00
    6786   1.0000000000E+00
    6787   1.0000000000E+00
    6788   1.0000000000E+00
    6789   1.0000000000E+00
    6790   1.0000000000E+00
    6791   1.0000000000E+00
    6792   1.0000000000E+00
    6793   1.0000000000E+00
    6794   1.0000000000E+00
    6795   1.0000000000E+00
    6796   1.0000000000E+00
    6797   1.0000000000E+00
    6798   1.0000000000E+00
    6799   1.0000000000E+00
    6800   1.0000000000E+00
    6801   1.0000000000E+00
    6802   1.0000000000E+00
    6803   1.0000000000E+00
    6804   1.0000000000E+00
    6805   1.0000000000E+00
    6806   1.0000000000E+00
    6807   1.0000000000E+00
    6808   1.0000000000E+00
    6809   1.0000000000E+00
    6810   1.0000000000E+00
    6811   1.0000000000E+00
    6812   1.0000000000E+00
    6813   1.0000000000E+00
    6814   1.0000000000E+00
    6815   1.0000000000E+00
    6816   1.0000000000E+00
    6817   1.0000000000E+00
    6818   1.0000000000E+00
    6819   1.0000000000E+00
    6820   1.0000000000E+00
    6821   1.0000000000E+00
    6822   1.0000000000E+00
    6823   1.0000000000E+00
    6824   1.0000000000E+00
    6825   1.0000000000E+00
    6826   1.0000000000E+00
    6827   1.0000000000E+00
    6828   1.0000000000E+00
    6829   1.0000000000E+00
    6830   1.0000000000E+00
    6831   1.0000000000E+00
    6832   1.0000000000E+00
    6833   1.0000000000E+00
    6834   1.0000000000E+00
    6835   1.0000000000E+00
    6836   1.0000000000E+00
    6837   1.0000000000E+00
    6838   1.0000000000E+00
    6839   1.0000000000E+00
    6840   1.0000000000E+00
    6841   1.0000000000E+00
    6842   1.0000000000E+00
    6843   1.0000000000E+00
    6844   1.0000000000E+00
    6845   1.0000000000E+00
    6846   1.0000000000E+00
    6847   1.0000000000E+00
    6848   1.0000000000E+00
    6849   1.0000000000E+00
    6850   1.0000000000E+00
    6851   1.0000000000E+00
    6852   1.0000000000E+00
    6853   1.0000000000E+00
    6854   1.0000000000E+00
    6855   1.0000000000E+00
    6856   1.0000000000E+00
    6857   1.0000000000E+00
    6858   1.0000000000E+00
    6859   1.0000000000E+00
    6860   1.0000000000E+00
    6861   1.0000000000E+00
    6862   1.0000000000E+00
    6863   1.0000000000E+00
    6864   1.0000000000E+00
    6865   1.0000000000E+00
    6866   1.0000000000E+00
    6867   1.0000000000E+00
    6868   1.0000000000E+00
    6869   1.0000000000E+00
    6870   1.0000000000E+00
    6871   1.0000000000E+00
    6872   1.0000000000E+00
    6873   1.0000000000E+00
    6874   1.0000000000E+00
    6875   1.0000000000E+00
    6876   1.0000000000E+00
    6877   1.0000000000E+00
    6878   1.0000000000E+00
    6879   1.0000000000E+00
    6880   1.0000000000E+00
    6881   1.0000000000E+00
    6882   1.0000000000E+00
    6883   1.0000000000E+00
    6884   1.0000000000E+00
    6885   1.0000000000E+00
    6886   1.0000000000E+00
    6887   1.0000000000E+00
    6888   1.0000000000E+00
    6889   1.0000000000E+00
    6890   1.0000000000E+00
    6891   1.0000000000E+00
    6892   1.0000000000E+00
    6893   1.0000000000E+00
    6894   1.0000000000E+00
    6895   1.0000000000E+00
    6896   1.0000000000E+00
    6897   1.0000000000E+00
    6898   1.0000000000E+00
    6899   1.0000000000E+00
    6900   1.0000000000E+00
    6901   1.0000000000E+00
    6902   1.0000000000E+00
    6903   1.0000000000E+00
    6904   1.0000000000E+00
    6905   1.0000000000E+00
    6906   1.0000000000E+00
    6907   1.0000000000E+00
    6908   1.0000000000E+00
    6909   1.0000000000E+00
    6910   1.0000000000E+00
    6911   1.0000000000E+00
    6912   1.0000000000E+00
    6913   1.0000000000E+00
    6914   1.0000000000E+00
    6915   1.0000000000E+00
    6916   1.0000000000E+00
    6917   1.0000000000E+00
    6918   1.0000000000E+00
    6919   1.0000000000E+00
    6920   1.0000000000E+00
    6921   1.0000000000E+00
    6922   1.0000000000E+00
    6923   1.0000000000E+00
    6924   1.0000000000E+00
    6925   1.0000000000E+00
    6926   1.0000000000E+00
    6927   1.0000000000E+00
    6928   1.0000000000E+00
    6929   1.0000000000E+00
    6930   1.0000000000E+00
    6931   1.0000000000E+00
    6932   1.0000000000E+00
    6933   1.0000000000E+00
    6934   1.0000000000E+00
    6935   1.0000000000E+00
    6936   1.0000000000E+00
    6937   1.0000000000E+00
    6938   1.0000000000E+00
    6939   1.0000000000E+00
    6940   1.0000000000E+00
    6941   1.0000000000E+00
    6942   1.0000000000E+00
    6943   1.0000000000E+00
    6944   1.0000000000E+00
    6945   1.0000000000E+00
    6946   1.0000000000E+00
    6947   1.0000000000E+00
    6948   1.0000000000E+00
    6949   1.0000000000E+00
    6950   1.0000000000E+00
    6951   1.0000000000E+00
    6952   1.0000000000E+00
    6953   1.0000000000E+00
    6954   1.0000000000E+00
    6955   1.0000000000E+00
    6956   1.0000000000E+00
    6957   1.0000000000E+00
    6958   1.0000000000E+00
    6959   1.0000000000E+00
    6960   1.0000000000E+00
    6961   1.0000000000E+00
    6962   1.0000000000E+00
    6963   1.0000000000E+00
    6964   1.0000000000E+00
    6965   1.0000000000E+00
    6966   1.0000000000E+00
    6967   1.0000000000E+00
    6968   1.0000000000E+00
    6969   1.0000000000E+00
    6970   1.0000000000E+00
    6971   1.0000000000E+00
    6972   1.0000000000E+00
    6973   1.0000000000E+00
    6974   1.0000000000E+00
    6975   1.0000000000E+00
    6976   1.0000000000E+00
    6977   1.0000000000E+00
    6978   1.0000000000E+00
    6979   1.0000000000E+00
    6980   1.0000000000E+00
    6981   1.0000000000E+00
    6982   1.0000000000E+00
    6983   1.0000000000E+00
    6984   1.0000000000E+00
    6985   1.0000000000E+00
    6986   1.0000000000E+00
    6987   1.0000000000E+00
    6988   1.0000000000E+00
    6989   1.0000000000E+00
    6990   1.0000000000E+00
    6991   1.0000000000E+00
    6992   1.0000000000E+00
    6993   1.0000000000E+00
    6994   1.0000000000E+00
    6995   1.0000000000E+00
    6996   1.0000000000E+00
    6997   1.0000000000E+00
    6998   1.0000000000E+00
    6999   1.0000000000E+00
    7000   1.0000000000E+00
    7001   1.0000000000E+00
    7002   1.0000000000E+00
    7003   1.0000000000E+00
    7004   1.0000000000E+00
    7005   1.0000000000E+00
    7006   1.0000000000E+00
    7007   1.0000000000E+00
    7008   1.0000000000E+00
    7009   1.0000000000E+00
    7010   1.0000000000E+00
    7011   1.0000000000E+00
    7012   1.0000000000E+00
    7013   1.0000000000E+00
    7014   1.0000000000E+00
    7015   1.0000000000E+00
    7016   1.0000000000E+00
    7017   1.0000000000E+00
    7018   1.0000000000E+00
    7019   1.0000000000E+00
    7020   1.0000000000E+00
    7021   1.0000000000E+00
    7022   1.0000000000E+00
    7023   1.0000000000E+00
    7024   1.0000000000E+00
    7025   1.0000000000E+00
    7026   1.0000000000E+00
    7027   1.0000000000E+00
    7028   1.0000000000E+00
    7029   1.0000000000E+00
    7030   1.0000000000E+00
    7031   1.0000000000E+00
    7032   1.0000000000E+00
    7033   1.0000000000E+00
    7034   1.0000000000E+00
    7035   1.0000000000E+00
    7036   1.0000000000E+00
    7037   1.0000000000E+00
    7038   1.0000000000E+00
    7039   1.0000000000E+00
    7040   1.0000000000E+00
    7041   1.0000000000E+00
    7042   1.0000000000E+00
    7043   1.0000000000E+00
    7044   1.0000000000E+00
    7045   1.0000000000E+00
    7046   1.0000000000E+00
    7047   1.0000000000E+00
    7048   1.0000000000E+00
    7049   1.0000000000E+00
    7050   1.0000000000E+00
    7051   1.0000000000E+00
    7052   1.0000000000E+00
    7053   1.0000000000E+00
    7054   1.0000000000E+00
    7055   1.0000000000E+00
    7056   1.0000000000E+00
    7057   1.0000000000E+00
    7058   1.0000000000E+00
    7059   1.0000000000E+00
    7060   1.0000000000E+00
    7061   1.0000000000E+00
    7062   1.0000000000E+00
    7063   1.0000000000E+00
    7064   1.0000000000E+00
    7065   1.0000000000E+00
    7066   1.0000000000E+00
    7067   1.0000000000E+00
    7068   1.0000000000E+00
    7069   1.0000000000E+00
    7070   1.0000000000E+00
    7071   1.0000000000E+00
    7072   1.0000000000E+00
    7073   1.0000000000E+00
    7074   1.0000000000E+00
    7075   1.0000000000E+00
    7076   1.0000000000E+00
    7077   1.0000000000E+00
    7078   1.0000000000E+00
    7079   1.0000000000E+00
    7080   1.0000000000E+00
    7081   1.0000000000E+00
    7082   1.0000000000E+00
    7083   1.0000000000E+00
    7084   1.0000000000E+00
    7085   1.0000000000E+00
    7086   1.0000000000E+00
    7087   1.0000000000E+00
    7088   1.0000000000E+00
    7089   1.0000000000E+00
    7090   1.0000000000E+00
    7091   1.0000000000E+00
    7092   1.0000000000E+00
    7093   1.0000000000E+00
    7094   1.0000000000E+00
    7095   1.0000000000E+00
    7096   1.0000000000E+00
    7097   1.0000000000E+00
    7098   1.0000000000E+00
    7099   1.0000000000E+00
    7100   1.0000000000E+00
    7101   1.0000000000E+00
    7102   1.0000000000E+00
    7103   1.0000000000E+00
    7104   1.0000000000E+00
    7105   1.0000000000E+00
    7106   1.0000000000E+00
    7107   1.0000000000E+00
    7108   1.0000000000E+00
    7109   1.0000000000E+00
    7110   1.0000000000E+00
    7111   1.0000000000E+00
    7112   1.0000000000E+00
    7113   1.0000000000E+00
    7114   1.0000000000E+00
    7115   1.0000000000E+00
    7116   1.0000000000E+00
    7117   1.0000000000E+00
    7118   1.0000000000E+00
    7119   1.0000000000E+00
    7120   1.0000000000E+00
    7121   1.0000000000E+00
    7122   1.0000000000E+00
    7123   1.0000000000E+00
    7124   1.0000000000E+00
    7125   1.0000000000E+00
    7126   1.0000000000E+00
    7127   1.0000000000E+00
    7128   1.0000000000E+00
    7129   1.0000000000E+00
    7130   1.0000000000E+00
    7131   1.0000000000E+00
    7132   1.0000000000E+00
    7133   1.0000000000E+00
    7134   1.0000000000E+00
    7135   1.0000000000E+00
    7136   1.0000000000E+00
    7137   1.0000000000E+00
    7138   1.0000000000E+00
    7139   1.0000000000E+00
    7140   1.0000000000E+00
    7141   1.0000000000E+00
    7142   1.0000000000E+00
    7143   1.0000000000E+00
    7144   1.0000000000E+00
    7145   1.0000000000E+00
    7146   1.0000000000E+00
    7147   1.0000000000E+00
    7148   1.0000000000E+00
    7149   1.0000000000E+00
    7150   1.0000000000E+00
    7151   1.0000000000E+00
    7152   1.0000000000E+00
    7153   1.0000000000E+00
    7154   1.0000000000E+00
    7155   1.0000000000E+00
    7156   1.0000000000E+00
    7157   1.0000000000E+00
    7158   1.0000000000E+00
    7159   1.0000000000E+00
    7160   1.0000000000E+00
    7161   1.0000000000E+00
    7162   1.0000000000E+00
    7163   1.0000000000E+00
    7164   1.0000000000E+00
    7165   1.0000000000E+00
    7166   1.0000000000E+00
    7167   1.0000000000E+00
    7168   1.0000000000E+00
    7169   1.0000000000E+00
    7170   1.0000000000E+00
    7171   1.0000000000E+00
    7172   1.0000000000E+00
    7173   1.0000000000E+00
    7174   1.0000000000E+00
    7175   1.0000000000E+00
    7176   1.0000000000E+00
    7177   1.0000000000E+00
    7178   1.0000000000E+00
    7179   1.0000000000E+00
    7180   1.0000000000E+00
    7181   1.0000000000E+00
    7182   1.0000000000E+00
    7183   1.0000000000E+00
    7184   1.0000000000E+00
    7185   1.0000000000E+00
    7186   1.0000000000E+00
    7187   1.0000000000E+00
    7188   1.0000000000E+00
    7189   1.0000000000E+00
    7190   1.0000000000E+00
    7191   1.0000000000E+00
    7192   1.0000000000E+00
    7193   1.0000000000E+00
    7194   1.0000000000E+00
    7195   1.0000000000E+00
    7196   1.0000000000E+00
    7197   1.0000000000E+00
    7198   1.0000000000E+00
    7199   1.0000000000E+00
    7200   1.0000000000E+00
    7201   1.0000000000E+00
    7202   1.0000000000E+00
    7203   1.0000000000E+00
    7204   1.0000000000E+00
    7205   1.0000000000E+00
    7206   1.0000000000E+00
    7207   1.0000000000E+00
    7208   1.0000000000E+00
    7209   1.0000000000E+00
    7210   1.0000000000E+00
    7211   1.0000000000E+00
    7212   1.0000000000E+00
    7213   1.0000000000E+00
    7214   1.0000000000E+00
    7215   1.0000000000E+00
    7216   1.0000000000E+00
    7217   1.0000000000E+00
    7218   1.0000000000E+00
    7219   1.0000000000E+00
    7220   1.0000000000E+00
    7221   1.0000000000E+00
    7222   1.0000000000E+00
    7223   1.0000000000E+00
    7224   1.0000000000E+00
    7225   1.0000000000E+00
    7226   1.0000000000E+00
    7227   1.0000000000E+00
    7228   1.0000000000E+00
    7229   1.0000000000E+00
    7230   1.0000000000E+00
    7231   1.0000000000E+00
    7232   1.0000000000E+00
    7233   1.0000000000E+00
    7234   1.0000000000E+00
    7235   1.0000000000E+00
    7236   1.0000000000E+00
    7237   1.0000000000E+00
    7238   1.0000000000E+00
    7239   1.0000000000E+00
    7240   1.0000000000E+00
    7241   1.0000000000E+00
    7242   1.0000000000E+00
    7243   1.0000000000E+00
    7244   1.0000000000E+00
    7245   1.0000000000E+00
    7246   1.0000000000E+00
    7247   1.0000000000E+00
    7248   1.0000000000E+00
    7249   1.0000000000E+00
    7250   1.0000000000E+00
    7251   1.0000000000E+00
    7252   1.0000000000E+00
    7253   1.0000000000E+00
    7254   1.0000000000E+00
    7255   1.0000000000E+00
    7256   1.0000000000E+00
    7257   1.0000000000E+00
    7258   1.0000000000E+00
    7259   1.0000000000E+00
    7260   1.0000000000E+00
    7261   1.0000000000E+00
    7262   1.0000000000E+00
    7263   1.0000000000E+00
    7264   1.0000000000E+00
    7265   1.0000000000E+00
    7266   1.0000000000E+00
    7267   1.0000000000E+00
    7268   1.0000000000E+00
    7269   1.0000000000E+00
    7270   1.0000000000E+00
    7271   1.0000000000E+00
    7272   1.0000000000E+00
    7273   1.0000000000E+00
    7274   1.0000000000E+00
    7275   1.0000000000E+00
    7276   1.0000000000E+00
    7277   1.0000000000E+00
    7278   1.0000000000E+00
    7279   1.0000000000E+00
    7280   1.0000000000E+00
    7281   1.0000000000E+00
    7282   1.0000000000E+00
    7283   1.0000000000E+00
    7284   1.0000000000E+00
    7285   1.0000000000E+00
    7286   1.0000000000E+00
    7287   1.0000000000E+00
    7288   1.0000000000E+00
    7289   1.0000000000E+00
    7290   1.0000000000E+00
    7291   1.0000000000E+00
    7292   1.0000000000E+00
    7293   1.0000000000E+00
    7294   1.0000000000E+00
    7295   1.0000000000E+00
    7296   1.0000000000E+00
    7297   1.0000000000E+00
    7298   1.0000000000E+00
    7299   1.0000000000E+00
    7300   1.0000000000E+00
    7301   1.0000000000E+00
    7302   1.0000000000E+00
    7303   1.0000000000E+00
    7304   1.0000000000E+00
    7305   1.0000000000E+00
    7306   1.0000000000E+00
    7307   1.0000000000E+00
    7308   1.0000000000E+00
    7309   1.0000000000E+00
    7310   1.0000000000E+00
    7311   1.0000000000E+00
    7312   1.0000000000E+00
    7313   1.0000000000E+00
    7314   1.0000000000E+00
    7315   1.0000000000E+00
    7316   1.0000000000E+00
    7317   1.0000000000E+00
    7318   1.0000000000E+00
    7319   1.0000000000E+00
    7320   1.0000000000E+00
    7321   1.0000000000E+00
    7322   1.0000000000E+00
    7323   1.0000000000E+00
    7324   1.0000000000E+00
    7325   1.0000000000E+00
    7326   1.0000000000E+00
    7327   1.0000000000E+00
    7328   1.0000000000E+00
    7329   1.0000000000E+00
    7330   1.0000000000E+00
    7331   1.0000000000E+00
    7332   1.0000000000E+00
    7333   1.0000000000E+00
    7334   1.0000000000E+00
    7335   1.0000000000E+00
    7336   1.0000000000E+00
    7337   1.0000000000E+00
    7338   1.0000000000E+00
    7339   1.0000000000E+00
    7340   1.0000000000E+00
    7341   1.0000000000E+00
    7342   1.0000000000E+00
    7343   1.0000000000E+00
    7344   1.0000000000E+00
    7345   1.0000000000E+00
    7346   1.0000000000E+00
    7347   1.0000000000E+00
    7348   1.0000000000E+00
    7349   1.0000000000E+00
    7350   1.0000000000E+00
    7351   1.0000000000E+00
    7352   1.0000000000E+00
    7353   1.0000000000E+00
    7354   1.0000000000E+00
    7355   1.0000000000E+00
    7356   1.0000000000E+00
    7357   1.0000000000E+00
    7358   1.0000000000E+00
    7359   1.0000000000E+00
    7360   1.0000000000E+00
    7361   1.0000000000E+00
    7362   1.0000000000E+00
    7363   1.0000000000E+00
    7364   1.0000000000E+00
    7365   1.0000000000E+00
    7366   1.0000000000E+00
    7367   1.0000000000E+00
    7368   1.0000000000E+00
    7369   1.0000000000E+00
    7370   1.0000000000E+00
    7371   1.0000000000E+00
    7372   1.0000000000E+00
    7373   1.0000000000E+00
    7374   1.0000000000E+00
    7375   1.0000000000E+00
    7376   1.0000000000E+00
    7377   1.0000000000E+00
    7378   1.0000000000E+00
    7379   1.0000000000E+00
    7380   1.0000000000E+00
    7381   1.0000000000E+00
    7382   1.0000000000E+00
    7383   1.0000000000E+00
    7384   1.0000000000E+00
    7385   1.0000000000E+00
    7386   1.0000000000E+00
    7387   1.0000000000E+00
    7388   1.0000000000E+00
    7389   1.0000000000E+00
    7390   1.0000000000E+00
    7391   1.0000000000E+00
    7392   1.0000000000E+00
    7393   1.0000000000E+00
    7394   1.0000000000E+00
    7395   1.0000000000E+00
    7396   1.0000000000E+00
    7397   1.0000000000E+00
    7398   1.0000000000E+00
    7399   1.0000000000E+00
    7400   1.0000000000E+00
    7401   1.0000000000E+00
    7402   1.0000000000E+00
    7403   1.0000000000E+00
    7404   1.0000000000E+00
    7405   1.0000000000E+00
    7406   1.0000000000E+00
    7407   1.0000000000E+00
    7408   1.0000000000E+00
    7409   1.0000000000E+00
    7410   1.0000000000E+00
    7411   1.0000000000E+00
    7412   1.0000000000E+00
    7413   1.0000000000E+00
    7414   1.0000000000E+00
    7415   1.0000000000E+00
    7416   1.0000000000E+00
    7417   1.0000000000E+00
    7418   1.0000000000E+00
    7419   1.0000000000E+00
    7420   1.0000000000E+00
    7421   1.0000000000E+00
    7422   1.0000000000E+00
    7423   1.0000000000E+00
    7424   1.0000000000E+00
    7425   1.0000000000E+00
    7426   1.0000000000E+00
    7427   1.0000000000E+00
    7428   1.0000000000E+00
    7429   1.0000000000E+00
    7430   1.0000000000E+00
    7431   1.0000000000E+00
    7432   1.0000000000E+00
    7433   1.0000000000E+00
    7434   1.0000000000E+00
    7435   1.0000000000E+00
    7436   1.0000000000E+00
    7437   1.0000000000E+00
    7438   1.0000000000E+00
    7439   1.0000000000E+00
    7440   1.0000000000E+00
    7441   1.0000000000E+00
    7442   1.0000000000E+00
    7443   1.0000000000E+00
    7444   1.0000000000E+00
    7445   1.0000000000E+00
    7446   1.0000000000E+00
    7447   1.0000000000E+00
    7448   1.0000000000E+00
    7449   1.0000000000E+00
    7450   1.0000000000E+00
    7451   1.0000000000E+00
    7452   1.0000000000E+00
    7453   1.0000000000E+00
    7454   1.0000000000E+00
    7455   1.0000000000E+00
    7456   1.0000000000E+00
    7457   1.0000000000E+00
    7458   1.0000000000E+00
    7459   1.0000000000E+00
    7460   1.0000000000E+00
    7461   1.0000000000E+00
    7462   1.0000000000E+00
    7463   1.0000000000E+00
    7464   1.0000000000E+00
    7465   1.0000000000E+00
    7466   1.0000000000E+00
    7467   1.0000000000E+00
    7468   1.0000000000E+00
    7469   1.0000000000E+00
    7470   1.0000000000E+00
    7471   1.0000000000E+00
    7472   1.0000000000E+00
    7473   1.0000000000E+00
    7474   1.0000000000E+00
    7475   1.0000000000E+00
    7476   1.0000000000E+00
    7477   1.0000000000E+00
    7478   1.0000000000E+00
    7479   1.0000000000E+00
    7480   1.0000000000E+00
    7481   1.0000000000E+00
    7482   1.0000000000E+00
    7483   1.0000000000E+00
    7484   1.0000000000E+00
    7485   1.0000000000E+00
    7486   1.0000000000E+00
    7487   1.0000000000E+00
    7488   1.0000000000E+00
    7489   1.0000000000E+00
    7490   1.0000000000E+00
    7491   1.0000000000E+00
    7492   1.0000000000E+00
    7493   1.0000000000E+00
    7494   1.0000000000E+00
    7495   1.0000000000E+00
    7496   1.0000000000E+00
    7497   1.0000000000E+00
    7498   1.0000000000E+00
    7499   1.0000000000E+00
    7500   1.0000000000E+00
    7501   1.0000000000E+00
    7502   1.0000000000E+00
    7503   1.0000000000E+00
    7504   1.0000000000E+00
    7505   1.0000000000E+00
    7506   1.0000000000E+00
    7507   1.0000000000E+00
    7508   1.0000000000E+00
    7509   1.0000000000E+00
    7510   1.0000000000E+00
    7511   1.0000000000E+00
    7512   1.0000000000E+00
    7513   1.0000000000E+00
    7514   1.0000000000E+00
    7515   1.0000000000E+00
    7516   1.0000000000E+00
    7517   1.0000000000E+00
    7518   1.0000000000E+00
    7519   1.0000000000E+00
    7520   1.0000000000E+00
    7521   1.0000000000E+00
    7522   1.0000000000E+00
    7523   1.0000000000E+00
    7524   1.0000000000E+00
    7525   1.0000000000E+00
    7526   1.0000000000E+00
    7527   1.0000000000E+00
    7528   1.0000000000E+00
    7529   1.0000000000E+00
    7530   1.0000000000E+00
    7531   1.0000000000E+00
    7532   1.0000000000E+00
    7533   1.0000000000E+00
    7534   1.0000000000E+00
    7535   1.0000000000E+00
    7536   1.0000000000E+00
    7537   1.0000000000E+00
    7538   1.0000000000E+00
    7539   1.0000000000E+00
    7540   1.0000000000E+00
    7541   1.0000000000E+00
    7542   1.0000000000E+00
    7543   1.0000000000E+00
    7544   1.0000000000E+00
    7545   1.0000000000E+00
    7546   1.0000000000E+00
    7547   1.0000000000E+00
    7548   1.0000000000E+00
    7549   1.0000000000E+00
    7550   1.0000000000E+00
    7551   1.0000000000E+00
    7552   1.0000000000E+00
    7553   1.0000000000E+00
    7554   1.0000000000E+00
    7555   1.0000000000E+00
    7556   1.0000000000E+00
    7557   1.0000000000E+00
    7558   1.0000000000E+00
    7559   1.0000000000E+00
    7560   1.0000000000E+00
    7561   1.0000000000E+00
    7562   1.0000000000E+00
    7563   1.0000000000E+00
    7564   1.0000000000E+00
    7565   1.0000000000E+00
    7566   1.0000000000E+00
    7567   1.0000000000E+00
    7568   1.0000000000E+00
    7569   1.0000000000E+00
    7570   1.0000000000E+00
    7571   1.0000000000E+00
    7572   1.0000000000E+00
    7573   1.0000000000E+00
    7574   1.0000000000E+00
    7575   1.0000000000E+00
    7576   1.0000000000E+00
    7577   1.0000000000E+00
    7578   1.0000000000E+00
    7579   1.0000000000E+00
    7580   1.0000000000E+00
    7581   1.0000000000E+00
    7582   1.0000000000E+00
    7583   1.0000000000E+00
    7584   1.0000000000E+00
    7585   1.0000000000E+00
    7586   1.0000000000E+00
    7587   1.0000000000E+00
    7588   1.0000000000E+00
    7589   1.0000000000E+00
    7590   1.0000000000E+00
    7591   1.0000000000E+00
    7592   1.0000000000E+00
    7593   1.0000000000E+00
    7594   1.0000000000E+00
    7595   1.0000000000E+00
    7596   1.0000000000E+00
    7597   1.0000000000E+00
    7598   1.0000000000E+00
    7599   1.0000000000E+00
    7600   1.0000000000E+00
    7601   1.0000000000E+00
    7602   1.0000000000E+00
    7603   1.0000000000E+00
    7604   1.0000000000E+00
    7605   1.0000000000E+00
    7606   1.0000000000E+00
    7607   1.0000000000E+00
    7608   1.0000000000E+00
    7609   1.0000000000E+00
    7610   1.0000000000E+00
    7611   1.0000000000E+00
    7612   1.0000000000E+00
    7613   1.0000000000E+00
    7614   1.0000000000E+00
    7615   1.0000000000E+00
    7616   1.0000000000E+00
    7617   1.0000000000E+00
    7618   1.0000000000E+00
    7619   1.0000000000E+00
    7620   1.0000000000E+00
    7621   1.0000000000E+00
    7622   1.0000000000E+00
    7623   1.0000000000E+00
    7624   1.0000000000E+00
    7625   1.0000000000E+00
    7626   1.0000000000E+00
    7627   1.0000000000E+00
    7628   1.0000000000E+00
    7629   1.0000000000E+00
    7630   1.0000000000E+00
    7631   1.0000000000E+00
    7632   1.0000000000E+00
    7633   1.0000000000E+00
    7634   1.0000000000E+00
    7635   1.0000000000E+00
    7636   1.0000000000E+00
    7637   1.0000000000E+00
    7638   1.0000000000E+00
    7639   1.0000000000E+00
    7640   1.0000000000E+00
    7641   1.0000000000E+00
    7642   1.0000000000E+00
    7643   1.0000000000E+00
    7644   1.0000000000E+00
    7645   1.0000000000E+00
    7646   1.0000000000E+00
    7647   1.0000000000E+00
    7648   1.0000000000E+00
    7649   1.0000000000E+00
    7650   1.0000000000E+00
    7651   1.0000000000E+00
    7652   1.0000000000E+00
    7653   1.0000000000E+00
    7654   1.0000000000E+00
    7655   1.0000000000E+00
    7656   1.0000000000E+00
    7657   1.0000000000E+00
    7658   1.0000000000E+00
    7659   1.0000000000E+00
    7660   1.0000000000E+00
    7661   1.0000000000E+00
    7662   1.0000000000E+00
    7663   1.0000000000E+00
    7664   1.0000000000E+00
    7665   1.0000000000E+00
    7666   1.0000000000E+00
    7667   1.0000000000E+00
    7668   1.0000000000E+00
    7669   1.0000000000E+00
    7670   1.0000000000E+00
    7671   1.0000000000E+00
    7672   1.0000000000E+00
    7673   1.0000000000E+00
    7674   1.0000000000E+00
    7675   1.0000000000E+00
    7676   1.0000000000E+00
    7677   1.0000000000E+00
    7678   1.0000000000E+00
    7679   1.0000000000E+00
    7680   1.0000000000E+00
    7681   1.0000000000E+00
    7682   1.0000000000E+00
    7683   1.0000000000E+00
    7684   1.0000000000E+00
    7685   1.0000000000E+00
    7686   1.0000000000E+00
    7687   1.0000000000E+00
    7688   1.0000000000E+00
    7689   1.0000000000E+00
    7690   1.0000000000E+00
    7691   1.0000000000E+00
    7692   1.0000000000E+00
    7693   1.0000000000E+00
    7694   1.0000000000E+00
    7695   1.0000000000E+00
    7696   1.0000000000E+00
    7697   1.0000000000E+00
    7698   1.0000000000E+00
    7699   1.0000000000E+00
    7700   1.0000000000E+00
    7701   1.0000000000E+00
    7702   1.0000000000E+00
    7703   1.0000000000E+00
    7704   1.0000000000E+00
    7705   1.0000000000E+00
    7706   1.0000000000E+00
    7707   1.0000000000E+00
    7708   1.0000000000E+00
    7709   1.0000000000E+00
    7710   1.0000000000E+00
    7711   1.0000000000E+00
    7712   1.0000000000E+00
    7713   1.0000000000E+00
    7714   1.0000000000E+00
    7715   1.0000000000E+00
    7716   1.0000000000E+00
    7717   1.0000000000E+00
    7718   1.0000000000E+00
    7719   1.0000000000E+00
    7720   1.0000000000E+00
    7721   1.0000000000E+00
    7722   1.0000000000E+00
    7723   1.0000000000E+00
    7724   1.0000000000E+00
    7725   1.0000000000E+00
    7726   1.0000000000E+00
    7727   1.0000000000E+00
    7728   1.0000000000E+00
    7729   1.0000000000E+00
    7730   1.0000000000E+00
    7731   1.0000000000E+00
    7732   1.0000000000E+00
    7733   1.0000000000E+00
    7734   1.0000000000E+00
    7735   1.0000000000E+00
    7736   1.0000000000E+00
    7737   1.0000000000E+00
    7738   1.0000000000E+00
    7739   1.0000000000E+00
    7740   1.0000000000E+00
    7741   1.0000000000E+00
    7742   1.0000000000E+00
    7743   1.0000000000E+00
    7744   1.0000000000E+00
    7745   1.0000000000E+00
    7746   1.0000000000E+00
    7747   1.0000000000E+00
    7748   1.0000000000E+00
    7749   1.0000000000E+00
    7750   1.0000000000E+00
    7751   1.0000000000E+00
    7752   1.0000000000E+00
    7753   1.0000000000E+00
    7754   1.0000000000E+00
    7755   1.0000000000E+00
    7756   1.0000000000E+00
    7757   1.0000000000E+00
    7758   1.0000000000E+00
    7759   1.0000000000E+00
    7760   1.0000000000E+00
    7761   1.0000000000E+00
    7762   1.0000000000E+00
    7763   1.0000000000E+00
    7764   1.0000000000E+00
    7765   1.0000000000E+00
    7766   1.0000000000E+00
    7767   1.0000000000E+00
    7768   1.0000000000E+00
    7769   1.0000000000E+00
    7770   1.0000000000E+00
    7771   1.0000000000E+00
    7772   1.0000000000E+00
    7773   1.0000000000E+00
    7774   1.0000000000E+00
    7775   1.0000000000E+00
    7776   1.0000000000E+00
    7777   1.0000000000E+00
    7778   1.0000000000E+00
    7779   1.0000000000E+00
    7780   1.0000000000E+00
    7781   1.0000000000E+00
    7782   1.0000000000E+00
    7783   1.0000000000E+00
    7784   1.0000000000E+00
    7785   1.0000000000E+00
    7786   1.0000000000E+00
    7787   1.0000000000E+00
    7788   1.0000000000E+00
    7789   1.0000000000E+00
    7790   1.0000000000E+00
    7791   1.0000000000E+00
    7792   1.0000000000E+00
    7793   1.0000000000E+00
    7794   1.0000000000E+00
    7795   1.0000000000E+00
    7796   1.0000000000E+00
    7797   1.0000000000E+00
    7798   1.0000000000E+00
    7799   1.0000000000E+00
    7800   1.0000000000E+00
    7801   1.0000000000E+00
    7802   1.0000000000E+00
    7803   1.0000000000E+00
    7804   1.0000000000E+00
    7805   1.0000000000E+00
    7806   1.0000000000E+00
    7807   1.0000000000E+00
    7808   1.0000000000E+00
    7809   1.0000000000E+00
    7810   1.0000000000E+00
    7811   1.0000000000E+00
    7812   1.0000000000E+00
    7813   1.0000000000E+00
    7814   1.0000000000E+00
    7815   1.0000000000E+00
    7816   1.0000000000E+00
    7817   1.0000000000E+00
    7818   1.0000000000E+00
    7819   1.0000000000E+00
    7820   1.0000000000E+00
    7821   1.0000000000E+00
    7822   1.0000000000E+00
    7823   1.0000000000E+00
    7824   1.0000000000E+00
    7825   1.0000000000E+00
    7826   1.0000000000E+00
    7827   1.0000000000E+00
    7828   1.0000000000E+00
    7829   1.0000000000E+00
    7830   1.0000000000E+00
    7831   1.0000000000E+00
    7832   1.0000000000E+00
    7833   1.0000000000E+00
    7834   1.0000000000E+00
    7835   1.0000000000E+00
    7836   1.0000000000E+00
    7837   1.0000000000E+00
    7838   1.0000000000E+00
    7839   1.0000000000E+00
    7840   1.0000000000E+00
    7841   1.0000000000E+00
    7842   1.0000000000E+00
    7843   1.0000000000E+00
    7844   1.0000000000E+00
    7845   1.0000000000E+00
    7846   1.0000000000E+00
    7847   1.0000000000E+00
    7848   1.0000000000E+00
    7849   1.0000000000E+00
    7850   1.0000000000E+00
    7851   1.0000000000E+00
    7852   1.0000000000E+00
    7853   1.0000000000E+00
    7854   1.0000000000E+00
    7855   1.0000000000E+00
    7856   1.0000000000E+00
    7857   1.0000000000E+00
    7858   1.0000000000E+00
    7859   1.0000000000E+00
    7860   1.0000000000E+00
    7861   1.0000000000E+00
    7862   1.0000000000E+00
    7863   1.0000000000E+00
    7864   1.0000000000E+00
    7865   1.0000000000E+00
    7866   1.0000000000E+00
    7867   1.0000000000E+00
    7868   1.0000000000E+00
    7869   1.0000000000E+00
    7870   1.0000000000E+00
    7871   1.0000000000E+00
    7872   1.0000000000E+00
    7873   1.0000000000E+00
    7874   1.0000000000E+00
    7875   1.0000000000E+00
    7876   1.0000000000E+00
    7877   1.0000000000E+00
    7878   1.0000000000E+00
    7879   1.0000000000E+00
    7880   1.0000000000E+00
    7881   1.0000000000E+00
    7882   1.0000000000E+00
    7883   1.0000000000E+00
    7884   1.0000000000E+00
    7885   1.0000000000E+00
    7886   1.0000000000E+00
    7887   1.0000000000E+00
    7888   1.0000000000E+00
    7889   1.0000000000E+00
    7890   1.0000000000E+00
    7891   1.0000000000E+00
    7892   1.0000000000E+00
    7893   1.0000000000E+00
    7894   1.0000000000E+00
    7895   1.0000000000E+00
    7896   1.0000000000E+00
    7897   1.0000000000E+00
    7898   1.0000000000E+00
    7899   1.0000000000E+00
    7900   1.0000000000E+00
    7901   1.0000000000E+00
    7902   1.0000000000E+00
    7903   1.0000000000E+00
    7904   1.0000000000E+00
    7905   1.0000000000E+00
    7906   1.0000000000E+00
    7907   1.0000000000E+00
    7908   1.0000000000E+00
    7909   1.0000000000E+00
    7910   1.0000000000E+00
    7911   1.0000000000E+00
    7912   1.0000000000E+00
    7913   1.0000000000E+00
    7914   1.0000000000E+00
    7915   1.0000000000E+00
    7916   1.0000000000E+00
    7917   1.0000000000E+00
    7918   1.0000000000E+00
    7919   1.0000000000E+00
    7920   1.0000000000E+00
    7921   1.0000000000E+00
    7922   1.0000000000E+00
    7923   1.0000000000E+00
    7924   1.0000000000E+00
    7925   1.0000000000E+00
    7926   1.0000000000E+00
    7927   1.0000000000E+00
    7928   1.0000000000E+00
    7929   1.0000000000E+00
    7930   1.0000000000E+00
    7931   1.0000000000E+00
    7932   1.0000000000E+00
    7933   1.0000000000E+00
    7934   1.0000000000E+00
    7935   1.0000000000E+00
    7936   1.0000000000E+00
    7937   1.0000000000E+00
    7938   1.0000000000E+00
    7939   1.0000000000E+00
    7940   1.0000000000E+00
    7941   1.0000000000E+00
    7942   1.0000000000E+00
    7943   1.0000000000E+00
    7944   1.0000000000E+00
    7945   1.0000000000E+00
    7946   1.0000000000E+00
    7947   1.0000000000E+00
    7948   1.0000000000E+00
    7949   1.0000000000E+00
    7950   1.0000000000E+00
    7951   1.0000000000E+00
    7952   1.0000000000E+00
    7953   1.0000000000E+00
    7954   1.0000000000E+00
    7955   1.0000000000E+00
    7956   1.0000000000E+00
    7957   1.0000000000E+00
    7958   1.0000000000E+00
    7959   1.0000000000E+00
    7960   1.0000000000E+00
    7961   1.0000000000E+00
    7962   1.0000000000E+00
    7963   1.0000000000E+00
    7964   1.0000000000E+00
    7965   1.0000000000E+00
    7966   1.0000000000E+00
    7967   1.0000000000E+00
    7968   1.0000000000E+00
    7969   1.0000000000E+00
    7970   1.0000000000E+00
    7971   1.0000000000E+00
    7972   1.0000000000E+00
    7973   1.0000000000E+00
    7974   1.0000000000E+00
    7975   1.0000000000E+00
    7976   1.0000000000E+00
    7977   1.0000000000E+00
    7978   1.0000000000E+00
    7979   1.0000000000E+00
    7980   1.0000000000E+00
    7981   1.0000000000E+00
    7982   1.0000000000E+00
    7983   1.0000000000E+00
    7984   1.0000000000E+00
    7985   1.0000000000E+00
    7986   1.0000000000E+00
    7987   1.0000000000E+00
    7988   1.0000000000E+00
    7989   1.0000000000E+00
    7990   1.0000000000E+00
    7991   1.0000000000E+00
    7992   1.0000000000E+00
    7993   1.0000000000E+00
    7994   1.0000000000E+00
    7995   1.0000000000E+00
    7996   1.0000000000E+00
    7997   1.0000000000E+00
    7998   1.0000000000E+00
    7999   1.0000000000E+00
    8000   1.0000000000E+00
    8001   1.0000000000E+00
    8002   1.0000000000E+00
    8003   1.0000000000E+00
    8004   1.0000000000E+00
    8005   1.0000000000E+00
    8006   1.0000000000E+00
    8007   1.0000000000E+00
    8008   1.0000000000E+00
    8009   1.0000000000E+00
    8010   1.0000000000E+00
    8011   1.0000000000E+00
    8012   1.0000000000E+00
    8013   1.0000000000E+00
    8014   1.0000000000E+00
    8015   1.0000000000E+00
    8016   1.0000000000E+00
    8017   1.0000000000E+00
    8018   1.0000000000E+00
    8019   1.0000000000E+00
    8020   1.0000000000E+00
    8021   1.0000000000E+00
    8022   1.0000000000E+00
    8023   1.0000000000E+00
    8024   1.0000000000E+00
    8025   1.0000000000E+00
    8026   1.0000000000E+00
    8027   1.0000000000E+00
    8028   1.0000000000E+00
    8029   1.0000000000E+00
    8030   1.0000000000E+00
    8031   1.0000000000E+00
    8032   1.0000000000E+00
    8033   1.0000000000E+00
    8034   1.0000000000E+00
    8035   1.0000000000E+00
    8036   1.0000000000E+00
    8037   1.0000000000E+00
    8038   1.0000000000E+00
    8039   1.0000000000E+00
    8040   1.0000000000E+00
    8041   1.0000000000E+00
    8042   1.0000000000E+00
    8043   1.0000000000E+00
    8044   1.0000000000E+00
    8045   1.0000000000E+00
    8046   1.0000000000E+00
    8047   1.0000000000E+00
    8048   1.0000000000E+00
    8049   1.0000000000E+00
    8050   1.0000000000E+00
    8051   1.0000000000E+00
    8052   1.0000000000E+00
    8053   1.0000000000E+00
    8054   1.0000000000E+00
    8055   1.0000000000E+00
    8056   1.0000000000E+00
    8057   1.0000000000E+00
    8058   1.0000000000E+00
    8059   1.0000000000E+00
    8060   1.0000000000E+00
    8061   1.0000000000E+00
    8062   1.0000000000E+00
    8063   1.0000000000E+00
    8064   1.0000000000E+00
    8065   1.0000000000E+00
    8066   1.0000000000E+00
    8067   1.0000000000E+00
    8068   1.0000000000E+00
    8069   1.0000000000E+00
    8070   1.0000000000E+00
    8071   1.0000000000E+00
    8072   1.0000000000E+00
    8073   1.0000000000E+00
    8074   1.0000000000E+00
    8075   1.0000000000E+00
    8076   1.0000000000E+00
    8077   1.0000000000E+00
    8078   1.0000000000E+00
    8079   1.0000000000E+00
    8080   1.0000000000E+00
    8081   1.0000000000E+00
    8082   1.0000000000E+00
    8083   1.0000000000E+00
    8084   1.0000000000E+00
    8085   1.0000000000E+00
    8086   1.0000000000E+00
    8087   1.0000000000E+00
    8088   1.0000000000E+00
    8089   1.0000000000E+00
    8090   1.0000000000E+00
    8091   1.0000000000E+00
    8092   1.0000000000E+00
    8093   1.0000000000E+00
    8094   1.0000000000E+00
    8095   1.0000000000E+00
    8096   1.0000000000E+00
    8097   1.0000000000E+00
    8098   1.0000000000E+00
    8099   1.0000000000E+00
    8100   1.0000000000E+00
    8101   1.0000000000E+00
    8102   1.0000000000E+00
    8103   1.0000000000E+00
    8104   1.0000000000E+00
    8105   1.0000000000E+00
    8106   1.0000000000E+00
    8107   1.0000000000E+00
    8108   1.0000000000E+00
    8109   1.0000000000E+00
    8110   1.0000000000E+00
    8111   1.0000000000E+00
    8112   1.0000000000E+00
    8113   1.0000000000E+00
    8114   1.0000000000E+00
    8115   1.0000000000E+00
    8116   1.0000000000E+00
    8117   1.0000000000E+00
    8118   1.0000000000E+00
    8119   1.0000000000E+00
    8120   1.0000000000E+00
    8121   1.0000000000E+00
    8122   1.0000000000E+00
    8123   1.0000000000E+00
    8124   1.0000000000E+00
    8125   1.0000000000E+00
    8126   1.0000000000E+00
    8127   1.0000000000E+00
    8128   1.0000000000E+00
    8129   1.0000000000E+00
    8130   1.0000000000E+00
    8131   1.0000000000E+00
    8132   1.0000000000E+00
    8133   1.0000000000E+00
    8134   1.0000000000E+00
    8135   1.0000000000E+00
    8136   1.0000000000E+00
    8137   1.0000000000E+00
    8138   1.0000000000E+00
    8139   1.0000000000E+00
    8140   1.0000000000E+00
    8141   1.0000000000E+00
    8142   1.0000000000E+00
    8143   1.0000000000E+00
    8144   1.0000000000E+00
    8145   1.0000000000E+00
    8146   1.0000000000E+00
    8147   1.0000000000E+00
    8148   1.0000000000E+00
    8149   1.0000000000E+00
    8150   1.0000000000E+00
    8151   1.0000000000E+00
    8152   1.0000000000E+00
    8153   1.0000000000E+00
    8154   1.0000000000E+00
    8155   1.0000000000E+00
    8156   1.0000000000E+00
    8157   1.0000000000E+00
    8158   1.0000000000E+00
    8159   1.0000000000E+00
    8160   1.0000000000E+00
    8161   1.0000000000E+00
    8162   1.0000000000E+00
    8163   1.0000000000E+00
    8164   1.0000000000E+00
    8165   1.0000000000E+00
    8166   1.0000000000E+00
    8167   1.0000000000E+00
    8168   1.0000000000E+00
    8169   1.0000000000E+00
    8170   1.0000000000E+00
    8171   1.0000000000E+00
    8172   1.0000000000E+00
    8173   1.0000000000E+00
    8174   1.0000000000E+00
    8175   1.0000000000E+00
    8176   1.0000000000E+00
    8177   1.0000000000E+00
    8178   1.0000000000E+00
    8179   1.0000000000E+00
    8180   1.0000000000E+00
    8181   1.0000000000E+00
    8182   1.0000000000E+00
    8183   1.0000000000E+00
    8184   1.0000000000E+00
    8185   1.0000000000E+00
    8186   1.0000000000E+00
    8187   1.0000000000E+00
    8188   1.0000000000E+00
    8189   1.0000000000E+00
    8190   1.0000000000E+00
    8191   1.0000000000E+00
    8192   1.0000000000E+00
    8193   1.0000000000E+00
    8194   1.0000000000E+00
    8195   1.0000000000E+00
    8196   1.0000000000E+00
    8197   1.0000000000E+00
    8198   1.0000000000E+00
    8199   1.0000000000E+00
    8200   1.0000000000E+00
    8201   1.0000000000E+00
    8202   1.0000000000E+00
    8203   1.0000000000E+00
    8204   1.0000000000E+00
    8205   1.0000000000E+00
    8206   1.0000000000E+00
    8207   1.0000000000E+00
    8208   1.0000000000E+00
    8209   1.0000000000E+00
    8210   1.0000000000E+00
    8211   1.0000000000E+00
    8212   1.0000000000E+00
    8213   1.0000000000E+00
    8214   1.0000000000E+00
    8215   1.0000000000E+00
    8216   1.0000000000E+00
    8217   1.0000000000E+00
    8218   1.0000000000E+00
    8219   1.0000000000E+00
    8220   1.0000000000E+00
    8221   1.0000000000E+00
    8222   1.0000000000E+00
    8223   1.0000000000E+00
    8224   1.0000000000E+00
    8225   1.0000000000E+00
    8226   1.0000000000E+00
    8227   1.0000000000E+00
    8228   1.0000000000E+00
    8229   1.0000000000E+00
    8230   1.0000000000E+00
    8231   1.0000000000E+00
    8232   1.0000000000E+00
    8233   1.0000000000E+00
    8234   1.0000000000E+00
    8235   1.0000000000E+00
    8236   1.0000000000E+00
    8237   1.0000000000E+00
    8238   1.0000000000E+00
    8239   1.0000000000E+00
    8240   1.0000000000E+00
    8241   1.0000000000E+00
    8242   1.0000000000E+00
    8243   1.0000000000E+00
    8244   1.0000000000E+00
    8245   1.0000000000E+00
    8246   1.0000000000E+00
    8247   1.0000000000E+00
    8248   1.0000000000E+00
    8249   1.0000000000E+00
    8250   1.0000000000E+00
    8251   1.0000000000E+00
    8252   1.0000000000E+00
    8253   1.0000000000E+00
    8254   1.0000000000E+00
    8255   1.0000000000E+00
    8256   1.0000000000E+00
    8257   1.0000000000E+00
    8258   1.0000000000E+00
    8259   1.0000000000E+00
    8260   1.0000000000E+00
    8261   1.0000000000E+00
    8262   1.0000000000E+00
    8263   1.0000000000E+00
    8264   1.0000000000E+00
    8265   1.0000000000E+00
    8266   1.0000000000E+00
    8267   1.0000000000E+00
    8268   1.0000000000E+00
    8269   1.0000000000E+00
    8270   1.0000000000E+00
    8271   1.0000000000E+00
    8272   1.0000000000E+00
    8273   1.0000000000E+00
    8274   1.0000000000E+00
    8275   1.0000000000E+00
    8276   1.0000000000E+00
    8277   1.0000000000E+00
    8278   1.0000000000E+00
    8279   1.0000000000E+00
    8280   1.0000000000E+00
    8281   1.0000000000E+00
    8282   1.0000000000E+00
    8283   1.0000000000E+00
    8284   1.0000000000E+00
    8285   1.0000000000E+00
    8286   1.0000000000E+00
    8287   1.0000000000E+00
    8288   1.0000000000E+00
    8289   1.0000000000E+00
    8290   1.0000000000E+00
    8291   1.0000000000E+00
    8292   1.0000000000E+00
    8293   1.0000000000E+00
    8294   1.0000000000E+00
    8295   1.0000000000E+00
    8296   1.0000000000E+00
    8297   1.0000000000E+00
    8298   1.0000000000E+00
    8299   1.0000000000E+00
    8300   1.0000000000E+00
    8301   1.0000000000E+00
    8302   1.0000000000E+00
    8303   1.0000000000E+00
    8304   1.0000000000E+00
    8305   1.0000000000E+00
    8306   1.0000000000E+00
    8307   1.0000000000E+00
    8308   1.0000000000E+00
    8309   1.0000000000E+00
    8310   1.0000000000E+00
    8311   1.0000000000E+00
    8312   1.0000000000E+00
    8313   1.0000000000E+00
    8314   1.0000000000E+00
    8315   1.0000000000E+00
    8316   1.0000000000E+00
    8317   1.0000000000E+00
    8318   1.0000000000E+00
    8319   1.0000000000E+00
    8320   1.0000000000E+00
    8321   1.0000000000E+00
    8322   1.0000000000E+00
    8323   1.0000000000E+00
    8324   1.0000000000E+00
    8325   1.0000000000E+00
    8326   1.0000000000E+00
    8327   1.0000000000E+00
    8328   1.0000000000E+00
    8329   1.0000000000E+00
    8330   1.0000000000E+00
    8331   1.0000000000E+00
    8332   1.0000000000E+00
    8333   1.0000000000E+00
    8334   1.0000000000E+00
    8335   1.0000000000E+00
    8336   1.0000000000E+00
    8337   1.0000000000E+00
    8338   1.0000000000E+00
    8339   1.0000000000E+00
    8340   1.0000000000E+00
    8341   1.0000000000E+00
    8342   1.0000000000E+00
    8343   1.0000000000E+00
    8344   1.0000000000E+00
    8345   1.0000000000E+00
    8346   1.0000000000E+00
    8347   1.0000000000E+00
    8348   1.0000000000E+00
    8349   1.0000000000E+00
    8350   1.0000000000E+00
    8351   1.0000000000E+00
    8352   1.0000000000E+00
    8353   1.0000000000E+00
    8354   1.0000000000E+00
    8355   1.0000000000E+00
    8356   1.0000000000E+00
    8357   1.0000000000E+00
    8358   1.0000000000E+00
    8359   1.0000000000E+00
    8360   1.0000000000E+00
    8361   1.0000000000E+00
    8362   1.0000000000E+00
    8363   1.0000000000E+00
    8364   1.0000000000E+00
    8365   1.0000000000E+00
    8366   1.0000000000E+00
    8367   1.0000000000E+00
    8368   1.0000000000E+00
    8369   1.0000000000E+00
    8370   1.0000000000E+00
    8371   1.0000000000E+00
    8372   1.0000000000E+00
    8373   1.0000000000E+00
    8374   1.0000000000E+00
    8375   1.0000000000E+00
    8376   1.0000000000E+00
    8377   1.0000000000E+00
    8378   1.0000000000E+00
    8379   1.0000000000E+00
    8380   1.0000000000E+00
    8381   1.0000000000E+00
    8382   1.0000000000E+00
    8383   1.0000000000E+00
    8384   1.0000000000E+00
    8385   1.0000000000E+00
    8386   1.0000000000E+00
    8387   1.0000000000E+00
    8388   1.0000000000E+00
    8389   1.0000000000E+00
    8390   1.0000000000E+00
    8391   1.0000000000E+00
    8392   1.0000000000E+00
    8393   1.0000000000E+00
    8394   1.0000000000E+00
    8395   1.0000000000E+00
    8396   1.0000000000E+00
    8397   1.0000000000E+00
    8398   1.0000000000E+00
    8399   1.0000000000E+00
    8400   1.0000000000E+00
    8401   1.0000000000E+00
    8402   1.0000000000E+00
    8403   1.0000000000E+00
    8404   1.0000000000E+00
    8405   1.0000000000E+00
    8406   1.0000000000E+00
    8407   1.0000000000E+00
    8408   1.0000000000E+00
    8409   1.0000000000E+00
    8410   1.0000000000E+00
    8411   1.0000000000E+00
    8412   1.0000000000E+00
    8413   1.0000000000E+00
    8414   1.0000000000E+00
    8415   1.0000000000E+00
    8416   1.0000000000E+00
    8417   1.0000000000E+00
    8418   1.0000000000E+00
    8419   1.0000000000E+00
    8420   1.0000000000E+00
    8421   1.0000000000E+00
    8422   1.0000000000E+00
    8423   1.0000000000E+00
    8424   1.0000000000E+00
    8425   1.0000000000E+00
    8426   1.0000000000E+00
    8427   1.0000000000E+00
    8428   1.0000000000E+00
    8429   1.0000000000E+00
    8430   1.0000000000E+00
    8431   1.0000000000E+00
    8432   1.0000000000E+00
    8433   1.0000000000E+00
    8434   1.0000000000E+00
    8435   1.0000000000E+00
    8436   1.0000000000E+00
    8437   1.0000000000E+00
    8438   1.0000000000E+00
    8439   1.0000000000E+00
    8440   1.0000000000E+00
    8441   1.0000000000E+00
    8442   1.0000000000E+00
    8443   1.0000000000E+00
    8444   1.0000000000E+00
    8445   1.0000000000E+00
    8446   1.0000000000E+00
    8447   1.0000000000E+00
    8448   1.0000000000E+00
    8449   1.0000000000E+00
    8450   1.0000000000E+00
    8451   1.0000000000E+00
    8452   1.0000000000E+00
    8453   1.0000000000E+00
    8454   1.0000000000E+00
    8455   1.0000000000E+00
    8456   1.0000000000E+00
    8457   1.0000000000E+00
    8458   1.0000000000E+00
    8459   1.0000000000E+00
    8460   1.0000000000E+00
    8461   1.0000000000E+00
    8462   1.0000000000E+00
    8463   1.0000000000E+00
    8464   1.0000000000E+00
    8465   1.0000000000E+00
    8466   1.0000000000E+00
    8467   1.0000000000E+00
    8468   1.0000000000E+00
    8469   1.0000000000E+00
    8470   1.0000000000E+00
    8471   1.0000000000E+00
    8472   1.0000000000E+00
    8473   1.0000000000E+00
    8474   1.0000000000E+00
    8475   1.0000000000E+00
    8476   1.0000000000E+00
    8477   1.0000000000E+00
    8478   1.0000000000E+00
    8479   1.0000000000E+00
    8480   1.0000000000E+00
    8481   1.0000000000E+00
    8482   1.0000000000E+00
    8483   1.0000000000E+00
    8484   1.0000000000E+00
    8485   1.0000000000E+00
    8486   1.0000000000E+00
    8487   1.0000000000E+00
    8488   1.0000000000E+00
    8489   1.0000000000E+00
    8490   1.0000000000E+00
    8491   1.0000000000E+00
    8492   1.0000000000E+00
    8493   1.0000000000E+00
    8494   1.0000000000E+00
    8495   1.0000000000E+00
    8496   1.0000000000E+00
    8497   1.0000000000E+00
    8498   1.0000000000E+00
    8499   1.0000000000E+00
    8500   1.0000000000E+00
    8501   1.0000000000E+00
    8502   1.0000000000E+00
    8503   1.0000000000E+00
    8504   1.0000000000E+00
    8505   1.0000000000E+00
    8506   1.0000000000E+00
    8507   1.0000000000E+00
    8508   1.0000000000E+00
    8509   1.0000000000E+00
    8510   1.0000000000E+00
    8511   1.0000000000E+00
    8512   1.0000000000E+00
    8513   1.0000000000E+00
    8514   1.0000000000E+00
    8515   1.0000000000E+00
    8516   1.0000000000E+00
    8517   1.0000000000E+00
    8518   1.0000000000E+00
    8519   1.0000000000E+00
    8520   1.0000000000E+00
    8521   1.0000000000E+00
    8522   1.0000000000E+00
    8523   1.0000000000E+00
    8524   1.0000000000E+00
    8525   1.0000000000E+00
    8526   1.0000000000E+00
    8527   1.0000000000E+00
    8528   1.0000000000E+00
    8529   1.0000000000E+00
    8530   1.0000000000E+00
    8531   1.0000000000E+00
    8532   1.0000000000E+00
    8533   1.0000000000E+00
    8534   1.0000000000E+00
    8535   1.0000000000E+00
    8536   1.0000000000E+00
    8537   1.0000000000E+00
    8538   1.0000000000E+00
    8539   1.0000000000E+00
    8540   1.0000000000E+00
    8541   1.0000000000E+00
    8542   1.0000000000E+00
    8543   1.0000000000E+00
    8544   1.0000000000E+00
    8545   1.0000000000E+00
    8546   1.0000000000E+00
    8547   1.0000000000E+00
    8548   1.0000000000E+00
    8549   1.0000000000E+00
    8550   1.0000000000E+00
    8551   1.0000000000E+00
    8552   1.0000000000E+00
    8553   1.0000000000E+00
    8554   1.0000000000E+00
    8555   1.0000000000E+00
    8556   1.0000000000E+00
    8557   1.0000000000E+00
    8558   1.0000000000E+00
    8559   1.0000000000E+00
    8560   1.0000000000E+00
    8561   1.0000000000E+00
    8562   1.0000000000E+00
    8563   1.0000000000E+00
    8564   1.0000000000E+00
    8565   1.0000000000E+00
    8566   1.0000000000E+00
    8567   1.0000000000E+00
    8568   1.0000000000E+00
    8569   1.0000000000E+00
    8570   1.0000000000E+00
    8571   1.0000000000E+00
    8572   1.0000000000E+00
    8573   1.0000000000E+00
    8574   1.0000000000E+00
    8575   1.0000000000E+00
    8576   1.0000000000E+00
    8577   1.0000000000E+00
    8578   1.0000000000E+00
    8579   1.0000000000E+00
    8580   1.0000000000E+00
    8581   1.0000000000E+00
    8582   1.0000000000E+00
    8583   1.0000000000E+00
    8584   1.0000000000E+00
    8585   1.0000000000E+00
    8586   1.0000000000E+00
    8587   1.0000000000E+00
    8588   1.0000000000E+00
    8589   1.0000000000E+00
    8590   1.0000000000E+00
    8591   1.0000000000E+00
    8592   1.0000000000E+00
    8593   1.0000000000E+00
    8594   1.0000000000E+00
    8595   1.0000000000E+00
    8596   1.0000000000E+00
    8597   1.0000000000E+00
    8598   1.0000000000E+00
    8599   1.0000000000E+00
    8600   1.0000000000E+00
    8601   1.0000000000E+00
    8602   1.0000000000E+00
    8603   1.0000000000E+00
    8604   1.0000000000E+00
    8605   1.0000000000E+00
    8606   1.0000000000E+00
    8607   1.0000000000E+00
    8608   1.0000000000E+00
    8609   1.0000000000E+00
    8610   1.0000000000E+00
    8611   1.0000000000E+00
    8612   1.0000000000E+00
    8613   1.0000000000E+00
    8614   1.0000000000E+00
    8615   1.0000000000E+00
    8616   1.0000000000E+00
    8617   1.0000000000E+00
    8618   1.0000000000E+00
    8619   1.0000000000E+00
    8620   1.0000000000E+00
    8621   1.0000000000E+00
    8622   1.0000000000E+00
    8623   1.0000000000E+00
    8624   1.0000000000E+00
    8625   1.0000000000E+00
    8626   1.0000000000E+00
    8627   1.0000000000E+00
    8628   1.0000000000E+00
    8629   1.0000000000E+00
    8630   1.0000000000E+00
    8631   1.0000000000E+00
    8632   1.0000000000E+00
    8633   1.0000000000E+00
    8634   1.0000000000E+00
    8635   1.0000000000E+00
    8636   1.0000000000E+00
    8637   1.0000000000E+00
    8638   1.0000000000E+00
    8639   1.0000000000E+00
    8640   1.0000000000E+00
    8641   1.0000000000E+00
    8642   1.0000000000E+00
    8643   1.0000000000E+00
    8644   1.0000000000E+00
    8645   1.0000000000E+00
    8646   1.0000000000E+00
    8647   1.0000000000E+00
    8648   1.0000000000E+00
    8649   1.0000000000E+00
    8650   1.0000000000E+00
    8651   1.0000000000E+00
    8652   1.0000000000E+00
    8653   1.0000000000E+00
    8654   1.0000000000E+00
    8655   1.0000000000E+00
    8656   1.0000000000E+00
    8657   1.0000000000E+00
    8658   1.0000000000E+00
    8659   1.0000000000E+00
    8660   1.0000000000E+00
    8661   1.0000000000E+00
    8662   1.0000000000E+00
    8663   1.0000000000E+00
    8664   1.0000000000E+00
    8665   1.0000000000E+00
    8666   1.0000000000E+00
    8667   1.0000000000E+00
    8668   1.0000000000E+00
    8669   1.0000000000E+00
    8670   1.0000000000E+00
    8671   1.0000000000E+00
    8672   1.0000000000E+00
    8673   1.0000000000E+00
    8674   1.0000000000E+00
    8675   1.0000000000E+00
    8676   1.0000000000E+00
    8677   1.0000000000E+00
    8678   1.0000000000E+00
    8679   1.0000000000E+00
    8680   1.0000000000E+00
    8681   1.0000000000E+00
    8682   1.0000000000E+00
    8683   1.0000000000E+00
    8684   1.0000000000E+00
    8685   1.0000000000E+00
    8686   1.0000000000E+00
    8687   1.0000000000E+00
    8688   1.0000000000E+00
    8689   1.0000000000E+00
    8690   1.0000000000E+00
    8691   1.0000000000E+00
    8692   1.0000000000E+00
    8693   1.0000000000E+00
    8694   1.0000000000E+00
    8695   1.0000000000E+00
    8696   1.0000000000E+00
    8697   1.0000000000E+00
    8698   1.0000000000E+00
    8699   1.0000000000E+00
    8700   1.0000000000E+00
    8701   1.0000000000E+00
    8702   1.0000000000E+00
    8703   1.0000000000E+00
    8704   1.0000000000E+00
    8705   1.0000000000E+00
    8706   1.0000000000E+00
    8707   1.0000000000E+00
    8708   1.0000000000E+00
    8709   1.0000000000E+00
    8710   1.0000000000E+00
    8711   1.0000000000E+00
    8712   1.0000000000E+00
    8713   1.0000000000E+00
    8714   1.0000000000E+00
    8715   1.0000000000E+00
    8716   1.0000000000E+00
    8717   1.0000000000E+00
    8718   1.0000000000E+00
    8719   1.0000000000E+00
    8720   1.0000000000E+00
    8721   1.0000000000E+00
    8722   1.0000000000E+00
    8723   1.0000000000E+00
    8724   1.0000000000E+00
    8725   1.0000000000E+00
    8726   1.0000000000E+00
    8727   1.0000000000E+00
    8728   1.0000000000E+00
    8729   1.0000000000E+00
    8730   1.0000000000E+00
    8731   1.0000000000E+00
    8732   1.0000000000E+00
    8733   1.0000000000E+00
    8734   1.0000000000E+00
    8735   1.0000000000E+00
    8736   1.0000000000E+00
    8737   1.0000000000E+00
    8738   1.0000000000E+00
    8739   1.0000000000E+00
    8740   1.0000000000E+00
    8741   1.0000000000E+00
    8742   1.0000000000E+00
    8743   1.0000000000E+00
    8744   1.0000000000E+00
    8745   1.0000000000E+00
    8746   1.0000000000E+00
    8747   1.0000000000E+00
    8748   1.0000000000E+00
    8749   1.0000000000E+00
    8750   1.0000000000E+00
    8751   1.0000000000E+00
    8752   1.0000000000E+00
    8753   1.0000000000E+00
    8754   1.0000000000E+00
    8755   1.0000000000E+00
    8756   1.0000000000E+00
    8757   1.0000000000E+00
    8758   1.0000000000E+00
    8759   1.0000000000E+00
    8760   1.0000000000E+00
    8761   1.0000000000E+00
    8762   1.0000000000E+00
    8763   1.0000000000E+00
    8764   1.0000000000E+00
    8765   1.0000000000E+00
    8766   1.0000000000E+00
    8767   1.0000000000E+00
    8768   1.0000000000E+00
    8769   1.0000000000E+00
    8770   1.0000000000E+00
    8771   1.0000000000E+00
    8772   1.0000000000E+00
    8773   1.0000000000E+00
    8774   1.0000000000E+00
    8775   1.0000000000E+00
    8776   1.0000000000E+00
    8777   1.0000000000E+00
    8778   1.0000000000E+00
    8779   1.0000000000E+00
    8780   1.0000000000E+00
    8781   1.0000000000E+00
    8782   1.0000000000E+00
    8783   1.0000000000E+00
    8784   1.0000000000E+00
    8785   1.0000000000E+00
    8786   1.0000000000E+00
    8787   1.0000000000E+00
    8788   1.0000000000E+00
    8789   1.0000000000E+00
    8790   1.0000000000E+00
    8791   1.0000000000E+00
    8792   1.0000000000E+00
    8793   1.0000000000E+00
    8794   1.0000000000E+00
    8795   1.0000000000E+00
    8796   1.0000000000E+00
    8797   1.0000000000E+00
    8798   1.0000000000E+00
    8799   1.0000000000E+00
    8800   1.0000000000E+00
    8801   1.0000000000E+00
    8802   1.0000000000E+00
    8803   1.0000000000E+00
    8804   1.0000000000E+00
    8805   1.0000000000E+00
    8806   1.0000000000E+00
    8807   1.0000000000E+00
    8808   1.0000000000E+00
    8809   1.0000000000E+00
    8810   1.0000000000E+00
    8811   1.0000000000E+00
    8812   1.0000000000E+00
    8813   1.0000000000E+00
    8814   1.0000000000E+00
    8815   1.0000000000E+00
    8816   1.0000000000E+00
    8817   1.0000000000E+00
    8818   1.0000000000E+00
    8819   1.0000000000E+00
    8820   1.0000000000E+00
    8821   1.0000000000E+00
    8822   1.0000000000E+00
    8823   1.0000000000E+00
    8824   1.0000000000E+00
    8825   1.0000000000E+00
    8826   1.0000000000E+00
    8827   1.0000000000E+00
    8828   1.0000000000E+00
    8829   1.0000000000E+00
    8830   1.0000000000E+00
    8831   1.0000000000E+00
    8832   1.0000000000E+00
    8833   1.0000000000E+00
    8834   1.0000000000E+00
    8835   1.0000000000E+00
    8836   1.0000000000E+00
    8837   1.0000000000E+00
    8838   1.0000000000E+00
    8839   1.0000000000E+00
    8840   1.0000000000E+00
    8841   1.0000000000E+00
    8842   1.0000000000E+00
    8843   1.0000000000E+00
    8844   1.0000000000E+00
    8845   1.0000000000E+00
    8846   1.0000000000E+00
    8847   1.0000000000E+00
    8848   1.0000000000E+00
    8849   1.0000000000E+00
    8850   1.0000000000E+00
    8851   1.0000000000E+00
    8852   1.0000000000E+00
    8853   1.0000000000E+00
    8854   1.0000000000E+00
    8855   1.0000000000E+00
    8856   1.0000000000E+00
    8857   1.0000000000E+00
    8858   1.0000000000E+00
    8859   1.0000000000E+00
    8860   1.0000000000E+00
    8861   1.0000000000E+00
    8862   1.0000000000E+00
    8863   1.0000000000E+00
    8864   1.0000000000E+00
    8865   1.0000000000E+00
    8866   1.0000000000E+00
    8867   1.0000000000E+00
    8868   1.0000000000E+00
    8869   1.0000000000E+00
    8870   1.0000000000E+00
    8871   1.0000000000E+00
    8872   1.0000000000E+00
    8873   1.0000000000E+00
    8874   1.0000000000E+00
    8875   1.0000000000E+00
    8876   1.0000000000E+00
    8877   1.0000000000E+00
    8878   1.0000000000E+00
    8879   1.0000000000E+00
    8880   1.0000000000E+00
    8881   1.0000000000E+00
    8882   1.0000000000E+00
    8883   1.0000000000E+00
    8884   1.0000000000E+00
    8885   1.0000000000E+00
    8886   1.0000000000E+00
    8887   1.0000000000E+00
    8888   1.0000000000E+00
    8889   1.0000000000E+00
    8890   1.0000000000E+00
    8891   1.0000000000E+00
    8892   1.0000000000E+00
    8893   1.0000000000E+00
    8894   1.0000000000E+00
    8895   1.0000000000E+00
    8896   1.0000000000E+00
    8897   1.0000000000E+00
    8898   1.0000000000E+00
    8899   1.0000000000E+00
    8900   1.0000000000E+00
    8901   1.0000000000E+00
    8902   1.0000000000E+00
    8903   1.0000000000E+00
    8904   1.0000000000E+00
    8905   1.0000000000E+00
    8906   1.0000000000E+00
    8907   1.0000000000E+00
    8908   1.0000000000E+00
    8909   1.0000000000E+00
    8910   1.0000000000E+00
    8911   1.0000000000E+00
    8912   1.0000000000E+00
    8913   1.0000000000E+00
    8914   1.0000000000E+00
    8915   1.0000000000E+00
    8916   1.0000000000E+00
    8917   1.0000000000E+00
    8918   1.0000000000E+00
    8919   1.0000000000E+00
    8920   1.0000000000E+00
    8921   1.0000000000E+00
    8922   1.0000000000E+00
    8923   1.0000000000E+00
    8924   1.0000000000E+00
    8925   1.0000000000E+00
    8926   1.0000000000E+00
    8927   1.0000000000E+00
    8928   1.0000000000E+00
    8929   1.0000000000E+00
    8930   1.0000000000E+00
    8931   1.0000000000E+00
    8932   1.0000000000E+00
    8933   1.0000000000E+00
    8934   1.0000000000E+00
    8935   1.0000000000E+00
    8936   1.0000000000E+00
    8937   1.0000000000E+00
    8938   1.0000000000E+00
    8939   1.0000000000E+00
    8940   1.0000000000E+00
    8941   1.0000000000E+00
    8942   1.0000000000E+00
    8943   1.0000000000E+00
    8944   1.0000000000E+00
    8945   1.0000000000E+00
    8946   1.0000000000E+00
    8947   1.0000000000E+00
    8948   1.0000000000E+00
    8949   1.0000000000E+00
    8950   1.0000000000E+00
    8951   1.0000000000E+00
    8952   1.0000000000E+00
    8953   1.0000000000E+00
    8954   1.0000000000E+00
    8955   1.0000000000E+00
    8956   1.0000000000E+00
    8957   1.0000000000E+00
    8958   1.0000000000E+00
    8959   1.0000000000E+00
    8960   1.0000000000E+00
    8961   1.0000000000E+00
    8962   1.0000000000E+00
    8963   1.0000000000E+00
    8964   1.0000000000E+00
    8965   1.0000000000E+00
    8966   1.0000000000E+00
    8967   1.0000000000E+00
    8968   1.0000000000E+00
    8969   1.0000000000E+00
    8970   1.0000000000E+00
    8971   1.0000000000E+00
    8972   1.0000000000E+00
    8973   1.0000000000E+00
    8974   1.0000000000E+00
    8975   1.0000000000E+00
    8976   1.0000000000E+00
    8977   1.0000000000E+00
    8978   1.0000000000E+00
    8979   1.0000000000E+00
    8980   1.0000000000E+00
    8981   1.0000000000E+00
    8982   1.0000000000E+00
    8983   1.0000000000E+00
    8984   1.0000000000E+00
    8985   1.0000000000E+00
    8986   1.0000000000E+00
    8987   1.0000000000E+00
    8988   1.0000000000E+00
    8989   1.0000000000E+00
    8990   1.0000000000E+00
    8991   1.0000000000E+00
    8992   1.0000000000E+00
    8993   1.0000000000E+00
    8994   1.0000000000E+00
    8995   1.0000000000E+00
    8996   1.0000000000E+00
    8997   1.0000000000E+00
    8998   1.0000000000E+00
    8999   1.0000000000E+00
    9000   1.0000000000E+00
    9001   1.0000000000E+00
    9002   1.0000000000E+00
    9003   1.0000000000E+00
    9004   1.0000000000E+00
    9005   1.0000000000E+00
    9006   1.0000000000E+00
    9007   1.0000000000E+00
    9008   1.0000000000E+00
    9009   1.0000000000E+00
    9010   1.0000000000E+00
    9011   1.0000000000E+00
    9012   1.0000000000E+00
    9013   1.0000000000E+00
    9014   1.0000000000E+00
    9015   1.0000000000E+00
    9016   1.0000000000E+00
    9017   1.0000000000E+00
    9018   1.0000000000E+00
    9019   1.0000000000E+00
    9020   1.0000000000E+00
    9021   1.0000000000E+00
    9022   1.0000000000E+00
    9023   1.0000000000E+00
    9024   1.0000000000E+00
    9025   1.0000000000E+00
    9026   1.0000000000E+00
    9027   1.0000000000E+00
    9028   1.0000000000E+00
    9029   1.0000000000E+00
    9030   1.0000000000E+00
    9031   1.0000000000E+00
    9032   1.0000000000E+00
    9033   1.0000000000E+00
    9034   1.0000000000E+00
    9035   1.0000000000E+00
    9036   1.0000000000E+00
    9037   1.0000000000E+00
    9038   1.0000000000E+00
    9039   1.0000000000E+00
    9040   1.0000000000E+00
    9041   1.0000000000E+00
    9042   1.0000000000E+00
    9043   1.0000000000E+00
    9044   1.0000000000E+00
    9045   1.0000000000E+00
    9046   1.0000000000E+00
    9047   1.0000000000E+00
    9048   1.0000000000E+00
    9049   1.0000000000E+00
    9050   1.0000000000E+00
    9051   1.0000000000E+00
    9052   1.0000000000E+00
    9053   1.0000000000E+00
    9054   1.0000000000E+00
    9055   1.0000000000E+00
    9056   1.0000000000E+00
    9057   1.0000000000E+00
    9058   1.0000000000E+00
    9059   1.0000000000E+00
    9060   1.0000000000E+00
    9061   1.0000000000E+00
    9062   1.0000000000E+00
    9063   1.0000000000E+00
    9064   1.0000000000E+00
    9065   1.0000000000E+00
    9066   1.0000000000E+00
    9067   1.0000000000E+00
    9068   1.0000000000E+00
    9069   1.0000000000E+00
    9070   1.0000000000E+00
    9071   1.0000000000E+00
    9072   1.0000000000E+00
    9073   1.0000000000E+00
    9074   1.0000000000E+00
    9075   1.0000000000E+00
    9076   1.0000000000E+00
    9077   1.0000000000E+00
    9078   1.0000000000E+00
    9079   1.0000000000E+00
    9080   1.0000000000E+00
    9081   1.0000000000E+00
    9082   1.0000000000E+00
    9083   1.0000000000E+00
    9084   1.0000000000E+00
    9085   1.0000000000E+00
    9086   1.0000000000E+00
    9087   1.0000000000E+00
    9088   1.0000000000E+00
    9089   1.0000000000E+00
    9090   1.0000000000E+00
    9091   1.0000000000E+00
    9092   1.0000000000E+00
    9093   1.0000000000E+00
    9094   1.0000000000E+00
    9095   1.0000000000E+00
    9096   1.0000000000E+00
    9097   1.0000000000E+00
    9098   1.0000000000E+00
    9099   1.0000000000E+00
    9100   1.0000000000E+00
    9101   1.0000000000E+00
    9102   1.0000000000E+00
    9103   1.0000000000E+00
    9104   1.0000000000E+00
    9105   1.0000000000E+00
    9106   1.0000000000E+00
    9107   1.0000000000E+00
    9108   1.0000000000E+00
    9109   1.0000000000E+00
    9110   1.0000000000E+00
    9111   1.0000000000E+00
    9112   1.0000000000E+00
    9113   1.0000000000E+00
    9114   1.0000000000E+00
    9115   1.0000000000E+00
    9116   1.0000000000E+00
    9117   1.0000000000E+00
    9118   1.0000000000E+00
    9119   1.0000000000E+00
    9120   1.0000000000E+00
    9121   1.0000000000E+00
    9122   1.0000000000E+00
    9123   1.0000000000E+00
    9124   1.0000000000E+00
    9125   1.0000000000E+00
    9126   1.0000000000E+00
    9127   1.0000000000E+00
    9128   1.0000000000E+00
    9129   1.0000000000E+00
    9130   1.0000000000E+00
    9131   1.0000000000E+00
    9132   1.0000000000E+00
    9133   1.0000000000E+00
    9134   1.0000000000E+00
    9135   1.0000000000E+00
    9136   1.0000000000E+00
    9137   1.0000000000E+00
    9138   1.0000000000E+00
    9139   1.0000000000E+00
    9140   1.0000000000E+00
    9141   1.0000000000E+00
    9142   1.0000000000E+00
    9143   1.0000000000E+00
    9144   1.0000000000E+00
    9145   1.0000000000E+00
    9146   1.0000000000E+00
    9147   1.0000000000E+00
    9148   1.0000000000E+00
    9149   1.0000000000E+00
    9150   1.0000000000E+00
    9151   1.0000000000E+00
    9152   1.0000000000E+00
    9153   1.0000000000E+00
    9154   1.0000000000E+00
    9155   1.0000000000E+00
    9156   1.0000000000E+00
    9157   1.0000000000E+00
    9158   1.0000000000E+00
    9159   1.0000000000E+00
    9160   1.0000000000E+00
    9161   1.0000000000E+00
    9162   1.0000000000E+00
    9163   1.0000000000E+00
    9164   1.0000000000E+00
    9165   1.0000000000E+00
    9166   1.0000000000E+00
    9167   1.0000000000E+00
    9168   1.0000000000E+00
    9169   1.0000000000E+00
    9170   1.0000000000E+00
    9171   1.0000000000E+00
    9172   1.0000000000E+00
    9173   1.0000000000E+00
    9174   1.0000000000E+00
    9175   1.0000000000E+00
    9176   1.0000000000E+00
    9177   1.0000000000E+00
    9178   1.0000000000E+00
    9179   1.0000000000E+00
    9180   1.0000000000E+00
    9181   1.0000000000E+00
    9182   1.0000000000E+00
    9183   1.0000000000E+00
    9184   1.0000000000E+00
    9185   1.0000000000E+00
    9186   1.0000000000E+00
    9187   1.0000000000E+00
    9188   1.0000000000E+00
    9189   1.0000000000E+00
    9190   1.0000000000E+00
    9191   1.0000000000E+00
    9192   1.0000000000E+00
    9193   1.0000000000E+00
    9194   1.0000000000E+00
    9195   1.0000000000E+00
    9196   1.0000000000E+00
    9197   1.0000000000E+00
    9198   1.0000000000E+00
    9199   1.0000000000E+00
    9200   1.0000000000E+00
    9201   1.0000000000E+00
    9202   1.0000000000E+00
    9203   1.0000000000E+00
    9204   1.0000000000E+00
    9205   1.0000000000E+00
    9206   1.0000000000E+00
    9207   1.0000000000E+00
    9208   1.0000000000E+00
    9209   1.0000000000E+00
    9210   1.0000000000E+00
    9211   1.0000000000E+00
    9212   1.0000000000E+00
    9213   1.0000000000E+00
    9214   1.0000000000E+00
    9215   1.0000000000E+00
    9216   1.0000000000E+00
    9217   1.0000000000E+00
    9218   1.0000000000E+00
    9219   1.0000000000E+00
    9220   1.0000000000E+00
    9221   1.0000000000E+00
    9222   1.0000000000E+00
    9223   1.0000000000E+00
    9224   1.0000000000E+00
    9225   1.0000000000E+00
    9226   1.0000000000E+00
    9227   1.0000000000E+00
    9228   1.0000000000E+00
    9229   1.0000000000E+00
    9230   1.0000000000E+00
    9231   1.0000000000E+00
    9232   1.0000000000E+00
    9233   1.0000000000E+00
    9234   1.0000000000E+00
    9235   1.0000000000E+00
    9236   1.0000000000E+00
    9237   1.0000000000E+00
    9238   1.0000000000E+00
    9239   1.0000000000E+00
    9240   1.0000000000E+00
    9241   1.0000000000E+00
    9242   1.0000000000E+00
    9243   1.0000000000E+00
    9244   1.0000000000E+00
    9245   1.0000000000E+00
    9246   1.0000000000E+00
    9247   1.0000000000E+00
    9248   1.0000000000E+00
    9249   1.0000000000E+00
    9250   1.0000000000E+00
    9251   1.0000000000E+00
    9252   1.0000000000E+00
    9253   1.0000000000E+00
    9254   1.0000000000E+00
    9255   1.0000000000E+00
    9256   1.0000000000E+00
    9257   1.0000000000E+00
    9258   1.0000000000E+00
    9259   1.0000000000E+00
    9260   1.0000000000E+00
    9261   1.0000000000E+00
    9262   1.0000000000E+00
    9263   1.0000000000E+00
    9264   1.0000000000E+00
    9265   1.0000000000E+00
    9266   1.0000000000E+00
    9267   1.0000000000E+00
    9268   1.0000000000E+00
    9269   1.0000000000E+00
    9270   1.0000000000E+00
    9271   1.0000000000E+00
    9272   1.0000000000E+00
    9273   1.0000000000E+00
    9274   1.0000000000E+00
    9275   1.0000000000E+00
    9276   1.0000000000E+00
    9277   1.0000000000E+00
    9278   1.0000000000E+00
    9279   1.0000000000E+00
    9280   1.0000000000E+00
    9281   1.0000000000E+00
    9282   1.0000000000E+00
    9283   1.0000000000E+00
    9284   1.0000000000E+00
    9285   1.0000000000E+00
    9286   1.0000000000E+00
    9287   1.0000000000E+00
    9288   1.0000000000E+00
    9289   1.0000000000E+00
    9290   1.0000000000E+00
    9291   1.0000000000E+00
    9292   1.0000000000E+00
    9293   1.0000000000E+00
    9294   1.0000000000E+00
    9295   1.0000000000E+00
    9296   1.0000000000E+00
    9297   1.0000000000E+00
    9298   1.0000000000E+00
    9299   1.0000000000E+00
    9300   1.0000000000E+00
    9301   1.0000000000E+00
    9302   1.0000000000E+00
    9303   1.0000000000E+00
    9304   1.0000000000E+00
    9305   1.0000000000E+00
    9306   1.0000000000E+00
    9307   1.0000000000E+00
    9308   1.0000000000E+00
    9309   1.0000000000E+00
    9310   1.0000000000E+00
    9311   1.0000000000E+00
    9312   1.0000000000E+00
    9313   1.0000000000E+00
    9314   1.0000000000E+00
    9315   1.0000000000E+00
    9316   1.0000000000E+00
    9317   1.0000000000E+00
    9318   1.0000000000E+00
    9319   1.0000000000E+00
    9320   1.0000000000E+00
    9321   1.0000000000E+00
    9322   1.0000000000E+00
    9323   1.0000000000E+00
    9324   1.0000000000E+00
    9325   1.0000000000E+00
    9326   1.0000000000E+00
    9327   1.0000000000E+00
    9328   1.0000000000E+00
    9329   1.0000000000E+00
    9330   1.0000000000E+00
    9331   1.0000000000E+00
    9332   1.0000000000E+00
    9333   1.0000000000E+00
    9334   1.0000000000E+00
    9335   1.0000000000E+00
    9336   1.0000000000E+00
    9337   1.0000000000E+00
    9338   1.0000000000E+00
    9339   1.0000000000E+00
    9340   1.0000000000E+00
    9341   1.0000000000E+00
    9342   1.0000000000E+00
    9343   1.0000000000E+00
    9344   1.0000000000E+00
    9345   1.0000000000E+00
    9346   1.0000000000E+00
    9347   1.0000000000E+00
    9348   1.0000000000E+00
    9349   1.0000000000E+00
    9350   1.0000000000E+00
    9351   1.0000000000E+00
    9352   1.0000000000E+00
    9353   1.0000000000E+00
    9354   1.0000000000E+00
    9355   1.0000000000E+00
    9356   1.0000000000E+00
    9357   1.0000000000E+00
    9358   1.0000000000E+00
    9359   1.0000000000E+00
    9360   1.0000000000E+00
    9361   1.0000000000E+00
    9362   1.0000000000E+00
    9363   1.0000000000E+00
    9364   1.0000000000E+00
    9365   1.0000000000E+00
    9366   1.0000000000E+00
    9367   1.0000000000E+00
    9368   1.0000000000E+00
    9369   1.0000000000E+00
    9370   1.0000000000E+00
    9371   1.0000000000E+00
    9372   1.0000000000E+00
    9373   1.0000000000E+00
    9374   1.0000000000E+00
    9375   1.0000000000E+00
    9376   1.0000000000E+00
    9377   1.0000000000E+00
    9378   1.0000000000E+00
    9379   1.0000000000E+00
    9380   1.0000000000E+00
    9381   1.0000000000E+00
    9382   1.0000000000E+00
    9383   1.0000000000E+00
    9384   1.0000000000E+00
    9385   1.0000000000E+00
    9386   1.0000000000E+00
    9387   1.0000000000E+00
    9388   1.0000000000E+00
    9389   1.0000000000E+00
    9390   1.0000000000E+00
    9391   1.0000000000E+00
    9392   1.0000000000E+00
    9393   1.0000000000E+00
    9394   1.0000000000E+00
    9395   1.0000000000E+00
    9396   1.0000000000E+00
    9397   1.0000000000E+00
    9398   1.0000000000E+00
    9399   1.0000000000E+00
    9400   1.0000000000E+00
    9401   1.0000000000E+00
    9402   1.0000000000E+00
    9403   1.0000000000E+00
    9404   1.0000000000E+00
    9405   1.0000000000E+00
    9406   1.0000000000E+00
    9407   1.0000000000E+00
    9408   1.0000000000E+00
    9409   1.0000000000E+00
    9410   1.0000000000E+00
    9411   1.0000000000E+00
    9412   1.0000000000E+00
    9413   1.0000000000E+00
    9414   1.0000000000E+00
    9415   1.0000000000E+00
    9416   1.0000000000E+00
    9417   1.0000000000E+00
    9418   1.0000000000E+00
    9419   1.0000000000E+00
    9420   1.0000000000E+00
    9421   1.0000000000E+00
    9422   1.0000000000E+00
    9423   1.0000000000E+00
    9424   1.0000000000E+00
    9425   1.0000000000E+00
    9426   1.0000000000E+00
    9427   1.0000000000E+00
    9428   1.0000000000E+00
    9429   1.0000000000E+00
    9430   1.0000000000E+00
    9431   1.0000000000E+00
    9432   1.0000000000E+00
    9433   1.0000000000E+00
    9434   1.0000000000E+00
    9435   1.0000000000E+00
    9436   1.0000000000E+00
    9437   1.0000000000E+00
    9438   1.0000000000E+00
    9439   1.0000000000E+00
    9440   1.0000000000E+00
    9441   1.0000000000E+00
    9442   1.0000000000E+00
    9443   1.0000000000E+00
    9444   1.0000000000E+00
    9445   1.0000000000E+00
    9446   1.0000000000E+00
    9447   1.0000000000E+00
    9448   1.0000000000E+00
    9449   1.0000000000E+00
    9450   1.0000000000E+00
    9451   1.0000000000E+00
    9452   1.0000000000E+00
    9453   1.0000000000E+00
    9454   1.0000000000E+00
    9455   1.0000000000E+00
    9456   1.0000000000E+00
    9457   1.0000000000E+00
    9458   1.0000000000E+00
    9459   1.0000000000E+00
    9460   1.0000000000E+00
    9461   1.0000000000E+00
    9462   1.0000000000E+00
    9463   1.0000000000E+00
    9464   1.0000000000E+00
    9465   1.0000000000E+00
    9466   1.0000000000E+00
    9467   1.0000000000E+00
    9468   1.0000000000E+00
    9469   1.0000000000E+00
    9470   1.0000000000E+00
    9471   1.0000000000E+00
    9472   1.0000000000E+00
    9473   1.0000000000E+00
    9474   1.0000000000E+00
    9475   1.0000000000E+00
    9476   1.0000000000E+00
    9477   1.0000000000E+00
    9478   1.0000000000E+00
    9479   1.0000000000E+00
    9480   1.0000000000E+00
    9481   1.0000000000E+00
    9482   1.0000000000E+00
    9483   1.0000000000E+00
    9484   1.0000000000E+00
    9485   1.0000000000E+00
    9486   1.0000000000E+00
    9487   1.0000000000E+00
    9488   1.0000000000E+00
    9489   1.0000000000E+00
    9490   1.0000000000E+00
    9491   1.0000000000E+00
    9492   1.0000000000E+00
    9493   1.0000000000E+00
    9494   1.0000000000E+00
    9495   1.0000000000E+00
    9496   1.0000000000E+00
    9497   1.0000000000E+00
    9498   1.0000000000E+00
    9499   1.0000000000E+00
    9500   1.0000000000E+00
    9501   1.0000000000E+00
    9502   1.0000000000E+00
    9503   1.0000000000E+00
    9504   1.0000000000E+00
    9505   1.0000000000E+00
    9506   1.0000000000E+00
    9507   1.0000000000E+00
    9508   1.0000000000E+00
    9509   1.0000000000E+00
    9510   1.0000000000E+00
    9511   1.0000000000E+00
    9512   1.0000000000E+00
    9513   1.0000000000E+00
    9514   1.0000000000E+00
    9515   1.0000000000E+00
    9516   1.0000000000E+00
    9517   1.0000000000E+00
    9518   1.0000000000E+00
    9519   1.0000000000E+00
    9520   1.0000000000E+00
    9521   1.0000000000E+00
    9522   1.0000000000E+00
    9523   1.0000000000E+00
    9524   1.0000000000E+00
    9525   1.0000000000E+00
    9526   1.0000000000E+00
    9527   1.0000000000E+00
    9528   1.0000000000E+00
    9529   1.0000000000E+00
    9530   1.0000000000E+00
    9531   1.0000000000E+00
    9532   1.0000000000E+00
    9533   1.0000000000E+00
    9534   1.0000000000E+00
    9535   1.0000000000E+00
    9536   1.0000000000E+00
    9537   1.0000000000E+00
    9538   1.0000000000E+00
    9539   1.0000000000E+00
    9540   1.0000000000E+00
    9541   1.0000000000E+00
    9542   1.0000000000E+00
    9543   1.0000000000E+00
    9544   1.0000000000E+00
    9545   1.0000000000E+00
    9546   1.0000000000E+00
    9547   1.0000000000E+00
    9548   1.0000000000E+00
    9549   1.0000000000E+00
    9550   1.0000000000E+00
    9551   1.0000000000E+00
    9552   1.0000000000E+00
    9553   1.0000000000E+00
    9554   1.0000000000E+00
    9555   1.0000000000E+00
    9556   1.0000000000E+00
    9557   1.0000000000E+00
    9558   1.0000000000E+00
    9559   1.0000000000E+00
    9560   1.0000000000E+00
    9561   1.0000000000E+00
    9562   1.0000000000E+00
    9563   1.0000000000E+00
    9564   1.0000000000E+00
    9565   1.0000000000E+00
    9566   1.0000000000E+00
    9567   1.0000000000E+00
    9568   1.0000000000E+00
    9569   1.0000000000E+00
    9570   1.0000000000E+00
    9571   1.0000000000E+00
    9572   1.0000000000E+00
    9573   1.0000000000E+00
    9574   1.0000000000E+00
    9575   1.0000000000E+00
    9576   1.0000000000E+00
    9577   1.0000000000E+00
    9578   1.0000000000E+00
    9579   1.0000000000E+00
    9580   1.0000000000E+00
    9581   1.0000000000E+00
    9582   1.0000000000E+00
    9583   1.0000000000E+00
    9584   1.0000000000E+00
    9585   1.0000000000E+00
    9586   1.0000000000E+00
    9587   1.0000000000E+00
    9588   1.0000000000E+00
    9589   1.0000000000E+00
    9590   1.0000000000E+00
    9591   1.0000000000E+00
    9592   1.0000000000E+00
    9593   1.0000000000E+00
    9594   1.0000000000E+00
    9595   1.0000000000E+00
    9596   1.0000000000E+00
    9597   1.0000000000E+00
    9598   1.0000000000E+00
    9599   1.0000000000E+00
    9600   1.0000000000E+00
    9601   1.0000000000E+00
    9602   1.0000000000E+00
    9603   1.0000000000E+00
    9604   1.0000000000E+00
    9605   1.0000000000E+00
    9606   1.0000000000E+00
    9607   1.0000000000E+00
    9608   1.0000000000E+00
    9609   1.0000000000E+00
    9610   1.0000000000E+00
    9611   1.0000000000E+00
    9612   1.0000000000E+00
    9613   1.0000000000E+00
    9614   1.0000000000E+00
    9615   1.0000000000E+00
    9616   1.0000000000E+00
    9617   1.0000000000E+00
    9618   1.0000000000E+00
    9619   1.0000000000E+00
    9620   1.0000000000E+00
    9621   1.0000000000E+00
    9622   1.0000000000E+00
    9623   1.0000000000E+00
    9624   1.0000000000E+00
    9625   1.0000000000E+00
    9626   1.0000000000E+00
    9627   1.0000000000E+00
    9628   1.0000000000E+00
    9629   1.0000000000E+00
    9630   1.0000000000E+00
    9631   1.0000000000E+00
    9632   1.0000000000E+00
    9633   1.0000000000E+00
    9634   1.0000000000E+00
    9635   1.0000000000E+00
    9636   1.0000000000E+00
    9637   1.0000000000E+00
    9638   1.0000000000E+00
    9639   1.0000000000E+00
    9640   1.0000000000E+00
    9641   1.0000000000E+00
    9642   1.0000000000E+00
    9643   1.0000000000E+00
    9644   1.0000000000E+00
    9645   1.0000000000E+00
    9646   1.0000000000E+00
    9647   1.0000000000E+00
    9648   1.0000000000E+00
    9649   1.0000000000E+00
    9650   1.0000000000E+00
    9651   1.0000000000E+00
    9652   1.0000000000E+00
    9653   1.0000000000E+00
    9654   1.0000000000E+00
    9655   1.0000000000E+00
    9656   1.0000000000E+00
    9657   1.0000000000E+00
    9658   1.0000000000E+00
    9659   1.0000000000E+00
    9660   1.0000000000E+00
    9661   1.0000000000E+00
    9662   1.0000000000E+00
    9663   1.0000000000E+00
    9664   1.0000000000E+00
    9665   1.0000000000E+00
    9666   1.0000000000E+00
    9667   1.0000000000E+00
    9668   1.0000000000E+00
    9669   1.0000000000E+00
    9670   1.0000000000E+00
    9671   1.0000000000E+00
    9672   1.0000000000E+00
    9673   1.0000000000E+00
    9674   1.0000000000E+00
    9675   1.0000000000E+00
    9676   1.0000000000E+00
    9677   1.0000000000E+00
    9678   1.0000000000E+00
    9679   1.0000000000E+00
    9680   1.0000000000E+00
    9681   1.0000000000E+00
    9682   1.0000000000E+00
    9683   1.0000000000E+00
    9684   1.0000000000E+00
    9685   1.0000000000E+00
    9686   1.0000000000E+00
    9687   1.0000000000E+00
    9688   1.0000000000E+00
    9689   1.0000000000E+00
    9690   1.0000000000E+00
    9691   1.0000000000E+00
    9692   1.0000000000E+00
    9693   1.0000000000E+00
    9694   1.0000000000E+00
    9695   1.0000000000E+00
    9696   1.0000000000E+00
    9697   1.0000000000E+00
    9698   1.0000000000E+00
    9699   1.0000000000E+00
    9700   1.0000000000E+00
    9701   1.0000000000E+00
    9702   1.0000000000E+00
    9703   1.0000000000E+00
    9704   1.0000000000E+00
    9705   1.0000000000E+00
    9706   1.0000000000E+00
    9707   1.0000000000E+00
    9708   1.0000000000E+00
    9709   1.0000000000E+00
    9710   1.0000000000E+00
    9711   1.0000000000E+00
    9712   1.0000000000E+00
    9713   1.0000000000E+00
    9714   1.0000000000E+00
    9715   1.0000000000E+00
    9716   1.0000000000E+00
    9717   1.0000000000E+00
    9718   1.0000000000E+00
    9719   1.0000000000E+00
    9720   1.0000000000E+00
    9721   1.0000000000E+00
    9722   1.0000000000E+00
    9723   1.0000000000E+00
    9724   1.0000000000E+00
    9725   1.0000000000E+00
    9726   1.0000000000E+00
    9727   1.0000000000E+00
    9728   1.0000000000E+00
    9729   1.0000000000E+00
    9730   1.0000000000E+00
    9731   1.0000000000E+00
    9732   1.0000000000E+00
    9733   1.0000000000E+00
    9734   1.0000000000E+00
    9735   1.0000000000E+00
    9736   1.0000000000E+00
    9737   1.0000000000E+00
    9738   1.0000000000E+00
    9739   1.0000000000E+00
    9740   1.0000000000E+00
    9741   1.0000000000E+00
    9742   1.0000000000E+00
    9743   1.0000000000E+00
    9744   1.0000000000E+00
    9745   1.0000000000E+00
    9746   1.0000000000E+00
    9747   1.0000000000E+00
    9748   1.0000000000E+00
    9749   1.0000000000E+00
    9750   1.0000000000E+00
    9751   1.0000000000E+00
    9752   1.0000000000E+00
    9753   1.0000000000E+00
    9754   1.0000000000E+00
    9755   1.0000000000E+00
    9756   1.0000000000E+00
    9757   1.0000000000E+00
    9758   1.0000000000E+00
    9759   1.0000000000E+00
    9760   1.0000000000E+00
    9761   1.0000000000E+00
    9762   1.0000000000E+00
    9763   1.0000000000E+00
    9764   1.0000000000E+00
    9765   1.0000000000E+00
    9766   1.0000000000E+00
    9767   1.0000000000E+00
    9768   1.0000000000E+00
    9769   1.0000000000E+00
    9770   1.0000000000E+00
    9771   1.0000000000E+00
    9772   1.0000000000E+00
    9773   1.0000000000E+00
    9774   1.0000000000E+00
    9775   1.0000000000E+00
    9776   1.0000000000E+00
    9777   1.0000000000E+00
    9778   1.0000000000E+00
    9779   1.0000000000E+00
    9780   1.0000000000E+00
    9781   1.0000000000E+00
    9782   1.0000000000E+00
    9783   1.0000000000E+00
    9784   1.0000000000E+00
    9785   1.0000000000E+00
    9786   1.0000000000E+00
    9787   1.0000000000E+00
    9788   1.0000000000E+00
    9789   1.0000000000E+00
    9790   1.0000000000E+00
    9791   1.0000000000E+00
    9792   1.0000000000E+00
    9793   1.0000000000E+00
    9794   1.0000000000E+00
    9795   1.0000000000E+00
    9796   1.0000000000E+00
    9797   1.0000000000E+00
    9798   1.0000000000E+00
    9799   1.0000000000E+00
    9800   1.0000000000E+00
    9801   1.0000000000E+00
    9802   1.0000000000E+00
    9803   1.0000000000E+00
    9804   1.0000000000E+00
    9805   1.0000000000E+00
    9806   1.0000000000E+00
    9807   1.0000000000E+00
    9808   1.0000000000E+00
    9809   1.0000000000E+00
    9810   1.0000000000E+00
    9811   1.0000000000E+00
    9812   1.0000000000E+00
    9813   1.0000000000E+00
    9814   1.0000000000E+00
    9815   1.0000000000E+00
    9816   1.0000000000E+00
    9817   1.0000000000E+00
    9818   1.0000000000E+00
    9819   1.0000000000E+00
    9820   1.0000000000E+00
    9821   1.0000000000E+00
    9822   1.0000000000E+00
    9823   1.0000000000E+00
    9824   1.0000000000E+00
    9825   1.0000000000E+00
    9826   1.0000000000E+00
    9827   1.0000000000E+00
    9828   1.0000000000E+00
    9829   1.0000000000E+00
    9830   1.0000000000E+00
    9831   1.0000000000E+00
    9832   1.0000000000E+00
    9833   1.0000000000E+00
    9834   1.0000000000E+00
    9835   1.0000000000E+00
    9836   1.0000000000E+00
    9837   1.0000000000E+00
    9838   1.0000000000E+00
    9839   1.0000000000E+00
    9840   1.0000000000E+00
    9841   1.0000000000E+00
    9842   1.0000000000E+00
    9843   1.0000000000E+00
    9844   1.0000000000E+00
    9845   1.0000000000E+00
    9846   1.0000000000E+00
    9847   1.0000000000E+00
    9848   1.0000000000E+00
    9849   1.0000000000E+00
    9850   1.0000000000E+00
    9851   1.0000000000E+00
    9852   1.0000000000E+00
    9853   1.0000000000E+00
    9854   1.0000000000E+00
    9855   1.0000000000E+00
    9856   1.0000000000E+00
    9857   1.0000000000E+00
    9858   1.0000000000E+00
    9859   1.0000000000E+00
    9860   1.0000000000E+00
    9861   1.0000000000E+00
    9862   1.0000000000E+00
    9863   1.0000000000E+00
    9864   1.0000000000E+00
    9865   1.0000000000E+00
    9866   1.0000000000E+00
    9867   1.0000000000E+00
    9868   1.0000000000E+00
    9869   1.0000000000E+00
    9870   1.0000000000E+00
    9871   1.0000000000E+00
    9872   1.0000000000E+00
    9873   1.0000000000E+00
    9874   1.0000000000E+00
    9875   1.0000000000E+00
    9876   1.0000000000E+00
    9877   1.0000000000E+00
    9878   1.0000000000E+00
    9879   1.0000000000E+00
    9880   1.0000000000E+00
    9881   1.0000000000E+00
    9882   1.0000000000E+00
    9883   1.0000000000E+00
    9884   1.0000000000E+00
    9885   1.0000000000E+00
    9886   1.0000000000E+00
    9887   1.0000000000E+00
    9888   1.0000000000E+00
    9889   1.0000000000E+00
    9890   1.0000000000E+00
    9891   1.0000000000E+00
    9892   1.0000000000E+00
    9893   1.0000000000E+00
    9894   1.0000000000E+00
    9895   1.0000000000E+00
    9896   1.0000000000E+00
    9897   1.0000000000E+00
    9898   1.0000000000E+00
    9899   1.0000000000E+00
    9900   1.0000000000E+00
    9901   1.0000000000E+00
    9902   1.0000000000E+00
    9903   1.0000000000E+00
    9904   1.0000000000E+00
    9905   1.0000000000E+00
    9906   1.0000000000E+00
    9907   1.0000000000E+00
    9908   1.0000000000E+00
    9909   1.0000000000E+00
    9910   1.0000000000E+00
    9911   1.0000000000E+00
    9912   1.0000000000E+00
    9913   1.0000000000E+00
    9914   1.0000000000E+00
    9915   1.0000000000E+00
    9916   1.0000000000E+00
    9917   1.0000000000E+00
    9918   1.0000000000E+00
    9919   1.0000000000E+00
    9920   1.0000000000E+00
    9921   1.0000000000E+00
    9922   1.0000000000E+00
    9923   1.0000000000E+00
    9924   1.0000000000E+00
    9925   1.0000000000E+00
    9926   1.0000000000E+00
    9927   1.0000000000E+00
    9928   1.0000000000E+00
    9929   1.0000000000E+00
    9930   1.0000000000E+00
    9931   1.0000000000E+00
    9932   1.0000000000E+00
    9933   1.0000000000E+00
    9934   1.0000000000E+00
    9935   1.0000000000E+00
    9936   1.0000000000E+00
    9937   1.0000000000E+00
    9938   1.0000000000E+00
    9939   1.0000000000E+00
    9940   1.0000000000E+00
    9941   1.0000000000E+00
    9942   1.0000000000E+00
    9943   1.0000000000E+00
    9944   1.0000000000E+00
    9945   1.0000000000E+00
    9946   1.0000000000E+00
    9947   1.0000000000E+00
    9948   1.0000000000E+00
    9949   1.0000000000E+00
    9950   1.0000000000E+00
    9951   1.0000000000E+00
    9952   1.0000000000E+00
    9953   1.0000000000E+00
    9954   1.0000000000E+00
    9955   1.0000000000E+00
    9956   1.0000000000E+00
    9957   1.0000000000E+00
    9958   1.0000000000E+00
    9959   1.0000000000E+00
    9960   1.0000000000E+00
    9961   1.0000000000E+00
    9962   1.0000000000E+00
    9963   1.0000000000E+00
    9964   1.0000000000E+00
    9965   1.0000000000E+00
    9966   1.0000000000E+00
    9967   1.0000000000E+00
    9968   1.0000000000E+00
    9969   1.0000000000E+00
    9970   1.0000000000E+00
    9971   1.0000000000E+00
    9972   1.0000000000E+00
    9973   1.0000000000E+00
    9974   1.0000000000E+00
    9975   1.0000000000E+00
    9976   1.0000000000E+00
    9977   1.0000000000E+00
    9978   1.0000000000E+00
    9979   1.0000000000E+00
    9980   1.0000000000E+00
    9981   1.0000000000E+00
    9982   1.0000000000E+00
    9983   1.0000000000E+00
    9984   1.0000000000E+00
    9985   1.0000000000E+00
    9986   1.0000000000E+00
    9987   1.0000000000E+00
    9988   1.0000000000E+00
    9989   1.0000000000E+00
    9990   1.0000000000E+00
    9991   1.0000000000E+00
    9992   1.0000000000E+00
    9993   1.0000000000E+00
    9994   1.0000000000E+00
    9995   1.0000000000E+00
    9996   1.0000000000E+00
    9997   1.0000000000E+00
    9998   1.0000000000E+00
    9999   1.0000000000E+00
   10000   8.3593750000E-01
   10001   1.6406250000E-01
   10002   0.0000000000E+00
   10003   0.0000000000E+00
