# ic  density_f1
      -2   0.0000000000E+00
      -1   1.8536167956E-01
       0   9.0855768421E-01
       1   1.0803747135E+00
       2   1.0793309164E+00
       3   1.0788868299E+00
       4   1.0790638019E+00
       5   1.0774410134E+00
       6   1.0770419582E+00
       7   1.0761158963E+00
       8   1.0749985468E+00
       9   1.0748261244E+00
      10   1.0757256505E+00
      11   1.0760329661E+00
      12   1.0757951953E+00
      13   1.0767157258E+00
      14   1.0761734254E+00
      15   1.0753236339E+00
      16   1.0751510136E+00
      17   1.0752113466E+00
      18   1.0737039447E+00
      19   1.0736490917E+00
      20   1.0723099681E+00
      21   1.0711437048E+00
      22   1.0703675743E+00
      23   1.0702021517E+00
      24   1.0696884807E+00
      25   1.0687874820E+00
      26   1.0690439026E+00
      27   1.0694965511E+00
      28   1.0687893859E+00
      29   1.0685822741E+00
      30   1.0686463022E+00
      31   1.0679549969E+00
      32   1.0663850578E+00
      33   1.0657159142E+00
      34   1.0638200786E+00
      35   1.0621524134E+00
      36   1.0610038447E+00
      37   1.0602377526E+00
      38   1.0602794272E+00
      39   1.0595361790E+00
      40   1.0591221784E+00
      41   1.0590142517E+00
      42   1.0591344125E+00
      43   1.0581026941E+00
      44   1.0574000766E+00
      45   1.0567743786E+00
      46   1.0567137891E+00
      47   1.0566120975E+00
      48   1.0564247890E+00
      49   1.0569941055E+00
      50   1.0575971471E+00
      51   1.0572632833E+00
      52   1.0571744467E+00
      53   1.0567827948E+00
      54   1.0560476147E+00
      55   1.0553013955E+00
      56   1.0534447097E+00
      57   1.0519100536E+00
      58   1.0507010519E+00
      59   1.0500700815E+00
      60   1.0492046252E+00
      61   1.0483506480E+00
      62   1.0478932779E+00
      63   1.0476193183E+00
      64   1.0476082562E+00
      65   1.0478204140E+00
      66   1.0473132925E+00
      67   1.0470134808E+00
      68   1.0467864896E+00
      69   1.0465920562E+00
      70   1.0457069528E+00
      71   1.0449860204E+00
      72   1.0441920327E+00
      73   1.0434686390E+00
      74   1.0429623871E+00
      75   1.0427995614E+00
      76   1.0426307108E+00
      77   1.0417912335E+00
      78   1.0408434818E+00
      79   1.0395957380E+00
      80   1.0382148691E+00
      81   1.0370337498E+00
      82   1.0356715531E+00
      83   1.0344380667E+00
      84   1.0335101730E+00
      85   1.0327751054E+00
      86   1.0321439029E+00
      87   1.0314421421E+00
      88   1.0305307408E+00
      89   1.0295447420E+00
      90   1.0284414387E+00
      91   1.0275261602E+00
      92   1.0270338093E+00
      93   1.0267768872E+00
      94   1.0266102143E+00
      95   1.0264684989E+00
      96   1.0264745511E+00
      97   1.0264420422E+00
      98   1.0263508838E+00
      99   1.0261743899E+00
     100   1.0257482675E+00
     101   1.0251163586E+00
     102   1.0244170050E+00
     103   1.0237665726E+00
     104   1.0231939312E+00
     105   1.0226767851E+00
     106   1.0222123757E+00
     107   1.0218296271E+00
     108   1.0215268854E+00
     109   1.0212516099E+00
     110   1.0206346277E+00
     111   1.0197210637E+00
     112   1.0185307442E+00
     113   1.0171957873E+00
     114   1.0158816161E+00
     115   1.0146760648E+00
     116   1.0136027475E+00
     117   1.0126960540E+00
     118   1.0120446326E+00
     119   1.0117432514E+00
     120   1.0118012765E+00
     121   1.0121074673E+00
     122   1.0124832923E+00
     123   1.0127767416E+00
     124   1.0129184600E+00
     125   1.0128831772E+00
     126   1.0125634353E+00
     127   1.0119871208E+00
     128   1.0111327843E+00
     129   1.0100899919E+00
     130   1.0090169469E+00
     131   1.0080484077E+00
     132   1.0072254187E+00
     133   1.0065055393E+00
     134   1.0058361202E+00
     135   1.0052134878E+00
     136   1.0046687770E+00
     137   1.0042049011E+00
     138   1.0037496790E+00
     139   1.0031793567E+00
     140   1.0023976399E+00
     141   1.0014033232E+00
     142   1.0002881340E+00
     143   9.9917888640E-01
     144   9.9817044897E-01
     145   9.9729783022E-01
     146   9.9654985892E-01
     147   9.9588952328E-01
     148   9.9526172547E-01
     149   9.9459691466E-01
     150   9.9382818719E-01
     151   9.9293022754E-01
     152   9.9195618968E-01
     153   9.9103191874E-01
     154   9.9029899423E-01
     155   9.8984340359E-01
     156   9.8964995897E-01
     157   9.8961739283E-01
     158   9.8962071994E-01
     159   9.8955546477E-01
     160   9.8939546497E-01
     161   9.8912435287E-01
     162   9.8866424942E-01
     163   9.8798590697E-01
     164   9.8709792215E-01
     165   9.8609426011E-01
     166   9.8513085972E-01
     167   9.8434717490E-01
     168   9.8379503246E-01
     169   9.8342923849E-01
     170   9.8315932113E-01
     171   9.8291270345E-01
     172   9.8266017097E-01
     173   9.8238947768E-01
     174   9.8207037808E-01
     175   9.8161607839E-01
     176   9.8114781330E-01
     177   9.8070579005E-01
     178   9.8036909167E-01
     179   9.8026514809E-01
     180   9.8036849044E-01
     181   9.8053818806E-01
     182   9.8059165388E-01
     183   9.8039867471E-01
     184   9.7992071405E-01
     185   9.7918567945E-01
     186   9.7825008499E-01
     187   9.7718596129E-01
     188   9.7608940046E-01
     189   9.7505482133E-01
     190   9.7410284779E-01
     191   9.7352550715E-01
     192   9.7289887211E-01
     193   9.7212555249E-01
     194   9.7113275559E-01
     195   9.6995877844E-01
     196   9.6872028793E-01
     197   9.6743367792E-01
     198   9.6669033836E-01
     199   9.6605861954E-01
     200   9.6552629323E-01
     201   9.6508656986E-01
     202   9.6472259955E-01
     203   9.6443515877E-01
     204   9.6411324263E-01
     205   9.6377335910E-01
     206   9.6377287195E-01
     207   9.6354386936E-01
     208   9.6331119578E-01
     209   9.6310353695E-01
     210   9.6288713550E-01
     211   9.6236606745E-01
     212   9.6200323869E-01
     213   9.6147457041E-01
     214   9.6066550464E-01
     215   9.5977936719E-01
     216   9.5888981835E-01
     217   9.5805615286E-01
     218   9.5723676707E-01
     219   9.5640953769E-01
     220   9.5639995750E-01
     221   9.5632072640E-01
     222   9.5636678287E-01
     223   9.5630789047E-01
     224   9.5630339625E-01
     225   9.5667170329E-01
     226   9.5669881273E-01
     227   9.5673661098E-01
     228   9.5685789470E-01
     229   9.5698958851E-01
     230   9.5716928889E-01
     231   9.5799918477E-01
     232   9.5859794264E-01
     233   9.5918994148E-01
     234   9.5972726438E-01
     235   9.5999665066E-01
     236   9.6002008322E-01
     237   9.6013575000E-01
     238   9.5966357603E-01
     239   9.5887473335E-01
     240   9.5783271003E-01
     241   9.5661325011E-01
     242   9.5521051855E-01
     243   9.5357127704E-01
     244   9.5273625081E-01
     245   9.5179874926E-01
     246   9.5102875383E-01
     247   9.5007045763E-01
     248   9.4991858681E-01
     249   9.4983191215E-01
     250   9.4953056200E-01
     251   9.4917488765E-01
     252   9.4844295600E-01
     253   9.4795436353E-01
     254   9.4794907445E-01
     255   9.4765683161E-01
     256   9.4745288678E-01
     257   9.4691693108E-01
     258   9.4729045889E-01
     259   9.4757775966E-01
     260   9.4760157762E-01
     261   9.4745559376E-01
     262   9.4695653631E-01
     263   9.4584886930E-01
     264   9.4549284342E-01
     265   9.4466783291E-01
     266   9.4362626560E-01
     267   9.4252273327E-01
     268   9.4268089598E-01
     269   9.4259444827E-01
     270   9.4269494038E-01
     271   9.4245952896E-01
     272   9.4280845062E-01
     273   9.4331307147E-01
     274   9.4326842845E-01
     275   9.4286542851E-01
     276   9.4226665377E-01
     277   9.4269958142E-01
     278   9.4271689903E-01
     279   9.4281508561E-01
     280   9.4287540474E-01
     281   9.4247484043E-01
     282   9.4302490801E-01
     283   9.4292407709E-01
     284   9.4215682417E-01
     285   9.4082511020E-01
     286   9.4018241126E-01
     287   9.3882660630E-01
     288   9.3737181212E-01
     289   9.3544049386E-01
     290   9.3512259558E-01
     291   9.3471492149E-01
     292   9.3412928622E-01
     293   9.3324330741E-01
     294   9.3389681683E-01
     295   9.3390363847E-01
     296   9.3373167167E-01
     297   9.3273649507E-01
     298   9.3242371911E-01
     299   9.3245427003E-01
     300   9.3162431435E-01
     301   9.3115820891E-01
     302   9.3207412774E-01
     303   9.3241554145E-01
     304   9.3223837067E-01
     305   9.3236174600E-01
     306   9.3310458169E-01
     307   9.3297939585E-01
     308   9.3192740201E-01
     309   9.3198392694E-01
     310   9.3187891345E-01
     311   9.3143228446E-01
     312   9.3063185829E-01
     313   9.3024256846E-01
     314   9.3113019916E-01
     315   9.3103571687E-01
     316   9.3050685421E-01
     317   9.3122569220E-01
     318   9.3092556834E-01
     319   9.2989003029E-01
     320   9.2898169439E-01
     321   9.2926516465E-01
     322   9.2879915727E-01
     323   9.2764190250E-01
     324   9.2832245799E-01
     325   9.2886536162E-01
     326   9.2930646892E-01
     327   9.2905471580E-01
     328   9.2994726537E-01
     329   9.3075590967E-01
     330   9.3027562563E-01
     331   9.3018907900E-01
     332   9.3080186462E-01
     333   9.3078345499E-01
     334   9.3008676292E-01
     335   9.3070165218E-01
     336   9.3141488067E-01
     337   9.3153474549E-01
     338   9.3102288827E-01
     339   9.3191558069E-01
     340   9.3188008815E-01
     341   9.3134059526E-01
     342   9.2965307580E-01
     343   9.2908111281E-01
     344   9.2842555396E-01
     345   9.2663572088E-01
     346   9.2608789854E-01
     347   9.2609223303E-01
     348   9.2541336564E-01
     349   9.2410868169E-01
     350   9.2474197077E-01
     351   9.2455539715E-01
     352   9.2323660237E-01
     353   9.2346171837E-01
     354   9.2366510267E-01
     355   9.2340274172E-01
     356   9.2243182318E-01
     357   9.2370918517E-01
     358   9.2474655190E-01
     359   9.2489584288E-01
     360   9.2702793593E-01
     361   9.2862134695E-01
     362   9.2947378436E-01
     363   9.2990038281E-01
     364   9.3147709749E-01
     365   9.3191333462E-01
     366   9.3129621921E-01
     367   9.3111391021E-01
     368   9.3116330857E-01
     369   9.3049459552E-01
     370   9.2929175400E-01
     371   9.2811196734E-01
     372   9.2823698673E-01
     373   9.2725241936E-01
     374   9.2596105826E-01
     375   9.2648043834E-01
     376   9.2625606170E-01
     377   9.2519258656E-01
     378   9.2548229546E-01
     379   9.2595923637E-01
     380   9.2548401825E-01
     381   9.2477631677E-01
     382   9.2574644595E-01
     383   9.2582667811E-01
     384   9.2534782218E-01
     385   9.2475715514E-01
     386   9.2550764833E-01
     387   9.2481913486E-01
     388   9.2391613425E-01
     389   9.2474444735E-01
     390   9.2474141047E-01
     391   9.2397464936E-01
     392   9.2517640303E-01
     393   9.2632936454E-01
     394   9.2678025564E-01
     395   9.2751752283E-01
     396   9.2937603429E-01
     397   9.3011765655E-01
     398   9.3015358647E-01
     399   9.2971794957E-01
     400   9.3053615021E-01
     401   9.3045659534E-01
     402   9.2981160381E-01
     403   9.3102565083E-01
     404   9.3192389301E-01
     405   9.3263120206E-01
     406   9.3320803755E-01
     407   9.3536322298E-01
     408   9.3684789681E-01
     409   9.3795531040E-01
     410   9.3857333045E-01
     411   9.4003007777E-01
     412   9.4057200968E-01
     413   9.4082648575E-01
     414   9.4058984478E-01
     415   9.4031707730E-01
     416   9.4087612200E-01
     417   9.4098884021E-01
     418   9.4095083348E-01
     419   9.4167113880E-01
     420   9.4339606409E-01
     421   9.4500603481E-01
     422   9.4686736222E-01
     423   9.4851552879E-01
     424   9.5106123302E-01
     425   9.5356742114E-01
     426   9.5603296061E-01
     427   9.5861712308E-01
     428   9.6120093104E-01
     429   9.6359832262E-01
     430   9.6623194948E-01
     431   9.6834359381E-01
     432   9.6997369050E-01
     433   9.7103011923E-01
     434   9.7142635051E-01
     435   9.7116919134E-01
     436   9.7037359507E-01
     437   9.6921598215E-01
     438   9.6774828746E-01
     439   9.6663654781E-01
     440   9.6562321159E-01
     441   9.6476084663E-01
     442   9.6410212317E-01
     443   9.6361344863E-01
     444   9.6313262182E-01
     445   9.6275639061E-01
     446   9.6280238192E-01
     447   9.6274008857E-01
     448   9.6283311007E-01
     449   9.6316197527E-01
     450   9.6378982884E-01
     451   9.6460467460E-01
     452   9.6574402282E-01
     453   9.6718618702E-01
     454   9.6832772009E-01
     455   9.6921486417E-01
     456   9.6979084480E-01
     457   9.7007893062E-01
     458   9.7014952896E-01
     459   9.7000088599E-01
     460   9.6979291862E-01
     461   9.6979017111E-01
     462   9.6967935164E-01
     463   9.6961358549E-01
     464   9.6956976230E-01
     465   9.6948539071E-01
     466   9.6929691617E-01
     467   9.6898539273E-01
     468   9.6853135195E-01
     469   9.6806357647E-01
     470   9.6803642031E-01
     471   9.6808095333E-01
     472   9.6837093692E-01
     473   9.6890060408E-01
     474   9.6964577490E-01
     475   9.7058695939E-01
     476   9.7159314799E-01
     477   9.7293777031E-01
     478   9.7433005202E-01
     479   9.7562954775E-01
     480   9.7683909418E-01
     481   9.7792205566E-01
     482   9.7885242154E-01
     483   9.7958917670E-01
     484   9.8007084603E-01
     485   9.8023645255E-01
     486   9.8005264476E-01
     487   9.7947363305E-01
     488   9.7859023324E-01
     489   9.7749110177E-01
     490   9.7604811564E-01
     491   9.7437129662E-01
     492   9.7256416045E-01
     493   9.7077577241E-01
     494   9.6915582710E-01
     495   9.6780265268E-01
     496   9.6664793655E-01
     497   9.6574848489E-01
     498   9.6540303712E-01
     499   9.6512896408E-01
     500   9.6512027852E-01
     501   9.6540248010E-01
     502   9.6596755019E-01
     503   9.6677071546E-01
     504   9.6767645630E-01
     505   9.6857619128E-01
     506   9.6968093514E-01
     507   9.7039981476E-01
     508   9.7078323337E-01
     509   9.7082107712E-01
     510   9.7058999410E-01
     511   9.7024700457E-01
     512   9.6989764099E-01
     513   9.6969900518E-01
     514   9.6995079701E-01
     515   9.7020446026E-01
     516   9.7052138901E-01
     517   9.7085584400E-01
     518   9.7119550991E-01
     519   9.7155868912E-01
     520   9.7197948246E-01
     521   9.7239474740E-01
     522   9.7312870873E-01
     523   9.7405170099E-01
     524   9.7503254919E-01
     525   9.7603917285E-01
     526   9.7692305460E-01
     527   9.7753984824E-01
     528   9.7778885211E-01
     529   9.7761901535E-01
     530   9.7702033228E-01
     531   9.7600172558E-01
     532   9.7462826064E-01
     533   9.7336796680E-01
     534   9.7218630368E-01
     535   9.7136312246E-01
     536   9.7102692802E-01
     537   9.7120247611E-01
     538   9.7187594615E-01
     539   9.7305540187E-01
     540   9.7477510626E-01
     541   9.7703363666E-01
     542   9.7971573088E-01
     543   9.8279606236E-01
     544   9.8579907688E-01
     545   9.8846265483E-01
     546   9.9049138161E-01
     547   9.9157451093E-01
     548   9.9146048134E-01
     549   9.9005519572E-01
     550   9.8750333441E-01
     551   9.8416656697E-01
     552   9.8048499407E-01
     553   9.7681715670E-01
     554   9.7336181750E-01
     555   9.7018795785E-01
     556   9.6714898356E-01
     557   9.6480099980E-01
     558   9.6296044222E-01
     559   9.6157402683E-01
     560   9.6072139575E-01
     561   9.6039449614E-01
     562   9.6051468675E-01
     563   9.6110741864E-01
     564   9.6264827992E-01
     565   9.6425660582E-01
     566   9.6592519296E-01
     567   9.6746039528E-01
     568   9.6875852270E-01
     569   9.6983716492E-01
     570   9.7064968070E-01
     571   9.7153199072E-01
     572   9.7236649146E-01
     573   9.7303235256E-01
     574   9.7367034741E-01
     575   9.7435420216E-01
     576   9.7512695216E-01
     577   9.7596606884E-01
     578   9.7680370990E-01
     579   9.7758056386E-01
     580   9.7827031449E-01
     581   9.7880514571E-01
     582   9.7934475015E-01
     583   9.7964384410E-01
     584   9.7960895427E-01
     585   9.7921389633E-01
     586   9.7846685621E-01
     587   9.7741754618E-01
     588   9.7613005598E-01
     589   9.7468403967E-01
     590   9.7320241580E-01
     591   9.7179545407E-01
     592   9.7069892432E-01
     593   9.7033991406E-01
     594   9.7041994717E-01
     595   9.7103770605E-01
     596   9.7211414457E-01
     597   9.7352112512E-01
     598   9.7508594681E-01
     599   9.7659125544E-01
     600   9.7779978754E-01
     601   9.7851436781E-01
     602   9.7890268686E-01
     603   9.7885052037E-01
     604   9.7854272423E-01
     605   9.7810532861E-01
     606   9.7760511083E-01
     607   9.7708569415E-01
     608   9.7658632572E-01
     609   9.7612764752E-01
     610   9.7568344359E-01
     611   9.7517085677E-01
     612   9.7443625701E-01
     613   9.7379877060E-01
     614   9.7313798275E-01
     615   9.7265941196E-01
     616   9.7256212880E-01
     617   9.7295784758E-01
     618   9.7391335764E-01
     619   9.7547424250E-01
     620   9.7765167909E-01
     621   9.8037440418E-01
     622   9.8345598253E-01
     623   9.8660786313E-01
     624   9.8961549595E-01
     625   9.9223690952E-01
     626   9.9436973014E-01
     627   9.9597534616E-01
     628   9.9699047237E-01
     629   9.9734682376E-01
     630   9.9701464836E-01
     631   9.9603256962E-01
     632   9.9449394161E-01
     633   9.9251317831E-01
     634   9.9021470807E-01
     635   9.8775831158E-01
     636   9.8535925354E-01
     637   9.8325995055E-01
     638   9.8166028639E-01
     639   9.8065773955E-01
     640   9.8023687961E-01
     641   9.8030391309E-01
     642   9.8073242595E-01
     643   9.8138441221E-01
     644   9.8209097252E-01
     645   9.8269172852E-01
     646   9.8313197825E-01
     647   9.8317325516E-01
     648   9.8283567605E-01
     649   9.8217682737E-01
     650   9.8131444548E-01
     651   9.8040382897E-01
     652   9.7960664838E-01
     653   9.7905561887E-01
     654   9.7882156518E-01
     655   9.7889458747E-01
     656   9.7919516033E-01
     657   9.7955562948E-01
     658   9.7995956479E-01
     659   9.8031120748E-01
     660   9.8045069419E-01
     661   9.8042498708E-01
     662   9.8027964926E-01
     663   9.8010133877E-01
     664   9.7998279478E-01
     665   9.7998025275E-01
     666   9.8009708662E-01
     667   9.8030607443E-01
     668   9.8059341457E-01
     669   9.8097778270E-01
     670   9.8143841349E-01
     671   9.8206464840E-01
     672   9.8274413992E-01
     673   9.8332364239E-01
     674   9.8379229620E-01
     675   9.8416157793E-01
     676   9.8446349581E-01
     677   9.8469663091E-01
     678   9.8481301592E-01
     679   9.8476404202E-01
     680   9.8455472018E-01
     681   9.8424217049E-01
     682   9.8387153454E-01
     683   9.8341565857E-01
     684   9.8278080363E-01
     685   9.8188080345E-01
     686   9.8064708106E-01
     687   9.7930496997E-01
     688   9.7786814177E-01
     689   9.7634015004E-01
     690   9.7477798306E-01
     691   9.7326775016E-01
     692   9.7199530184E-01
     693   9.7118717757E-01
     694   9.7098652696E-01
     695   9.7134332151E-01
     696   9.7197575908E-01
     697   9.7299437237E-01
     698   9.7389260039E-01
     699   9.7465241564E-01
     700   9.7529445567E-01
     701   9.7582580752E-01
     702   9.7630627278E-01
     703   9.7690046078E-01
     704   9.7786287291E-01
     705   9.7941953566E-01
     706   9.8158754281E-01
     707   9.8431564362E-01
     708   9.8714214839E-01
     709   9.8977593399E-01
     710   9.9209268508E-01
     711   9.9406573800E-01
     712   9.9567996829E-01
     713   9.9686321863E-01
     714   9.9753082617E-01
     715   9.9768004774E-01
     716   9.9741817544E-01
     717   9.9688407369E-01
     718   9.9614289194E-01
     719   9.9516651676E-01
     720   9.9392018789E-01
     721   9.9245988778E-01
     722   9.9093712103E-01
     723   9.8950645709E-01
     724   9.8823556790E-01
     725   9.8710648520E-01
     726   9.8610178582E-01
     727   9.8528080764E-01
     728   9.8476745841E-01
     729   9.8466219068E-01
     730   9.8496785935E-01
     731   9.8559876878E-01
     732   9.8645598991E-01
     733   9.8747313668E-01
     734   9.8870587532E-01
     735   9.9006045635E-01
     736   9.9141570657E-01
     737   9.9261656870E-01
     738   9.9353190328E-01
     739   9.9412495428E-01
     740   9.9443443460E-01
     741   9.9450536424E-01
     742   9.9434695699E-01
     743   9.9395803025E-01
     744   9.9338319465E-01
     745   9.9273530085E-01
     746   9.9215509078E-01
     747   9.9174540156E-01
     748   9.9154097293E-01
     749   9.9152687672E-01
     750   9.9167090325E-01
     751   9.9192842718E-01
     752   9.9221965729E-01
     753   9.9241853485E-01
     754   9.9239203008E-01
     755   9.9207456186E-01
     756   9.9152367363E-01
     757   9.9090732706E-01
     758   9.9043216935E-01
     759   9.9026237759E-01
     760   9.9047697531E-01
     761   9.9106952095E-01
     762   9.9196820006E-01
     763   9.9305474422E-01
     764   9.9418782025E-01
     765   9.9524137456E-01
     766   9.9615250113E-01
     767   9.9694424866E-01
     768   9.9769984434E-01
     769   9.9847878958E-01
     770   9.9927278372E-01
     771   9.9999548005E-01
     772   1.0005344126E+00
     773   1.0008052942E+00
     774   1.0007729276E+00
     775   1.0004350576E+00
     776   9.9982102767E-01
     777   9.9901980172E-01
     778   9.9821400362E-01
     779   9.9766522209E-01
     780   9.9763368288E-01
     781   9.9826820163E-01
     782   9.9954176194E-01
     783   1.0012570620E+00
     784   1.0031068245E+00
     785   1.0047398953E+00
     786   1.0058163820E+00
     787   1.0060312686E+00
     788   1.0052441591E+00
     789   1.0035253948E+00
     790   1.0011577566E+00
     791   9.9854883712E-01
     792   9.9607032637E-01
     793   9.9393918482E-01
     794   9.9219623594E-01
     795   9.9083110155E-01
     796   9.8976483295E-01
     797   9.8891668502E-01
     798   9.8817659889E-01
     799   9.8738906020E-01
     800   9.8642162328E-01
     801   9.8525481945E-01
     802   9.8401559660E-01
     803   9.8290519807E-01
     804   9.8206880059E-01
     805   9.8150886459E-01
     806   9.8110191505E-01
     807   9.8069215908E-01
     808   9.8018065655E-01
     809   9.7953758890E-01
     810   9.7871876567E-01
     811   9.7771990019E-01
     812   9.7669785495E-01
     813   9.7552568918E-01
     814   9.7442044042E-01
     815   9.7352667824E-01
     816   9.7287331977E-01
     817   9.7234536535E-01
     818   9.7176322912E-01
     819   9.7097407375E-01
     820   9.6997279875E-01
     821   9.6930785200E-01
     822   9.6875346596E-01
     823   9.6851229926E-01
     824   9.6861968027E-01
     825   9.6908103329E-01
     826   9.6993632302E-01
     827   9.7124021457E-01
     828   9.7291542523E-01
     829   9.7519986197E-01
     830   9.7777854897E-01
     831   9.8055264709E-01
     832   9.8357414928E-01
     833   9.8683534948E-01
     834   9.9023388433E-01
     835   9.9353727921E-01
     836   9.9645558340E-01
     837   9.9877980365E-01
     838   1.0004662459E+00
     839   1.0015896204E+00
     840   1.0022165103E+00
     841   1.0023289329E+00
     842   1.0018623697E+00
     843   1.0008134521E+00
     844   9.9930393223E-01
     845   9.9753808458E-01
     846   9.9570331914E-01
     847   9.9391673548E-01
     848   9.9224732100E-01
     849   9.9077132021E-01
     850   9.8958322269E-01
     851   9.8874284930E-01
     852   9.8821488429E-01
     853   9.8787262213E-01
     854   9.8757089578E-01
     855   9.8723162068E-01
     856   9.8686614348E-01
     857   9.8652103102E-01
     858   9.8618034148E-01
     859   9.8588475439E-01
     860   9.8559491057E-01
     861   9.8534882903E-01
     862   9.8532014199E-01
     863   9.8567422472E-01
     864   9.8649830948E-01
     865   9.8776056941E-01
     866   9.8932685722E-01
     867   9.9101001290E-01
     868   9.9260200260E-01
     869   9.9388312202E-01
     870   9.9464670155E-01
     871   9.9475929651E-01
     872   9.9422913660E-01
     873   9.9322454833E-01
     874   9.9200856582E-01
     875   9.9082495365E-01
     876   9.8981001093E-01
     877   9.8897600578E-01
     878   9.8825389704E-01
     879   9.8755038580E-01
     880   9.8678134591E-01
     881   9.8588066370E-01
     882   9.8478067129E-01
     883   9.8350884175E-01
     884   9.8217955572E-01
     885   9.8080937034E-01
     886   9.7956496673E-01
     887   9.7857580678E-01
     888   9.7796167451E-01
     889   9.7784263466E-01
     890   9.7833812399E-01
     891   9.7953971813E-01
     892   9.8146348010E-01
     893   9.8401680408E-01
     894   9.8699899928E-01
     895   9.9013473877E-01
     896   9.9313303568E-01
     897   9.9570262390E-01
     898   9.9757880742E-01
     899   9.9861732384E-01
     900   9.9880061080E-01
     901   9.9827904067E-01
     902   9.9734125417E-01
     903   9.9633502269E-01
     904   9.9557765807E-01
     905   9.9529212667E-01
     906   9.9558042176E-01
     907   9.9641802986E-01
     908   9.9766131943E-01
     909   9.9907470362E-01
     910   1.0003905751E+00
     911   1.0013936765E+00
     912   1.0019846397E+00
     913   1.0021853729E+00
     914   1.0020891039E+00
     915   1.0017967694E+00
     916   1.0013819946E+00
     917   1.0008939692E+00
     918   1.0003657608E+00
     919   9.9980831403E-01
     920   9.9919862373E-01
     921   9.9848495774E-01
     922   9.9761904959E-01
     923   9.9659628538E-01
     924   9.9546837690E-01
     925   9.9432388659E-01
     926   9.9326130829E-01
     927   9.9237478170E-01
     928   9.9175102322E-01
     929   9.9146178698E-01
     930   9.9153681716E-01
     931   9.9193923176E-01
     932   9.9257130324E-01
     933   9.9331378337E-01
     934   9.9407533809E-01
     935   9.9481376475E-01
     936   9.9550920246E-01
     937   9.9612610702E-01
     938   9.9660647289E-01
     939   9.9690126999E-01
     940   9.9701301601E-01
     941   9.9700997669E-01
     942   9.9700175987E-01
     943   9.9711375739E-01
     944   9.9748203534E-01
     945   9.9824895398E-01
     946   9.9953122028E-01
     947   1.0013521179E+00
     948   1.0035813402E+00
     949   1.0059500923E+00
     950   1.0081529321E+00
     951   1.0099733299E+00
     952   1.0113457619E+00
     953   1.0123221611E+00
     954   1.0129952695E+00
     955   1.0134592587E+00
     956   1.0138242201E+00
     957   1.0142283191E+00
     958   1.0147993490E+00
     959   1.0155818191E+00
     960   1.0165360023E+00
     961   1.0173683838E+00
     962   1.0179416256E+00
     963   1.0181082639E+00
     964   1.0176755754E+00
     965   1.0164495899E+00
     966   1.0142632094E+00
     967   1.0110949335E+00
     968   1.0071491640E+00
     969   1.0028040733E+00
     970   9.9845538802E-01
     971   9.9438258746E-01
     972   9.9073217517E-01
     973   9.8760372922E-01
     974   9.8513341068E-01
     975   9.8349567911E-01
     976   9.8283418803E-01
     977   9.8319941500E-01
     978   9.8454863792E-01
     979   9.8679113181E-01
     980   9.8982854712E-01
     981   9.9354038465E-01
     982   9.9760460570E-01
     983   1.0016671628E+00
     984   1.0053329582E+00
     985   1.0083359059E+00
     986   1.0105463369E+00
     987   1.0120024445E+00
     988   1.0127659693E+00
     989   1.0128423987E+00
     990   1.0122694066E+00
     991   1.0112033969E+00
     992   1.0099213945E+00
     993   1.0087071049E+00
     994   1.0077172128E+00
     995   1.0069361986E+00
     996   1.0062403666E+00
     997   1.0054959168E+00
     998   1.0045978585E+00
     999   1.0034452577E+00
    1000   1.0019229197E+00
    1001   9.9994224072E-01
    1002   9.9751791317E-01
    1003   9.9480098859E-01
    1004   9.9202222071E-01
    1005   9.8939147576E-01
    1006   9.8703898985E-01
    1007   9.8503693707E-01
    1008   9.8346174313E-01
    1009   9.8242067220E-01
    1010   9.8200964969E-01
    1011   9.8222887828E-01
    1012   9.8298007922E-01
    1013   9.8420945939E-01
    1014   9.8563028269E-01
    1015   9.8720469779E-01
    1016   9.8890509065E-01
    1017   9.9069778022E-01
    1018   9.9252856392E-01
    1019   9.9435128204E-01
    1020   9.9617090311E-01
    1021   9.9805293903E-01
    1022   1.0000806008E+00
    1023   1.0022961170E+00
    1024   1.0046797791E+00
    1025   1.0071730144E+00
    1026   1.0097128646E+00
    1027   1.0122388727E+00
    1028   1.0146687865E+00
    1029   1.0168791602E+00
    1030   1.0187518230E+00
    1031   1.0201524560E+00
    1032   1.0208705082E+00
    1033   1.0210458682E+00
    1034   1.0206192702E+00
    1035   1.0195916760E+00
    1036   1.0180049578E+00
    1037   1.0159688443E+00
    1038   1.0136616290E+00
    1039   1.0112925935E+00
    1040   1.0090548582E+00
    1041   1.0070951703E+00
    1042   1.0055044448E+00
    1043   1.0043156344E+00
    1044   1.0034996771E+00
    1045   1.0029705144E+00
    1046   1.0026106711E+00
    1047   1.0023106245E+00
    1048   1.0020012553E+00
    1049   1.0016575597E+00
    1050   1.0012755212E+00
    1051   1.0008499807E+00
    1052   1.0003661300E+00
    1053   9.9980876201E-01
    1054   9.9917525276E-01
    1055   9.9848381064E-01
    1056   9.9778160646E-01
    1057   9.9715742647E-01
    1058   9.9673969617E-01
    1059   9.9666502255E-01
    1060   9.9702044446E-01
    1061   9.9779263398E-01
    1062   9.9886863364E-01
    1063   1.0000985773E+00
    1064   1.0013785298E+00
    1065   1.0026945000E+00
    1066   1.0040945589E+00
    1067   1.0056223368E+00
    1068   1.0072660781E+00
    1069   1.0089634127E+00
    1070   1.0106334511E+00
    1071   1.0122121297E+00
    1072   1.0135957499E+00
    1073   1.0146109411E+00
    1074   1.0152073224E+00
    1075   1.0153069687E+00
    1076   1.0149615985E+00
    1077   1.0143065285E+00
    1078   1.0134822991E+00
    1079   1.0125726368E+00
    1080   1.0116081336E+00
    1081   1.0106167384E+00
    1082   1.0096535617E+00
    1083   1.0087716230E+00
    1084   1.0079678647E+00
    1085   1.0071743935E+00
    1086   1.0063168712E+00
    1087   1.0053937890E+00
    1088   1.0044910775E+00
    1089   1.0037069556E+00
    1090   1.0030529706E+00
    1091   1.0024245261E+00
    1092   1.0016722520E+00
    1093   1.0007152497E+00
    1094   9.9959691623E-01
    1095   9.9844405882E-01
    1096   9.9738074703E-01
    1097   9.9648012771E-01
    1098   9.9578289854E-01
    1099   9.9534112691E-01
    1100   9.9521981535E-01
    1101   9.9544631173E-01
    1102   9.9596246496E-01
    1103   9.9663862446E-01
    1104   9.9734828195E-01
    1105   9.9803923542E-01
    1106   9.9873227130E-01
    1107   9.9945085244E-01
    1108   1.0001553552E+00
    1109   1.0007539411E+00
    1110   1.0011855466E+00
    1111   1.0014924601E+00
    1112   1.0018057881E+00
    1113   1.0022504658E+00
    1114   1.0028539549E+00
    1115   1.0035408585E+00
    1116   1.0042104548E+00
    1117   1.0048162516E+00
    1118   1.0053719529E+00
    1119   1.0058886141E+00
    1120   1.0063205345E+00
    1121   1.0065867610E+00
    1122   1.0066523474E+00
    1123   1.0065880950E+00
    1124   1.0065466443E+00
    1125   1.0066762363E+00
    1126   1.0070520049E+00
    1127   1.0076822887E+00
    1128   1.0085627681E+00
    1129   1.0097054413E+00
    1130   1.0111058462E+00
    1131   1.0125793972E+00
    1132   1.0139237648E+00
    1133   1.0148516517E+00
    1134   1.0151699963E+00
    1135   1.0148558504E+00
    1136   1.0140219971E+00
    1137   1.0128277706E+00
    1138   1.0114172276E+00
    1139   1.0099266628E+00
    1140   1.0085178042E+00
    1141   1.0073713342E+00
    1142   1.0066261948E+00
    1143   1.0063149640E+00
    1144   1.0063594535E+00
    1145   1.0066341045E+00
    1146   1.0070403119E+00
    1147   1.0075292406E+00
    1148   1.0080651296E+00
    1149   1.0085803504E+00
    1150   1.0089808319E+00
    1151   1.0092084227E+00
    1152   1.0093005090E+00
    1153   1.0093867802E+00
    1154   1.0096295853E+00
    1155   1.0101187195E+00
    1156   1.0108292603E+00
    1157   1.0117287776E+00
    1158   1.0127172332E+00
    1159   1.0137287172E+00
    1160   1.0147308045E+00
    1161   1.0157200604E+00
    1162   1.0167172240E+00
    1163   1.0177569213E+00
    1164   1.0188611550E+00
    1165   1.0200001016E+00
    1166   1.0210674852E+00
    1167   1.0218961377E+00
    1168   1.0223203782E+00
    1169   1.0223092275E+00
    1170   1.0216747199E+00
    1171   1.0206980053E+00
    1172   1.0196041465E+00
    1173   1.0185874560E+00
    1174   1.0178657654E+00
    1175   1.0176233215E+00
    1176   1.0180012309E+00
    1177   1.0190929705E+00
    1178   1.0209342590E+00
    1179   1.0234813476E+00
    1180   1.0266603716E+00
    1181   1.0302080488E+00
    1182   1.0335480674E+00
    1183   1.0367140999E+00
    1184   1.0393702982E+00
    1185   1.0413492692E+00
    1186   1.0425402818E+00
    1187   1.0430736908E+00
    1188   1.0426353143E+00
    1189   1.0412272147E+00
    1190   1.0396639834E+00
    1191   1.0379697341E+00
    1192   1.0363413252E+00
    1193   1.0349223259E+00
    1194   1.0337626859E+00
    1195   1.0324253310E+00
    1196   1.0313448397E+00
    1197   1.0302465016E+00
    1198   1.0289359997E+00
    1199   1.0272593623E+00
    1200   1.0251768493E+00
    1201   1.0228075721E+00
    1202   1.0204134288E+00
    1203   1.0181984712E+00
    1204   1.0163392763E+00
    1205   1.0151257155E+00
    1206   1.0146459866E+00
    1207   1.0150140468E+00
    1208   1.0162505908E+00
    1209   1.0182290108E+00
    1210   1.0206904068E+00
    1211   1.0233262196E+00
    1212   1.0258658550E+00
    1213   1.0281078059E+00
    1214   1.0300282424E+00
    1215   1.0311810359E+00
    1216   1.0316190417E+00
    1217   1.0315971958E+00
    1218   1.0313015793E+00
    1219   1.0310833724E+00
    1220   1.0312328278E+00
    1221   1.0318907147E+00
    1222   1.0331453212E+00
    1223   1.0349197474E+00
    1224   1.0367417107E+00
    1225   1.0389151724E+00
    1226   1.0410029649E+00
    1227   1.0426374265E+00
    1228   1.0435984324E+00
    1229   1.0436811585E+00
    1230   1.0422452420E+00
    1231   1.0402426082E+00
    1232   1.0376217370E+00
    1233   1.0346203851E+00
    1234   1.0315375867E+00
    1235   1.0287586989E+00
    1236   1.0262033047E+00
    1237   1.0241380871E+00
    1238   1.0225759807E+00
    1239   1.0213843477E+00
    1240   1.0205394284E+00
    1241   1.0200547626E+00
    1242   1.0199319028E+00
    1243   1.0201221656E+00
    1244   1.0205320134E+00
    1245   1.0210630553E+00
    1246   1.0216934753E+00
    1247   1.0221384641E+00
    1248   1.0224721271E+00
    1249   1.0226387470E+00
    1250   1.0226048761E+00
    1251   1.0224266241E+00
    1252   1.0221909845E+00
    1253   1.0219652803E+00
    1254   1.0217720055E+00
    1255   1.0216106392E+00
    1256   1.0214924120E+00
    1257   1.0214507838E+00
    1258   1.0215723385E+00
    1259   1.0216428305E+00
    1260   1.0217180057E+00
    1261   1.0217480407E+00
    1262   1.0216578184E+00
    1263   1.0214403743E+00
    1264   1.0211099712E+00
    1265   1.0207055992E+00
    1266   1.0203149610E+00
    1267   1.0200847005E+00
    1268   1.0201843226E+00
    1269   1.0207542203E+00
    1270   1.0218548547E+00
    1271   1.0232142216E+00
    1272   1.0249137135E+00
    1273   1.0267857457E+00
    1274   1.0286845455E+00
    1275   1.0304259058E+00
    1276   1.0317765956E+00
    1277   1.0325167131E+00
    1278   1.0326594317E+00
    1279   1.0318818157E+00
    1280   1.0304259417E+00
    1281   1.0286475097E+00
    1282   1.0266375417E+00
    1283   1.0246395086E+00
    1284   1.0229316458E+00
    1285   1.0217659733E+00
    1286   1.0212833506E+00
    1287   1.0215127946E+00
    1288   1.0222653359E+00
    1289   1.0232366125E+00
    1290   1.0243904485E+00
    1291   1.0254520999E+00
    1292   1.0262017191E+00
    1293   1.0264400745E+00
    1294   1.0260525254E+00
    1295   1.0250552716E+00
    1296   1.0235756696E+00
    1297   1.0217848914E+00
    1298   1.0198652470E+00
    1299   1.0179407693E+00
    1300   1.0161045582E+00
    1301   1.0146745241E+00
    1302   1.0137411659E+00
    1303   1.0133651689E+00
    1304   1.0135133460E+00
    1305   1.0140951462E+00
    1306   1.0150105477E+00
    1307   1.0161584096E+00
    1308   1.0174107726E+00
    1309   1.0186009959E+00
    1310   1.0195597461E+00
    1311   1.0201760166E+00
    1312   1.0204276287E+00
    1313   1.0203981262E+00
    1314   1.0200095117E+00
    1315   1.0192714740E+00
    1316   1.0182802458E+00
    1317   1.0170278894E+00
    1318   1.0156026651E+00
    1319   1.0141003865E+00
    1320   1.0125904398E+00
    1321   1.0111263224E+00
    1322   1.0097819782E+00
    1323   1.0086623442E+00
    1324   1.0078671146E+00
    1325   1.0074430265E+00
    1326   1.0073798546E+00
    1327   1.0076616762E+00
    1328   1.0083188702E+00
    1329   1.0094172324E+00
    1330   1.0109821357E+00
    1331   1.0129198207E+00
    1332   1.0150134181E+00
    1333   1.0170251446E+00
    1334   1.0185647768E+00
    1335   1.0195535510E+00
    1336   1.0198495652E+00
    1337   1.0193365478E+00
    1338   1.0179798318E+00
    1339   1.0158796256E+00
    1340   1.0132840407E+00
    1341   1.0105147555E+00
    1342   1.0078614532E+00
    1343   1.0055313586E+00
    1344   1.0036776643E+00
    1345   1.0024543540E+00
    1346   1.0020199979E+00
    1347   1.0024719517E+00
    1348   1.0037780934E+00
    1349   1.0057733641E+00
    1350   1.0082282137E+00
    1351   1.0109335690E+00
    1352   1.0137298813E+00
    1353   1.0164752018E+00
    1354   1.0190513592E+00
    1355   1.0211069874E+00
    1356   1.0226726746E+00
    1357   1.0237869707E+00
    1358   1.0245757076E+00
    1359   1.0251844523E+00
    1360   1.0256999197E+00
    1361   1.0261638386E+00
    1362   1.0266227300E+00
    1363   1.0271400744E+00
    1364   1.0278026785E+00
    1365   1.0284925318E+00
    1366   1.0288298541E+00
    1367   1.0289716519E+00
    1368   1.0287490256E+00
    1369   1.0282243633E+00
    1370   1.0275301887E+00
    1371   1.0267970686E+00
    1372   1.0261391029E+00
    1373   1.0257455343E+00
    1374   1.0256548586E+00
    1375   1.0258912353E+00
    1376   1.0266552371E+00
    1377   1.0277293981E+00
    1378   1.0289281605E+00
    1379   1.0300921423E+00
    1380   1.0311282066E+00
    1381   1.0320194630E+00
    1382   1.0328135383E+00
    1383   1.0330043299E+00
    1384   1.0330435157E+00
    1385   1.0329352627E+00
    1386   1.0328306161E+00
    1387   1.0329385036E+00
    1388   1.0334681155E+00
    1389   1.0346918978E+00
    1390   1.0361691989E+00
    1391   1.0383649128E+00
    1392   1.0411197959E+00
    1393   1.0442073849E+00
    1394   1.0473889450E+00
    1395   1.0507905868E+00
    1396   1.0531284150E+00
    1397   1.0547892928E+00
    1398   1.0557711039E+00
    1399   1.0559618643E+00
    1400   1.0550245802E+00
    1401   1.0523001274E+00
    1402   1.0490939479E+00
    1403   1.0451433641E+00
    1404   1.0407175005E+00
    1405   1.0359069390E+00
    1406   1.0306768146E+00
    1407   1.0257884270E+00
    1408   1.0211846634E+00
    1409   1.0169694803E+00
    1410   1.0132004752E+00
    1411   1.0099119279E+00
    1412   1.0071357182E+00
    1413   1.0048938995E+00
    1414   1.0031810108E+00
    1415   1.0019640684E+00
    1416   1.0012097982E+00
    1417   1.0009122569E+00
    1418   1.0010856542E+00
    1419   1.0017223244E+00
    1420   1.0027554435E+00
    1421   1.0040630651E+00
    1422   1.0055195781E+00
    1423   1.0070526758E+00
    1424   1.0086589413E+00
    1425   1.0103665639E+00
    1426   1.0121888711E+00
    1427   1.0141235592E+00
    1428   1.0161483717E+00
    1429   1.0181549671E+00
    1430   1.0202449463E+00
    1431   1.0223597391E+00
    1432   1.0244182316E+00
    1433   1.0263153351E+00
    1434   1.0279783798E+00
    1435   1.0294040117E+00
    1436   1.0306379455E+00
    1437   1.0317320190E+00
    1438   1.0328112614E+00
    1439   1.0333516557E+00
    1440   1.0337181540E+00
    1441   1.0339105228E+00
    1442   1.0339452927E+00
    1443   1.0338727477E+00
    1444   1.0337092996E+00
    1445   1.0336068231E+00
    1446   1.0332439902E+00
    1447   1.0327931940E+00
    1448   1.0324625435E+00
    1449   1.0320929015E+00
    1450   1.0315797286E+00
    1451   1.0308125503E+00
    1452   1.0297446378E+00
    1453   1.0284535220E+00
    1454   1.0266099331E+00
    1455   1.0245575736E+00
    1456   1.0222826344E+00
    1457   1.0198675082E+00
    1458   1.0175393541E+00
    1459   1.0155842932E+00
    1460   1.0142405232E+00
    1461   1.0136098916E+00
    1462   1.0136417875E+00
    1463   1.0141949918E+00
    1464   1.0151152120E+00
    1465   1.0162777291E+00
    1466   1.0176050054E+00
    1467   1.0188273584E+00
    1468   1.0199386071E+00
    1469   1.0208578934E+00
    1470   1.0215662290E+00
    1471   1.0220817056E+00
    1472   1.0223894021E+00
    1473   1.0224268684E+00
    1474   1.0221328362E+00
    1475   1.0215193473E+00
    1476   1.0206903025E+00
    1477   1.0197790659E+00
    1478   1.0188825656E+00
    1479   1.0179721126E+00
    1480   1.0169184095E+00
    1481   1.0158753141E+00
    1482   1.0148943594E+00
    1483   1.0141030720E+00
    1484   1.0135763292E+00
    1485   1.0133078802E+00
    1486   1.0132581355E+00
    1487   1.0134194742E+00
    1488   1.0138271866E+00
    1489   1.0145030121E+00
    1490   1.0153920687E+00
    1491   1.0163596749E+00
    1492   1.0172461178E+00
    1493   1.0179227357E+00
    1494   1.0183091488E+00
    1495   1.0183066393E+00
    1496   1.0176674743E+00
    1497   1.0164765253E+00
    1498   1.0147653677E+00
    1499   1.0127703715E+00
    1500   1.0108117710E+00
    1501   1.0091506160E+00
    1502   1.0079045754E+00
    1503   1.0070685781E+00
    1504   1.0065922380E+00
    1505   1.0064270197E+00
    1506   1.0064994803E+00
    1507   1.0066594944E+00
    1508   1.0066802129E+00
    1509   1.0063401314E+00
    1510   1.0055295143E+00
    1511   1.0043022543E+00
    1512   1.0028397658E+00
    1513   1.0013800074E+00
    1514   1.0001737877E+00
    1515   9.9948174865E-01
    1516   9.9956607024E-01
    1517   1.0006387239E+00
    1518   1.0027762062E+00
    1519   1.0058618023E+00
    1520   1.0096019176E+00
    1521   1.0136067597E+00
    1522   1.0174778060E+00
    1523   1.0208656411E+00
    1524   1.0235546243E+00
    1525   1.0250661750E+00
    1526   1.0255316522E+00
    1527   1.0251012077E+00
    1528   1.0240520348E+00
    1529   1.0227426334E+00
    1530   1.0214735436E+00
    1531   1.0204424002E+00
    1532   1.0197726102E+00
    1533   1.0195575441E+00
    1534   1.0199208159E+00
    1535   1.0208031357E+00
    1536   1.0221489549E+00
    1537   1.0239747675E+00
    1538   1.0261194537E+00
    1539   1.0284477963E+00
    1540   1.0307795139E+00
    1541   1.0328861185E+00
    1542   1.0345334013E+00
    1543   1.0356560274E+00
    1544   1.0360404610E+00
    1545   1.0353900030E+00
    1546   1.0341884584E+00
    1547   1.0322663271E+00
    1548   1.0297037284E+00
    1549   1.0267011390E+00
    1550   1.0235490041E+00
    1551   1.0205386796E+00
    1552   1.0179144793E+00
    1553   1.0156855553E+00
    1554   1.0139710050E+00
    1555   1.0127927485E+00
    1556   1.0120629470E+00
    1557   1.0116423966E+00
    1558   1.0113448358E+00
    1559   1.0110273708E+00
    1560   1.0106578341E+00
    1561   1.0102894173E+00
    1562   1.0099549190E+00
    1563   1.0095803280E+00
    1564   1.0090050342E+00
    1565   1.0080970186E+00
    1566   1.0068516795E+00
    1567   1.0053855375E+00
    1568   1.0038427107E+00
    1569   1.0023161137E+00
    1570   1.0008559981E+00
    1571   9.9953623912E-01
    1572   9.9847308309E-01
    1573   9.9775273078E-01
    1574   9.9733131058E-01
    1575   9.9701428199E-01
    1576   9.9655955147E-01
    1577   9.9582712419E-01
    1578   9.9484580008E-01
    1579   9.9375141376E-01
    1580   9.9267364197E-01
    1581   9.9168873747E-01
    1582   9.9088003463E-01
    1583   9.9042247702E-01
    1584   9.9057672679E-01
    1585   9.9157376341E-01
    1586   9.9348130705E-01
    1587   9.9616560344E-01
    1588   9.9937758315E-01
    1589   1.0028738950E+00
    1590   1.0064554063E+00
    1591   1.0099008234E+00
    1592   1.0128957850E+00
    1593   1.0150706798E+00
    1594   1.0161495884E+00
    1595   1.0160750551E+00
    1596   1.0149863843E+00
    1597   1.0130795209E+00
    1598   1.0104960242E+00
    1599   1.0073463858E+00
    1600   1.0038162378E+00
    1601   1.0002097907E+00
    1602   9.9685905983E-01
    1603   9.9397918751E-01
    1604   9.9160913098E-01
    1605   9.8969153531E-01
    1606   9.8821012108E-01
    1607   9.8725263911E-01
    1608   9.8694533183E-01
    1609   9.8733163239E-01
    1610   9.8831043108E-01
    1611   9.8968559391E-01
    1612   9.9126896298E-01
    1613   9.9293312542E-01
    1614   9.9457487546E-01
    1615   9.9605187056E-01
    1616   9.9718371174E-01
    1617   9.9783730270E-01
    1618   9.9801349068E-01
    1619   9.9783686951E-01
    1620   9.9745241458E-01
    1621   9.9692570017E-01
    1622   9.9624273246E-01
    1623   9.9540244748E-01
    1624   9.9450074297E-01
    1625   9.9371761150E-01
    1626   9.9321953426E-01
    1627   9.9306802205E-01
    1628   9.9321431032E-01
    1629   9.9356675026E-01
    1630   9.9405206733E-01
    1631   9.9460786256E-01
    1632   9.9512874405E-01
    1633   9.9543801148E-01
    1634   9.9534657394E-01
    1635   9.9473026287E-01
    1636   9.9357541293E-01
    1637   9.9195840053E-01
    1638   9.8997039723E-01
    1639   9.8769082158E-01
    1640   9.8521665563E-01
    1641   9.8269740737E-01
    1642   9.8031611738E-01
    1643   9.7821835388E-01
    1644   9.7644818158E-01
    1645   9.7494744106E-01
    1646   9.7362145183E-01
    1647   9.7241183679E-01
    1648   9.7124089553E-01
    1649   9.7022659073E-01
    1650   9.6958835022E-01
    1651   9.6898641211E-01
    1652   9.6856050007E-01
    1653   9.6837302912E-01
    1654   9.6851718965E-01
    1655   9.6906877393E-01
    1656   9.7003636907E-01
    1657   9.7124307297E-01
    1658   9.7287472288E-01
    1659   9.7464675092E-01
    1660   9.7637031463E-01
    1661   9.7804508151E-01
    1662   9.7959810293E-01
    1663   9.8099210898E-01
    1664   9.8226025765E-01
    1665   9.8350318767E-01
    1666   9.8482970288E-01
    1667   9.8627824809E-01
    1668   9.8778258883E-01
    1669   9.8921552589E-01
    1670   9.9047816742E-01
    1671   9.9161506014E-01
    1672   9.9267895147E-01
    1673   9.9378236836E-01
    1674   9.9497959809E-01
    1675   9.9626213020E-01
    1676   9.9760170595E-01
    1677   9.9898142234E-01
    1678   1.0003863617E+00
    1679   1.0017672281E+00
    1680   1.0030218345E+00
    1681   1.0040182856E+00
    1682   1.0046398653E+00
    1683   1.0048102150E+00
    1684   1.0044824285E+00
    1685   1.0036213191E+00
    1686   1.0022142863E+00
    1687   1.0003142661E+00
    1688   9.9807703792E-01
    1689   9.9574735536E-01
    1690   9.9359205949E-01
    1691   9.9182749142E-01
    1692   9.9058890946E-01
    1693   9.8995021407E-01
    1694   9.8995970570E-01
    1695   9.9064487698E-01
    1696   9.9197879078E-01
    1697   9.9383929403E-01
    1698   9.9600796459E-01
    1699   9.9822535358E-01
    1700   1.0002778572E+00
    1701   1.0020602560E+00
    1702   1.0035781896E+00
    1703   1.0048975930E+00
    1704   1.0060847077E+00
    1705   1.0071735383E+00
    1706   1.0081645748E+00
    1707   1.0090255721E+00
    1708   1.0096795939E+00
    1709   1.0099928251E+00
    1710   1.0097944448E+00
    1711   1.0089373727E+00
    1712   1.0073725370E+00
    1713   1.0051681888E+00
    1714   1.0024934078E+00
    1715   9.9955403061E-01
    1716   9.9651450480E-01
    1717   9.9352446340E-01
    1718   9.9077286148E-01
    1719   9.8841197545E-01
    1720   9.8654746049E-01
    1721   9.8517102681E-01
    1722   9.8415228352E-01
    1723   9.8330119885E-01
    1724   9.8246463950E-01
    1725   9.8159160147E-01
    1726   9.8073411130E-01
    1727   9.7999774720E-01
    1728   9.7949526530E-01
    1729   9.7933422013E-01
    1730   9.7962473713E-01
    1731   9.8046560580E-01
    1732   9.8186090112E-01
    1733   9.8386566534E-01
    1734   9.8614836508E-01
    1735   9.8837894667E-01
    1736   9.9025697130E-01
    1737   9.9152542429E-01
    1738   9.9202973606E-01
    1739   9.9171521889E-01
    1740   9.9062922403E-01
    1741   9.8894223526E-01
    1742   9.8695387360E-01
    1743   9.8504336798E-01
    1744   9.8356858743E-01
    1745   9.8276659400E-01
    1746   9.8271247132E-01
    1747   9.8334945846E-01
    1748   9.8454601760E-01
    1749   9.8613121553E-01
    1750   9.8789655673E-01
    1751   9.8959541250E-01
    1752   9.9097398458E-01
    1753   9.9188635546E-01
    1754   9.9229654805E-01
    1755   9.9229919305E-01
    1756   9.9207290288E-01
    1757   9.9177388478E-01
    1758   9.9151313152E-01
    1759   9.9136749348E-01
    1760   9.9138900022E-01
    1761   9.9158423517E-01
    1762   9.9188262787E-01
    1763   9.9213791784E-01
    1764   9.9218515778E-01
    1765   9.9191959437E-01
    1766   9.9133633556E-01
    1767   9.9050552218E-01
    1768   9.8951739509E-01
    1769   9.8844993211E-01
    1770   9.8738284995E-01
    1771   9.8642588441E-01
    1772   9.8571738942E-01
    1773   9.8538397066E-01
    1774   9.8549794625E-01
    1775   9.8606789615E-01
    1776   9.8706545498E-01
    1777   9.8844882968E-01
    1778   9.9014485384E-01
    1779   9.9206542556E-01
    1780   9.9401669073E-01
    1781   9.9582012367E-01
    1782   9.9738979934E-01
    1783   9.9872974637E-01
    1784   9.9990194758E-01
    1785   1.0009521903E+00
    1786   1.0018741312E+00
    1787   1.0026331155E+00
    1788   1.0032068299E+00
    1789   1.0035786771E+00
    1790   1.0036837860E+00
    1791   1.0033707664E+00
    1792   1.0024481484E+00
    1793   1.0008003708E+00
    1794   9.9848685915E-01
    1795   9.9573795924E-01
    1796   9.9286074598E-01
    1797   9.9013453244E-01
    1798   9.8776902209E-01
    1799   9.8591669166E-01
    1800   9.8468430866E-01
    1801   9.8410657054E-01
    1802   9.8411460774E-01
    1803   9.8455343230E-01
    1804   9.8526552879E-01
    1805   9.8618744745E-01
    1806   9.8737969385E-01
    1807   9.8896118394E-01
    1808   9.9100724367E-01
    1809   9.9349609999E-01
    1810   9.9633825804E-01
    1811   9.9943900259E-01
    1812   1.0027132977E+00
    1813   1.0060314466E+00
    1814   1.0091644756E+00
    1815   1.0118114333E+00
    1816   1.0137096833E+00
    1817   1.0147378140E+00
    1818   1.0149166187E+00
    1819   1.0143185082E+00
    1820   1.0129889862E+00
    1821   1.0109600702E+00
    1822   1.0083234522E+00
    1823   1.0052651150E+00
    1824   1.0020033258E+00
    1825   9.9868696932E-01
    1826   9.9535945619E-01
    1827   9.9202634408E-01
    1828   9.8875316845E-01
    1829   9.8569765792E-01
    1830   9.8304667554E-01
    1831   9.8092568889E-01
    1832   9.7936729843E-01
    1833   9.7835578408E-01
    1834   9.7788400907E-01
    1835   9.7793918173E-01
    1836   9.7844310824E-01
    1837   9.7942931714E-01
    1838   9.8040657328E-01
    1839   9.8114739297E-01
    1840   9.8146672200E-01
    1841   9.8128005948E-01
    1842   9.8057436595E-01
    1843   9.7936182081E-01
    1844   9.7769707432E-01
    1845   9.7574688159E-01
    1846   9.7382960421E-01
    1847   9.7233839045E-01
    1848   9.7161211029E-01
    1849   9.7229823952E-01
    1850   9.7410971817E-01
    1851   9.7707378287E-01
    1852   9.8106866891E-01
    1853   9.8585466746E-01
    1854   9.9107265735E-01
    1855   9.9624780030E-01
    1856   1.0008677888E+00
    1857   1.0045122962E+00
    1858   1.0069452724E+00
    1859   1.0081111395E+00
    1860   1.0080609248E+00
    1861   1.0068925866E+00
    1862   1.0047555936E+00
    1863   1.0018840436E+00
    1864   9.9858077664E-01
    1865   9.9513701859E-01
    1866   9.9174908218E-01
    1867   9.8850022848E-01
    1868   9.8541957881E-01
    1869   9.8255763722E-01
    1870   9.8000415890E-01
    1871   9.7784480732E-01
    1872   9.7610425062E-01
    1873   9.7471267948E-01
    1874   9.7348776859E-01
    1875   9.7268252374E-01
    1876   9.7196314216E-01
    1877   9.7134244490E-01
    1878   9.7081536998E-01
    1879   9.7034194643E-01
    1880   9.6990305617E-01
    1881   9.6952548205E-01
    1882   9.6925411341E-01
    1883   9.6904528059E-01
    1884   9.6939291720E-01
    1885   9.6991958223E-01
    1886   9.7070728294E-01
    1887   9.7185257915E-01
    1888   9.7343069657E-01
    1889   9.7550536215E-01
    1890   9.7809035641E-01
    1891   9.8112126589E-01
    1892   9.8456056413E-01
    1893   9.8833930075E-01
    1894   9.9227345991E-01
    1895   9.9632871669E-01
    1896   1.0003794031E+00
    1897   1.0042489507E+00
    1898   1.0077226104E+00
    1899   1.0105791777E+00
    1900   1.0126522728E+00
    1901   1.0137583550E+00
    1902   1.0138358000E+00
    1903   1.0129626454E+00
    1904   1.0112370647E+00
    1905   1.0088479083E+00
    1906   1.0060253976E+00
    1907   1.0029953580E+00
    1908   9.9993010778E-01
    1909   9.9692116032E-01
    1910   9.9398696377E-01
    1911   9.9111382330E-01
    1912   9.8830694565E-01
    1913   9.8561875067E-01
    1914   9.8312587718E-01
    1915   9.8086762688E-01
    1916   9.7909217321E-01
    1917   9.7770145828E-01
    1918   9.7676828382E-01
    1919   9.7638338392E-01
    1920   9.7663299427E-01
    1921   9.7757433731E-01
    1922   9.7920360747E-01
    1923   9.8145315733E-01
    1924   9.8421335547E-01
    1925   9.8734908102E-01
    1926   9.9069492738E-01
    1927   9.9403680721E-01
    1928   9.9711676815E-01
    1929   9.9968480124E-01
    1930   1.0015713919E+00
    1931   1.0027228087E+00
    1932   1.0031729325E+00
    1933   1.0029766617E+00
    1934   1.0021708240E+00
    1935   1.0007976788E+00
    1936   9.9895447556E-01
    1937   9.9680572169E-01
    1938   9.9454044216E-01
    1939   9.9230871708E-01
    1940   9.9020201824E-01
    1941   9.8829090650E-01
    1942   9.8666460071E-01
    1943   9.8557647690E-01
    1944   9.8511753543E-01
    1945   9.8537321967E-01
    1946   9.8632294921E-01
    1947   9.8786266385E-01
    1948   9.8985943942E-01
    1949   9.9216220526E-01
    1950   9.9457187813E-01
    1951   9.9680902505E-01
    1952   9.9853809699E-01
    1953   9.9945680519E-01
    1954   9.9939137301E-01
    1955   9.9832816467E-01
    1956   9.9638118981E-01
    1957   9.9374091896E-01
    1958   9.9065973334E-01
    1959   9.8747151520E-01
    1960   9.8458701852E-01
    1961   9.8242553433E-01
    1962   9.8131416267E-01
    1963   9.8140930834E-01
    1964   9.8268373606E-01
    1965   9.8497143766E-01
    1966   9.8802015566E-01
    1967   9.9151989755E-01
    1968   9.9511725604E-01
    1969   9.9837154358E-01
    1970   1.0009323748E+00
    1971   1.0025513311E+00
    1972   1.0031524100E+00
    1973   1.0028185600E+00
    1974   1.0017260388E+00
    1975   1.0000874775E+00
    1976   9.9812193243E-01
    1977   9.9605542209E-01
    1978   9.9411275010E-01
    1979   9.9246666932E-01
    1980   9.9120715593E-01
    1981   9.9033979924E-01
    1982   9.8982588725E-01
    1983   9.8963548315E-01
    1984   9.8977339709E-01
    1985   9.9026580524E-01
    1986   9.9113019895E-01
    1987   9.9235578193E-01
    1988   9.9390402225E-01
    1989   9.9572154727E-01
    1990   9.9774649041E-01
    1991   9.9990180352E-01
    1992   1.0020847957E+00
    1993   1.0041649701E+00
    1994   1.0059940205E+00
    1995   1.0074277595E+00
    1996   1.0083503689E+00
    1997   1.0086936909E+00
    1998   1.0084448187E+00
    1999   1.0076383065E+00
    2000   1.0063360409E+00
    2001   1.0046112152E+00
    2002   1.0025476682E+00
    2003   1.0002528632E+00
    2004   9.9786499630E-01
    2005   9.9553954124E-01
    2006   9.9341783245E-01
    2007   9.9159964059E-01
    2008   9.9013333611E-01
    2009   9.8901948296E-01
    2010   9.8821167046E-01
    2011   9.8761105450E-01
    2012   9.8706839322E-01
    2013   9.8641458277E-01
    2014   9.8551750770E-01
    2015   9.8433471921E-01
    2016   9.8291981425E-01
    2017   9.8137982215E-01
    2018   9.7982068540E-01
    2019   9.7832851123E-01
    2020   9.7691683199E-01
    2021   9.7590377819E-01
    2022   9.7545232425E-01
    2023   9.7561376757E-01
    2024   9.7652355905E-01
    2025   9.7813283730E-01
    2026   9.8030217356E-01
    2027   9.8286547214E-01
    2028   9.8566341973E-01
    2029   9.8852857165E-01
    2030   9.9126072160E-01
    2031   9.9365051676E-01
    2032   9.9556291554E-01
    2033   9.9701593319E-01
    2034   9.9817785014E-01
    2035   9.9927421576E-01
    2036   1.0004776228E+00
    2037   1.0018623043E+00
    2038   1.0034359358E+00
    2039   1.0051810984E+00
    2040   1.0070373122E+00
    2041   1.0088347342E+00
    2042   1.0102694898E+00
    2043   1.0109870776E+00
    2044   1.0107381853E+00
    2045   1.0094870286E+00
    2046   1.0073854844E+00
    2047   1.0046528878E+00
    2048   1.0014840726E+00
    2049   9.9805598979E-01
    2050   9.9458995939E-01
    2051   9.9136787319E-01
    2052   9.8865767965E-01
    2053   9.8660836512E-01
    2054   9.8521165300E-01
    2055   9.8436400997E-01
    2056   9.8396305214E-01
    2057   9.8394953792E-01
    2058   9.8443428489E-01
    2059   9.8525134462E-01
    2060   9.8631680663E-01
    2061   9.8755141834E-01
    2062   9.8896642988E-01
    2063   9.9067853209E-01
    2064   9.9281399617E-01
    2065   9.9538998123E-01
    2066   9.9827801819E-01
    2067   1.0012746129E+00
    2068   1.0042031517E+00
    2069   1.0069459476E+00
    2070   1.0093833055E+00
    2071   1.0113231306E+00
    2072   1.0125213089E+00
    2073   1.0127952259E+00
    2074   1.0121291593E+00
    2075   1.0106747593E+00
    2076   1.0086571695E+00
    2077   1.0062890313E+00
    2078   1.0037650847E+00
    2079   1.0013353735E+00
    2080   9.9931988265E-01
    2081   9.9803081041E-01
    2082   9.9767864544E-01
    2083   9.9830558596E-01
    2084   9.9980062813E-01
    2085   1.0019902560E+00
    2086   1.0046802274E+00
    2087   1.0076090587E+00
    2088   1.0104397730E+00
    2089   1.0127733564E+00
    2090   1.0142675654E+00
    2091   1.0147546786E+00
    2092   1.0142604019E+00
    2093   1.0129120990E+00
    2094   1.0108272158E+00
    2095   1.0080762125E+00
    2096   1.0047303682E+00
    2097   1.0009202141E+00
    2098   9.9683381809E-01
    2099   9.9266191740E-01
    2100   9.8855333420E-01
    2101   9.8461960046E-01
    2102   9.8097094725E-01
    2103   9.7773181146E-01
    2104   9.7498887841E-01
    2105   9.7270937048E-01
    2106   9.7123824815E-01
    2107   9.7020512861E-01
    2108   9.6961874997E-01
    2109   9.6949617637E-01
    2110   9.6984516445E-01
    2111   9.7065120037E-01
    2112   9.7186746916E-01
    2113   9.7343923717E-01
    2114   9.7526812365E-01
    2115   9.7754088483E-01
    2116   9.8017682336E-01
    2117   9.8302063456E-01
    2118   9.8603360738E-01
    2119   9.8907957109E-01
    2120   9.9204341799E-01
    2121   9.9485245708E-01
    2122   9.9746223801E-01
    2123   9.9983922500E-01
    2124   1.0019725250E+00
    2125   1.0039035204E+00
    2126   1.0057367281E+00
    2127   1.0076062790E+00
    2128   1.0096139172E+00
    2129   1.0117881800E+00
    2130   1.0140938814E+00
    2131   1.0164688286E+00
    2132   1.0188633216E+00
    2133   1.0212449071E+00
    2134   1.0232923382E+00
    2135   1.0250415964E+00
    2136   1.0263254810E+00
    2137   1.0270466921E+00
    2138   1.0271684296E+00
    2139   1.0266800565E+00
    2140   1.0255810532E+00
    2141   1.0238917330E+00
    2142   1.0216762397E+00
    2143   1.0190523712E+00
    2144   1.0161474047E+00
    2145   1.0129934726E+00
    2146   1.0098354719E+00
    2147   1.0067654706E+00
    2148   1.0039505388E+00
    2149   1.0015784200E+00
    2150   9.9980326884E-01
    2151   9.9871024584E-01
    2152   9.9831300667E-01
    2153   9.9857132602E-01
    2154   9.9940408605E-01
    2155   1.0006849497E+00
    2156   1.0022332183E+00
    2157   1.0038249752E+00
    2158   1.0052274786E+00
    2159   1.0062367223E+00
    2160   1.0066980349E+00
    2161   1.0065086536E+00
    2162   1.0056158146E+00
    2163   1.0040226225E+00
    2164   1.0017924817E+00
    2165   9.9903565999E-01
    2166   9.9588135550E-01
    2167   9.9246097264E-01
    2168   9.8891824945E-01
    2169   9.8543926449E-01
    2170   9.8226867724E-01
    2171   9.7965123011E-01
    2172   9.7785667979E-01
    2173   9.7725924525E-01
    2174   9.7774329742E-01
    2175   9.7938715501E-01
    2176   9.8213359018E-01
    2177   9.8582960745E-01
    2178   9.9021525429E-01
    2179   9.9493950616E-01
    2180   9.9961916885E-01
    2181   1.0039185807E+00
    2182   1.0076014296E+00
    2183   1.0105286058E+00
    2184   1.0126297529E+00
    2185   1.0138973391E+00
    2186   1.0144071652E+00
    2187   1.0143251098E+00
    2188   1.0138564051E+00
    2189   1.0131512253E+00
    2190   1.0122401322E+00
    2191   1.0110724964E+00
    2192   1.0095563352E+00
    2193   1.0077274584E+00
    2194   1.0057184703E+00
    2195   1.0036442842E+00
    2196   1.0016025824E+00
    2197   9.9966413791E-01
    2198   9.9790808276E-01
    2199   9.9642393226E-01
    2200   9.9525316836E-01
    2201   9.9431644471E-01
    2202   9.9340685539E-01
    2203   9.9227096540E-01
    2204   9.9078894259E-01
    2205   9.8896815389E-01
    2206   9.8696052347E-01
    2207   9.8495981367E-01
    2208   9.8312013878E-01
    2209   9.8155699193E-01
    2210   9.8037425296E-01
    2211   9.7965707253E-01
    2212   9.7941432213E-01
    2213   9.7951968048E-01
    2214   9.7972218334E-01
    2215   9.7974872562E-01
    2216   9.7943712739E-01
    2217   9.7880864140E-01
    2218   9.7797506554E-01
    2219   9.7728375668E-01
    2220   9.7698112403E-01
    2221   9.7708459642E-01
    2222   9.7777736954E-01
    2223   9.7910502500E-01
    2224   9.8097273371E-01
    2225   9.8309275995E-01
    2226   9.8501630472E-01
    2227   9.8626763811E-01
    2228   9.8650972710E-01
    2229   9.8563566177E-01
    2230   9.8374203381E-01
    2231   9.8103602758E-01
    2232   9.7767313266E-01
    2233   9.7409785506E-01
    2234   9.7066426244E-01
    2235   9.6759333451E-01
    2236   9.6519998483E-01
    2237   9.6357460382E-01
    2238   9.6262487570E-01
    2239   9.6212643358E-01
    2240   9.6164831984E-01
    2241   9.6170696334E-01
    2242   9.6170354681E-01
    2243   9.6161785358E-01
    2244   9.6156042479E-01
    2245   9.6155293488E-01
    2246   9.6170709450E-01
    2247   9.6289754536E-01
    2248   9.6468722004E-01
    2249   9.6742287805E-01
    2250   9.7114692470E-01
    2251   9.7573859777E-01
    2252   9.8099897103E-01
    2253   9.8668920384E-01
    2254   9.9251759226E-01
    2255   9.9810316438E-01
    2256   1.0029862178E+00
    2257   1.0067212012E+00
    2258   1.0090104420E+00
    2259   1.0097878114E+00
    2260   1.0091983813E+00
    2261   1.0075119557E+00
    2262   1.0050523203E+00
    2263   1.0021751360E+00
    2264   9.9926091477E-01
    2265   9.9667390993E-01
    2266   9.9468300817E-01
    2267   9.9339878813E-01
    2268   9.9278071355E-01
    2269   9.9271118031E-01
    2270   9.9308066492E-01
    2271   9.9382583059E-01
    2272   9.9490572621E-01
    2273   9.9625611310E-01
    2274   9.9777190796E-01
    2275   9.9932388623E-01
    2276   1.0007760029E+00
    2277   1.0019752921E+00
    2278   1.0027257132E+00
    2279   1.0027942617E+00
    2280   1.0019781437E+00
    2281   1.0001987040E+00
    2282   9.9755219615E-01
    2283   9.9427923227E-01
    2284   9.9067998690E-01
    2285   9.8704302181E-01
    2286   9.8361970815E-01
    2287   9.8058321202E-01
    2288   9.7834867453E-01
    2289   9.7695930573E-01
    2290   9.7646184894E-01
    2291   9.7681450865E-01
    2292   9.7787233336E-01
    2293   9.7945973716E-01
    2294   9.8140052069E-01
    2295   9.8350690104E-01
    2296   9.8555175713E-01
    2297   9.8727276892E-01
    2298   9.8842320753E-01
    2299   9.8883550894E-01
    2300   9.8844485607E-01
    2301   9.8725295126E-01
    2302   9.8524711723E-01
    2303   9.8257570175E-01
    2304   9.7928223241E-01
    2305   9.7557083199E-01
    2306   9.7173271498E-01
    2307   9.6804753324E-01
    2308   9.6471904167E-01
    2309   9.6185978977E-01
    2310   9.5946288578E-01
    2311   9.5744799834E-01
    2312   9.5673575878E-01
    2313   9.5656878908E-01
    2314   9.5712183214E-01
    2315   9.5832844073E-01
    2316   9.5988695627E-01
    2317   9.6241997256E-01
    2318   9.6516008044E-01
    2319   9.6812007498E-01
    2320   9.7123395950E-01
    2321   9.7429850131E-01
    2322   9.7713167673E-01
    2323   9.7966570929E-01
    2324   9.8197219155E-01
    2325   9.8418908672E-01
    2326   9.8640551838E-01
    2327   9.8858849150E-01
    2328   9.9068793112E-01
    2329   9.9256152546E-01
    2330   9.9415604301E-01
    2331   9.9543212613E-01
    2332   9.9630637942E-01
    2333   9.9669031799E-01
    2334   9.9659450713E-01
    2335   9.9621459764E-01
    2336   9.9590078316E-01
    2337   9.9601171931E-01
    2338   9.9675957788E-01
    2339   9.9816058843E-01
    2340   1.0001042056E+00
    2341   1.0024473930E+00
    2342   1.0050329968E+00
    2343   1.0076279443E+00
    2344   1.0098785246E+00
    2345   1.0113834307E+00
    2346   1.0118697114E+00
    2347   1.0113437197E+00
    2348   1.0099949761E+00
    2349   1.0082216091E+00
    2350   1.0063151207E+00
    2351   1.0044837113E+00
    2352   1.0029211906E+00
    2353   1.0018235951E+00
    2354   1.0013168466E+00
    2355   1.0013500780E+00
    2356   1.0016771911E+00
    2357   1.0019832750E+00
    2358   1.0020721314E+00
    2359   1.0019618150E+00
    2360   1.0018191834E+00
    2361   1.0018190279E+00
    2362   1.0020723010E+00
    2363   1.0026782975E+00
    2364   1.0038098616E+00
    2365   1.0056941259E+00
    2366   1.0084579772E+00
    2367   1.0119589903E+00
    2368   1.0157605403E+00
    2369   1.0192951124E+00
    2370   1.0220893529E+00
    2371   1.0238733816E+00
    2372   1.0245247286E+00
    2373   1.0239695165E+00
    2374   1.0221848494E+00
    2375   1.0193010448E+00
    2376   1.0156661137E+00
    2377   1.0116311604E+00
    2378   1.0076669012E+00
    2379   1.0039366496E+00
    2380   1.0005291183E+00
    2381   9.9761813563E-01
    2382   9.9550529690E-01
    2383   9.9450744898E-01
    2384   9.9477434118E-01
    2385   9.9620011188E-01
    2386   9.9850397506E-01
    2387   1.0013974324E+00
    2388   1.0046767308E+00
    2389   1.0081617435E+00
    2390   1.0115749192E+00
    2391   1.0145251238E+00
    2392   1.0166554344E+00
    2393   1.0178280739E+00
    2394   1.0181615286E+00
    2395   1.0178794606E+00
    2396   1.0171254462E+00
    2397   1.0159211861E+00
    2398   1.0142848888E+00
    2399   1.0123530599E+00
    2400   1.0103528692E+00
    2401   1.0084503409E+00
    2402   1.0066425898E+00
    2403   1.0048164189E+00
    2404   1.0029186553E+00
    2405   1.0010610479E+00
    2406   9.9944874499E-01
    2407   9.9820970569E-01
    2408   9.9730395529E-01
    2409   9.9660367379E-01
    2410   9.9606102993E-01
    2411   9.9578932155E-01
    2412   9.9597132193E-01
    2413   9.9668668005E-01
    2414   9.9782853898E-01
    2415   9.9918183765E-01
    2416   1.0005748911E+00
    2417   1.0019407068E+00
    2418   1.0032268422E+00
    2419   1.0042655399E+00
    2420   1.0047721838E+00
    2421   1.0045082482E+00
    2422   1.0034676768E+00
    2423   1.0018993700E+00
    2424   1.0001368397E+00
    2425   9.9839643416E-01
    2426   9.9672707560E-01
    2427   9.9512843234E-01
    2428   9.9368881015E-01
    2429   9.9258496297E-01
    2430   9.9194358845E-01
    2431   9.9171100178E-01
    2432   9.9167165459E-01
    2433   9.9160145501E-01
    2434   9.9141170660E-01
    2435   9.9114828422E-01
    2436   9.9086309366E-01
    2437   9.9050370685E-01
    2438   9.8994540048E-01
    2439   9.8913407853E-01
    2440   9.8818852980E-01
    2441   9.8734620229E-01
    2442   9.8679637408E-01
    2443   9.8655539127E-01
    2444   9.8649647043E-01
    2445   9.8649395749E-01
    2446   9.8652640731E-01
    2447   9.8664649571E-01
    2448   9.8693740235E-01
    2449   9.8718040202E-01
    2450   9.8717858590E-01
    2451   9.8679601146E-01
    2452   9.8607147050E-01
    2453   9.8517114609E-01
    2454   9.8423958689E-01
    2455   9.8330240732E-01
    2456   9.8231100603E-01
    2457   9.8127274759E-01
    2458   9.8032311206E-01
    2459   9.7965976722E-01
    2460   9.7939695585E-01
    2461   9.7947517683E-01
    2462   9.7970558940E-01
    2463   9.7986573328E-01
    2464   9.8009691871E-01
    2465   9.8033139697E-01
    2466   9.8065544393E-01
    2467   9.8111852282E-01
    2468   9.8172699283E-01
    2469   9.8256362530E-01
    2470   9.8382717884E-01
    2471   9.8575494598E-01
    2472   9.8848477388E-01
    2473   9.9197237461E-01
    2474   9.9603336149E-01
    2475   1.0004624508E+00
    2476   1.0051097948E+00
    2477   1.0098385966E+00
    2478   1.0144168652E+00
    2479   1.0184715338E+00
    2480   1.0215770240E+00
    2481   1.0234108988E+00
    2482   1.0238383169E+00
    2483   1.0228642374E+00
    2484   1.0205428050E+00
    2485   1.0169497765E+00
    2486   1.0121498194E+00
    2487   1.0066366626E+00
    2488   1.0008390640E+00
    2489   9.9520210838E-01
    2490   9.9003299794E-01
    2491   9.8540621860E-01
    2492   9.8142127384E-01
    2493   9.7806292781E-01
    2494   9.7525835204E-01
    2495   9.7297428393E-01
    2496   9.7110403941E-01
    2497   9.6952132378E-01
    2498   9.6815868342E-01
    2499   9.6706311336E-01
    2500   9.6630833232E-01
    2501   9.6607481819E-01
    2502   9.6687166323E-01
    2503   9.6817632646E-01
    2504   9.7010356799E-01
    2505   9.7259403905E-01
    2506   9.7556267648E-01
    2507   9.7888261143E-01
    2508   9.8236326298E-01
    2509   9.8577700100E-01
    2510   9.8892697996E-01
    2511   9.9170784485E-01
    2512   9.9411262593E-01
    2513   9.9618592860E-01
    2514   9.9797563434E-01
    2515   9.9952333175E-01
    2516   1.0008822530E+00
    2517   1.0021198634E+00
    2518   1.0032822785E+00
    2519   1.0043445271E+00
    2520   1.0052015519E+00
    2521   1.0057203740E+00
    2522   1.0058135267E+00
    2523   1.0054761311E+00
    2524   1.0047667007E+00
    2525   1.0037616234E+00
    2526   1.0025353455E+00
    2527   1.0011797782E+00
    2528   9.9982783751E-01
    2529   9.9864317044E-01
    2530   9.9777810580E-01
    2531   9.9733252843E-01
    2532   9.9734906797E-01
    2533   9.9784138396E-01
    2534   9.9881655272E-01
    2535   1.0002620190E+00
    2536   1.0021103893E+00
    2537   1.0042174507E+00
    2538   1.0063834395E+00
    2539   1.0084085137E+00
    2540   1.0101410296E+00
    2541   1.0114898974E+00
    2542   1.0124126350E+00
    2543   1.0129035141E+00
    2544   1.0129961945E+00
    2545   1.0127648696E+00
    2546   1.0123020394E+00
    2547   1.0116758174E+00
    2548   1.0109012423E+00
    2549   1.0099470126E+00
    2550   1.0087701968E+00
    2551   1.0073460533E+00
    2552   1.0056718324E+00
    2553   1.0037526112E+00
    2554   1.0016018326E+00
    2555   9.9926671503E-01
    2556   9.9685698216E-01
    2557   9.9454375413E-01
    2558   9.9252084037E-01
    2559   9.9094865354E-01
    2560   9.8991907962E-01
    2561   9.8945318964E-01
    2562   9.8951291389E-01
    2563   9.9000302198E-01
    2564   9.9076181235E-01
    2565   9.9155822733E-01
    2566   9.9212649493E-01
    2567   9.9223827302E-01
    2568   9.9177637668E-01
    2569   9.9077071441E-01
    2570   9.8938344983E-01
    2571   9.8785826876E-01
    2572   9.8647012012E-01
    2573   9.8548783945E-01
    2574   9.8513987983E-01
    2575   9.8556473376E-01
    2576   9.8681536976E-01
    2577   9.8884751571E-01
    2578   9.9138837526E-01
    2579   9.9425011949E-01
    2580   9.9723662414E-01
    2581   1.0001957444E+00
    2582   1.0030142867E+00
    2583   1.0056008522E+00
    2584   1.0078835437E+00
    2585   1.0098170793E+00
    2586   1.0113966930E+00
    2587   1.0125512266E+00
    2588   1.0131982682E+00
    2589   1.0132593318E+00
    2590   1.0126082948E+00
    2591   1.0112078106E+00
    2592   1.0091313459E+00
    2593   1.0065485437E+00
    2594   1.0036776541E+00
    2595   1.0007413310E+00
    2596   9.9795199573E-01
    2597   9.9551601076E-01
    2598   9.9362863436E-01
    2599   9.9244742385E-01
    2600   9.9205625937E-01
    2601   9.9244202116E-01
    2602   9.9349965125E-01
    2603   9.9505758876E-01
    2604   9.9690426408E-01
    2605   9.9880851769E-01
    2606   1.0005430078E+00
    2607   1.0019213077E+00
    2608   1.0028447672E+00
    2609   1.0033326767E+00
    2610   1.0035080020E+00
    2611   1.0035423354E+00
    2612   1.0035913163E+00
    2613   1.0037579497E+00
    2614   1.0040957836E+00
    2615   1.0046317122E+00
    2616   1.0053753070E+00
    2617   1.0063049829E+00
    2618   1.0073482814E+00
    2619   1.0083860805E+00
    2620   1.0092883436E+00
    2621   1.0099584760E+00
    2622   1.0103503360E+00
    2623   1.0104477682E+00
    2624   1.0102301761E+00
    2625   1.0096632345E+00
    2626   1.0087272260E+00
    2627   1.0074573146E+00
    2628   1.0059553272E+00
    2629   1.0043594515E+00
    2630   1.0027939147E+00
    2631   1.0013390646E+00
    2632   1.0000372124E+00
    2633   9.9891366064E-01
    2634   9.9798246734E-01
    2635   9.9723005809E-01
    2636   9.9659901464E-01
    2637   9.9600450094E-01
    2638   9.9538528895E-01
    2639   9.9475279793E-01
    2640   9.9419819716E-01
    2641   9.9385033713E-01
    2642   9.9381678729E-01
    2643   9.9415260886E-01
    2644   9.9487063983E-01
    2645   9.9596377071E-01
    2646   9.9740418518E-01
    2647   9.9911477873E-01
    2648   1.0009475767E+00
    2649   1.0027089581E+00
    2650   1.0042330971E+00
    2651   1.0054496195E+00
    2652   1.0063902739E+00
    2653   1.0071315857E+00
    2654   1.0077273579E+00
    2655   1.0081921676E+00
    2656   1.0085459733E+00
    2657   1.0088612667E+00
    2658   1.0092542581E+00
    2659   1.0098187264E+00
    2660   1.0105597801E+00
    2661   1.0113854648E+00
    2662   1.0121602723E+00
    2663   1.0127721780E+00
    2664   1.0130746708E+00
    2665   1.0128661966E+00
    2666   1.0119831166E+00
    2667   1.0101769582E+00
    2668   1.0073395113E+00
    2669   1.0035562061E+00
    2670   9.9908536468E-01
    2671   9.9426812245E-01
    2672   9.8944536411E-01
    2673   9.8492931210E-01
    2674   9.8098693713E-01
    2675   9.7786877963E-01
    2676   9.7599113592E-01
    2677   9.7519006261E-01
    2678   9.7538980458E-01
    2679   9.7634999325E-01
    2680   9.7779427051E-01
    2681   9.7949092176E-01
    2682   9.8126772903E-01
    2683   9.8298601483E-01
    2684   9.8452506567E-01
    2685   9.8580797331E-01
    2686   9.8685490837E-01
    2687   9.8779357058E-01
    2688   9.8879889167E-01
    2689   9.9005809698E-01
    2690   9.9153412811E-01
    2691   9.9316932924E-01
    2692   9.9487029181E-01
    2693   9.9657191393E-01
    2694   9.9823569336E-01
    2695   9.9980624349E-01
    2696   1.0011914986E+00
    2697   1.0022957107E+00
    2698   1.0030805345E+00
    2699   1.0035853347E+00
    2700   1.0038740110E+00
    2701   1.0039558635E+00
    2702   1.0037540455E+00
    2703   1.0031466888E+00
    2704   1.0020467952E+00
    2705   1.0004499400E+00
    2706   9.9841798780E-01
    2707   9.9604000964E-01
    2708   9.9342538468E-01
    2709   9.9073333603E-01
    2710   9.8820166378E-01
    2711   9.8612294540E-01
    2712   9.8476451167E-01
    2713   9.8428666235E-01
    2714   9.8471232381E-01
    2715   9.8595261370E-01
    2716   9.8786060713E-01
    2717   9.9027061842E-01
    2718   9.9300839915E-01
    2719   9.9589826136E-01
    2720   9.9879549754E-01
    2721   1.0016346599E+00
    2722   1.0044588190E+00
    2723   1.0073984564E+00
    2724   1.0106029465E+00
    2725   1.0141703373E+00
    2726   1.0181145296E+00
    2727   1.0223643100E+00
    2728   1.0267671608E+00
    2729   1.0311265556E+00
    2730   1.0352672701E+00
    2731   1.0382604326E+00
    2732   1.0402956745E+00
    2733   1.0411520445E+00
    2734   1.0408294949E+00
    2735   1.0395371564E+00
    2736   1.0377141956E+00
    2737   1.0351098327E+00
    2738   1.0326142678E+00
    2739   1.0304434416E+00
    2740   1.0286883617E+00
    2741   1.0273521693E+00
    2742   1.0263032011E+00
    2743   1.0253538218E+00
    2744   1.0243560959E+00
    2745   1.0232705678E+00
    2746   1.0218392753E+00
    2747   1.0203164072E+00
    2748   1.0187517070E+00
    2749   1.0172891488E+00
    2750   1.0161402550E+00
    2751   1.0154840668E+00
    2752   1.0153919647E+00
    2753   1.0158152649E+00
    2754   1.0166442819E+00
    2755   1.0177869603E+00
    2756   1.0191990264E+00
    2757   1.0208449894E+00
    2758   1.0226507003E+00
    2759   1.0245715402E+00
    2760   1.0261795102E+00
    2761   1.0275402030E+00
    2762   1.0285659956E+00
    2763   1.0291029784E+00
    2764   1.0289892296E+00
    2765   1.0280748800E+00
    2766   1.0263151201E+00
    2767   1.0238752585E+00
    2768   1.0207559311E+00
    2769   1.0173596697E+00
    2770   1.0138912402E+00
    2771   1.0104827923E+00
    2772   1.0073444733E+00
    2773   1.0047148751E+00
    2774   1.0027934660E+00
    2775   1.0016669342E+00
    2776   1.0013031696E+00
    2777   1.0016177296E+00
    2778   1.0025492698E+00
    2779   1.0040745476E+00
    2780   1.0061523652E+00
    2781   1.0086569239E+00
    2782   1.0113802959E+00
    2783   1.0141115584E+00
    2784   1.0167194614E+00
    2785   1.0191614765E+00
    2786   1.0214124507E+00
    2787   1.0233854040E+00
    2788   1.0249758053E+00
    2789   1.0260146464E+00
    2790   1.0262269457E+00
    2791   1.0258894014E+00
    2792   1.0249123020E+00
    2793   1.0232588981E+00
    2794   1.0209168302E+00
    2795   1.0179884835E+00
    2796   1.0147273232E+00
    2797   1.0114705625E+00
    2798   1.0085185963E+00
    2799   1.0060552209E+00
    2800   1.0041570661E+00
    2801   1.0028509695E+00
    2802   1.0021383867E+00
    2803   1.0019631855E+00
    2804   1.0021671233E+00
    2805   1.0025009535E+00
    2806   1.0027117129E+00
    2807   1.0026515791E+00
    2808   1.0023203846E+00
    2809   1.0018177953E+00
    2810   1.0012550437E+00
    2811   1.0007039272E+00
    2812   1.0002130010E+00
    2813   9.9985090545E-01
    2814   9.9970889937E-01
    2815   9.9985333261E-01
    2816   1.0002736159E+00
    2817   1.0008825559E+00
    2818   1.0015776871E+00
    2819   1.0023135264E+00
    2820   1.0031163364E+00
    2821   1.0040346194E+00
    2822   1.0050739649E+00
    2823   1.0061758252E+00
    2824   1.0072601704E+00
    2825   1.0082595443E+00
    2826   1.0091301127E+00
    2827   1.0098721809E+00
    2828   1.0104274296E+00
    2829   1.0107329299E+00
    2830   1.0107681079E+00
    2831   1.0105982262E+00
    2832   1.0103595826E+00
    2833   1.0101995266E+00
    2834   1.0102230949E+00
    2835   1.0104856263E+00
    2836   1.0110222931E+00
    2837   1.0118698118E+00
    2838   1.0130464649E+00
    2839   1.0145092975E+00
    2840   1.0161350526E+00
    2841   1.0177518446E+00
    2842   1.0192018019E+00
    2843   1.0203844460E+00
    2844   1.0212728875E+00
    2845   1.0218447259E+00
    2846   1.0218679345E+00
    2847   1.0215133530E+00
    2848   1.0207247547E+00
    2849   1.0195518592E+00
    2850   1.0180841475E+00
    2851   1.0164095957E+00
    2852   1.0146047335E+00
    2853   1.0127545153E+00
    2854   1.0109754210E+00
    2855   1.0094082264E+00
    2856   1.0081744804E+00
    2857   1.0073289404E+00
    2858   1.0068400008E+00
    2859   1.0066076294E+00
    2860   1.0064991959E+00
    2861   1.0063771960E+00
    2862   1.0061137793E+00
    2863   1.0055834067E+00
    2864   1.0047166928E+00
    2865   1.0035246427E+00
    2866   1.0021034680E+00
    2867   1.0006394334E+00
    2868   9.9936162032E-01
    2869   9.9849309275E-01
    2870   9.9821199556E-01
    2871   9.9862720035E-01
    2872   9.9975905729E-01
    2873   1.0015208005E+00
    2874   1.0037100178E+00
    2875   1.0060336246E+00
    2876   1.0081710261E+00
    2877   1.0098576396E+00
    2878   1.0109521720E+00
    2879   1.0114593144E+00
    2880   1.0115080626E+00
    2881   1.0113115569E+00
    2882   1.0111277588E+00
    2883   1.0112228345E+00
    2884   1.0118286030E+00
    2885   1.0130912972E+00
    2886   1.0150270375E+00
    2887   1.0175076459E+00
    2888   1.0202877282E+00
    2889   1.0230598478E+00
    2890   1.0255565044E+00
    2891   1.0275354871E+00
    2892   1.0285234955E+00
    2893   1.0287778566E+00
    2894   1.0282881387E+00
    2895   1.0272577549E+00
    2896   1.0259937344E+00
    2897   1.0248196134E+00
    2898   1.0239965699E+00
    2899   1.0236741411E+00
    2900   1.0239373467E+00
    2901   1.0246337132E+00
    2902   1.0254794984E+00
    2903   1.0264278492E+00
    2904   1.0271231552E+00
    2905   1.0273327096E+00
    2906   1.0269395523E+00
    2907   1.0259754395E+00
    2908   1.0245974971E+00
    2909   1.0230250238E+00
    2910   1.0214893612E+00
    2911   1.0202144462E+00
    2912   1.0191988247E+00
    2913   1.0187486962E+00
    2914   1.0188985279E+00
    2915   1.0196432311E+00
    2916   1.0209160796E+00
    2917   1.0226025907E+00
    2918   1.0245784703E+00
    2919   1.0267285577E+00
    2920   1.0289505791E+00
    2921   1.0312372832E+00
    2922   1.0329595630E+00
    2923   1.0342612525E+00
    2924   1.0349791371E+00
    2925   1.0349783483E+00
    2926   1.0342268042E+00
    2927   1.0327390513E+00
    2928   1.0306801964E+00
    2929   1.0278106477E+00
    2930   1.0246300995E+00
    2931   1.0214277940E+00
    2932   1.0184108467E+00
    2933   1.0158224475E+00
    2934   1.0138602379E+00
    2935   1.0126826368E+00
    2936   1.0124020624E+00
    2937   1.0130457869E+00
    2938   1.0145027493E+00
    2939   1.0164980242E+00
    2940   1.0186264075E+00
    2941   1.0204366913E+00
    2942   1.0215858434E+00
    2943   1.0216329243E+00
    2944   1.0204383133E+00
    2945   1.0180961403E+00
    2946   1.0147037642E+00
    2947   1.0105818458E+00
    2948   1.0061836718E+00
    2949   1.0020048613E+00
    2950   9.9847433207E-01
    2951   9.9587612085E-01
    2952   9.9432854044E-01
    2953   9.9380992854E-01
    2954   9.9419646187E-01
    2955   9.9528843048E-01
    2956   9.9682699316E-01
    2957   9.9852140178E-01
    2958   1.0000966855E+00
    2959   1.0013473582E+00
    2960   1.0021676208E+00
    2961   1.0025414206E+00
    2962   1.0025064007E+00
    2963   1.0021237212E+00
    2964   1.0014711185E+00
    2965   1.0006497407E+00
    2966   9.9978029262E-01
    2967   9.9897627723E-01
    2968   9.9830756956E-01
    2969   9.9778179679E-01
    2970   9.9735472587E-01
    2971   9.9695914937E-01
    2972   9.9652895083E-01
    2973   9.9600593166E-01
    2974   9.9533715386E-01
    2975   9.9448196192E-01
    2976   9.9343211599E-01
    2977   9.9223108631E-01
    2978   9.9097199784E-01
    2979   9.8976747114E-01
    2980   9.8869499563E-01
    2981   9.8779623842E-01
    2982   9.8710169570E-01
    2983   9.8650328626E-01
    2984   9.8596885064E-01
    2985   9.8545977842E-01
    2986   9.8495140184E-01
    2987   9.8443348216E-01
    2988   9.8391045733E-01
    2989   9.8339939103E-01
    2990   9.8292327367E-01
    2991   9.8249645280E-01
    2992   9.8211058929E-01
    2993   9.8173160685E-01
    2994   9.8131157497E-01
    2995   9.8081086023E-01
    2996   9.8019532072E-01
    2997   9.7952275419E-01
    2998   9.7904262305E-01
    2999   9.7874278772E-01
    3000   9.7887666025E-01
    3001   9.7963417401E-01
    3002   9.8115166230E-01
    3003   9.8347700803E-01
    3004   9.8654930378E-01
    3005   9.9020363059E-01
    3006   9.9420145873E-01
    3007   9.9827630222E-01
    3008   1.0021849738E+00
    3009   1.0057478887E+00
    3010   1.0088709791E+00
    3011   1.0115434723E+00
    3012   1.0138132048E+00
    3013   1.0157463587E+00
    3014   1.0173905664E+00
    3015   1.0187520608E+00
    3016   1.0197938868E+00
    3017   1.0204466721E+00
    3018   1.0206428020E+00
    3019   1.0202910390E+00
    3020   1.0191552071E+00
    3021   1.0173791564E+00
    3022   1.0149252249E+00
    3023   1.0118793390E+00
    3024   1.0083914466E+00
    3025   1.0046342173E+00
    3026   1.0007756626E+00
    3027   9.9697218349E-01
    3028   9.9337750178E-01
    3029   9.9014587141E-01
    3030   9.8741489246E-01
    3031   9.8527331219E-01
    3032   9.8373771194E-01
    3033   9.8274704900E-01
    3034   9.8215726808E-01
    3035   9.8200056832E-01
    3036   9.8203599341E-01
    3037   9.8217217978E-01
    3038   9.8233705525E-01
    3039   9.8247152413E-01
    3040   9.8256504542E-01
    3041   9.8266623345E-01
    3042   9.8286856170E-01
    3043   9.8327316149E-01
    3044   9.8394983534E-01
    3045   9.8491936939E-01
    3046   9.8616059033E-01
    3047   9.8762878941E-01
    3048   9.8926492620E-01
    3049   9.9098625221E-01
    3050   9.9268627830E-01
    3051   9.9424470945E-01
    3052   9.9550837376E-01
    3053   9.9639546553E-01
    3054   9.9685573767E-01
    3055   9.9686750743E-01
    3056   9.9641984054E-01
    3057   9.9551415264E-01
    3058   9.9418498892E-01
    3059   9.9252067207E-01
    3060   9.9065711540E-01
    3061   9.8874213318E-01
    3062   9.8689149941E-01
    3063   9.8516818817E-01
    3064   9.8359144220E-01
    3065   9.8216369367E-01
    3066   9.8089044127E-01
    3067   9.7978244121E-01
    3068   9.7884700123E-01
    3069   9.7808721156E-01
    3070   9.7747514429E-01
    3071   9.7706331223E-01
    3072   9.7707328005E-01
    3073   9.7734604581E-01
    3074   9.7801078364E-01
    3075   9.7910041743E-01
    3076   9.8062783053E-01
    3077   9.8260361638E-01
    3078   9.8503489097E-01
    3079   9.8790070908E-01
    3080   9.9111760987E-01
    3081   9.9452358342E-01
    3082   9.9789712918E-01
    3083   1.0010065977E+00
    3084   1.0036621585E+00
    3085   1.0057425549E+00
    3086   1.0071917989E+00
    3087   1.0080038067E+00
    3088   1.0082123219E+00
    3089   1.0078909697E+00
    3090   1.0071493938E+00
    3091   1.0061133587E+00
    3092   1.0048950039E+00
    3093   1.0035735744E+00
    3094   1.0021982650E+00
    3095   1.0008087383E+00
    3096   9.9945219872E-01
    3097   9.9818075983E-01
    3098   9.9703224696E-01
    3099   9.9601245595E-01
    3100   9.9509265760E-01
    3101   9.9422427973E-01
    3102   9.9335881882E-01
    3103   9.9245979198E-01
    3104   9.9150741158E-01
    3105   9.9050372776E-01
    3106   9.8948239123E-01
    3107   9.8851928355E-01
    3108   9.8773259162E-01
    3109   9.8726521186E-01
    3110   9.8725637421E-01
    3111   9.8781612873E-01
    3112   9.8900805281E-01
    3113   9.9083527054E-01
    3114   9.9326382444E-01
    3115   9.9614671364E-01
    3116   9.9926246866E-01
    3117   1.0023481777E+00
    3118   1.0051062349E+00
    3119   1.0072803398E+00
    3120   1.0086624007E+00
    3121   1.0092144074E+00
    3122   1.0090037666E+00
    3123   1.0081987101E+00
    3124   1.0070429996E+00
    3125   1.0058188851E+00
    3126   1.0048005621E+00
    3127   1.0041985215E+00
    3128   1.0041107421E+00
    3129   1.0044998882E+00
    3130   1.0052065089E+00
    3131   1.0059939908E+00
    3132   1.0066064210E+00
    3133   1.0068199828E+00
    3134   1.0064806109E+00
    3135   1.0055276964E+00
    3136   1.0040049480E+00
    3137   1.0020542823E+00
    3138   9.9988761976E-01
    3139   9.9773873068E-01
    3140   9.9581087376E-01
    3141   9.9423609243E-01
    3142   9.9305657648E-01
    3143   9.9222837920E-01
    3144   9.9164413003E-01
    3145   9.9116894224E-01
    3146   9.9068454210E-01
    3147   9.9012846780E-01
    3148   9.8951231656E-01
    3149   9.8890782185E-01
    3150   9.8840733930E-01
    3151   9.8807152500E-01
    3152   9.8791420576E-01
    3153   9.8796423587E-01
    3154   9.8809978699E-01
    3155   9.8827896015E-01
    3156   9.8844832645E-01
    3157   9.8856262650E-01
    3158   9.8860117316E-01
    3159   9.8858589054E-01
    3160   9.8858772785E-01
    3161   9.8870341428E-01
    3162   9.8900820401E-01
    3163   9.8950813914E-01
    3164   9.9012480477E-01
    3165   9.9071802661E-01
    3166   9.9112940431E-01
    3167   9.9121596029E-01
    3168   9.9086456000E-01
    3169   9.8999617619E-01
    3170   9.8858290954E-01
    3171   9.8667300800E-01
    3172   9.8440128756E-01
    3173   9.8195007423E-01
    3174   9.7944797770E-01
    3175   9.7724941524E-01
    3176   9.7528302474E-01
    3177   9.7361436222E-01
    3178   9.7232194938E-01
    3179   9.7148162435E-01
    3180   9.7115545425E-01
    3181   9.7135283982E-01
    3182   9.7201338151E-01
    3183   9.7294470092E-01
    3184   9.7436638199E-01
    3185   9.7594971562E-01
    3186   9.7760092545E-01
    3187   9.7925251516E-01
    3188   9.8075066157E-01
    3189   9.8195287932E-01
    3190   9.8279046873E-01
    3191   9.8329189554E-01
    3192   9.8355076230E-01
    3193   9.8366378760E-01
    3194   9.8369658135E-01
    3195   9.8369118530E-01
    3196   9.8370620457E-01
    3197   9.8398152723E-01
    3198   9.8452312610E-01
    3199   9.8542267865E-01
    3200   9.8665831359E-01
    3201   9.8813006552E-01
    3202   9.8972173700E-01
    3203   9.9133142157E-01
    3204   9.9285625130E-01
    3205   9.9415857025E-01
    3206   9.9507083945E-01
    3207   9.9546035626E-01
    3208   9.9531391570E-01
    3209   9.9476707552E-01
    3210   9.9404700361E-01
    3211   9.9336945089E-01
    3212   9.9286676122E-01
    3213   9.9258621520E-01
    3214   9.9253230409E-01
    3215   9.9268940638E-01
    3216   9.9299585236E-01
    3217   9.9330240522E-01
    3218   9.9337573207E-01
    3219   9.9297115084E-01
    3220   9.9193314978E-01
    3221   9.9024667850E-01
    3222   9.8800464996E-01
    3223   9.8533215743E-01
    3224   9.8227737669E-01
    3225   9.7904912642E-01
    3226   9.7581017692E-01
    3227   9.7268657292E-01
    3228   9.6992249240E-01
    3229   9.6766805338E-01
    3230   9.6598614384E-01
    3231   9.6488534403E-01
    3232   9.6434677371E-01
    3233   9.6429964987E-01
    3234   9.6540709021E-01
    3235   9.6710999546E-01
    3236   9.6943167609E-01
    3237   9.7224508771E-01
    3238   9.7533330320E-01
    3239   9.7848800959E-01
    3240   9.8151820697E-01
    3241   9.8422563379E-01
    3242   9.8639224320E-01
    3243   9.8780825040E-01
    3244   9.8844457448E-01
    3245   9.8831624907E-01
    3246   9.8762968822E-01
    3247   9.8663427001E-01
    3248   9.8554076330E-01
    3249   9.8451583152E-01
    3250   9.8371562562E-01
    3251   9.8330903786E-01
    3252   9.8344699731E-01
    3253   9.8419447078E-01
    3254   9.8548311367E-01
    3255   9.8712916002E-01
    3256   9.8890702295E-01
    3257   9.9062410602E-01
    3258   9.9214405478E-01
    3259   9.9335988986E-01
    3260   9.9416801594E-01
    3261   9.9448708031E-01
    3262   9.9431071114E-01
    3263   9.9374082185E-01
    3264   9.9295623032E-01
    3265   9.9212885204E-01
    3266   9.9140547759E-01
    3267   9.9080697428E-01
    3268   9.9034447073E-01
    3269   9.9003184626E-01
    3270   9.8987800370E-01
    3271   9.8985508612E-01
    3272   9.8987874618E-01
    3273   9.8983370336E-01
    3274   9.8962657935E-01
    3275   9.8922243067E-01
    3276   9.8863478159E-01
    3277   9.8788553677E-01
    3278   9.8697934596E-01
    3279   9.8592009784E-01
    3280   9.8475003328E-01
    3281   9.8357075687E-01
    3282   9.8252274692E-01
    3283   9.8174188824E-01
    3284   9.8133254526E-01
    3285   9.8134759955E-01
    3286   9.8193149776E-01
    3287   9.8324278812E-01
    3288   9.8523271595E-01
    3289   9.8794555509E-01
    3290   9.9125054077E-01
    3291   9.9490826864E-01
    3292   9.9862740788E-01
    3293   1.0021188316E+00
    3294   1.0051188770E+00
    3295   1.0073887207E+00
    3296   1.0087280425E+00
    3297   1.0090218432E+00
    3298   1.0082939057E+00
    3299   1.0067164594E+00
    3300   1.0045581236E+00
    3301   1.0020998187E+00
    3302   9.9957426413E-01
    3303   9.9715332278E-01
    3304   9.9496184318E-01
    3305   9.9308020901E-01
    3306   9.9152813983E-01
    3307   9.9025197006E-01
    3308   9.8914683484E-01
    3309   9.8811031048E-01
    3310   9.8709275969E-01
    3311   9.8610478435E-01
    3312   9.8518280663E-01
    3313   9.8434532483E-01
    3314   9.8358290453E-01
    3315   9.8288651917E-01
    3316   9.8228584508E-01
    3317   9.8185765741E-01
    3318   9.8169918811E-01
    3319   9.8188865835E-01
    3320   9.8243592165E-01
    3321   9.8343357167E-01
    3322   9.8488698233E-01
    3323   9.8670221550E-01
    3324   9.8885277880E-01
    3325   9.9118936288E-01
    3326   9.9349687397E-01
    3327   9.9554995878E-01
    3328   9.9717340526E-01
    3329   9.9826364471E-01
    3330   9.9876768147E-01
    3331   9.9865409864E-01
    3332   9.9791758815E-01
    3333   9.9661351550E-01
    3334   9.9488533999E-01
    3335   9.9294695640E-01
    3336   9.9102669825E-01
    3337   9.8931439824E-01
    3338   9.8794763458E-01
    3339   9.8702854159E-01
    3340   9.8663632487E-01
    3341   9.8680788139E-01
    3342   9.8749778941E-01
    3343   9.8855934838E-01
    3344   9.8977735207E-01
    3345   9.9093776752E-01
    3346   9.9188817695E-01
    3347   9.9254810061E-01
    3348   9.9287257208E-01
    3349   9.9280953339E-01
    3350   9.9234222361E-01
    3351   9.9146369290E-01
    3352   9.9024575994E-01
    3353   9.8881521411E-01
    3354   9.8729115748E-01
    3355   9.8575189253E-01
    3356   9.8424453258E-01
    3357   9.8282601855E-01
    3358   9.8159041177E-01
    3359   9.8065364022E-01
    3360   9.8010626058E-01
    3361   9.7998024160E-01
    3362   9.8025727195E-01
    3363   9.8090752799E-01
    3364   9.8191729381E-01
    3365   9.8324450235E-01
    3366   9.8493863991E-01
    3367   9.8681507460E-01
    3368   9.8866980063E-01
    3369   9.9035699495E-01
    3370   9.9175669181E-01
    3371   9.9281642761E-01
    3372   9.9352747015E-01
    3373   9.9390017274E-01
    3374   9.9396840283E-01
    3375   9.9381286645E-01
    3376   9.9356531412E-01
    3377   9.9337062855E-01
    3378   9.9332669957E-01
    3379   9.9344831209E-01
    3380   9.9368433703E-01
    3381   9.9397169253E-01
    3382   9.9428126701E-01
    3383   9.9462349170E-01
    3384   9.9502296016E-01
    3385   9.9549740017E-01
    3386   9.9606416656E-01
    3387   9.9676009724E-01
    3388   9.9764128996E-01
    3389   9.9874611835E-01
    3390   1.0000456883E+00
    3391   1.0014230195E+00
    3392   1.0027028376E+00
    3393   1.0037117255E+00
    3394   1.0043259897E+00
    3395   1.0044814882E+00
    3396   1.0041612052E+00
    3397   1.0033917438E+00
    3398   1.0022617224E+00
    3399   1.0009399144E+00
    3400   9.9966167413E-01
    3401   9.9867699469E-01
    3402   9.9818962061E-01
    3403   9.9831923300E-01
    3404   9.9909600486E-01
    3405   1.0004684050E+00
    3406   1.0023021531E+00
    3407   1.0043698161E+00
    3408   1.0063583576E+00
    3409   1.0079152411E+00
    3410   1.0087253719E+00
    3411   1.0085813907E+00
    3412   1.0074119633E+00
    3413   1.0052658825E+00
    3414   1.0022834155E+00
    3415   9.9867839832E-01
    3416   9.9472833373E-01
    3417   9.9074989949E-01
    3418   9.8705032023E-01
    3419   9.8387280460E-01
    3420   9.8136870937E-01
    3421   9.7960817319E-01
    3422   9.7861392189E-01
    3423   9.7838967656E-01
    3424   9.7892545069E-01
    3425   9.8016559067E-01
    3426   9.8205083869E-01
    3427   9.8457349780E-01
    3428   9.8745992197E-01
    3429   9.9066122260E-01
    3430   9.9407544670E-01
    3431   9.9758015086E-01
    3432   1.0010287138E+00
    3433   1.0042629349E+00
    3434   1.0071356898E+00
    3435   1.0095251583E+00
    3436   1.0113321896E+00
    3437   1.0124737608E+00
    3438   1.0129159402E+00
    3439   1.0125938631E+00
    3440   1.0116243569E+00
    3441   1.0101919753E+00
    3442   1.0084849086E+00
    3443   1.0067029530E+00
    3444   1.0050135791E+00
    3445   1.0035456668E+00
    3446   1.0023892463E+00
    3447   1.0015870054E+00
    3448   1.0011210253E+00
    3449   1.0009111610E+00
    3450   1.0008391090E+00
    3451   1.0007917201E+00
    3452   1.0006996607E+00
    3453   1.0005533586E+00
    3454   1.0003963631E+00
    3455   1.0003084334E+00
    3456   1.0003909903E+00
    3457   1.0007540020E+00
    3458   1.0014929856E+00
    3459   1.0026561374E+00
    3460   1.0042155107E+00
    3461   1.0060594608E+00
    3462   1.0080144128E+00
    3463   1.0098860968E+00
    3464   1.0114965930E+00
    3465   1.0127053406E+00
    3466   1.0134171256E+00
    3467   1.0135858423E+00
    3468   1.0132176648E+00
    3469   1.0123691609E+00
    3470   1.0111312293E+00
    3471   1.0096062834E+00
    3472   1.0078919060E+00
    3473   1.0060778070E+00
    3474   1.0042500306E+00
    3475   1.0024915020E+00
    3476   1.0008705210E+00
    3477   9.9942865302E-01
    3478   9.9818033084E-01
    3479   9.9712778842E-01
    3480   9.9628111122E-01
    3481   9.9567117960E-01
    3482   9.9534633201E-01
    3483   9.9536120711E-01
    3484   9.9576526468E-01
    3485   9.9659424503E-01
    3486   9.9785972533E-01
    3487   9.9953651495E-01
    3488   1.0015508309E+00
    3489   1.0037823467E+00
    3490   1.0060830634E+00
    3491   1.0083048701E+00
    3492   1.0103200519E+00
    3493   1.0120291992E+00
    3494   1.0133630352E+00
    3495   1.0143144494E+00
    3496   1.0147988740E+00
    3497   1.0149509484E+00
    3498   1.0148863295E+00
    3499   1.0147178046E+00
    3500   1.0145509390E+00
    3501   1.0144589326E+00
    3502   1.0144878253E+00
    3503   1.0146647276E+00
    3504   1.0149925978E+00
    3505   1.0154376783E+00
    3506   1.0159255177E+00
    3507   1.0163601519E+00
    3508   1.0166544629E+00
    3509   1.0167490227E+00
    3510   1.0166091216E+00
    3511   1.0162400883E+00
    3512   1.0155131868E+00
    3513   1.0145447666E+00
    3514   1.0134322357E+00
    3515   1.0123215230E+00
    3516   1.0113941187E+00
    3517   1.0107926695E+00
    3518   1.0105904274E+00
    3519   1.0108008102E+00
    3520   1.0114023302E+00
    3521   1.0123466796E+00
    3522   1.0135452994E+00
    3523   1.0148635894E+00
    3524   1.0161524467E+00
    3525   1.0173100031E+00
    3526   1.0183282733E+00
    3527   1.0192865021E+00
    3528   1.0203494089E+00
    3529   1.0214041646E+00
    3530   1.0225816803E+00
    3531   1.0239028211E+00
    3532   1.0253560697E+00
    3533   1.0269451165E+00
    3534   1.0286069750E+00
    3535   1.0301841260E+00
    3536   1.0314644182E+00
    3537   1.0323912697E+00
    3538   1.0326047971E+00
    3539   1.0320726374E+00
    3540   1.0310594967E+00
    3541   1.0294402331E+00
    3542   1.0272608452E+00
    3543   1.0246695064E+00
    3544   1.0219228189E+00
    3545   1.0193213988E+00
    3546   1.0171260951E+00
    3547   1.0155452603E+00
    3548   1.0146792862E+00
    3549   1.0146447405E+00
    3550   1.0156121974E+00
    3551   1.0175714576E+00
    3552   1.0203943793E+00
    3553   1.0238045405E+00
    3554   1.0274508025E+00
    3555   1.0309940943E+00
    3556   1.0341415199E+00
    3557   1.0367176459E+00
    3558   1.0384357664E+00
    3559   1.0386059763E+00
    3560   1.0377897983E+00
    3561   1.0359371072E+00
    3562   1.0333094984E+00
    3563   1.0301979718E+00
    3564   1.0268491556E+00
    3565   1.0234252922E+00
    3566   1.0199145131E+00
    3567   1.0167645138E+00
    3568   1.0140559354E+00
    3569   1.0118714959E+00
    3570   1.0102076395E+00
    3571   1.0090175140E+00
    3572   1.0082822675E+00
    3573   1.0080249103E+00
    3574   1.0082485395E+00
    3575   1.0088556851E+00
    3576   1.0096311922E+00
    3577   1.0103127840E+00
    3578   1.0106962841E+00
    3579   1.0106943580E+00
    3580   1.0103214968E+00
    3581   1.0096502136E+00
    3582   1.0088045167E+00
    3583   1.0079950426E+00
    3584   1.0075365860E+00
    3585   1.0077861528E+00
    3586   1.0090122064E+00
    3587   1.0112797771E+00
    3588   1.0144557194E+00
    3589   1.0181000995E+00
    3590   1.0218801386E+00
    3591   1.0254223760E+00
    3592   1.0283672507E+00
    3593   1.0303842177E+00
    3594   1.0312201171E+00
    3595   1.0307966565E+00
    3596   1.0292684756E+00
    3597   1.0270406104E+00
    3598   1.0243844716E+00
    3599   1.0216589168E+00
    3600   1.0193438866E+00
    3601   1.0175989257E+00
    3602   1.0166512886E+00
    3603   1.0166454796E+00
    3604   1.0175626905E+00
    3605   1.0191940981E+00
    3606   1.0212023342E+00
    3607   1.0232346427E+00
    3608   1.0250093245E+00
    3609   1.0264255153E+00
    3610   1.0271525690E+00
    3611   1.0271213177E+00
    3612   1.0265219489E+00
    3613   1.0254329906E+00
    3614   1.0241325485E+00
    3615   1.0229301064E+00
    3616   1.0220699996E+00
    3617   1.0216954470E+00
    3618   1.0218762602E+00
    3619   1.0227172942E+00
    3620   1.0241130646E+00
    3621   1.0259515899E+00
    3622   1.0281891790E+00
    3623   1.0304936931E+00
    3624   1.0325961011E+00
    3625   1.0342968933E+00
    3626   1.0354808867E+00
    3627   1.0362443907E+00
    3628   1.0362200982E+00
    3629   1.0354343467E+00
    3630   1.0343086256E+00
    3631   1.0328832578E+00
    3632   1.0313917145E+00
    3633   1.0300279274E+00
    3634   1.0289116579E+00
    3635   1.0281991358E+00
    3636   1.0275909041E+00
    3637   1.0273228050E+00
    3638   1.0273635581E+00
    3639   1.0275383841E+00
    3640   1.0276636776E+00
    3641   1.0275478356E+00
    3642   1.0270459298E+00
    3643   1.0260780630E+00
    3644   1.0246768380E+00
    3645   1.0225864516E+00
    3646   1.0199711323E+00
    3647   1.0169274369E+00
    3648   1.0135501652E+00
    3649   1.0100507810E+00
    3650   1.0066579166E+00
    3651   1.0035695223E+00
    3652   1.0009340341E+00
    3653   9.9885850904E-01
    3654   9.9741950756E-01
    3655   9.9666162508E-01
    3656   9.9658881130E-01
    3657   9.9716455150E-01
    3658   9.9832834429E-01
    3659   1.0000183967E+00
    3660   1.0021792744E+00
    3661   1.0047465617E+00
    3662   1.0076219476E+00
    3663   1.0106617708E+00
    3664   1.0136916016E+00
    3665   1.0165387920E+00
    3666   1.0190602204E+00
    3667   1.0211516875E+00
    3668   1.0227455985E+00
    3669   1.0238158195E+00
    3670   1.0244638396E+00
    3671   1.0245064380E+00
    3672   1.0242299408E+00
    3673   1.0237875016E+00
    3674   1.0232517635E+00
    3675   1.0227112151E+00
    3676   1.0222354797E+00
    3677   1.0218841708E+00
    3678   1.0217035555E+00
    3679   1.0217092037E+00
    3680   1.0218787540E+00
    3681   1.0221953747E+00
    3682   1.0223313136E+00
    3683   1.0223589601E+00
    3684   1.0221655108E+00
    3685   1.0216632070E+00
    3686   1.0208175897E+00
    3687   1.0196263695E+00
    3688   1.0181202593E+00
    3689   1.0163592128E+00
    3690   1.0144198195E+00
    3691   1.0123762658E+00
    3692   1.0102833810E+00
    3693   1.0081685778E+00
    3694   1.0060341164E+00
    3695   1.0038671647E+00
    3696   1.0016514275E+00
    3697   9.9937686084E-01
    3698   9.9704775359E-01
    3699   9.9468987010E-01
    3700   9.9235611755E-01
    3701   9.9013076889E-01
    3702   9.8812906264E-01
    3703   9.8648964881E-01
    3704   9.8536053263E-01
    3705   9.8488056394E-01
    3706   9.8516014645E-01
    3707   9.8626563913E-01
    3708   9.8821050468E-01
    3709   9.9095134114E-01
    3710   9.9438915602E-01
    3711   9.9837460621E-01
    3712   1.0027178874E+00
    3713   1.0072039653E+00
    3714   1.0116149817E+00
    3715   1.0157538616E+00
    3716   1.0194656155E+00
    3717   1.0226503084E+00
    3718   1.0252646242E+00
    3719   1.0273133360E+00
    3720   1.0289565778E+00
    3721   1.0299721529E+00
    3722   1.0304980872E+00
    3723   1.0307424842E+00
    3724   1.0306724019E+00
    3725   1.0303409857E+00
    3726   1.0298080483E+00
    3727   1.0291412252E+00
    3728   1.0284907124E+00
    3729   1.0278080198E+00
    3730   1.0270816098E+00
    3731   1.0266260452E+00
    3732   1.0263696567E+00
    3733   1.0263160473E+00
    3734   1.0264240124E+00
    3735   1.0266060084E+00
    3736   1.0267378166E+00
    3737   1.0267273592E+00
    3738   1.0264141398E+00
    3739   1.0255087021E+00
    3740   1.0242660191E+00
    3741   1.0226000436E+00
    3742   1.0205656842E+00
    3743   1.0182508994E+00
    3744   1.0157545033E+00
    3745   1.0131719147E+00
    3746   1.0105854356E+00
    3747   1.0080582085E+00
    3748   1.0056314384E+00
    3749   1.0033289105E+00
    3750   1.0011678214E+00
    3751   9.9917274214E-01
    3752   9.9738737557E-01
    3753   9.9587689015E-01
    3754   9.9471763966E-01
    3755   9.9397988130E-01
    3756   9.9371042276E-01
    3757   9.9392119613E-01
    3758   9.9458718512E-01
    3759   9.9565067371E-01
    3760   9.9702729678E-01
    3761   9.9861316209E-01
    3762   1.0002936287E+00
    3763   1.0019537691E+00
    3764   1.0034909922E+00
    3765   1.0048260209E+00
    3766   1.0059082752E+00
    3767   1.0067161802E+00
    3768   1.0072551525E+00
    3769   1.0075543893E+00
    3770   1.0076636397E+00
    3771   1.0076474268E+00
    3772   1.0075754378E+00
    3773   1.0075126681E+00
    3774   1.0075147838E+00
    3775   1.0076292432E+00
    3776   1.0079000348E+00
    3777   1.0083716556E+00
    3778   1.0090925017E+00
    3779   1.0100478701E+00
    3780   1.0112728501E+00
    3781   1.0127510292E+00
    3782   1.0144519269E+00
    3783   1.0163301043E+00
    3784   1.0183110579E+00
    3785   1.0202799259E+00
    3786   1.0220826256E+00
    3787   1.0235448505E+00
    3788   1.0245051236E+00
    3789   1.0248477382E+00
    3790   1.0245229411E+00
    3791   1.0236141568E+00
    3792   1.0220569120E+00
    3793   1.0200402341E+00
    3794   1.0178551911E+00
    3795   1.0156287883E+00
    3796   1.0135332781E+00
    3797   1.0116942150E+00
    3798   1.0101772461E+00
    3799   1.0089920674E+00
    3800   1.0081082281E+00
    3801   1.0074719971E+00
    3802   1.0070181559E+00
    3803   1.0066792965E+00
    3804   1.0063966458E+00
    3805   1.0061321023E+00
    3806   1.0058760338E+00
    3807   1.0056441221E+00
    3808   1.0054634614E+00
    3809   1.0053580261E+00
    3810   1.0053434388E+00
    3811   1.0054329837E+00
    3812   1.0056479896E+00
    3813   1.0060218747E+00
    3814   1.0065927061E+00
    3815   1.0073902363E+00
    3816   1.0084252495E+00
    3817   1.0096855885E+00
    3818   1.0111544555E+00
    3819   1.0127035692E+00
    3820   1.0142512759E+00
    3821   1.0156616982E+00
    3822   1.0167729868E+00
    3823   1.0174584868E+00
    3824   1.0176522189E+00
    3825   1.0173605104E+00
    3826   1.0166472263E+00
    3827   1.0156073005E+00
    3828   1.0143469619E+00
    3829   1.0129768918E+00
    3830   1.0116101547E+00
    3831   1.0103514824E+00
    3832   1.0092746101E+00
    3833   1.0084003344E+00
    3834   1.0076907334E+00
    3835   1.0070634919E+00
    3836   1.0064175324E+00
    3837   1.0056558460E+00
    3838   1.0047002914E+00
    3839   1.0035028371E+00
    3840   1.0020617183E+00
    3841   1.0004513912E+00
    3842   9.9880466119E-01
    3843   9.9729941428E-01
    3844   9.9611319704E-01
    3845   9.9537329364E-01
    3846   9.9510751758E-01
    3847   9.9525137893E-01
    3848   9.9565182897E-01
    3849   9.9608795642E-01
    3850   9.9629743434E-01
    3851   9.9601626420E-01
    3852   9.9503489788E-01
    3853   9.9325751570E-01
    3854   9.9073986630E-01
    3855   9.8768569616E-01
    3856   9.8440179295E-01
    3857   9.8123259212E-01
    3858   9.7849935784E-01
    3859   9.7645558779E-01
    3860   9.7525707006E-01
    3861   9.7494220048E-01
    3862   9.7542335200E-01
    3863   9.7647121149E-01
    3864   9.7780973869E-01
    3865   9.7930486282E-01
    3866   9.8046943360E-01
    3867   9.8121161486E-01
    3868   9.8145367249E-01
    3869   9.8118330098E-01
    3870   9.8044385182E-01
    3871   9.7932276903E-01
    3872   9.7794114685E-01
    3873   9.7643734298E-01
    3874   9.7494338278E-01
    3875   9.7348396583E-01
    3876   9.7223564211E-01
    3877   9.7137189230E-01
    3878   9.7065064090E-01
    3879   9.7019131956E-01
    3880   9.6999920207E-01
    3881   9.7005923543E-01
    3882   9.7033453105E-01
    3883   9.7077094694E-01
    3884   9.7119299520E-01
    3885   9.7187089293E-01
    3886   9.7255910902E-01
    3887   9.7312454834E-01
    3888   9.7358343559E-01
    3889   9.7388873089E-01
    3890   9.7402003125E-01
    3891   9.7398996753E-01
    3892   9.7383558213E-01
    3893   9.7355948910E-01
    3894   9.7318573442E-01
    3895   9.7301045707E-01
    3896   9.7274290356E-01
    3897   9.7252484451E-01
    3898   9.7241751502E-01
    3899   9.7247003171E-01
    3900   9.7271784661E-01
    3901   9.7317812750E-01
    3902   9.7384440181E-01
    3903   9.7460884860E-01
    3904   9.7569926331E-01
    3905   9.7679815118E-01
    3906   9.7776196216E-01
    3907   9.7846407994E-01
    3908   9.7873380371E-01
    3909   9.7843289610E-01
    3910   9.7747904263E-01
    3911   9.7585436916E-01
    3912   9.7360226468E-01
    3913   9.7074308643E-01
    3914   9.6740428183E-01
    3915   9.6413522364E-01
    3916   9.6069100975E-01
    3917   9.5736801448E-01
    3918   9.5432211654E-01
    3919   9.5156018767E-01
    3920   9.4900406561E-01
    3921   9.4790015717E-01
    3922   9.4712762919E-01
    3923   9.4701368405E-01
    3924   9.4745416133E-01
    3925   9.4846724215E-01
    3926   9.5087896787E-01
    3927   9.5331147180E-01
    3928   9.5602693499E-01
    3929   9.5887271066E-01
    3930   9.6149055334E-01
    3931   9.6404688721E-01
    3932   9.6635012136E-01
    3933   9.6798404834E-01
    3934   9.6915110842E-01
    3935   9.6992709375E-01
    3936   9.7043578756E-01
    3937   9.7081847843E-01
    3938   9.7111732145E-01
    3939   9.7156723889E-01
    3940   9.7229080511E-01
    3941   9.7298182622E-01
    3942   9.7367795465E-01
    3943   9.7426809145E-01
    3944   9.7464137171E-01
    3945   9.7471359494E-01
    3946   9.7444214092E-01
    3947   9.7382114246E-01
    3948   9.7276662795E-01
    3949   9.7166901802E-01
    3950   9.7039071986E-01
    3951   9.6898742109E-01
    3952   9.6759162430E-01
    3953   9.6627780163E-01
    3954   9.6510920015E-01
    3955   9.6410465992E-01
    3956   9.6313387096E-01
    3957   9.6285760976E-01
    3958   9.6270272189E-01
    3959   9.6272054234E-01
    3960   9.6291589989E-01
    3961   9.6322478125E-01
    3962   9.6353834880E-01
    3963   9.6370379194E-01
    3964   9.6426825894E-01
    3965   9.6462262806E-01
    3966   9.6492282382E-01
    3967   9.6522917392E-01
    3968   9.6557740468E-01
    3969   9.6600403733E-01
    3970   9.6640659323E-01
    3971   9.6734146421E-01
    3972   9.6846062196E-01
    3973   9.6977332116E-01
    3974   9.7133679663E-01
    3975   9.7308797520E-01
    3976   9.7490956001E-01
    3977   9.7663078684E-01
    3978   9.7804424151E-01
    3979   9.7890187573E-01
    3980   9.7907782449E-01
    3981   9.7857691864E-01
    3982   9.7726088764E-01
    3983   9.7531403032E-01
    3984   9.7292395331E-01
    3985   9.7030960908E-01
    3986   9.6768666280E-01
    3987   9.6523798958E-01
    3988   9.6296115691E-01
    3989   9.6104555299E-01
    3990   9.5990792607E-01
    3991   9.5892788470E-01
    3992   9.5829134920E-01
    3993   9.5799031045E-01
    3994   9.5794861705E-01
    3995   9.5811292994E-01
    3996   9.5922472939E-01
    3997   9.6046626850E-01
    3998   9.6205910115E-01
    3999   9.6399355995E-01
    4000   9.6618063950E-01
    4001   9.6842399730E-01
    4002   9.7058855642E-01
    4003   9.7269670932E-01
    4004   9.7415546711E-01
    4005   9.7495230614E-01
    4006   9.7499298552E-01
    4007   9.7424866256E-01
    4008   9.7276133926E-01
    4009   9.7063496970E-01
    4010   9.6797662234E-01
    4011   9.6484208354E-01
    4012   9.6202337927E-01
    4013   9.5921881077E-01
    4014   9.5671899345E-01
    4015   9.5470387576E-01
    4016   9.5318937106E-01
    4017   9.5204518520E-01
    4018   9.5232547604E-01
    4019   9.5293146078E-01
    4020   9.5402981843E-01
    4021   9.5557421276E-01
    4022   9.5724257624E-01
    4023   9.5927718615E-01
    4024   9.6163723819E-01
    4025   9.6372185948E-01
    4026   9.6575762584E-01
    4027   9.6774086614E-01
    4028   9.6968012059E-01
    4029   9.7155980134E-01
    4030   9.7330212493E-01
    4031   9.7516243597E-01
    4032   9.7673445754E-01
    4033   9.7799357498E-01
    4034   9.7886283272E-01
    4035   9.7926185260E-01
    4036   9.7915484419E-01
    4037   9.7855805655E-01
    4038   9.7753081457E-01
    4039   9.7615598651E-01
    4040   9.7450366428E-01
    4041   9.7254959915E-01
    4042   9.7073676039E-01
    4043   9.6886293993E-01
    4044   9.6705414866E-01
    4045   9.6543739321E-01
    4046   9.6409968914E-01
    4047   9.6310813742E-01
    4048   9.6235641753E-01
    4049   9.6207250650E-01
    4050   9.6246184023E-01
    4051   9.6294133034E-01
    4052   9.6363253110E-01
    4053   9.6442727594E-01
    4054   9.6521230961E-01
    4055   9.6579067278E-01
    4056   9.6621851578E-01
    4057   9.6671849677E-01
    4058   9.6686291585E-01
    4059   9.6688356833E-01
    4060   9.6685960088E-01
    4061   9.6688179305E-01
    4062   9.6704311916E-01
    4063   9.6728069677E-01
    4064   9.6811052455E-01
    4065   9.6927696841E-01
    4066   9.7069041233E-01
    4067   9.7237848890E-01
    4068   9.7424488172E-01
    4069   9.7617064418E-01
    4070   9.7802572634E-01
    4071   9.7967804936E-01
    4072   9.8100380422E-01
    4073   9.8185890133E-01
    4074   9.8228871042E-01
    4075   9.8225379713E-01
    4076   9.8176732614E-01
    4077   9.8097573986E-01
    4078   9.8001929154E-01
    4079   9.7904645211E-01
    4080   9.7819392358E-01
    4081   9.7756499034E-01
    4082   9.7720469403E-01
    4083   9.7707804287E-01
    4084   9.7706389373E-01
    4085   9.7691556385E-01
    4086   9.7651544316E-01
    4087   9.7575789400E-01
    4088   9.7438695207E-01
    4089   9.7250197971E-01
    4090   9.7022309560E-01
    4091   9.6774049327E-01
    4092   9.6528178684E-01
    4093   9.6303998941E-01
    4094   9.6101879133E-01
    4095   9.6009178226E-01
    4096   9.5968194144E-01
    4097   9.5984276145E-01
    4098   9.6055439840E-01
    4099   9.6170900624E-01
    4100   9.6305027531E-01
    4101   9.6477305205E-01
    4102   9.6680003614E-01
    4103   9.6864112054E-01
    4104   9.7036661595E-01
    4105   9.7186529593E-01
    4106   9.7304991748E-01
    4107   9.7386600769E-01
    4108   9.7428521853E-01
    4109   9.7421040411E-01
    4110   9.7396215830E-01
    4111   9.7342712635E-01
    4112   9.7269872188E-01
    4113   9.7196181011E-01
    4114   9.7133790883E-01
    4115   9.7090339310E-01
    4116   9.7068112188E-01
    4117   9.7064950529E-01
    4118   9.7064908815E-01
    4119   9.7101546600E-01
    4120   9.7148266128E-01
    4121   9.7198588964E-01
    4122   9.7257997047E-01
    4123   9.7326494075E-01
    4124   9.7405624071E-01
    4125   9.7497309411E-01
    4126   9.7601095709E-01
    4127   9.7709455788E-01
    4128   9.7808739993E-01
    4129   9.7903442818E-01
    4130   9.7958426572E-01
    4131   9.7973595534E-01
    4132   9.7951425642E-01
    4133   9.7901140888E-01
    4134   9.7838699455E-01
    4135   9.7785297808E-01
    4136   9.7765038379E-01
    4137   9.7800869693E-01
    4138   9.7908970375E-01
    4139   9.8092442119E-01
    4140   9.8340019621E-01
    4141   9.8638112007E-01
    4142   9.8941840786E-01
    4143   9.9225423186E-01
    4144   9.9464754040E-01
    4145   9.9643393738E-01
    4146   9.9755028613E-01
    4147   9.9804367636E-01
    4148   9.9806662927E-01
    4149   9.9784492950E-01
    4150   9.9761653045E-01
    4151   9.9756269002E-01
    4152   9.9776414484E-01
    4153   9.9820130256E-01
    4154   9.9878962009E-01
    4155   9.9942245523E-01
    4156   9.9999784014E-01
    4157   1.0004264533E+00
    4158   1.0006354262E+00
    4159   1.0005794696E+00
    4160   1.0002532925E+00
    4161   9.9968854563E-01
    4162   9.9892810859E-01
    4163   9.9799241440E-01
    4164   9.9686467381E-01
    4165   9.9550953318E-01
    4166   9.9391279541E-01
    4167   9.9211297565E-01
    4168   9.9020331250E-01
    4169   9.8830737554E-01
    4170   9.8654976940E-01
    4171   9.8504008565E-01
    4172   9.8386940644E-01
    4173   9.8310550817E-01
    4174   9.8277728185E-01
    4175   9.8285524828E-01
    4176   9.8324644331E-01
    4177   9.8381291973E-01
    4178   9.8439062808E-01
    4179   9.8499231581E-01
    4180   9.8548228281E-01
    4181   9.8586623150E-01
    4182   9.8616338764E-01
    4183   9.8637308978E-01
    4184   9.8648815256E-01
    4185   9.8650096775E-01
    4186   9.8640270890E-01
    4187   9.8617541092E-01
    4188   9.8578984208E-01
    4189   9.8522119902E-01
    4190   9.8447787439E-01
    4191   9.8362296236E-01
    4192   9.8276893505E-01
    4193   9.8204432233E-01
    4194   9.8153225063E-01
    4195   9.8127340767E-01
    4196   9.8139249840E-01
    4197   9.8167454916E-01
    4198   9.8208392730E-01
    4199   9.8252071243E-01
    4200   9.8286273208E-01
    4201   9.8298775198E-01
    4202   9.8280378512E-01
    4203   9.8227981463E-01
    4204   9.8145814657E-01
    4205   9.8044059978E-01
    4206   9.7935884451E-01
    4207   9.7834629214E-01
    4208   9.7745013708E-01
    4209   9.7699865432E-01
    4210   9.7699682065E-01
    4211   9.7747470527E-01
    4212   9.7852299166E-01
    4213   9.8013627919E-01
    4214   9.8226346130E-01
    4215   9.8482636174E-01
    4216   9.8773661703E-01
    4217   9.9089917170E-01
    4218   9.9420373260E-01
    4219   9.9751750591E-01
    4220   1.0006922681E+00
    4221   1.0035857810E+00
    4222   1.0060839038E+00
    4223   1.0081096728E+00
    4224   1.0096188291E+00
    4225   1.0105939948E+00
    4226   1.0110487099E+00
    4227   1.0110387289E+00
    4228   1.0106658275E+00
    4229   1.0100627623E+00
    4230   1.0093635913E+00
    4231   1.0086759725E+00
    4232   1.0080696031E+00
    4233   1.0075807189E+00
    4234   1.0072203250E+00
    4235   1.0069754455E+00
    4236   1.0068045884E+00
    4237   1.0066381049E+00
    4238   1.0063915900E+00
    4239   1.0059886420E+00
    4240   1.0053796823E+00
    4241   1.0045465259E+00
    4242   1.0034944927E+00
    4243   1.0022432556E+00
    4244   1.0008254628E+00
    4245   9.9929146326E-01
    4246   9.9771017758E-01
    4247   9.9615938094E-01
    4248   9.9470949867E-01
    4249   9.9341266328E-01
    4250   9.9230577637E-01
    4251   9.9142565027E-01
    4252   9.9082519567E-01
    4253   9.9058011842E-01
    4254   9.9078355612E-01
    4255   9.9153363844E-01
    4256   9.9291986914E-01
    4257   9.9500950107E-01
    4258   9.9783044772E-01
    4259   1.0013491184E+00
    4260   1.0054486010E+00
    4261   1.0099187281E+00
    4262   1.0144684258E+00
    4263   1.0187616548E+00
    4264   1.0224811633E+00
    4265   1.0254370974E+00
    4266   1.0271244824E+00
    4267   1.0277081346E+00
    4268   1.0272162945E+00
    4269   1.0257773992E+00
    4270   1.0236345259E+00
    4271   1.0210817980E+00
    4272   1.0184201656E+00
    4273   1.0159189505E+00
    4274   1.0137918970E+00
    4275   1.0121881047E+00
    4276   1.0111919017E+00
    4277   1.0108367037E+00
    4278   1.0110778638E+00
    4279   1.0118060891E+00
    4280   1.0129410729E+00
    4281   1.0143224412E+00
    4282   1.0157979029E+00
    4283   1.0172160840E+00
    4284   1.0184327348E+00
    4285   1.0193185359E+00
    4286   1.0197710877E+00
    4287   1.0197295917E+00
    4288   1.0191873381E+00
    4289   1.0181972610E+00
    4290   1.0168687549E+00
    4291   1.0153566315E+00
    4292   1.0138504139E+00
    4293   1.0125486457E+00
    4294   1.0115725862E+00
    4295   1.0111333933E+00
    4296   1.0112916551E+00
    4297   1.0120613563E+00
    4298   1.0133930280E+00
    4299   1.0151773542E+00
    4300   1.0172589061E+00
    4301   1.0194536142E+00
    4302   1.0215681656E+00
    4303   1.0234199377E+00
    4304   1.0248561625E+00
    4305   1.0257698801E+00
    4306   1.0261506754E+00
    4307   1.0259912704E+00
    4308   1.0251348321E+00
    4309   1.0239734062E+00
    4310   1.0225268825E+00
    4311   1.0209045364E+00
    4312   1.0192049950E+00
    4313   1.0174950873E+00
    4314   1.0158014284E+00
    4315   1.0141093735E+00
    4316   1.0123705033E+00
    4317   1.0105181650E+00
    4318   1.0084886409E+00
    4319   1.0062434989E+00
    4320   1.0037876500E+00
    4321   1.0011784455E+00
    4322   9.9852355563E-01
    4323   9.9596825419E-01
    4324   9.9367535029E-01
    4325   9.9180221332E-01
    4326   9.9047908680E-01
    4327   9.8979188544E-01
    4328   9.8977139910E-01
    4329   9.9038954088E-01
    4330   9.9156245809E-01
    4331   9.9315971832E-01
    4332   9.9501830668E-01
    4333   9.9696003091E-01
    4334   9.9881087279E-01
    4335   1.0004204515E+00
    4336   1.0016792783E+00
    4337   1.0025310124E+00
    4338   1.0029769662E+00
    4339   1.0030714364E+00
    4340   1.0029086642E+00
    4341   1.0026042590E+00
    4342   1.0022750172E+00
    4343   1.0020208105E+00
    4344   1.0019109783E+00
    4345   1.0019766074E+00
    4346   1.0022094448E+00
    4347   1.0025676185E+00
    4348   1.0029875139E+00
    4349   1.0033997899E+00
    4350   1.0037459573E+00
    4351   1.0039913382E+00
    4352   1.0041310329E+00
    4353   1.0041875243E+00
    4354   1.0042010996E+00
    4355   1.0042162826E+00
    4356   1.0042682133E+00
    4357   1.0043726149E+00
    4358   1.0045218136E+00
    4359   1.0046876044E+00
    4360   1.0048300709E+00
    4361   1.0049100414E+00
    4362   1.0049020269E+00
    4363   1.0048045957E+00
    4364   1.0046459711E+00
    4365   1.0044836981E+00
    4366   1.0044002093E+00
    4367   1.0044848303E+00
    4368   1.0048219471E+00
    4369   1.0054839507E+00
    4370   1.0064986166E+00
    4371   1.0078525884E+00
    4372   1.0094883969E+00
    4373   1.0113123046E+00
    4374   1.0132080813E+00
    4375   1.0150531976E+00
    4376   1.0167340528E+00
    4377   1.0181577660E+00
    4378   1.0192591987E+00
    4379   1.0200028002E+00
    4380   1.0203797576E+00
    4381   1.0204017598E+00
    4382   1.0200931501E+00
    4383   1.0194840420E+00
    4384   1.0186459159E+00
    4385   1.0174701639E+00
    4386   1.0160473455E+00
    4387   1.0144048202E+00
    4388   1.0125090801E+00
    4389   1.0103679672E+00
    4390   1.0080149032E+00
    4391   1.0055197005E+00
    4392   1.0029917160E+00
    4393   1.0005737186E+00
    4394   9.9842727124E-01
    4395   9.9671172564E-01
    4396   9.9555954600E-01
    4397   9.9505152507E-01
    4398   9.9519692998E-01
    4399   9.9592454767E-01
    4400   9.9708957795E-01
    4401   9.9849773734E-01
    4402   9.9994279732E-01
    4403   1.0012492461E+00
    4404   1.0023100854E+00
    4405   1.0031111224E+00
    4406   1.0037361654E+00
    4407   1.0043509124E+00
    4408   1.0051669395E+00
    4409   1.0063916003E+00
    4410   1.0081744545E+00
    4411   1.0105636657E+00
    4412   1.0134843425E+00
    4413   1.0167447424E+00
    4414   1.0200678882E+00
    4415   1.0231392973E+00
    4416   1.0256592634E+00
    4417   1.0274193826E+00
    4418   1.0283354668E+00
    4419   1.0280439671E+00
    4420   1.0269980359E+00
    4421   1.0253086885E+00
    4422   1.0231977160E+00
    4423   1.0209150976E+00
    4424   1.0186834318E+00
    4425   1.0166760875E+00
    4426   1.0150082814E+00
    4427   1.0137361745E+00
    4428   1.0128603006E+00
    4429   1.0123329853E+00
    4430   1.0120748631E+00
    4431   1.0119970836E+00
    4432   1.0119311598E+00
    4433   1.0118413467E+00
    4434   1.0116355851E+00
    4435   1.0112514552E+00
    4436   1.0106587710E+00
    4437   1.0098612691E+00
    4438   1.0088997468E+00
    4439   1.0078476446E+00
    4440   1.0067986576E+00
    4441   1.0058504660E+00
    4442   1.0050899138E+00
    4443   1.0045823220E+00
    4444   1.0043641838E+00
    4445   1.0044376401E+00
    4446   1.0047673981E+00
    4447   1.0052832674E+00
    4448   1.0058910207E+00
    4449   1.0064904725E+00
    4450   1.0069954788E+00
    4451   1.0073494896E+00
    4452   1.0075332212E+00
    4453   1.0075651679E+00
    4454   1.0074974345E+00
    4455   1.0074079667E+00
    4456   1.0073882934E+00
    4457   1.0075264576E+00
    4458   1.0078882164E+00
    4459   1.0085027004E+00
    4460   1.0093581619E+00
    4461   1.0104091705E+00
    4462   1.0116136238E+00
    4463   1.0128533748E+00
    4464   1.0140724122E+00
    4465   1.0152394822E+00
    4466   1.0162970500E+00
    4467   1.0172125715E+00
    4468   1.0179634602E+00
    4469   1.0185327780E+00
    4470   1.0189044164E+00
    4471   1.0190612368E+00
    4472   1.0189884899E+00
    4473   1.0186810660E+00
    4474   1.0181497896E+00
    4475   1.0174222330E+00
    4476   1.0165476220E+00
    4477   1.0155762130E+00
    4478   1.0144593373E+00
    4479   1.0133464819E+00
    4480   1.0122376405E+00
    4481   1.0111584983E+00
    4482   1.0101343317E+00
    4483   1.0091823701E+00
    4484   1.0083110017E+00
    4485   1.0075211467E+00
    4486   1.0068083142E+00
    4487   1.0061637761E+00
    4488   1.0055751587E+00
    4489   1.0050283745E+00
    4490   1.0045123888E+00
    4491   1.0040259071E+00
    4492   1.0035828032E+00
    4493   1.0032131524E+00
    4494   1.0029591895E+00
    4495   1.0028681615E+00
    4496   1.0029848473E+00
    4497   1.0033451215E+00
    4498   1.0039700556E+00
    4499   1.0048596703E+00
    4500   1.0059869535E+00
    4501   1.0072943928E+00
    4502   1.0086953578E+00
    4503   1.0100807768E+00
    4504   1.0113292583E+00
    4505   1.0123181154E+00
    4506   1.0129341701E+00
    4507   1.0130850960E+00
    4508   1.0127311720E+00
    4509   1.0118049394E+00
    4510   1.0103730805E+00
    4511   1.0085551017E+00
    4512   1.0064708911E+00
    4513   1.0042833907E+00
    4514   1.0021618231E+00
    4515   1.0002631849E+00
    4516   9.9871731165E-01
    4517   9.9761648659E-01
    4518   9.9701031261E-01
    4519   9.9690650639E-01
    4520   9.9727750858E-01
    4521   9.9807110578E-01
    4522   9.9922178859E-01
    4523   1.0006596238E+00
    4524   1.0023153285E+00
    4525   1.0041226227E+00
    4526   1.0060201217E+00
    4527   1.0079540122E+00
    4528   1.0098805868E+00
    4529   1.0117663483E+00
    4530   1.0135841952E+00
    4531   1.0153064956E+00
    4532   1.0168979448E+00
    4533   1.0183114090E+00
    4534   1.0194886571E+00
    4535   1.0203662039E+00
    4536   1.0208854835E+00
    4537   1.0210059818E+00
    4538   1.0207344890E+00
    4539   1.0201254231E+00
    4540   1.0190997596E+00
    4541   1.0179626832E+00
    4542   1.0168054917E+00
    4543   1.0157584913E+00
    4544   1.0149397622E+00
    4545   1.0144310299E+00
    4546   1.0142712398E+00
    4547   1.0144572234E+00
    4548   1.0149493456E+00
    4549   1.0156803030E+00
    4550   1.0165657000E+00
    4551   1.0175148812E+00
    4552   1.0184401339E+00
    4553   1.0192845306E+00
    4554   1.0199901226E+00
    4555   1.0203562171E+00
    4556   1.0205180737E+00
    4557   1.0204080187E+00
    4558   1.0200243053E+00
    4559   1.0193909253E+00
    4560   1.0185474624E+00
    4561   1.0175416108E+00
    4562   1.0164214360E+00
    4563   1.0152293451E+00
    4564   1.0139983547E+00
    4565   1.0127504853E+00
    4566   1.0114973854E+00
    4567   1.0102436982E+00
    4568   1.0089930486E+00
    4569   1.0077589367E+00
    4570   1.0065523792E+00
    4571   1.0054018599E+00
    4572   1.0043575650E+00
    4573   1.0034425326E+00
    4574   1.0026777247E+00
    4575   1.0020692479E+00
    4576   1.0016073265E+00
    4577   1.0012680747E+00
    4578   1.0010174329E+00
    4579   1.0008172858E+00
    4580   1.0006334853E+00
    4581   1.0004442322E+00
    4582   1.0002460610E+00
    4583   1.0000550304E+00
    4584   9.9990269380E-01
    4585   9.9982865706E-01
    4586   9.9987236247E-01
    4587   1.0000658485E+00
    4588   1.0004277431E+00
    4589   1.0009583216E+00
    4590   1.0016363630E+00
    4591   1.0024196193E+00
    4592   1.0032503922E+00
    4593   1.0040657315E+00
    4594   1.0048093735E+00
    4595   1.0054416984E+00
    4596   1.0059452631E+00
    4597   1.0063257278E+00
    4598   1.0066093833E+00
    4599   1.0068383092E+00
    4600   1.0070633100E+00
    4601   1.0073347426E+00
    4602   1.0076924823E+00
    4603   1.0081574685E+00
    4604   1.0087271323E+00
    4605   1.0093753853E+00
    4606   1.0100559620E+00
    4607   1.0107073726E+00
    4608   1.0112587169E+00
    4609   1.0116368708E+00
    4610   1.0117755515E+00
    4611   1.0116253066E+00
    4612   1.0111618680E+00
    4613   1.0103902827E+00
    4614   1.0093439329E+00
    4615   1.0080796372E+00
    4616   1.0066708402E+00
    4617   1.0052002104E+00
    4618   1.0037521899E+00
    4619   1.0024035922E+00
    4620   1.0012184503E+00
    4621   1.0002449982E+00
    4622   9.9950795312E-01
    4623   9.9901714409E-01
    4624   9.9876870777E-01
    4625   9.9874805939E-01
    4626   9.9893082686E-01
    4627   9.9928241794E-01
    4628   9.9976191304E-01
    4629   1.0003238265E+00
    4630   1.0009221487E+00
    4631   1.0015146308E+00
    4632   1.0020657948E+00
    4633   1.0025493226E+00
    4634   1.0029559843E+00
    4635   1.0032905071E+00
    4636   1.0035718544E+00
    4637   1.0038272411E+00
    4638   1.0040842149E+00
    4639   1.0043636589E+00
    4640   1.0046764408E+00
    4641   1.0050243667E+00
    4642   1.0054037996E+00
    4643   1.0058094267E+00
    4644   1.0062364200E+00
    4645   1.0066806691E+00
    4646   1.0071376637E+00
    4647   1.0076006960E+00
    4648   1.0080588738E+00
    4649   1.0084957059E+00
    4650   1.0088894443E+00
    4651   1.0092161400E+00
    4652   1.0094550487E+00
    4653   1.0095943476E+00
    4654   1.0096343911E+00
    4655   1.0095868396E+00
    4656   1.0094702051E+00
    4657   1.0093040807E+00
    4658   1.0091044015E+00
    4659   1.0088808214E+00
    4660   1.0086359140E+00
    4661   1.0083656008E+00
    4662   1.0080607437E+00
    4663   1.0077102502E+00
    4664   1.0073055736E+00
    4665   1.0068454801E+00
    4666   1.0063393244E+00
    4667   1.0058075951E+00
    4668   1.0052825265E+00
    4669   1.0047918883E+00
    4670   1.0043718851E+00
    4671   1.0040579733E+00
    4672   1.0038677683E+00
    4673   1.0038110015E+00
    4674   1.0038861384E+00
    4675   1.0040838060E+00
    4676   1.0043925332E+00
    4677   1.0048042049E+00
    4678   1.0053162641E+00
    4679   1.0059291054E+00
    4680   1.0066394472E+00
    4681   1.0074323578E+00
    4682   1.0082751289E+00
    4683   1.0091154423E+00
    4684   1.0098849439E+00
    4685   1.0105080869E+00
    4686   1.0109148681E+00
    4687   1.0110547755E+00
    4688   1.0109082603E+00
    4689   1.0104921373E+00
    4690   1.0098569633E+00
    4691   1.0090772097E+00
    4692   1.0082374237E+00
    4693   1.0074183337E+00
    4694   1.0066858935E+00
    4695   1.0060845425E+00
    4696   1.0056346643E+00
    4697   1.0053338338E+00
    4698   1.0051614450E+00
    4699   1.0050860584E+00
    4700   1.0050741925E+00
    4701   1.0050987473E+00
    4702   1.0051453224E+00
    4703   1.0052154436E+00
    4704   1.0053265392E+00
    4705   1.0055090276E+00
    4706   1.0058058311E+00
    4707   1.0062395101E+00
    4708   1.0068397335E+00
    4709   1.0076101508E+00
    4710   1.0085174534E+00
    4711   1.0094980069E+00
    4712   1.0104599417E+00
    4713   1.0112949831E+00
    4714   1.0118954696E+00
    4715   1.0121735584E+00
    4716   1.0120789338E+00
    4717   1.0116111520E+00
    4718   1.0108233181E+00
    4719   1.0098153705E+00
    4720   1.0087177930E+00
    4721   1.0076693048E+00
    4722   1.0067937624E+00
    4723   1.0061813956E+00
    4724   1.0058778252E+00
    4725   1.0058819554E+00
    4726   1.0061518337E+00
    4727   1.0066163463E+00
    4728   1.0071899892E+00
    4729   1.0077876872E+00
    4730   1.0083367725E+00
    4731   1.0087840027E+00
    4732   1.0090970306E+00
    4733   1.0092615680E+00
    4734   1.0092786435E+00
    4735   1.0091656602E+00
    4736   1.0089011994E+00
    4737   1.0085433068E+00
    4738   1.0081146144E+00
    4739   1.0076446940E+00
    4740   1.0071679251E+00
    4741   1.0067159200E+00
    4742   1.0063131988E+00
    4743   1.0059737869E+00
    4744   1.0056996775E+00
    4745   1.0054818397E+00
    4746   1.0053039290E+00
    4747   1.0051480247E+00
    4748   1.0050008496E+00
    4749   1.0048584744E+00
    4750   1.0047279084E+00
    4751   1.0046251235E+00
    4752   1.0045703546E+00
    4753   1.0045823145E+00
    4754   1.0046729761E+00
    4755   1.0048439948E+00
    4756   1.0050852243E+00
    4757   1.0053754219E+00
    4758   1.0056850727E+00
    4759   1.0059810414E+00
    4760   1.0062323215E+00
    4761   1.0064156581E+00
    4762   1.0065197022E+00
    4763   1.0065468109E+00
    4764   1.0065124431E+00
    4765   1.0064428412E+00
    4766   1.0063718859E+00
    4767   1.0063376435E+00
    4768   1.0063785996E+00
    4769   1.0065293391E+00
    4770   1.0068156433E+00
    4771   1.0072494535E+00
    4772   1.0078245405E+00
    4773   1.0085138380E+00
    4774   1.0092809704E+00
    4775   1.0100418890E+00
    4776   1.0107092819E+00
    4777   1.0112340161E+00
    4778   1.0115406266E+00
    4779   1.0115900156E+00
    4780   1.0113764795E+00
    4781   1.0109294768E+00
    4782   1.0103080238E+00
    4783   1.0095892278E+00
    4784   1.0088541212E+00
    4785   1.0081742980E+00
    4786   1.0076020471E+00
    4787   1.0071653581E+00
    4788   1.0068679265E+00
    4789   1.0066933199E+00
    4790   1.0066117362E+00
    4791   1.0065873589E+00
    4792   1.0065844502E+00
    4793   1.0065711456E+00
    4794   1.0065211597E+00
    4795   1.0064145876E+00
    4796   1.0062390689E+00
    4797   1.0059917401E+00
    4798   1.0056813113E+00
    4799   1.0053290475E+00
    4800   1.0049677353E+00
    4801   1.0046385094E+00
    4802   1.0043860271E+00
    4803   1.0042526206E+00
    4804   1.0042719797E+00
    4805   1.0044630331E+00
    4806   1.0048251168E+00
    4807   1.0053358503E+00
    4808   1.0059567201E+00
    4809   1.0066284529E+00
    4810   1.0072769244E+00
    4811   1.0078595509E+00
    4812   1.0083257323E+00
    4813   1.0086488687E+00
    4814   1.0088237309E+00
    4815   1.0088645975E+00
    4816   1.0087996218E+00
    4817   1.0086624349E+00
    4818   1.0084831710E+00
    4819   1.0082815846E+00
    4820   1.0080642934E+00
    4821   1.0078265562E+00
    4822   1.0075572340E+00
    4823   1.0072446222E+00
    4824   1.0068811022E+00
    4825   1.0064656040E+00
    4826   1.0060038955E+00
    4827   1.0055072166E+00
    4828   1.0049898458E+00
    4829   1.0044661994E+00
    4830   1.0039482476E+00
    4831   1.0034441388E+00
    4832   1.0029586055E+00
    4833   1.0024949542E+00
    4834   1.0020576600E+00
    4835   1.0016543260E+00
    4836   1.0012962371E+00
    4837   1.0009975409E+00
    4838   1.0007736243E+00
    4839   1.0006392216E+00
    4840   1.0006064182E+00
    4841   1.0006824888E+00
    4842   1.0008677206E+00
    4843   1.0011538082E+00
    4844   1.0015235792E+00
    4845   1.0019524556E+00
    4846   1.0024113837E+00
    4847   1.0028704557E+00
    4848   1.0033024682E+00
    4849   1.0036860435E+00
    4850   1.0040082258E+00
    4851   1.0042663201E+00
    4852   1.0044683584E+00
    4853   1.0046314650E+00
    4854   1.0047779273E+00
    4855   1.0049297612E+00
    4856   1.0051033365E+00
    4857   1.0053056680E+00
    4858   1.0055332830E+00
    4859   1.0057736645E+00
    4860   1.0060128061E+00
    4861   1.0062250371E+00
    4862   1.0063902513E+00
    4863   1.0065136497E+00
    4864   1.0065941693E+00
    4865   1.0066465168E+00
    4866   1.0066931722E+00
    4867   1.0067593323E+00
    4868   1.0068673907E+00
    4869   1.0070323642E+00
    4870   1.0072590229E+00
    4871   1.0075408151E+00
    4872   1.0078604924E+00
    4873   1.0081925169E+00
    4874   1.0085073349E+00
    4875   1.0087770539E+00
    4876   1.0089811783E+00
    4877   1.0091105481E+00
    4878   1.0091680579E+00
    4879   1.0091659993E+00
    4880   1.0091212052E+00
    4881   1.0090498068E+00
    4882   1.0089631282E+00
    4883   1.0088654849E+00
    4884   1.0087540135E+00
    4885   1.0086203685E+00
    4886   1.0084539356E+00
    4887   1.0082458707E+00
    4888   1.0079928259E+00
    4889   1.0076990930E+00
    4890   1.0073763747E+00
    4891   1.0070417277E+00
    4892   1.0067190830E+00
    4893   1.0064055153E+00
    4894   1.0061262212E+00
    4895   1.0058848567E+00
    4896   1.0056739709E+00
    4897   1.0054819822E+00
    4898   1.0052920469E+00
    4899   1.0050852671E+00
    4900   1.0048445813E+00
    4901   1.0045582983E+00
    4902   1.0042223409E+00
    4903   1.0038408606E+00
    4904   1.0034255212E+00
    4905   1.0029939768E+00
    4906   1.0025678429E+00
    4907   1.0021701567E+00
    4908   1.0018223467E+00
    4909   1.0015411298E+00
    4910   1.0013361393E+00
    4911   1.0012090430E+00
    4912   1.0011543838E+00
    4913   1.0011617211E+00
    4914   1.0012183295E+00
    4915   1.0013118575E+00
    4916   1.0014326707E+00
    4917   1.0015757342E+00
    4918   1.0017417006E+00
    4919   1.0019366875E+00
    4920   1.0021704049E+00
    4921   1.0024529031E+00
    4922   1.0027908689E+00
    4923   1.0031846183E+00
    4924   1.0036265464E+00
    4925   1.0041011162E+00
    4926   1.0045859982E+00
    4927   1.0050539516E+00
    4928   1.0054752848E+00
    4929   1.0058208490E+00
    4930   1.0060653267E+00
    4931   1.0061902696E+00
    4932   1.0061862714E+00
    4933   1.0060539463E+00
    4934   1.0058037877E+00
    4935   1.0054551343E+00
    4936   1.0050342998E+00
    4937   1.0045717302E+00
    4938   1.0040982083E+00
    4939   1.0036406592E+00
    4940   1.0032186294E+00
    4941   1.0028425181E+00
    4942   1.0025140085E+00
    4943   1.0022282713E+00
    4944   1.0019769580E+00
    4945   1.0017510488E+00
    4946   1.0015430678E+00
    4947   1.0013485656E+00
    4948   1.0011668353E+00
    4949   1.0010007091E+00
    4950   1.0008553297E+00
    4951   1.0007361485E+00
    4952   1.0006468463E+00
    4953   1.0005880013E+00
    4954   1.0005569531E+00
    4955   1.0005486839E+00
    4956   1.0005571002E+00
    4957   1.0005761386E+00
    4958   1.0006004847E+00
    4959   1.0006260225E+00
    4960   1.0006501415E+00
    4961   1.0006718283E+00
    4962   1.0006913579E+00
    4963   1.0007095700E+00
    4964   1.0007270456E+00
    4965   1.0007436489E+00
    4966   1.0007587018E+00
    4967   1.0007716515E+00
    4968   1.0007828207E+00
    4969   1.0007939150E+00
    4970   1.0008082688E+00
    4971   1.0008310144E+00
    4972   1.0008692410E+00
    4973   1.0009318984E+00
    4974   1.0010290307E+00
    4975   1.0011701189E+00
    4976   1.0013617700E+00
    4977   1.0016053623E+00
    4978   1.0018952999E+00
    4979   1.0022182785E+00
    4980   1.0025537015E+00
    4981   1.0028752957E+00
    4982   1.0031539895E+00
    4983   1.0033619610E+00
    4984   1.0034773263E+00
    4985   1.0034883999E+00
    4986   1.0033967811E+00
    4987   1.0032163354E+00
    4988   1.0029675312E+00
    4989   1.0026853794E+00
    4990   1.0023996208E+00
    4991   1.0021386974E+00
    4992   1.0019258921E+00
    4993   1.0017780759E+00
    4994   1.0017060536E+00
    4995   1.0017159225E+00
    4996   1.0018107187E+00
    4997   1.0019914339E+00
    4998   1.0022566478E+00
    4999   1.0026006351E+00
    5000   1.0030106418E+00
    5001   1.0034646448E+00
    5002   1.0039309243E+00
    5003   1.0043702052E+00
    5004   1.0047402460E+00
    5005   1.0050019945E+00
    5006   1.0051259963E+00
    5007   1.0050976518E+00
    5008   1.0049200801E+00
    5009   1.0046137796E+00
    5010   1.0042129956E+00
    5011   1.0037596124E+00
    5012   1.0032961579E+00
    5013   1.0028597624E+00
    5014   1.0024784908E+00
    5015   1.0021705763E+00
    5016   1.0019461674E+00
    5017   1.0018106082E+00
    5018   1.0017680827E+00
    5019   1.0018245191E+00
    5020   1.0019888213E+00
    5021   1.0022717787E+00
    5022   1.0026825291E+00
    5023   1.0032232056E+00
    5024   1.0038831858E+00
    5025   1.0046348106E+00
    5026   1.0054322917E+00
    5027   1.0062147882E+00
    5028   1.0069135627E+00
    5029   1.0074620434E+00
    5030   1.0078067827E+00
    5031   1.0079168723E+00
    5032   1.0077894798E+00
    5033   1.0074499264E+00
    5034   1.0069460735E+00
    5035   1.0063383776E+00
    5036   1.0056882289E+00
    5037   1.0050475653E+00
    5038   1.0044521143E+00
    5039   1.0039192887E+00
    5040   1.0034503439E+00
    5041   1.0030354169E+00
    5042   1.0026596872E+00
    5043   1.0023090411E+00
    5044   1.0019740707E+00
    5045   1.0016518264E+00
    5046   1.0013453733E+00
    5047   1.0010617542E+00
    5048   1.0008092921E+00
    5049   1.0005951560E+00
    5050   1.0004237753E+00
    5051   1.0002962282E+00
    5052   1.0002103772E+00
    5053   1.0001614317E+00
    5054   1.0001427123E+00
    5055   1.0001465210E+00
    5056   1.0001650441E+00
    5057   1.0001911531E+00
    5058   1.0002189395E+00
    5059   1.0002439033E+00
    5060   1.0002628730E+00
    5061   1.0002738466E+00
    5062   1.0002759070E+00
    5063   1.0002692251E+00
    5064   1.0002550410E+00
    5065   1.0002355069E+00
    5066   1.0002133793E+00
    5067   1.0001916507E+00
    5068   1.0001732238E+00
    5069   1.0001606671E+00
    5070   1.0001560237E+00
    5071   1.0001606580E+00
    5072   1.0001751808E+00
    5073   1.0001995273E+00
    5074   1.0002331917E+00
    5075   1.0002755046E+00
    5076   1.0003257634E+00
    5077   1.0003830887E+00
    5078   1.0004460374E+00
    5079   1.0005121659E+00
    5080   1.0005777840E+00
    5081   1.0006380644E+00
    5082   1.0006875339E+00
    5083   1.0007208690E+00
    5084   1.0007338672E+00
    5085   1.0007244474E+00
    5086   1.0006935209E+00
    5087   1.0006455681E+00
    5088   1.0005888008E+00
    5089   1.0005348954E+00
    5090   1.0004983818E+00
    5091   1.0004958055E+00
    5092   1.0005446846E+00
    5093   1.0006621450E+00
    5094   1.0008630374E+00
    5095   1.0011574385E+00
    5096   1.0015477109E+00
    5097   1.0020256445E+00
    5098   1.0025717848E+00
    5099   1.0031506012E+00
    5100   1.0037168408E+00
    5101   1.0042218416E+00
    5102   1.0046148579E+00
    5103   1.0048542203E+00
    5104   1.0049136168E+00
    5105   1.0047867677E+00
    5106   1.0044885280E+00
    5107   1.0040520848E+00
    5108   1.0035229448E+00
    5109   1.0029512185E+00
    5110   1.0023840161E+00
    5111   1.0018595225E+00
    5112   1.0014036618E+00
    5113   1.0010294846E+00
    5114   1.0007387702E+00
    5115   1.0005249790E+00
    5116   1.0003766394E+00
    5117   1.0002804258E+00
    5118   1.0002234828E+00
    5119   1.0001948613E+00
    5120   1.0001861873E+00
    5121   1.0001918277E+00
    5122   1.0002088409E+00
    5123   1.0002369184E+00
    5124   1.0002783901E+00
    5125   1.0003382242E+00
    5126   1.0004238481E+00
    5127   1.0005445694E+00
    5128   1.0007103978E+00
    5129   1.0009301808E+00
    5130   1.0012091622E+00
    5131   1.0015463259E+00
    5132   1.0019321340E+00
    5133   1.0023473869E+00
    5134   1.0027638472E+00
    5135   1.0031469288E+00
    5136   1.0034602387E+00
    5137   1.0036711961E+00
    5138   1.0037565534E+00
    5139   1.0037065463E+00
    5140   1.0035266751E+00
    5141   1.0032366974E+00
    5142   1.0028671162E+00
    5143   1.0024540498E+00
    5144   1.0020336897E+00
    5145   1.0016375088E+00
    5146   1.0012890331E+00
    5147   1.0010024836E+00
    5148   1.0007831053E+00
    5149   1.0006286824E+00
    5150   1.0005316221E+00
    5151   1.0004810841E+00
    5152   1.0004648184E+00
    5153   1.0004705886E+00
    5154   1.0004872020E+00
    5155   1.0005052311E+00
    5156   1.0005174966E+00
    5157   1.0005193378E+00
    5158   1.0005086549E+00
    5159   1.0004857013E+00
    5160   1.0004526297E+00
    5161   1.0004128420E+00
    5162   1.0003702403E+00
    5163   1.0003285035E+00
    5164   1.0002905107E+00
    5165   1.0002579971E+00
    5166   1.0002314759E+00
    5167   1.0002104013E+00
    5168   1.0001935028E+00
    5169   1.0001791994E+00
    5170   1.0001660002E+00
    5171   1.0001528189E+00
    5172   1.0001391527E+00
    5173   1.0001251103E+00
    5174   1.0001113002E+00
    5175   1.0000986196E+00
    5176   1.0000879981E+00
    5177   1.0000801588E+00
    5178   1.0000754437E+00
    5179   1.0000737374E+00
    5180   1.0000744931E+00
    5181   1.0000768470E+00
    5182   1.0000797895E+00
    5183   1.0000823546E+00
    5184   1.0000837866E+00
    5185   1.0000836504E+00
    5186   1.0000818674E+00
    5187   1.0000786761E+00
    5188   1.0000745376E+00
    5189   1.0000700153E+00
    5190   1.0000656628E+00
    5191   1.0000619433E+00
    5192   1.0000591931E+00
    5193   1.0000576275E+00
    5194   1.0000573764E+00
    5195   1.0000585297E+00
    5196   1.0000611733E+00
    5197   1.0000653975E+00
    5198   1.0000712702E+00
    5199   1.0000787815E+00
    5200   1.0000877737E+00
    5201   1.0000978842E+00
    5202   1.0001085231E+00
    5203   1.0001189032E+00
    5204   1.0001281247E+00
    5205   1.0001353042E+00
    5206   1.0001397233E+00
    5207   1.0001409642E+00
    5208   1.0001389999E+00
    5209   1.0001342129E+00
    5210   1.0001273349E+00
    5211   1.0001193207E+00
    5212   1.0001111849E+00
    5213   1.0001038433E+00
    5214   1.0000979898E+00
    5215   1.0000940323E+00
    5216   1.0000920870E+00
    5217   1.0000920183E+00
    5218   1.0000935022E+00
    5219   1.0000960911E+00
    5220   1.0000992676E+00
    5221   1.0001024817E+00
    5222   1.0001051773E+00
    5223   1.0001068180E+00
    5224   1.0001069227E+00
    5225   1.0001051123E+00
    5226   1.0001011618E+00
    5227   1.0000950448E+00
    5228   1.0000869527E+00
    5229   1.0000772799E+00
    5230   1.0000665734E+00
    5231   1.0000554574E+00
    5232   1.0000445502E+00
    5233   1.0000343904E+00
    5234   1.0000253843E+00
    5235   1.0000177826E+00
    5236   1.0000116833E+00
    5237   1.0000070575E+00
    5238   1.0000037877E+00
    5239   1.0000017102E+00
    5240   1.0000006519E+00
    5241   1.0000004576E+00
    5242   1.0000010033E+00
    5243   1.0000021991E+00
    5244   1.0000039827E+00
    5245   1.0000063078E+00
    5246   1.0000091294E+00
    5247   1.0000123906E+00
    5248   1.0000160117E+00
    5249   1.0000198849E+00
    5250   1.0000238754E+00
    5251   1.0000278296E+00
    5252   1.0000315868E+00
    5253   1.0000349955E+00
    5254   1.0000379310E+00
    5255   1.0000403144E+00
    5256   1.0000421291E+00
    5257   1.0000434302E+00
    5258   1.0000443434E+00
    5259   1.0000450502E+00
    5260   1.0000457618E+00
    5261   1.0000466847E+00
    5262   1.0000479868E+00
    5263   1.0000497663E+00
    5264   1.0000520299E+00
    5265   1.0000546807E+00
    5266   1.0000575201E+00
    5267   1.0000602643E+00
    5268   1.0000625764E+00
    5269   1.0000641115E+00
    5270   1.0000645675E+00
    5271   1.0000637343E+00
    5272   1.0000615312E+00
    5273   1.0000580240E+00
    5274   1.0000534186E+00
    5275   1.0000480306E+00
    5276   1.0000422371E+00
    5277   1.0000364227E+00
    5278   1.0000309299E+00
    5279   1.0000260251E+00
    5280   1.0000218847E+00
    5281   1.0000185974E+00
    5282   1.0000161787E+00
    5283   1.0000145907E+00
    5284   1.0000137607E+00
    5285   1.0000135983E+00
    5286   1.0000140077E+00
    5287   1.0000148948E+00
    5288   1.0000161692E+00
    5289   1.0000177424E+00
    5290   1.0000195249E+00
    5291   1.0000214235E+00
    5292   1.0000233415E+00
    5293   1.0000251794E+00
    5294   1.0000268376E+00
    5295   1.0000282193E+00
    5296   1.0000292355E+00
    5297   1.0000298123E+00
    5298   1.0000298988E+00
    5299   1.0000294731E+00
    5300   1.0000285443E+00
    5301   1.0000271505E+00
    5302   1.0000253544E+00
    5303   1.0000232397E+00
    5304   1.0000209084E+00
    5305   1.0000184763E+00
    5306   1.0000160657E+00
    5307   1.0000137950E+00
    5308   1.0000117661E+00
    5309   1.0000100557E+00
    5310   1.0000087113E+00
    5311   1.0000077511E+00
    5312   1.0000071678E+00
    5313   1.0000069319E+00
    5314   1.0000069957E+00
    5315   1.0000072973E+00
    5316   1.0000077663E+00
    5317   1.0000083276E+00
    5318   1.0000089060E+00
    5319   1.0000094284E+00
    5320   1.0000098269E+00
    5321   1.0000100427E+00
    5322   1.0000100327E+00
    5323   1.0000097748E+00
    5324   1.0000092712E+00
    5325   1.0000085492E+00
    5326   1.0000076581E+00
    5327   1.0000066653E+00
    5328   1.0000056522E+00
    5329   1.0000047106E+00
    5330   1.0000039378E+00
    5331   1.0000034328E+00
    5332   1.0000032906E+00
    5333   1.0000035966E+00
    5334   1.0000044184E+00
    5335   1.0000057944E+00
    5336   1.0000077197E+00
    5337   1.0000101333E+00
    5338   1.0000129103E+00
    5339   1.0000158652E+00
    5340   1.0000187674E+00
    5341   1.0000213677E+00
    5342   1.0000234317E+00
    5343   1.0000247723E+00
    5344   1.0000252770E+00
    5345   1.0000249235E+00
    5346   1.0000237800E+00
    5347   1.0000219901E+00
    5348   1.0000197454E+00
    5349   1.0000172545E+00
    5350   1.0000147143E+00
    5351   1.0000122914E+00
    5352   1.0000101127E+00
    5353   1.0000082655E+00
    5354   1.0000068012E+00
    5355   1.0000057403E+00
    5356   1.0000050778E+00
    5357   1.0000047863E+00
    5358   1.0000048190E+00
    5359   1.0000051102E+00
    5360   1.0000055764E+00
    5361   1.0000061197E+00
    5362   1.0000066351E+00
    5363   1.0000070237E+00
    5364   1.0000072072E+00
    5365   1.0000071408E+00
    5366   1.0000068209E+00
    5367   1.0000062833E+00
    5368   1.0000055952E+00
    5369   1.0000048406E+00
    5370   1.0000041034E+00
    5371   1.0000034513E+00
    5372   1.0000029250E+00
    5373   1.0000025356E+00
    5374   1.0000022725E+00
    5375   1.0000021195E+00
    5376   1.0000020725E+00
    5377   1.0000021542E+00
    5378   1.0000024202E+00
    5379   1.0000029540E+00
    5380   1.0000038530E+00
    5381   1.0000052076E+00
    5382   1.0000070770E+00
    5383   1.0000094653E+00
    5384   1.0000123027E+00
    5385   1.0000154385E+00
    5386   1.0000186480E+00
    5387   1.0000216561E+00
    5388   1.0000241734E+00
    5389   1.0000259390E+00
    5390   1.0000267606E+00
    5391   1.0000265460E+00
    5392   1.0000253183E+00
    5393   1.0000232133E+00
    5394   1.0000204572E+00
    5395   1.0000173307E+00
    5396   1.0000141257E+00
    5397   1.0000111059E+00
    5398   1.0000084779E+00
    5399   1.0000063781E+00
    5400   1.0000048754E+00
    5401   1.0000039831E+00
    5402   1.0000036762E+00
    5403   1.0000039085E+00
    5404   1.0000046246E+00
    5405   1.0000057664E+00
    5406   1.0000072724E+00
    5407   1.0000090714E+00
    5408   1.0000110741E+00
    5409   1.0000131664E+00
    5410   1.0000152092E+00
    5411   1.0000170460E+00
    5412   1.0000185195E+00
    5413   1.0000194916E+00
    5414   1.0000198651E+00
    5415   1.0000196006E+00
    5416   1.0000187263E+00
    5417   1.0000173357E+00
    5418   1.0000155753E+00
    5419   1.0000136213E+00
    5420   1.0000116525E+00
    5421   1.0000098238E+00
    5422   1.0000082466E+00
    5423   1.0000069802E+00
    5424   1.0000060329E+00
    5425   1.0000053723E+00
    5426   1.0000049399E+00
    5427   1.0000046680E+00
    5428   1.0000044940E+00
    5429   1.0000043699E+00
    5430   1.0000042669E+00
    5431   1.0000041733E+00
    5432   1.0000040892E+00
    5433   1.0000040194E+00
    5434   1.0000039678E+00
    5435   1.0000039344E+00
    5436   1.0000039144E+00
    5437   1.0000038984E+00
    5438   1.0000038749E+00
    5439   1.0000038321E+00
    5440   1.0000037611E+00
    5441   1.0000036588E+00
    5442   1.0000035304E+00
    5443   1.0000033907E+00
    5444   1.0000032651E+00
    5445   1.0000031882E+00
    5446   1.0000032020E+00
    5447   1.0000033505E+00
    5448   1.0000036717E+00
    5449   1.0000041883E+00
    5450   1.0000048974E+00
    5451   1.0000057655E+00
    5452   1.0000067287E+00
    5453   1.0000077007E+00
    5454   1.0000085867E+00
    5455   1.0000093002E+00
    5456   1.0000097785E+00
    5457   1.0000099941E+00
    5458   1.0000099587E+00
    5459   1.0000097199E+00
    5460   1.0000093503E+00
    5461   1.0000089339E+00
    5462   1.0000085519E+00
    5463   1.0000082731E+00
    5464   1.0000081521E+00
    5465   1.0000082354E+00
    5466   1.0000085733E+00
    5467   1.0000092350E+00
    5468   1.0000103205E+00
    5469   1.0000119676E+00
    5470   1.0000143480E+00
    5471   1.0000176502E+00
    5472   1.0000220484E+00
    5473   1.0000276593E+00
    5474   1.0000344910E+00
    5475   1.0000423979E+00
    5476   1.0000510499E+00
    5477   1.0000599330E+00
    5478   1.0000683845E+00
    5479   1.0000756669E+00
    5480   1.0000810689E+00
    5481   1.0000840150E+00
    5482   1.0000841629E+00
    5483   1.0000814643E+00
    5484   1.0000761741E+00
    5485   1.0000688072E+00
    5486   1.0000600497E+00
    5487   1.0000506489E+00
    5488   1.0000413043E+00
    5489   1.0000325833E+00
    5490   1.0000248740E+00
    5491   1.0000183770E+00
    5492   1.0000131304E+00
    5493   1.0000090524E+00
    5494   1.0000059909E+00
    5495   1.0000037663E+00
    5496   1.0000022031E+00
    5497   1.0000011479E+00
    5498   1.0000004757E+00
    5499   1.0000000886E+00
    5500   9.9999991040E-01
    5501   9.9999988103E-01
    5502   9.9999995144E-01
    5503   1.0000000805E+00
    5504   1.0000002333E+00
    5505   1.0000003810E+00
    5506   1.0000005007E+00
    5507   1.0000005772E+00
    5508   1.0000006028E+00
    5509   1.0000005779E+00
    5510   1.0000005102E+00
    5511   1.0000004131E+00
    5512   1.0000003039E+00
    5513   1.0000002008E+00
    5514   1.0000001211E+00
    5515   1.0000000783E+00
    5516   1.0000000803E+00
    5517   1.0000001287E+00
    5518   1.0000002185E+00
    5519   1.0000003396E+00
    5520   1.0000004786E+00
    5521   1.0000006211E+00
    5522   1.0000007543E+00
    5523   1.0000008689E+00
    5524   1.0000009606E+00
    5525   1.0000010309E+00
    5526   1.0000010865E+00
    5527   1.0000011387E+00
    5528   1.0000012012E+00
    5529   1.0000012886E+00
    5530   1.0000014153E+00
    5531   1.0000015935E+00
    5532   1.0000018328E+00
    5533   1.0000021383E+00
    5534   1.0000025088E+00
    5535   1.0000029355E+00
    5536   1.0000034010E+00
    5537   1.0000038798E+00
    5538   1.0000043410E+00
    5539   1.0000047518E+00
    5540   1.0000050834E+00
    5541   1.0000053160E+00
    5542   1.0000054424E+00
    5543   1.0000054699E+00
    5544   1.0000054187E+00
    5545   1.0000053171E+00
    5546   1.0000051962E+00
    5547   1.0000050838E+00
    5548   1.0000050001E+00
    5549   1.0000049549E+00
    5550   1.0000049481E+00
    5551   1.0000049706E+00
    5552   1.0000050075E+00
    5553   1.0000050413E+00
    5554   1.0000050545E+00
    5555   1.0000050317E+00
    5556   1.0000049619E+00
    5557   1.0000048390E+00
    5558   1.0000046625E+00
    5559   1.0000044390E+00
    5560   1.0000041823E+00
    5561   1.0000039140E+00
    5562   1.0000036633E+00
    5563   1.0000034663E+00
    5564   1.0000033628E+00
    5565   1.0000033932E+00
    5566   1.0000035929E+00
    5567   1.0000039859E+00
    5568   1.0000045789E+00
    5569   1.0000053552E+00
    5570   1.0000062729E+00
    5571   1.0000072649E+00
    5572   1.0000082455E+00
    5573   1.0000091200E+00
    5574   1.0000097973E+00
    5575   1.0000102031E+00
    5576   1.0000102912E+00
    5577   1.0000100498E+00
    5578   1.0000095027E+00
    5579   1.0000087045E+00
    5580   1.0000077307E+00
    5581   1.0000066663E+00
    5582   1.0000055942E+00
    5583   1.0000045857E+00
    5584   1.0000036949E+00
    5585   1.0000029561E+00
    5586   1.0000023851E+00
    5587   1.0000019815E+00
    5588   1.0000017328E+00
    5589   1.0000016180E+00
    5590   1.0000016112E+00
    5591   1.0000016841E+00
    5592   1.0000018083E+00
    5593   1.0000019572E+00
    5594   1.0000021071E+00
    5595   1.0000022393E+00
    5596   1.0000023411E+00
    5597   1.0000024059E+00
    5598   1.0000024333E+00
    5599   1.0000024277E+00
    5600   1.0000023962E+00
    5601   1.0000023462E+00
    5602   1.0000022836E+00
    5603   1.0000022114E+00
    5604   1.0000021298E+00
    5605   1.0000020364E+00
    5606   1.0000019290E+00
    5607   1.0000018069E+00
    5608   1.0000016727E+00
    5609   1.0000015334E+00
    5610   1.0000014001E+00
    5611   1.0000012867E+00
    5612   1.0000012082E+00
    5613   1.0000011785E+00
    5614   1.0000012090E+00
    5615   1.0000013070E+00
    5616   1.0000014743E+00
    5617   1.0000017069E+00
    5618   1.0000019946E+00
    5619   1.0000023213E+00
    5620   1.0000026658E+00
    5621   1.0000030036E+00
    5622   1.0000033088E+00
    5623   1.0000035579E+00
    5624   1.0000037324E+00
    5625   1.0000038223E+00
    5626   1.0000038278E+00
    5627   1.0000037597E+00
    5628   1.0000036379E+00
    5629   1.0000034887E+00
    5630   1.0000033407E+00
    5631   1.0000032204E+00
    5632   1.0000031476E+00
    5633   1.0000031328E+00
    5634   1.0000031746E+00
    5635   1.0000032604E+00
    5636   1.0000033686E+00
    5637   1.0000034721E+00
    5638   1.0000035446E+00
    5639   1.0000035650E+00
    5640   1.0000035227E+00
    5641   1.0000034193E+00
    5642   1.0000032684E+00
    5643   1.0000030921E+00
    5644   1.0000029164E+00
    5645   1.0000027647E+00
    5646   1.0000026534E+00
    5647   1.0000025884E+00
    5648   1.0000025648E+00
    5649   1.0000025688E+00
    5650   1.0000025811E+00
    5651   1.0000025815E+00
    5652   1.0000025530E+00
    5653   1.0000024844E+00
    5654   1.0000023720E+00
    5655   1.0000022194E+00
    5656   1.0000020355E+00
    5657   1.0000018332E+00
    5658   1.0000016265E+00
    5659   1.0000014290E+00
    5660   1.0000012521E+00
    5661   1.0000011049E+00
    5662   1.0000009928E+00
    5663   1.0000009181E+00
    5664   1.0000008796E+00
    5665   1.0000008732E+00
    5666   1.0000008919E+00
    5667   1.0000009269E+00
    5668   1.0000009684E+00
    5669   1.0000010068E+00
    5670   1.0000010335E+00
    5671   1.0000010420E+00
    5672   1.0000010289E+00
    5673   1.0000009938E+00
    5674   1.0000009389E+00
    5675   1.0000008694E+00
    5676   1.0000007916E+00
    5677   1.0000007124E+00
    5678   1.0000006387E+00
    5679   1.0000005761E+00
    5680   1.0000005288E+00
    5681   1.0000004991E+00
    5682   1.0000004873E+00
    5683   1.0000004924E+00
    5684   1.0000005117E+00
    5685   1.0000005421E+00
    5686   1.0000005802E+00
    5687   1.0000006228E+00
    5688   1.0000006671E+00
    5689   1.0000007108E+00
    5690   1.0000007519E+00
    5691   1.0000007887E+00
    5692   1.0000008197E+00
    5693   1.0000008433E+00
    5694   1.0000008583E+00
    5695   1.0000008644E+00
    5696   1.0000008628E+00
    5697   1.0000008564E+00
    5698   1.0000008501E+00
    5699   1.0000008504E+00
    5700   1.0000008644E+00
    5701   1.0000008988E+00
    5702   1.0000009582E+00
    5703   1.0000010439E+00
    5704   1.0000011533E+00
    5705   1.0000012795E+00
    5706   1.0000014120E+00
    5707   1.0000015381E+00
    5708   1.0000016450E+00
    5709   1.0000017215E+00
    5710   1.0000017599E+00
    5711   1.0000017573E+00
    5712   1.0000017157E+00
    5713   1.0000016422E+00
    5714   1.0000015472E+00
    5715   1.0000014432E+00
    5716   1.0000013428E+00
    5717   1.0000012569E+00
    5718   1.0000011930E+00
    5719   1.0000011548E+00
    5720   1.0000011414E+00
    5721   1.0000011481E+00
    5722   1.0000011675E+00
    5723   1.0000011901E+00
    5724   1.0000012068E+00
    5725   1.0000012093E+00
    5726   1.0000011921E+00
    5727   1.0000011521E+00
    5728   1.0000010899E+00
    5729   1.0000010085E+00
    5730   1.0000009132E+00
    5731   1.0000008107E+00
    5732   1.0000007081E+00
    5733   1.0000006121E+00
    5734   1.0000005286E+00
    5735   1.0000004618E+00
    5736   1.0000004145E+00
    5737   1.0000003872E+00
    5738   1.0000003790E+00
    5739   1.0000003873E+00
    5740   1.0000004081E+00
    5741   1.0000004367E+00
    5742   1.0000004676E+00
    5743   1.0000004959E+00
    5744   1.0000005172E+00
    5745   1.0000005284E+00
    5746   1.0000005278E+00
    5747   1.0000005155E+00
    5748   1.0000004928E+00
    5749   1.0000004621E+00
    5750   1.0000004265E+00
    5751   1.0000003889E+00
    5752   1.0000003517E+00
    5753   1.0000003165E+00
    5754   1.0000002843E+00
    5755   1.0000002553E+00
    5756   1.0000002297E+00
    5757   1.0000002076E+00
    5758   1.0000001897E+00
    5759   1.0000001767E+00
    5760   1.0000001698E+00
    5761   1.0000001699E+00
    5762   1.0000001780E+00
    5763   1.0000001940E+00
    5764   1.0000002173E+00
    5765   1.0000002466E+00
    5766   1.0000002798E+00
    5767   1.0000003148E+00
    5768   1.0000003494E+00
    5769   1.0000003817E+00
    5770   1.0000004102E+00
    5771   1.0000004336E+00
    5772   1.0000004512E+00
    5773   1.0000004621E+00
    5774   1.0000004659E+00
    5775   1.0000004623E+00
    5776   1.0000004512E+00
    5777   1.0000004332E+00
    5778   1.0000004088E+00
    5779   1.0000003791E+00
    5780   1.0000003455E+00
    5781   1.0000003093E+00
    5782   1.0000002718E+00
    5783   1.0000002340E+00
    5784   1.0000001970E+00
    5785   1.0000001617E+00
    5786   1.0000001288E+00
    5787   1.0000000989E+00
    5788   1.0000000726E+00
    5789   1.0000000504E+00
    5790   1.0000000324E+00
    5791   1.0000000187E+00
    5792   1.0000000092E+00
    5793   1.0000000036E+00
    5794   1.0000000019E+00
    5795   1.0000000036E+00
    5796   1.0000000086E+00
    5797   1.0000000169E+00
    5798   1.0000000283E+00
    5799   1.0000000429E+00
    5800   1.0000000607E+00
    5801   1.0000000816E+00
    5802   1.0000001055E+00
    5803   1.0000001322E+00
    5804   1.0000001612E+00
    5805   1.0000001921E+00
    5806   1.0000002242E+00
    5807   1.0000002567E+00
    5808   1.0000002888E+00
    5809   1.0000003196E+00
    5810   1.0000003487E+00
    5811   1.0000003759E+00
    5812   1.0000004011E+00
    5813   1.0000004249E+00
    5814   1.0000004478E+00
    5815   1.0000004705E+00
    5816   1.0000004931E+00
    5817   1.0000005155E+00
    5818   1.0000005367E+00
    5819   1.0000005550E+00
    5820   1.0000005686E+00
    5821   1.0000005758E+00
    5822   1.0000005756E+00
    5823   1.0000005682E+00
    5824   1.0000005550E+00
    5825   1.0000005392E+00
    5826   1.0000005244E+00
    5827   1.0000005147E+00
    5828   1.0000005137E+00
    5829   1.0000005235E+00
    5830   1.0000005445E+00
    5831   1.0000005748E+00
    5832   1.0000006109E+00
    5833   1.0000006479E+00
    5834   1.0000006807E+00
    5835   1.0000007040E+00
    5836   1.0000007139E+00
    5837   1.0000007078E+00
    5838   1.0000006849E+00
    5839   1.0000006458E+00
    5840   1.0000005928E+00
    5841   1.0000005292E+00
    5842   1.0000004587E+00
    5843   1.0000003855E+00
    5844   1.0000003133E+00
    5845   1.0000002456E+00
    5846   1.0000001850E+00
    5847   1.0000001330E+00
    5848   1.0000000904E+00
    5849   1.0000000573E+00
    5850   1.0000000330E+00
    5851   1.0000000164E+00
    5852   1.0000000062E+00
    5853   1.0000000013E+00
    5854   1.0000000006E+00
    5855   1.0000000034E+00
    5856   1.0000000089E+00
    5857   1.0000000169E+00
    5858   1.0000000269E+00
    5859   1.0000000384E+00
    5860   1.0000000509E+00
    5861   1.0000000640E+00
    5862   1.0000000770E+00
    5863   1.0000000897E+00
    5864   1.0000001020E+00
    5865   1.0000001142E+00
    5866   1.0000001270E+00
    5867   1.0000001411E+00
    5868   1.0000001577E+00
    5869   1.0000001775E+00
    5870   1.0000002009E+00
    5871   1.0000002277E+00
    5872   1.0000002568E+00
    5873   1.0000002865E+00
    5874   1.0000003144E+00
    5875   1.0000003377E+00
    5876   1.0000003540E+00
    5877   1.0000003613E+00
    5878   1.0000003584E+00
    5879   1.0000003453E+00
    5880   1.0000003233E+00
    5881   1.0000002946E+00
    5882   1.0000002622E+00
    5883   1.0000002294E+00
    5884   1.0000001995E+00
    5885   1.0000001751E+00
    5886   1.0000001583E+00
    5887   1.0000001501E+00
    5888   1.0000001504E+00
    5889   1.0000001582E+00
    5890   1.0000001716E+00
    5891   1.0000001882E+00
    5892   1.0000002051E+00
    5893   1.0000002195E+00
    5894   1.0000002291E+00
    5895   1.0000002324E+00
    5896   1.0000002287E+00
    5897   1.0000002186E+00
    5898   1.0000002036E+00
    5899   1.0000001856E+00
    5900   1.0000001670E+00
    5901   1.0000001500E+00
    5902   1.0000001363E+00
    5903   1.0000001269E+00
    5904   1.0000001223E+00
    5905   1.0000001221E+00
    5906   1.0000001255E+00
    5907   1.0000001312E+00
    5908   1.0000001381E+00
    5909   1.0000001452E+00
    5910   1.0000001518E+00
    5911   1.0000001575E+00
    5912   1.0000001626E+00
    5913   1.0000001676E+00
    5914   1.0000001731E+00
    5915   1.0000001800E+00
    5916   1.0000001889E+00
    5917   1.0000002000E+00
    5918   1.0000002135E+00
    5919   1.0000002288E+00
    5920   1.0000002452E+00
    5921   1.0000002614E+00
    5922   1.0000002762E+00
    5923   1.0000002881E+00
    5924   1.0000002961E+00
    5925   1.0000002992E+00
    5926   1.0000002970E+00
    5927   1.0000002895E+00
    5928   1.0000002770E+00
    5929   1.0000002602E+00
    5930   1.0000002401E+00
    5931   1.0000002176E+00
    5932   1.0000001937E+00
    5933   1.0000001694E+00
    5934   1.0000001456E+00
    5935   1.0000001228E+00
    5936   1.0000001018E+00
    5937   1.0000000830E+00
    5938   1.0000000667E+00
    5939   1.0000000533E+00
    5940   1.0000000428E+00
    5941   1.0000000352E+00
    5942   1.0000000305E+00
    5943   1.0000000287E+00
    5944   1.0000000298E+00
    5945   1.0000000339E+00
    5946   1.0000000411E+00
    5947   1.0000000514E+00
    5948   1.0000000647E+00
    5949   1.0000000810E+00
    5950   1.0000000997E+00
    5951   1.0000001200E+00
    5952   1.0000001410E+00
    5953   1.0000001612E+00
    5954   1.0000001793E+00
    5955   1.0000001937E+00
    5956   1.0000002034E+00
    5957   1.0000002076E+00
    5958   1.0000002061E+00
    5959   1.0000001991E+00
    5960   1.0000001873E+00
    5961   1.0000001718E+00
    5962   1.0000001539E+00
    5963   1.0000001349E+00
    5964   1.0000001157E+00
    5965   1.0000000974E+00
    5966   1.0000000806E+00
    5967   1.0000000659E+00
    5968   1.0000000535E+00
    5969   1.0000000437E+00
    5970   1.0000000364E+00
    5971   1.0000000317E+00
    5972   1.0000000297E+00
    5973   1.0000000301E+00
    5974   1.0000000327E+00
    5975   1.0000000374E+00
    5976   1.0000000437E+00
    5977   1.0000000511E+00
    5978   1.0000000590E+00
    5979   1.0000000667E+00
    5980   1.0000000736E+00
    5981   1.0000000792E+00
    5982   1.0000000828E+00
    5983   1.0000000844E+00
    5984   1.0000000838E+00
    5985   1.0000000811E+00
    5986   1.0000000767E+00
    5987   1.0000000709E+00
    5988   1.0000000644E+00
    5989   1.0000000576E+00
    5990   1.0000000511E+00
    5991   1.0000000451E+00
    5992   1.0000000401E+00
    5993   1.0000000361E+00
    5994   1.0000000329E+00
    5995   1.0000000306E+00
    5996   1.0000000288E+00
    5997   1.0000000274E+00
    5998   1.0000000261E+00
    5999   1.0000000250E+00
    6000   1.0000000239E+00
    6001   1.0000000231E+00
    6002   1.0000000225E+00
    6003   1.0000000225E+00
    6004   1.0000000230E+00
    6005   1.0000000241E+00
    6006   1.0000000257E+00
    6007   1.0000000276E+00
    6008   1.0000000296E+00
    6009   1.0000000316E+00
    6010   1.0000000333E+00
    6011   1.0000000347E+00
    6012   1.0000000358E+00
    6013   1.0000000367E+00
    6014   1.0000000377E+00
    6015   1.0000000392E+00
    6016   1.0000000414E+00
    6017   1.0000000447E+00
    6018   1.0000000495E+00
    6019   1.0000000558E+00
    6020   1.0000000636E+00
    6021   1.0000000724E+00
    6022   1.0000000817E+00
    6023   1.0000000905E+00
    6024   1.0000000980E+00
    6025   1.0000001033E+00
    6026   1.0000001057E+00
    6027   1.0000001048E+00
    6028   1.0000001008E+00
    6029   1.0000000941E+00
    6030   1.0000000855E+00
    6031   1.0000000762E+00
    6032   1.0000000671E+00
    6033   1.0000000591E+00
    6034   1.0000000530E+00
    6035   1.0000000489E+00
    6036   1.0000000469E+00
    6037   1.0000000468E+00
    6038   1.0000000479E+00
    6039   1.0000000497E+00
    6040   1.0000000516E+00
    6041   1.0000000529E+00
    6042   1.0000000533E+00
    6043   1.0000000525E+00
    6044   1.0000000503E+00
    6045   1.0000000469E+00
    6046   1.0000000425E+00
    6047   1.0000000374E+00
    6048   1.0000000321E+00
    6049   1.0000000267E+00
    6050   1.0000000218E+00
    6051   1.0000000174E+00
    6052   1.0000000138E+00
    6053   1.0000000110E+00
    6054   1.0000000091E+00
    6055   1.0000000079E+00
    6056   1.0000000074E+00
    6057   1.0000000076E+00
    6058   1.0000000083E+00
    6059   1.0000000093E+00
    6060   1.0000000107E+00
    6061   1.0000000123E+00
    6062   1.0000000140E+00
    6063   1.0000000155E+00
    6064   1.0000000169E+00
    6065   1.0000000180E+00
    6066   1.0000000186E+00
    6067   1.0000000186E+00
    6068   1.0000000181E+00
    6069   1.0000000170E+00
    6070   1.0000000154E+00
    6071   1.0000000135E+00
    6072   1.0000000114E+00
    6073   1.0000000092E+00
    6074   1.0000000070E+00
    6075   1.0000000051E+00
    6076   1.0000000033E+00
    6077   1.0000000018E+00
    6078   1.0000000006E+00
    6079   9.9999999957E-01
    6080   9.9999999882E-01
    6081   9.9999999830E-01
    6082   9.9999999798E-01
    6083   9.9999999785E-01
    6084   9.9999999789E-01
    6085   9.9999999809E-01
    6086   9.9999999845E-01
    6087   9.9999999897E-01
    6088   9.9999999965E-01
    6089   1.0000000005E+00
    6090   1.0000000015E+00
    6091   1.0000000027E+00
    6092   1.0000000041E+00
    6093   1.0000000055E+00
    6094   1.0000000071E+00
    6095   1.0000000086E+00
    6096   1.0000000099E+00
    6097   1.0000000111E+00
    6098   1.0000000119E+00
    6099   1.0000000123E+00
    6100   1.0000000124E+00
    6101   1.0000000120E+00
    6102   1.0000000113E+00
    6103   1.0000000104E+00
    6104   1.0000000093E+00
    6105   1.0000000082E+00
    6106   1.0000000073E+00
    6107   1.0000000065E+00
    6108   1.0000000061E+00
    6109   1.0000000061E+00
    6110   1.0000000066E+00
    6111   1.0000000075E+00
    6112   1.0000000089E+00
    6113   1.0000000106E+00
    6114   1.0000000126E+00
    6115   1.0000000146E+00
    6116   1.0000000167E+00
    6117   1.0000000185E+00
    6118   1.0000000198E+00
    6119   1.0000000207E+00
    6120   1.0000000210E+00
    6121   1.0000000206E+00
    6122   1.0000000196E+00
    6123   1.0000000182E+00
    6124   1.0000000164E+00
    6125   1.0000000144E+00
    6126   1.0000000123E+00
    6127   1.0000000102E+00
    6128   1.0000000083E+00
    6129   1.0000000064E+00
    6130   1.0000000048E+00
    6131   1.0000000034E+00
    6132   1.0000000022E+00
    6133   1.0000000012E+00
    6134   1.0000000004E+00
    6135   9.9999999979E-01
    6136   9.9999999930E-01
    6137   9.9999999894E-01
    6138   9.9999999868E-01
    6139   9.9999999851E-01
    6140   9.9999999841E-01
    6141   9.9999999835E-01
    6142   9.9999999834E-01
    6143   9.9999999836E-01
    6144   9.9999999841E-01
    6145   9.9999999851E-01
    6146   9.9999999866E-01
    6147   9.9999999890E-01
    6148   9.9999999925E-01
    6149   9.9999999977E-01
    6150   1.0000000005E+00
    6151   1.0000000015E+00
    6152   1.0000000029E+00
    6153   1.0000000046E+00
    6154   1.0000000067E+00
    6155   1.0000000091E+00
    6156   1.0000000117E+00
    6157   1.0000000145E+00
    6158   1.0000000173E+00
    6159   1.0000000199E+00
    6160   1.0000000221E+00
    6161   1.0000000239E+00
    6162   1.0000000251E+00
    6163   1.0000000256E+00
    6164   1.0000000257E+00
    6165   1.0000000252E+00
    6166   1.0000000244E+00
    6167   1.0000000235E+00
    6168   1.0000000225E+00
    6169   1.0000000215E+00
    6170   1.0000000206E+00
    6171   1.0000000198E+00
    6172   1.0000000191E+00
    6173   1.0000000185E+00
    6174   1.0000000178E+00
    6175   1.0000000172E+00
    6176   1.0000000165E+00
    6177   1.0000000158E+00
    6178   1.0000000151E+00
    6179   1.0000000144E+00
    6180   1.0000000137E+00
    6181   1.0000000131E+00
    6182   1.0000000125E+00
    6183   1.0000000120E+00
    6184   1.0000000115E+00
    6185   1.0000000110E+00
    6186   1.0000000106E+00
    6187   1.0000000102E+00
    6188   1.0000000097E+00
    6189   1.0000000093E+00
    6190   1.0000000088E+00
    6191   1.0000000082E+00
    6192   1.0000000076E+00
    6193   1.0000000069E+00
    6194   1.0000000062E+00
    6195   1.0000000055E+00
    6196   1.0000000049E+00
    6197   1.0000000045E+00
    6198   1.0000000042E+00
    6199   1.0000000042E+00
    6200   1.0000000044E+00
    6201   1.0000000047E+00
    6202   1.0000000052E+00
    6203   1.0000000058E+00
    6204   1.0000000063E+00
    6205   1.0000000067E+00
    6206   1.0000000070E+00
    6207   1.0000000071E+00
    6208   1.0000000071E+00
    6209   1.0000000068E+00
    6210   1.0000000065E+00
    6211   1.0000000061E+00
    6212   1.0000000056E+00
    6213   1.0000000052E+00
    6214   1.0000000047E+00
    6215   1.0000000042E+00
    6216   1.0000000036E+00
    6217   1.0000000031E+00
    6218   1.0000000026E+00
    6219   1.0000000021E+00
    6220   1.0000000017E+00
    6221   1.0000000012E+00
    6222   1.0000000009E+00
    6223   1.0000000005E+00
    6224   1.0000000003E+00
    6225   1.0000000001E+00
    6226   9.9999999997E-01
    6227   9.9999999988E-01
    6228   9.9999999982E-01
    6229   9.9999999978E-01
    6230   9.9999999976E-01
    6231   9.9999999975E-01
    6232   9.9999999976E-01
    6233   9.9999999977E-01
    6234   9.9999999979E-01
    6235   9.9999999983E-01
    6236   9.9999999990E-01
    6237   1.0000000000E+00
    6238   1.0000000002E+00
    6239   1.0000000004E+00
    6240   1.0000000008E+00
    6241   1.0000000013E+00
    6242   1.0000000020E+00
    6243   1.0000000029E+00
    6244   1.0000000039E+00
    6245   1.0000000050E+00
    6246   1.0000000062E+00
    6247   1.0000000074E+00
    6248   1.0000000084E+00
    6249   1.0000000092E+00
    6250   1.0000000098E+00
    6251   1.0000000099E+00
    6252   1.0000000097E+00
    6253   1.0000000091E+00
    6254   1.0000000082E+00
    6255   1.0000000071E+00
    6256   1.0000000060E+00
    6257   1.0000000049E+00
    6258   1.0000000039E+00
    6259   1.0000000031E+00
    6260   1.0000000025E+00
    6261   1.0000000021E+00
    6262   1.0000000019E+00
    6263   1.0000000018E+00
    6264   1.0000000019E+00
    6265   1.0000000019E+00
    6266   1.0000000020E+00
    6267   1.0000000021E+00
    6268   1.0000000021E+00
    6269   1.0000000020E+00
    6270   1.0000000018E+00
    6271   1.0000000016E+00
    6272   1.0000000014E+00
    6273   1.0000000011E+00
    6274   1.0000000009E+00
    6275   1.0000000007E+00
    6276   1.0000000005E+00
    6277   1.0000000003E+00
    6278   1.0000000002E+00
    6279   1.0000000001E+00
    6280   1.0000000000E+00
    6281   9.9999999997E-01
    6282   9.9999999994E-01
    6283   9.9999999992E-01
    6284   9.9999999991E-01
    6285   9.9999999991E-01
    6286   9.9999999991E-01
    6287   9.9999999991E-01
    6288   9.9999999991E-01
    6289   9.9999999991E-01
    6290   9.9999999991E-01
    6291   9.9999999991E-01
    6292   9.9999999991E-01
    6293   9.9999999991E-01
    6294   9.9999999991E-01
    6295   9.9999999991E-01
    6296   9.9999999991E-01
    6297   9.9999999992E-01
    6298   9.9999999992E-01
    6299   9.9999999992E-01
    6300   9.9999999992E-01
    6301   9.9999999992E-01
    6302   9.9999999992E-01
    6303   9.9999999992E-01
    6304   9.9999999992E-01
    6305   9.9999999992E-01
    6306   9.9999999993E-01
    6307   9.9999999993E-01
    6308   9.9999999993E-01
    6309   9.9999999993E-01
    6310   9.9999999993E-01
    6311   9.9999999993E-01
    6312   9.9999999993E-01
    6313   9.9999999993E-01
    6314   9.9999999993E-01
    6315   9.9999999993E-01
    6316   9.9999999994E-01
    6317   9.9999999994E-01
    6318   9.9999999994E-01
    6319   9.9999999994E-01
    6320   9.9999999994E-01
    6321   9.9999999994E-01
    6322   9.9999999994E-01
    6323   9.9999999995E-01
    6324   9.9999999995E-01
    6325   9.9999999995E-01
    6326   9.9999999995E-01
    6327   9.9999999995E-01
    6328   9.9999999995E-01
    6329   9.9999999995E-01
    6330   9.9999999995E-01
    6331   9.9999999995E-01
    6332   9.9999999996E-01
    6333   9.9999999996E-01
    6334   9.9999999996E-01
    6335   9.9999999996E-01
    6336   9.9999999996E-01
    6337   9.9999999996E-01
    6338   9.9999999996E-01
    6339   9.9999999996E-01
    6340   9.9999999996E-01
    6341   9.9999999997E-01
    6342   9.9999999997E-01
    6343   9.9999999997E-01
    6344   9.9999999997E-01
    6345   9.9999999997E-01
    6346   9.9999999997E-01
    6347   9.9999999997E-01
    6348   9.9999999997E-01
    6349   9.9999999998E-01
    6350   9.9999999998E-01
    6351   9.9999999998E-01
    6352   9.9999999998E-01
    6353   9.9999999999E-01
    6354   1.0000000000E+00
    6355   1.0000000000E+00
    6356   1.0000000001E+00
    6357   1.0000000001E+00
    6358   1.0000000002E+00
    6359   1.0000000003E+00
    6360   1.0000000004E+00
    6361   1.0000000006E+00
    6362   1.0000000008E+00
    6363   1.0000000011E+00
    6364   1.0000000014E+00
    6365   1.0000000018E+00
    6366   1.0000000021E+00
    6367   1.0000000024E+00
    6368   1.0000000026E+00
    6369   1.0000000027E+00
    6370   1.0000000027E+00
    6371   1.0000000027E+00
    6372   1.0000000025E+00
    6373   1.0000000023E+00
    6374   1.0000000019E+00
    6375   1.0000000016E+00
    6376   1.0000000013E+00
    6377   1.0000000010E+00
    6378   1.0000000007E+00
    6379   1.0000000005E+00
    6380   1.0000000004E+00
    6381   1.0000000002E+00
    6382   1.0000000001E+00
    6383   1.0000000001E+00
    6384   1.0000000001E+00
    6385   1.0000000000E+00
    6386   1.0000000000E+00
    6387   1.0000000000E+00
    6388   1.0000000000E+00
    6389   1.0000000000E+00
    6390   1.0000000000E+00
    6391   1.0000000000E+00
    6392   1.0000000000E+00
    6393   1.0000000000E+00
    6394   1.0000000000E+00
    6395   1.0000000000E+00
    6396   1.0000000000E+00
    6397   1.0000000000E+00
    6398   1.0000000000E+00
    6399   1.0000000000E+00
    6400   1.0000000000E+00
    6401   1.0000000000E+00
    6402   1.0000000000E+00
    6403   1.0000000000E+00
    6404   1.0000000000E+00
    6405   1.0000000000E+00
    6406   1.0000000000E+00
    6407   1.0000000000E+00
    6408   1.0000000000E+00
    6409   1.0000000000E+00
    6410   1.0000000000E+00
    6411   1.0000000000E+00
    6412   1.0000000000E+00
    6413   1.0000000000E+00
    6414   1.0000000000E+00
    6415   1.0000000000E+00
    6416   1.0000000000E+00
    6417   1.0000000000E+00
    6418   1.0000000000E+00
    6419   1.0000000000E+00
    6420   1.0000000000E+00
    6421   1.0000000000E+00
    6422   1.0000000000E+00
    6423   1.0000000000E+00
    6424   1.0000000000E+00
    6425   1.0000000000E+00
    6426   1.0000000000E+00
    6427   1.0000000000E+00
    6428   1.0000000000E+00
    6429   1.0000000000E+00
    6430   1.0000000000E+00
    6431   1.0000000000E+00
    6432   1.0000000000E+00
    6433   1.0000000000E+00
    6434   1.0000000000E+00
    6435   1.0000000000E+00
    6436   1.0000000000E+00
    6437   1.0000000000E+00
    6438   1.0000000000E+00
    6439   1.0000000000E+00
    6440   1.0000000000E+00
    6441   1.0000000000E+00
    6442   1.0000000000E+00
    6443   1.0000000000E+00
    6444   1.0000000000E+00
    6445   1.0000000000E+00
    6446   1.0000000000E+00
    6447   1.0000000000E+00
    6448   1.0000000000E+00
    6449   1.0000000000E+00
    6450   1.0000000000E+00
    6451   1.0000000000E+00
    6452   1.0000000000E+00
    6453   1.0000000000E+00
    6454   1.0000000000E+00
    6455   1.0000000000E+00
    6456   1.0000000000E+00
    6457   1.0000000000E+00
    6458   1.0000000000E+00
    6459   1.0000000000E+00
    6460   1.0000000000E+00
    6461   1.0000000000E+00
    6462   1.0000000000E+00
    6463   1.0000000000E+00
    6464   1.0000000000E+00
    6465   1.0000000000E+00
    6466   1.0000000000E+00
    6467   1.0000000000E+00
    6468   1.0000000000E+00
    6469   1.0000000000E+00
    6470   1.0000000000E+00
    6471   1.0000000000E+00
    6472   1.0000000000E+00
    6473   1.0000000000E+00
    6474   1.0000000000E+00
    6475   1.0000000000E+00
    6476   1.0000000000E+00
    6477   1.0000000000E+00
    6478   1.0000000000E+00
    6479   1.0000000000E+00
    6480   1.0000000000E+00
    6481   1.0000000000E+00
    6482   1.0000000000E+00
    6483   1.0000000000E+00
    6484   1.0000000000E+00
    6485   1.0000000000E+00
    6486   1.0000000000E+00
    6487   1.0000000000E+00
    6488   1.0000000000E+00
    6489   1.0000000000E+00
    6490   1.0000000000E+00
    6491   1.0000000000E+00
    6492   1.0000000000E+00
    6493   1.0000000000E+00
    6494   1.0000000000E+00
    6495   1.0000000000E+00
    6496   1.0000000000E+00
    6497   1.0000000000E+00
    6498   1.0000000000E+00
    6499   1.0000000000E+00
    6500   1.0000000000E+00
    6501   1.0000000000E+00
    6502   1.0000000000E+00
    6503   1.0000000000E+00
    6504   1.0000000000E+00
    6505   1.0000000000E+00
    6506   1.0000000000E+00
    6507   1.0000000000E+00
    6508   1.0000000000E+00
    6509   1.0000000000E+00
    6510   1.0000000000E+00
    6511   1.0000000000E+00
    6512   1.0000000000E+00
    6513   1.0000000000E+00
    6514   1.0000000000E+00
    6515   1.0000000000E+00
    6516   1.0000000000E+00
    6517   1.0000000000E+00
    6518   1.0000000000E+00
    6519   1.0000000000E+00
    6520   1.0000000000E+00
    6521   1.0000000000E+00
    6522   1.0000000000E+00
    6523   1.0000000000E+00
    6524   1.0000000000E+00
    6525   1.0000000000E+00
    6526   1.0000000000E+00
    6527   1.0000000000E+00
    6528   1.0000000000E+00
    6529   1.0000000000E+00
    6530   1.0000000000E+00
    6531   1.0000000000E+00
    6532   1.0000000000E+00
    6533   1.0000000000E+00
    6534   1.0000000000E+00
    6535   1.0000000000E+00
    6536   1.0000000000E+00
    6537   1.0000000000E+00
    6538   1.0000000000E+00
    6539   1.0000000000E+00
    6540   1.0000000000E+00
    6541   1.0000000000E+00
    6542   1.0000000000E+00
    6543   1.0000000000E+00
    6544   1.0000000000E+00
    6545   1.0000000000E+00
    6546   1.0000000000E+00
    6547   1.0000000000E+00
    6548   1.0000000000E+00
    6549   1.0000000000E+00
    6550   1.0000000000E+00
    6551   1.0000000000E+00
    6552   1.0000000000E+00
    6553   1.0000000000E+00
    6554   1.0000000000E+00
    6555   1.0000000000E+00
    6556   1.0000000000E+00
    6557   1.0000000000E+00
    6558   1.0000000000E+00
    6559   1.0000000000E+00
    6560   1.0000000000E+00
    6561   1.0000000000E+00
    6562   1.0000000000E+00
    6563   1.0000000000E+00
    6564   1.0000000000E+00
    6565   1.0000000000E+00
    6566   1.0000000000E+00
    6567   1.0000000000E+00
    6568   1.0000000000E+00
    6569   1.0000000000E+00
    6570   1.0000000000E+00
    6571   1.0000000000E+00
    6572   1.0000000000E+00
    6573   1.0000000000E+00
    6574   1.0000000000E+00
    6575   1.0000000000E+00
    6576   1.0000000000E+00
    6577   1.0000000000E+00
    6578   1.0000000000E+00
    6579   1.0000000000E+00
    6580   1.0000000000E+00
    6581   1.0000000000E+00
    6582   1.0000000000E+00
    6583   1.0000000000E+00
    6584   1.0000000000E+00
    6585   1.0000000000E+00
    6586   1.0000000000E+00
    6587   1.0000000000E+00
    6588   1.0000000000E+00
    6589   1.0000000000E+00
    6590   1.0000000000E+00
    6591   1.0000000000E+00
    6592   1.0000000000E+00
    6593   1.0000000000E+00
    6594   1.0000000000E+00
    6595   1.0000000000E+00
    6596   1.0000000000E+00
    6597   1.0000000000E+00
    6598   1.0000000000E+00
    6599   1.0000000000E+00
    6600   1.0000000000E+00
    6601   1.0000000000E+00
    6602   1.0000000000E+00
    6603   1.0000000000E+00
    6604   1.0000000000E+00
    6605   1.0000000000E+00
    6606   1.0000000000E+00
    6607   1.0000000000E+00
    6608   1.0000000000E+00
    6609   1.0000000000E+00
    6610   1.0000000000E+00
    6611   1.0000000000E+00
    6612   1.0000000000E+00
    6613   1.0000000000E+00
    6614   1.0000000000E+00
    6615   1.0000000000E+00
    6616   1.0000000000E+00
    6617   1.0000000000E+00
    6618   1.0000000000E+00
    6619   1.0000000000E+00
    6620   1.0000000000E+00
    6621   1.0000000000E+00
    6622   1.0000000000E+00
    6623   1.0000000000E+00
    6624   1.0000000000E+00
    6625   1.0000000000E+00
    6626   1.0000000000E+00
    6627   1.0000000000E+00
    6628   1.0000000000E+00
    6629   1.0000000000E+00
    6630   1.0000000000E+00
    6631   1.0000000000E+00
    6632   1.0000000000E+00
    6633   1.0000000000E+00
    6634   1.0000000000E+00
    6635   1.0000000000E+00
    6636   1.0000000000E+00
    6637   1.0000000000E+00
    6638   1.0000000000E+00
    6639   1.0000000000E+00
    6640   1.0000000000E+00
    6641   1.0000000000E+00
    6642   1.0000000000E+00
    6643   1.0000000000E+00
    6644   1.0000000000E+00
    6645   1.0000000000E+00
    6646   1.0000000000E+00
    6647   1.0000000000E+00
    6648   1.0000000000E+00
    6649   1.0000000000E+00
    6650   1.0000000000E+00
    6651   1.0000000000E+00
    6652   1.0000000000E+00
    6653   1.0000000000E+00
    6654   1.0000000000E+00
    6655   1.0000000000E+00
    6656   1.0000000000E+00
    6657   1.0000000000E+00
    6658   1.0000000000E+00
    6659   1.0000000000E+00
    6660   1.0000000000E+00
    6661   1.0000000000E+00
    6662   1.0000000000E+00
    6663   1.0000000000E+00
    6664   1.0000000000E+00
    6665   1.0000000000E+00
    6666   1.0000000000E+00
    6667   1.0000000000E+00
    6668   1.0000000000E+00
    6669   1.0000000000E+00
    6670   1.0000000000E+00
    6671   1.0000000000E+00
    6672   1.0000000000E+00
    6673   1.0000000000E+00
    6674   1.0000000000E+00
    6675   1.0000000000E+00
    6676   1.0000000000E+00
    6677   1.0000000000E+00
    6678   1.0000000000E+00
    6679   1.0000000000E+00
    6680   1.0000000000E+00
    6681   1.0000000000E+00
    6682   1.0000000000E+00
    6683   1.0000000000E+00
    6684   1.0000000000E+00
    6685   1.0000000000E+00
    6686   1.0000000000E+00
    6687   1.0000000000E+00
    6688   1.0000000000E+00
    6689   1.0000000000E+00
    6690   1.0000000000E+00
    6691   1.0000000000E+00
    6692   1.0000000000E+00
    6693   1.0000000000E+00
    6694   1.0000000000E+00
    6695   1.0000000000E+00
    6696   1.0000000000E+00
    6697   1.0000000000E+00
    6698   1.0000000000E+00
    6699   1.0000000000E+00
    6700   1.0000000000E+00
    6701   1.0000000000E+00
    6702   1.0000000000E+00
    6703   1.0000000000E+00
    6704   1.0000000000E+00
    6705   1.0000000000E+00
    6706   1.0000000000E+00
    6707   1.0000000000E+00
    6708   1.0000000000E+00
    6709   1.0000000000E+00
    6710   1.0000000000E+00
    6711   1.0000000000E+00
    6712   1.0000000000E+00
    6713   1.0000000000E+00
    6714   1.0000000000E+00
    6715   1.0000000000E+00
    6716   1.0000000000E+00
    6717   1.0000000000E+00
    6718   1.0000000000E+00
    6719   1.0000000000E+00
    6720   1.0000000000E+00
    6721   1.0000000000E+00
    6722   1.0000000000E+00
    6723   1.0000000000E+00
    6724   1.0000000000E+00
    6725   1.0000000000E+00
    6726   1.0000000000E+00
    6727   1.0000000000E+00
    6728   1.0000000000E+00
    6729   1.0000000000E+00
    6730   1.0000000000E+00
    6731   1.0000000000E+00
    6732   1.0000000000E+00
    6733   1.0000000000E+00
    6734   1.0000000000E+00
    6735   1.0000000000E+00
    6736   1.0000000000E+00
    6737   1.0000000000E+00
    6738   1.0000000000E+00
    6739   1.0000000000E+00
    6740   1.0000000000E+00
    6741   1.0000000000E+00
    6742   1.0000000000E+00
    6743   1.0000000000E+00
    6744   1.0000000000E+00
    6745   1.0000000000E+00
    6746   1.0000000000E+00
    6747   1.0000000000E+00
    6748   1.0000000000E+00
    6749   1.0000000000E+00
    6750   1.0000000000E+00
    6751   1.0000000000E+00
    6752   1.0000000000E+00
    6753   1.0000000000E+00
    6754   1.0000000000E+00
    6755   1.0000000000E+00
    6756   1.0000000000E+00
    6757   1.0000000000E+00
    6758   1.0000000000E+00
    6759   1.0000000000E+00
    6760   1.0000000000E+00
    6761   1.0000000000E+00
    6762   1.0000000000E+00
    6763   1.0000000000E+00
    6764   1.0000000000E+00
    6765   1.0000000000E+00
    6766   1.0000000000E+00
    6767   1.0000000000E+00
    6768   1.0000000000E+00
    6769   1.0000000000E+00
    6770   1.0000000000E+00
    6771   1.0000000000E+00
    6772   1.0000000000E+00
    6773   1.0000000000E+00
    6774   1.0000000000E+00
    6775   1.0000000000E+00
    6776   1.0000000000E+00
    6777   1.0000000000E+00
    6778   1.0000000000E+00
    6779   1.0000000000E+00
    6780   1.0000000000E+00
    6781   1.0000000000E+00
    6782   1.0000000000E+00
    6783   1.0000000000E+00
    6784   1.0000000000E+00
    6785   1.0000000000E+00
    6786   1.0000000000E+00
    6787   1.0000000000E+00
    6788   1.0000000000E+00
    6789   1.0000000000E+00
    6790   1.0000000000E+00
    6791   1.0000000000E+00
    6792   1.0000000000E+00
    6793   1.0000000000E+00
    6794   1.0000000000E+00
    6795   1.0000000000E+00
    6796   1.0000000000E+00
    6797   1.0000000000E+00
    6798   1.0000000000E+00
    6799   1.0000000000E+00
    6800   1.0000000000E+00
    6801   1.0000000000E+00
    6802   1.0000000000E+00
    6803   1.0000000000E+00
    6804   1.0000000000E+00
    6805   1.0000000000E+00
    6806   1.0000000000E+00
    6807   1.0000000000E+00
    6808   1.0000000000E+00
    6809   1.0000000000E+00
    6810   1.0000000000E+00
    6811   1.0000000000E+00
    6812   1.0000000000E+00
    6813   1.0000000000E+00
    6814   1.0000000000E+00
    6815   1.0000000000E+00
    6816   1.0000000000E+00
    6817   1.0000000000E+00
    6818   1.0000000000E+00
    6819   1.0000000000E+00
    6820   1.0000000000E+00
    6821   1.0000000000E+00
    6822   1.0000000000E+00
    6823   1.0000000000E+00
    6824   1.0000000000E+00
    6825   1.0000000000E+00
    6826   1.0000000000E+00
    6827   1.0000000000E+00
    6828   1.0000000000E+00
    6829   1.0000000000E+00
    6830   1.0000000000E+00
    6831   1.0000000000E+00
    6832   1.0000000000E+00
    6833   1.0000000000E+00
    6834   1.0000000000E+00
    6835   1.0000000000E+00
    6836   1.0000000000E+00
    6837   1.0000000000E+00
    6838   1.0000000000E+00
    6839   1.0000000000E+00
    6840   1.0000000000E+00
    6841   1.0000000000E+00
    6842   1.0000000000E+00
    6843   1.0000000000E+00
    6844   1.0000000000E+00
    6845   1.0000000000E+00
    6846   1.0000000000E+00
    6847   1.0000000000E+00
    6848   1.0000000000E+00
    6849   1.0000000000E+00
    6850   1.0000000000E+00
    6851   1.0000000000E+00
    6852   1.0000000000E+00
    6853   1.0000000000E+00
    6854   1.0000000000E+00
    6855   1.0000000000E+00
    6856   1.0000000000E+00
    6857   1.0000000000E+00
    6858   1.0000000000E+00
    6859   1.0000000000E+00
    6860   1.0000000000E+00
    6861   1.0000000000E+00
    6862   1.0000000000E+00
    6863   1.0000000000E+00
    6864   1.0000000000E+00
    6865   1.0000000000E+00
    6866   1.0000000000E+00
    6867   1.0000000000E+00
    6868   1.0000000000E+00
    6869   1.0000000000E+00
    6870   1.0000000000E+00
    6871   1.0000000000E+00
    6872   1.0000000000E+00
    6873   1.0000000000E+00
    6874   1.0000000000E+00
    6875   1.0000000000E+00
    6876   1.0000000000E+00
    6877   1.0000000000E+00
    6878   1.0000000000E+00
    6879   1.0000000000E+00
    6880   1.0000000000E+00
    6881   1.0000000000E+00
    6882   1.0000000000E+00
    6883   1.0000000000E+00
    6884   1.0000000000E+00
    6885   1.0000000000E+00
    6886   1.0000000000E+00
    6887   1.0000000000E+00
    6888   1.0000000000E+00
    6889   1.0000000000E+00
    6890   1.0000000000E+00
    6891   1.0000000000E+00
    6892   1.0000000000E+00
    6893   1.0000000000E+00
    6894   1.0000000000E+00
    6895   1.0000000000E+00
    6896   1.0000000000E+00
    6897   1.0000000000E+00
    6898   1.0000000000E+00
    6899   1.0000000000E+00
    6900   1.0000000000E+00
    6901   1.0000000000E+00
    6902   1.0000000000E+00
    6903   1.0000000000E+00
    6904   1.0000000000E+00
    6905   1.0000000000E+00
    6906   1.0000000000E+00
    6907   1.0000000000E+00
    6908   1.0000000000E+00
    6909   1.0000000000E+00
    6910   1.0000000000E+00
    6911   1.0000000000E+00
    6912   1.0000000000E+00
    6913   1.0000000000E+00
    6914   1.0000000000E+00
    6915   1.0000000000E+00
    6916   1.0000000000E+00
    6917   1.0000000000E+00
    6918   1.0000000000E+00
    6919   1.0000000000E+00
    6920   1.0000000000E+00
    6921   1.0000000000E+00
    6922   1.0000000000E+00
    6923   1.0000000000E+00
    6924   1.0000000000E+00
    6925   1.0000000000E+00
    6926   1.0000000000E+00
    6927   1.0000000000E+00
    6928   1.0000000000E+00
    6929   1.0000000000E+00
    6930   1.0000000000E+00
    6931   1.0000000000E+00
    6932   1.0000000000E+00
    6933   1.0000000000E+00
    6934   1.0000000000E+00
    6935   1.0000000000E+00
    6936   1.0000000000E+00
    6937   1.0000000000E+00
    6938   1.0000000000E+00
    6939   1.0000000000E+00
    6940   1.0000000000E+00
    6941   1.0000000000E+00
    6942   1.0000000000E+00
    6943   1.0000000000E+00
    6944   1.0000000000E+00
    6945   1.0000000000E+00
    6946   1.0000000000E+00
    6947   1.0000000000E+00
    6948   1.0000000000E+00
    6949   1.0000000000E+00
    6950   1.0000000000E+00
    6951   1.0000000000E+00
    6952   1.0000000000E+00
    6953   1.0000000000E+00
    6954   1.0000000000E+00
    6955   1.0000000000E+00
    6956   1.0000000000E+00
    6957   1.0000000000E+00
    6958   1.0000000000E+00
    6959   1.0000000000E+00
    6960   1.0000000000E+00
    6961   1.0000000000E+00
    6962   1.0000000000E+00
    6963   1.0000000000E+00
    6964   1.0000000000E+00
    6965   1.0000000000E+00
    6966   1.0000000000E+00
    6967   1.0000000000E+00
    6968   1.0000000000E+00
    6969   1.0000000000E+00
    6970   1.0000000000E+00
    6971   1.0000000000E+00
    6972   1.0000000000E+00
    6973   1.0000000000E+00
    6974   1.0000000000E+00
    6975   1.0000000000E+00
    6976   1.0000000000E+00
    6977   1.0000000000E+00
    6978   1.0000000000E+00
    6979   1.0000000000E+00
    6980   1.0000000000E+00
    6981   1.0000000000E+00
    6982   1.0000000000E+00
    6983   1.0000000000E+00
    6984   1.0000000000E+00
    6985   1.0000000000E+00
    6986   1.0000000000E+00
    6987   1.0000000000E+00
    6988   1.0000000000E+00
    6989   1.0000000000E+00
    6990   1.0000000000E+00
    6991   1.0000000000E+00
    6992   1.0000000000E+00
    6993   1.0000000000E+00
    6994   1.0000000000E+00
    6995   1.0000000000E+00
    6996   1.0000000000E+00
    6997   1.0000000000E+00
    6998   1.0000000000E+00
    6999   1.0000000000E+00
    7000   1.0000000000E+00
    7001   1.0000000000E+00
    7002   1.0000000000E+00
    7003   1.0000000000E+00
    7004   1.0000000000E+00
    7005   1.0000000000E+00
    7006   1.0000000000E+00
    7007   1.0000000000E+00
    7008   1.0000000000E+00
    7009   1.0000000000E+00
    7010   1.0000000000E+00
    7011   1.0000000000E+00
    7012   1.0000000000E+00
    7013   1.0000000000E+00
    7014   1.0000000000E+00
    7015   1.0000000000E+00
    7016   1.0000000000E+00
    7017   1.0000000000E+00
    7018   1.0000000000E+00
    7019   1.0000000000E+00
    7020   1.0000000000E+00
    7021   1.0000000000E+00
    7022   1.0000000000E+00
    7023   1.0000000000E+00
    7024   1.0000000000E+00
    7025   1.0000000000E+00
    7026   1.0000000000E+00
    7027   1.0000000000E+00
    7028   1.0000000000E+00
    7029   1.0000000000E+00
    7030   1.0000000000E+00
    7031   1.0000000000E+00
    7032   1.0000000000E+00
    7033   1.0000000000E+00
    7034   1.0000000000E+00
    7035   1.0000000000E+00
    7036   1.0000000000E+00
    7037   1.0000000000E+00
    7038   1.0000000000E+00
    7039   1.0000000000E+00
    7040   1.0000000000E+00
    7041   1.0000000000E+00
    7042   1.0000000000E+00
    7043   1.0000000000E+00
    7044   1.0000000000E+00
    7045   1.0000000000E+00
    7046   1.0000000000E+00
    7047   1.0000000000E+00
    7048   1.0000000000E+00
    7049   1.0000000000E+00
    7050   1.0000000000E+00
    7051   1.0000000000E+00
    7052   1.0000000000E+00
    7053   1.0000000000E+00
    7054   1.0000000000E+00
    7055   1.0000000000E+00
    7056   1.0000000000E+00
    7057   1.0000000000E+00
    7058   1.0000000000E+00
    7059   1.0000000000E+00
    7060   1.0000000000E+00
    7061   1.0000000000E+00
    7062   1.0000000000E+00
    7063   1.0000000000E+00
    7064   1.0000000000E+00
    7065   1.0000000000E+00
    7066   1.0000000000E+00
    7067   1.0000000000E+00
    7068   1.0000000000E+00
    7069   1.0000000000E+00
    7070   1.0000000000E+00
    7071   1.0000000000E+00
    7072   1.0000000000E+00
    7073   1.0000000000E+00
    7074   1.0000000000E+00
    7075   1.0000000000E+00
    7076   1.0000000000E+00
    7077   1.0000000000E+00
    7078   1.0000000000E+00
    7079   1.0000000000E+00
    7080   1.0000000000E+00
    7081   1.0000000000E+00
    7082   1.0000000000E+00
    7083   1.0000000000E+00
    7084   1.0000000000E+00
    7085   1.0000000000E+00
    7086   1.0000000000E+00
    7087   1.0000000000E+00
    7088   1.0000000000E+00
    7089   1.0000000000E+00
    7090   1.0000000000E+00
    7091   1.0000000000E+00
    7092   1.0000000000E+00
    7093   1.0000000000E+00
    7094   1.0000000000E+00
    7095   1.0000000000E+00
    7096   1.0000000000E+00
    7097   1.0000000000E+00
    7098   1.0000000000E+00
    7099   1.0000000000E+00
    7100   1.0000000000E+00
    7101   1.0000000000E+00
    7102   1.0000000000E+00
    7103   1.0000000000E+00
    7104   1.0000000000E+00
    7105   1.0000000000E+00
    7106   1.0000000000E+00
    7107   1.0000000000E+00
    7108   1.0000000000E+00
    7109   1.0000000000E+00
    7110   1.0000000000E+00
    7111   1.0000000000E+00
    7112   1.0000000000E+00
    7113   1.0000000000E+00
    7114   1.0000000000E+00
    7115   1.0000000000E+00
    7116   1.0000000000E+00
    7117   1.0000000000E+00
    7118   1.0000000000E+00
    7119   1.0000000000E+00
    7120   1.0000000000E+00
    7121   1.0000000000E+00
    7122   1.0000000000E+00
    7123   1.0000000000E+00
    7124   1.0000000000E+00
    7125   1.0000000000E+00
    7126   1.0000000000E+00
    7127   1.0000000000E+00
    7128   1.0000000000E+00
    7129   1.0000000000E+00
    7130   1.0000000000E+00
    7131   1.0000000000E+00
    7132   1.0000000000E+00
    7133   1.0000000000E+00
    7134   1.0000000000E+00
    7135   1.0000000000E+00
    7136   1.0000000000E+00
    7137   1.0000000000E+00
    7138   1.0000000000E+00
    7139   1.0000000000E+00
    7140   1.0000000000E+00
    7141   1.0000000000E+00
    7142   1.0000000000E+00
    7143   1.0000000000E+00
    7144   1.0000000000E+00
    7145   1.0000000000E+00
    7146   1.0000000000E+00
    7147   1.0000000000E+00
    7148   1.0000000000E+00
    7149   1.0000000000E+00
    7150   1.0000000000E+00
    7151   1.0000000000E+00
    7152   1.0000000000E+00
    7153   1.0000000000E+00
    7154   1.0000000000E+00
    7155   1.0000000000E+00
    7156   1.0000000000E+00
    7157   1.0000000000E+00
    7158   1.0000000000E+00
    7159   1.0000000000E+00
    7160   1.0000000000E+00
    7161   1.0000000000E+00
    7162   1.0000000000E+00
    7163   1.0000000000E+00
    7164   1.0000000000E+00
    7165   1.0000000000E+00
    7166   1.0000000000E+00
    7167   1.0000000000E+00
    7168   1.0000000000E+00
    7169   1.0000000000E+00
    7170   1.0000000000E+00
    7171   1.0000000000E+00
    7172   1.0000000000E+00
    7173   1.0000000000E+00
    7174   1.0000000000E+00
    7175   1.0000000000E+00
    7176   1.0000000000E+00
    7177   1.0000000000E+00
    7178   1.0000000000E+00
    7179   1.0000000000E+00
    7180   1.0000000000E+00
    7181   1.0000000000E+00
    7182   1.0000000000E+00
    7183   1.0000000000E+00
    7184   1.0000000000E+00
    7185   1.0000000000E+00
    7186   1.0000000000E+00
    7187   1.0000000000E+00
    7188   1.0000000000E+00
    7189   1.0000000000E+00
    7190   1.0000000000E+00
    7191   1.0000000000E+00
    7192   1.0000000000E+00
    7193   1.0000000000E+00
    7194   1.0000000000E+00
    7195   1.0000000000E+00
    7196   1.0000000000E+00
    7197   1.0000000000E+00
    7198   1.0000000000E+00
    7199   1.0000000000E+00
    7200   1.0000000000E+00
    7201   1.0000000000E+00
    7202   1.0000000000E+00
    7203   1.0000000000E+00
    7204   1.0000000000E+00
    7205   1.0000000000E+00
    7206   1.0000000000E+00
    7207   1.0000000000E+00
    7208   1.0000000000E+00
    7209   1.0000000000E+00
    7210   1.0000000000E+00
    7211   1.0000000000E+00
    7212   1.0000000000E+00
    7213   1.0000000000E+00
    7214   1.0000000000E+00
    7215   1.0000000000E+00
    7216   1.0000000000E+00
    7217   1.0000000000E+00
    7218   1.0000000000E+00
    7219   1.0000000000E+00
    7220   1.0000000000E+00
    7221   1.0000000000E+00
    7222   1.0000000000E+00
    7223   1.0000000000E+00
    7224   1.0000000000E+00
    7225   1.0000000000E+00
    7226   1.0000000000E+00
    7227   1.0000000000E+00
    7228   1.0000000000E+00
    7229   1.0000000000E+00
    7230   1.0000000000E+00
    7231   1.0000000000E+00
    7232   1.0000000000E+00
    7233   1.0000000000E+00
    7234   1.0000000000E+00
    7235   1.0000000000E+00
    7236   1.0000000000E+00
    7237   1.0000000000E+00
    7238   1.0000000000E+00
    7239   1.0000000000E+00
    7240   1.0000000000E+00
    7241   1.0000000000E+00
    7242   1.0000000000E+00
    7243   1.0000000000E+00
    7244   1.0000000000E+00
    7245   1.0000000000E+00
    7246   1.0000000000E+00
    7247   1.0000000000E+00
    7248   1.0000000000E+00
    7249   1.0000000000E+00
    7250   1.0000000000E+00
    7251   1.0000000000E+00
    7252   1.0000000000E+00
    7253   1.0000000000E+00
    7254   1.0000000000E+00
    7255   1.0000000000E+00
    7256   1.0000000000E+00
    7257   1.0000000000E+00
    7258   1.0000000000E+00
    7259   1.0000000000E+00
    7260   1.0000000000E+00
    7261   1.0000000000E+00
    7262   1.0000000000E+00
    7263   1.0000000000E+00
    7264   1.0000000000E+00
    7265   1.0000000000E+00
    7266   1.0000000000E+00
    7267   1.0000000000E+00
    7268   1.0000000000E+00
    7269   1.0000000000E+00
    7270   1.0000000000E+00
    7271   1.0000000000E+00
    7272   1.0000000000E+00
    7273   1.0000000000E+00
    7274   1.0000000000E+00
    7275   1.0000000000E+00
    7276   1.0000000000E+00
    7277   1.0000000000E+00
    7278   1.0000000000E+00
    7279   1.0000000000E+00
    7280   1.0000000000E+00
    7281   1.0000000000E+00
    7282   1.0000000000E+00
    7283   1.0000000000E+00
    7284   1.0000000000E+00
    7285   1.0000000000E+00
    7286   1.0000000000E+00
    7287   1.0000000000E+00
    7288   1.0000000000E+00
    7289   1.0000000000E+00
    7290   1.0000000000E+00
    7291   1.0000000000E+00
    7292   1.0000000000E+00
    7293   1.0000000000E+00
    7294   1.0000000000E+00
    7295   1.0000000000E+00
    7296   1.0000000000E+00
    7297   1.0000000000E+00
    7298   1.0000000000E+00
    7299   1.0000000000E+00
    7300   1.0000000000E+00
    7301   1.0000000000E+00
    7302   1.0000000000E+00
    7303   1.0000000000E+00
    7304   1.0000000000E+00
    7305   1.0000000000E+00
    7306   1.0000000000E+00
    7307   1.0000000000E+00
    7308   1.0000000000E+00
    7309   1.0000000000E+00
    7310   1.0000000000E+00
    7311   1.0000000000E+00
    7312   1.0000000000E+00
    7313   1.0000000000E+00
    7314   1.0000000000E+00
    7315   1.0000000000E+00
    7316   1.0000000000E+00
    7317   1.0000000000E+00
    7318   1.0000000000E+00
    7319   1.0000000000E+00
    7320   1.0000000000E+00
    7321   1.0000000000E+00
    7322   1.0000000000E+00
    7323   1.0000000000E+00
    7324   1.0000000000E+00
    7325   1.0000000000E+00
    7326   1.0000000000E+00
    7327   1.0000000000E+00
    7328   1.0000000000E+00
    7329   1.0000000000E+00
    7330   1.0000000000E+00
    7331   1.0000000000E+00
    7332   1.0000000000E+00
    7333   1.0000000000E+00
    7334   1.0000000000E+00
    7335   1.0000000000E+00
    7336   1.0000000000E+00
    7337   1.0000000000E+00
    7338   1.0000000000E+00
    7339   1.0000000000E+00
    7340   1.0000000000E+00
    7341   1.0000000000E+00
    7342   1.0000000000E+00
    7343   1.0000000000E+00
    7344   1.0000000000E+00
    7345   1.0000000000E+00
    7346   1.0000000000E+00
    7347   1.0000000000E+00
    7348   1.0000000000E+00
    7349   1.0000000000E+00
    7350   1.0000000000E+00
    7351   1.0000000000E+00
    7352   1.0000000000E+00
    7353   1.0000000000E+00
    7354   1.0000000000E+00
    7355   1.0000000000E+00
    7356   1.0000000000E+00
    7357   1.0000000000E+00
    7358   1.0000000000E+00
    7359   1.0000000000E+00
    7360   1.0000000000E+00
    7361   1.0000000000E+00
    7362   1.0000000000E+00
    7363   1.0000000000E+00
    7364   1.0000000000E+00
    7365   1.0000000000E+00
    7366   1.0000000000E+00
    7367   1.0000000000E+00
    7368   1.0000000000E+00
    7369   1.0000000000E+00
    7370   1.0000000000E+00
    7371   1.0000000000E+00
    7372   1.0000000000E+00
    7373   1.0000000000E+00
    7374   1.0000000000E+00
    7375   1.0000000000E+00
    7376   1.0000000000E+00
    7377   1.0000000000E+00
    7378   1.0000000000E+00
    7379   1.0000000000E+00
    7380   1.0000000000E+00
    7381   1.0000000000E+00
    7382   1.0000000000E+00
    7383   1.0000000000E+00
    7384   1.0000000000E+00
    7385   1.0000000000E+00
    7386   1.0000000000E+00
    7387   1.0000000000E+00
    7388   1.0000000000E+00
    7389   1.0000000000E+00
    7390   1.0000000000E+00
    7391   1.0000000000E+00
    7392   1.0000000000E+00
    7393   1.0000000000E+00
    7394   1.0000000000E+00
    7395   1.0000000000E+00
    7396   1.0000000000E+00
    7397   1.0000000000E+00
    7398   1.0000000000E+00
    7399   1.0000000000E+00
    7400   1.0000000000E+00
    7401   1.0000000000E+00
    7402   1.0000000000E+00
    7403   1.0000000000E+00
    7404   1.0000000000E+00
    7405   1.0000000000E+00
    7406   1.0000000000E+00
    7407   1.0000000000E+00
    7408   1.0000000000E+00
    7409   1.0000000000E+00
    7410   1.0000000000E+00
    7411   1.0000000000E+00
    7412   1.0000000000E+00
    7413   1.0000000000E+00
    7414   1.0000000000E+00
    7415   1.0000000000E+00
    7416   1.0000000000E+00
    7417   1.0000000000E+00
    7418   1.0000000000E+00
    7419   1.0000000000E+00
    7420   1.0000000000E+00
    7421   1.0000000000E+00
    7422   1.0000000000E+00
    7423   1.0000000000E+00
    7424   1.0000000000E+00
    7425   1.0000000000E+00
    7426   1.0000000000E+00
    7427   1.0000000000E+00
    7428   1.0000000000E+00
    7429   1.0000000000E+00
    7430   1.0000000000E+00
    7431   1.0000000000E+00
    7432   1.0000000000E+00
    7433   1.0000000000E+00
    7434   1.0000000000E+00
    7435   1.0000000000E+00
    7436   1.0000000000E+00
    7437   1.0000000000E+00
    7438   1.0000000000E+00
    7439   1.0000000000E+00
    7440   1.0000000000E+00
    7441   1.0000000000E+00
    7442   1.0000000000E+00
    7443   1.0000000000E+00
    7444   1.0000000000E+00
    7445   1.0000000000E+00
    7446   1.0000000000E+00
    7447   1.0000000000E+00
    7448   1.0000000000E+00
    7449   1.0000000000E+00
    7450   1.0000000000E+00
    7451   1.0000000000E+00
    7452   1.0000000000E+00
    7453   1.0000000000E+00
    7454   1.0000000000E+00
    7455   1.0000000000E+00
    7456   1.0000000000E+00
    7457   1.0000000000E+00
    7458   1.0000000000E+00
    7459   1.0000000000E+00
    7460   1.0000000000E+00
    7461   1.0000000000E+00
    7462   1.0000000000E+00
    7463   1.0000000000E+00
    7464   1.0000000000E+00
    7465   1.0000000000E+00
    7466   1.0000000000E+00
    7467   1.0000000000E+00
    7468   1.0000000000E+00
    7469   1.0000000000E+00
    7470   1.0000000000E+00
    7471   1.0000000000E+00
    7472   1.0000000000E+00
    7473   1.0000000000E+00
    7474   1.0000000000E+00
    7475   1.0000000000E+00
    7476   1.0000000000E+00
    7477   1.0000000000E+00
    7478   1.0000000000E+00
    7479   1.0000000000E+00
    7480   1.0000000000E+00
    7481   1.0000000000E+00
    7482   1.0000000000E+00
    7483   1.0000000000E+00
    7484   1.0000000000E+00
    7485   1.0000000000E+00
    7486   1.0000000000E+00
    7487   1.0000000000E+00
    7488   1.0000000000E+00
    7489   1.0000000000E+00
    7490   1.0000000000E+00
    7491   1.0000000000E+00
    7492   1.0000000000E+00
    7493   1.0000000000E+00
    7494   1.0000000000E+00
    7495   1.0000000000E+00
    7496   1.0000000000E+00
    7497   1.0000000000E+00
    7498   1.0000000000E+00
    7499   1.0000000000E+00
    7500   1.0000000000E+00
    7501   1.0000000000E+00
    7502   1.0000000000E+00
    7503   1.0000000000E+00
    7504   1.0000000000E+00
    7505   1.0000000000E+00
    7506   1.0000000000E+00
    7507   1.0000000000E+00
    7508   1.0000000000E+00
    7509   1.0000000000E+00
    7510   1.0000000000E+00
    7511   1.0000000000E+00
    7512   1.0000000000E+00
    7513   1.0000000000E+00
    7514   1.0000000000E+00
    7515   1.0000000000E+00
    7516   1.0000000000E+00
    7517   1.0000000000E+00
    7518   1.0000000000E+00
    7519   1.0000000000E+00
    7520   1.0000000000E+00
    7521   1.0000000000E+00
    7522   1.0000000000E+00
    7523   1.0000000000E+00
    7524   1.0000000000E+00
    7525   1.0000000000E+00
    7526   1.0000000000E+00
    7527   1.0000000000E+00
    7528   1.0000000000E+00
    7529   1.0000000000E+00
    7530   1.0000000000E+00
    7531   1.0000000000E+00
    7532   1.0000000000E+00
    7533   1.0000000000E+00
    7534   1.0000000000E+00
    7535   1.0000000000E+00
    7536   1.0000000000E+00
    7537   1.0000000000E+00
    7538   1.0000000000E+00
    7539   1.0000000000E+00
    7540   1.0000000000E+00
    7541   1.0000000000E+00
    7542   1.0000000000E+00
    7543   1.0000000000E+00
    7544   1.0000000000E+00
    7545   1.0000000000E+00
    7546   1.0000000000E+00
    7547   1.0000000000E+00
    7548   1.0000000000E+00
    7549   1.0000000000E+00
    7550   1.0000000000E+00
    7551   1.0000000000E+00
    7552   1.0000000000E+00
    7553   1.0000000000E+00
    7554   1.0000000000E+00
    7555   1.0000000000E+00
    7556   1.0000000000E+00
    7557   1.0000000000E+00
    7558   1.0000000000E+00
    7559   1.0000000000E+00
    7560   1.0000000000E+00
    7561   1.0000000000E+00
    7562   1.0000000000E+00
    7563   1.0000000000E+00
    7564   1.0000000000E+00
    7565   1.0000000000E+00
    7566   1.0000000000E+00
    7567   1.0000000000E+00
    7568   1.0000000000E+00
    7569   1.0000000000E+00
    7570   1.0000000000E+00
    7571   1.0000000000E+00
    7572   1.0000000000E+00
    7573   1.0000000000E+00
    7574   1.0000000000E+00
    7575   1.0000000000E+00
    7576   1.0000000000E+00
    7577   1.0000000000E+00
    7578   1.0000000000E+00
    7579   1.0000000000E+00
    7580   1.0000000000E+00
    7581   1.0000000000E+00
    7582   1.0000000000E+00
    7583   1.0000000000E+00
    7584   1.0000000000E+00
    7585   1.0000000000E+00
    7586   1.0000000000E+00
    7587   1.0000000000E+00
    7588   1.0000000000E+00
    7589   1.0000000000E+00
    7590   1.0000000000E+00
    7591   1.0000000000E+00
    7592   1.0000000000E+00
    7593   1.0000000000E+00
    7594   1.0000000000E+00
    7595   1.0000000000E+00
    7596   1.0000000000E+00
    7597   1.0000000000E+00
    7598   1.0000000000E+00
    7599   1.0000000000E+00
    7600   1.0000000000E+00
    7601   1.0000000000E+00
    7602   1.0000000000E+00
    7603   1.0000000000E+00
    7604   1.0000000000E+00
    7605   1.0000000000E+00
    7606   1.0000000000E+00
    7607   1.0000000000E+00
    7608   1.0000000000E+00
    7609   1.0000000000E+00
    7610   1.0000000000E+00
    7611   1.0000000000E+00
    7612   1.0000000000E+00
    7613   1.0000000000E+00
    7614   1.0000000000E+00
    7615   1.0000000000E+00
    7616   1.0000000000E+00
    7617   1.0000000000E+00
    7618   1.0000000000E+00
    7619   1.0000000000E+00
    7620   1.0000000000E+00
    7621   1.0000000000E+00
    7622   1.0000000000E+00
    7623   1.0000000000E+00
    7624   1.0000000000E+00
    7625   1.0000000000E+00
    7626   1.0000000000E+00
    7627   1.0000000000E+00
    7628   1.0000000000E+00
    7629   1.0000000000E+00
    7630   1.0000000000E+00
    7631   1.0000000000E+00
    7632   1.0000000000E+00
    7633   1.0000000000E+00
    7634   1.0000000000E+00
    7635   1.0000000000E+00
    7636   1.0000000000E+00
    7637   1.0000000000E+00
    7638   1.0000000000E+00
    7639   1.0000000000E+00
    7640   1.0000000000E+00
    7641   1.0000000000E+00
    7642   1.0000000000E+00
    7643   1.0000000000E+00
    7644   1.0000000000E+00
    7645   1.0000000000E+00
    7646   1.0000000000E+00
    7647   1.0000000000E+00
    7648   1.0000000000E+00
    7649   1.0000000000E+00
    7650   1.0000000000E+00
    7651   1.0000000000E+00
    7652   1.0000000000E+00
    7653   1.0000000000E+00
    7654   1.0000000000E+00
    7655   1.0000000000E+00
    7656   1.0000000000E+00
    7657   1.0000000000E+00
    7658   1.0000000000E+00
    7659   1.0000000000E+00
    7660   1.0000000000E+00
    7661   1.0000000000E+00
    7662   1.0000000000E+00
    7663   1.0000000000E+00
    7664   1.0000000000E+00
    7665   1.0000000000E+00
    7666   1.0000000000E+00
    7667   1.0000000000E+00
    7668   1.0000000000E+00
    7669   1.0000000000E+00
    7670   1.0000000000E+00
    7671   1.0000000000E+00
    7672   1.0000000000E+00
    7673   1.0000000000E+00
    7674   1.0000000000E+00
    7675   1.0000000000E+00
    7676   1.0000000000E+00
    7677   1.0000000000E+00
    7678   1.0000000000E+00
    7679   1.0000000000E+00
    7680   1.0000000000E+00
    7681   1.0000000000E+00
    7682   1.0000000000E+00
    7683   1.0000000000E+00
    7684   1.0000000000E+00
    7685   1.0000000000E+00
    7686   1.0000000000E+00
    7687   1.0000000000E+00
    7688   1.0000000000E+00
    7689   1.0000000000E+00
    7690   1.0000000000E+00
    7691   1.0000000000E+00
    7692   1.0000000000E+00
    7693   1.0000000000E+00
    7694   1.0000000000E+00
    7695   1.0000000000E+00
    7696   1.0000000000E+00
    7697   1.0000000000E+00
    7698   1.0000000000E+00
    7699   1.0000000000E+00
    7700   1.0000000000E+00
    7701   1.0000000000E+00
    7702   1.0000000000E+00
    7703   1.0000000000E+00
    7704   1.0000000000E+00
    7705   1.0000000000E+00
    7706   1.0000000000E+00
    7707   1.0000000000E+00
    7708   1.0000000000E+00
    7709   1.0000000000E+00
    7710   1.0000000000E+00
    7711   1.0000000000E+00
    7712   1.0000000000E+00
    7713   1.0000000000E+00
    7714   1.0000000000E+00
    7715   1.0000000000E+00
    7716   1.0000000000E+00
    7717   1.0000000000E+00
    7718   1.0000000000E+00
    7719   1.0000000000E+00
    7720   1.0000000000E+00
    7721   1.0000000000E+00
    7722   1.0000000000E+00
    7723   1.0000000000E+00
    7724   1.0000000000E+00
    7725   1.0000000000E+00
    7726   1.0000000000E+00
    7727   1.0000000000E+00
    7728   1.0000000000E+00
    7729   1.0000000000E+00
    7730   1.0000000000E+00
    7731   1.0000000000E+00
    7732   1.0000000000E+00
    7733   1.0000000000E+00
    7734   1.0000000000E+00
    7735   1.0000000000E+00
    7736   1.0000000000E+00
    7737   1.0000000000E+00
    7738   1.0000000000E+00
    7739   1.0000000000E+00
    7740   1.0000000000E+00
    7741   1.0000000000E+00
    7742   1.0000000000E+00
    7743   1.0000000000E+00
    7744   1.0000000000E+00
    7745   1.0000000000E+00
    7746   1.0000000000E+00
    7747   1.0000000000E+00
    7748   1.0000000000E+00
    7749   1.0000000000E+00
    7750   1.0000000000E+00
    7751   1.0000000000E+00
    7752   1.0000000000E+00
    7753   1.0000000000E+00
    7754   1.0000000000E+00
    7755   1.0000000000E+00
    7756   1.0000000000E+00
    7757   1.0000000000E+00
    7758   1.0000000000E+00
    7759   1.0000000000E+00
    7760   1.0000000000E+00
    7761   1.0000000000E+00
    7762   1.0000000000E+00
    7763   1.0000000000E+00
    7764   1.0000000000E+00
    7765   1.0000000000E+00
    7766   1.0000000000E+00
    7767   1.0000000000E+00
    7768   1.0000000000E+00
    7769   1.0000000000E+00
    7770   1.0000000000E+00
    7771   1.0000000000E+00
    7772   1.0000000000E+00
    7773   1.0000000000E+00
    7774   1.0000000000E+00
    7775   1.0000000000E+00
    7776   1.0000000000E+00
    7777   1.0000000000E+00
    7778   1.0000000000E+00
    7779   1.0000000000E+00
    7780   1.0000000000E+00
    7781   1.0000000000E+00
    7782   1.0000000000E+00
    7783   1.0000000000E+00
    7784   1.0000000000E+00
    7785   1.0000000000E+00
    7786   1.0000000000E+00
    7787   1.0000000000E+00
    7788   1.0000000000E+00
    7789   1.0000000000E+00
    7790   1.0000000000E+00
    7791   1.0000000000E+00
    7792   1.0000000000E+00
    7793   1.0000000000E+00
    7794   1.0000000000E+00
    7795   1.0000000000E+00
    7796   1.0000000000E+00
    7797   1.0000000000E+00
    7798   1.0000000000E+00
    7799   1.0000000000E+00
    7800   1.0000000000E+00
    7801   1.0000000000E+00
    7802   1.0000000000E+00
    7803   1.0000000000E+00
    7804   1.0000000000E+00
    7805   1.0000000000E+00
    7806   1.0000000000E+00
    7807   1.0000000000E+00
    7808   1.0000000000E+00
    7809   1.0000000000E+00
    7810   1.0000000000E+00
    7811   1.0000000000E+00
    7812   1.0000000000E+00
    7813   1.0000000000E+00
    7814   1.0000000000E+00
    7815   1.0000000000E+00
    7816   1.0000000000E+00
    7817   1.0000000000E+00
    7818   1.0000000000E+00
    7819   1.0000000000E+00
    7820   1.0000000000E+00
    7821   1.0000000000E+00
    7822   1.0000000000E+00
    7823   1.0000000000E+00
    7824   1.0000000000E+00
    7825   1.0000000000E+00
    7826   1.0000000000E+00
    7827   1.0000000000E+00
    7828   1.0000000000E+00
    7829   1.0000000000E+00
    7830   1.0000000000E+00
    7831   1.0000000000E+00
    7832   1.0000000000E+00
    7833   1.0000000000E+00
    7834   1.0000000000E+00
    7835   1.0000000000E+00
    7836   1.0000000000E+00
    7837   1.0000000000E+00
    7838   1.0000000000E+00
    7839   1.0000000000E+00
    7840   1.0000000000E+00
    7841   1.0000000000E+00
    7842   1.0000000000E+00
    7843   1.0000000000E+00
    7844   1.0000000000E+00
    7845   1.0000000000E+00
    7846   1.0000000000E+00
    7847   1.0000000000E+00
    7848   1.0000000000E+00
    7849   1.0000000000E+00
    7850   1.0000000000E+00
    7851   1.0000000000E+00
    7852   1.0000000000E+00
    7853   1.0000000000E+00
    7854   1.0000000000E+00
    7855   1.0000000000E+00
    7856   1.0000000000E+00
    7857   1.0000000000E+00
    7858   1.0000000000E+00
    7859   1.0000000000E+00
    7860   1.0000000000E+00
    7861   1.0000000000E+00
    7862   1.0000000000E+00
    7863   1.0000000000E+00
    7864   1.0000000000E+00
    7865   1.0000000000E+00
    7866   1.0000000000E+00
    7867   1.0000000000E+00
    7868   1.0000000000E+00
    7869   1.0000000000E+00
    7870   1.0000000000E+00
    7871   1.0000000000E+00
    7872   1.0000000000E+00
    7873   1.0000000000E+00
    7874   1.0000000000E+00
    7875   1.0000000000E+00
    7876   1.0000000000E+00
    7877   1.0000000000E+00
    7878   1.0000000000E+00
    7879   1.0000000000E+00
    7880   1.0000000000E+00
    7881   1.0000000000E+00
    7882   1.0000000000E+00
    7883   1.0000000000E+00
    7884   1.0000000000E+00
    7885   1.0000000000E+00
    7886   1.0000000000E+00
    7887   1.0000000000E+00
    7888   1.0000000000E+00
    7889   1.0000000000E+00
    7890   1.0000000000E+00
    7891   1.0000000000E+00
    7892   1.0000000000E+00
    7893   1.0000000000E+00
    7894   1.0000000000E+00
    7895   1.0000000000E+00
    7896   1.0000000000E+00
    7897   1.0000000000E+00
    7898   1.0000000000E+00
    7899   1.0000000000E+00
    7900   1.0000000000E+00
    7901   1.0000000000E+00
    7902   1.0000000000E+00
    7903   1.0000000000E+00
    7904   1.0000000000E+00
    7905   1.0000000000E+00
    7906   1.0000000000E+00
    7907   1.0000000000E+00
    7908   1.0000000000E+00
    7909   1.0000000000E+00
    7910   1.0000000000E+00
    7911   1.0000000000E+00
    7912   1.0000000000E+00
    7913   1.0000000000E+00
    7914   1.0000000000E+00
    7915   1.0000000000E+00
    7916   1.0000000000E+00
    7917   1.0000000000E+00
    7918   1.0000000000E+00
    7919   1.0000000000E+00
    7920   1.0000000000E+00
    7921   1.0000000000E+00
    7922   1.0000000000E+00
    7923   1.0000000000E+00
    7924   1.0000000000E+00
    7925   1.0000000000E+00
    7926   1.0000000000E+00
    7927   1.0000000000E+00
    7928   1.0000000000E+00
    7929   1.0000000000E+00
    7930   1.0000000000E+00
    7931   1.0000000000E+00
    7932   1.0000000000E+00
    7933   1.0000000000E+00
    7934   1.0000000000E+00
    7935   1.0000000000E+00
    7936   1.0000000000E+00
    7937   1.0000000000E+00
    7938   1.0000000000E+00
    7939   1.0000000000E+00
    7940   1.0000000000E+00
    7941   1.0000000000E+00
    7942   1.0000000000E+00
    7943   1.0000000000E+00
    7944   1.0000000000E+00
    7945   1.0000000000E+00
    7946   1.0000000000E+00
    7947   1.0000000000E+00
    7948   1.0000000000E+00
    7949   1.0000000000E+00
    7950   1.0000000000E+00
    7951   1.0000000000E+00
    7952   1.0000000000E+00
    7953   1.0000000000E+00
    7954   1.0000000000E+00
    7955   1.0000000000E+00
    7956   1.0000000000E+00
    7957   1.0000000000E+00
    7958   1.0000000000E+00
    7959   1.0000000000E+00
    7960   1.0000000000E+00
    7961   1.0000000000E+00
    7962   1.0000000000E+00
    7963   1.0000000000E+00
    7964   1.0000000000E+00
    7965   1.0000000000E+00
    7966   1.0000000000E+00
    7967   1.0000000000E+00
    7968   1.0000000000E+00
    7969   1.0000000000E+00
    7970   1.0000000000E+00
    7971   1.0000000000E+00
    7972   1.0000000000E+00
    7973   1.0000000000E+00
    7974   1.0000000000E+00
    7975   1.0000000000E+00
    7976   1.0000000000E+00
    7977   1.0000000000E+00
    7978   1.0000000000E+00
    7979   1.0000000000E+00
    7980   1.0000000000E+00
    7981   1.0000000000E+00
    7982   1.0000000000E+00
    7983   1.0000000000E+00
    7984   1.0000000000E+00
    7985   1.0000000000E+00
    7986   1.0000000000E+00
    7987   1.0000000000E+00
    7988   1.0000000000E+00
    7989   1.0000000000E+00
    7990   1.0000000000E+00
    7991   1.0000000000E+00
    7992   1.0000000000E+00
    7993   1.0000000000E+00
    7994   1.0000000000E+00
    7995   1.0000000000E+00
    7996   1.0000000000E+00
    7997   1.0000000000E+00
    7998   1.0000000000E+00
    7999   1.0000000000E+00
    8000   1.0000000000E+00
    8001   1.0000000000E+00
    8002   1.0000000000E+00
    8003   1.0000000000E+00
    8004   1.0000000000E+00
    8005   1.0000000000E+00
    8006   1.0000000000E+00
    8007   1.0000000000E+00
    8008   1.0000000000E+00
    8009   1.0000000000E+00
    8010   1.0000000000E+00
    8011   1.0000000000E+00
    8012   1.0000000000E+00
    8013   1.0000000000E+00
    8014   1.0000000000E+00
    8015   1.0000000000E+00
    8016   1.0000000000E+00
    8017   1.0000000000E+00
    8018   1.0000000000E+00
    8019   1.0000000000E+00
    8020   1.0000000000E+00
    8021   1.0000000000E+00
    8022   1.0000000000E+00
    8023   1.0000000000E+00
    8024   1.0000000000E+00
    8025   1.0000000000E+00
    8026   1.0000000000E+00
    8027   1.0000000000E+00
    8028   1.0000000000E+00
    8029   1.0000000000E+00
    8030   1.0000000000E+00
    8031   1.0000000000E+00
    8032   1.0000000000E+00
    8033   1.0000000000E+00
    8034   1.0000000000E+00
    8035   1.0000000000E+00
    8036   1.0000000000E+00
    8037   1.0000000000E+00
    8038   1.0000000000E+00
    8039   1.0000000000E+00
    8040   1.0000000000E+00
    8041   1.0000000000E+00
    8042   1.0000000000E+00
    8043   1.0000000000E+00
    8044   1.0000000000E+00
    8045   1.0000000000E+00
    8046   1.0000000000E+00
    8047   1.0000000000E+00
    8048   1.0000000000E+00
    8049   1.0000000000E+00
    8050   1.0000000000E+00
    8051   1.0000000000E+00
    8052   1.0000000000E+00
    8053   1.0000000000E+00
    8054   1.0000000000E+00
    8055   1.0000000000E+00
    8056   1.0000000000E+00
    8057   1.0000000000E+00
    8058   1.0000000000E+00
    8059   1.0000000000E+00
    8060   1.0000000000E+00
    8061   1.0000000000E+00
    8062   1.0000000000E+00
    8063   1.0000000000E+00
    8064   1.0000000000E+00
    8065   1.0000000000E+00
    8066   1.0000000000E+00
    8067   1.0000000000E+00
    8068   1.0000000000E+00
    8069   1.0000000000E+00
    8070   1.0000000000E+00
    8071   1.0000000000E+00
    8072   1.0000000000E+00
    8073   1.0000000000E+00
    8074   1.0000000000E+00
    8075   1.0000000000E+00
    8076   1.0000000000E+00
    8077   1.0000000000E+00
    8078   1.0000000000E+00
    8079   1.0000000000E+00
    8080   1.0000000000E+00
    8081   1.0000000000E+00
    8082   1.0000000000E+00
    8083   1.0000000000E+00
    8084   1.0000000000E+00
    8085   1.0000000000E+00
    8086   1.0000000000E+00
    8087   1.0000000000E+00
    8088   1.0000000000E+00
    8089   1.0000000000E+00
    8090   1.0000000000E+00
    8091   1.0000000000E+00
    8092   1.0000000000E+00
    8093   1.0000000000E+00
    8094   1.0000000000E+00
    8095   1.0000000000E+00
    8096   1.0000000000E+00
    8097   1.0000000000E+00
    8098   1.0000000000E+00
    8099   1.0000000000E+00
    8100   1.0000000000E+00
    8101   1.0000000000E+00
    8102   1.0000000000E+00
    8103   1.0000000000E+00
    8104   1.0000000000E+00
    8105   1.0000000000E+00
    8106   1.0000000000E+00
    8107   1.0000000000E+00
    8108   1.0000000000E+00
    8109   1.0000000000E+00
    8110   1.0000000000E+00
    8111   1.0000000000E+00
    8112   1.0000000000E+00
    8113   1.0000000000E+00
    8114   1.0000000000E+00
    8115   1.0000000000E+00
    8116   1.0000000000E+00
    8117   1.0000000000E+00
    8118   1.0000000000E+00
    8119   1.0000000000E+00
    8120   1.0000000000E+00
    8121   1.0000000000E+00
    8122   1.0000000000E+00
    8123   1.0000000000E+00
    8124   1.0000000000E+00
    8125   1.0000000000E+00
    8126   1.0000000000E+00
    8127   1.0000000000E+00
    8128   1.0000000000E+00
    8129   1.0000000000E+00
    8130   1.0000000000E+00
    8131   1.0000000000E+00
    8132   1.0000000000E+00
    8133   1.0000000000E+00
    8134   1.0000000000E+00
    8135   1.0000000000E+00
    8136   1.0000000000E+00
    8137   1.0000000000E+00
    8138   1.0000000000E+00
    8139   1.0000000000E+00
    8140   1.0000000000E+00
    8141   1.0000000000E+00
    8142   1.0000000000E+00
    8143   1.0000000000E+00
    8144   1.0000000000E+00
    8145   1.0000000000E+00
    8146   1.0000000000E+00
    8147   1.0000000000E+00
    8148   1.0000000000E+00
    8149   1.0000000000E+00
    8150   1.0000000000E+00
    8151   1.0000000000E+00
    8152   1.0000000000E+00
    8153   1.0000000000E+00
    8154   1.0000000000E+00
    8155   1.0000000000E+00
    8156   1.0000000000E+00
    8157   1.0000000000E+00
    8158   1.0000000000E+00
    8159   1.0000000000E+00
    8160   1.0000000000E+00
    8161   1.0000000000E+00
    8162   1.0000000000E+00
    8163   1.0000000000E+00
    8164   1.0000000000E+00
    8165   1.0000000000E+00
    8166   1.0000000000E+00
    8167   1.0000000000E+00
    8168   1.0000000000E+00
    8169   1.0000000000E+00
    8170   1.0000000000E+00
    8171   1.0000000000E+00
    8172   1.0000000000E+00
    8173   1.0000000000E+00
    8174   1.0000000000E+00
    8175   1.0000000000E+00
    8176   1.0000000000E+00
    8177   1.0000000000E+00
    8178   1.0000000000E+00
    8179   1.0000000000E+00
    8180   1.0000000000E+00
    8181   1.0000000000E+00
    8182   1.0000000000E+00
    8183   1.0000000000E+00
    8184   1.0000000000E+00
    8185   1.0000000000E+00
    8186   1.0000000000E+00
    8187   1.0000000000E+00
    8188   1.0000000000E+00
    8189   1.0000000000E+00
    8190   1.0000000000E+00
    8191   1.0000000000E+00
    8192   1.0000000000E+00
    8193   1.0000000000E+00
    8194   1.0000000000E+00
    8195   1.0000000000E+00
    8196   1.0000000000E+00
    8197   1.0000000000E+00
    8198   1.0000000000E+00
    8199   1.0000000000E+00
    8200   1.0000000000E+00
    8201   1.0000000000E+00
    8202   1.0000000000E+00
    8203   1.0000000000E+00
    8204   1.0000000000E+00
    8205   1.0000000000E+00
    8206   1.0000000000E+00
    8207   1.0000000000E+00
    8208   1.0000000000E+00
    8209   1.0000000000E+00
    8210   1.0000000000E+00
    8211   1.0000000000E+00
    8212   1.0000000000E+00
    8213   1.0000000000E+00
    8214   1.0000000000E+00
    8215   1.0000000000E+00
    8216   1.0000000000E+00
    8217   1.0000000000E+00
    8218   1.0000000000E+00
    8219   1.0000000000E+00
    8220   1.0000000000E+00
    8221   1.0000000000E+00
    8222   1.0000000000E+00
    8223   1.0000000000E+00
    8224   1.0000000000E+00
    8225   1.0000000000E+00
    8226   1.0000000000E+00
    8227   1.0000000000E+00
    8228   1.0000000000E+00
    8229   1.0000000000E+00
    8230   1.0000000000E+00
    8231   1.0000000000E+00
    8232   1.0000000000E+00
    8233   1.0000000000E+00
    8234   1.0000000000E+00
    8235   1.0000000000E+00
    8236   1.0000000000E+00
    8237   1.0000000000E+00
    8238   1.0000000000E+00
    8239   1.0000000000E+00
    8240   1.0000000000E+00
    8241   1.0000000000E+00
    8242   1.0000000000E+00
    8243   1.0000000000E+00
    8244   1.0000000000E+00
    8245   1.0000000000E+00
    8246   1.0000000000E+00
    8247   1.0000000000E+00
    8248   1.0000000000E+00
    8249   1.0000000000E+00
    8250   1.0000000000E+00
    8251   1.0000000000E+00
    8252   1.0000000000E+00
    8253   1.0000000000E+00
    8254   1.0000000000E+00
    8255   1.0000000000E+00
    8256   1.0000000000E+00
    8257   1.0000000000E+00
    8258   1.0000000000E+00
    8259   1.0000000000E+00
    8260   1.0000000000E+00
    8261   1.0000000000E+00
    8262   1.0000000000E+00
    8263   1.0000000000E+00
    8264   1.0000000000E+00
    8265   1.0000000000E+00
    8266   1.0000000000E+00
    8267   1.0000000000E+00
    8268   1.0000000000E+00
    8269   1.0000000000E+00
    8270   1.0000000000E+00
    8271   1.0000000000E+00
    8272   1.0000000000E+00
    8273   1.0000000000E+00
    8274   1.0000000000E+00
    8275   1.0000000000E+00
    8276   1.0000000000E+00
    8277   1.0000000000E+00
    8278   1.0000000000E+00
    8279   1.0000000000E+00
    8280   1.0000000000E+00
    8281   1.0000000000E+00
    8282   1.0000000000E+00
    8283   1.0000000000E+00
    8284   1.0000000000E+00
    8285   1.0000000000E+00
    8286   1.0000000000E+00
    8287   1.0000000000E+00
    8288   1.0000000000E+00
    8289   1.0000000000E+00
    8290   1.0000000000E+00
    8291   1.0000000000E+00
    8292   1.0000000000E+00
    8293   1.0000000000E+00
    8294   1.0000000000E+00
    8295   1.0000000000E+00
    8296   1.0000000000E+00
    8297   1.0000000000E+00
    8298   1.0000000000E+00
    8299   1.0000000000E+00
    8300   1.0000000000E+00
    8301   1.0000000000E+00
    8302   1.0000000000E+00
    8303   1.0000000000E+00
    8304   1.0000000000E+00
    8305   1.0000000000E+00
    8306   1.0000000000E+00
    8307   1.0000000000E+00
    8308   1.0000000000E+00
    8309   1.0000000000E+00
    8310   1.0000000000E+00
    8311   1.0000000000E+00
    8312   1.0000000000E+00
    8313   1.0000000000E+00
    8314   1.0000000000E+00
    8315   1.0000000000E+00
    8316   1.0000000000E+00
    8317   1.0000000000E+00
    8318   1.0000000000E+00
    8319   1.0000000000E+00
    8320   1.0000000000E+00
    8321   1.0000000000E+00
    8322   1.0000000000E+00
    8323   1.0000000000E+00
    8324   1.0000000000E+00
    8325   1.0000000000E+00
    8326   1.0000000000E+00
    8327   1.0000000000E+00
    8328   1.0000000000E+00
    8329   1.0000000000E+00
    8330   1.0000000000E+00
    8331   1.0000000000E+00
    8332   1.0000000000E+00
    8333   1.0000000000E+00
    8334   1.0000000000E+00
    8335   1.0000000000E+00
    8336   1.0000000000E+00
    8337   1.0000000000E+00
    8338   1.0000000000E+00
    8339   1.0000000000E+00
    8340   1.0000000000E+00
    8341   1.0000000000E+00
    8342   1.0000000000E+00
    8343   1.0000000000E+00
    8344   1.0000000000E+00
    8345   1.0000000000E+00
    8346   1.0000000000E+00
    8347   1.0000000000E+00
    8348   1.0000000000E+00
    8349   1.0000000000E+00
    8350   1.0000000000E+00
    8351   1.0000000000E+00
    8352   1.0000000000E+00
    8353   1.0000000000E+00
    8354   1.0000000000E+00
    8355   1.0000000000E+00
    8356   1.0000000000E+00
    8357   1.0000000000E+00
    8358   1.0000000000E+00
    8359   1.0000000000E+00
    8360   1.0000000000E+00
    8361   1.0000000000E+00
    8362   1.0000000000E+00
    8363   1.0000000000E+00
    8364   1.0000000000E+00
    8365   1.0000000000E+00
    8366   1.0000000000E+00
    8367   1.0000000000E+00
    8368   1.0000000000E+00
    8369   1.0000000000E+00
    8370   1.0000000000E+00
    8371   1.0000000000E+00
    8372   1.0000000000E+00
    8373   1.0000000000E+00
    8374   1.0000000000E+00
    8375   1.0000000000E+00
    8376   1.0000000000E+00
    8377   1.0000000000E+00
    8378   1.0000000000E+00
    8379   1.0000000000E+00
    8380   1.0000000000E+00
    8381   1.0000000000E+00
    8382   1.0000000000E+00
    8383   1.0000000000E+00
    8384   1.0000000000E+00
    8385   1.0000000000E+00
    8386   1.0000000000E+00
    8387   1.0000000000E+00
    8388   1.0000000000E+00
    8389   1.0000000000E+00
    8390   1.0000000000E+00
    8391   1.0000000000E+00
    8392   1.0000000000E+00
    8393   1.0000000000E+00
    8394   1.0000000000E+00
    8395   1.0000000000E+00
    8396   1.0000000000E+00
    8397   1.0000000000E+00
    8398   1.0000000000E+00
    8399   1.0000000000E+00
    8400   1.0000000000E+00
    8401   1.0000000000E+00
    8402   1.0000000000E+00
    8403   1.0000000000E+00
    8404   1.0000000000E+00
    8405   1.0000000000E+00
    8406   1.0000000000E+00
    8407   1.0000000000E+00
    8408   1.0000000000E+00
    8409   1.0000000000E+00
    8410   1.0000000000E+00
    8411   1.0000000000E+00
    8412   1.0000000000E+00
    8413   1.0000000000E+00
    8414   1.0000000000E+00
    8415   1.0000000000E+00
    8416   1.0000000000E+00
    8417   1.0000000000E+00
    8418   1.0000000000E+00
    8419   1.0000000000E+00
    8420   1.0000000000E+00
    8421   1.0000000000E+00
    8422   1.0000000000E+00
    8423   1.0000000000E+00
    8424   1.0000000000E+00
    8425   1.0000000000E+00
    8426   1.0000000000E+00
    8427   1.0000000000E+00
    8428   1.0000000000E+00
    8429   1.0000000000E+00
    8430   1.0000000000E+00
    8431   1.0000000000E+00
    8432   1.0000000000E+00
    8433   1.0000000000E+00
    8434   1.0000000000E+00
    8435   1.0000000000E+00
    8436   1.0000000000E+00
    8437   1.0000000000E+00
    8438   1.0000000000E+00
    8439   1.0000000000E+00
    8440   1.0000000000E+00
    8441   1.0000000000E+00
    8442   1.0000000000E+00
    8443   1.0000000000E+00
    8444   1.0000000000E+00
    8445   1.0000000000E+00
    8446   1.0000000000E+00
    8447   1.0000000000E+00
    8448   1.0000000000E+00
    8449   1.0000000000E+00
    8450   1.0000000000E+00
    8451   1.0000000000E+00
    8452   1.0000000000E+00
    8453   1.0000000000E+00
    8454   1.0000000000E+00
    8455   1.0000000000E+00
    8456   1.0000000000E+00
    8457   1.0000000000E+00
    8458   1.0000000000E+00
    8459   1.0000000000E+00
    8460   1.0000000000E+00
    8461   1.0000000000E+00
    8462   1.0000000000E+00
    8463   1.0000000000E+00
    8464   1.0000000000E+00
    8465   1.0000000000E+00
    8466   1.0000000000E+00
    8467   1.0000000000E+00
    8468   1.0000000000E+00
    8469   1.0000000000E+00
    8470   1.0000000000E+00
    8471   1.0000000000E+00
    8472   1.0000000000E+00
    8473   1.0000000000E+00
    8474   1.0000000000E+00
    8475   1.0000000000E+00
    8476   1.0000000000E+00
    8477   1.0000000000E+00
    8478   1.0000000000E+00
    8479   1.0000000000E+00
    8480   1.0000000000E+00
    8481   1.0000000000E+00
    8482   1.0000000000E+00
    8483   1.0000000000E+00
    8484   1.0000000000E+00
    8485   1.0000000000E+00
    8486   1.0000000000E+00
    8487   1.0000000000E+00
    8488   1.0000000000E+00
    8489   1.0000000000E+00
    8490   1.0000000000E+00
    8491   1.0000000000E+00
    8492   1.0000000000E+00
    8493   1.0000000000E+00
    8494   1.0000000000E+00
    8495   1.0000000000E+00
    8496   1.0000000000E+00
    8497   1.0000000000E+00
    8498   1.0000000000E+00
    8499   1.0000000000E+00
    8500   1.0000000000E+00
    8501   1.0000000000E+00
    8502   1.0000000000E+00
    8503   1.0000000000E+00
    8504   1.0000000000E+00
    8505   1.0000000000E+00
    8506   1.0000000000E+00
    8507   1.0000000000E+00
    8508   1.0000000000E+00
    8509   1.0000000000E+00
    8510   1.0000000000E+00
    8511   1.0000000000E+00
    8512   1.0000000000E+00
    8513   1.0000000000E+00
    8514   1.0000000000E+00
    8515   1.0000000000E+00
    8516   1.0000000000E+00
    8517   1.0000000000E+00
    8518   1.0000000000E+00
    8519   1.0000000000E+00
    8520   1.0000000000E+00
    8521   1.0000000000E+00
    8522   1.0000000000E+00
    8523   1.0000000000E+00
    8524   1.0000000000E+00
    8525   1.0000000000E+00
    8526   1.0000000000E+00
    8527   1.0000000000E+00
    8528   1.0000000000E+00
    8529   1.0000000000E+00
    8530   1.0000000000E+00
    8531   1.0000000000E+00
    8532   1.0000000000E+00
    8533   1.0000000000E+00
    8534   1.0000000000E+00
    8535   1.0000000000E+00
    8536   1.0000000000E+00
    8537   1.0000000000E+00
    8538   1.0000000000E+00
    8539   1.0000000000E+00
    8540   1.0000000000E+00
    8541   1.0000000000E+00
    8542   1.0000000000E+00
    8543   1.0000000000E+00
    8544   1.0000000000E+00
    8545   1.0000000000E+00
    8546   1.0000000000E+00
    8547   1.0000000000E+00
    8548   1.0000000000E+00
    8549   1.0000000000E+00
    8550   1.0000000000E+00
    8551   1.0000000000E+00
    8552   1.0000000000E+00
    8553   1.0000000000E+00
    8554   1.0000000000E+00
    8555   1.0000000000E+00
    8556   1.0000000000E+00
    8557   1.0000000000E+00
    8558   1.0000000000E+00
    8559   1.0000000000E+00
    8560   1.0000000000E+00
    8561   1.0000000000E+00
    8562   1.0000000000E+00
    8563   1.0000000000E+00
    8564   1.0000000000E+00
    8565   1.0000000000E+00
    8566   1.0000000000E+00
    8567   1.0000000000E+00
    8568   1.0000000000E+00
    8569   1.0000000000E+00
    8570   1.0000000000E+00
    8571   1.0000000000E+00
    8572   1.0000000000E+00
    8573   1.0000000000E+00
    8574   1.0000000000E+00
    8575   1.0000000000E+00
    8576   1.0000000000E+00
    8577   1.0000000000E+00
    8578   1.0000000000E+00
    8579   1.0000000000E+00
    8580   1.0000000000E+00
    8581   1.0000000000E+00
    8582   1.0000000000E+00
    8583   1.0000000000E+00
    8584   1.0000000000E+00
    8585   1.0000000000E+00
    8586   1.0000000000E+00
    8587   1.0000000000E+00
    8588   1.0000000000E+00
    8589   1.0000000000E+00
    8590   1.0000000000E+00
    8591   1.0000000000E+00
    8592   1.0000000000E+00
    8593   1.0000000000E+00
    8594   1.0000000000E+00
    8595   1.0000000000E+00
    8596   1.0000000000E+00
    8597   1.0000000000E+00
    8598   1.0000000000E+00
    8599   1.0000000000E+00
    8600   1.0000000000E+00
    8601   1.0000000000E+00
    8602   1.0000000000E+00
    8603   1.0000000000E+00
    8604   1.0000000000E+00
    8605   1.0000000000E+00
    8606   1.0000000000E+00
    8607   1.0000000000E+00
    8608   1.0000000000E+00
    8609   1.0000000000E+00
    8610   1.0000000000E+00
    8611   1.0000000000E+00
    8612   1.0000000000E+00
    8613   1.0000000000E+00
    8614   1.0000000000E+00
    8615   1.0000000000E+00
    8616   1.0000000000E+00
    8617   1.0000000000E+00
    8618   1.0000000000E+00
    8619   1.0000000000E+00
    8620   1.0000000000E+00
    8621   1.0000000000E+00
    8622   1.0000000000E+00
    8623   1.0000000000E+00
    8624   1.0000000000E+00
    8625   1.0000000000E+00
    8626   1.0000000000E+00
    8627   1.0000000000E+00
    8628   1.0000000000E+00
    8629   1.0000000000E+00
    8630   1.0000000000E+00
    8631   1.0000000000E+00
    8632   1.0000000000E+00
    8633   1.0000000000E+00
    8634   1.0000000000E+00
    8635   1.0000000000E+00
    8636   1.0000000000E+00
    8637   1.0000000000E+00
    8638   1.0000000000E+00
    8639   1.0000000000E+00
    8640   1.0000000000E+00
    8641   1.0000000000E+00
    8642   1.0000000000E+00
    8643   1.0000000000E+00
    8644   1.0000000000E+00
    8645   1.0000000000E+00
    8646   1.0000000000E+00
    8647   1.0000000000E+00
    8648   1.0000000000E+00
    8649   1.0000000000E+00
    8650   1.0000000000E+00
    8651   1.0000000000E+00
    8652   1.0000000000E+00
    8653   1.0000000000E+00
    8654   1.0000000000E+00
    8655   1.0000000000E+00
    8656   1.0000000000E+00
    8657   1.0000000000E+00
    8658   1.0000000000E+00
    8659   1.0000000000E+00
    8660   1.0000000000E+00
    8661   1.0000000000E+00
    8662   1.0000000000E+00
    8663   1.0000000000E+00
    8664   1.0000000000E+00
    8665   1.0000000000E+00
    8666   1.0000000000E+00
    8667   1.0000000000E+00
    8668   1.0000000000E+00
    8669   1.0000000000E+00
    8670   1.0000000000E+00
    8671   1.0000000000E+00
    8672   1.0000000000E+00
    8673   1.0000000000E+00
    8674   1.0000000000E+00
    8675   1.0000000000E+00
    8676   1.0000000000E+00
    8677   1.0000000000E+00
    8678   1.0000000000E+00
    8679   1.0000000000E+00
    8680   1.0000000000E+00
    8681   1.0000000000E+00
    8682   1.0000000000E+00
    8683   1.0000000000E+00
    8684   1.0000000000E+00
    8685   1.0000000000E+00
    8686   1.0000000000E+00
    8687   1.0000000000E+00
    8688   1.0000000000E+00
    8689   1.0000000000E+00
    8690   1.0000000000E+00
    8691   1.0000000000E+00
    8692   1.0000000000E+00
    8693   1.0000000000E+00
    8694   1.0000000000E+00
    8695   1.0000000000E+00
    8696   1.0000000000E+00
    8697   1.0000000000E+00
    8698   1.0000000000E+00
    8699   1.0000000000E+00
    8700   1.0000000000E+00
    8701   1.0000000000E+00
    8702   1.0000000000E+00
    8703   1.0000000000E+00
    8704   1.0000000000E+00
    8705   1.0000000000E+00
    8706   1.0000000000E+00
    8707   1.0000000000E+00
    8708   1.0000000000E+00
    8709   1.0000000000E+00
    8710   1.0000000000E+00
    8711   1.0000000000E+00
    8712   1.0000000000E+00
    8713   1.0000000000E+00
    8714   1.0000000000E+00
    8715   1.0000000000E+00
    8716   1.0000000000E+00
    8717   1.0000000000E+00
    8718   1.0000000000E+00
    8719   1.0000000000E+00
    8720   1.0000000000E+00
    8721   1.0000000000E+00
    8722   1.0000000000E+00
    8723   1.0000000000E+00
    8724   1.0000000000E+00
    8725   1.0000000000E+00
    8726   1.0000000000E+00
    8727   1.0000000000E+00
    8728   1.0000000000E+00
    8729   1.0000000000E+00
    8730   1.0000000000E+00
    8731   1.0000000000E+00
    8732   1.0000000000E+00
    8733   1.0000000000E+00
    8734   1.0000000000E+00
    8735   1.0000000000E+00
    8736   1.0000000000E+00
    8737   1.0000000000E+00
    8738   1.0000000000E+00
    8739   1.0000000000E+00
    8740   1.0000000000E+00
    8741   1.0000000000E+00
    8742   1.0000000000E+00
    8743   1.0000000000E+00
    8744   1.0000000000E+00
    8745   1.0000000000E+00
    8746   1.0000000000E+00
    8747   1.0000000000E+00
    8748   1.0000000000E+00
    8749   1.0000000000E+00
    8750   1.0000000000E+00
    8751   1.0000000000E+00
    8752   1.0000000000E+00
    8753   1.0000000000E+00
    8754   1.0000000000E+00
    8755   1.0000000000E+00
    8756   1.0000000000E+00
    8757   1.0000000000E+00
    8758   1.0000000000E+00
    8759   1.0000000000E+00
    8760   1.0000000000E+00
    8761   1.0000000000E+00
    8762   1.0000000000E+00
    8763   1.0000000000E+00
    8764   1.0000000000E+00
    8765   1.0000000000E+00
    8766   1.0000000000E+00
    8767   1.0000000000E+00
    8768   1.0000000000E+00
    8769   1.0000000000E+00
    8770   1.0000000000E+00
    8771   1.0000000000E+00
    8772   1.0000000000E+00
    8773   1.0000000000E+00
    8774   1.0000000000E+00
    8775   1.0000000000E+00
    8776   1.0000000000E+00
    8777   1.0000000000E+00
    8778   1.0000000000E+00
    8779   1.0000000000E+00
    8780   1.0000000000E+00
    8781   1.0000000000E+00
    8782   1.0000000000E+00
    8783   1.0000000000E+00
    8784   1.0000000000E+00
    8785   1.0000000000E+00
    8786   1.0000000000E+00
    8787   1.0000000000E+00
    8788   1.0000000000E+00
    8789   1.0000000000E+00
    8790   1.0000000000E+00
    8791   1.0000000000E+00
    8792   1.0000000000E+00
    8793   1.0000000000E+00
    8794   1.0000000000E+00
    8795   1.0000000000E+00
    8796   1.0000000000E+00
    8797   1.0000000000E+00
    8798   1.0000000000E+00
    8799   1.0000000000E+00
    8800   1.0000000000E+00
    8801   1.0000000000E+00
    8802   1.0000000000E+00
    8803   1.0000000000E+00
    8804   1.0000000000E+00
    8805   1.0000000000E+00
    8806   1.0000000000E+00
    8807   1.0000000000E+00
    8808   1.0000000000E+00
    8809   1.0000000000E+00
    8810   1.0000000000E+00
    8811   1.0000000000E+00
    8812   1.0000000000E+00
    8813   1.0000000000E+00
    8814   1.0000000000E+00
    8815   1.0000000000E+00
    8816   1.0000000000E+00
    8817   1.0000000000E+00
    8818   1.0000000000E+00
    8819   1.0000000000E+00
    8820   1.0000000000E+00
    8821   1.0000000000E+00
    8822   1.0000000000E+00
    8823   1.0000000000E+00
    8824   1.0000000000E+00
    8825   1.0000000000E+00
    8826   1.0000000000E+00
    8827   1.0000000000E+00
    8828   1.0000000000E+00
    8829   1.0000000000E+00
    8830   1.0000000000E+00
    8831   1.0000000000E+00
    8832   1.0000000000E+00
    8833   1.0000000000E+00
    8834   1.0000000000E+00
    8835   1.0000000000E+00
    8836   1.0000000000E+00
    8837   1.0000000000E+00
    8838   1.0000000000E+00
    8839   1.0000000000E+00
    8840   1.0000000000E+00
    8841   1.0000000000E+00
    8842   1.0000000000E+00
    8843   1.0000000000E+00
    8844   1.0000000000E+00
    8845   1.0000000000E+00
    8846   1.0000000000E+00
    8847   1.0000000000E+00
    8848   1.0000000000E+00
    8849   1.0000000000E+00
    8850   1.0000000000E+00
    8851   1.0000000000E+00
    8852   1.0000000000E+00
    8853   1.0000000000E+00
    8854   1.0000000000E+00
    8855   1.0000000000E+00
    8856   1.0000000000E+00
    8857   1.0000000000E+00
    8858   1.0000000000E+00
    8859   1.0000000000E+00
    8860   1.0000000000E+00
    8861   1.0000000000E+00
    8862   1.0000000000E+00
    8863   1.0000000000E+00
    8864   1.0000000000E+00
    8865   1.0000000000E+00
    8866   1.0000000000E+00
    8867   1.0000000000E+00
    8868   1.0000000000E+00
    8869   1.0000000000E+00
    8870   1.0000000000E+00
    8871   1.0000000000E+00
    8872   1.0000000000E+00
    8873   1.0000000000E+00
    8874   1.0000000000E+00
    8875   1.0000000000E+00
    8876   1.0000000000E+00
    8877   1.0000000000E+00
    8878   1.0000000000E+00
    8879   1.0000000000E+00
    8880   1.0000000000E+00
    8881   1.0000000000E+00
    8882   1.0000000000E+00
    8883   1.0000000000E+00
    8884   1.0000000000E+00
    8885   1.0000000000E+00
    8886   1.0000000000E+00
    8887   1.0000000000E+00
    8888   1.0000000000E+00
    8889   1.0000000000E+00
    8890   1.0000000000E+00
    8891   1.0000000000E+00
    8892   1.0000000000E+00
    8893   1.0000000000E+00
    8894   1.0000000000E+00
    8895   1.0000000000E+00
    8896   1.0000000000E+00
    8897   1.0000000000E+00
    8898   1.0000000000E+00
    8899   1.0000000000E+00
    8900   1.0000000000E+00
    8901   1.0000000000E+00
    8902   1.0000000000E+00
    8903   1.0000000000E+00
    8904   1.0000000000E+00
    8905   1.0000000000E+00
    8906   1.0000000000E+00
    8907   1.0000000000E+00
    8908   1.0000000000E+00
    8909   1.0000000000E+00
    8910   1.0000000000E+00
    8911   1.0000000000E+00
    8912   1.0000000000E+00
    8913   1.0000000000E+00
    8914   1.0000000000E+00
    8915   1.0000000000E+00
    8916   1.0000000000E+00
    8917   1.0000000000E+00
    8918   1.0000000000E+00
    8919   1.0000000000E+00
    8920   1.0000000000E+00
    8921   1.0000000000E+00
    8922   1.0000000000E+00
    8923   1.0000000000E+00
    8924   1.0000000000E+00
    8925   1.0000000000E+00
    8926   1.0000000000E+00
    8927   1.0000000000E+00
    8928   1.0000000000E+00
    8929   1.0000000000E+00
    8930   1.0000000000E+00
    8931   1.0000000000E+00
    8932   1.0000000000E+00
    8933   1.0000000000E+00
    8934   1.0000000000E+00
    8935   1.0000000000E+00
    8936   1.0000000000E+00
    8937   1.0000000000E+00
    8938   1.0000000000E+00
    8939   1.0000000000E+00
    8940   1.0000000000E+00
    8941   1.0000000000E+00
    8942   1.0000000000E+00
    8943   1.0000000000E+00
    8944   1.0000000000E+00
    8945   1.0000000000E+00
    8946   1.0000000000E+00
    8947   1.0000000000E+00
    8948   1.0000000000E+00
    8949   1.0000000000E+00
    8950   1.0000000000E+00
    8951   1.0000000000E+00
    8952   1.0000000000E+00
    8953   1.0000000000E+00
    8954   1.0000000000E+00
    8955   1.0000000000E+00
    8956   1.0000000000E+00
    8957   1.0000000000E+00
    8958   1.0000000000E+00
    8959   1.0000000000E+00
    8960   1.0000000000E+00
    8961   1.0000000000E+00
    8962   1.0000000000E+00
    8963   1.0000000000E+00
    8964   1.0000000000E+00
    8965   1.0000000000E+00
    8966   1.0000000000E+00
    8967   1.0000000000E+00
    8968   1.0000000000E+00
    8969   1.0000000000E+00
    8970   1.0000000000E+00
    8971   1.0000000000E+00
    8972   1.0000000000E+00
    8973   1.0000000000E+00
    8974   1.0000000000E+00
    8975   1.0000000000E+00
    8976   1.0000000000E+00
    8977   1.0000000000E+00
    8978   1.0000000000E+00
    8979   1.0000000000E+00
    8980   1.0000000000E+00
    8981   1.0000000000E+00
    8982   1.0000000000E+00
    8983   1.0000000000E+00
    8984   1.0000000000E+00
    8985   1.0000000000E+00
    8986   1.0000000000E+00
    8987   1.0000000000E+00
    8988   1.0000000000E+00
    8989   1.0000000000E+00
    8990   1.0000000000E+00
    8991   1.0000000000E+00
    8992   1.0000000000E+00
    8993   1.0000000000E+00
    8994   1.0000000000E+00
    8995   1.0000000000E+00
    8996   1.0000000000E+00
    8997   1.0000000000E+00
    8998   1.0000000000E+00
    8999   1.0000000000E+00
    9000   1.0000000000E+00
    9001   1.0000000000E+00
    9002   1.0000000000E+00
    9003   1.0000000000E+00
    9004   1.0000000000E+00
    9005   1.0000000000E+00
    9006   1.0000000000E+00
    9007   1.0000000000E+00
    9008   1.0000000000E+00
    9009   1.0000000000E+00
    9010   1.0000000000E+00
    9011   1.0000000000E+00
    9012   1.0000000000E+00
    9013   1.0000000000E+00
    9014   1.0000000000E+00
    9015   1.0000000000E+00
    9016   1.0000000000E+00
    9017   1.0000000000E+00
    9018   1.0000000000E+00
    9019   1.0000000000E+00
    9020   1.0000000000E+00
    9021   1.0000000000E+00
    9022   1.0000000000E+00
    9023   1.0000000000E+00
    9024   1.0000000000E+00
    9025   1.0000000000E+00
    9026   1.0000000000E+00
    9027   1.0000000000E+00
    9028   1.0000000000E+00
    9029   1.0000000000E+00
    9030   1.0000000000E+00
    9031   1.0000000000E+00
    9032   1.0000000000E+00
    9033   1.0000000000E+00
    9034   1.0000000000E+00
    9035   1.0000000000E+00
    9036   1.0000000000E+00
    9037   1.0000000000E+00
    9038   1.0000000000E+00
    9039   1.0000000000E+00
    9040   1.0000000000E+00
    9041   1.0000000000E+00
    9042   1.0000000000E+00
    9043   1.0000000000E+00
    9044   1.0000000000E+00
    9045   1.0000000000E+00
    9046   1.0000000000E+00
    9047   1.0000000000E+00
    9048   1.0000000000E+00
    9049   1.0000000000E+00
    9050   1.0000000000E+00
    9051   1.0000000000E+00
    9052   1.0000000000E+00
    9053   1.0000000000E+00
    9054   1.0000000000E+00
    9055   1.0000000000E+00
    9056   1.0000000000E+00
    9057   1.0000000000E+00
    9058   1.0000000000E+00
    9059   1.0000000000E+00
    9060   1.0000000000E+00
    9061   1.0000000000E+00
    9062   1.0000000000E+00
    9063   1.0000000000E+00
    9064   1.0000000000E+00
    9065   1.0000000000E+00
    9066   1.0000000000E+00
    9067   1.0000000000E+00
    9068   1.0000000000E+00
    9069   1.0000000000E+00
    9070   1.0000000000E+00
    9071   1.0000000000E+00
    9072   1.0000000000E+00
    9073   1.0000000000E+00
    9074   1.0000000000E+00
    9075   1.0000000000E+00
    9076   1.0000000000E+00
    9077   1.0000000000E+00
    9078   1.0000000000E+00
    9079   1.0000000000E+00
    9080   1.0000000000E+00
    9081   1.0000000000E+00
    9082   1.0000000000E+00
    9083   1.0000000000E+00
    9084   1.0000000000E+00
    9085   1.0000000000E+00
    9086   1.0000000000E+00
    9087   1.0000000000E+00
    9088   1.0000000000E+00
    9089   1.0000000000E+00
    9090   1.0000000000E+00
    9091   1.0000000000E+00
    9092   1.0000000000E+00
    9093   1.0000000000E+00
    9094   1.0000000000E+00
    9095   1.0000000000E+00
    9096   1.0000000000E+00
    9097   1.0000000000E+00
    9098   1.0000000000E+00
    9099   1.0000000000E+00
    9100   1.0000000000E+00
    9101   1.0000000000E+00
    9102   1.0000000000E+00
    9103   1.0000000000E+00
    9104   1.0000000000E+00
    9105   1.0000000000E+00
    9106   1.0000000000E+00
    9107   1.0000000000E+00
    9108   1.0000000000E+00
    9109   1.0000000000E+00
    9110   1.0000000000E+00
    9111   1.0000000000E+00
    9112   1.0000000000E+00
    9113   1.0000000000E+00
    9114   1.0000000000E+00
    9115   1.0000000000E+00
    9116   1.0000000000E+00
    9117   1.0000000000E+00
    9118   1.0000000000E+00
    9119   1.0000000000E+00
    9120   1.0000000000E+00
    9121   1.0000000000E+00
    9122   1.0000000000E+00
    9123   1.0000000000E+00
    9124   1.0000000000E+00
    9125   1.0000000000E+00
    9126   1.0000000000E+00
    9127   1.0000000000E+00
    9128   1.0000000000E+00
    9129   1.0000000000E+00
    9130   1.0000000000E+00
    9131   1.0000000000E+00
    9132   1.0000000000E+00
    9133   1.0000000000E+00
    9134   1.0000000000E+00
    9135   1.0000000000E+00
    9136   1.0000000000E+00
    9137   1.0000000000E+00
    9138   1.0000000000E+00
    9139   1.0000000000E+00
    9140   1.0000000000E+00
    9141   1.0000000000E+00
    9142   1.0000000000E+00
    9143   1.0000000000E+00
    9144   1.0000000000E+00
    9145   1.0000000000E+00
    9146   1.0000000000E+00
    9147   1.0000000000E+00
    9148   1.0000000000E+00
    9149   1.0000000000E+00
    9150   1.0000000000E+00
    9151   1.0000000000E+00
    9152   1.0000000000E+00
    9153   1.0000000000E+00
    9154   1.0000000000E+00
    9155   1.0000000000E+00
    9156   1.0000000000E+00
    9157   1.0000000000E+00
    9158   1.0000000000E+00
    9159   1.0000000000E+00
    9160   1.0000000000E+00
    9161   1.0000000000E+00
    9162   1.0000000000E+00
    9163   1.0000000000E+00
    9164   1.0000000000E+00
    9165   1.0000000000E+00
    9166   1.0000000000E+00
    9167   1.0000000000E+00
    9168   1.0000000000E+00
    9169   1.0000000000E+00
    9170   1.0000000000E+00
    9171   1.0000000000E+00
    9172   1.0000000000E+00
    9173   1.0000000000E+00
    9174   1.0000000000E+00
    9175   1.0000000000E+00
    9176   1.0000000000E+00
    9177   1.0000000000E+00
    9178   1.0000000000E+00
    9179   1.0000000000E+00
    9180   1.0000000000E+00
    9181   1.0000000000E+00
    9182   1.0000000000E+00
    9183   1.0000000000E+00
    9184   1.0000000000E+00
    9185   1.0000000000E+00
    9186   1.0000000000E+00
    9187   1.0000000000E+00
    9188   1.0000000000E+00
    9189   1.0000000000E+00
    9190   1.0000000000E+00
    9191   1.0000000000E+00
    9192   1.0000000000E+00
    9193   1.0000000000E+00
    9194   1.0000000000E+00
    9195   1.0000000000E+00
    9196   1.0000000000E+00
    9197   1.0000000000E+00
    9198   1.0000000000E+00
    9199   1.0000000000E+00
    9200   1.0000000000E+00
    9201   1.0000000000E+00
    9202   1.0000000000E+00
    9203   1.0000000000E+00
    9204   1.0000000000E+00
    9205   1.0000000000E+00
    9206   1.0000000000E+00
    9207   1.0000000000E+00
    9208   1.0000000000E+00
    9209   1.0000000000E+00
    9210   1.0000000000E+00
    9211   1.0000000000E+00
    9212   1.0000000000E+00
    9213   1.0000000000E+00
    9214   1.0000000000E+00
    9215   1.0000000000E+00
    9216   1.0000000000E+00
    9217   1.0000000000E+00
    9218   1.0000000000E+00
    9219   1.0000000000E+00
    9220   1.0000000000E+00
    9221   1.0000000000E+00
    9222   1.0000000000E+00
    9223   1.0000000000E+00
    9224   1.0000000000E+00
    9225   1.0000000000E+00
    9226   1.0000000000E+00
    9227   1.0000000000E+00
    9228   1.0000000000E+00
    9229   1.0000000000E+00
    9230   1.0000000000E+00
    9231   1.0000000000E+00
    9232   1.0000000000E+00
    9233   1.0000000000E+00
    9234   1.0000000000E+00
    9235   1.0000000000E+00
    9236   1.0000000000E+00
    9237   1.0000000000E+00
    9238   1.0000000000E+00
    9239   1.0000000000E+00
    9240   1.0000000000E+00
    9241   1.0000000000E+00
    9242   1.0000000000E+00
    9243   1.0000000000E+00
    9244   1.0000000000E+00
    9245   1.0000000000E+00
    9246   1.0000000000E+00
    9247   1.0000000000E+00
    9248   1.0000000000E+00
    9249   1.0000000000E+00
    9250   1.0000000000E+00
    9251   1.0000000000E+00
    9252   1.0000000000E+00
    9253   1.0000000000E+00
    9254   1.0000000000E+00
    9255   1.0000000000E+00
    9256   1.0000000000E+00
    9257   1.0000000000E+00
    9258   1.0000000000E+00
    9259   1.0000000000E+00
    9260   1.0000000000E+00
    9261   1.0000000000E+00
    9262   1.0000000000E+00
    9263   1.0000000000E+00
    9264   1.0000000000E+00
    9265   1.0000000000E+00
    9266   1.0000000000E+00
    9267   1.0000000000E+00
    9268   1.0000000000E+00
    9269   1.0000000000E+00
    9270   1.0000000000E+00
    9271   1.0000000000E+00
    9272   1.0000000000E+00
    9273   1.0000000000E+00
    9274   1.0000000000E+00
    9275   1.0000000000E+00
    9276   1.0000000000E+00
    9277   1.0000000000E+00
    9278   1.0000000000E+00
    9279   1.0000000000E+00
    9280   1.0000000000E+00
    9281   1.0000000000E+00
    9282   1.0000000000E+00
    9283   1.0000000000E+00
    9284   1.0000000000E+00
    9285   1.0000000000E+00
    9286   1.0000000000E+00
    9287   1.0000000000E+00
    9288   1.0000000000E+00
    9289   1.0000000000E+00
    9290   1.0000000000E+00
    9291   1.0000000000E+00
    9292   1.0000000000E+00
    9293   1.0000000000E+00
    9294   1.0000000000E+00
    9295   1.0000000000E+00
    9296   1.0000000000E+00
    9297   1.0000000000E+00
    9298   1.0000000000E+00
    9299   1.0000000000E+00
    9300   1.0000000000E+00
    9301   1.0000000000E+00
    9302   1.0000000000E+00
    9303   1.0000000000E+00
    9304   1.0000000000E+00
    9305   1.0000000000E+00
    9306   1.0000000000E+00
    9307   1.0000000000E+00
    9308   1.0000000000E+00
    9309   1.0000000000E+00
    9310   1.0000000000E+00
    9311   1.0000000000E+00
    9312   1.0000000000E+00
    9313   1.0000000000E+00
    9314   1.0000000000E+00
    9315   1.0000000000E+00
    9316   1.0000000000E+00
    9317   1.0000000000E+00
    9318   1.0000000000E+00
    9319   1.0000000000E+00
    9320   1.0000000000E+00
    9321   1.0000000000E+00
    9322   1.0000000000E+00
    9323   1.0000000000E+00
    9324   1.0000000000E+00
    9325   1.0000000000E+00
    9326   1.0000000000E+00
    9327   1.0000000000E+00
    9328   1.0000000000E+00
    9329   1.0000000000E+00
    9330   1.0000000000E+00
    9331   1.0000000000E+00
    9332   1.0000000000E+00
    9333   1.0000000000E+00
    9334   1.0000000000E+00
    9335   1.0000000000E+00
    9336   1.0000000000E+00
    9337   1.0000000000E+00
    9338   1.0000000000E+00
    9339   1.0000000000E+00
    9340   1.0000000000E+00
    9341   1.0000000000E+00
    9342   1.0000000000E+00
    9343   1.0000000000E+00
    9344   1.0000000000E+00
    9345   1.0000000000E+00
    9346   1.0000000000E+00
    9347   1.0000000000E+00
    9348   1.0000000000E+00
    9349   1.0000000000E+00
    9350   1.0000000000E+00
    9351   1.0000000000E+00
    9352   1.0000000000E+00
    9353   1.0000000000E+00
    9354   1.0000000000E+00
    9355   1.0000000000E+00
    9356   1.0000000000E+00
    9357   1.0000000000E+00
    9358   1.0000000000E+00
    9359   1.0000000000E+00
    9360   1.0000000000E+00
    9361   1.0000000000E+00
    9362   1.0000000000E+00
    9363   1.0000000000E+00
    9364   1.0000000000E+00
    9365   1.0000000000E+00
    9366   1.0000000000E+00
    9367   1.0000000000E+00
    9368   1.0000000000E+00
    9369   1.0000000000E+00
    9370   1.0000000000E+00
    9371   1.0000000000E+00
    9372   1.0000000000E+00
    9373   1.0000000000E+00
    9374   1.0000000000E+00
    9375   1.0000000000E+00
    9376   1.0000000000E+00
    9377   1.0000000000E+00
    9378   1.0000000000E+00
    9379   1.0000000000E+00
    9380   1.0000000000E+00
    9381   1.0000000000E+00
    9382   1.0000000000E+00
    9383   1.0000000000E+00
    9384   1.0000000000E+00
    9385   1.0000000000E+00
    9386   1.0000000000E+00
    9387   1.0000000000E+00
    9388   1.0000000000E+00
    9389   1.0000000000E+00
    9390   1.0000000000E+00
    9391   1.0000000000E+00
    9392   1.0000000000E+00
    9393   1.0000000000E+00
    9394   1.0000000000E+00
    9395   1.0000000000E+00
    9396   1.0000000000E+00
    9397   1.0000000000E+00
    9398   1.0000000000E+00
    9399   1.0000000000E+00
    9400   1.0000000000E+00
    9401   1.0000000000E+00
    9402   1.0000000000E+00
    9403   1.0000000000E+00
    9404   1.0000000000E+00
    9405   1.0000000000E+00
    9406   1.0000000000E+00
    9407   1.0000000000E+00
    9408   1.0000000000E+00
    9409   1.0000000000E+00
    9410   1.0000000000E+00
    9411   1.0000000000E+00
    9412   1.0000000000E+00
    9413   1.0000000000E+00
    9414   1.0000000000E+00
    9415   1.0000000000E+00
    9416   1.0000000000E+00
    9417   1.0000000000E+00
    9418   1.0000000000E+00
    9419   1.0000000000E+00
    9420   1.0000000000E+00
    9421   1.0000000000E+00
    9422   1.0000000000E+00
    9423   1.0000000000E+00
    9424   1.0000000000E+00
    9425   1.0000000000E+00
    9426   1.0000000000E+00
    9427   1.0000000000E+00
    9428   1.0000000000E+00
    9429   1.0000000000E+00
    9430   1.0000000000E+00
    9431   1.0000000000E+00
    9432   1.0000000000E+00
    9433   1.0000000000E+00
    9434   1.0000000000E+00
    9435   1.0000000000E+00
    9436   1.0000000000E+00
    9437   1.0000000000E+00
    9438   1.0000000000E+00
    9439   1.0000000000E+00
    9440   1.0000000000E+00
    9441   1.0000000000E+00
    9442   1.0000000000E+00
    9443   1.0000000000E+00
    9444   1.0000000000E+00
    9445   1.0000000000E+00
    9446   1.0000000000E+00
    9447   1.0000000000E+00
    9448   1.0000000000E+00
    9449   1.0000000000E+00
    9450   1.0000000000E+00
    9451   1.0000000000E+00
    9452   1.0000000000E+00
    9453   1.0000000000E+00
    9454   1.0000000000E+00
    9455   1.0000000000E+00
    9456   1.0000000000E+00
    9457   1.0000000000E+00
    9458   1.0000000000E+00
    9459   1.0000000000E+00
    9460   1.0000000000E+00
    9461   1.0000000000E+00
    9462   1.0000000000E+00
    9463   1.0000000000E+00
    9464   1.0000000000E+00
    9465   1.0000000000E+00
    9466   1.0000000000E+00
    9467   1.0000000000E+00
    9468   1.0000000000E+00
    9469   1.0000000000E+00
    9470   1.0000000000E+00
    9471   1.0000000000E+00
    9472   1.0000000000E+00
    9473   1.0000000000E+00
    9474   1.0000000000E+00
    9475   1.0000000000E+00
    9476   1.0000000000E+00
    9477   1.0000000000E+00
    9478   1.0000000000E+00
    9479   1.0000000000E+00
    9480   1.0000000000E+00
    9481   1.0000000000E+00
    9482   1.0000000000E+00
    9483   1.0000000000E+00
    9484   1.0000000000E+00
    9485   1.0000000000E+00
    9486   1.0000000000E+00
    9487   1.0000000000E+00
    9488   1.0000000000E+00
    9489   1.0000000000E+00
    9490   1.0000000000E+00
    9491   1.0000000000E+00
    9492   1.0000000000E+00
    9493   1.0000000000E+00
    9494   1.0000000000E+00
    9495   1.0000000000E+00
    9496   1.0000000000E+00
    9497   1.0000000000E+00
    9498   1.0000000000E+00
    9499   1.0000000000E+00
    9500   1.0000000000E+00
    9501   1.0000000000E+00
    9502   1.0000000000E+00
    9503   1.0000000000E+00
    9504   1.0000000000E+00
    9505   1.0000000000E+00
    9506   1.0000000000E+00
    9507   1.0000000000E+00
    9508   1.0000000000E+00
    9509   1.0000000000E+00
    9510   1.0000000000E+00
    9511   1.0000000000E+00
    9512   1.0000000000E+00
    9513   1.0000000000E+00
    9514   1.0000000000E+00
    9515   1.0000000000E+00
    9516   1.0000000000E+00
    9517   1.0000000000E+00
    9518   1.0000000000E+00
    9519   1.0000000000E+00
    9520   1.0000000000E+00
    9521   1.0000000000E+00
    9522   1.0000000000E+00
    9523   1.0000000000E+00
    9524   1.0000000000E+00
    9525   1.0000000000E+00
    9526   1.0000000000E+00
    9527   1.0000000000E+00
    9528   1.0000000000E+00
    9529   1.0000000000E+00
    9530   1.0000000000E+00
    9531   1.0000000000E+00
    9532   1.0000000000E+00
    9533   1.0000000000E+00
    9534   1.0000000000E+00
    9535   1.0000000000E+00
    9536   1.0000000000E+00
    9537   1.0000000000E+00
    9538   1.0000000000E+00
    9539   1.0000000000E+00
    9540   1.0000000000E+00
    9541   1.0000000000E+00
    9542   1.0000000000E+00
    9543   1.0000000000E+00
    9544   1.0000000000E+00
    9545   1.0000000000E+00
    9546   1.0000000000E+00
    9547   1.0000000000E+00
    9548   1.0000000000E+00
    9549   1.0000000000E+00
    9550   1.0000000000E+00
    9551   1.0000000000E+00
    9552   1.0000000000E+00
    9553   1.0000000000E+00
    9554   1.0000000000E+00
    9555   1.0000000000E+00
    9556   1.0000000000E+00
    9557   1.0000000000E+00
    9558   1.0000000000E+00
    9559   1.0000000000E+00
    9560   1.0000000000E+00
    9561   1.0000000000E+00
    9562   1.0000000000E+00
    9563   1.0000000000E+00
    9564   1.0000000000E+00
    9565   1.0000000000E+00
    9566   1.0000000000E+00
    9567   1.0000000000E+00
    9568   1.0000000000E+00
    9569   1.0000000000E+00
    9570   1.0000000000E+00
    9571   1.0000000000E+00
    9572   1.0000000000E+00
    9573   1.0000000000E+00
    9574   1.0000000000E+00
    9575   1.0000000000E+00
    9576   1.0000000000E+00
    9577   1.0000000000E+00
    9578   1.0000000000E+00
    9579   1.0000000000E+00
    9580   1.0000000000E+00
    9581   1.0000000000E+00
    9582   1.0000000000E+00
    9583   1.0000000000E+00
    9584   1.0000000000E+00
    9585   1.0000000000E+00
    9586   1.0000000000E+00
    9587   1.0000000000E+00
    9588   1.0000000000E+00
    9589   1.0000000000E+00
    9590   1.0000000000E+00
    9591   1.0000000000E+00
    9592   1.0000000000E+00
    9593   1.0000000000E+00
    9594   1.0000000000E+00
    9595   1.0000000000E+00
    9596   1.0000000000E+00
    9597   1.0000000000E+00
    9598   1.0000000000E+00
    9599   1.0000000000E+00
    9600   1.0000000000E+00
    9601   1.0000000000E+00
    9602   1.0000000000E+00
    9603   1.0000000000E+00
    9604   1.0000000000E+00
    9605   1.0000000000E+00
    9606   1.0000000000E+00
    9607   1.0000000000E+00
    9608   1.0000000000E+00
    9609   1.0000000000E+00
    9610   1.0000000000E+00
    9611   1.0000000000E+00
    9612   1.0000000000E+00
    9613   1.0000000000E+00
    9614   1.0000000000E+00
    9615   1.0000000000E+00
    9616   1.0000000000E+00
    9617   1.0000000000E+00
    9618   1.0000000000E+00
    9619   1.0000000000E+00
    9620   1.0000000000E+00
    9621   1.0000000000E+00
    9622   1.0000000000E+00
    9623   1.0000000000E+00
    9624   1.0000000000E+00
    9625   1.0000000000E+00
    9626   1.0000000000E+00
    9627   1.0000000000E+00
    9628   1.0000000000E+00
    9629   1.0000000000E+00
    9630   1.0000000000E+00
    9631   1.0000000000E+00
    9632   1.0000000000E+00
    9633   1.0000000000E+00
    9634   1.0000000000E+00
    9635   1.0000000000E+00
    9636   1.0000000000E+00
    9637   1.0000000000E+00
    9638   1.0000000000E+00
    9639   1.0000000000E+00
    9640   1.0000000000E+00
    9641   1.0000000000E+00
    9642   1.0000000000E+00
    9643   1.0000000000E+00
    9644   1.0000000000E+00
    9645   1.0000000000E+00
    9646   1.0000000000E+00
    9647   1.0000000000E+00
    9648   1.0000000000E+00
    9649   1.0000000000E+00
    9650   1.0000000000E+00
    9651   1.0000000000E+00
    9652   1.0000000000E+00
    9653   1.0000000000E+00
    9654   1.0000000000E+00
    9655   1.0000000000E+00
    9656   1.0000000000E+00
    9657   1.0000000000E+00
    9658   1.0000000000E+00
    9659   1.0000000000E+00
    9660   1.0000000000E+00
    9661   1.0000000000E+00
    9662   1.0000000000E+00
    9663   1.0000000000E+00
    9664   1.0000000000E+00
    9665   1.0000000000E+00
    9666   1.0000000000E+00
    9667   1.0000000000E+00
    9668   1.0000000000E+00
    9669   1.0000000000E+00
    9670   1.0000000000E+00
    9671   1.0000000000E+00
    9672   1.0000000000E+00
    9673   1.0000000000E+00
    9674   1.0000000000E+00
    9675   1.0000000000E+00
    9676   1.0000000000E+00
    9677   1.0000000000E+00
    9678   1.0000000000E+00
    9679   1.0000000000E+00
    9680   1.0000000000E+00
    9681   1.0000000000E+00
    9682   1.0000000000E+00
    9683   1.0000000000E+00
    9684   1.0000000000E+00
    9685   1.0000000000E+00
    9686   1.0000000000E+00
    9687   1.0000000000E+00
    9688   1.0000000000E+00
    9689   1.0000000000E+00
    9690   1.0000000000E+00
    9691   1.0000000000E+00
    9692   1.0000000000E+00
    9693   1.0000000000E+00
    9694   1.0000000000E+00
    9695   1.0000000000E+00
    9696   1.0000000000E+00
    9697   1.0000000000E+00
    9698   1.0000000000E+00
    9699   1.0000000000E+00
    9700   1.0000000000E+00
    9701   1.0000000000E+00
    9702   1.0000000000E+00
    9703   1.0000000000E+00
    9704   1.0000000000E+00
    9705   1.0000000000E+00
    9706   1.0000000000E+00
    9707   1.0000000000E+00
    9708   1.0000000000E+00
    9709   1.0000000000E+00
    9710   1.0000000000E+00
    9711   1.0000000000E+00
    9712   1.0000000000E+00
    9713   1.0000000000E+00
    9714   1.0000000000E+00
    9715   1.0000000000E+00
    9716   1.0000000000E+00
    9717   1.0000000000E+00
    9718   1.0000000000E+00
    9719   1.0000000000E+00
    9720   1.0000000000E+00
    9721   1.0000000000E+00
    9722   1.0000000000E+00
    9723   1.0000000000E+00
    9724   1.0000000000E+00
    9725   1.0000000000E+00
    9726   1.0000000000E+00
    9727   1.0000000000E+00
    9728   1.0000000000E+00
    9729   1.0000000000E+00
    9730   1.0000000000E+00
    9731   1.0000000000E+00
    9732   1.0000000000E+00
    9733   1.0000000000E+00
    9734   1.0000000000E+00
    9735   1.0000000000E+00
    9736   1.0000000000E+00
    9737   1.0000000000E+00
    9738   1.0000000000E+00
    9739   1.0000000000E+00
    9740   1.0000000000E+00
    9741   1.0000000000E+00
    9742   1.0000000000E+00
    9743   1.0000000000E+00
    9744   1.0000000000E+00
    9745   1.0000000000E+00
    9746   1.0000000000E+00
    9747   1.0000000000E+00
    9748   1.0000000000E+00
    9749   1.0000000000E+00
    9750   1.0000000000E+00
    9751   1.0000000000E+00
    9752   1.0000000000E+00
    9753   1.0000000000E+00
    9754   1.0000000000E+00
    9755   1.0000000000E+00
    9756   1.0000000000E+00
    9757   1.0000000000E+00
    9758   1.0000000000E+00
    9759   1.0000000000E+00
    9760   1.0000000000E+00
    9761   1.0000000000E+00
    9762   1.0000000000E+00
    9763   1.0000000000E+00
    9764   1.0000000000E+00
    9765   1.0000000000E+00
    9766   1.0000000000E+00
    9767   1.0000000000E+00
    9768   1.0000000000E+00
    9769   1.0000000000E+00
    9770   1.0000000000E+00
    9771   1.0000000000E+00
    9772   1.0000000000E+00
    9773   1.0000000000E+00
    9774   1.0000000000E+00
    9775   1.0000000000E+00
    9776   1.0000000000E+00
    9777   1.0000000000E+00
    9778   1.0000000000E+00
    9779   1.0000000000E+00
    9780   1.0000000000E+00
    9781   1.0000000000E+00
    9782   1.0000000000E+00
    9783   1.0000000000E+00
    9784   1.0000000000E+00
    9785   1.0000000000E+00
    9786   1.0000000000E+00
    9787   1.0000000000E+00
    9788   1.0000000000E+00
    9789   1.0000000000E+00
    9790   1.0000000000E+00
    9791   1.0000000000E+00
    9792   1.0000000000E+00
    9793   1.0000000000E+00
    9794   1.0000000000E+00
    9795   1.0000000000E+00
    9796   1.0000000000E+00
    9797   1.0000000000E+00
    9798   1.0000000000E+00
    9799   1.0000000000E+00
    9800   1.0000000000E+00
    9801   1.0000000000E+00
    9802   1.0000000000E+00
    9803   1.0000000000E+00
    9804   1.0000000000E+00
    9805   1.0000000000E+00
    9806   1.0000000000E+00
    9807   1.0000000000E+00
    9808   1.0000000000E+00
    9809   1.0000000000E+00
    9810   1.0000000000E+00
    9811   1.0000000000E+00
    9812   1.0000000000E+00
    9813   1.0000000000E+00
    9814   1.0000000000E+00
    9815   1.0000000000E+00
    9816   1.0000000000E+00
    9817   1.0000000000E+00
    9818   1.0000000000E+00
    9819   1.0000000000E+00
    9820   1.0000000000E+00
    9821   1.0000000000E+00
    9822   1.0000000000E+00
    9823   1.0000000000E+00
    9824   1.0000000000E+00
    9825   1.0000000000E+00
    9826   1.0000000000E+00
    9827   1.0000000000E+00
    9828   1.0000000000E+00
    9829   1.0000000000E+00
    9830   1.0000000000E+00
    9831   1.0000000000E+00
    9832   1.0000000000E+00
    9833   1.0000000000E+00
    9834   1.0000000000E+00
    9835   1.0000000000E+00
    9836   1.0000000000E+00
    9837   1.0000000000E+00
    9838   1.0000000000E+00
    9839   1.0000000000E+00
    9840   1.0000000000E+00
    9841   1.0000000000E+00
    9842   1.0000000000E+00
    9843   1.0000000000E+00
    9844   1.0000000000E+00
    9845   1.0000000000E+00
    9846   1.0000000000E+00
    9847   1.0000000000E+00
    9848   1.0000000000E+00
    9849   1.0000000000E+00
    9850   1.0000000000E+00
    9851   1.0000000000E+00
    9852   1.0000000000E+00
    9853   1.0000000000E+00
    9854   1.0000000000E+00
    9855   1.0000000000E+00
    9856   1.0000000000E+00
    9857   1.0000000000E+00
    9858   1.0000000000E+00
    9859   1.0000000000E+00
    9860   1.0000000000E+00
    9861   1.0000000000E+00
    9862   1.0000000000E+00
    9863   1.0000000000E+00
    9864   1.0000000000E+00
    9865   1.0000000000E+00
    9866   1.0000000000E+00
    9867   1.0000000000E+00
    9868   1.0000000000E+00
    9869   1.0000000000E+00
    9870   1.0000000000E+00
    9871   1.0000000000E+00
    9872   1.0000000000E+00
    9873   1.0000000000E+00
    9874   1.0000000000E+00
    9875   1.0000000000E+00
    9876   1.0000000000E+00
    9877   1.0000000000E+00
    9878   1.0000000000E+00
    9879   1.0000000000E+00
    9880   1.0000000000E+00
    9881   1.0000000000E+00
    9882   1.0000000000E+00
    9883   1.0000000000E+00
    9884   1.0000000000E+00
    9885   1.0000000000E+00
    9886   1.0000000000E+00
    9887   1.0000000000E+00
    9888   1.0000000000E+00
    9889   1.0000000000E+00
    9890   1.0000000000E+00
    9891   1.0000000000E+00
    9892   1.0000000000E+00
    9893   1.0000000000E+00
    9894   1.0000000000E+00
    9895   1.0000000000E+00
    9896   1.0000000000E+00
    9897   1.0000000000E+00
    9898   1.0000000000E+00
    9899   1.0000000000E+00
    9900   1.0000000000E+00
    9901   1.0000000000E+00
    9902   1.0000000000E+00
    9903   1.0000000000E+00
    9904   1.0000000000E+00
    9905   1.0000000000E+00
    9906   1.0000000000E+00
    9907   1.0000000000E+00
    9908   1.0000000000E+00
    9909   1.0000000000E+00
    9910   1.0000000000E+00
    9911   1.0000000000E+00
    9912   1.0000000000E+00
    9913   1.0000000000E+00
    9914   1.0000000000E+00
    9915   1.0000000000E+00
    9916   1.0000000000E+00
    9917   1.0000000000E+00
    9918   1.0000000000E+00
    9919   1.0000000000E+00
    9920   1.0000000000E+00
    9921   1.0000000000E+00
    9922   1.0000000000E+00
    9923   1.0000000000E+00
    9924   1.0000000000E+00
    9925   1.0000000000E+00
    9926   1.0000000000E+00
    9927   1.0000000000E+00
    9928   1.0000000000E+00
    9929   1.0000000000E+00
    9930   1.0000000000E+00
    9931   1.0000000000E+00
    9932   1.0000000000E+00
    9933   1.0000000000E+00
    9934   1.0000000000E+00
    9935   1.0000000000E+00
    9936   1.0000000000E+00
    9937   1.0000000000E+00
    9938   1.0000000000E+00
    9939   1.0000000000E+00
    9940   1.0000000000E+00
    9941   1.0000000000E+00
    9942   1.0000000000E+00
    9943   1.0000000000E+00
    9944   1.0000000000E+00
    9945   1.0000000000E+00
    9946   1.0000000000E+00
    9947   1.0000000000E+00
    9948   1.0000000000E+00
    9949   1.0000000000E+00
    9950   1.0000000000E+00
    9951   1.0000000000E+00
    9952   1.0000000000E+00
    9953   1.0000000000E+00
    9954   1.0000000000E+00
    9955   1.0000000000E+00
    9956   1.0000000000E+00
    9957   1.0000000000E+00
    9958   1.0000000000E+00
    9959   1.0000000000E+00
    9960   1.0000000000E+00
    9961   1.0000000000E+00
    9962   1.0000000000E+00
    9963   1.0000000000E+00
    9964   1.0000000000E+00
    9965   1.0000000000E+00
    9966   1.0000000000E+00
    9967   1.0000000000E+00
    9968   1.0000000000E+00
    9969   1.0000000000E+00
    9970   1.0000000000E+00
    9971   1.0000000000E+00
    9972   1.0000000000E+00
    9973   1.0000000000E+00
    9974   1.0000000000E+00
    9975   1.0000000000E+00
    9976   1.0000000000E+00
    9977   1.0000000000E+00
    9978   1.0000000000E+00
    9979   1.0000000000E+00
    9980   1.0000000000E+00
    9981   1.0000000000E+00
    9982   1.0000000000E+00
    9983   1.0000000000E+00
    9984   1.0000000000E+00
    9985   1.0000000000E+00
    9986   1.0000000000E+00
    9987   1.0000000000E+00
    9988   1.0000000000E+00
    9989   1.0000000000E+00
    9990   1.0000000000E+00
    9991   1.0000000000E+00
    9992   1.0000000000E+00
    9993   1.0000000000E+00
    9994   1.0000000000E+00
    9995   1.0000000000E+00
    9996   1.0000000000E+00
    9997   1.0000000000E+00
    9998   1.0000000000E+00
    9999   1.0000000000E+00
   10000   8.3593750000E-01
   10001   1.6406250000E-01
   10002   0.0000000000E+00
   10003   0.0000000000E+00
