# ic  density_f1
      -2   0.0000000000E+00
      -1   1.5333861816E-01
       0   7.9768064429E-01
       1   9.5858128594E-01
       2   9.6005701029E-01
       3   9.6212976159E-01
       4   9.6462879652E-01
       5   9.6717328472E-01
       6   9.6985175950E-01
       7   9.7251947244E-01
       8   9.7504909125E-01
       9   9.7738047102E-01
      10   9.7951871376E-01
      11   9.8144418526E-01
      12   9.8324275876E-01
      13   9.8481537128E-01
      14   9.8608846146E-01
      15   9.8715077939E-01
      16   9.8811984881E-01
      17   9.8911717706E-01
      18   9.9020223075E-01
      19   9.9135994512E-01
      20   9.9254574477E-01
      21   9.9373765583E-01
      22   9.9494102755E-01
      23   9.9614348680E-01
      24   9.9727135997E-01
      25   9.9820102740E-01
      26   9.9882545139E-01
      27   9.9911979569E-01
      28   9.9914801714E-01
      29   9.9900940330E-01
      30   9.9877882423E-01
      31   9.9849506242E-01
      32   9.9819727839E-01
      33   9.9795902779E-01
      34   9.9787285780E-01
      35   9.9799416377E-01
      36   9.9829877829E-01
      37   9.9870076560E-01
      38   9.9911986594E-01
      39   9.9953951592E-01
      40   1.0000031775E+00
      41   1.0005562069E+00
      42   1.0011899385E+00
      43   1.0018389460E+00
      44   1.0024270026E+00
      45   1.0029098097E+00
      46   1.0032695609E+00
      47   1.0034718093E+00
      48   1.0034370280E+00
      49   1.0030662942E+00
      50   1.0023033902E+00
      51   1.0011756363E+00
      52   9.9977424844E-01
      53   9.9819656678E-01
      54   9.9650866711E-01
      55   9.9476405090E-01
      56   9.9305400111E-01
      57   9.9153208688E-01
      58   9.9038018102E-01
      59   9.8974221520E-01
      60   9.8968148755E-01
      61   9.9019453016E-01
      62   9.9125964271E-01
      63   9.9286699617E-01
      64   9.9499556563E-01
      65   9.9755727481E-01
      66   1.0003638973E+00
      67   1.0031567249E+00
      68   1.0056819686E+00
      69   1.0077545383E+00
      70   1.0092662437E+00
      71   1.0101526257E+00
      72   1.0103704105E+00
      73   1.0099186597E+00
      74   1.0088801954E+00
      75   1.0074311432E+00
      76   1.0057939250E+00
      77   1.0041666541E+00
      78   1.0026844148E+00
      79   1.0014354147E+00
      80   1.0005005388E+00
      81   9.9996572705E-01
      82   9.9988785396E-01
      83   1.0002462752E+00
      84   1.0009288706E+00
      85   1.0017715369E+00
      86   1.0026211131E+00
      87   1.0033747457E+00
      88   1.0039764148E+00
      89   1.0043965464E+00
      90   1.0046321427E+00
      91   1.0047328680E+00
      92   1.0048165599E+00
      93   1.0050351433E+00
      94   1.0054948895E+00
      95   1.0061834524E+00
      96   1.0069587109E+00
      97   1.0076081672E+00
      98   1.0079334528E+00
      99   1.0078028273E+00
     100   1.0071529784E+00
     101   1.0059716552E+00
     102   1.0043006723E+00
     103   1.0022631869E+00
     104   1.0000786519E+00
     105   9.9803123939E-01
     106   9.9639891796E-01
     107   9.9538826020E-01
     108   9.9511227268E-01
     109   9.9560864393E-01
     110   9.9686162746E-01
     111   9.9879559444E-01
     112   1.0012449929E+00
     113   1.0039381056E+00
     114   1.0065277787E+00
     115   1.0086652454E+00
     116   1.0100765915E+00
     117   1.0106038068E+00
     118   1.0102067805E+00
     119   1.0088899341E+00
     120   1.0068552161E+00
     121   1.0043496604E+00
     122   1.0016997561E+00
     123   9.9924580515E-01
     124   9.9725622746E-01
     125   9.9587921093E-01
     126   9.9515038622E-01
     127   9.9503886465E-01
     128   9.9548998115E-01
     129   9.9643668149E-01
     130   9.9779137240E-01
     131   9.9943741303E-01
     132   1.0012601838E+00
     133   1.0031951272E+00
     134   1.0052319340E+00
     135   1.0074136813E+00
     136   1.0097840096E+00
     137   1.0123496582E+00
     138   1.0150707955E+00
     139   1.0178687182E+00
     140   1.0206262837E+00
     141   1.0231734033E+00
     142   1.0252807004E+00
     143   1.0266920230E+00
     144   1.0271975484E+00
     145   1.0267103872E+00
     146   1.0253696424E+00
     147   1.0231812978E+00
     148   1.0204850278E+00
     149   1.0176474704E+00
     150   1.0148292114E+00
     151   1.0122236065E+00
     152   1.0099726216E+00
     153   1.0081530886E+00
     154   1.0067790776E+00
     155   1.0058299049E+00
     156   1.0052897193E+00
     157   1.0051692706E+00
     158   1.0054905359E+00
     159   1.0062443886E+00
     160   1.0073526687E+00
     161   1.0086619850E+00
     162   1.0099718825E+00
     163   1.0110775326E+00
     164   1.0118039862E+00
     165   1.0120252389E+00
     166   1.0116767531E+00
     167   1.0107697074E+00
     168   1.0094008728E+00
     169   1.0077435225E+00
     170   1.0060141855E+00
     171   1.0044222913E+00
     172   1.0031333078E+00
     173   1.0022683282E+00
     174   1.0018844412E+00
     175   1.0020056183E+00
     176   1.0026257250E+00
     177   1.0037111558E+00
     178   1.0052050811E+00
     179   1.0070355400E+00
     180   1.0091223804E+00
     181   1.0113766427E+00
     182   1.0136920190E+00
     183   1.0159359106E+00
     184   1.0179509406E+00
     185   1.0195706813E+00
     186   1.0206434849E+00
     187   1.0210549223E+00
     188   1.0207436689E+00
     189   1.0197114147E+00
     190   1.0180300477E+00
     191   1.0158446909E+00
     192   1.0133781595E+00
     193   1.0108549333E+00
     194   1.0085425081E+00
     195   1.0067061252E+00
     196   1.0054841897E+00
     197   1.0049575971E+00
     198   1.0051201882E+00
     199   1.0058841438E+00
     200   1.0070949200E+00
     201   1.0085555417E+00
     202   1.0100602508E+00
     203   1.0114328675E+00
     204   1.0125595437E+00
     205   1.0134036288E+00
     206   1.0139946331E+00
     207   1.0143936467E+00
     208   1.0146493104E+00
     209   1.0147643871E+00
     210   1.0146879532E+00
     211   1.0143358092E+00
     212   1.0136280292E+00
     213   1.0125271089E+00
     214   1.0110637523E+00
     215   1.0093458874E+00
     216   1.0075551883E+00
     217   1.0058940738E+00
     218   1.0046031062E+00
     219   1.0038543437E+00
     220   1.0037234421E+00
     221   1.0041808922E+00
     222   1.0051038808E+00
     223   1.0063192065E+00
     224   1.0076499836E+00
     225   1.0089465016E+00
     226   1.0100960770E+00
     227   1.0110223497E+00
     228   1.0116844228E+00
     229   1.0120748440E+00
     230   1.0122071931E+00
     231   1.0120915445E+00
     232   1.0117120511E+00
     233   1.0110282821E+00
     234   1.0100079778E+00
     235   1.0086728834E+00
     236   1.0071254096E+00
     237   1.0055360821E+00
     238   1.0041003863E+00
     239   1.0029928950E+00
     240   1.0023413457E+00
     241   1.0022210316E+00
     242   1.0026548514E+00
     243   1.0036090185E+00
     244   1.0049910665E+00
     245   1.0066650123E+00
     246   1.0084876574E+00
     247   1.0103485179E+00
     248   1.0121890277E+00
     249   1.0140195080E+00
     250   1.0157279827E+00
     251   1.0173142461E+00
     252   1.0187302827E+00
     253   1.0198985523E+00
     254   1.0207598300E+00
     255   1.0212502032E+00
     256   1.0212939351E+00
     257   1.0208213356E+00
     258   1.0198090435E+00
     259   1.0183130646E+00
     260   1.0164644141E+00
     261   1.0144280084E+00
     262   1.0123567578E+00
     263   1.0103827092E+00
     264   1.0085700899E+00
     265   1.0070427532E+00
     266   1.0058724993E+00
     267   1.0050681462E+00
     268   1.0045705278E+00
     269   1.0042534902E+00
     270   1.0039659048E+00
     271   1.0035763344E+00
     272   1.0029913962E+00
     273   1.0021469794E+00
     274   1.0009979476E+00
     275   9.9953001213E-01
     276   9.9778915670E-01
     277   9.9589997530E-01
     278   9.9404839601E-01
     279   9.9243462942E-01
     280   9.9122641427E-01
     281   9.9053945565E-01
     282   9.9043968124E-01
     283   9.9096866347E-01
     284   9.9214883673E-01
     285   9.9387120854E-01
     286   9.9600433678E-01
     287   9.9834351836E-01
     288   1.0006678429E+00
     289   1.0027909737E+00
     290   1.0045872716E+00
     291   1.0059891453E+00
     292   1.0069751682E+00
     293   1.0075731852E+00
     294   1.0078235859E+00
     295   1.0078571110E+00
     296   1.0077869469E+00
     297   1.0076807010E+00
     298   1.0075361678E+00
     299   1.0072922596E+00
     300   1.0068747960E+00
     301   1.0062387963E+00
     302   1.0053785160E+00
     303   1.0043088738E+00
     304   1.0030465847E+00
     305   1.0016145773E+00
     306   1.0000639574E+00
     307   9.9848555400E-01
     308   9.9699099464E-01
     309   9.9567329421E-01
     310   9.9457788702E-01
     311   9.9370784612E-01
     312   9.9305646403E-01
     313   9.9263595347E-01
     314   9.9247500148E-01
     315   9.9258669660E-01
     316   9.9293413884E-01
     317   9.9342291985E-01
     318   9.9392518984E-01
     319   9.9431173500E-01
     320   9.9447357774E-01
     321   9.9432815783E-01
     322   9.9378499550E-01
     323   9.9280188720E-01
     324   9.9139608756E-01
     325   9.8966949697E-01
     326   9.8779286004E-01
     327   9.8595530755E-01
     328   9.8430986300E-01
     329   9.8294745149E-01
     330   9.8190643907E-01
     331   9.8119647728E-01
     332   9.8080921900E-01
     333   9.8070820685E-01
     334   9.8081434432E-01
     335   9.8101126569E-01
     336   9.8117774670E-01
     337   9.8119229382E-01
     338   9.8107480463E-01
     339   9.8089285192E-01
     340   9.8054622529E-01
     341   9.8010941542E-01
     342   9.7961806129E-01
     343   9.7914432811E-01
     344   9.7880143383E-01
     345   9.7871366989E-01
     346   9.7896936209E-01
     347   9.7959059471E-01
     348   9.8054095122E-01
     349   9.8175556996E-01
     350   9.8315158690E-01
     351   9.8480040274E-01
     352   9.8650359188E-01
     353   9.8816546525E-01
     354   9.8965734941E-01
     355   9.9085446865E-01
     356   9.9169081301E-01
     357   9.9216503491E-01
     358   9.9231397823E-01
     359   9.9218667440E-01
     360   9.9184755716E-01
     361   9.9140199485E-01
     362   9.9100757448E-01
     363   9.9084224756E-01
     364   9.9104002908E-01
     365   9.9163734467E-01
     366   9.9256789286E-01
     367   9.9370503200E-01
     368   9.9491455120E-01
     369   9.9607932148E-01
     370   9.9709242002E-01
     371   9.9785001569E-01
     372   9.9827490311E-01
     373   9.9836319590E-01
     374   9.9821098455E-01
     375   9.9798444651E-01
     376   9.9784469806E-01
     377   9.9787924755E-01
     378   9.9808729440E-01
     379   9.9841896304E-01
     380   9.9882495580E-01
     381   9.9927254891E-01
     382   9.9972621477E-01
     383   1.0001304054E+00
     384   1.0004293885E+00
     385   1.0006150262E+00
     386   1.0007551274E+00
     387   1.0009641019E+00
     388   1.0013303513E+00
     389   1.0018569130E+00
     390   1.0024638364E+00
     391   1.0030472862E+00
     392   1.0035423850E+00
     393   1.0039383057E+00
     394   1.0042444433E+00
     395   1.0044515384E+00
     396   1.0045296509E+00
     397   1.0044591622E+00
     398   1.0042525784E+00
     399   1.0039345767E+00
     400   1.0034970919E+00
     401   1.0028797980E+00
     402   1.0020084821E+00
     403   1.0008686757E+00
     404   9.9955414936E-01
     405   9.9824769200E-01
     406   9.9714978347E-01
     407   9.9641003114E-01
     408   9.9610348488E-01
     409   9.9624655439E-01
     410   9.9681400763E-01
     411   9.9772933995E-01
     412   9.9884252276E-01
     413   9.9993472717E-01
     414   1.0007723204E+00
     415   1.0011859030E+00
     416   1.0011196334E+00
     417   1.0006158906E+00
     418   9.9975535171E-01
     419   9.9860704411E-01
     420   9.9722554228E-01
     421   9.9568337590E-01
     422   9.9409442822E-01
     423   9.9259888705E-01
     424   9.9132338304E-01
     425   9.9035397562E-01
     426   9.8974318331E-01
     427   9.8953641550E-01
     428   9.8978302700E-01
     429   9.9051442772E-01
     430   9.9170605237E-01
     431   9.9326490105E-01
     432   9.9506820175E-01
     433   9.9695709929E-01
     434   9.9883821573E-01
     435   1.0006295939E+00
     436   1.0022294037E+00
     437   1.0034982958E+00
     438   1.0042839539E+00
     439   1.0044709906E+00
     440   1.0040143978E+00
     441   1.0029706291E+00
     442   1.0014416825E+00
     443   9.9957307150E-01
     444   9.9755531872E-01
     445   9.9562964760E-01
     446   9.9406160260E-01
     447   9.9312074142E-01
     448   9.9296084353E-01
     449   9.9361105464E-01
     450   9.9498381535E-01
     451   9.9690207614E-01
     452   9.9914112765E-01
     453   1.0014561725E+00
     454   1.0036034792E+00
     455   1.0053709733E+00
     456   1.0066200116E+00
     457   1.0073201509E+00
     458   1.0075589462E+00
     459   1.0074677902E+00
     460   1.0072299745E+00
     461   1.0070005229E+00
     462   1.0068775609E+00
     463   1.0069149807E+00
     464   1.0071085500E+00
     465   1.0073837559E+00
     466   1.0075954769E+00
     467   1.0075544612E+00
     468   1.0070761175E+00
     469   1.0060306268E+00
     470   1.0043719902E+00
     471   1.0021407328E+00
     472   9.9945117428E-01
     473   9.9647512372E-01
     474   9.9342218414E-01
     475   9.9051141000E-01
     476   9.8793371117E-01
     477   9.8581578383E-01
     478   9.8420066887E-01
     479   9.8303934879E-01
     480   9.8221482356E-01
     481   9.8174469417E-01
     482   9.8136115014E-01
     483   9.8098477256E-01
     484   9.8053374552E-01
     485   9.7994789593E-01
     486   9.7919782565E-01
     487   9.7828168981E-01
     488   9.7721905335E-01
     489   9.7604641189E-01
     490   9.7481737045E-01
     491   9.7354730151E-01
     492   9.7235110058E-01
     493   9.7156245000E-01
     494   9.7093784350E-01
     495   9.7062624661E-01
     496   9.7063262734E-01
     497   9.7091408420E-01
     498   9.7139394809E-01
     499   9.7197715369E-01
     500   9.7250903302E-01
     501   9.7300025735E-01
     502   9.7360217530E-01
     503   9.7408250458E-01
     504   9.7466932787E-01
     505   9.7550069634E-01
     506   9.7669722694E-01
     507   9.7833789495E-01
     508   9.8044949563E-01
     509   9.8300684669E-01
     510   9.8593286314E-01
     511   9.8909419040E-01
     512   9.9230047430E-01
     513   9.9532072126E-01
     514   9.9791948755E-01
     515   9.9990063462E-01
     516   1.0011395808E+00
     517   1.0015945367E+00
     518   1.0013034091E+00
     519   1.0003787565E+00
     520   9.9900117588E-01
     521   9.9739963654E-01
     522   9.9580557038E-01
     523   9.9440474794E-01
     524   9.9329116023E-01
     525   9.9243124219E-01
     526   9.9172440196E-01
     527   9.9103824701E-01
     528   9.9025326773E-01
     529   9.8928479977E-01
     530   9.8809251786E-01
     531   9.8669202376E-01
     532   9.8516982081E-01
     533   9.8368729582E-01
     534   9.8245777903E-01
     535   9.8169835366E-01
     536   9.8157753436E-01
     537   9.8218346928E-01
     538   9.8352085575E-01
     539   9.8552522472E-01
     540   9.8807566371E-01
     541   9.9099776225E-01
     542   9.9406559684E-01
     543   9.9701947083E-01
     544   9.9960445186E-01
     545   1.0016142705E+00
     546   1.0029163138E+00
     547   1.0034480409E+00
     548   1.0031987505E+00
     549   1.0022016260E+00
     550   1.0005457586E+00
     551   9.9839267464E-01
     552   9.9597254654E-01
     553   9.9355144642E-01
     554   9.9137054232E-01
     555   9.8966192041E-01
     556   9.8858503773E-01
     557   9.8819757772E-01
     558   9.8852065019E-01
     559   9.8947875166E-01
     560   9.9089669221E-01
     561   9.9251327074E-01
     562   9.9402888049E-01
     563   9.9517155255E-01
     564   9.9575184439E-01
     565   9.9568580828E-01
     566   9.9498876236E-01
     567   9.9376011237E-01
     568   9.9217323099E-01
     569   9.9046383211E-01
     570   9.8889963825E-01
     571   9.8772621552E-01
     572   9.8710624115E-01
     573   9.8708114993E-01
     574   9.8757342308E-01
     575   9.8842338462E-01
     576   9.8943663919E-01
     577   9.9041978511E-01
     578   9.9119962152E-01
     579   9.9163883614E-01
     580   9.9166079931E-01
     581   9.9127228484E-01
     582   9.9057609519E-01
     583   9.8978577421E-01
     584   9.8905557841E-01
     585   9.8854743078E-01
     586   9.8835651119E-01
     587   9.8853461066E-01
     588   9.8911888385E-01
     589   9.9014167808E-01
     590   9.9161190470E-01
     591   9.9348360811E-01
     592   9.9563845528E-01
     593   9.9789654878E-01
     594   1.0000472133E+00
     595   1.0018795907E+00
     596   1.0032016405E+00
     597   1.0038556164E+00
     598   1.0037443200E+00
     599   1.0028661644E+00
     600   1.0013355457E+00
     601   9.9936410219E-01
     602   9.9720344582E-01
     603   9.9507976672E-01
     604   9.9315604426E-01
     605   9.9153372647E-01
     606   9.9027567067E-01
     607   9.8942175645E-01
     608   9.8898381728E-01
     609   9.8893236005E-01
     610   9.8919760743E-01
     611   9.8969407872E-01
     612   9.9035386486E-01
     613   9.9114217666E-01
     614   9.9204147427E-01
     615   9.9301797680E-01
     616   9.9399951391E-01
     617   9.9488369523E-01
     618   9.9556850048E-01
     619   9.9597960007E-01
     620   9.9607610763E-01
     621   9.9584172045E-01
     622   9.9528275828E-01
     623   9.9444467248E-01
     624   9.9342697112E-01
     625   9.9239808476E-01
     626   9.9155534144E-01
     627   9.9102494985E-01
     628   9.9087942441E-01
     629   9.9110420833E-01
     630   9.9163291990E-01
     631   9.9237919670E-01
     632   9.9324892938E-01
     633   9.9413623426E-01
     634   9.9492490078E-01
     635   9.9551190513E-01
     636   9.9584418987E-01
     637   9.9594088254E-01
     638   9.9588069152E-01
     639   9.9576243244E-01
     640   9.9566767807E-01
     641   9.9564899373E-01
     642   9.9574072873E-01
     643   9.9596872953E-01
     644   9.9634109419E-01
     645   9.9682711854E-01
     646   9.9734998685E-01
     647   9.9781111407E-01
     648   9.9813607150E-01
     649   9.9830934851E-01
     650   9.9837197386E-01
     651   9.9838614045E-01
     652   9.9839713431E-01
     653   9.9842049000E-01
     654   9.9845619127E-01
     655   9.9850685785E-01
     656   9.9857848268E-01
     657   9.9866549120E-01
     658   9.9874242553E-01
     659   9.9877975065E-01
     660   9.9877634870E-01
     661   9.9877989966E-01
     662   9.9887268671E-01
     663   9.9912856169E-01
     664   9.9957127350E-01
     665   1.0001619126E+00
     666   1.0008180900E+00
     667   1.0014424754E+00
     668   1.0019379588E+00
     669   1.0022081539E+00
     670   1.0021624164E+00
     671   1.0017415928E+00
     672   1.0009567150E+00
     673   9.9991154240E-01
     674   9.9878520022E-01
     675   9.9777937396E-01
     676   9.9705985610E-01
     677   9.9672221606E-01
     678   9.9678889592E-01
     679   9.9722171161E-01
     680   9.9793058078E-01
     681   9.9877572730E-01
     682   9.9957837912E-01
     683   1.0001544756E+00
     684   1.0003664566E+00
     685   1.0001666111E+00
     686   9.9960514967E-01
     687   9.9879841233E-01
     688   9.9787888870E-01
     689   9.9695559970E-01
     690   9.9609879320E-01
     691   9.9534147404E-01
     692   9.9468282167E-01
     693   9.9408792884E-01
     694   9.9349205660E-01
     695   9.9281993723E-01
     696   9.9201885483E-01
     697   9.9108917441E-01
     698   9.9009323943E-01
     699   9.8913694496E-01
     700   9.8832239374E-01
     701   9.8776019254E-01
     702   9.8754841364E-01
     703   9.8765762061E-01
     704   9.8810804532E-01
     705   9.8887255121E-01
     706   9.8989736144E-01
     707   9.9111099624E-01
     708   9.9244258524E-01
     709   9.9384245006E-01
     710   9.9529140255E-01
     711   9.9679161170E-01
     712   9.9834410133E-01
     713   9.9992780070E-01
     714   1.0014927929E+00
     715   1.0029693916E+00
     716   1.0042833616E+00
     717   1.0053669974E+00
     718   1.0061629412E+00
     719   1.0066270534E+00
     720   1.0067370820E+00
     721   1.0065066115E+00
     722   1.0059948980E+00
     723   1.0053034450E+00
     724   1.0045581758E+00
     725   1.0038868957E+00
     726   1.0034030259E+00
     727   1.0031996894E+00
     728   1.0033469778E+00
     729   1.0038828505E+00
     730   1.0047947071E+00
     731   1.0060016750E+00
     732   1.0073528403E+00
     733   1.0086641755E+00
     734   1.0097089372E+00
     735   1.0103310135E+00
     736   1.0104646469E+00
     737   1.0101011589E+00
     738   1.0093185885E+00
     739   1.0082652434E+00
     740   1.0071441471E+00
     741   1.0061822305E+00
     742   1.0055817404E+00
     743   1.0054682060E+00
     744   1.0058587067E+00
     745   1.0066676665E+00
     746   1.0077447335E+00
     747   1.0089209799E+00
     748   1.0100392104E+00
     749   1.0109637520E+00
     750   1.0115841171E+00
     751   1.0118285995E+00
     752   1.0116847523E+00
     753   1.0112063644E+00
     754   1.0104904928E+00
     755   1.0096333721E+00
     756   1.0086945701E+00
     757   1.0076944263E+00
     758   1.0066414216E+00
     759   1.0055608881E+00
     760   1.0044984411E+00
     761   1.0034982067E+00
     762   1.0025805312E+00
     763   1.0017428119E+00
     764   1.0009815229E+00
     765   1.0003103931E+00
     766   9.9975341768E-01
     767   9.9931833638E-01
     768   9.9897911254E-01
     769   9.9869078424E-01
     770   9.9842977563E-01
     771   9.9822617262E-01
     772   9.9815877730E-01
     773   9.9831582199E-01
     774   9.9875336080E-01
     775   9.9948247731E-01
     776   1.0004864567E+00
     777   1.0017397742E+00
     778   1.0032015150E+00
     779   1.0047861955E+00
     780   1.0063524251E+00
     781   1.0076907060E+00
     782   1.0086203260E+00
     783   1.0090426990E+00
     784   1.0089320958E+00
     785   1.0083266310E+00
     786   1.0072905937E+00
     787   1.0059074063E+00
     788   1.0042968856E+00
     789   1.0026229195E+00
     790   1.0010654084E+00
     791   9.9976864862E-01
     792   9.9880621547E-01
     793   9.9819081603E-01
     794   9.9791712766E-01
     795   9.9799489331E-01
     796   9.9843964727E-01
     797   9.9923056220E-01
     798   1.0002783314E+00
     799   1.0014389498E+00
     800   1.0025674528E+00
     801   1.0035682080E+00
     802   1.0044030163E+00
     803   1.0050610326E+00
     804   1.0055308837E+00
     805   1.0058080298E+00
     806   1.0059272353E+00
     807   1.0059766075E+00
     808   1.0060639858E+00
     809   1.0062560173E+00
     810   1.0065427609E+00
     811   1.0068619629E+00
     812   1.0071631218E+00
     813   1.0074534959E+00
     814   1.0077854275E+00
     815   1.0082009928E+00
     816   1.0086888134E+00
     817   1.0091921027E+00
     818   1.0096535457E+00
     819   1.0100459877E+00
     820   1.0103563521E+00
     821   1.0105443794E+00
     822   1.0105293761E+00
     823   1.0102329718E+00
     824   1.0096476334E+00
     825   1.0088750147E+00
     826   1.0080594564E+00
     827   1.0073433460E+00
     828   1.0068208251E+00
     829   1.0064887323E+00
     830   1.0063268343E+00
     831   1.0063085374E+00
     832   1.0063840989E+00
     833   1.0064558321E+00
     834   1.0063931246E+00
     835   1.0060978248E+00
     836   1.0055741294E+00
     837   1.0049409095E+00
     838   1.0043710905E+00
     839   1.0040066300E+00
     840   1.0039156430E+00
     841   1.0041144708E+00
     842   1.0046158897E+00
     843   1.0054449327E+00
     844   1.0066043849E+00
     845   1.0080292501E+00
     846   1.0095848822E+00
     847   1.0111213508E+00
     848   1.0125388366E+00
     849   1.0138045394E+00
     850   1.0149093405E+00
     851   1.0158137058E+00
     852   1.0164419966E+00
     853   1.0167324060E+00
     854   1.0167102954E+00
     855   1.0164165985E+00
     856   1.0158530402E+00
     857   1.0151300330E+00
     858   1.0141519739E+00
     859   1.0128668794E+00
     860   1.0112832657E+00
     861   1.0094662208E+00
     862   1.0074865361E+00
     863   1.0053806806E+00
     864   1.0031659298E+00
     865   1.0008943540E+00
     866   9.9868679801E-01
     867   9.9670683484E-01
     868   9.9509564609E-01
     869   9.9392632780E-01
     870   9.9321458313E-01
     871   9.9296638172E-01
     872   9.9320808968E-01
     873   9.9396406958E-01
     874   9.9520184166E-01
     875   9.9679987162E-01
     876   9.9857345485E-01
     877   1.0003392281E+00
     878   1.0019616837E+00
     879   1.0033453024E+00
     880   1.0043956824E+00
     881   1.0050088501E+00
     882   1.0051183062E+00
     883   1.0047640671E+00
     884   1.0041143871E+00
     885   1.0034079841E+00
     886   1.0028571233E+00
     887   1.0025849956E+00
     888   1.0026331248E+00
     889   1.0030076521E+00
     890   1.0037032291E+00
     891   1.0046780646E+00
     892   1.0058161020E+00
     893   1.0069357215E+00
     894   1.0078618684E+00
     895   1.0085119054E+00
     896   1.0089230569E+00
     897   1.0091989229E+00
     898   1.0094262480E+00
     899   1.0096358441E+00
     900   1.0098305660E+00
     901   1.0100341862E+00
     902   1.0102977818E+00
     903   1.0106521994E+00
     904   1.0110597839E+00
     905   1.0114261564E+00
     906   1.0116913308E+00
     907   1.0118211687E+00
     908   1.0119134052E+00
     909   1.0120936722E+00
     910   1.0123757701E+00
     911   1.0127122439E+00
     912   1.0130360920E+00
     913   1.0133179085E+00
     914   1.0135623205E+00
     915   1.0137517666E+00
     916   1.0138054224E+00
     917   1.0136082996E+00
     918   1.0130926657E+00
     919   1.0122974941E+00
     920   1.0113508902E+00
     921   1.0103965441E+00
     922   1.0095373941E+00
     923   1.0088442104E+00
     924   1.0084023904E+00
     925   1.0083268489E+00
     926   1.0087083529E+00
     927   1.0095368959E+00
     928   1.0106593369E+00
     929   1.0117872887E+00
     930   1.0127468367E+00
     931   1.0134075305E+00
     932   1.0137423977E+00
     933   1.0137615066E+00
     934   1.0134802221E+00
     935   1.0129488340E+00
     936   1.0122986147E+00
     937   1.0117334167E+00
     938   1.0114490309E+00
     939   1.0115399113E+00
     940   1.0119728476E+00
     941   1.0126478217E+00
     942   1.0134855015E+00
     943   1.0144595108E+00
     944   1.0155510333E+00
     945   1.0166843493E+00
     946   1.0177626710E+00
     947   1.0185851243E+00
     948   1.0190981926E+00
     949   1.0194688500E+00
     950   1.0197674826E+00
     951   1.0200593261E+00
     952   1.0203480045E+00
     953   1.0206291574E+00
     954   1.0209442249E+00
     955   1.0213679256E+00
     956   1.0219375323E+00
     957   1.0225995449E+00
     958   1.0233081437E+00
     959   1.0238287036E+00
     960   1.0241668508E+00
     961   1.0245161434E+00
     962   1.0248442925E+00
     963   1.0250813623E+00
     964   1.0250783300E+00
     965   1.0246960704E+00
     966   1.0238757218E+00
     967   1.0226341033E+00
     968   1.0210271191E+00
     969   1.0191024115E+00
     970   1.0168167554E+00
     971   1.0145295070E+00
     972   1.0124640922E+00
     973   1.0108962629E+00
     974   1.0100007324E+00
     975   1.0097923427E+00
     976   1.0101662012E+00
     977   1.0109787981E+00
     978   1.0120920132E+00
     979   1.0133509024E+00
     980   1.0145411604E+00
     981   1.0153974682E+00
     982   1.0156814500E+00
     983   1.0152724570E+00
     984   1.0141936242E+00
     985   1.0125552265E+00
     986   1.0104750073E+00
     987   1.0080506868E+00
     988   1.0053972368E+00
     989   1.0026911550E+00
     990   1.0001569135E+00
     991   9.9799420661E-01
     992   9.9630708260E-01
     993   9.9509755226E-01
     994   9.9432355370E-01
     995   9.9396468255E-01
     996   9.9403565921E-01
     997   9.9454283312E-01
     998   9.9543430346E-01
     999   9.9659969556E-01
    1000   9.9792549892E-01
    1001   9.9935753969E-01
    1002   1.0009141641E+00
    1003   1.0026416092E+00
    1004   1.0045577595E+00
    1005   1.0066382267E+00
    1006   1.0088506619E+00
    1007   1.0111921357E+00
    1008   1.0137074967E+00
    1009   1.0162613235E+00
    1010   1.0187302719E+00
    1011   1.0208563260E+00
    1012   1.0223318299E+00
    1013   1.0229280718E+00
    1014   1.0225230313E+00
    1015   1.0210813115E+00
    1016   1.0186258889E+00
    1017   1.0152484912E+00
    1018   1.0111481982E+00
    1019   1.0066436022E+00
    1020   1.0021213196E+00
    1021   9.9794406154E-01
    1022   9.9437821971E-01
    1023   9.9157914027E-01
    1024   9.8961888365E-01
    1025   9.8851104786E-01
    1026   9.8820462624E-01
    1027   9.8856218864E-01
    1028   9.8936190943E-01
    1029   9.9034683607E-01
    1030   9.9130247992E-01
    1031   9.9211418070E-01
    1032   9.9276833960E-01
    1033   9.9330700873E-01
    1034   9.9377988941E-01
    1035   9.9422975631E-01
    1036   9.9470730049E-01
    1037   9.9528070306E-01
    1038   9.9601389847E-01
    1039   9.9692461452E-01
    1040   9.9795937034E-01
    1041   9.9901073271E-01
    1042   9.9996452281E-01
    1043   1.0007375127E+00
    1044   1.0012780036E+00
    1045   1.0015401049E+00
    1046   1.0014687797E+00
    1047   1.0010196130E+00
    1048   1.0001994750E+00
    1049   9.9908980120E-01
    1050   9.9782894526E-01
    1051   9.9656735571E-01
    1052   9.9543144432E-01
    1053   9.9451757223E-01
    1054   9.9390503121E-01
    1055   9.9365857863E-01
    1056   9.9380568422E-01
    1057   9.9430406149E-01
    1058   9.9503165222E-01
    1059   9.9581610726E-01
    1060   9.9648944918E-01
    1061   9.9693337622E-01
    1062   9.9709227046E-01
    1063   9.9696078522E-01
    1064   9.9657065563E-01
    1065   9.9599153524E-01
    1066   9.9534558145E-01
    1067   9.9476837891E-01
    1068   9.9438718249E-01
    1069   9.9426647108E-01
    1070   9.9438987832E-01
    1071   9.9468089221E-01
    1072   9.9504520501E-01
    1073   9.9540411852E-01
    1074   9.9570337161E-01
    1075   9.9590715697E-01
    1076   9.9599856510E-01
    1077   9.9599306753E-01
    1078   9.9595029629E-01
    1079   9.9596321908E-01
    1080   9.9612308619E-01
    1081   9.9648189175E-01
    1082   9.9703870468E-01
    1083   9.9775556223E-01
    1084   9.9858466757E-01
    1085   9.9948220724E-01
    1086   1.0004022664E+00
    1087   1.0012861979E+00
    1088   1.0020665345E+00
    1089   1.0026857678E+00
    1090   1.0031117444E+00
    1091   1.0033320634E+00
    1092   1.0033326614E+00
    1093   1.0030847421E+00
    1094   1.0025589213E+00
    1095   1.0017584477E+00
    1096   1.0007432075E+00
    1097   9.9962227286E-01
    1098   9.9852108929E-01
    1099   9.9754981678E-01
    1100   9.9679302791E-01
    1101   9.9631518498E-01
    1102   9.9616066659E-01
    1103   9.9633626575E-01
    1104   9.9678981349E-01
    1105   9.9741200161E-01
    1106   9.9807427883E-01
    1107   9.9868366149E-01
    1108   9.9921715673E-01
    1109   9.9971197667E-01
    1110   1.0002233612E+00
    1111   1.0007854877E+00
    1112   1.0014016098E+00
    1113   1.0020573442E+00
    1114   1.0027307108E+00
    1115   1.0033825600E+00
    1116   1.0039408056E+00
    1117   1.0043073145E+00
    1118   1.0043987971E+00
    1119   1.0041971151E+00
    1120   1.0037684584E+00
    1121   1.0032330815E+00
    1122   1.0027092158E+00
    1123   1.0022748914E+00
    1124   1.0019711083E+00
    1125   1.0018286913E+00
    1126   1.0018813998E+00
    1127   1.0021461384E+00
    1128   1.0025886748E+00
    1129   1.0031110077E+00
    1130   1.0035773503E+00
    1131   1.0038585652E+00
    1132   1.0038588814E+00
    1133   1.0035098867E+00
    1134   1.0027543129E+00
    1135   1.0015551459E+00
    1136   9.9993837190E-01
    1137   9.9803633057E-01
    1138   9.9608701717E-01
    1139   9.9437669335E-01
    1140   9.9315840719E-01
    1141   9.9259401317E-01
    1142   9.9274110120E-01
    1143   9.9356736209E-01
    1144   9.9496103400E-01
    1145   9.9672691295E-01
    1146   9.9858913181E-01
    1147   1.0002305369E+00
    1148   1.0013711921E+00
    1149   1.0018481902E+00
    1150   1.0016473907E+00
    1151   1.0008714523E+00
    1152   9.9967707806E-01
    1153   9.9823061877E-01
    1154   9.9670096670E-01
    1155   9.9526537901E-01
    1156   9.9409271120E-01
    1157   9.9329860700E-01
    1158   9.9290425065E-01
    1159   9.9283572771E-01
    1160   9.9296927265E-01
    1161   9.9318908312E-01
    1162   9.9341657808E-01
    1163   9.9360064607E-01
    1164   9.9369695193E-01
    1165   9.9367158622E-01
    1166   9.9353283982E-01
    1167   9.9335677869E-01
    1168   9.9326892951E-01
    1169   9.9338245218E-01
    1170   9.9373516891E-01
    1171   9.9427237319E-01
    1172   9.9488507389E-01
    1173   9.9546785605E-01
    1174   9.9594937571E-01
    1175   9.9628183755E-01
    1176   9.9641844495E-01
    1177   9.9631625106E-01
    1178   9.9596879696E-01
    1179   9.9543317612E-01
    1180   9.9481360340E-01
    1181   9.9420431980E-01
    1182   9.9363674209E-01
    1183   9.9307615335E-01
    1184   9.9247105212E-01
    1185   9.9180650594E-01
    1186   9.9113125402E-01
    1187   9.9055097774E-01
    1188   9.9008827992E-01
    1189   9.8976905256E-01
    1190   9.8959284700E-01
    1191   9.8956942577E-01
    1192   9.8971732571E-01
    1193   9.9002817002E-01
    1194   9.9043353904E-01
    1195   9.9081310376E-01
    1196   9.9104631390E-01
    1197   9.9106785016E-01
    1198   9.9088189436E-01
    1199   9.9052879597E-01
    1200   9.9004222816E-01
    1201   9.8944080625E-01
    1202   9.8876088281E-01
    1203   9.8809346817E-01
    1204   9.8758245481E-01
    1205   9.8737855491E-01
    1206   9.8758569148E-01
    1207   9.8824219546E-01
    1208   9.8934487636E-01
    1209   9.9088259866E-01
    1210   9.9283539786E-01
    1211   9.9515499093E-01
    1212   9.9768899158E-01
    1213   1.0002154723E+00
    1214   1.0025038788E+00
    1215   1.0043666461E+00
    1216   1.0056790015E+00
    1217   1.0063691803E+00
    1218   1.0063982333E+00
    1219   1.0057374367E+00
    1220   1.0044220185E+00
    1221   1.0025841294E+00
    1222   1.0004375581E+00
    1223   9.9821459143E-01
    1224   9.9610313254E-01
    1225   9.9422896658E-01
    1226   9.9268253558E-01
    1227   9.9154613626E-01
    1228   9.9088269114E-01
    1229   9.9075210465E-01
    1230   9.9104923109E-01
    1231   9.9163542064E-01
    1232   9.9234913152E-01
    1233   9.9305653130E-01
    1234   9.9366490004E-01
    1235   9.9409300955E-01
    1236   9.9424297459E-01
    1237   9.9401330877E-01
    1238   9.9334988873E-01
    1239   9.9229022514E-01
    1240   9.9095863496E-01
    1241   9.8951460544E-01
    1242   9.8809807973E-01
    1243   9.8681253145E-01
    1244   9.8574523473E-01
    1245   9.8498781535E-01
    1246   9.8462340847E-01
    1247   9.8468490925E-01
    1248   9.8512274291E-01
    1249   9.8581671552E-01
    1250   9.8662916515E-01
    1251   9.8745775808E-01
    1252   9.8823728829E-01
    1253   9.8900222275E-01
    1254   9.8966444524E-01
    1255   9.9018324434E-01
    1256   9.9054480953E-01
    1257   9.9078313114E-01
    1258   9.9097958238E-01
    1259   9.9121358513E-01
    1260   9.9151192674E-01
    1261   9.9183700443E-01
    1262   9.9211731244E-01
    1263   9.9228563779E-01
    1264   9.9228861208E-01
    1265   9.9206697497E-01
    1266   9.9154161645E-01
    1267   9.9063766321E-01
    1268   9.8933918874E-01
    1269   9.8773081695E-01
    1270   9.8598700261E-01
    1271   9.8431351121E-01
    1272   9.8288548980E-01
    1273   9.8182402043E-01
    1274   9.8119869827E-01
    1275   9.8106547230E-01
    1276   9.8163817020E-01
    1277   9.8275775730E-01
    1278   9.8439855100E-01
    1279   9.8642595620E-01
    1280   9.8866694205E-01
    1281   9.9096822465E-01
    1282   9.9321362626E-01
    1283   9.9530147211E-01
    1284   9.9711378224E-01
    1285   9.9851680058E-01
    1286   9.9939905035E-01
    1287   9.9971281751E-01
    1288   9.9947844452E-01
    1289   9.9874804517E-01
    1290   9.9756637366E-01
    1291   9.9596875119E-01
    1292   9.9401624333E-01
    1293   9.9182880953E-01
    1294   9.8957701678E-01
    1295   9.8743351601E-01
    1296   9.8552337453E-01
    1297   9.8391167605E-01
    1298   9.8263012559E-01
    1299   9.8171021922E-01
    1300   9.8117150392E-01
    1301   9.8101668329E-01
    1302   9.8136075980E-01
    1303   9.8195880038E-01
    1304   9.8277406977E-01
    1305   9.8376084148E-01
    1306   9.8490117626E-01
    1307   9.8618081785E-01
    1308   9.8755363922E-01
    1309   9.8893799769E-01
    1310   9.9025044881E-01
    1311   9.9144485718E-01
    1312   9.9251705840E-01
    1313   9.9346732609E-01
    1314   9.9425409472E-01
    1315   9.9478307653E-01
    1316   9.9494385932E-01
    1317   9.9466351963E-01
    1318   9.9393433374E-01
    1319   9.9280216230E-01
    1320   9.9134162929E-01
    1321   9.8965290462E-01
    1322   9.8788374940E-01
    1323   9.8623578576E-01
    1324   9.8493761213E-01
    1325   9.8431579012E-01
    1326   9.8438440790E-01
    1327   9.8514160230E-01
    1328   9.8645892811E-01
    1329   9.8813933152E-01
    1330   9.8996267065E-01
    1331   9.9170223325E-01
    1332   9.9313675723E-01
    1333   9.9408651370E-01
    1334   9.9447373664E-01
    1335   9.9436971427E-01
    1336   9.9398425940E-01
    1337   9.9359076955E-01
    1338   9.9342894609E-01
    1339   9.9364152300E-01
    1340   9.9426836334E-01
    1341   9.9527526973E-01
    1342   9.9657693884E-01
    1343   9.9803603457E-01
    1344   9.9945868623E-01
    1345   1.0006211065E+00
    1346   1.0013345397E+00
    1347   1.0015136448E+00
    1348   1.0012003070E+00
    1349   1.0005272059E+00
    1350   9.9965343470E-01
    1351   9.9872101156E-01
    1352   9.9785065808E-01
    1353   9.9715237088E-01
    1354   9.9671464866E-01
    1355   9.9656535995E-01
    1356   9.9663615476E-01
    1357   9.9677100908E-01
    1358   9.9678625449E-01
    1359   9.9654548315E-01
    1360   9.9599988517E-01
    1361   9.9517562181E-01
    1362   9.9413488050E-01
    1363   9.9295294273E-01
    1364   9.9172569081E-01
    1365   9.9058284281E-01
    1366   9.8967314991E-01
    1367   9.8911226195E-01
    1368   9.8893579954E-01
    1369   9.8915467179E-01
    1370   9.8962042202E-01
    1371   9.9026152317E-01
    1372   9.9102744764E-01
    1373   9.9187821354E-01
    1374   9.9275503180E-01
    1375   9.9357357573E-01
    1376   9.9425602083E-01
    1377   9.9477341314E-01
    1378   9.9515633757E-01
    1379   9.9546070189E-01
    1380   9.9571847016E-01
    1381   9.9591791961E-01
    1382   9.9602833176E-01
    1383   9.9604041024E-01
    1384   9.9597950858E-01
    1385   9.9587784458E-01
    1386   9.9573480263E-01
    1387   9.9550824567E-01
    1388   9.9514942654E-01
    1389   9.9465042676E-01
    1390   9.9405976735E-01
    1391   9.9345231774E-01
    1392   9.9288373902E-01
    1393   9.9237380626E-01
    1394   9.9193294406E-01
    1395   9.9160292256E-01
    1396   9.9146834136E-01
    1397   9.9162340745E-01
    1398   9.9212075013E-01
    1399   9.9294489147E-01
    1400   9.9402786436E-01
    1401   9.9528423572E-01
    1402   9.9662665226E-01
    1403   9.9794719256E-01
    1404   9.9909046745E-01
    1405   9.9986007582E-01
    1406   1.0000718657E+00
    1407   9.9962165494E-01
    1408   9.9851735721E-01
    1409   9.9685559184E-01
    1410   9.9477083631E-01
    1411   9.9240289015E-01
    1412   9.8987875349E-01
    1413   9.8741171424E-01
    1414   9.8520984550E-01
    1415   9.8343041362E-01
    1416   9.8220754665E-01
    1417   9.8159010900E-01
    1418   9.8157732596E-01
    1419   9.8215683614E-01
    1420   9.8331852961E-01
    1421   9.8503077474E-01
    1422   9.8720146176E-01
    1423   9.8966276598E-01
    1424   9.9219974161E-01
    1425   9.9460517774E-01
    1426   9.9672005460E-01
    1427   9.9843527270E-01
    1428   9.9966945417E-01
    1429   1.0003600682E+00
    1430   1.0004864435E+00
    1431   1.0001037462E+00
    1432   9.9934818070E-01
    1433   9.9839868380E-01
    1434   9.9742230919E-01
    1435   9.9654657681E-01
    1436   9.9587539587E-01
    1437   9.9552322496E-01
    1438   9.9562432580E-01
    1439   9.9629850442E-01
    1440   9.9759576579E-01
    1441   9.9946189306E-01
    1442   1.0017483117E+00
    1443   1.0042522472E+00
    1444   1.0067513850E+00
    1445   1.0090137068E+00
    1446   1.0107989429E+00
    1447   1.0118840027E+00
    1448   1.0121206049E+00
    1449   1.0114925610E+00
    1450   1.0101260567E+00
    1451   1.0082393019E+00
    1452   1.0060655304E+00
    1453   1.0037990086E+00
    1454   1.0015847464E+00
    1455   9.9953133208E-01
    1456   9.9771279381E-01
    1457   9.9615032465E-01
    1458   9.9479722244E-01
    1459   9.9355619031E-01
    1460   9.9233109970E-01
    1461   9.9108243130E-01
    1462   9.8984831144E-01
    1463   9.8872045711E-01
    1464   9.8779920626E-01
    1465   9.8716220115E-01
    1466   9.8686030311E-01
    1467   9.8692556994E-01
    1468   9.8736677830E-01
    1469   9.8813178437E-01
    1470   9.8915488404E-01
    1471   9.9026494306E-01
    1472   9.9126408502E-01
    1473   9.9204661175E-01
    1474   9.9256418501E-01
    1475   9.9283378085E-01
    1476   9.9290729585E-01
    1477   9.9285066764E-01
    1478   9.9274482308E-01
    1479   9.9269319648E-01
    1480   9.9281123922E-01
    1481   9.9319246753E-01
    1482   9.9387183758E-01
    1483   9.9481368145E-01
    1484   9.9593153144E-01
    1485   9.9712099181E-01
    1486   9.9827836728E-01
    1487   9.9929671631E-01
    1488   1.0000575567E+00
    1489   1.0004431325E+00
    1490   1.0003730255E+00
    1491   9.9984150633E-01
    1492   9.9892561902E-01
    1493   9.9775720361E-01
    1494   9.9648139615E-01
    1495   9.9523027800E-01
    1496   9.9411937732E-01
    1497   9.9325054784E-01
    1498   9.9270085013E-01
    1499   9.9249664007E-01
    1500   9.9259390068E-01
    1501   9.9288689371E-01
    1502   9.9324591352E-01
    1503   9.9356167517E-01
    1504   9.9376961609E-01
    1505   9.9384656021E-01
    1506   9.9379632439E-01
    1507   9.9364537659E-01
    1508   9.9345157351E-01
    1509   9.9330929827E-01
    1510   9.9333329271E-01
    1511   9.9362306314E-01
    1512   9.9423054798E-01
    1513   9.9515359234E-01
    1514   9.9635674668E-01
    1515   9.9779929677E-01
    1516   9.9944768522E-01
    1517   1.0012678804E+00
    1518   1.0032147409E+00
    1519   1.0052368418E+00
    1520   1.0072955799E+00
    1521   1.0093779017E+00
    1522   1.0114838341E+00
    1523   1.0135929046E+00
    1524   1.0156359226E+00
    1525   1.0174958070E+00
    1526   1.0190356294E+00
    1527   1.0201297254E+00
    1528   1.0206759903E+00
    1529   1.0205911087E+00
    1530   1.0198101980E+00
    1531   1.0183053942E+00
    1532   1.0161129737E+00
    1533   1.0133443129E+00
    1534   1.0101687351E+00
    1535   1.0067753389E+00
    1536   1.0033448365E+00
    1537   1.0000852738E+00
    1538   9.9716693113E-01
    1539   9.9476073352E-01
    1540   9.9303499002E-01
    1541   9.9207840351E-01
    1542   9.9190265674E-01
    1543   9.9245843525E-01
    1544   9.9364744005E-01
    1545   9.9533660517E-01
    1546   9.9735762102E-01
    1547   9.9950451886E-01
    1548   1.0015467819E+00
    1549   1.0032628111E+00
    1550   1.0044785570E+00
    1551   1.0050893367E+00
    1552   1.0050562510E+00
    1553   1.0043902255E+00
    1554   1.0031437933E+00
    1555   1.0014161405E+00
    1556   9.9935678710E-01
    1557   9.9715057199E-01
    1558   9.9498329518E-01
    1559   9.9300694792E-01
    1560   9.9132504451E-01
    1561   9.9000120800E-01
    1562   9.8907540273E-01
    1563   9.8857032714E-01
    1564   9.8848449431E-01
    1565   9.8878452680E-01
    1566   9.8941110306E-01
    1567   9.9029933653E-01
    1568   9.9139854756E-01
    1569   9.9267480360E-01
    1570   9.9409362235E-01
    1571   9.9559814691E-01
    1572   9.9710239318E-01
    1573   9.9850589444E-01
    1574   9.9971735708E-01
    1575   1.0006693860E+00
    1576   1.0013180160E+00
    1577   1.0016374060E+00
    1578   1.0016234646E+00
    1579   1.0013069885E+00
    1580   1.0007612876E+00
    1581   1.0000897086E+00
    1582   9.9939566578E-01
    1583   9.9875515070E-01
    1584   9.9821115222E-01
    1585   9.9779109748E-01
    1586   9.9752871128E-01
    1587   9.9746958874E-01
    1588   9.9765611506E-01
    1589   9.9810660577E-01
    1590   9.9880764686E-01
    1591   9.9972524006E-01
    1592   1.0008225792E+00
    1593   1.0020679111E+00
    1594   1.0034280456E+00
    1595   1.0048589539E+00
    1596   1.0063078450E+00
    1597   1.0077283113E+00
    1598   1.0090943282E+00
    1599   1.0103976499E+00
    1600   1.0116289989E+00
    1601   1.0127606330E+00
    1602   1.0137485881E+00
    1603   1.0145554695E+00
    1604   1.0151748348E+00
    1605   1.0156358236E+00
    1606   1.0159866015E+00
    1607   1.0163014495E+00
    1608   1.0164763034E+00
    1609   1.0165792436E+00
    1610   1.0165890363E+00
    1611   1.0164482618E+00
    1612   1.0161012836E+00
    1613   1.0154820609E+00
    1614   1.0145362095E+00
    1615   1.0132530599E+00
    1616   1.0116873438E+00
    1617   1.0099548254E+00
    1618   1.0082054874E+00
    1619   1.0065925699E+00
    1620   1.0052538288E+00
    1621   1.0043057387E+00
    1622   1.0038386276E+00
    1623   1.0039028001E+00
    1624   1.0044897184E+00
    1625   1.0055226674E+00
    1626   1.0068685251E+00
    1627   1.0083676625E+00
    1628   1.0098659511E+00
    1629   1.0112327685E+00
    1630   1.0123693714E+00
    1631   1.0131999206E+00
    1632   1.0135788118E+00
    1633   1.0135388840E+00
    1634   1.0130527273E+00
    1635   1.0121393345E+00
    1636   1.0108472224E+00
    1637   1.0092464788E+00
    1638   1.0074322042E+00
    1639   1.0055297528E+00
    1640   1.0036894620E+00
    1641   1.0020641853E+00
    1642   1.0007768684E+00
    1643   9.9989432487E-01
    1644   9.9942032658E-01
    1645   9.9930864748E-01
    1646   9.9948581512E-01
    1647   9.9987155483E-01
    1648   1.0003924005E+00
    1649   1.0009914101E+00
    1650   1.0016379110E+00
    1651   1.0023351019E+00
    1652   1.0031183992E+00
    1653   1.0040392148E+00
    1654   1.0051379481E+00
    1655   1.0064176770E+00
    1656   1.0078302629E+00
    1657   1.0092788439E+00
    1658   1.0106326436E+00
    1659   1.0117468995E+00
    1660   1.0124843145E+00
    1661   1.0127381351E+00
    1662   1.0124558207E+00
    1663   1.0116568694E+00
    1664   1.0104356586E+00
    1665   1.0089442844E+00
    1666   1.0073603616E+00
    1667   1.0058524615E+00
    1668   1.0045560139E+00
    1669   1.0035595825E+00
    1670   1.0029062372E+00
    1671   1.0026053786E+00
    1672   1.0026243589E+00
    1673   1.0029082972E+00
    1674   1.0033906180E+00
    1675   1.0040083860E+00
    1676   1.0047135673E+00
    1677   1.0054740423E+00
    1678   1.0062633425E+00
    1679   1.0070448774E+00
    1680   1.0077591725E+00
    1681   1.0083206005E+00
    1682   1.0086247288E+00
    1683   1.0085633275E+00
    1684   1.0080430671E+00
    1685   1.0070055733E+00
    1686   1.0054467966E+00
    1687   1.0034322240E+00
    1688   1.0011018747E+00
    1689   9.9865968682E-01
    1690   9.9634629313E-01
    1691   9.9440144239E-01
    1692   9.9302652452E-01
    1693   9.9235695479E-01
    1694   9.9244840038E-01
    1695   9.9327500395E-01
    1696   9.9473478359E-01
    1697   9.9665961909E-01
    1698   9.9883092136E-01
    1699   1.0010040683E+00
    1700   1.0029416176E+00
    1701   1.0044495348E+00
    1702   1.0054063242E+00
    1703   1.0057769382E+00
    1704   1.0056095495E+00
    1705   1.0050195169E+00
    1706   1.0041660837E+00
    1707   1.0032253736E+00
    1708   1.0023611407E+00
    1709   1.0016969895E+00
    1710   1.0012967958E+00
    1711   1.0011604353E+00
    1712   1.0012362232E+00
    1713   1.0014438577E+00
    1714   1.0016966415E+00
    1715   1.0019149533E+00
    1716   1.0020306425E+00
    1717   1.0019887218E+00
    1718   1.0017522255E+00
    1719   1.0013105628E+00
    1720   1.0006857735E+00
    1721   9.9993152905E-01
    1722   9.9912447097E-01
    1723   9.9835213918E-01
    1724   9.9770120294E-01
    1725   9.9724649829E-01
    1726   9.9703906520E-01
    1727   9.9709417260E-01
    1728   9.9738496283E-01
    1729   9.9784857098E-01
    1730   9.9840592664E-01
    1731   9.9898788370E-01
    1732   9.9955511869E-01
    1733   1.0001026871E+00
    1734   1.0006500374E+00
    1735   1.0012252723E+00
    1736   1.0018527454E+00
    1737   1.0025471209E+00
    1738   1.0033109258E+00
    1739   1.0041321816E+00
    1740   1.0049833054E+00
    1741   1.0058253993E+00
    1742   1.0066191156E+00
    1743   1.0073370298E+00
    1744   1.0079689648E+00
    1745   1.0085158544E+00
    1746   1.0089767722E+00
    1747   1.0093391842E+00
    1748   1.0095791890E+00
    1749   1.0096697805E+00
    1750   1.0095890849E+00
    1751   1.0093225510E+00
    1752   1.0088611017E+00
    1753   1.0082023084E+00
    1754   1.0073587820E+00
    1755   1.0063698250E+00
    1756   1.0053077345E+00
    1757   1.0042728672E+00
    1758   1.0033799170E+00
    1759   1.0027430164E+00
    1760   1.0024622500E+00
    1761   1.0026126170E+00
    1762   1.0032338389E+00
    1763   1.0043073285E+00
    1764   1.0057481476E+00
    1765   1.0074074531E+00
    1766   1.0090962835E+00
    1767   1.0106230576E+00
    1768   1.0118309982E+00
    1769   1.0126235750E+00
    1770   1.0129756680E+00
    1771   1.0129345145E+00
    1772   1.0126136727E+00
    1773   1.0121771222E+00
    1774   1.0118097131E+00
    1775   1.0116761248E+00
    1776   1.0118803069E+00
    1777   1.0124399455E+00
    1778   1.0132843434E+00
    1779   1.0142721026E+00
    1780   1.0152187298E+00
    1781   1.0159254681E+00
    1782   1.0162199748E+00
    1783   1.0159653741E+00
    1784   1.0149964092E+00
    1785   1.0134548641E+00
    1786   1.0114132096E+00
    1787   1.0090320476E+00
    1788   1.0064988897E+00
    1789   1.0039926525E+00
    1790   1.0016662845E+00
    1791   9.9964060480E-01
    1792   9.9800158696E-01
    1793   9.9679578919E-01
    1794   9.9602602070E-01
    1795   9.9565248290E-01
    1796   9.9560290035E-01
    1797   9.9578859334E-01
    1798   9.9612064903E-01
    1799   9.9652185371E-01
    1800   9.9693509978E-01
    1801   9.9733030817E-01
    1802   9.9770985575E-01
    1803   9.9810756752E-01
    1804   9.9857695236E-01
    1805   9.9916992372E-01
    1806   9.9991518425E-01
    1807   1.0008068350E+00
    1808   1.0018085852E+00
    1809   1.0028686421E+00
    1810   1.0039352980E+00
    1811   1.0049651515E+00
    1812   1.0059237228E+00
    1813   1.0067830820E+00
    1814   1.0075208751E+00
    1815   1.0081199973E+00
    1816   1.0085662616E+00
    1817   1.0088439703E+00
    1818   1.0089344872E+00
    1819   1.0088229091E+00
    1820   1.0085124653E+00
    1821   1.0080382502E+00
    1822   1.0074702198E+00
    1823   1.0069013062E+00
    1824   1.0064264303E+00
    1825   1.0061224269E+00
    1826   1.0060361477E+00
    1827   1.0061805134E+00
    1828   1.0065341691E+00
    1829   1.0070418870E+00
    1830   1.0076179828E+00
    1831   1.0081560766E+00
    1832   1.0085453581E+00
    1833   1.0086880423E+00
    1834   1.0085117643E+00
    1835   1.0079752781E+00
    1836   1.0070725059E+00
    1837   1.0058401079E+00
    1838   1.0043677583E+00
    1839   1.0028026135E+00
    1840   1.0013384225E+00
    1841   1.0001868124E+00
    1842   9.9953893557E-01
    1843   9.9952989453E-01
    1844   1.0002152197E+00
    1845   1.0015626801E+00
    1846   1.0034556254E+00
    1847   1.0056972659E+00
    1848   1.0080488976E+00
    1849   1.0102614407E+00
    1850   1.0121245574E+00
    1851   1.0135063072E+00
    1852   1.0143724092E+00
    1853   1.0147793544E+00
    1854   1.0148480794E+00
    1855   1.0147307188E+00
    1856   1.0145800556E+00
    1857   1.0145241225E+00
    1858   1.0146449429E+00
    1859   1.0149627431E+00
    1860   1.0154314513E+00
    1861   1.0159502245E+00
    1862   1.0163889402E+00
    1863   1.0166191985E+00
    1864   1.0165738128E+00
    1865   1.0160760838E+00
    1866   1.0151697127E+00
    1867   1.0138987791E+00
    1868   1.0123106884E+00
    1869   1.0105177070E+00
    1870   1.0086581641E+00
    1871   1.0068718121E+00
    1872   1.0052766092E+00
    1873   1.0039555713E+00
    1874   1.0029549686E+00
    1875   1.0022881497E+00
    1876   1.0019389703E+00
    1877   1.0018637223E+00
    1878   1.0019958543E+00
    1879   1.0022571589E+00
    1880   1.0025732607E+00
    1881   1.0028861064E+00
    1882   1.0031576078E+00
    1883   1.0033651937E+00
    1884   1.0034964124E+00
    1885   1.0035489009E+00
    1886   1.0035351300E+00
    1887   1.0034847130E+00
    1888   1.0034384043E+00
    1889   1.0034349870E+00
    1890   1.0034993599E+00
    1891   1.0036396859E+00
    1892   1.0038540726E+00
    1893   1.0041395133E+00
    1894   1.0044956068E+00
    1895   1.0049212554E+00
    1896   1.0054092478E+00
    1897   1.0059441161E+00
    1898   1.0065033143E+00
    1899   1.0070563992E+00
    1900   1.0075590137E+00
    1901   1.0079452011E+00
    1902   1.0081272862E+00
    1903   1.0080100480E+00
    1904   1.0075164382E+00
    1905   1.0066131091E+00
    1906   1.0053245530E+00
    1907   1.0037321159E+00
    1908   1.0019624640E+00
    1909   1.0001717949E+00
    1910   9.9852769342E-01
    1911   9.9718662066E-01
    1912   9.9626813744E-01
    1913   9.9583257670E-01
    1914   9.9587161010E-01
    1915   9.9631644579E-01
    1916   9.9705929030E-01
    1917   9.9797711393E-01
    1918   9.9894946160E-01
    1919   9.9986960673E-01
    1920   1.0006546592E+00
    1921   1.0012586229E+00
    1922   1.0016845772E+00
    1923   1.0019858166E+00
    1924   1.0022496318E+00
    1925   1.0025676804E+00
    1926   1.0030056591E+00
    1927   1.0035845742E+00
    1928   1.0042773467E+00
    1929   1.0050189440E+00
    1930   1.0057079562E+00
    1931   1.0062245448E+00
    1932   1.0064751461E+00
    1933   1.0063871942E+00
    1934   1.0059503309E+00
    1935   1.0052185462E+00
    1936   1.0042927996E+00
    1937   1.0032884058E+00
    1938   1.0023034617E+00
    1939   1.0014014464E+00
    1940   1.0006095621E+00
    1941   9.9992478689E-01
    1942   9.9932022131E-01
    1943   9.9875129490E-01
    1944   9.9816628810E-01
    1945   9.9752278389E-01
    1946   9.9680385784E-01
    1947   9.9602345958E-01
    1948   9.9521644956E-01
    1949   9.9441974219E-01
    1950   9.9365736451E-01
    1951   9.9293840555E-01
    1952   9.9226178335E-01
    1953   9.9163208100E-01
    1954   9.9108941626E-01
    1955   9.9061822158E-01
    1956   9.9023793904E-01
    1957   9.8995803997E-01
    1958   9.8978825581E-01
    1959   9.8973892107E-01
    1960   9.8981284976E-01
    1961   9.8999507956E-01
    1962   9.9025033177E-01
    1963   9.9053361889E-01
    1964   9.9080832955E-01
    1965   9.9105889716E-01
    1966   9.9128849127E-01
    1967   9.9150418505E-01
    1968   9.9170107987E-01
    1969   9.9185646760E-01
    1970   9.9193526252E-01
    1971   9.9189929420E-01
    1972   9.9171281222E-01
    1973   9.9134484083E-01
    1974   9.9077490648E-01
    1975   9.9000647306E-01
    1976   9.8908250270E-01
    1977   9.8809105128E-01
    1978   9.8714826041E-01
    1979   9.8635483719E-01
    1980   9.8590382915E-01
    1981   9.8578534116E-01
    1982   9.8603112810E-01
    1983   9.8663998517E-01
    1984   9.8757307248E-01
    1985   9.8876268757E-01
    1986   9.9011667974E-01
    1987   9.9153236003E-01
    1988   9.9291729611E-01
    1989   9.9420613232E-01
    1990   9.9536329554E-01
    1991   9.9637187892E-01
    1992   9.9721949286E-01
    1993   9.9789273400E-01
    1994   9.9838229746E-01
    1995   9.9869015846E-01
    1996   9.9882887520E-01
    1997   9.9881229733E-01
    1998   9.9864640070E-01
    1999   9.9832942169E-01
    2000   9.9786107088E-01
    2001   9.9725132763E-01
    2002   9.9651974946E-01
    2003   9.9568633789E-01
    2004   9.9476412871E-01
    2005   9.9376271188E-01
    2006   9.9270118226E-01
    2007   9.9161909297E-01
    2008   9.9057477862E-01
    2009   9.8963121384E-01
    2010   9.8884021507E-01
    2011   9.8823617388E-01
    2012   9.8784114365E-01
    2013   9.8766817784E-01
    2014   9.8771784222E-01
    2015   9.8806035587E-01
    2016   9.8860989526E-01
    2017   9.8934427281E-01
    2018   9.9022353190E-01
    2019   9.9120447701E-01
    2020   9.9224670268E-01
    2021   9.9330274475E-01
    2022   9.9430674826E-01
    2023   9.9517329533E-01
    2024   9.9580997257E-01
    2025   9.9613580600E-01
    2026   9.9609453758E-01
    2027   9.9565883493E-01
    2028   9.9483144990E-01
    2029   9.9365080282E-01
    2030   9.9220009036E-01
    2031   9.9060927338E-01
    2032   9.8903991240E-01
    2033   9.8765404981E-01
    2034   9.8658054952E-01
    2035   9.8589405501E-01
    2036   9.8561237933E-01
    2037   9.8570609359E-01
    2038   9.8610955808E-01
    2039   9.8672816719E-01
    2040   9.8743579174E-01
    2041   9.8811429029E-01
    2042   9.8868947806E-01
    2043   9.8901979059E-01
    2044   9.8909042311E-01
    2045   9.8889947302E-01
    2046   9.8846726975E-01
    2047   9.8783064548E-01
    2048   9.8704454435E-01
    2049   9.8618565245E-01
    2050   9.8534789244E-01
    2051   9.8462725801E-01
    2052   9.8410386475E-01
    2053   9.8383283355E-01
    2054   9.8384867872E-01
    2055   9.8417689857E-01
    2056   9.8484095251E-01
    2057   9.8585777195E-01
    2058   9.8722511247E-01
    2059   9.8890282331E-01
    2060   9.9084798909E-01
    2061   9.9297356146E-01
    2062   9.9514501275E-01
    2063   9.9726399984E-01
    2064   9.9920042920E-01
    2065   1.0008165481E+00
    2066   1.0019844006E+00
    2067   1.0026083800E+00
    2068   1.0026402251E+00
    2069   1.0020785780E+00
    2070   1.0009569325E+00
    2071   9.9933232472E-01
    2072   9.9728344133E-01
    2073   9.9491578474E-01
    2074   9.9236314612E-01
    2075   9.8977810687E-01
    2076   9.8731425060E-01
    2077   9.8510954797E-01
    2078   9.8327785552E-01
    2079   9.8190728946E-01
    2080   9.8105859416E-01
    2081   9.8075934322E-01
    2082   9.8099686888E-01
    2083   9.8171707970E-01
    2084   9.8283390207E-01
    2085   9.8424635916E-01
    2086   9.8585386521E-01
    2087   9.8756197286E-01
    2088   9.8927753874E-01
    2089   9.9090285527E-01
    2090   9.9238189951E-01
    2091   9.9360846866E-01
    2092   9.9455981933E-01
    2093   9.9524529409E-01
    2094   9.9570257625E-01
    2095   9.9598740128E-01
    2096   9.9616144093E-01
    2097   9.9628518134E-01
    2098   9.9641205835E-01
    2099   9.9657946717E-01
    2100   9.9679812734E-01
    2101   9.9704637197E-01
    2102   9.9727535646E-01
    2103   9.9742361963E-01
    2104   9.9743239864E-01
    2105   9.9725370471E-01
    2106   9.9685112270E-01
    2107   9.9620011570E-01
    2108   9.9529472305E-01
    2109   9.9415933578E-01
    2110   9.9285631851E-01
    2111   9.9148059591E-01
    2112   9.9014118025E-01
    2113   9.8893809707E-01
    2114   9.8794536446E-01
    2115   9.8720419331E-01
    2116   9.8672285343E-01
    2117   9.8647746236E-01
    2118   9.8641269150E-01
    2119   9.8644643797E-01
    2120   9.8648337793E-01
    2121   9.8643640101E-01
    2122   9.8624566438E-01
    2123   9.8586279075E-01
    2124   9.8539827563E-01
    2125   9.8484074385E-01
    2126   9.8425322884E-01
    2127   9.8372438947E-01
    2128   9.8333192194E-01
    2129   9.8314571924E-01
    2130   9.8321550128E-01
    2131   9.8356043665E-01
    2132   9.8416669585E-01
    2133   9.8499442433E-01
    2134   9.8598904908E-01
    2135   9.8708961067E-01
    2136   9.8823055643E-01
    2137   9.8934042139E-01
    2138   9.9034405658E-01
    2139   9.9117241530E-01
    2140   9.9177687652E-01
    2141   9.9213910739E-01
    2142   9.9227211241E-01
    2143   9.9225249199E-01
    2144   9.9213049821E-01
    2145   9.9200496212E-01
    2146   9.9198012229E-01
    2147   9.9215434219E-01
    2148   9.9260404402E-01
    2149   9.9336605603E-01
    2150   9.9442714208E-01
    2151   9.9572450971E-01
    2152   9.9715524443E-01
    2153   9.9858953834E-01
    2154   9.9988416466E-01
    2155   1.0008973615E+00
    2156   1.0015074957E+00
    2157   1.0016345928E+00
    2158   1.0012583112E+00
    2159   1.0004239332E+00
    2160   9.9923253728E-01
    2161   9.9781961185E-01
    2162   9.9633061271E-01
    2163   9.9490037477E-01
    2164   9.9363834346E-01
    2165   9.9261833229E-01
    2166   9.9187237272E-01
    2167   9.9139109742E-01
    2168   9.9113294183E-01
    2169   9.9104088434E-01
    2170   9.9106121264E-01
    2171   9.9115720092E-01
    2172   9.9131367286E-01
    2173   9.9153376819E-01
    2174   9.9183215363E-01
    2175   9.9222760826E-01
    2176   9.9273549882E-01
    2177   9.9335914220E-01
    2178   9.9408100665E-01
    2179   9.9485777208E-01
    2180   9.9562353553E-01
    2181   9.9630133568E-01
    2182   9.9681913065E-01
    2183   9.9712380672E-01
    2184   9.9718924765E-01
    2185   9.9701897781E-01
    2186   9.9664596486E-01
    2187   9.9613028680E-01
    2188   9.9555340815E-01
    2189   9.9500717505E-01
    2190   9.9457880496E-01
    2191   9.9433479010E-01
    2192   9.9431672490E-01
    2193   9.9454852856E-01
    2194   9.9500041018E-01
    2195   9.9563799255E-01
    2196   9.9639933884E-01
    2197   9.9720098052E-01
    2198   9.9794574633E-01
    2199   9.9853541541E-01
    2200   9.9888539949E-01
    2201   9.9893667698E-01
    2202   9.9866240190E-01
    2203   9.9807040430E-01
    2204   9.9720360583E-01
    2205   9.9613736613E-01
    2206   9.9497136823E-01
    2207   9.9381488101E-01
    2208   9.9276851251E-01
    2209   9.9190928542E-01
    2210   9.9128456009E-01
    2211   9.9091461125E-01
    2212   9.9079943983E-01
    2213   9.9092493189E-01
    2214   9.9126638579E-01
    2215   9.9179126230E-01
    2216   9.9246324423E-01
    2217   9.9324618630E-01
    2218   9.9410463851E-01
    2219   9.9499932198E-01
    2220   9.9588012785E-01
    2221   9.9668311433E-01
    2222   9.9733659181E-01
    2223   9.9777484312E-01
    2224   9.9795292678E-01
    2225   9.9785604795E-01
    2226   9.9750107753E-01
    2227   9.9693307785E-01
    2228   9.9622021693E-01
    2229   9.9544646264E-01
    2230   9.9469934385E-01
    2231   9.9405255925E-01
    2232   9.9354799649E-01
    2233   9.9318546639E-01
    2234   9.9292574357E-01
    2235   9.9270530985E-01
    2236   9.9245528375E-01
    2237   9.9211742958E-01
    2238   9.9165401558E-01
    2239   9.9104890318E-01
    2240   9.9031466800E-01
    2241   9.8954180740E-01
    2242   9.8876850127E-01
    2243   9.8809446814E-01
    2244   9.8760352480E-01
    2245   9.8735390381E-01
    2246   9.8737266634E-01
    2247   9.8765873860E-01
    2248   9.8819096718E-01
    2249   9.8893586897E-01
    2250   9.8985221993E-01
    2251   9.9089435279E-01
    2252   9.9201697741E-01
    2253   9.9318150404E-01
    2254   9.9435994503E-01
    2255   9.9553337151E-01
    2256   9.9668511902E-01
    2257   9.9779361980E-01
    2258   9.9883002521E-01
    2259   9.9976153425E-01
    2260   1.0005559327E+00
    2261   1.0011830858E+00
    2262   1.0016128981E+00
    2263   1.0018145082E+00
    2264   1.0017618635E+00
    2265   1.0014455787E+00
    2266   1.0008841724E+00
    2267   1.0001274486E+00
    2268   9.9924936957E-01
    2269   9.9833458118E-01
    2270   9.9746539347E-01
    2271   9.9671279466E-01
    2272   9.9612970270E-01
    2273   9.9574432737E-01
    2274   9.9555431970E-01
    2275   9.9552618762E-01
    2276   9.9560402591E-01
    2277   9.9572600515E-01
    2278   9.9584068187E-01
    2279   9.9591524310E-01
    2280   9.9593330462E-01
    2281   9.9588723183E-01
    2282   9.9577268596E-01
    2283   9.9558879001E-01
    2284   9.9534071924E-01
    2285   9.9503972903E-01
    2286   9.9469957491E-01
    2287   9.9433322429E-01
    2288   9.9395485454E-01
    2289   9.9358632488E-01
    2290   9.9325722821E-01
    2291   9.9303715312E-01
    2292   9.9295999065E-01
    2293   9.9306116279E-01
    2294   9.9335731395E-01
    2295   9.9383996636E-01
    2296   9.9448177738E-01
    2297   9.9523870309E-01
    2298   9.9604976847E-01
    2299   9.9683870128E-01
    2300   9.9752304003E-01
    2301   9.9803043886E-01
    2302   9.9831495034E-01
    2303   9.9836435727E-01
    2304   9.9819634159E-01
    2305   9.9784856874E-01
    2306   9.9737082201E-01
    2307   9.9682225963E-01
    2308   9.9627009939E-01
    2309   9.9578386532E-01
    2310   9.9542473099E-01
    2311   9.9523472738E-01
    2312   9.9523214893E-01
    2313   9.9541422245E-01
    2314   9.9576251728E-01
    2315   9.9624527764E-01
    2316   9.9681674794E-01
    2317   9.9741854235E-01
    2318   9.9798845412E-01
    2319   9.9847547219E-01
    2320   9.9885294826E-01
    2321   9.9912102217E-01
    2322   9.9929726167E-01
    2323   9.9940273153E-01
    2324   9.9945304260E-01
    2325   9.9945791160E-01
    2326   9.9942488701E-01
    2327   9.9936016368E-01
    2328   9.9926483920E-01
    2329   9.9913141788E-01
    2330   9.9894662937E-01
    2331   9.9870084232E-01
    2332   9.9839763960E-01
    2333   9.9805557980E-01
    2334   9.9770102380E-01
    2335   9.9735830130E-01
    2336   9.9704509987E-01
    2337   9.9677531714E-01
    2338   9.9656426502E-01
    2339   9.9642892444E-01
    2340   9.9638175292E-01
    2341   9.9642365779E-01
    2342   9.9654340073E-01
    2343   9.9672517886E-01
    2344   9.9695867458E-01
    2345   9.9724327003E-01
    2346   9.9758353815E-01
    2347   9.9798075387E-01
    2348   9.9842767584E-01
    2349   9.9890940375E-01
    2350   9.9940645963E-01
    2351   9.9989437394E-01
    2352   1.0003394197E+00
    2353   1.0006973433E+00
    2354   1.0009220878E+00
    2355   1.0009840534E+00
    2356   1.0008881098E+00
    2357   1.0006794355E+00
    2358   1.0004330383E+00
    2359   1.0002341145E+00
    2360   1.0001601578E+00
    2361   1.0002706347E+00
    2362   1.0006014582E+00
    2363   1.0011586224E+00
    2364   1.0019104432E+00
    2365   1.0027857598E+00
    2366   1.0036854404E+00
    2367   1.0045064489E+00
    2368   1.0051674446E+00
    2369   1.0056227363E+00
    2370   1.0058599138E+00
    2371   1.0058891409E+00
    2372   1.0057356094E+00
    2373   1.0054398680E+00
    2374   1.0050603184E+00
    2375   1.0046692373E+00
    2376   1.0043403533E+00
    2377   1.0041355543E+00
    2378   1.0040990341E+00
    2379   1.0042595540E+00
    2380   1.0046328208E+00
    2381   1.0052162306E+00
    2382   1.0059772715E+00
    2383   1.0068469146E+00
    2384   1.0077285431E+00
    2385   1.0085221634E+00
    2386   1.0091514875E+00
    2387   1.0095795638E+00
    2388   1.0098081131E+00
    2389   1.0098681568E+00
    2390   1.0098148587E+00
    2391   1.0097268579E+00
    2392   1.0096445555E+00
    2393   1.0096848167E+00
    2394   1.0098886387E+00
    2395   1.0102621625E+00
    2396   1.0107758153E+00
    2397   1.0113772771E+00
    2398   1.0120091342E+00
    2399   1.0126159819E+00
    2400   1.0131398233E+00
    2401   1.0135142752E+00
    2402   1.0136681486E+00
    2403   1.0135392040E+00
    2404   1.0130888699E+00
    2405   1.0123086872E+00
    2406   1.0112182387E+00
    2407   1.0098628148E+00
    2408   1.0083163964E+00
    2409   1.0066855635E+00
    2410   1.0051032543E+00
    2411   1.0037064476E+00
    2412   1.0026045902E+00
    2413   1.0018550783E+00
    2414   1.0014578764E+00
    2415   1.0013682354E+00
    2416   1.0015157407E+00
    2417   1.0018183867E+00
    2418   1.0021898595E+00
    2419   1.0025476381E+00
    2420   1.0028279158E+00
    2421   1.0030032825E+00
    2422   1.0030909117E+00
    2423   1.0031420453E+00
    2424   1.0032161479E+00
    2425   1.0033566306E+00
    2426   1.0035711708E+00
    2427   1.0038461707E+00
    2428   1.0041528818E+00
    2429   1.0044509531E+00
    2430   1.0046946075E+00
    2431   1.0048368082E+00
    2432   1.0048438606E+00
    2433   1.0047145032E+00
    2434   1.0044898823E+00
    2435   1.0042439106E+00
    2436   1.0040566723E+00
    2437   1.0039860709E+00
    2438   1.0040527885E+00
    2439   1.0042419671E+00
    2440   1.0045136833E+00
    2441   1.0048125434E+00
    2442   1.0050742558E+00
    2443   1.0052355300E+00
    2444   1.0052520929E+00
    2445   1.0051195675E+00
    2446   1.0048843766E+00
    2447   1.0046350710E+00
    2448   1.0044768860E+00
    2449   1.0045036065E+00
    2450   1.0047801032E+00
    2451   1.0053377483E+00
    2452   1.0061749617E+00
    2453   1.0072549835E+00
    2454   1.0085017858E+00
    2455   1.0098036445E+00
    2456   1.0110320911E+00
    2457   1.0120720457E+00
    2458   1.0128486435E+00
    2459   1.0133371532E+00
    2460   1.0135543648E+00
    2461   1.0135426647E+00
    2462   1.0133622323E+00
    2463   1.0131036576E+00
    2464   1.0127709580E+00
    2465   1.0125057154E+00
    2466   1.0123549536E+00
    2467   1.0123288217E+00
    2468   1.0124123857E+00
    2469   1.0125717671E+00
    2470   1.0127715588E+00
    2471   1.0129840290E+00
    2472   1.0131886058E+00
    2473   1.0133694507E+00
    2474   1.0135185153E+00
    2475   1.0136420563E+00
    2476   1.0137615850E+00
    2477   1.0139025156E+00
    2478   1.0140746586E+00
    2479   1.0142574052E+00
    2480   1.0144004221E+00
    2481   1.0144510183E+00
    2482   1.0143466850E+00
    2483   1.0139754201E+00
    2484   1.0134067600E+00
    2485   1.0126144163E+00
    2486   1.0116302406E+00
    2487   1.0105270083E+00
    2488   1.0094150335E+00
    2489   1.0084267039E+00
    2490   1.0076908950E+00
    2491   1.0073087695E+00
    2492   1.0073405728E+00
    2493   1.0078036336E+00
    2494   1.0086747459E+00
    2495   1.0098908760E+00
    2496   1.0113492594E+00
    2497   1.0129135945E+00
    2498   1.0144313491E+00
    2499   1.0157586569E+00
    2500   1.0167829253E+00
    2501   1.0174343054E+00
    2502   1.0177107446E+00
    2503   1.0175909208E+00
    2504   1.0170499305E+00
    2505   1.0162859603E+00
    2506   1.0153556319E+00
    2507   1.0143752774E+00
    2508   1.0134605107E+00
    2509   1.0127109617E+00
    2510   1.0122041181E+00
    2511   1.0119951802E+00
    2512   1.0121167018E+00
    2513   1.0125735685E+00
    2514   1.0133354119E+00
    2515   1.0143336109E+00
    2516   1.0154687770E+00
    2517   1.0166279075E+00
    2518   1.0177048633E+00
    2519   1.0186651173E+00
    2520   1.0193650688E+00
    2521   1.0198012714E+00
    2522   1.0200970650E+00
    2523   1.0202911171E+00
    2524   1.0204902205E+00
    2525   1.0208043710E+00
    2526   1.0213179609E+00
    2527   1.0220669235E+00
    2528   1.0230296930E+00
    2529   1.0241325869E+00
    2530   1.0252962986E+00
    2531   1.0264291629E+00
    2532   1.0271218172E+00
    2533   1.0275651147E+00
    2534   1.0276154209E+00
    2535   1.0272470314E+00
    2536   1.0265005276E+00
    2537   1.0254574585E+00
    2538   1.0242196393E+00
    2539   1.0228889576E+00
    2540   1.0216030277E+00
    2541   1.0203283583E+00
    2542   1.0191294277E+00
    2543   1.0181546995E+00
    2544   1.0173783718E+00
    2545   1.0168247472E+00
    2546   1.0165091637E+00
    2547   1.0164343256E+00
    2548   1.0165843788E+00
    2549   1.0169190061E+00
    2550   1.0173712932E+00
    2551   1.0178527935E+00
    2552   1.0182661198E+00
    2553   1.0185221061E+00
    2554   1.0186007761E+00
    2555   1.0183740404E+00
    2556   1.0178766815E+00
    2557   1.0172261216E+00
    2558   1.0164518295E+00
    2559   1.0156300170E+00
    2560   1.0148307309E+00
    2561   1.0141077598E+00
    2562   1.0134943874E+00
    2563   1.0130051619E+00
    2564   1.0126416733E+00
    2565   1.0123993004E+00
    2566   1.0122721827E+00
    2567   1.0122548657E+00
    2568   1.0123404672E+00
    2569   1.0125166578E+00
    2570   1.0127611998E+00
    2571   1.0130452729E+00
    2572   1.0133378142E+00
    2573   1.0135088424E+00
    2574   1.0135850876E+00
    2575   1.0135138951E+00
    2576   1.0132770969E+00
    2577   1.0128885877E+00
    2578   1.0123891381E+00
    2579   1.0118415641E+00
    2580   1.0113219676E+00
    2581   1.0109081028E+00
    2582   1.0106664765E+00
    2583   1.0106408375E+00
    2584   1.0108449880E+00
    2585   1.0112615766E+00
    2586   1.0118460228E+00
    2587   1.0125335564E+00
    2588   1.0132476758E+00
    2589   1.0139100681E+00
    2590   1.0144529640E+00
    2591   1.0148483462E+00
    2592   1.0150835954E+00
    2593   1.0151223764E+00
    2594   1.0151290954E+00
    2595   1.0151561155E+00
    2596   1.0152809004E+00
    2597   1.0155596907E+00
    2598   1.0160140138E+00
    2599   1.0166273000E+00
    2600   1.0173495028E+00
    2601   1.0181095434E+00
    2602   1.0188346114E+00
    2603   1.0194723483E+00
    2604   1.0200084487E+00
    2605   1.0204789445E+00
    2606   1.0210094919E+00
    2607   1.0214844640E+00
    2608   1.0221250172E+00
    2609   1.0229599238E+00
    2610   1.0239599698E+00
    2611   1.0250738615E+00
    2612   1.0262090615E+00
    2613   1.0272421389E+00
    2614   1.0280369729E+00
    2615   1.0284963052E+00
    2616   1.0285951539E+00
    2617   1.0279604727E+00
    2618   1.0269835997E+00
    2619   1.0256747917E+00
    2620   1.0241448049E+00
    2621   1.0225505556E+00
    2622   1.0210516324E+00
    2623   1.0197881006E+00
    2624   1.0188600645E+00
    2625   1.0183145561E+00
    2626   1.0181556049E+00
    2627   1.0183661041E+00
    2628   1.0187299520E+00
    2629   1.0193068057E+00
    2630   1.0199852113E+00
    2631   1.0206757362E+00
    2632   1.0212960919E+00
    2633   1.0217608184E+00
    2634   1.0219849309E+00
    2635   1.0218910762E+00
    2636   1.0214188053E+00
    2637   1.0205357640E+00
    2638   1.0192553332E+00
    2639   1.0176657342E+00
    2640   1.0157492362E+00
    2641   1.0137877096E+00
    2642   1.0119200708E+00
    2643   1.0102760589E+00
    2644   1.0089611696E+00
    2645   1.0080309913E+00
    2646   1.0074928661E+00
    2647   1.0073152534E+00
    2648   1.0074395525E+00
    2649   1.0077918058E+00
    2650   1.0082938201E+00
    2651   1.0088731119E+00
    2652   1.0094695077E+00
    2653   1.0100363077E+00
    2654   1.0105360431E+00
    2655   1.0109346093E+00
    2656   1.0111989717E+00
    2657   1.0113012279E+00
    2658   1.0112267832E+00
    2659   1.0109812202E+00
    2660   1.0105908891E+00
    2661   1.0100967654E+00
    2662   1.0095453721E+00
    2663   1.0089874447E+00
    2664   1.0084540173E+00
    2665   1.0079639707E+00
    2666   1.0075674323E+00
    2667   1.0072616873E+00
    2668   1.0070399886E+00
    2669   1.0068812113E+00
    2670   1.0067543581E+00
    2671   1.0066251276E+00
    2672   1.0064615545E+00
    2673   1.0062384060E+00
    2674   1.0059422572E+00
    2675   1.0055787161E+00
    2676   1.0051797558E+00
    2677   1.0048063525E+00
    2678   1.0045417871E+00
    2679   1.0044756881E+00
    2680   1.0046842505E+00
    2681   1.0052139926E+00
    2682   1.0060734917E+00
    2683   1.0072329848E+00
    2684   1.0086283361E+00
    2685   1.0101667946E+00
    2686   1.0117349166E+00
    2687   1.0132105078E+00
    2688   1.0144784488E+00
    2689   1.0154469472E+00
    2690   1.0160586755E+00
    2691   1.0162936632E+00
    2692   1.0161859060E+00
    2693   1.0157499333E+00
    2694   1.0149976111E+00
    2695   1.0141076236E+00
    2696   1.0131290770E+00
    2697   1.0121435569E+00
    2698   1.0112151406E+00
    2699   1.0103809195E+00
    2700   1.0096505333E+00
    2701   1.0090117230E+00
    2702   1.0084362275E+00
    2703   1.0078820273E+00
    2704   1.0072932553E+00
    2705   1.0066030962E+00
    2706   1.0057438383E+00
    2707   1.0046628796E+00
    2708   1.0033380674E+00
    2709   1.0017855348E+00
    2710   1.0000580663E+00
    2711   9.9823730081E-01
    2712   9.9642425322E-01
    2713   9.9472972896E-01
    2714   9.9326273336E-01
    2715   9.9211546794E-01
    2716   9.9134772243E-01
    2717   9.9097702529E-01
    2718   9.9097987081E-01
    2719   9.9130391953E-01
    2720   9.9188486251E-01
    2721   9.9265980863E-01
    2722   9.9357301551E-01
    2723   9.9457589297E-01
    2724   9.9562620919E-01
    2725   9.9668921375E-01
    2726   9.9773842093E-01
    2727   9.9875174045E-01
    2728   9.9970230961E-01
    2729   1.0005493650E+00
    2730   1.0012368989E+00
    2731   1.0017037014E+00
    2732   1.0019004720E+00
    2733   1.0018048790E+00
    2734   1.0014280381E+00
    2735   1.0008128501E+00
    2736   1.0000293712E+00
    2737   9.9917074705E-01
    2738   9.9834766250E-01
    2739   9.9767621009E-01
    2740   9.9725779775E-01
    2741   9.9715689379E-01
    2742   9.9738644543E-01
    2743   9.9790765914E-01
    2744   9.9864275700E-01
    2745   9.9949263177E-01
    2746   1.0003518392E+00
    2747   1.0011195517E+00
    2748   1.0017104528E+00
    2749   1.0020685475E+00
    2750   1.0021802422E+00
    2751   1.0020776141E+00
    2752   1.0018257135E+00
    2753   1.0014975733E+00
    2754   1.0011491079E+00
    2755   1.0008059231E+00
    2756   1.0004652383E+00
    2757   1.0001061203E+00
    2758   9.9969881274E-01
    2759   9.9920968511E-01
    2760   9.9860561714E-01
    2761   9.9786280980E-01
    2762   9.9697885070E-01
    2763   9.9597980697E-01
    2764   9.9491453160E-01
    2765   9.9383707341E-01
    2766   9.9278760862E-01
    2767   9.9178402308E-01
    2768   9.9082828283E-01
    2769   9.8991709580E-01
    2770   9.8904490817E-01
    2771   9.8828866793E-01
    2772   9.8762457192E-01
    2773   9.8708609470E-01
    2774   9.8670517927E-01
    2775   9.8651341329E-01
    2776   9.8654085633E-01
    2777   9.8680194673E-01
    2778   9.8727925207E-01
    2779   9.8791627280E-01
    2780   9.8862565670E-01
    2781   9.8930865232E-01
    2782   9.8987454998E-01
    2783   9.9025128106E-01
    2784   9.9038755033E-01
    2785   9.9025413746E-01
    2786   9.8985007775E-01
    2787   9.8921058001E-01
    2788   9.8840707820E-01
    2789   9.8753330637E-01
    2790   9.8668070223E-01
    2791   9.8588709256E-01
    2792   9.8527823782E-01
    2793   9.8482496724E-01
    2794   9.8451125409E-01
    2795   9.8434219140E-01
    2796   9.8428962369E-01
    2797   9.8430482762E-01
    2798   9.8432589270E-01
    2799   9.8429543642E-01
    2800   9.8417887702E-01
    2801   9.8397213242E-01
    2802   9.8369585150E-01
    2803   9.8338372131E-01
    2804   9.8307524959E-01
    2805   9.8281640007E-01
    2806   9.8265238490E-01
    2807   9.8260974186E-01
    2808   9.8286396459E-01
    2809   9.8328193268E-01
    2810   9.8384625921E-01
    2811   9.8448673929E-01
    2812   9.8510936640E-01
    2813   9.8562942865E-01
    2814   9.8598514509E-01
    2815   9.8614221957E-01
    2816   9.8609658679E-01
    2817   9.8588016684E-01
    2818   9.8556544066E-01
    2819   9.8525906673E-01
    2820   9.8507957808E-01
    2821   9.8512577393E-01
    2822   9.8545052814E-01
    2823   9.8604413969E-01
    2824   9.8685499277E-01
    2825   9.8786968059E-01
    2826   9.8890954085E-01
    2827   9.8989429224E-01
    2828   9.9071625595E-01
    2829   9.9127336054E-01
    2830   9.9149384040E-01
    2831   9.9135308499E-01
    2832   9.9087482662E-01
    2833   9.9011583775E-01
    2834   9.8914535466E-01
    2835   9.8803270576E-01
    2836   9.8684721527E-01
    2837   9.8566256813E-01
    2838   9.8455461194E-01
    2839   9.8358934601E-01
    2840   9.8280859456E-01
    2841   9.8222447159E-01
    2842   9.8182708789E-01
    2843   9.8156781435E-01
    2844   9.8147486363E-01
    2845   9.8160927211E-01
    2846   9.8183316667E-01
    2847   9.8218728481E-01
    2848   9.8266236455E-01
    2849   9.8325362259E-01
    2850   9.8395999230E-01
    2851   9.8477226091E-01
    2852   9.8565791209E-01
    2853   9.8655532030E-01
    2854   9.8738500698E-01
    2855   9.8807341475E-01
    2856   9.8857524674E-01
    2857   9.8888215709E-01
    2858   9.8901655833E-01
    2859   9.8901977735E-01
    2860   9.8894333154E-01
    2861   9.8882991810E-01
    2862   9.8880012365E-01
    2863   9.8887525511E-01
    2864   9.8908268929E-01
    2865   9.8942344776E-01
    2866   9.8985126267E-01
    2867   9.9029717426E-01
    2868   9.9068966382E-01
    2869   9.9096715488E-01
    2870   9.9107934344E-01
    2871   9.9098417106E-01
    2872   9.9064990683E-01
    2873   9.9006459919E-01
    2874   9.8924552520E-01
    2875   9.8823904154E-01
    2876   9.8710873373E-01
    2877   9.8591980246E-01
    2878   9.8473052511E-01
    2879   9.8359468695E-01
    2880   9.8256880677E-01
    2881   9.8170909016E-01
    2882   9.8101995702E-01
    2883   9.8070963674E-01
    2884   9.8066414154E-01
    2885   9.8087052179E-01
    2886   9.8131923576E-01
    2887   9.8196879930E-01
    2888   9.8276673189E-01
    2889   9.8364665102E-01
    2890   9.8453000637E-01
    2891   9.8533782491E-01
    2892   9.8600928675E-01
    2893   9.8651700974E-01
    2894   9.8687010998E-01
    2895   9.8710456685E-01
    2896   9.8726871089E-01
    2897   9.8741083434E-01
    2898   9.8755639271E-01
    2899   9.8781398834E-01
    2900   9.8815504972E-01
    2901   9.8857773167E-01
    2902   9.8905650506E-01
    2903   9.8952787606E-01
    2904   9.8991834008E-01
    2905   9.9016681584E-01
    2906   9.9023970993E-01
    2907   9.9013293749E-01
    2908   9.8986436922E-01
    2909   9.8946468812E-01
    2910   9.8897141506E-01
    2911   9.8842437008E-01
    2912   9.8785831668E-01
    2913   9.8729253832E-01
    2914   9.8672319398E-01
    2915   9.8612576322E-01
    2916   9.8546913844E-01
    2917   9.8473441521E-01
    2918   9.8392209494E-01
    2919   9.8302059959E-01
    2920   9.8221137112E-01
    2921   9.8143570703E-01
    2922   9.8074370413E-01
    2923   9.8018504021E-01
    2924   9.7978711695E-01
    2925   9.7956450230E-01
    2926   9.7951386266E-01
    2927   9.7961341614E-01
    2928   9.7983036198E-01
    2929   9.8013366555E-01
    2930   9.8050483919E-01
    2931   9.8093119324E-01
    2932   9.8138367317E-01
    2933   9.8202038511E-01
    2934   9.8268592121E-01
    2935   9.8340335058E-01
    2936   9.8417373080E-01
    2937   9.8497884187E-01
    2938   9.8578830610E-01
    2939   9.8655458337E-01
    2940   9.8721480951E-01
    2941   9.8770117078E-01
    2942   9.8795555057E-01
    2943   9.8794169223E-01
    2944   9.8765107459E-01
    2945   9.8710387027E-01
    2946   9.8634866638E-01
    2947   9.8546204074E-01
    2948   9.8454462640E-01
    2949   9.8366916683E-01
    2950   9.8303455985E-01
    2951   9.8269919414E-01
    2952   9.8264774377E-01
    2953   9.8290051735E-01
    2954   9.8341079535E-01
    2955   9.8410574633E-01
    2956   9.8489899063E-01
    2957   9.8570152837E-01
    2958   9.8643233396E-01
    2959   9.8702936463E-01
    2960   9.8745837623E-01
    2961   9.8771471145E-01
    2962   9.8781540097E-01
    2963   9.8778464987E-01
    2964   9.8764048093E-01
    2965   9.8738968232E-01
    2966   9.8702583178E-01
    2967   9.8653466131E-01
    2968   9.8600931059E-01
    2969   9.8539599834E-01
    2970   9.8474408381E-01
    2971   9.8409421446E-01
    2972   9.8348359043E-01
    2973   9.8294890388E-01
    2974   9.8252248972E-01
    2975   9.8222645617E-01
    2976   9.8206792458E-01
    2977   9.8203916783E-01
    2978   9.8212346333E-01
    2979   9.8230323466E-01
    2980   9.8256526505E-01
    2981   9.8289460765E-01
    2982   9.8324699292E-01
    2983   9.8373134412E-01
    2984   9.8420800489E-01
    2985   9.8466563823E-01
    2986   9.8509091835E-01
    2987   9.8546019425E-01
    2988   9.8575386708E-01
    2989   9.8595896465E-01
    2990   9.8607449355E-01
    2991   9.8611757033E-01
    2992   9.8612601733E-01
    2993   9.8615418759E-01
    2994   9.8626262992E-01
    2995   9.8650553421E-01
    2996   9.8692015973E-01
    2997   9.8751989503E-01
    2998   9.8829015186E-01
    2999   9.8918614567E-01
    3000   9.9012271966E-01
    3001   9.9103524826E-01
    3002   9.9180521314E-01
    3003   9.9233608574E-01
    3004   9.9258930605E-01
    3005   9.9256301312E-01
    3006   9.9230181828E-01
    3007   9.9188625609E-01
    3008   9.9141743699E-01
    3009   9.9100156703E-01
    3010   9.9073633905E-01
    3011   9.9069926655E-01
    3012   9.9093822096E-01
    3013   9.9146560796E-01
    3014   9.9225777808E-01
    3015   9.9325961678E-01
    3016   9.9439213151E-01
    3017   9.9556038034E-01
    3018   9.9666090363E-01
    3019   9.9759041339E-01
    3020   9.9825813520E-01
    3021   9.9860162971E-01
    3022   9.9860184644E-01
    3023   9.9829109573E-01
    3024   9.9774967270E-01
    3025   9.9709180192E-01
    3026   9.9644577821E-01
    3027   9.9593396382E-01
    3028   9.9565607333E-01
    3029   9.9567669581E-01
    3030   9.9601737606E-01
    3031   9.9665450536E-01
    3032   9.9752465685E-01
    3033   9.9853727972E-01
    3034   9.9959144315E-01
    3035   1.0005912050E+00
    3036   1.0014551692E+00
    3037   1.0021195078E+00
    3038   1.0025373942E+00
    3039   1.0026787235E+00
    3040   1.0025318877E+00
    3041   1.0021066069E+00
    3042   1.0014358213E+00
    3043   1.0005757369E+00
    3044   9.9960445768E-01
    3045   9.9861945141E-01
    3046   9.9773257786E-01
    3047   9.9706060274E-01
    3048   9.9671055922E-01
    3049   9.9676238637E-01
    3050   9.9725368003E-01
    3051   9.9817128333E-01
    3052   9.9945181182E-01
    3053   1.0009899891E+00
    3054   1.0026518766E+00
    3055   1.0042902770E+00
    3056   1.0057607584E+00
    3057   1.0069373054E+00
    3058   1.0077259245E+00
    3059   1.0080736282E+00
    3060   1.0079706210E+00
    3061   1.0074455081E+00
    3062   1.0065557450E+00
    3063   1.0053766502E+00
    3064   1.0039914764E+00
    3065   1.0024833408E+00
    3066   1.0009288966E+00
    3067   9.9939390990E-01
    3068   9.9793161641E-01
    3069   9.9658453527E-01
    3070   9.9538894580E-01
    3071   9.9437950745E-01
    3072   9.9359115348E-01
    3073   9.9305689140E-01
    3074   9.9280265335E-01
    3075   9.9284209964E-01
    3076   9.9317408748E-01
    3077   9.9378365722E-01
    3078   9.9464535815E-01
    3079   9.9572683607E-01
    3080   9.9699117865E-01
    3081   9.9839779202E-01
    3082   9.9990249866E-01
    3083   1.0014576244E+00
    3084   1.0030126321E+00
    3085   1.0045157537E+00
    3086   1.0059170993E+00
    3087   1.0071732966E+00
    3088   1.0082525606E+00
    3089   1.0091378009E+00
    3090   1.0098253729E+00
    3091   1.0103189195E+00
    3092   1.0106205712E+00
    3093   1.0107236874E+00
    3094   1.0106108989E+00
    3095   1.0102587115E+00
    3096   1.0096471559E+00
    3097   1.0087714130E+00
    3098   1.0076522771E+00
    3099   1.0063428940E+00
    3100   1.0049296646E+00
    3101   1.0035256745E+00
    3102   1.0022563764E+00
    3103   1.0012396165E+00
    3104   1.0005644379E+00
    3105   1.0002740446E+00
    3106   1.0003572347E+00
    3107   1.0007501513E+00
    3108   1.0013477598E+00
    3109   1.0020228159E+00
    3110   1.0026491038E+00
    3111   1.0031249444E+00
    3112   1.0033922294E+00
    3113   1.0034461579E+00
    3114   1.0033323925E+00
    3115   1.0031316586E+00
    3116   1.0029357249E+00
    3117   1.0028215248E+00
    3118   1.0028307943E+00
    3119   1.0029604864E+00
    3120   1.0031586297E+00
    3121   1.0033496110E+00
    3122   1.0034430076E+00
    3123   1.0033599689E+00
    3124   1.0030521731E+00
    3125   1.0025124883E+00
    3126   1.0017752873E+00
    3127   1.0009065115E+00
    3128   9.9998696095E-01
    3129   9.9909420225E-01
    3130   9.9828835806E-01
    3131   9.9760501918E-01
    3132   9.9705574782E-01
    3133   9.9663445152E-01
    3134   9.9632687250E-01
    3135   9.9612050864E-01
    3136   9.9601097819E-01
    3137   9.9601425728E-01
    3138   9.9615914315E-01
    3139   9.9648008086E-01
    3140   9.9702253681E-01
    3141   9.9782452008E-01
    3142   9.9890915044E-01
    3143   1.0002758772E+00
    3144   1.0018929786E+00
    3145   1.0036921122E+00
    3146   1.0055667566E+00
    3147   1.0073877481E+00
    3148   1.0089674278E+00
    3149   1.0101412649E+00
    3150   1.0107720918E+00
    3151   1.0107514676E+00
    3152   1.0100375927E+00
    3153   1.0086603174E+00
    3154   1.0067197975E+00
    3155   1.0043738411E+00
    3156   1.0018157471E+00
    3157   9.9924689369E-01
    3158   9.9684997793E-01
    3159   9.9476854701E-01
    3160   9.9309624112E-01
    3161   9.9187602430E-01
    3162   9.9110720905E-01
    3163   9.9075711672E-01
    3164   9.9077442617E-01
    3165   9.9110178180E-01
    3166   9.9168507442E-01
    3167   9.9247337814E-01
    3168   9.9345342446E-01
    3169   9.9456987388E-01
    3170   9.9578588211E-01
    3171   9.9705671133E-01
    3172   9.9832144139E-01
    3173   9.9951066098E-01
    3174   1.0005543983E+00
    3175   1.0013915612E+00
    3176   1.0019783369E+00
    3177   1.0022938665E+00
    3178   1.0023424884E+00
    3179   1.0021524765E+00
    3180   1.0017716368E+00
    3181   1.0012606522E+00
    3182   1.0006855811E+00
    3183   1.0001109782E+00
    3184   9.9959456147E-01
    3185   9.9918341663E-01
    3186   9.9891105500E-01
    3187   9.9879470690E-01
    3188   9.9883291295E-01
    3189   9.9900414942E-01
    3190   9.9926746612E-01
    3191   9.9956584794E-01
    3192   9.9983259284E-01
    3193   1.0000006968E+00
    3194   1.0000148465E+00
    3195   9.9984467238E-01
    3196   9.9949645976E-01
    3197   9.9901935446E-01
    3198   9.9850245865E-01
    3199   9.9806164729E-01
    3200   9.9781854600E-01
    3201   9.9787694246E-01
    3202   9.9830248586E-01
    3203   9.9910987429E-01
    3204   1.0002591692E+00
    3205   1.0016608891E+00
    3206   1.0031885637E+00
    3207   1.0046968170E+00
    3208   1.0060421257E+00
    3209   1.0071036709E+00
    3210   1.0078030882E+00
    3211   1.0080662898E+00
    3212   1.0079157338E+00
    3213   1.0073852405E+00
    3214   1.0065378413E+00
    3215   1.0054629692E+00
    3216   1.0042666982E+00
    3217   1.0030629316E+00
    3218   1.0019631342E+00
    3219   1.0010661564E+00
    3220   1.0004499584E+00
    3221   1.0001661896E+00
    3222   1.0002375171E+00
    3223   1.0006572974E+00
    3224   1.0013915624E+00
    3225   1.0023835414E+00
    3226   1.0035604348E+00
    3227   1.0048412231E+00
    3228   1.0061438037E+00
    3229   1.0073903968E+00
    3230   1.0085114817E+00
    3231   1.0094493758E+00
    3232   1.0101620531E+00
    3233   1.0106263948E+00
    3234   1.0108390144E+00
    3235   1.0108132694E+00
    3236   1.0105728031E+00
    3237   1.0101436881E+00
    3238   1.0095476970E+00
    3239   1.0087983613E+00
    3240   1.0079001713E+00
    3241   1.0068505915E+00
    3242   1.0056445751E+00
    3243   1.0042812817E+00
    3244   1.0027720448E+00
    3245   1.0011475809E+00
    3246   9.9946188080E-01
    3247   9.9779098154E-01
    3248   9.9622661573E-01
    3249   9.9486644748E-01
    3250   9.9380319831E-01
    3251   9.9311439746E-01
    3252   9.9285356099E-01
    3253   9.9304323588E-01
    3254   9.9367070236E-01
    3255   9.9468757464E-01
    3256   9.9601430244E-01
    3257   9.9754943126E-01
    3258   9.9918198553E-01
    3259   1.0008044060E+00
    3260   1.0023236514E+00
    3261   1.0036690526E+00
    3262   1.0047965195E+00
    3263   1.0056891871E+00
    3264   1.0063546689E+00
    3265   1.0068192820E+00
    3266   1.0071201815E+00
    3267   1.0072969396E+00
    3268   1.0073842119E+00
    3269   1.0074066142E+00
    3270   1.0073762305E+00
    3271   1.0072927443E+00
    3272   1.0071461352E+00
    3273   1.0069216825E+00
    3274   1.0066064046E+00
    3275   1.0061980951E+00
    3276   1.0056981771E+00
    3277   1.0051204308E+00
    3278   1.0045039453E+00
    3279   1.0038728987E+00
    3280   1.0032559843E+00
    3281   1.0026785761E+00
    3282   1.0021621190E+00
    3283   1.0017243696E+00
    3284   1.0013792058E+00
    3285   1.0011354874E+00
    3286   1.0009953626E+00
    3287   1.0009530432E+00
    3288   1.0009952469E+00
    3289   1.0011041977E+00
    3290   1.0012632924E+00
    3291   1.0014643368E+00
    3292   1.0017139973E+00
    3293   1.0020364378E+00
    3294   1.0024696899E+00
    3295   1.0030552676E+00
    3296   1.0038232324E+00
    3297   1.0047771618E+00
    3298   1.0058842434E+00
    3299   1.0070745899E+00
    3300   1.0082512057E+00
    3301   1.0093087227E+00
    3302   1.0101561115E+00
    3303   1.0107370498E+00
    3304   1.0110420264E+00
    3305   1.0111085732E+00
    3306   1.0110095157E+00
    3307   1.0108327046E+00
    3308   1.0106581013E+00
    3309   1.0105385856E+00
    3310   1.0104893639E+00
    3311   1.0104880703E+00
    3312   1.0104845395E+00
    3313   1.0104167719E+00
    3314   1.0102283466E+00
    3315   1.0098826389E+00
    3316   1.0093716306E+00
    3317   1.0087213081E+00
    3318   1.0079375604E+00
    3319   1.0070982792E+00
    3320   1.0062419488E+00
    3321   1.0053953280E+00
    3322   1.0045737327E+00
    3323   1.0037794288E+00
    3324   1.0030083108E+00
    3325   1.0022585924E+00
    3326   1.0015387787E+00
    3327   1.0008723669E+00
    3328   1.0002973936E+00
    3329   9.9986011881E-01
    3330   9.9960372587E-01
    3331   9.9955461358E-01
    3332   9.9971005444E-01
    3333   1.0000311168E+00
    3334   1.0004436281E+00
    3335   1.0008478996E+00
    3336   1.0011355800E+00
    3337   1.0012100414E+00
    3338   1.0010056028E+00
    3339   1.0005009155E+00
    3340   9.9972309584E-01
    3341   9.9874152700E-01
    3342   9.9765308735E-01
    3343   9.9656293791E-01
    3344   9.9556594602E-01
    3345   9.9473297489E-01
    3346   9.9410417206E-01
    3347   9.9368910649E-01
    3348   9.9347207342E-01
    3349   9.9342038087E-01
    3350   9.9349046085E-01
    3351   9.9364625635E-01
    3352   9.9386579515E-01
    3353   9.9411187943E-01
    3354   9.9438230210E-01
    3355   9.9467784905E-01
    3356   9.9500424081E-01
    3357   9.9536840552E-01
    3358   9.9577580234E-01
    3359   9.9622943565E-01
    3360   9.9673024002E-01
    3361   9.9727807770E-01
    3362   9.9787251504E-01
    3363   9.9851267284E-01
    3364   9.9919574725E-01
    3365   9.9991428908E-01
    3366   1.0006530180E+00
    3367   1.0013865591E+00
    3368   1.0020796378E+00
    3369   1.0026905805E+00
    3370   1.0031776217E+00
    3371   1.0035061536E+00
    3372   1.0036545139E+00
    3373   1.0036165317E+00
    3374   1.0034005009E+00
    3375   1.0030256054E+00
    3376   1.0025174013E+00
    3377   1.0019037211E+00
    3378   1.0012117896E+00
    3379   1.0004668768E+00
    3380   9.9969254066E-01
    3381   9.9891212835E-01
    3382   9.9815064507E-01
    3383   9.9743569740E-01
    3384   9.9679645529E-01
    3385   9.9626051853E-01
    3386   9.9584970530E-01
    3387   9.9557631488E-01
    3388   9.9544101708E-01
    3389   9.9543260331E-01
    3390   9.9552915416E-01
    3391   9.9570019659E-01
    3392   9.9590991329E-01
    3393   9.9612173760E-01
    3394   9.9630423503E-01
    3395   9.9643725333E-01
    3396   9.9651659461E-01
    3397   9.9655554652E-01
    3398   9.9658251733E-01
    3399   9.9663522300E-01
    3400   9.9675274483E-01
    3401   9.9696713040E-01
    3402   9.9729618852E-01
    3403   9.9773896092E-01
    3404   9.9827500313E-01
    3405   9.9886790180E-01
    3406   9.9947233234E-01
    3407   1.0000428173E+00
    3408   1.0005417490E+00
    3409   1.0009446062E+00
    3410   1.0012414716E+00
    3411   1.0014353464E+00
    3412   1.0015386353E+00
    3413   1.0015692924E+00
    3414   1.0015476339E+00
    3415   1.0014941647E+00
    3416   1.0014282274E+00
    3417   1.0013669866E+00
    3418   1.0013241704E+00
    3419   1.0013081995E+00
    3420   1.0013198498E+00
    3421   1.0013503038E+00
    3422   1.0013809052E+00
    3423   1.0013857124E+00
    3424   1.0013368865E+00
    3425   1.0012115253E+00
    3426   1.0009975991E+00
    3427   1.0006968310E+00
    3428   1.0003236667E+00
    3429   9.9990117389E-01
    3430   9.9945584612E-01
    3431   9.9901333020E-01
    3432   9.9859625951E-01
    3433   9.9822424850E-01
    3434   9.9791525483E-01
    3435   9.9768716489E-01
    3436   9.9755852539E-01
    3437   9.9754771178E-01
    3438   9.9767042628E-01
    3439   9.9793611954E-01
    3440   9.9834447876E-01
    3441   9.9888324339E-01
    3442   9.9952818976E-01
    3443   1.0002453716E+00
    3444   1.0009950170E+00
    3445   1.0017361256E+00
    3446   1.0024308191E+00
    3447   1.0030477071E+00
    3448   1.0035638176E+00
    3449   1.0039649980E+00
    3450   1.0042451777E+00
    3451   1.0044053084E+00
    3452   1.0044528744E+00
    3453   1.0044023842E+00
    3454   1.0042764109E+00
    3455   1.0041060663E+00
    3456   1.0039297890E+00
    3457   1.0037900087E+00
    3458   1.0037281676E+00
    3459   1.0037791265E+00
    3460   1.0039659603E+00
    3461   1.0042957784E+00
    3462   1.0047569844E+00
    3463   1.0053184267E+00
    3464   1.0059309875E+00
    3465   1.0065319113E+00
    3466   1.0070517579E+00
    3467   1.0074304581E+00
    3468   1.0075852512E+00
    3469   1.0074842168E+00
    3470   1.0071090122E+00
    3471   1.0064539316E+00
    3472   1.0055412511E+00
    3473   1.0044151598E+00
    3474   1.0031378644E+00
    3475   1.0017837345E+00
    3476   1.0004323177E+00
    3477   9.9916119437E-01
    3478   9.9803940524E-01
    3479   9.9712193691E-01
    3480   9.9644577890E-01
    3481   9.9602829230E-01
    3482   9.9586860623E-01
    3483   9.9595215393E-01
    3484   9.9625739536E-01
    3485   9.9676283534E-01
    3486   9.9745222634E-01
    3487   9.9831646434E-01
    3488   9.9935171512E-01
    3489   1.0005542279E+00
    3490   1.0019128829E+00
    3491   1.0034010112E+00
    3492   1.0049696277E+00
    3493   1.0065447198E+00
    3494   1.0080309579E+00
    3495   1.0093226691E+00
    3496   1.0103204241E+00
    3497   1.0109492546E+00
    3498   1.0111735906E+00
    3499   1.0110049773E+00
    3500   1.0105008497E+00
    3501   1.0097550376E+00
    3502   1.0088823938E+00
    3503   1.0080008349E+00
    3504   1.0072143274E+00
    3505   1.0065999882E+00
    3506   1.0062013787E+00
    3507   1.0060283569E+00
    3508   1.0060620751E+00
    3509   1.0062626488E+00
    3510   1.0065771807E+00
    3511   1.0069469214E+00
    3512   1.0073134838E+00
    3513   1.0076243942E+00
    3514   1.0078377379E+00
    3515   1.0079249672E+00
    3516   1.0078709855E+00
    3517   1.0076716774E+00
    3518   1.0073304066E+00
    3519   1.0068555965E+00
    3520   1.0062617755E+00
    3521   1.0055713125E+00
    3522   1.0048041683E+00
    3523   1.0040198309E+00
    3524   1.0032702872E+00
    3525   1.0026195818E+00
    3526   1.0021348073E+00
    3527   1.0018762550E+00
    3528   1.0018871788E+00
    3529   1.0021841537E+00
    3530   1.0027505147E+00
    3531   1.0035350307E+00
    3532   1.0044566210E+00
    3533   1.0054141224E+00
    3534   1.0062988628E+00
    3535   1.0070076857E+00
    3536   1.0074548382E+00
    3537   1.0075819304E+00
    3538   1.0073653460E+00
    3539   1.0068201262E+00
    3540   1.0059991793E+00
    3541   1.0049872686E+00
    3542   1.0038904292E+00
    3543   1.0028225379E+00
    3544   1.0018911578E+00
    3545   1.0011844925E+00
    3546   1.0007608746E+00
    3547   1.0006420722E+00
    3548   1.0008117002E+00
    3549   1.0012196338E+00
    3550   1.0017921807E+00
    3551   1.0024460921E+00
    3552   1.0031031105E+00
    3553   1.0037015183E+00
    3554   1.0042022849E+00
    3555   1.0045892950E+00
    3556   1.0048648242E+00
    3557   1.0050422712E+00
    3558   1.0051382523E+00
    3559   1.0051659898E+00
    3560   1.0051316910E+00
    3561   1.0050350328E+00
    3562   1.0048736472E+00
    3563   1.0046498022E+00
    3564   1.0043762143E+00
    3565   1.0040780508E+00
    3566   1.0037898557E+00
    3567   1.0035484260E+00
    3568   1.0033842588E+00
    3569   1.0033143012E+00
    3570   1.0033377023E+00
    3571   1.0034350516E+00
    3572   1.0035709132E+00
    3573   1.0036992366E+00
    3574   1.0037709460E+00
    3575   1.0037423793E+00
    3576   1.0035826261E+00
    3577   1.0032779018E+00
    3578   1.0028321524E+00
    3579   1.0022645435E+00
    3580   1.0016053871E+00
    3581   1.0008918548E+00
    3582   1.0001638883E+00
    3583   9.9946002849E-01
    3584   9.9881308891E-01
    3585   9.9824641352E-01
    3586   9.9777200665E-01
    3587   9.9739140774E-01
    3588   9.9709897710E-01
    3589   9.9688616570E-01
    3590   9.9674517805E-01
    3591   9.9667119882E-01
    3592   9.9666328871E-01
    3593   9.9672435532E-01
    3594   9.9686015881E-01
    3595   9.9707682723E-01
    3596   9.9737664798E-01
    3597   9.9775301394E-01
    3598   9.9818651852E-01
    3599   9.9864428849E-01
    3600   9.9908339734E-01
    3601   9.9945738141E-01
    3602   9.9972371205E-01
    3603   9.9985019684E-01
    3604   9.9981930013E-01
    3605   9.9963028139E-01
    3606   9.9929921413E-01
    3607   9.9885667618E-01
    3608   9.9834302400E-01
    3609   9.9780201805E-01
    3610   9.9727457154E-01
    3611   9.9679456827E-01
    3612   9.9638763395E-01
    3613   9.9607211840E-01
    3614   9.9586057662E-01
    3615   9.9576038945E-01
    3616   9.9577340135E-01
    3617   9.9589545338E-01
    3618   9.9611665215E-01
    3619   9.9642234991E-01
    3620   9.9679411516E-01
    3621   9.9721022501E-01
    3622   9.9764620846E-01
    3623   9.9807671231E-01
    3624   9.9847955126E-01
    3625   9.9884133827E-01
    3626   9.9916267295E-01
    3627   9.9946064267E-01
    3628   9.9976751157E-01
    3629   1.0001260097E+00
    3630   1.0005824350E+00
    3631   1.0011785336E+00
    3632   1.0019426175E+00
    3633   1.0028806067E+00
    3634   1.0039687729E+00
    3635   1.0051509222E+00
    3636   1.0063423663E+00
    3637   1.0074409447E+00
    3638   1.0083426630E+00
    3639   1.0089578933E+00
    3640   1.0092244479E+00
    3641   1.0091156056E+00
    3642   1.0086428510E+00
    3643   1.0078537025E+00
    3644   1.0068249183E+00
    3645   1.0056516758E+00
    3646   1.0044344326E+00
    3647   1.0032663169E+00
    3648   1.0022238517E+00
    3649   1.0013622555E+00
    3650   1.0007144922E+00
    3651   1.0002921819E+00
    3652   1.0000870044E+00
    3653   1.0000726076E+00
    3654   1.0002078787E+00
    3655   1.0004419939E+00
    3656   1.0007204338E+00
    3657   1.0009904101E+00
    3658   1.0012046550E+00
    3659   1.0013238574E+00
    3660   1.0013189225E+00
    3661   1.0011737972E+00
    3662   1.0008882098E+00
    3663   1.0004786637E+00
    3664   9.9997641945E-01
    3665   9.9942274913E-01
    3666   9.9886313864E-01
    3667   9.9834220646E-01
    3668   9.9789998009E-01
    3669   9.9756898890E-01
    3670   9.9737149034E-01
    3671   9.9731703262E-01
    3672   9.9740146840E-01
    3673   9.9760843764E-01
    3674   9.9791319402E-01
    3675   9.9828742410E-01
    3676   9.9870346909E-01
    3677   9.9913722688E-01
    3678   9.9957011927E-01
    3679   9.9999077984E-01
    3680   1.0003963523E+00
    3681   1.0007923654E+00
    3682   1.0011901968E+00
    3683   1.0016023520E+00
    3684   1.0020372583E+00
    3685   1.0024957199E+00
    3686   1.0029701854E+00
    3687   1.0034463381E+00
    3688   1.0039055588E+00
    3689   1.0043271256E+00
    3690   1.0046900790E+00
    3691   1.0049781900E+00
    3692   1.0051723926E+00
    3693   1.0052615450E+00
    3694   1.0052549566E+00
    3695   1.0051572704E+00
    3696   1.0049820223E+00
    3697   1.0047458347E+00
    3698   1.0044663135E+00
    3699   1.0041599571E+00
    3700   1.0038394931E+00
    3701   1.0035108122E+00
    3702   1.0031708194E+00
    3703   1.0028079026E+00
    3704   1.0024057271E+00
    3705   1.0019492731E+00
    3706   1.0014307420E+00
    3707   1.0008531056E+00
    3708   1.0002304359E+00
    3709   9.9958565271E-01
    3710   9.9894694934E-01
    3711   9.9834384771E-01
    3712   9.9780330693E-01
    3713   9.9734625099E-01
    3714   9.9698522630E-01
    3715   9.9672400702E-01
    3716   9.9655933160E-01
    3717   9.9648385336E-01
    3718   9.9648868953E-01
    3719   9.9656433025E-01
    3720   9.9669990203E-01
    3721   9.9688193976E-01
    3722   9.9709401643E-01
    3723   9.9731777152E-01
    3724   9.9753485363E-01
    3725   9.9772892248E-01
    3726   9.9788727070E-01
    3727   9.9800222270E-01
    3728   9.9807250717E-01
    3729   9.9810422041E-01
    3730   9.9811047009E-01
    3731   9.9810905441E-01
    3732   9.9811842565E-01
    3733   9.9815400827E-01
    3734   9.9822728930E-01
    3735   9.9834173239E-01
    3736   9.9849995848E-01
    3737   9.9870396907E-01
    3738   9.9895721378E-01
    3739   9.9926470020E-01
    3740   9.9963132683E-01
    3741   1.0000588131E+00
    3742   1.0005417047E+00
    3743   1.0010633123E+00
    3744   1.0015930280E+00
    3745   1.0020867735E+00
    3746   1.0024919045E+00
    3747   1.0027566487E+00
    3748   1.0028347755E+00
    3749   1.0027065288E+00
    3750   1.0023737180E+00
    3751   1.0018620840E+00
    3752   1.0012169476E+00
    3753   1.0004949619E+00
    3754   9.9975517790E-01
    3755   9.9905068062E-01
    3756   9.9842209252E-01
    3757   9.9789396330E-01
    3758   9.9747457508E-01
    3759   9.9715879051E-01
    3760   9.9693137319E-01
    3761   9.9677903649E-01
    3762   9.9668213758E-01
    3763   9.9662453249E-01
    3764   9.9659440463E-01
    3765   9.9658211244E-01
    3766   9.9658091690E-01
    3767   9.9658681245E-01
    3768   9.9659801182E-01
    3769   9.9661420103E-01
    3770   9.9663602494E-01
    3771   9.9666523660E-01
    3772   9.9670550341E-01
    3773   9.9676339272E-01
    3774   9.9684898573E-01
    3775   9.9697590639E-01
    3776   9.9716093077E-01
    3777   9.9742332534E-01
    3778   9.9778363806E-01
    3779   9.9826129098E-01
    3780   9.9887051556E-01
    3781   9.9961498165E-01
    3782   1.0004824443E+00
    3783   1.0014412144E+00
    3784   1.0024399388E+00
    3785   1.0034112771E+00
    3786   1.0042791034E+00
    3787   1.0049681561E+00
    3788   1.0054146511E+00
    3789   1.0055760726E+00
    3790   1.0054381853E+00
    3791   1.0050175307E+00
    3792   1.0043585652E+00
    3793   1.0035260132E+00
    3794   1.0025943767E+00
    3795   1.0016371879E+00
    3796   1.0007182452E+00
    3797   9.9988604816E-01
    3798   9.9917159089E-01
    3799   9.9858900927E-01
    3800   9.9813835853E-01
    3801   9.9780976551E-01
    3802   9.9758813132E-01
    3803   9.9745747427E-01
    3804   9.9740409494E-01
    3805   9.9741811177E-01
    3806   9.9749342857E-01
    3807   9.9762658564E-01
    3808   9.9781502019E-01
    3809   9.9805510450E-01
    3810   9.9834021087E-01
    3811   9.9865914924E-01
    3812   9.9899553213E-01
    3813   9.9932865131E-01
    3814   9.9963606192E-01
    3815   9.9989735635E-01
    3816   1.0000979737E+00
    3817   1.0002317452E+00
    3818   1.0003013173E+00
    3819   1.0003163829E+00
    3820   1.0002903657E+00
    3821   1.0002365701E+00
    3822   1.0001648358E+00
    3823   1.0000795577E+00
    3824   9.9997960795E-01
    3825   9.9986022183E-01
    3826   9.9971630042E-01
    3827   9.9954603201E-01
    3828   9.9935356166E-01
    3829   9.9914983456E-01
    3830   9.9895151034E-01
    3831   9.9877856505E-01
    3832   9.9865145215E-01
    3833   9.9858843645E-01
    3834   9.9860327560E-01
    3835   9.9870321832E-01
    3836   9.9888742404E-01
    3837   9.9914618430E-01
    3838   9.9946140077E-01
    3839   9.9980850320E-01
    3840   1.0001595403E+00
    3841   1.0004868506E+00
    3842   1.0007666463E+00
    3843   1.0009819397E+00
    3844   1.0011243429E+00
    3845   1.0011943319E+00
    3846   1.0011997493E+00
    3847   1.0011527817E+00
    3848   1.0010662558E+00
    3849   1.0009505043E+00
    3850   1.0008119210E+00
    3851   1.0006536248E+00
    3852   1.0004777612E+00
    3853   1.0002883645E+00
    3854   1.0000936393E+00
    3855   9.9990688720E-01
    3856   9.9974580752E-01
    3857   9.9963030027E-01
    3858   9.9957917426E-01
    3859   9.9960639086E-01
    3860   9.9971767262E-01
    3861   9.9990833767E-01
    3862   1.0001629816E+00
    3863   1.0004571422E+00
    3864   1.0007605617E+00
    3865   1.0010413589E+00
    3866   1.0012704092E+00
    3867   1.0014253755E+00
    3868   1.0014939288E+00
    3869   1.0014756909E+00
    3870   1.0013824248E+00
    3871   1.0012362017E+00
    3872   1.0010657350E+00
    3873   1.0009015884E+00
    3874   1.0007712764E+00
    3875   1.0006952182E+00
    3876   1.0006841605E+00
    3877   1.0007382922E+00
    3878   1.0008480173E+00
    3879   1.0009962010E+00
    3880   1.0011615429E+00
    3881   1.0013224997E+00
    3882   1.0014609681E+00
    3883   1.0015649673E+00
    3884   1.0016299026E+00
    3885   1.0016584785E+00
    3886   1.0016596429E+00
    3887   1.0016469172E+00
    3888   1.0016362114E+00
    3889   1.0016430890E+00
    3890   1.0016796649E+00
    3891   1.0017517593E+00
    3892   1.0018572043E+00
    3893   1.0019859896E+00
    3894   1.0021229528E+00
    3895   1.0022481187E+00
    3896   1.0023437625E+00
    3897   1.0023962350E+00
    3898   1.0023953185E+00
    3899   1.0023369021E+00
    3900   1.0022225208E+00
    3901   1.0020589294E+00
    3902   1.0018573873E+00
    3903   1.0016328177E+00
    3904   1.0014029521E+00
    3905   1.0011873933E+00
    3906   1.0010063189E+00
    3907   1.0008785019E+00
    3908   1.0008186136E+00
    3909   1.0008342830E+00
    3910   1.0009237786E+00
    3911   1.0010751808E+00
    3912   1.0012674619E+00
    3913   1.0014732642E+00
    3914   1.0016627050E+00
    3915   1.0018074365E+00
    3916   1.0018843475E+00
    3917   1.0018784953E+00
    3918   1.0017849612E+00
    3919   1.0016093752E+00
    3920   1.0013670018E+00
    3921   1.0010805824E+00
    3922   1.0007774305E+00
    3923   1.0004863958E+00
    3924   1.0002351541E+00
    3925   1.0000479717E+00
    3926   9.9994386517E-01
    3927   9.9993506280E-01
    3928   1.0000258271E+00
    3929   1.0002118367E+00
    3930   1.0004803404E+00
    3931   1.0008111819E+00
    3932   1.0011786661E+00
    3933   1.0015541639E+00
    3934   1.0019092676E+00
    3935   1.0022191471E+00
    3936   1.0024655186E+00
    3937   1.0026384942E+00
    3938   1.0027367427E+00
    3939   1.0027659141E+00
    3940   1.0027359262E+00
    3941   1.0026581376E+00
    3942   1.0025433703E+00
    3943   1.0024012447E+00
    3944   1.0022406533E+00
    3945   1.0020707618E+00
    3946   1.0019018288E+00
    3947   1.0017453021E+00
    3948   1.0016129242E+00
    3949   1.0015148817E+00
    3950   1.0014573551E+00
    3951   1.0014401611E+00
    3952   1.0014554003E+00
    3953   1.0014879185E+00
    3954   1.0015178856E+00
    3955   1.0015250387E+00
    3956   1.0014934711E+00
    3957   1.0014156256E+00
    3958   1.0012944463E+00
    3959   1.0011432613E+00
    3960   1.0009835746E+00
    3961   1.0008413213E+00
    3962   1.0007422752E+00
    3963   1.0007073334E+00
    3964   1.0007484350E+00
    3965   1.0008658633E+00
    3966   1.0010475296E+00
    3967   1.0012704986E+00
    3968   1.0015045508E+00
    3969   1.0017171543E+00
    3970   1.0018789500E+00
    3971   1.0019687597E+00
    3972   1.0019771802E+00
    3973   1.0019080102E+00
    3974   1.0017771076E+00
    3975   1.0016088104E+00
    3976   1.0014306732E+00
    3977   1.0012677584E+00
    3978   1.0011378493E+00
    3979   1.0010486505E+00
    3980   1.0009974209E+00
    3981   1.0009728240E+00
    3982   1.0009583026E+00
    3983   1.0009360879E+00
    3984   1.0008909861E+00
    3985   1.0008132507E+00
    3986   1.0007000722E+00
    3987   1.0005555063E+00
    3988   1.0003890005E+00
    3989   1.0002130092E+00
    3990   1.0000403774E+00
    3991   9.9988213990E-01
    3992   9.9974613612E-01
    3993   9.9963651661E-01
    3994   9.9955398055E-01
    3995   9.9949650299E-01
    3996   9.9946034563E-01
    3997   9.9944119354E-01
    3998   9.9943525871E-01
    3999   9.9944016636E-01
    4000   9.9945546743E-01
    4001   9.9948272265E-01
    4002   9.9952522124E-01
    4003   9.9958744786E-01
    4004   9.9967435925E-01
    4005   9.9979044414E-01
    4006   9.9993852928E-01
    4007   1.0001184176E+00
    4008   1.0003256389E+00
    4009   1.0005507336E+00
    4010   1.0007794596E+00
    4011   1.0009940918E+00
    4012   1.0011756764E+00
    4013   1.0013068253E+00
    4014   1.0013744868E+00
    4015   1.0013721294E+00
    4016   1.0013008893E+00
    4017   1.0011694320E+00
    4018   1.0009925379E+00
    4019   1.0007887142E+00
    4020   1.0005773890E+00
    4021   1.0003763736E+00
    4022   1.0002002007E+00
    4023   1.0000596706E+00
    4024   9.9996256078E-01
    4025   9.9991513346E-01
    4026   9.9992389460E-01
    4027   9.9999704998E-01
    4028   1.0001451848E+00
    4029   1.0003808115E+00
    4030   1.0007165802E+00
    4031   1.0011621867E+00
    4032   1.0017203726E+00
    4033   1.0023828302E+00
    4034   1.0031271288E+00
    4035   1.0039157976E+00
    4036   1.0046983306E+00
    4037   1.0054162047E+00
    4038   1.0060102126E+00
    4039   1.0064287619E+00
    4040   1.0066354623E+00
    4041   1.0066144267E+00
    4042   1.0063722020E+00
    4043   1.0059360229E+00
    4044   1.0053489234E+00
    4045   1.0046629072E+00
    4046   1.0039316806E+00
    4047   1.0032043186E+00
    4048   1.0025207751E+00
    4049   1.0019095733E+00
    4050   1.0013875289E+00
    4051   1.0009610760E+00
    4052   1.0006286757E+00
    4053   1.0003838061E+00
    4054   1.0002181001E+00
    4055   1.0001242563E+00
    4056   1.0000984046E+00
    4057   1.0001416463E+00
    4058   1.0002605188E+00
    4059   1.0004661683E+00
    4060   1.0007720947E+00
    4061   1.0011905106E+00
    4062   1.0017276564E+00
    4063   1.0023787966E+00
    4064   1.0031239806E+00
    4065   1.0039258357E+00
    4066   1.0047309837E+00
    4067   1.0054790527E+00
    4068   1.0060860420E+00
    4069   1.0064988202E+00
    4070   1.0066733984E+00
    4071   1.0065888631E+00
    4072   1.0062549907E+00
    4073   1.0057089074E+00
    4074   1.0050083906E+00
    4075   1.0042219032E+00
    4076   1.0034177287E+00
    4077   1.0026545639E+00
    4078   1.0019752826E+00
    4079   1.0014045733E+00
    4080   1.0009501154E+00
    4081   1.0006062161E+00
    4082   1.0003585340E+00
    4083   1.0001886601E+00
    4084   1.0000777578E+00
    4085   1.0000089509E+00
    4086   9.9996852828E-01
    4087   9.9994623143E-01
    4088   9.9993494172E-01
    4089   9.9993005342E-01
    4090   9.9992876743E-01
    4091   9.9992947650E-01
    4092   9.9993133525E-01
    4093   9.9993402627E-01
    4094   9.9993767461E-01
    4095   9.9994284938E-01
    4096   9.9995061596E-01
    4097   9.9996262987E-01
    4098   9.9998125929E-01
    4099   1.0000096825E+00
    4100   1.0000518587E+00
    4101   1.0001122569E+00
    4102   1.0001952670E+00
    4103   1.0003043021E+00
    4104   1.0004407033E+00
    4105   1.0006026520E+00
    4106   1.0007843623E+00
    4107   1.0009758462E+00
    4108   1.0011634955E+00
    4109   1.0013315795E+00
    4110   1.0014645384E+00
    4111   1.0015497072E+00
    4112   1.0015799259E+00
    4113   1.0015554669E+00
    4114   1.0014848388E+00
    4115   1.0013842801E+00
    4116   1.0012760238E+00
    4117   1.0011856187E+00
    4118   1.0011386910E+00
    4119   1.0011575313E+00
    4120   1.0012578570E+00
    4121   1.0014460676E+00
    4122   1.0017173234E+00
    4123   1.0020548037E+00
    4124   1.0024305052E+00
    4125   1.0028078207E+00
    4126   1.0031458668E+00
    4127   1.0034051041E+00
    4128   1.0035533392E+00
    4129   1.0035709007E+00
    4130   1.0034537971E+00
    4131   1.0032140684E+00
    4132   1.0028772323E+00
    4133   1.0024774642E+00
    4134   1.0020516998E+00
    4135   1.0016340062E+00
    4136   1.0012513453E+00
    4137   1.0009213402E+00
    4138   1.0006520801E+00
    4139   1.0004435271E+00
    4140   1.0002898404E+00
    4141   1.0001819197E+00
    4142   1.0001096292E+00
    4143   1.0000634050E+00
    4144   1.0000351786E+00
    4145   1.0000187144E+00
    4146   1.0000095408E+00
    4147   1.0000046585E+00
    4148   1.0000021772E+00
    4149   1.0000009732E+00
    4150   1.0000004158E+00
    4151   1.0000001696E+00
    4152   1.0000000660E+00
    4153   1.0000000245E+00
    4154   1.0000000087E+00
    4155   1.0000000029E+00
    4156   1.0000000009E+00
    4157   1.0000000003E+00
    4158   1.0000000001E+00
    4159   1.0000000000E+00
    4160   1.0000000000E+00
    4161   1.0000000000E+00
    4162   1.0000000000E+00
    4163   1.0000000000E+00
    4164   1.0000000000E+00
    4165   1.0000000000E+00
    4166   1.0000000000E+00
    4167   1.0000000000E+00
    4168   1.0000000000E+00
    4169   1.0000000000E+00
    4170   1.0000000000E+00
    4171   1.0000000000E+00
    4172   1.0000000000E+00
    4173   1.0000000000E+00
    4174   1.0000000000E+00
    4175   1.0000000000E+00
    4176   1.0000000000E+00
    4177   1.0000000000E+00
    4178   1.0000000000E+00
    4179   1.0000000000E+00
    4180   1.0000000000E+00
    4181   1.0000000000E+00
    4182   1.0000000000E+00
    4183   1.0000000000E+00
    4184   1.0000000000E+00
    4185   1.0000000000E+00
    4186   1.0000000000E+00
    4187   1.0000000000E+00
    4188   1.0000000000E+00
    4189   1.0000000000E+00
    4190   1.0000000000E+00
    4191   1.0000000000E+00
    4192   1.0000000000E+00
    4193   1.0000000000E+00
    4194   1.0000000000E+00
    4195   1.0000000000E+00
    4196   1.0000000000E+00
    4197   1.0000000000E+00
    4198   1.0000000000E+00
    4199   1.0000000000E+00
    4200   1.0000000000E+00
    4201   1.0000000000E+00
    4202   1.0000000000E+00
    4203   1.0000000000E+00
    4204   1.0000000000E+00
    4205   1.0000000000E+00
    4206   1.0000000000E+00
    4207   1.0000000000E+00
    4208   1.0000000000E+00
    4209   1.0000000000E+00
    4210   1.0000000000E+00
    4211   1.0000000000E+00
    4212   1.0000000000E+00
    4213   1.0000000000E+00
    4214   1.0000000000E+00
    4215   1.0000000000E+00
    4216   1.0000000000E+00
    4217   1.0000000000E+00
    4218   1.0000000000E+00
    4219   1.0000000000E+00
    4220   1.0000000000E+00
    4221   1.0000000000E+00
    4222   1.0000000000E+00
    4223   1.0000000000E+00
    4224   1.0000000000E+00
    4225   1.0000000000E+00
    4226   1.0000000000E+00
    4227   1.0000000000E+00
    4228   1.0000000000E+00
    4229   1.0000000000E+00
    4230   1.0000000000E+00
    4231   1.0000000000E+00
    4232   1.0000000000E+00
    4233   1.0000000000E+00
    4234   1.0000000000E+00
    4235   1.0000000000E+00
    4236   1.0000000000E+00
    4237   1.0000000000E+00
    4238   1.0000000000E+00
    4239   1.0000000000E+00
    4240   1.0000000000E+00
    4241   1.0000000000E+00
    4242   1.0000000000E+00
    4243   1.0000000000E+00
    4244   1.0000000000E+00
    4245   1.0000000000E+00
    4246   1.0000000000E+00
    4247   1.0000000000E+00
    4248   1.0000000000E+00
    4249   1.0000000000E+00
    4250   1.0000000000E+00
    4251   1.0000000000E+00
    4252   1.0000000000E+00
    4253   1.0000000000E+00
    4254   1.0000000000E+00
    4255   1.0000000000E+00
    4256   1.0000000000E+00
    4257   1.0000000000E+00
    4258   1.0000000000E+00
    4259   1.0000000000E+00
    4260   1.0000000000E+00
    4261   1.0000000000E+00
    4262   1.0000000000E+00
    4263   1.0000000000E+00
    4264   1.0000000000E+00
    4265   1.0000000000E+00
    4266   1.0000000000E+00
    4267   1.0000000000E+00
    4268   1.0000000000E+00
    4269   1.0000000000E+00
    4270   1.0000000000E+00
    4271   1.0000000000E+00
    4272   1.0000000000E+00
    4273   1.0000000000E+00
    4274   1.0000000000E+00
    4275   1.0000000000E+00
    4276   1.0000000000E+00
    4277   1.0000000000E+00
    4278   1.0000000000E+00
    4279   1.0000000000E+00
    4280   1.0000000000E+00
    4281   1.0000000000E+00
    4282   1.0000000000E+00
    4283   1.0000000000E+00
    4284   1.0000000000E+00
    4285   1.0000000000E+00
    4286   1.0000000000E+00
    4287   1.0000000000E+00
    4288   1.0000000000E+00
    4289   1.0000000000E+00
    4290   1.0000000000E+00
    4291   1.0000000000E+00
    4292   1.0000000000E+00
    4293   1.0000000000E+00
    4294   1.0000000000E+00
    4295   1.0000000000E+00
    4296   1.0000000000E+00
    4297   1.0000000000E+00
    4298   1.0000000000E+00
    4299   1.0000000000E+00
    4300   1.0000000000E+00
    4301   1.0000000000E+00
    4302   1.0000000000E+00
    4303   1.0000000000E+00
    4304   1.0000000000E+00
    4305   1.0000000000E+00
    4306   1.0000000000E+00
    4307   1.0000000000E+00
    4308   1.0000000000E+00
    4309   1.0000000000E+00
    4310   1.0000000000E+00
    4311   1.0000000000E+00
    4312   1.0000000000E+00
    4313   1.0000000000E+00
    4314   1.0000000000E+00
    4315   1.0000000000E+00
    4316   1.0000000000E+00
    4317   1.0000000000E+00
    4318   1.0000000000E+00
    4319   1.0000000000E+00
    4320   1.0000000000E+00
    4321   1.0000000000E+00
    4322   1.0000000000E+00
    4323   1.0000000000E+00
    4324   1.0000000000E+00
    4325   1.0000000000E+00
    4326   1.0000000000E+00
    4327   1.0000000000E+00
    4328   1.0000000000E+00
    4329   1.0000000000E+00
    4330   1.0000000000E+00
    4331   1.0000000000E+00
    4332   1.0000000000E+00
    4333   1.0000000000E+00
    4334   1.0000000000E+00
    4335   1.0000000000E+00
    4336   1.0000000000E+00
    4337   1.0000000000E+00
    4338   1.0000000000E+00
    4339   1.0000000000E+00
    4340   1.0000000000E+00
    4341   1.0000000000E+00
    4342   1.0000000000E+00
    4343   1.0000000000E+00
    4344   1.0000000000E+00
    4345   1.0000000000E+00
    4346   1.0000000000E+00
    4347   1.0000000000E+00
    4348   1.0000000000E+00
    4349   1.0000000000E+00
    4350   1.0000000000E+00
    4351   1.0000000000E+00
    4352   1.0000000000E+00
    4353   1.0000000000E+00
    4354   1.0000000000E+00
    4355   1.0000000000E+00
    4356   1.0000000000E+00
    4357   1.0000000000E+00
    4358   1.0000000000E+00
    4359   1.0000000000E+00
    4360   1.0000000000E+00
    4361   1.0000000000E+00
    4362   1.0000000000E+00
    4363   1.0000000000E+00
    4364   1.0000000000E+00
    4365   1.0000000000E+00
    4366   1.0000000000E+00
    4367   1.0000000000E+00
    4368   1.0000000000E+00
    4369   1.0000000000E+00
    4370   1.0000000000E+00
    4371   1.0000000000E+00
    4372   1.0000000000E+00
    4373   1.0000000000E+00
    4374   1.0000000000E+00
    4375   1.0000000000E+00
    4376   1.0000000000E+00
    4377   1.0000000000E+00
    4378   1.0000000000E+00
    4379   1.0000000000E+00
    4380   1.0000000000E+00
    4381   1.0000000000E+00
    4382   1.0000000000E+00
    4383   1.0000000000E+00
    4384   1.0000000000E+00
    4385   1.0000000000E+00
    4386   1.0000000000E+00
    4387   1.0000000000E+00
    4388   1.0000000000E+00
    4389   1.0000000000E+00
    4390   1.0000000000E+00
    4391   1.0000000000E+00
    4392   1.0000000000E+00
    4393   1.0000000000E+00
    4394   1.0000000000E+00
    4395   1.0000000000E+00
    4396   1.0000000000E+00
    4397   1.0000000000E+00
    4398   1.0000000000E+00
    4399   1.0000000000E+00
    4400   1.0000000000E+00
    4401   1.0000000000E+00
    4402   1.0000000000E+00
    4403   1.0000000000E+00
    4404   1.0000000000E+00
    4405   1.0000000000E+00
    4406   1.0000000000E+00
    4407   1.0000000000E+00
    4408   1.0000000000E+00
    4409   1.0000000000E+00
    4410   1.0000000000E+00
    4411   1.0000000000E+00
    4412   1.0000000000E+00
    4413   1.0000000000E+00
    4414   1.0000000000E+00
    4415   1.0000000000E+00
    4416   1.0000000000E+00
    4417   1.0000000000E+00
    4418   1.0000000000E+00
    4419   1.0000000000E+00
    4420   1.0000000000E+00
    4421   1.0000000000E+00
    4422   1.0000000000E+00
    4423   1.0000000000E+00
    4424   1.0000000000E+00
    4425   1.0000000000E+00
    4426   1.0000000000E+00
    4427   1.0000000000E+00
    4428   1.0000000000E+00
    4429   1.0000000000E+00
    4430   1.0000000000E+00
    4431   1.0000000000E+00
    4432   1.0000000000E+00
    4433   1.0000000000E+00
    4434   1.0000000000E+00
    4435   1.0000000000E+00
    4436   1.0000000000E+00
    4437   1.0000000000E+00
    4438   1.0000000000E+00
    4439   1.0000000000E+00
    4440   1.0000000000E+00
    4441   1.0000000000E+00
    4442   1.0000000000E+00
    4443   1.0000000000E+00
    4444   1.0000000000E+00
    4445   1.0000000000E+00
    4446   1.0000000000E+00
    4447   1.0000000000E+00
    4448   1.0000000000E+00
    4449   1.0000000000E+00
    4450   1.0000000000E+00
    4451   1.0000000000E+00
    4452   1.0000000000E+00
    4453   1.0000000000E+00
    4454   1.0000000000E+00
    4455   1.0000000000E+00
    4456   1.0000000000E+00
    4457   1.0000000000E+00
    4458   1.0000000000E+00
    4459   1.0000000000E+00
    4460   1.0000000000E+00
    4461   1.0000000000E+00
    4462   1.0000000000E+00
    4463   1.0000000000E+00
    4464   1.0000000000E+00
    4465   1.0000000000E+00
    4466   1.0000000000E+00
    4467   1.0000000000E+00
    4468   1.0000000000E+00
    4469   1.0000000000E+00
    4470   1.0000000000E+00
    4471   1.0000000000E+00
    4472   1.0000000000E+00
    4473   1.0000000000E+00
    4474   1.0000000000E+00
    4475   1.0000000000E+00
    4476   1.0000000000E+00
    4477   1.0000000000E+00
    4478   1.0000000000E+00
    4479   1.0000000000E+00
    4480   1.0000000000E+00
    4481   1.0000000000E+00
    4482   1.0000000000E+00
    4483   1.0000000000E+00
    4484   1.0000000000E+00
    4485   1.0000000000E+00
    4486   1.0000000000E+00
    4487   1.0000000000E+00
    4488   1.0000000000E+00
    4489   1.0000000000E+00
    4490   1.0000000000E+00
    4491   1.0000000000E+00
    4492   1.0000000000E+00
    4493   1.0000000000E+00
    4494   1.0000000000E+00
    4495   1.0000000000E+00
    4496   1.0000000000E+00
    4497   1.0000000000E+00
    4498   1.0000000000E+00
    4499   1.0000000000E+00
    4500   1.0000000000E+00
    4501   1.0000000000E+00
    4502   1.0000000000E+00
    4503   1.0000000000E+00
    4504   1.0000000000E+00
    4505   1.0000000000E+00
    4506   1.0000000000E+00
    4507   1.0000000000E+00
    4508   1.0000000000E+00
    4509   1.0000000000E+00
    4510   1.0000000000E+00
    4511   1.0000000000E+00
    4512   1.0000000000E+00
    4513   1.0000000000E+00
    4514   1.0000000000E+00
    4515   1.0000000000E+00
    4516   1.0000000000E+00
    4517   1.0000000000E+00
    4518   1.0000000000E+00
    4519   1.0000000000E+00
    4520   1.0000000000E+00
    4521   1.0000000000E+00
    4522   1.0000000000E+00
    4523   1.0000000000E+00
    4524   1.0000000000E+00
    4525   1.0000000000E+00
    4526   1.0000000000E+00
    4527   1.0000000000E+00
    4528   1.0000000000E+00
    4529   1.0000000000E+00
    4530   1.0000000000E+00
    4531   1.0000000000E+00
    4532   1.0000000000E+00
    4533   1.0000000000E+00
    4534   1.0000000000E+00
    4535   1.0000000000E+00
    4536   1.0000000000E+00
    4537   1.0000000000E+00
    4538   1.0000000000E+00
    4539   1.0000000000E+00
    4540   1.0000000000E+00
    4541   1.0000000000E+00
    4542   1.0000000000E+00
    4543   1.0000000000E+00
    4544   1.0000000000E+00
    4545   1.0000000000E+00
    4546   1.0000000000E+00
    4547   1.0000000000E+00
    4548   1.0000000000E+00
    4549   1.0000000000E+00
    4550   1.0000000000E+00
    4551   1.0000000000E+00
    4552   1.0000000000E+00
    4553   1.0000000000E+00
    4554   1.0000000000E+00
    4555   1.0000000000E+00
    4556   1.0000000000E+00
    4557   1.0000000000E+00
    4558   1.0000000000E+00
    4559   1.0000000000E+00
    4560   1.0000000000E+00
    4561   1.0000000000E+00
    4562   1.0000000000E+00
    4563   1.0000000000E+00
    4564   1.0000000000E+00
    4565   1.0000000000E+00
    4566   1.0000000000E+00
    4567   1.0000000000E+00
    4568   1.0000000000E+00
    4569   1.0000000000E+00
    4570   1.0000000000E+00
    4571   1.0000000000E+00
    4572   1.0000000000E+00
    4573   1.0000000000E+00
    4574   1.0000000000E+00
    4575   1.0000000000E+00
    4576   1.0000000000E+00
    4577   1.0000000000E+00
    4578   1.0000000000E+00
    4579   1.0000000000E+00
    4580   1.0000000000E+00
    4581   1.0000000000E+00
    4582   1.0000000000E+00
    4583   1.0000000000E+00
    4584   1.0000000000E+00
    4585   1.0000000000E+00
    4586   1.0000000000E+00
    4587   1.0000000000E+00
    4588   1.0000000000E+00
    4589   1.0000000000E+00
    4590   1.0000000000E+00
    4591   1.0000000000E+00
    4592   1.0000000000E+00
    4593   1.0000000000E+00
    4594   1.0000000000E+00
    4595   1.0000000000E+00
    4596   1.0000000000E+00
    4597   1.0000000000E+00
    4598   1.0000000000E+00
    4599   1.0000000000E+00
    4600   1.0000000000E+00
    4601   1.0000000000E+00
    4602   1.0000000000E+00
    4603   1.0000000000E+00
    4604   1.0000000000E+00
    4605   1.0000000000E+00
    4606   1.0000000000E+00
    4607   1.0000000000E+00
    4608   1.0000000000E+00
    4609   1.0000000000E+00
    4610   1.0000000000E+00
    4611   1.0000000000E+00
    4612   1.0000000000E+00
    4613   1.0000000000E+00
    4614   1.0000000000E+00
    4615   1.0000000000E+00
    4616   1.0000000000E+00
    4617   1.0000000000E+00
    4618   1.0000000000E+00
    4619   1.0000000000E+00
    4620   1.0000000000E+00
    4621   1.0000000000E+00
    4622   1.0000000000E+00
    4623   1.0000000000E+00
    4624   1.0000000000E+00
    4625   1.0000000000E+00
    4626   1.0000000000E+00
    4627   1.0000000000E+00
    4628   1.0000000000E+00
    4629   1.0000000000E+00
    4630   1.0000000000E+00
    4631   1.0000000000E+00
    4632   1.0000000000E+00
    4633   1.0000000000E+00
    4634   1.0000000000E+00
    4635   1.0000000000E+00
    4636   1.0000000000E+00
    4637   1.0000000000E+00
    4638   1.0000000000E+00
    4639   1.0000000000E+00
    4640   1.0000000000E+00
    4641   1.0000000000E+00
    4642   1.0000000000E+00
    4643   1.0000000000E+00
    4644   1.0000000000E+00
    4645   1.0000000000E+00
    4646   1.0000000000E+00
    4647   1.0000000000E+00
    4648   1.0000000000E+00
    4649   1.0000000000E+00
    4650   1.0000000000E+00
    4651   1.0000000000E+00
    4652   1.0000000000E+00
    4653   1.0000000000E+00
    4654   1.0000000000E+00
    4655   1.0000000000E+00
    4656   1.0000000000E+00
    4657   1.0000000000E+00
    4658   1.0000000000E+00
    4659   1.0000000000E+00
    4660   1.0000000000E+00
    4661   1.0000000000E+00
    4662   1.0000000000E+00
    4663   1.0000000000E+00
    4664   1.0000000000E+00
    4665   1.0000000000E+00
    4666   1.0000000000E+00
    4667   1.0000000000E+00
    4668   1.0000000000E+00
    4669   1.0000000000E+00
    4670   1.0000000000E+00
    4671   1.0000000000E+00
    4672   1.0000000000E+00
    4673   1.0000000000E+00
    4674   1.0000000000E+00
    4675   1.0000000000E+00
    4676   1.0000000000E+00
    4677   1.0000000000E+00
    4678   1.0000000000E+00
    4679   1.0000000000E+00
    4680   1.0000000000E+00
    4681   1.0000000000E+00
    4682   1.0000000000E+00
    4683   1.0000000000E+00
    4684   1.0000000000E+00
    4685   1.0000000000E+00
    4686   1.0000000000E+00
    4687   1.0000000000E+00
    4688   1.0000000000E+00
    4689   1.0000000000E+00
    4690   1.0000000000E+00
    4691   1.0000000000E+00
    4692   1.0000000000E+00
    4693   1.0000000000E+00
    4694   1.0000000000E+00
    4695   1.0000000000E+00
    4696   1.0000000000E+00
    4697   1.0000000000E+00
    4698   1.0000000000E+00
    4699   1.0000000000E+00
    4700   1.0000000000E+00
    4701   1.0000000000E+00
    4702   1.0000000000E+00
    4703   1.0000000000E+00
    4704   1.0000000000E+00
    4705   1.0000000000E+00
    4706   1.0000000000E+00
    4707   1.0000000000E+00
    4708   1.0000000000E+00
    4709   1.0000000000E+00
    4710   1.0000000000E+00
    4711   1.0000000000E+00
    4712   1.0000000000E+00
    4713   1.0000000000E+00
    4714   1.0000000000E+00
    4715   1.0000000000E+00
    4716   1.0000000000E+00
    4717   1.0000000000E+00
    4718   1.0000000000E+00
    4719   1.0000000000E+00
    4720   1.0000000000E+00
    4721   1.0000000000E+00
    4722   1.0000000000E+00
    4723   1.0000000000E+00
    4724   1.0000000000E+00
    4725   1.0000000000E+00
    4726   1.0000000000E+00
    4727   1.0000000000E+00
    4728   1.0000000000E+00
    4729   1.0000000000E+00
    4730   1.0000000000E+00
    4731   1.0000000000E+00
    4732   1.0000000000E+00
    4733   1.0000000000E+00
    4734   1.0000000000E+00
    4735   1.0000000000E+00
    4736   1.0000000000E+00
    4737   1.0000000000E+00
    4738   1.0000000000E+00
    4739   1.0000000000E+00
    4740   1.0000000000E+00
    4741   1.0000000000E+00
    4742   1.0000000000E+00
    4743   1.0000000000E+00
    4744   1.0000000000E+00
    4745   1.0000000000E+00
    4746   1.0000000000E+00
    4747   1.0000000000E+00
    4748   1.0000000000E+00
    4749   1.0000000000E+00
    4750   1.0000000000E+00
    4751   1.0000000000E+00
    4752   1.0000000000E+00
    4753   1.0000000000E+00
    4754   1.0000000000E+00
    4755   1.0000000000E+00
    4756   1.0000000000E+00
    4757   1.0000000000E+00
    4758   1.0000000000E+00
    4759   1.0000000000E+00
    4760   1.0000000000E+00
    4761   1.0000000000E+00
    4762   1.0000000000E+00
    4763   1.0000000000E+00
    4764   1.0000000000E+00
    4765   1.0000000000E+00
    4766   1.0000000000E+00
    4767   1.0000000000E+00
    4768   1.0000000000E+00
    4769   1.0000000000E+00
    4770   1.0000000000E+00
    4771   1.0000000000E+00
    4772   1.0000000000E+00
    4773   1.0000000000E+00
    4774   1.0000000000E+00
    4775   1.0000000000E+00
    4776   1.0000000000E+00
    4777   1.0000000000E+00
    4778   1.0000000000E+00
    4779   1.0000000000E+00
    4780   1.0000000000E+00
    4781   1.0000000000E+00
    4782   1.0000000000E+00
    4783   1.0000000000E+00
    4784   1.0000000000E+00
    4785   1.0000000000E+00
    4786   1.0000000000E+00
    4787   1.0000000000E+00
    4788   1.0000000000E+00
    4789   1.0000000000E+00
    4790   1.0000000000E+00
    4791   1.0000000000E+00
    4792   1.0000000000E+00
    4793   1.0000000000E+00
    4794   1.0000000000E+00
    4795   1.0000000000E+00
    4796   1.0000000000E+00
    4797   1.0000000000E+00
    4798   1.0000000000E+00
    4799   1.0000000000E+00
    4800   1.0000000000E+00
    4801   1.0000000000E+00
    4802   1.0000000000E+00
    4803   1.0000000000E+00
    4804   1.0000000000E+00
    4805   1.0000000000E+00
    4806   1.0000000000E+00
    4807   1.0000000000E+00
    4808   1.0000000000E+00
    4809   1.0000000000E+00
    4810   1.0000000000E+00
    4811   1.0000000000E+00
    4812   1.0000000000E+00
    4813   1.0000000000E+00
    4814   1.0000000000E+00
    4815   1.0000000000E+00
    4816   1.0000000000E+00
    4817   1.0000000000E+00
    4818   1.0000000000E+00
    4819   1.0000000000E+00
    4820   1.0000000000E+00
    4821   1.0000000000E+00
    4822   1.0000000000E+00
    4823   1.0000000000E+00
    4824   1.0000000000E+00
    4825   1.0000000000E+00
    4826   1.0000000000E+00
    4827   1.0000000000E+00
    4828   1.0000000000E+00
    4829   1.0000000000E+00
    4830   1.0000000000E+00
    4831   1.0000000000E+00
    4832   1.0000000000E+00
    4833   1.0000000000E+00
    4834   1.0000000000E+00
    4835   1.0000000000E+00
    4836   1.0000000000E+00
    4837   1.0000000000E+00
    4838   1.0000000000E+00
    4839   1.0000000000E+00
    4840   1.0000000000E+00
    4841   1.0000000000E+00
    4842   1.0000000000E+00
    4843   1.0000000000E+00
    4844   1.0000000000E+00
    4845   1.0000000000E+00
    4846   1.0000000000E+00
    4847   1.0000000000E+00
    4848   1.0000000000E+00
    4849   1.0000000000E+00
    4850   1.0000000000E+00
    4851   1.0000000000E+00
    4852   1.0000000000E+00
    4853   1.0000000000E+00
    4854   1.0000000000E+00
    4855   1.0000000000E+00
    4856   1.0000000000E+00
    4857   1.0000000000E+00
    4858   1.0000000000E+00
    4859   1.0000000000E+00
    4860   1.0000000000E+00
    4861   1.0000000000E+00
    4862   1.0000000000E+00
    4863   1.0000000000E+00
    4864   1.0000000000E+00
    4865   1.0000000000E+00
    4866   1.0000000000E+00
    4867   1.0000000000E+00
    4868   1.0000000000E+00
    4869   1.0000000000E+00
    4870   1.0000000000E+00
    4871   1.0000000000E+00
    4872   1.0000000000E+00
    4873   1.0000000000E+00
    4874   1.0000000000E+00
    4875   1.0000000000E+00
    4876   1.0000000000E+00
    4877   1.0000000000E+00
    4878   1.0000000000E+00
    4879   1.0000000000E+00
    4880   1.0000000000E+00
    4881   1.0000000000E+00
    4882   1.0000000000E+00
    4883   1.0000000000E+00
    4884   1.0000000000E+00
    4885   1.0000000000E+00
    4886   1.0000000000E+00
    4887   1.0000000000E+00
    4888   1.0000000000E+00
    4889   1.0000000000E+00
    4890   1.0000000000E+00
    4891   1.0000000000E+00
    4892   1.0000000000E+00
    4893   1.0000000000E+00
    4894   1.0000000000E+00
    4895   1.0000000000E+00
    4896   1.0000000000E+00
    4897   1.0000000000E+00
    4898   1.0000000000E+00
    4899   1.0000000000E+00
    4900   1.0000000000E+00
    4901   1.0000000000E+00
    4902   1.0000000000E+00
    4903   1.0000000000E+00
    4904   1.0000000000E+00
    4905   1.0000000000E+00
    4906   1.0000000000E+00
    4907   1.0000000000E+00
    4908   1.0000000000E+00
    4909   1.0000000000E+00
    4910   1.0000000000E+00
    4911   1.0000000000E+00
    4912   1.0000000000E+00
    4913   1.0000000000E+00
    4914   1.0000000000E+00
    4915   1.0000000000E+00
    4916   1.0000000000E+00
    4917   1.0000000000E+00
    4918   1.0000000000E+00
    4919   1.0000000000E+00
    4920   1.0000000000E+00
    4921   1.0000000000E+00
    4922   1.0000000000E+00
    4923   1.0000000000E+00
    4924   1.0000000000E+00
    4925   1.0000000000E+00
    4926   1.0000000000E+00
    4927   1.0000000000E+00
    4928   1.0000000000E+00
    4929   1.0000000000E+00
    4930   1.0000000000E+00
    4931   1.0000000000E+00
    4932   1.0000000000E+00
    4933   1.0000000000E+00
    4934   1.0000000000E+00
    4935   1.0000000000E+00
    4936   1.0000000000E+00
    4937   1.0000000000E+00
    4938   1.0000000000E+00
    4939   1.0000000000E+00
    4940   1.0000000000E+00
    4941   1.0000000000E+00
    4942   1.0000000000E+00
    4943   1.0000000000E+00
    4944   1.0000000000E+00
    4945   1.0000000000E+00
    4946   1.0000000000E+00
    4947   1.0000000000E+00
    4948   1.0000000000E+00
    4949   1.0000000000E+00
    4950   1.0000000000E+00
    4951   1.0000000000E+00
    4952   1.0000000000E+00
    4953   1.0000000000E+00
    4954   1.0000000000E+00
    4955   1.0000000000E+00
    4956   1.0000000000E+00
    4957   1.0000000000E+00
    4958   1.0000000000E+00
    4959   1.0000000000E+00
    4960   1.0000000000E+00
    4961   1.0000000000E+00
    4962   1.0000000000E+00
    4963   1.0000000000E+00
    4964   1.0000000000E+00
    4965   1.0000000000E+00
    4966   1.0000000000E+00
    4967   1.0000000000E+00
    4968   1.0000000000E+00
    4969   1.0000000000E+00
    4970   1.0000000000E+00
    4971   1.0000000000E+00
    4972   1.0000000000E+00
    4973   1.0000000000E+00
    4974   1.0000000000E+00
    4975   1.0000000000E+00
    4976   1.0000000000E+00
    4977   1.0000000000E+00
    4978   1.0000000000E+00
    4979   1.0000000000E+00
    4980   1.0000000000E+00
    4981   1.0000000000E+00
    4982   1.0000000000E+00
    4983   1.0000000000E+00
    4984   1.0000000000E+00
    4985   1.0000000000E+00
    4986   1.0000000000E+00
    4987   1.0000000000E+00
    4988   1.0000000000E+00
    4989   1.0000000000E+00
    4990   1.0000000000E+00
    4991   1.0000000000E+00
    4992   1.0000000000E+00
    4993   1.0000000000E+00
    4994   1.0000000000E+00
    4995   1.0000000000E+00
    4996   1.0000000000E+00
    4997   1.0000000000E+00
    4998   1.0000000000E+00
    4999   1.0000000000E+00
    5000   1.0000000000E+00
    5001   1.0000000000E+00
    5002   1.0000000000E+00
    5003   1.0000000000E+00
    5004   1.0000000000E+00
    5005   1.0000000000E+00
    5006   1.0000000000E+00
    5007   1.0000000000E+00
    5008   1.0000000000E+00
    5009   1.0000000000E+00
    5010   1.0000000000E+00
    5011   1.0000000000E+00
    5012   1.0000000000E+00
    5013   1.0000000000E+00
    5014   1.0000000000E+00
    5015   1.0000000000E+00
    5016   1.0000000000E+00
    5017   1.0000000000E+00
    5018   1.0000000000E+00
    5019   1.0000000000E+00
    5020   1.0000000000E+00
    5021   1.0000000000E+00
    5022   1.0000000000E+00
    5023   1.0000000000E+00
    5024   1.0000000000E+00
    5025   1.0000000000E+00
    5026   1.0000000000E+00
    5027   1.0000000000E+00
    5028   1.0000000000E+00
    5029   1.0000000000E+00
    5030   1.0000000000E+00
    5031   1.0000000000E+00
    5032   1.0000000000E+00
    5033   1.0000000000E+00
    5034   1.0000000000E+00
    5035   1.0000000000E+00
    5036   1.0000000000E+00
    5037   1.0000000000E+00
    5038   1.0000000000E+00
    5039   1.0000000000E+00
    5040   1.0000000000E+00
    5041   1.0000000000E+00
    5042   1.0000000000E+00
    5043   1.0000000000E+00
    5044   1.0000000000E+00
    5045   1.0000000000E+00
    5046   1.0000000000E+00
    5047   1.0000000000E+00
    5048   1.0000000000E+00
    5049   1.0000000000E+00
    5050   1.0000000000E+00
    5051   1.0000000000E+00
    5052   1.0000000000E+00
    5053   1.0000000000E+00
    5054   1.0000000000E+00
    5055   1.0000000000E+00
    5056   1.0000000000E+00
    5057   1.0000000000E+00
    5058   1.0000000000E+00
    5059   1.0000000000E+00
    5060   1.0000000000E+00
    5061   1.0000000000E+00
    5062   1.0000000000E+00
    5063   1.0000000000E+00
    5064   1.0000000000E+00
    5065   1.0000000000E+00
    5066   1.0000000000E+00
    5067   1.0000000000E+00
    5068   1.0000000000E+00
    5069   1.0000000000E+00
    5070   1.0000000000E+00
    5071   1.0000000000E+00
    5072   1.0000000000E+00
    5073   1.0000000000E+00
    5074   1.0000000000E+00
    5075   1.0000000000E+00
    5076   1.0000000000E+00
    5077   1.0000000000E+00
    5078   1.0000000000E+00
    5079   1.0000000000E+00
    5080   1.0000000000E+00
    5081   1.0000000000E+00
    5082   1.0000000000E+00
    5083   1.0000000000E+00
    5084   1.0000000000E+00
    5085   1.0000000000E+00
    5086   1.0000000000E+00
    5087   1.0000000000E+00
    5088   1.0000000000E+00
    5089   1.0000000000E+00
    5090   1.0000000000E+00
    5091   1.0000000000E+00
    5092   1.0000000000E+00
    5093   1.0000000000E+00
    5094   1.0000000000E+00
    5095   1.0000000000E+00
    5096   1.0000000000E+00
    5097   1.0000000000E+00
    5098   1.0000000000E+00
    5099   1.0000000000E+00
    5100   1.0000000000E+00
    5101   1.0000000000E+00
    5102   1.0000000000E+00
    5103   1.0000000000E+00
    5104   1.0000000000E+00
    5105   1.0000000000E+00
    5106   1.0000000000E+00
    5107   1.0000000000E+00
    5108   1.0000000000E+00
    5109   1.0000000000E+00
    5110   1.0000000000E+00
    5111   1.0000000000E+00
    5112   1.0000000000E+00
    5113   1.0000000000E+00
    5114   1.0000000000E+00
    5115   1.0000000000E+00
    5116   1.0000000000E+00
    5117   1.0000000000E+00
    5118   1.0000000000E+00
    5119   1.0000000000E+00
    5120   1.0000000000E+00
    5121   1.0000000000E+00
    5122   1.0000000000E+00
    5123   1.0000000000E+00
    5124   1.0000000000E+00
    5125   1.0000000000E+00
    5126   1.0000000000E+00
    5127   1.0000000000E+00
    5128   1.0000000000E+00
    5129   1.0000000000E+00
    5130   1.0000000000E+00
    5131   1.0000000000E+00
    5132   1.0000000000E+00
    5133   1.0000000000E+00
    5134   1.0000000000E+00
    5135   1.0000000000E+00
    5136   1.0000000000E+00
    5137   1.0000000000E+00
    5138   1.0000000000E+00
    5139   1.0000000000E+00
    5140   1.0000000000E+00
    5141   1.0000000000E+00
    5142   1.0000000000E+00
    5143   1.0000000000E+00
    5144   1.0000000000E+00
    5145   1.0000000000E+00
    5146   1.0000000000E+00
    5147   1.0000000000E+00
    5148   1.0000000000E+00
    5149   1.0000000000E+00
    5150   1.0000000000E+00
    5151   1.0000000000E+00
    5152   1.0000000000E+00
    5153   1.0000000000E+00
    5154   1.0000000000E+00
    5155   1.0000000000E+00
    5156   1.0000000000E+00
    5157   1.0000000000E+00
    5158   1.0000000000E+00
    5159   1.0000000000E+00
    5160   1.0000000000E+00
    5161   1.0000000000E+00
    5162   1.0000000000E+00
    5163   1.0000000000E+00
    5164   1.0000000000E+00
    5165   1.0000000000E+00
    5166   1.0000000000E+00
    5167   1.0000000000E+00
    5168   1.0000000000E+00
    5169   1.0000000000E+00
    5170   1.0000000000E+00
    5171   1.0000000000E+00
    5172   1.0000000000E+00
    5173   1.0000000000E+00
    5174   1.0000000000E+00
    5175   1.0000000000E+00
    5176   1.0000000000E+00
    5177   1.0000000000E+00
    5178   1.0000000000E+00
    5179   1.0000000000E+00
    5180   1.0000000000E+00
    5181   1.0000000000E+00
    5182   1.0000000000E+00
    5183   1.0000000000E+00
    5184   1.0000000000E+00
    5185   1.0000000000E+00
    5186   1.0000000000E+00
    5187   1.0000000000E+00
    5188   1.0000000000E+00
    5189   1.0000000000E+00
    5190   1.0000000000E+00
    5191   1.0000000000E+00
    5192   1.0000000000E+00
    5193   1.0000000000E+00
    5194   1.0000000000E+00
    5195   1.0000000000E+00
    5196   1.0000000000E+00
    5197   1.0000000000E+00
    5198   1.0000000000E+00
    5199   1.0000000000E+00
    5200   1.0000000000E+00
    5201   1.0000000000E+00
    5202   1.0000000000E+00
    5203   1.0000000000E+00
    5204   1.0000000000E+00
    5205   1.0000000000E+00
    5206   1.0000000000E+00
    5207   1.0000000000E+00
    5208   1.0000000000E+00
    5209   1.0000000000E+00
    5210   1.0000000000E+00
    5211   1.0000000000E+00
    5212   1.0000000000E+00
    5213   1.0000000000E+00
    5214   1.0000000000E+00
    5215   1.0000000000E+00
    5216   1.0000000000E+00
    5217   1.0000000000E+00
    5218   1.0000000000E+00
    5219   1.0000000000E+00
    5220   1.0000000000E+00
    5221   1.0000000000E+00
    5222   1.0000000000E+00
    5223   1.0000000000E+00
    5224   1.0000000000E+00
    5225   1.0000000000E+00
    5226   1.0000000000E+00
    5227   1.0000000000E+00
    5228   1.0000000000E+00
    5229   1.0000000000E+00
    5230   1.0000000000E+00
    5231   1.0000000000E+00
    5232   1.0000000000E+00
    5233   1.0000000000E+00
    5234   1.0000000000E+00
    5235   1.0000000000E+00
    5236   1.0000000000E+00
    5237   1.0000000000E+00
    5238   1.0000000000E+00
    5239   1.0000000000E+00
    5240   1.0000000000E+00
    5241   1.0000000000E+00
    5242   1.0000000000E+00
    5243   1.0000000000E+00
    5244   1.0000000000E+00
    5245   1.0000000000E+00
    5246   1.0000000000E+00
    5247   1.0000000000E+00
    5248   1.0000000000E+00
    5249   1.0000000000E+00
    5250   1.0000000000E+00
    5251   1.0000000000E+00
    5252   1.0000000000E+00
    5253   1.0000000000E+00
    5254   1.0000000000E+00
    5255   1.0000000000E+00
    5256   1.0000000000E+00
    5257   1.0000000000E+00
    5258   1.0000000000E+00
    5259   1.0000000000E+00
    5260   1.0000000000E+00
    5261   1.0000000000E+00
    5262   1.0000000000E+00
    5263   1.0000000000E+00
    5264   1.0000000000E+00
    5265   1.0000000000E+00
    5266   1.0000000000E+00
    5267   1.0000000000E+00
    5268   1.0000000000E+00
    5269   1.0000000000E+00
    5270   1.0000000000E+00
    5271   1.0000000000E+00
    5272   1.0000000000E+00
    5273   1.0000000000E+00
    5274   1.0000000000E+00
    5275   1.0000000000E+00
    5276   1.0000000000E+00
    5277   1.0000000000E+00
    5278   1.0000000000E+00
    5279   1.0000000000E+00
    5280   1.0000000000E+00
    5281   1.0000000000E+00
    5282   1.0000000000E+00
    5283   1.0000000000E+00
    5284   1.0000000000E+00
    5285   1.0000000000E+00
    5286   1.0000000000E+00
    5287   1.0000000000E+00
    5288   1.0000000000E+00
    5289   1.0000000000E+00
    5290   1.0000000000E+00
    5291   1.0000000000E+00
    5292   1.0000000000E+00
    5293   1.0000000000E+00
    5294   1.0000000000E+00
    5295   1.0000000000E+00
    5296   1.0000000000E+00
    5297   1.0000000000E+00
    5298   1.0000000000E+00
    5299   1.0000000000E+00
    5300   1.0000000000E+00
    5301   1.0000000000E+00
    5302   1.0000000000E+00
    5303   1.0000000000E+00
    5304   1.0000000000E+00
    5305   1.0000000000E+00
    5306   1.0000000000E+00
    5307   1.0000000000E+00
    5308   1.0000000000E+00
    5309   1.0000000000E+00
    5310   1.0000000000E+00
    5311   1.0000000000E+00
    5312   1.0000000000E+00
    5313   1.0000000000E+00
    5314   1.0000000000E+00
    5315   1.0000000000E+00
    5316   1.0000000000E+00
    5317   1.0000000000E+00
    5318   1.0000000000E+00
    5319   1.0000000000E+00
    5320   1.0000000000E+00
    5321   1.0000000000E+00
    5322   1.0000000000E+00
    5323   1.0000000000E+00
    5324   1.0000000000E+00
    5325   1.0000000000E+00
    5326   1.0000000000E+00
    5327   1.0000000000E+00
    5328   1.0000000000E+00
    5329   1.0000000000E+00
    5330   1.0000000000E+00
    5331   1.0000000000E+00
    5332   1.0000000000E+00
    5333   1.0000000000E+00
    5334   1.0000000000E+00
    5335   1.0000000000E+00
    5336   1.0000000000E+00
    5337   1.0000000000E+00
    5338   1.0000000000E+00
    5339   1.0000000000E+00
    5340   1.0000000000E+00
    5341   1.0000000000E+00
    5342   1.0000000000E+00
    5343   1.0000000000E+00
    5344   1.0000000000E+00
    5345   1.0000000000E+00
    5346   1.0000000000E+00
    5347   1.0000000000E+00
    5348   1.0000000000E+00
    5349   1.0000000000E+00
    5350   1.0000000000E+00
    5351   1.0000000000E+00
    5352   1.0000000000E+00
    5353   1.0000000000E+00
    5354   1.0000000000E+00
    5355   1.0000000000E+00
    5356   1.0000000000E+00
    5357   1.0000000000E+00
    5358   1.0000000000E+00
    5359   1.0000000000E+00
    5360   1.0000000000E+00
    5361   1.0000000000E+00
    5362   1.0000000000E+00
    5363   1.0000000000E+00
    5364   1.0000000000E+00
    5365   1.0000000000E+00
    5366   1.0000000000E+00
    5367   1.0000000000E+00
    5368   1.0000000000E+00
    5369   1.0000000000E+00
    5370   1.0000000000E+00
    5371   1.0000000000E+00
    5372   1.0000000000E+00
    5373   1.0000000000E+00
    5374   1.0000000000E+00
    5375   1.0000000000E+00
    5376   1.0000000000E+00
    5377   1.0000000000E+00
    5378   1.0000000000E+00
    5379   1.0000000000E+00
    5380   1.0000000000E+00
    5381   1.0000000000E+00
    5382   1.0000000000E+00
    5383   1.0000000000E+00
    5384   1.0000000000E+00
    5385   1.0000000000E+00
    5386   1.0000000000E+00
    5387   1.0000000000E+00
    5388   1.0000000000E+00
    5389   1.0000000000E+00
    5390   1.0000000000E+00
    5391   1.0000000000E+00
    5392   1.0000000000E+00
    5393   1.0000000000E+00
    5394   1.0000000000E+00
    5395   1.0000000000E+00
    5396   1.0000000000E+00
    5397   1.0000000000E+00
    5398   1.0000000000E+00
    5399   1.0000000000E+00
    5400   1.0000000000E+00
    5401   1.0000000000E+00
    5402   1.0000000000E+00
    5403   1.0000000000E+00
    5404   1.0000000000E+00
    5405   1.0000000000E+00
    5406   1.0000000000E+00
    5407   1.0000000000E+00
    5408   1.0000000000E+00
    5409   1.0000000000E+00
    5410   1.0000000000E+00
    5411   1.0000000000E+00
    5412   1.0000000000E+00
    5413   1.0000000000E+00
    5414   1.0000000000E+00
    5415   1.0000000000E+00
    5416   1.0000000000E+00
    5417   1.0000000000E+00
    5418   1.0000000000E+00
    5419   1.0000000000E+00
    5420   1.0000000000E+00
    5421   1.0000000000E+00
    5422   1.0000000000E+00
    5423   1.0000000000E+00
    5424   1.0000000000E+00
    5425   1.0000000000E+00
    5426   1.0000000000E+00
    5427   1.0000000000E+00
    5428   1.0000000000E+00
    5429   1.0000000000E+00
    5430   1.0000000000E+00
    5431   1.0000000000E+00
    5432   1.0000000000E+00
    5433   1.0000000000E+00
    5434   1.0000000000E+00
    5435   1.0000000000E+00
    5436   1.0000000000E+00
    5437   1.0000000000E+00
    5438   1.0000000000E+00
    5439   1.0000000000E+00
    5440   1.0000000000E+00
    5441   1.0000000000E+00
    5442   1.0000000000E+00
    5443   1.0000000000E+00
    5444   1.0000000000E+00
    5445   1.0000000000E+00
    5446   1.0000000000E+00
    5447   1.0000000000E+00
    5448   1.0000000000E+00
    5449   1.0000000000E+00
    5450   1.0000000000E+00
    5451   1.0000000000E+00
    5452   1.0000000000E+00
    5453   1.0000000000E+00
    5454   1.0000000000E+00
    5455   1.0000000000E+00
    5456   1.0000000000E+00
    5457   1.0000000000E+00
    5458   1.0000000000E+00
    5459   1.0000000000E+00
    5460   1.0000000000E+00
    5461   1.0000000000E+00
    5462   1.0000000000E+00
    5463   1.0000000000E+00
    5464   1.0000000000E+00
    5465   1.0000000000E+00
    5466   1.0000000000E+00
    5467   1.0000000000E+00
    5468   1.0000000000E+00
    5469   1.0000000000E+00
    5470   1.0000000000E+00
    5471   1.0000000000E+00
    5472   1.0000000000E+00
    5473   1.0000000000E+00
    5474   1.0000000000E+00
    5475   1.0000000000E+00
    5476   1.0000000000E+00
    5477   1.0000000000E+00
    5478   1.0000000000E+00
    5479   1.0000000000E+00
    5480   1.0000000000E+00
    5481   1.0000000000E+00
    5482   1.0000000000E+00
    5483   1.0000000000E+00
    5484   1.0000000000E+00
    5485   1.0000000000E+00
    5486   1.0000000000E+00
    5487   1.0000000000E+00
    5488   1.0000000000E+00
    5489   1.0000000000E+00
    5490   1.0000000000E+00
    5491   1.0000000000E+00
    5492   1.0000000000E+00
    5493   1.0000000000E+00
    5494   1.0000000000E+00
    5495   1.0000000000E+00
    5496   1.0000000000E+00
    5497   1.0000000000E+00
    5498   1.0000000000E+00
    5499   1.0000000000E+00
    5500   1.0000000000E+00
    5501   1.0000000000E+00
    5502   1.0000000000E+00
    5503   1.0000000000E+00
    5504   1.0000000000E+00
    5505   1.0000000000E+00
    5506   1.0000000000E+00
    5507   1.0000000000E+00
    5508   1.0000000000E+00
    5509   1.0000000000E+00
    5510   1.0000000000E+00
    5511   1.0000000000E+00
    5512   1.0000000000E+00
    5513   1.0000000000E+00
    5514   1.0000000000E+00
    5515   1.0000000000E+00
    5516   1.0000000000E+00
    5517   1.0000000000E+00
    5518   1.0000000000E+00
    5519   1.0000000000E+00
    5520   1.0000000000E+00
    5521   1.0000000000E+00
    5522   1.0000000000E+00
    5523   1.0000000000E+00
    5524   1.0000000000E+00
    5525   1.0000000000E+00
    5526   1.0000000000E+00
    5527   1.0000000000E+00
    5528   1.0000000000E+00
    5529   1.0000000000E+00
    5530   1.0000000000E+00
    5531   1.0000000000E+00
    5532   1.0000000000E+00
    5533   1.0000000000E+00
    5534   1.0000000000E+00
    5535   1.0000000000E+00
    5536   1.0000000000E+00
    5537   1.0000000000E+00
    5538   1.0000000000E+00
    5539   1.0000000000E+00
    5540   1.0000000000E+00
    5541   1.0000000000E+00
    5542   1.0000000000E+00
    5543   1.0000000000E+00
    5544   1.0000000000E+00
    5545   1.0000000000E+00
    5546   1.0000000000E+00
    5547   1.0000000000E+00
    5548   1.0000000000E+00
    5549   1.0000000000E+00
    5550   1.0000000000E+00
    5551   1.0000000000E+00
    5552   1.0000000000E+00
    5553   1.0000000000E+00
    5554   1.0000000000E+00
    5555   1.0000000000E+00
    5556   1.0000000000E+00
    5557   1.0000000000E+00
    5558   1.0000000000E+00
    5559   1.0000000000E+00
    5560   1.0000000000E+00
    5561   1.0000000000E+00
    5562   1.0000000000E+00
    5563   1.0000000000E+00
    5564   1.0000000000E+00
    5565   1.0000000000E+00
    5566   1.0000000000E+00
    5567   1.0000000000E+00
    5568   1.0000000000E+00
    5569   1.0000000000E+00
    5570   1.0000000000E+00
    5571   1.0000000000E+00
    5572   1.0000000000E+00
    5573   1.0000000000E+00
    5574   1.0000000000E+00
    5575   1.0000000000E+00
    5576   1.0000000000E+00
    5577   1.0000000000E+00
    5578   1.0000000000E+00
    5579   1.0000000000E+00
    5580   1.0000000000E+00
    5581   1.0000000000E+00
    5582   1.0000000000E+00
    5583   1.0000000000E+00
    5584   1.0000000000E+00
    5585   1.0000000000E+00
    5586   1.0000000000E+00
    5587   1.0000000000E+00
    5588   1.0000000000E+00
    5589   1.0000000000E+00
    5590   1.0000000000E+00
    5591   1.0000000000E+00
    5592   1.0000000000E+00
    5593   1.0000000000E+00
    5594   1.0000000000E+00
    5595   1.0000000000E+00
    5596   1.0000000000E+00
    5597   1.0000000000E+00
    5598   1.0000000000E+00
    5599   1.0000000000E+00
    5600   1.0000000000E+00
    5601   1.0000000000E+00
    5602   1.0000000000E+00
    5603   1.0000000000E+00
    5604   1.0000000000E+00
    5605   1.0000000000E+00
    5606   1.0000000000E+00
    5607   1.0000000000E+00
    5608   1.0000000000E+00
    5609   1.0000000000E+00
    5610   1.0000000000E+00
    5611   1.0000000000E+00
    5612   1.0000000000E+00
    5613   1.0000000000E+00
    5614   1.0000000000E+00
    5615   1.0000000000E+00
    5616   1.0000000000E+00
    5617   1.0000000000E+00
    5618   1.0000000000E+00
    5619   1.0000000000E+00
    5620   1.0000000000E+00
    5621   1.0000000000E+00
    5622   1.0000000000E+00
    5623   1.0000000000E+00
    5624   1.0000000000E+00
    5625   1.0000000000E+00
    5626   1.0000000000E+00
    5627   1.0000000000E+00
    5628   1.0000000000E+00
    5629   1.0000000000E+00
    5630   1.0000000000E+00
    5631   1.0000000000E+00
    5632   1.0000000000E+00
    5633   1.0000000000E+00
    5634   1.0000000000E+00
    5635   1.0000000000E+00
    5636   1.0000000000E+00
    5637   1.0000000000E+00
    5638   1.0000000000E+00
    5639   1.0000000000E+00
    5640   1.0000000000E+00
    5641   1.0000000000E+00
    5642   1.0000000000E+00
    5643   1.0000000000E+00
    5644   1.0000000000E+00
    5645   1.0000000000E+00
    5646   1.0000000000E+00
    5647   1.0000000000E+00
    5648   1.0000000000E+00
    5649   1.0000000000E+00
    5650   1.0000000000E+00
    5651   1.0000000000E+00
    5652   1.0000000000E+00
    5653   1.0000000000E+00
    5654   1.0000000000E+00
    5655   1.0000000000E+00
    5656   1.0000000000E+00
    5657   1.0000000000E+00
    5658   1.0000000000E+00
    5659   1.0000000000E+00
    5660   1.0000000000E+00
    5661   1.0000000000E+00
    5662   1.0000000000E+00
    5663   1.0000000000E+00
    5664   1.0000000000E+00
    5665   1.0000000000E+00
    5666   1.0000000000E+00
    5667   1.0000000000E+00
    5668   1.0000000000E+00
    5669   1.0000000000E+00
    5670   1.0000000000E+00
    5671   1.0000000000E+00
    5672   1.0000000000E+00
    5673   1.0000000000E+00
    5674   1.0000000000E+00
    5675   1.0000000000E+00
    5676   1.0000000000E+00
    5677   1.0000000000E+00
    5678   1.0000000000E+00
    5679   1.0000000000E+00
    5680   1.0000000000E+00
    5681   1.0000000000E+00
    5682   1.0000000000E+00
    5683   1.0000000000E+00
    5684   1.0000000000E+00
    5685   1.0000000000E+00
    5686   1.0000000000E+00
    5687   1.0000000000E+00
    5688   1.0000000000E+00
    5689   1.0000000000E+00
    5690   1.0000000000E+00
    5691   1.0000000000E+00
    5692   1.0000000000E+00
    5693   1.0000000000E+00
    5694   1.0000000000E+00
    5695   1.0000000000E+00
    5696   1.0000000000E+00
    5697   1.0000000000E+00
    5698   1.0000000000E+00
    5699   1.0000000000E+00
    5700   1.0000000000E+00
    5701   1.0000000000E+00
    5702   1.0000000000E+00
    5703   1.0000000000E+00
    5704   1.0000000000E+00
    5705   1.0000000000E+00
    5706   1.0000000000E+00
    5707   1.0000000000E+00
    5708   1.0000000000E+00
    5709   1.0000000000E+00
    5710   1.0000000000E+00
    5711   1.0000000000E+00
    5712   1.0000000000E+00
    5713   1.0000000000E+00
    5714   1.0000000000E+00
    5715   1.0000000000E+00
    5716   1.0000000000E+00
    5717   1.0000000000E+00
    5718   1.0000000000E+00
    5719   1.0000000000E+00
    5720   1.0000000000E+00
    5721   1.0000000000E+00
    5722   1.0000000000E+00
    5723   1.0000000000E+00
    5724   1.0000000000E+00
    5725   1.0000000000E+00
    5726   1.0000000000E+00
    5727   1.0000000000E+00
    5728   1.0000000000E+00
    5729   1.0000000000E+00
    5730   1.0000000000E+00
    5731   1.0000000000E+00
    5732   1.0000000000E+00
    5733   1.0000000000E+00
    5734   1.0000000000E+00
    5735   1.0000000000E+00
    5736   1.0000000000E+00
    5737   1.0000000000E+00
    5738   1.0000000000E+00
    5739   1.0000000000E+00
    5740   1.0000000000E+00
    5741   1.0000000000E+00
    5742   1.0000000000E+00
    5743   1.0000000000E+00
    5744   1.0000000000E+00
    5745   1.0000000000E+00
    5746   1.0000000000E+00
    5747   1.0000000000E+00
    5748   1.0000000000E+00
    5749   1.0000000000E+00
    5750   1.0000000000E+00
    5751   1.0000000000E+00
    5752   1.0000000000E+00
    5753   1.0000000000E+00
    5754   1.0000000000E+00
    5755   1.0000000000E+00
    5756   1.0000000000E+00
    5757   1.0000000000E+00
    5758   1.0000000000E+00
    5759   1.0000000000E+00
    5760   1.0000000000E+00
    5761   1.0000000000E+00
    5762   1.0000000000E+00
    5763   1.0000000000E+00
    5764   1.0000000000E+00
    5765   1.0000000000E+00
    5766   1.0000000000E+00
    5767   1.0000000000E+00
    5768   1.0000000000E+00
    5769   1.0000000000E+00
    5770   1.0000000000E+00
    5771   1.0000000000E+00
    5772   1.0000000000E+00
    5773   1.0000000000E+00
    5774   1.0000000000E+00
    5775   1.0000000000E+00
    5776   1.0000000000E+00
    5777   1.0000000000E+00
    5778   1.0000000000E+00
    5779   1.0000000000E+00
    5780   1.0000000000E+00
    5781   1.0000000000E+00
    5782   1.0000000000E+00
    5783   1.0000000000E+00
    5784   1.0000000000E+00
    5785   1.0000000000E+00
    5786   1.0000000000E+00
    5787   1.0000000000E+00
    5788   1.0000000000E+00
    5789   1.0000000000E+00
    5790   1.0000000000E+00
    5791   1.0000000000E+00
    5792   1.0000000000E+00
    5793   1.0000000000E+00
    5794   1.0000000000E+00
    5795   1.0000000000E+00
    5796   1.0000000000E+00
    5797   1.0000000000E+00
    5798   1.0000000000E+00
    5799   1.0000000000E+00
    5800   1.0000000000E+00
    5801   1.0000000000E+00
    5802   1.0000000000E+00
    5803   1.0000000000E+00
    5804   1.0000000000E+00
    5805   1.0000000000E+00
    5806   1.0000000000E+00
    5807   1.0000000000E+00
    5808   1.0000000000E+00
    5809   1.0000000000E+00
    5810   1.0000000000E+00
    5811   1.0000000000E+00
    5812   1.0000000000E+00
    5813   1.0000000000E+00
    5814   1.0000000000E+00
    5815   1.0000000000E+00
    5816   1.0000000000E+00
    5817   1.0000000000E+00
    5818   1.0000000000E+00
    5819   1.0000000000E+00
    5820   1.0000000000E+00
    5821   1.0000000000E+00
    5822   1.0000000000E+00
    5823   1.0000000000E+00
    5824   1.0000000000E+00
    5825   1.0000000000E+00
    5826   1.0000000000E+00
    5827   1.0000000000E+00
    5828   1.0000000000E+00
    5829   1.0000000000E+00
    5830   1.0000000000E+00
    5831   1.0000000000E+00
    5832   1.0000000000E+00
    5833   1.0000000000E+00
    5834   1.0000000000E+00
    5835   1.0000000000E+00
    5836   1.0000000000E+00
    5837   1.0000000000E+00
    5838   1.0000000000E+00
    5839   1.0000000000E+00
    5840   1.0000000000E+00
    5841   1.0000000000E+00
    5842   1.0000000000E+00
    5843   1.0000000000E+00
    5844   1.0000000000E+00
    5845   1.0000000000E+00
    5846   1.0000000000E+00
    5847   1.0000000000E+00
    5848   1.0000000000E+00
    5849   1.0000000000E+00
    5850   1.0000000000E+00
    5851   1.0000000000E+00
    5852   1.0000000000E+00
    5853   1.0000000000E+00
    5854   1.0000000000E+00
    5855   1.0000000000E+00
    5856   1.0000000000E+00
    5857   1.0000000000E+00
    5858   1.0000000000E+00
    5859   1.0000000000E+00
    5860   1.0000000000E+00
    5861   1.0000000000E+00
    5862   1.0000000000E+00
    5863   1.0000000000E+00
    5864   1.0000000000E+00
    5865   1.0000000000E+00
    5866   1.0000000000E+00
    5867   1.0000000000E+00
    5868   1.0000000000E+00
    5869   1.0000000000E+00
    5870   1.0000000000E+00
    5871   1.0000000000E+00
    5872   1.0000000000E+00
    5873   1.0000000000E+00
    5874   1.0000000000E+00
    5875   1.0000000000E+00
    5876   1.0000000000E+00
    5877   1.0000000000E+00
    5878   1.0000000000E+00
    5879   1.0000000000E+00
    5880   1.0000000000E+00
    5881   1.0000000000E+00
    5882   1.0000000000E+00
    5883   1.0000000000E+00
    5884   1.0000000000E+00
    5885   1.0000000000E+00
    5886   1.0000000000E+00
    5887   1.0000000000E+00
    5888   1.0000000000E+00
    5889   1.0000000000E+00
    5890   1.0000000000E+00
    5891   1.0000000000E+00
    5892   1.0000000000E+00
    5893   1.0000000000E+00
    5894   1.0000000000E+00
    5895   1.0000000000E+00
    5896   1.0000000000E+00
    5897   1.0000000000E+00
    5898   1.0000000000E+00
    5899   1.0000000000E+00
    5900   1.0000000000E+00
    5901   1.0000000000E+00
    5902   1.0000000000E+00
    5903   1.0000000000E+00
    5904   1.0000000000E+00
    5905   1.0000000000E+00
    5906   1.0000000000E+00
    5907   1.0000000000E+00
    5908   1.0000000000E+00
    5909   1.0000000000E+00
    5910   1.0000000000E+00
    5911   1.0000000000E+00
    5912   1.0000000000E+00
    5913   1.0000000000E+00
    5914   1.0000000000E+00
    5915   1.0000000000E+00
    5916   1.0000000000E+00
    5917   1.0000000000E+00
    5918   1.0000000000E+00
    5919   1.0000000000E+00
    5920   1.0000000000E+00
    5921   1.0000000000E+00
    5922   1.0000000000E+00
    5923   1.0000000000E+00
    5924   1.0000000000E+00
    5925   1.0000000000E+00
    5926   1.0000000000E+00
    5927   1.0000000000E+00
    5928   1.0000000000E+00
    5929   1.0000000000E+00
    5930   1.0000000000E+00
    5931   1.0000000000E+00
    5932   1.0000000000E+00
    5933   1.0000000000E+00
    5934   1.0000000000E+00
    5935   1.0000000000E+00
    5936   1.0000000000E+00
    5937   1.0000000000E+00
    5938   1.0000000000E+00
    5939   1.0000000000E+00
    5940   1.0000000000E+00
    5941   1.0000000000E+00
    5942   1.0000000000E+00
    5943   1.0000000000E+00
    5944   1.0000000000E+00
    5945   1.0000000000E+00
    5946   1.0000000000E+00
    5947   1.0000000000E+00
    5948   1.0000000000E+00
    5949   1.0000000000E+00
    5950   1.0000000000E+00
    5951   1.0000000000E+00
    5952   1.0000000000E+00
    5953   1.0000000000E+00
    5954   1.0000000000E+00
    5955   1.0000000000E+00
    5956   1.0000000000E+00
    5957   1.0000000000E+00
    5958   1.0000000000E+00
    5959   1.0000000000E+00
    5960   1.0000000000E+00
    5961   1.0000000000E+00
    5962   1.0000000000E+00
    5963   1.0000000000E+00
    5964   1.0000000000E+00
    5965   1.0000000000E+00
    5966   1.0000000000E+00
    5967   1.0000000000E+00
    5968   1.0000000000E+00
    5969   1.0000000000E+00
    5970   1.0000000000E+00
    5971   1.0000000000E+00
    5972   1.0000000000E+00
    5973   1.0000000000E+00
    5974   1.0000000000E+00
    5975   1.0000000000E+00
    5976   1.0000000000E+00
    5977   1.0000000000E+00
    5978   1.0000000000E+00
    5979   1.0000000000E+00
    5980   1.0000000000E+00
    5981   1.0000000000E+00
    5982   1.0000000000E+00
    5983   1.0000000000E+00
    5984   1.0000000000E+00
    5985   1.0000000000E+00
    5986   1.0000000000E+00
    5987   1.0000000000E+00
    5988   1.0000000000E+00
    5989   1.0000000000E+00
    5990   1.0000000000E+00
    5991   1.0000000000E+00
    5992   1.0000000000E+00
    5993   1.0000000000E+00
    5994   1.0000000000E+00
    5995   1.0000000000E+00
    5996   1.0000000000E+00
    5997   1.0000000000E+00
    5998   1.0000000000E+00
    5999   1.0000000000E+00
    6000   1.0000000000E+00
    6001   1.0000000000E+00
    6002   1.0000000000E+00
    6003   1.0000000000E+00
    6004   1.0000000000E+00
    6005   1.0000000000E+00
    6006   1.0000000000E+00
    6007   1.0000000000E+00
    6008   1.0000000000E+00
    6009   1.0000000000E+00
    6010   1.0000000000E+00
    6011   1.0000000000E+00
    6012   1.0000000000E+00
    6013   1.0000000000E+00
    6014   1.0000000000E+00
    6015   1.0000000000E+00
    6016   1.0000000000E+00
    6017   1.0000000000E+00
    6018   1.0000000000E+00
    6019   1.0000000000E+00
    6020   1.0000000000E+00
    6021   1.0000000000E+00
    6022   1.0000000000E+00
    6023   1.0000000000E+00
    6024   1.0000000000E+00
    6025   1.0000000000E+00
    6026   1.0000000000E+00
    6027   1.0000000000E+00
    6028   1.0000000000E+00
    6029   1.0000000000E+00
    6030   1.0000000000E+00
    6031   1.0000000000E+00
    6032   1.0000000000E+00
    6033   1.0000000000E+00
    6034   1.0000000000E+00
    6035   1.0000000000E+00
    6036   1.0000000000E+00
    6037   1.0000000000E+00
    6038   1.0000000000E+00
    6039   1.0000000000E+00
    6040   1.0000000000E+00
    6041   1.0000000000E+00
    6042   1.0000000000E+00
    6043   1.0000000000E+00
    6044   1.0000000000E+00
    6045   1.0000000000E+00
    6046   1.0000000000E+00
    6047   1.0000000000E+00
    6048   1.0000000000E+00
    6049   1.0000000000E+00
    6050   1.0000000000E+00
    6051   1.0000000000E+00
    6052   1.0000000000E+00
    6053   1.0000000000E+00
    6054   1.0000000000E+00
    6055   1.0000000000E+00
    6056   1.0000000000E+00
    6057   1.0000000000E+00
    6058   1.0000000000E+00
    6059   1.0000000000E+00
    6060   1.0000000000E+00
    6061   1.0000000000E+00
    6062   1.0000000000E+00
    6063   1.0000000000E+00
    6064   1.0000000000E+00
    6065   1.0000000000E+00
    6066   1.0000000000E+00
    6067   1.0000000000E+00
    6068   1.0000000000E+00
    6069   1.0000000000E+00
    6070   1.0000000000E+00
    6071   1.0000000000E+00
    6072   1.0000000000E+00
    6073   1.0000000000E+00
    6074   1.0000000000E+00
    6075   1.0000000000E+00
    6076   1.0000000000E+00
    6077   1.0000000000E+00
    6078   1.0000000000E+00
    6079   1.0000000000E+00
    6080   1.0000000000E+00
    6081   1.0000000000E+00
    6082   1.0000000000E+00
    6083   1.0000000000E+00
    6084   1.0000000000E+00
    6085   1.0000000000E+00
    6086   1.0000000000E+00
    6087   1.0000000000E+00
    6088   1.0000000000E+00
    6089   1.0000000000E+00
    6090   1.0000000000E+00
    6091   1.0000000000E+00
    6092   1.0000000000E+00
    6093   1.0000000000E+00
    6094   1.0000000000E+00
    6095   1.0000000000E+00
    6096   1.0000000000E+00
    6097   1.0000000000E+00
    6098   1.0000000000E+00
    6099   1.0000000000E+00
    6100   1.0000000000E+00
    6101   1.0000000000E+00
    6102   1.0000000000E+00
    6103   1.0000000000E+00
    6104   1.0000000000E+00
    6105   1.0000000000E+00
    6106   1.0000000000E+00
    6107   1.0000000000E+00
    6108   1.0000000000E+00
    6109   1.0000000000E+00
    6110   1.0000000000E+00
    6111   1.0000000000E+00
    6112   1.0000000000E+00
    6113   1.0000000000E+00
    6114   1.0000000000E+00
    6115   1.0000000000E+00
    6116   1.0000000000E+00
    6117   1.0000000000E+00
    6118   1.0000000000E+00
    6119   1.0000000000E+00
    6120   1.0000000000E+00
    6121   1.0000000000E+00
    6122   1.0000000000E+00
    6123   1.0000000000E+00
    6124   1.0000000000E+00
    6125   1.0000000000E+00
    6126   1.0000000000E+00
    6127   1.0000000000E+00
    6128   1.0000000000E+00
    6129   1.0000000000E+00
    6130   1.0000000000E+00
    6131   1.0000000000E+00
    6132   1.0000000000E+00
    6133   1.0000000000E+00
    6134   1.0000000000E+00
    6135   1.0000000000E+00
    6136   1.0000000000E+00
    6137   1.0000000000E+00
    6138   1.0000000000E+00
    6139   1.0000000000E+00
    6140   1.0000000000E+00
    6141   1.0000000000E+00
    6142   1.0000000000E+00
    6143   1.0000000000E+00
    6144   1.0000000000E+00
    6145   1.0000000000E+00
    6146   1.0000000000E+00
    6147   1.0000000000E+00
    6148   1.0000000000E+00
    6149   1.0000000000E+00
    6150   1.0000000000E+00
    6151   1.0000000000E+00
    6152   1.0000000000E+00
    6153   1.0000000000E+00
    6154   1.0000000000E+00
    6155   1.0000000000E+00
    6156   1.0000000000E+00
    6157   1.0000000000E+00
    6158   1.0000000000E+00
    6159   1.0000000000E+00
    6160   1.0000000000E+00
    6161   1.0000000000E+00
    6162   1.0000000000E+00
    6163   1.0000000000E+00
    6164   1.0000000000E+00
    6165   1.0000000000E+00
    6166   1.0000000000E+00
    6167   1.0000000000E+00
    6168   1.0000000000E+00
    6169   1.0000000000E+00
    6170   1.0000000000E+00
    6171   1.0000000000E+00
    6172   1.0000000000E+00
    6173   1.0000000000E+00
    6174   1.0000000000E+00
    6175   1.0000000000E+00
    6176   1.0000000000E+00
    6177   1.0000000000E+00
    6178   1.0000000000E+00
    6179   1.0000000000E+00
    6180   1.0000000000E+00
    6181   1.0000000000E+00
    6182   1.0000000000E+00
    6183   1.0000000000E+00
    6184   1.0000000000E+00
    6185   1.0000000000E+00
    6186   1.0000000000E+00
    6187   1.0000000000E+00
    6188   1.0000000000E+00
    6189   1.0000000000E+00
    6190   1.0000000000E+00
    6191   1.0000000000E+00
    6192   1.0000000000E+00
    6193   1.0000000000E+00
    6194   1.0000000000E+00
    6195   1.0000000000E+00
    6196   1.0000000000E+00
    6197   1.0000000000E+00
    6198   1.0000000000E+00
    6199   1.0000000000E+00
    6200   1.0000000000E+00
    6201   1.0000000000E+00
    6202   1.0000000000E+00
    6203   1.0000000000E+00
    6204   1.0000000000E+00
    6205   1.0000000000E+00
    6206   1.0000000000E+00
    6207   1.0000000000E+00
    6208   1.0000000000E+00
    6209   1.0000000000E+00
    6210   1.0000000000E+00
    6211   1.0000000000E+00
    6212   1.0000000000E+00
    6213   1.0000000000E+00
    6214   1.0000000000E+00
    6215   1.0000000000E+00
    6216   1.0000000000E+00
    6217   1.0000000000E+00
    6218   1.0000000000E+00
    6219   1.0000000000E+00
    6220   1.0000000000E+00
    6221   1.0000000000E+00
    6222   1.0000000000E+00
    6223   1.0000000000E+00
    6224   1.0000000000E+00
    6225   1.0000000000E+00
    6226   1.0000000000E+00
    6227   1.0000000000E+00
    6228   1.0000000000E+00
    6229   1.0000000000E+00
    6230   1.0000000000E+00
    6231   1.0000000000E+00
    6232   1.0000000000E+00
    6233   1.0000000000E+00
    6234   1.0000000000E+00
    6235   1.0000000000E+00
    6236   1.0000000000E+00
    6237   1.0000000000E+00
    6238   1.0000000000E+00
    6239   1.0000000000E+00
    6240   1.0000000000E+00
    6241   1.0000000000E+00
    6242   1.0000000000E+00
    6243   1.0000000000E+00
    6244   1.0000000000E+00
    6245   1.0000000000E+00
    6246   1.0000000000E+00
    6247   1.0000000000E+00
    6248   1.0000000000E+00
    6249   1.0000000000E+00
    6250   1.0000000000E+00
    6251   1.0000000000E+00
    6252   1.0000000000E+00
    6253   1.0000000000E+00
    6254   1.0000000000E+00
    6255   1.0000000000E+00
    6256   1.0000000000E+00
    6257   1.0000000000E+00
    6258   1.0000000000E+00
    6259   1.0000000000E+00
    6260   1.0000000000E+00
    6261   1.0000000000E+00
    6262   1.0000000000E+00
    6263   1.0000000000E+00
    6264   1.0000000000E+00
    6265   1.0000000000E+00
    6266   1.0000000000E+00
    6267   1.0000000000E+00
    6268   1.0000000000E+00
    6269   1.0000000000E+00
    6270   1.0000000000E+00
    6271   1.0000000000E+00
    6272   1.0000000000E+00
    6273   1.0000000000E+00
    6274   1.0000000000E+00
    6275   1.0000000000E+00
    6276   1.0000000000E+00
    6277   1.0000000000E+00
    6278   1.0000000000E+00
    6279   1.0000000000E+00
    6280   1.0000000000E+00
    6281   1.0000000000E+00
    6282   1.0000000000E+00
    6283   1.0000000000E+00
    6284   1.0000000000E+00
    6285   1.0000000000E+00
    6286   1.0000000000E+00
    6287   1.0000000000E+00
    6288   1.0000000000E+00
    6289   1.0000000000E+00
    6290   1.0000000000E+00
    6291   1.0000000000E+00
    6292   1.0000000000E+00
    6293   1.0000000000E+00
    6294   1.0000000000E+00
    6295   1.0000000000E+00
    6296   1.0000000000E+00
    6297   1.0000000000E+00
    6298   1.0000000000E+00
    6299   1.0000000000E+00
    6300   1.0000000000E+00
    6301   1.0000000000E+00
    6302   1.0000000000E+00
    6303   1.0000000000E+00
    6304   1.0000000000E+00
    6305   1.0000000000E+00
    6306   1.0000000000E+00
    6307   1.0000000000E+00
    6308   1.0000000000E+00
    6309   1.0000000000E+00
    6310   1.0000000000E+00
    6311   1.0000000000E+00
    6312   1.0000000000E+00
    6313   1.0000000000E+00
    6314   1.0000000000E+00
    6315   1.0000000000E+00
    6316   1.0000000000E+00
    6317   1.0000000000E+00
    6318   1.0000000000E+00
    6319   1.0000000000E+00
    6320   1.0000000000E+00
    6321   1.0000000000E+00
    6322   1.0000000000E+00
    6323   1.0000000000E+00
    6324   1.0000000000E+00
    6325   1.0000000000E+00
    6326   1.0000000000E+00
    6327   1.0000000000E+00
    6328   1.0000000000E+00
    6329   1.0000000000E+00
    6330   1.0000000000E+00
    6331   1.0000000000E+00
    6332   1.0000000000E+00
    6333   1.0000000000E+00
    6334   1.0000000000E+00
    6335   1.0000000000E+00
    6336   1.0000000000E+00
    6337   1.0000000000E+00
    6338   1.0000000000E+00
    6339   1.0000000000E+00
    6340   1.0000000000E+00
    6341   1.0000000000E+00
    6342   1.0000000000E+00
    6343   1.0000000000E+00
    6344   1.0000000000E+00
    6345   1.0000000000E+00
    6346   1.0000000000E+00
    6347   1.0000000000E+00
    6348   1.0000000000E+00
    6349   1.0000000000E+00
    6350   1.0000000000E+00
    6351   1.0000000000E+00
    6352   1.0000000000E+00
    6353   1.0000000000E+00
    6354   1.0000000000E+00
    6355   1.0000000000E+00
    6356   1.0000000000E+00
    6357   1.0000000000E+00
    6358   1.0000000000E+00
    6359   1.0000000000E+00
    6360   1.0000000000E+00
    6361   1.0000000000E+00
    6362   1.0000000000E+00
    6363   1.0000000000E+00
    6364   1.0000000000E+00
    6365   1.0000000000E+00
    6366   1.0000000000E+00
    6367   1.0000000000E+00
    6368   1.0000000000E+00
    6369   1.0000000000E+00
    6370   1.0000000000E+00
    6371   1.0000000000E+00
    6372   1.0000000000E+00
    6373   1.0000000000E+00
    6374   1.0000000000E+00
    6375   1.0000000000E+00
    6376   1.0000000000E+00
    6377   1.0000000000E+00
    6378   1.0000000000E+00
    6379   1.0000000000E+00
    6380   1.0000000000E+00
    6381   1.0000000000E+00
    6382   1.0000000000E+00
    6383   1.0000000000E+00
    6384   1.0000000000E+00
    6385   1.0000000000E+00
    6386   1.0000000000E+00
    6387   1.0000000000E+00
    6388   1.0000000000E+00
    6389   1.0000000000E+00
    6390   1.0000000000E+00
    6391   1.0000000000E+00
    6392   1.0000000000E+00
    6393   1.0000000000E+00
    6394   1.0000000000E+00
    6395   1.0000000000E+00
    6396   1.0000000000E+00
    6397   1.0000000000E+00
    6398   1.0000000000E+00
    6399   1.0000000000E+00
    6400   1.0000000000E+00
    6401   1.0000000000E+00
    6402   1.0000000000E+00
    6403   1.0000000000E+00
    6404   1.0000000000E+00
    6405   1.0000000000E+00
    6406   1.0000000000E+00
    6407   1.0000000000E+00
    6408   1.0000000000E+00
    6409   1.0000000000E+00
    6410   1.0000000000E+00
    6411   1.0000000000E+00
    6412   1.0000000000E+00
    6413   1.0000000000E+00
    6414   1.0000000000E+00
    6415   1.0000000000E+00
    6416   1.0000000000E+00
    6417   1.0000000000E+00
    6418   1.0000000000E+00
    6419   1.0000000000E+00
    6420   1.0000000000E+00
    6421   1.0000000000E+00
    6422   1.0000000000E+00
    6423   1.0000000000E+00
    6424   1.0000000000E+00
    6425   1.0000000000E+00
    6426   1.0000000000E+00
    6427   1.0000000000E+00
    6428   1.0000000000E+00
    6429   1.0000000000E+00
    6430   1.0000000000E+00
    6431   1.0000000000E+00
    6432   1.0000000000E+00
    6433   1.0000000000E+00
    6434   1.0000000000E+00
    6435   1.0000000000E+00
    6436   1.0000000000E+00
    6437   1.0000000000E+00
    6438   1.0000000000E+00
    6439   1.0000000000E+00
    6440   1.0000000000E+00
    6441   1.0000000000E+00
    6442   1.0000000000E+00
    6443   1.0000000000E+00
    6444   1.0000000000E+00
    6445   1.0000000000E+00
    6446   1.0000000000E+00
    6447   1.0000000000E+00
    6448   1.0000000000E+00
    6449   1.0000000000E+00
    6450   1.0000000000E+00
    6451   1.0000000000E+00
    6452   1.0000000000E+00
    6453   1.0000000000E+00
    6454   1.0000000000E+00
    6455   1.0000000000E+00
    6456   1.0000000000E+00
    6457   1.0000000000E+00
    6458   1.0000000000E+00
    6459   1.0000000000E+00
    6460   1.0000000000E+00
    6461   1.0000000000E+00
    6462   1.0000000000E+00
    6463   1.0000000000E+00
    6464   1.0000000000E+00
    6465   1.0000000000E+00
    6466   1.0000000000E+00
    6467   1.0000000000E+00
    6468   1.0000000000E+00
    6469   1.0000000000E+00
    6470   1.0000000000E+00
    6471   1.0000000000E+00
    6472   1.0000000000E+00
    6473   1.0000000000E+00
    6474   1.0000000000E+00
    6475   1.0000000000E+00
    6476   1.0000000000E+00
    6477   1.0000000000E+00
    6478   1.0000000000E+00
    6479   1.0000000000E+00
    6480   1.0000000000E+00
    6481   1.0000000000E+00
    6482   1.0000000000E+00
    6483   1.0000000000E+00
    6484   1.0000000000E+00
    6485   1.0000000000E+00
    6486   1.0000000000E+00
    6487   1.0000000000E+00
    6488   1.0000000000E+00
    6489   1.0000000000E+00
    6490   1.0000000000E+00
    6491   1.0000000000E+00
    6492   1.0000000000E+00
    6493   1.0000000000E+00
    6494   1.0000000000E+00
    6495   1.0000000000E+00
    6496   1.0000000000E+00
    6497   1.0000000000E+00
    6498   1.0000000000E+00
    6499   1.0000000000E+00
    6500   1.0000000000E+00
    6501   1.0000000000E+00
    6502   1.0000000000E+00
    6503   1.0000000000E+00
    6504   1.0000000000E+00
    6505   1.0000000000E+00
    6506   1.0000000000E+00
    6507   1.0000000000E+00
    6508   1.0000000000E+00
    6509   1.0000000000E+00
    6510   1.0000000000E+00
    6511   1.0000000000E+00
    6512   1.0000000000E+00
    6513   1.0000000000E+00
    6514   1.0000000000E+00
    6515   1.0000000000E+00
    6516   1.0000000000E+00
    6517   1.0000000000E+00
    6518   1.0000000000E+00
    6519   1.0000000000E+00
    6520   1.0000000000E+00
    6521   1.0000000000E+00
    6522   1.0000000000E+00
    6523   1.0000000000E+00
    6524   1.0000000000E+00
    6525   1.0000000000E+00
    6526   1.0000000000E+00
    6527   1.0000000000E+00
    6528   1.0000000000E+00
    6529   1.0000000000E+00
    6530   1.0000000000E+00
    6531   1.0000000000E+00
    6532   1.0000000000E+00
    6533   1.0000000000E+00
    6534   1.0000000000E+00
    6535   1.0000000000E+00
    6536   1.0000000000E+00
    6537   1.0000000000E+00
    6538   1.0000000000E+00
    6539   1.0000000000E+00
    6540   1.0000000000E+00
    6541   1.0000000000E+00
    6542   1.0000000000E+00
    6543   1.0000000000E+00
    6544   1.0000000000E+00
    6545   1.0000000000E+00
    6546   1.0000000000E+00
    6547   1.0000000000E+00
    6548   1.0000000000E+00
    6549   1.0000000000E+00
    6550   1.0000000000E+00
    6551   1.0000000000E+00
    6552   1.0000000000E+00
    6553   1.0000000000E+00
    6554   1.0000000000E+00
    6555   1.0000000000E+00
    6556   1.0000000000E+00
    6557   1.0000000000E+00
    6558   1.0000000000E+00
    6559   1.0000000000E+00
    6560   1.0000000000E+00
    6561   1.0000000000E+00
    6562   1.0000000000E+00
    6563   1.0000000000E+00
    6564   1.0000000000E+00
    6565   1.0000000000E+00
    6566   1.0000000000E+00
    6567   1.0000000000E+00
    6568   1.0000000000E+00
    6569   1.0000000000E+00
    6570   1.0000000000E+00
    6571   1.0000000000E+00
    6572   1.0000000000E+00
    6573   1.0000000000E+00
    6574   1.0000000000E+00
    6575   1.0000000000E+00
    6576   1.0000000000E+00
    6577   1.0000000000E+00
    6578   1.0000000000E+00
    6579   1.0000000000E+00
    6580   1.0000000000E+00
    6581   1.0000000000E+00
    6582   1.0000000000E+00
    6583   1.0000000000E+00
    6584   1.0000000000E+00
    6585   1.0000000000E+00
    6586   1.0000000000E+00
    6587   1.0000000000E+00
    6588   1.0000000000E+00
    6589   1.0000000000E+00
    6590   1.0000000000E+00
    6591   1.0000000000E+00
    6592   1.0000000000E+00
    6593   1.0000000000E+00
    6594   1.0000000000E+00
    6595   1.0000000000E+00
    6596   1.0000000000E+00
    6597   1.0000000000E+00
    6598   1.0000000000E+00
    6599   1.0000000000E+00
    6600   1.0000000000E+00
    6601   1.0000000000E+00
    6602   1.0000000000E+00
    6603   1.0000000000E+00
    6604   1.0000000000E+00
    6605   1.0000000000E+00
    6606   1.0000000000E+00
    6607   1.0000000000E+00
    6608   1.0000000000E+00
    6609   1.0000000000E+00
    6610   1.0000000000E+00
    6611   1.0000000000E+00
    6612   1.0000000000E+00
    6613   1.0000000000E+00
    6614   1.0000000000E+00
    6615   1.0000000000E+00
    6616   1.0000000000E+00
    6617   1.0000000000E+00
    6618   1.0000000000E+00
    6619   1.0000000000E+00
    6620   1.0000000000E+00
    6621   1.0000000000E+00
    6622   1.0000000000E+00
    6623   1.0000000000E+00
    6624   1.0000000000E+00
    6625   1.0000000000E+00
    6626   1.0000000000E+00
    6627   1.0000000000E+00
    6628   1.0000000000E+00
    6629   1.0000000000E+00
    6630   1.0000000000E+00
    6631   1.0000000000E+00
    6632   1.0000000000E+00
    6633   1.0000000000E+00
    6634   1.0000000000E+00
    6635   1.0000000000E+00
    6636   1.0000000000E+00
    6637   1.0000000000E+00
    6638   1.0000000000E+00
    6639   1.0000000000E+00
    6640   1.0000000000E+00
    6641   1.0000000000E+00
    6642   1.0000000000E+00
    6643   1.0000000000E+00
    6644   1.0000000000E+00
    6645   1.0000000000E+00
    6646   1.0000000000E+00
    6647   1.0000000000E+00
    6648   1.0000000000E+00
    6649   1.0000000000E+00
    6650   1.0000000000E+00
    6651   1.0000000000E+00
    6652   1.0000000000E+00
    6653   1.0000000000E+00
    6654   1.0000000000E+00
    6655   1.0000000000E+00
    6656   1.0000000000E+00
    6657   1.0000000000E+00
    6658   1.0000000000E+00
    6659   1.0000000000E+00
    6660   1.0000000000E+00
    6661   1.0000000000E+00
    6662   1.0000000000E+00
    6663   1.0000000000E+00
    6664   1.0000000000E+00
    6665   1.0000000000E+00
    6666   1.0000000000E+00
    6667   1.0000000000E+00
    6668   1.0000000000E+00
    6669   1.0000000000E+00
    6670   1.0000000000E+00
    6671   1.0000000000E+00
    6672   1.0000000000E+00
    6673   1.0000000000E+00
    6674   1.0000000000E+00
    6675   1.0000000000E+00
    6676   1.0000000000E+00
    6677   1.0000000000E+00
    6678   1.0000000000E+00
    6679   1.0000000000E+00
    6680   1.0000000000E+00
    6681   1.0000000000E+00
    6682   1.0000000000E+00
    6683   1.0000000000E+00
    6684   1.0000000000E+00
    6685   1.0000000000E+00
    6686   1.0000000000E+00
    6687   1.0000000000E+00
    6688   1.0000000000E+00
    6689   1.0000000000E+00
    6690   1.0000000000E+00
    6691   1.0000000000E+00
    6692   1.0000000000E+00
    6693   1.0000000000E+00
    6694   1.0000000000E+00
    6695   1.0000000000E+00
    6696   1.0000000000E+00
    6697   1.0000000000E+00
    6698   1.0000000000E+00
    6699   1.0000000000E+00
    6700   1.0000000000E+00
    6701   1.0000000000E+00
    6702   1.0000000000E+00
    6703   1.0000000000E+00
    6704   1.0000000000E+00
    6705   1.0000000000E+00
    6706   1.0000000000E+00
    6707   1.0000000000E+00
    6708   1.0000000000E+00
    6709   1.0000000000E+00
    6710   1.0000000000E+00
    6711   1.0000000000E+00
    6712   1.0000000000E+00
    6713   1.0000000000E+00
    6714   1.0000000000E+00
    6715   1.0000000000E+00
    6716   1.0000000000E+00
    6717   1.0000000000E+00
    6718   1.0000000000E+00
    6719   1.0000000000E+00
    6720   1.0000000000E+00
    6721   1.0000000000E+00
    6722   1.0000000000E+00
    6723   1.0000000000E+00
    6724   1.0000000000E+00
    6725   1.0000000000E+00
    6726   1.0000000000E+00
    6727   1.0000000000E+00
    6728   1.0000000000E+00
    6729   1.0000000000E+00
    6730   1.0000000000E+00
    6731   1.0000000000E+00
    6732   1.0000000000E+00
    6733   1.0000000000E+00
    6734   1.0000000000E+00
    6735   1.0000000000E+00
    6736   1.0000000000E+00
    6737   1.0000000000E+00
    6738   1.0000000000E+00
    6739   1.0000000000E+00
    6740   1.0000000000E+00
    6741   1.0000000000E+00
    6742   1.0000000000E+00
    6743   1.0000000000E+00
    6744   1.0000000000E+00
    6745   1.0000000000E+00
    6746   1.0000000000E+00
    6747   1.0000000000E+00
    6748   1.0000000000E+00
    6749   1.0000000000E+00
    6750   1.0000000000E+00
    6751   1.0000000000E+00
    6752   1.0000000000E+00
    6753   1.0000000000E+00
    6754   1.0000000000E+00
    6755   1.0000000000E+00
    6756   1.0000000000E+00
    6757   1.0000000000E+00
    6758   1.0000000000E+00
    6759   1.0000000000E+00
    6760   1.0000000000E+00
    6761   1.0000000000E+00
    6762   1.0000000000E+00
    6763   1.0000000000E+00
    6764   1.0000000000E+00
    6765   1.0000000000E+00
    6766   1.0000000000E+00
    6767   1.0000000000E+00
    6768   1.0000000000E+00
    6769   1.0000000000E+00
    6770   1.0000000000E+00
    6771   1.0000000000E+00
    6772   1.0000000000E+00
    6773   1.0000000000E+00
    6774   1.0000000000E+00
    6775   1.0000000000E+00
    6776   1.0000000000E+00
    6777   1.0000000000E+00
    6778   1.0000000000E+00
    6779   1.0000000000E+00
    6780   1.0000000000E+00
    6781   1.0000000000E+00
    6782   1.0000000000E+00
    6783   1.0000000000E+00
    6784   1.0000000000E+00
    6785   1.0000000000E+00
    6786   1.0000000000E+00
    6787   1.0000000000E+00
    6788   1.0000000000E+00
    6789   1.0000000000E+00
    6790   1.0000000000E+00
    6791   1.0000000000E+00
    6792   1.0000000000E+00
    6793   1.0000000000E+00
    6794   1.0000000000E+00
    6795   1.0000000000E+00
    6796   1.0000000000E+00
    6797   1.0000000000E+00
    6798   1.0000000000E+00
    6799   1.0000000000E+00
    6800   1.0000000000E+00
    6801   1.0000000000E+00
    6802   1.0000000000E+00
    6803   1.0000000000E+00
    6804   1.0000000000E+00
    6805   1.0000000000E+00
    6806   1.0000000000E+00
    6807   1.0000000000E+00
    6808   1.0000000000E+00
    6809   1.0000000000E+00
    6810   1.0000000000E+00
    6811   1.0000000000E+00
    6812   1.0000000000E+00
    6813   1.0000000000E+00
    6814   1.0000000000E+00
    6815   1.0000000000E+00
    6816   1.0000000000E+00
    6817   1.0000000000E+00
    6818   1.0000000000E+00
    6819   1.0000000000E+00
    6820   1.0000000000E+00
    6821   1.0000000000E+00
    6822   1.0000000000E+00
    6823   1.0000000000E+00
    6824   1.0000000000E+00
    6825   1.0000000000E+00
    6826   1.0000000000E+00
    6827   1.0000000000E+00
    6828   1.0000000000E+00
    6829   1.0000000000E+00
    6830   1.0000000000E+00
    6831   1.0000000000E+00
    6832   1.0000000000E+00
    6833   1.0000000000E+00
    6834   1.0000000000E+00
    6835   1.0000000000E+00
    6836   1.0000000000E+00
    6837   1.0000000000E+00
    6838   1.0000000000E+00
    6839   1.0000000000E+00
    6840   1.0000000000E+00
    6841   1.0000000000E+00
    6842   1.0000000000E+00
    6843   1.0000000000E+00
    6844   1.0000000000E+00
    6845   1.0000000000E+00
    6846   1.0000000000E+00
    6847   1.0000000000E+00
    6848   1.0000000000E+00
    6849   1.0000000000E+00
    6850   1.0000000000E+00
    6851   1.0000000000E+00
    6852   1.0000000000E+00
    6853   1.0000000000E+00
    6854   1.0000000000E+00
    6855   1.0000000000E+00
    6856   1.0000000000E+00
    6857   1.0000000000E+00
    6858   1.0000000000E+00
    6859   1.0000000000E+00
    6860   1.0000000000E+00
    6861   1.0000000000E+00
    6862   1.0000000000E+00
    6863   1.0000000000E+00
    6864   1.0000000000E+00
    6865   1.0000000000E+00
    6866   1.0000000000E+00
    6867   1.0000000000E+00
    6868   1.0000000000E+00
    6869   1.0000000000E+00
    6870   1.0000000000E+00
    6871   1.0000000000E+00
    6872   1.0000000000E+00
    6873   1.0000000000E+00
    6874   1.0000000000E+00
    6875   1.0000000000E+00
    6876   1.0000000000E+00
    6877   1.0000000000E+00
    6878   1.0000000000E+00
    6879   1.0000000000E+00
    6880   1.0000000000E+00
    6881   1.0000000000E+00
    6882   1.0000000000E+00
    6883   1.0000000000E+00
    6884   1.0000000000E+00
    6885   1.0000000000E+00
    6886   1.0000000000E+00
    6887   1.0000000000E+00
    6888   1.0000000000E+00
    6889   1.0000000000E+00
    6890   1.0000000000E+00
    6891   1.0000000000E+00
    6892   1.0000000000E+00
    6893   1.0000000000E+00
    6894   1.0000000000E+00
    6895   1.0000000000E+00
    6896   1.0000000000E+00
    6897   1.0000000000E+00
    6898   1.0000000000E+00
    6899   1.0000000000E+00
    6900   1.0000000000E+00
    6901   1.0000000000E+00
    6902   1.0000000000E+00
    6903   1.0000000000E+00
    6904   1.0000000000E+00
    6905   1.0000000000E+00
    6906   1.0000000000E+00
    6907   1.0000000000E+00
    6908   1.0000000000E+00
    6909   1.0000000000E+00
    6910   1.0000000000E+00
    6911   1.0000000000E+00
    6912   1.0000000000E+00
    6913   1.0000000000E+00
    6914   1.0000000000E+00
    6915   1.0000000000E+00
    6916   1.0000000000E+00
    6917   1.0000000000E+00
    6918   1.0000000000E+00
    6919   1.0000000000E+00
    6920   1.0000000000E+00
    6921   1.0000000000E+00
    6922   1.0000000000E+00
    6923   1.0000000000E+00
    6924   1.0000000000E+00
    6925   1.0000000000E+00
    6926   1.0000000000E+00
    6927   1.0000000000E+00
    6928   1.0000000000E+00
    6929   1.0000000000E+00
    6930   1.0000000000E+00
    6931   1.0000000000E+00
    6932   1.0000000000E+00
    6933   1.0000000000E+00
    6934   1.0000000000E+00
    6935   1.0000000000E+00
    6936   1.0000000000E+00
    6937   1.0000000000E+00
    6938   1.0000000000E+00
    6939   1.0000000000E+00
    6940   1.0000000000E+00
    6941   1.0000000000E+00
    6942   1.0000000000E+00
    6943   1.0000000000E+00
    6944   1.0000000000E+00
    6945   1.0000000000E+00
    6946   1.0000000000E+00
    6947   1.0000000000E+00
    6948   1.0000000000E+00
    6949   1.0000000000E+00
    6950   1.0000000000E+00
    6951   1.0000000000E+00
    6952   1.0000000000E+00
    6953   1.0000000000E+00
    6954   1.0000000000E+00
    6955   1.0000000000E+00
    6956   1.0000000000E+00
    6957   1.0000000000E+00
    6958   1.0000000000E+00
    6959   1.0000000000E+00
    6960   1.0000000000E+00
    6961   1.0000000000E+00
    6962   1.0000000000E+00
    6963   1.0000000000E+00
    6964   1.0000000000E+00
    6965   1.0000000000E+00
    6966   1.0000000000E+00
    6967   1.0000000000E+00
    6968   1.0000000000E+00
    6969   1.0000000000E+00
    6970   1.0000000000E+00
    6971   1.0000000000E+00
    6972   1.0000000000E+00
    6973   1.0000000000E+00
    6974   1.0000000000E+00
    6975   1.0000000000E+00
    6976   1.0000000000E+00
    6977   1.0000000000E+00
    6978   1.0000000000E+00
    6979   1.0000000000E+00
    6980   1.0000000000E+00
    6981   1.0000000000E+00
    6982   1.0000000000E+00
    6983   1.0000000000E+00
    6984   1.0000000000E+00
    6985   1.0000000000E+00
    6986   1.0000000000E+00
    6987   1.0000000000E+00
    6988   1.0000000000E+00
    6989   1.0000000000E+00
    6990   1.0000000000E+00
    6991   1.0000000000E+00
    6992   1.0000000000E+00
    6993   1.0000000000E+00
    6994   1.0000000000E+00
    6995   1.0000000000E+00
    6996   1.0000000000E+00
    6997   1.0000000000E+00
    6998   1.0000000000E+00
    6999   1.0000000000E+00
    7000   1.0000000000E+00
    7001   1.0000000000E+00
    7002   1.0000000000E+00
    7003   1.0000000000E+00
    7004   1.0000000000E+00
    7005   1.0000000000E+00
    7006   1.0000000000E+00
    7007   1.0000000000E+00
    7008   1.0000000000E+00
    7009   1.0000000000E+00
    7010   1.0000000000E+00
    7011   1.0000000000E+00
    7012   1.0000000000E+00
    7013   1.0000000000E+00
    7014   1.0000000000E+00
    7015   1.0000000000E+00
    7016   1.0000000000E+00
    7017   1.0000000000E+00
    7018   1.0000000000E+00
    7019   1.0000000000E+00
    7020   1.0000000000E+00
    7021   1.0000000000E+00
    7022   1.0000000000E+00
    7023   1.0000000000E+00
    7024   1.0000000000E+00
    7025   1.0000000000E+00
    7026   1.0000000000E+00
    7027   1.0000000000E+00
    7028   1.0000000000E+00
    7029   1.0000000000E+00
    7030   1.0000000000E+00
    7031   1.0000000000E+00
    7032   1.0000000000E+00
    7033   1.0000000000E+00
    7034   1.0000000000E+00
    7035   1.0000000000E+00
    7036   1.0000000000E+00
    7037   1.0000000000E+00
    7038   1.0000000000E+00
    7039   1.0000000000E+00
    7040   1.0000000000E+00
    7041   1.0000000000E+00
    7042   1.0000000000E+00
    7043   1.0000000000E+00
    7044   1.0000000000E+00
    7045   1.0000000000E+00
    7046   1.0000000000E+00
    7047   1.0000000000E+00
    7048   1.0000000000E+00
    7049   1.0000000000E+00
    7050   1.0000000000E+00
    7051   1.0000000000E+00
    7052   1.0000000000E+00
    7053   1.0000000000E+00
    7054   1.0000000000E+00
    7055   1.0000000000E+00
    7056   1.0000000000E+00
    7057   1.0000000000E+00
    7058   1.0000000000E+00
    7059   1.0000000000E+00
    7060   1.0000000000E+00
    7061   1.0000000000E+00
    7062   1.0000000000E+00
    7063   1.0000000000E+00
    7064   1.0000000000E+00
    7065   1.0000000000E+00
    7066   1.0000000000E+00
    7067   1.0000000000E+00
    7068   1.0000000000E+00
    7069   1.0000000000E+00
    7070   1.0000000000E+00
    7071   1.0000000000E+00
    7072   1.0000000000E+00
    7073   1.0000000000E+00
    7074   1.0000000000E+00
    7075   1.0000000000E+00
    7076   1.0000000000E+00
    7077   1.0000000000E+00
    7078   1.0000000000E+00
    7079   1.0000000000E+00
    7080   1.0000000000E+00
    7081   1.0000000000E+00
    7082   1.0000000000E+00
    7083   1.0000000000E+00
    7084   1.0000000000E+00
    7085   1.0000000000E+00
    7086   1.0000000000E+00
    7087   1.0000000000E+00
    7088   1.0000000000E+00
    7089   1.0000000000E+00
    7090   1.0000000000E+00
    7091   1.0000000000E+00
    7092   1.0000000000E+00
    7093   1.0000000000E+00
    7094   1.0000000000E+00
    7095   1.0000000000E+00
    7096   1.0000000000E+00
    7097   1.0000000000E+00
    7098   1.0000000000E+00
    7099   1.0000000000E+00
    7100   1.0000000000E+00
    7101   1.0000000000E+00
    7102   1.0000000000E+00
    7103   1.0000000000E+00
    7104   1.0000000000E+00
    7105   1.0000000000E+00
    7106   1.0000000000E+00
    7107   1.0000000000E+00
    7108   1.0000000000E+00
    7109   1.0000000000E+00
    7110   1.0000000000E+00
    7111   1.0000000000E+00
    7112   1.0000000000E+00
    7113   1.0000000000E+00
    7114   1.0000000000E+00
    7115   1.0000000000E+00
    7116   1.0000000000E+00
    7117   1.0000000000E+00
    7118   1.0000000000E+00
    7119   1.0000000000E+00
    7120   1.0000000000E+00
    7121   1.0000000000E+00
    7122   1.0000000000E+00
    7123   1.0000000000E+00
    7124   1.0000000000E+00
    7125   1.0000000000E+00
    7126   1.0000000000E+00
    7127   1.0000000000E+00
    7128   1.0000000000E+00
    7129   1.0000000000E+00
    7130   1.0000000000E+00
    7131   1.0000000000E+00
    7132   1.0000000000E+00
    7133   1.0000000000E+00
    7134   1.0000000000E+00
    7135   1.0000000000E+00
    7136   1.0000000000E+00
    7137   1.0000000000E+00
    7138   1.0000000000E+00
    7139   1.0000000000E+00
    7140   1.0000000000E+00
    7141   1.0000000000E+00
    7142   1.0000000000E+00
    7143   1.0000000000E+00
    7144   1.0000000000E+00
    7145   1.0000000000E+00
    7146   1.0000000000E+00
    7147   1.0000000000E+00
    7148   1.0000000000E+00
    7149   1.0000000000E+00
    7150   1.0000000000E+00
    7151   1.0000000000E+00
    7152   1.0000000000E+00
    7153   1.0000000000E+00
    7154   1.0000000000E+00
    7155   1.0000000000E+00
    7156   1.0000000000E+00
    7157   1.0000000000E+00
    7158   1.0000000000E+00
    7159   1.0000000000E+00
    7160   1.0000000000E+00
    7161   1.0000000000E+00
    7162   1.0000000000E+00
    7163   1.0000000000E+00
    7164   1.0000000000E+00
    7165   1.0000000000E+00
    7166   1.0000000000E+00
    7167   1.0000000000E+00
    7168   1.0000000000E+00
    7169   1.0000000000E+00
    7170   1.0000000000E+00
    7171   1.0000000000E+00
    7172   1.0000000000E+00
    7173   1.0000000000E+00
    7174   1.0000000000E+00
    7175   1.0000000000E+00
    7176   1.0000000000E+00
    7177   1.0000000000E+00
    7178   1.0000000000E+00
    7179   1.0000000000E+00
    7180   1.0000000000E+00
    7181   1.0000000000E+00
    7182   1.0000000000E+00
    7183   1.0000000000E+00
    7184   1.0000000000E+00
    7185   1.0000000000E+00
    7186   1.0000000000E+00
    7187   1.0000000000E+00
    7188   1.0000000000E+00
    7189   1.0000000000E+00
    7190   1.0000000000E+00
    7191   1.0000000000E+00
    7192   1.0000000000E+00
    7193   1.0000000000E+00
    7194   1.0000000000E+00
    7195   1.0000000000E+00
    7196   1.0000000000E+00
    7197   1.0000000000E+00
    7198   1.0000000000E+00
    7199   1.0000000000E+00
    7200   1.0000000000E+00
    7201   1.0000000000E+00
    7202   1.0000000000E+00
    7203   1.0000000000E+00
    7204   1.0000000000E+00
    7205   1.0000000000E+00
    7206   1.0000000000E+00
    7207   1.0000000000E+00
    7208   1.0000000000E+00
    7209   1.0000000000E+00
    7210   1.0000000000E+00
    7211   1.0000000000E+00
    7212   1.0000000000E+00
    7213   1.0000000000E+00
    7214   1.0000000000E+00
    7215   1.0000000000E+00
    7216   1.0000000000E+00
    7217   1.0000000000E+00
    7218   1.0000000000E+00
    7219   1.0000000000E+00
    7220   1.0000000000E+00
    7221   1.0000000000E+00
    7222   1.0000000000E+00
    7223   1.0000000000E+00
    7224   1.0000000000E+00
    7225   1.0000000000E+00
    7226   1.0000000000E+00
    7227   1.0000000000E+00
    7228   1.0000000000E+00
    7229   1.0000000000E+00
    7230   1.0000000000E+00
    7231   1.0000000000E+00
    7232   1.0000000000E+00
    7233   1.0000000000E+00
    7234   1.0000000000E+00
    7235   1.0000000000E+00
    7236   1.0000000000E+00
    7237   1.0000000000E+00
    7238   1.0000000000E+00
    7239   1.0000000000E+00
    7240   1.0000000000E+00
    7241   1.0000000000E+00
    7242   1.0000000000E+00
    7243   1.0000000000E+00
    7244   1.0000000000E+00
    7245   1.0000000000E+00
    7246   1.0000000000E+00
    7247   1.0000000000E+00
    7248   1.0000000000E+00
    7249   1.0000000000E+00
    7250   1.0000000000E+00
    7251   1.0000000000E+00
    7252   1.0000000000E+00
    7253   1.0000000000E+00
    7254   1.0000000000E+00
    7255   1.0000000000E+00
    7256   1.0000000000E+00
    7257   1.0000000000E+00
    7258   1.0000000000E+00
    7259   1.0000000000E+00
    7260   1.0000000000E+00
    7261   1.0000000000E+00
    7262   1.0000000000E+00
    7263   1.0000000000E+00
    7264   1.0000000000E+00
    7265   1.0000000000E+00
    7266   1.0000000000E+00
    7267   1.0000000000E+00
    7268   1.0000000000E+00
    7269   1.0000000000E+00
    7270   1.0000000000E+00
    7271   1.0000000000E+00
    7272   1.0000000000E+00
    7273   1.0000000000E+00
    7274   1.0000000000E+00
    7275   1.0000000000E+00
    7276   1.0000000000E+00
    7277   1.0000000000E+00
    7278   1.0000000000E+00
    7279   1.0000000000E+00
    7280   1.0000000000E+00
    7281   1.0000000000E+00
    7282   1.0000000000E+00
    7283   1.0000000000E+00
    7284   1.0000000000E+00
    7285   1.0000000000E+00
    7286   1.0000000000E+00
    7287   1.0000000000E+00
    7288   1.0000000000E+00
    7289   1.0000000000E+00
    7290   1.0000000000E+00
    7291   1.0000000000E+00
    7292   1.0000000000E+00
    7293   1.0000000000E+00
    7294   1.0000000000E+00
    7295   1.0000000000E+00
    7296   1.0000000000E+00
    7297   1.0000000000E+00
    7298   1.0000000000E+00
    7299   1.0000000000E+00
    7300   1.0000000000E+00
    7301   1.0000000000E+00
    7302   1.0000000000E+00
    7303   1.0000000000E+00
    7304   1.0000000000E+00
    7305   1.0000000000E+00
    7306   1.0000000000E+00
    7307   1.0000000000E+00
    7308   1.0000000000E+00
    7309   1.0000000000E+00
    7310   1.0000000000E+00
    7311   1.0000000000E+00
    7312   1.0000000000E+00
    7313   1.0000000000E+00
    7314   1.0000000000E+00
    7315   1.0000000000E+00
    7316   1.0000000000E+00
    7317   1.0000000000E+00
    7318   1.0000000000E+00
    7319   1.0000000000E+00
    7320   1.0000000000E+00
    7321   1.0000000000E+00
    7322   1.0000000000E+00
    7323   1.0000000000E+00
    7324   1.0000000000E+00
    7325   1.0000000000E+00
    7326   1.0000000000E+00
    7327   1.0000000000E+00
    7328   1.0000000000E+00
    7329   1.0000000000E+00
    7330   1.0000000000E+00
    7331   1.0000000000E+00
    7332   1.0000000000E+00
    7333   1.0000000000E+00
    7334   1.0000000000E+00
    7335   1.0000000000E+00
    7336   1.0000000000E+00
    7337   1.0000000000E+00
    7338   1.0000000000E+00
    7339   1.0000000000E+00
    7340   1.0000000000E+00
    7341   1.0000000000E+00
    7342   1.0000000000E+00
    7343   1.0000000000E+00
    7344   1.0000000000E+00
    7345   1.0000000000E+00
    7346   1.0000000000E+00
    7347   1.0000000000E+00
    7348   1.0000000000E+00
    7349   1.0000000000E+00
    7350   1.0000000000E+00
    7351   1.0000000000E+00
    7352   1.0000000000E+00
    7353   1.0000000000E+00
    7354   1.0000000000E+00
    7355   1.0000000000E+00
    7356   1.0000000000E+00
    7357   1.0000000000E+00
    7358   1.0000000000E+00
    7359   1.0000000000E+00
    7360   1.0000000000E+00
    7361   1.0000000000E+00
    7362   1.0000000000E+00
    7363   1.0000000000E+00
    7364   1.0000000000E+00
    7365   1.0000000000E+00
    7366   1.0000000000E+00
    7367   1.0000000000E+00
    7368   1.0000000000E+00
    7369   1.0000000000E+00
    7370   1.0000000000E+00
    7371   1.0000000000E+00
    7372   1.0000000000E+00
    7373   1.0000000000E+00
    7374   1.0000000000E+00
    7375   1.0000000000E+00
    7376   1.0000000000E+00
    7377   1.0000000000E+00
    7378   1.0000000000E+00
    7379   1.0000000000E+00
    7380   1.0000000000E+00
    7381   1.0000000000E+00
    7382   1.0000000000E+00
    7383   1.0000000000E+00
    7384   1.0000000000E+00
    7385   1.0000000000E+00
    7386   1.0000000000E+00
    7387   1.0000000000E+00
    7388   1.0000000000E+00
    7389   1.0000000000E+00
    7390   1.0000000000E+00
    7391   1.0000000000E+00
    7392   1.0000000000E+00
    7393   1.0000000000E+00
    7394   1.0000000000E+00
    7395   1.0000000000E+00
    7396   1.0000000000E+00
    7397   1.0000000000E+00
    7398   1.0000000000E+00
    7399   1.0000000000E+00
    7400   1.0000000000E+00
    7401   1.0000000000E+00
    7402   1.0000000000E+00
    7403   1.0000000000E+00
    7404   1.0000000000E+00
    7405   1.0000000000E+00
    7406   1.0000000000E+00
    7407   1.0000000000E+00
    7408   1.0000000000E+00
    7409   1.0000000000E+00
    7410   1.0000000000E+00
    7411   1.0000000000E+00
    7412   1.0000000000E+00
    7413   1.0000000000E+00
    7414   1.0000000000E+00
    7415   1.0000000000E+00
    7416   1.0000000000E+00
    7417   1.0000000000E+00
    7418   1.0000000000E+00
    7419   1.0000000000E+00
    7420   1.0000000000E+00
    7421   1.0000000000E+00
    7422   1.0000000000E+00
    7423   1.0000000000E+00
    7424   1.0000000000E+00
    7425   1.0000000000E+00
    7426   1.0000000000E+00
    7427   1.0000000000E+00
    7428   1.0000000000E+00
    7429   1.0000000000E+00
    7430   1.0000000000E+00
    7431   1.0000000000E+00
    7432   1.0000000000E+00
    7433   1.0000000000E+00
    7434   1.0000000000E+00
    7435   1.0000000000E+00
    7436   1.0000000000E+00
    7437   1.0000000000E+00
    7438   1.0000000000E+00
    7439   1.0000000000E+00
    7440   1.0000000000E+00
    7441   1.0000000000E+00
    7442   1.0000000000E+00
    7443   1.0000000000E+00
    7444   1.0000000000E+00
    7445   1.0000000000E+00
    7446   1.0000000000E+00
    7447   1.0000000000E+00
    7448   1.0000000000E+00
    7449   1.0000000000E+00
    7450   1.0000000000E+00
    7451   1.0000000000E+00
    7452   1.0000000000E+00
    7453   1.0000000000E+00
    7454   1.0000000000E+00
    7455   1.0000000000E+00
    7456   1.0000000000E+00
    7457   1.0000000000E+00
    7458   1.0000000000E+00
    7459   1.0000000000E+00
    7460   1.0000000000E+00
    7461   1.0000000000E+00
    7462   1.0000000000E+00
    7463   1.0000000000E+00
    7464   1.0000000000E+00
    7465   1.0000000000E+00
    7466   1.0000000000E+00
    7467   1.0000000000E+00
    7468   1.0000000000E+00
    7469   1.0000000000E+00
    7470   1.0000000000E+00
    7471   1.0000000000E+00
    7472   1.0000000000E+00
    7473   1.0000000000E+00
    7474   1.0000000000E+00
    7475   1.0000000000E+00
    7476   1.0000000000E+00
    7477   1.0000000000E+00
    7478   1.0000000000E+00
    7479   1.0000000000E+00
    7480   1.0000000000E+00
    7481   1.0000000000E+00
    7482   1.0000000000E+00
    7483   1.0000000000E+00
    7484   1.0000000000E+00
    7485   1.0000000000E+00
    7486   1.0000000000E+00
    7487   1.0000000000E+00
    7488   1.0000000000E+00
    7489   1.0000000000E+00
    7490   1.0000000000E+00
    7491   1.0000000000E+00
    7492   1.0000000000E+00
    7493   1.0000000000E+00
    7494   1.0000000000E+00
    7495   1.0000000000E+00
    7496   1.0000000000E+00
    7497   1.0000000000E+00
    7498   1.0000000000E+00
    7499   1.0000000000E+00
    7500   1.0000000000E+00
    7501   1.0000000000E+00
    7502   1.0000000000E+00
    7503   1.0000000000E+00
    7504   1.0000000000E+00
    7505   1.0000000000E+00
    7506   1.0000000000E+00
    7507   1.0000000000E+00
    7508   1.0000000000E+00
    7509   1.0000000000E+00
    7510   1.0000000000E+00
    7511   1.0000000000E+00
    7512   1.0000000000E+00
    7513   1.0000000000E+00
    7514   1.0000000000E+00
    7515   1.0000000000E+00
    7516   1.0000000000E+00
    7517   1.0000000000E+00
    7518   1.0000000000E+00
    7519   1.0000000000E+00
    7520   1.0000000000E+00
    7521   1.0000000000E+00
    7522   1.0000000000E+00
    7523   1.0000000000E+00
    7524   1.0000000000E+00
    7525   1.0000000000E+00
    7526   1.0000000000E+00
    7527   1.0000000000E+00
    7528   1.0000000000E+00
    7529   1.0000000000E+00
    7530   1.0000000000E+00
    7531   1.0000000000E+00
    7532   1.0000000000E+00
    7533   1.0000000000E+00
    7534   1.0000000000E+00
    7535   1.0000000000E+00
    7536   1.0000000000E+00
    7537   1.0000000000E+00
    7538   1.0000000000E+00
    7539   1.0000000000E+00
    7540   1.0000000000E+00
    7541   1.0000000000E+00
    7542   1.0000000000E+00
    7543   1.0000000000E+00
    7544   1.0000000000E+00
    7545   1.0000000000E+00
    7546   1.0000000000E+00
    7547   1.0000000000E+00
    7548   1.0000000000E+00
    7549   1.0000000000E+00
    7550   1.0000000000E+00
    7551   1.0000000000E+00
    7552   1.0000000000E+00
    7553   1.0000000000E+00
    7554   1.0000000000E+00
    7555   1.0000000000E+00
    7556   1.0000000000E+00
    7557   1.0000000000E+00
    7558   1.0000000000E+00
    7559   1.0000000000E+00
    7560   1.0000000000E+00
    7561   1.0000000000E+00
    7562   1.0000000000E+00
    7563   1.0000000000E+00
    7564   1.0000000000E+00
    7565   1.0000000000E+00
    7566   1.0000000000E+00
    7567   1.0000000000E+00
    7568   1.0000000000E+00
    7569   1.0000000000E+00
    7570   1.0000000000E+00
    7571   1.0000000000E+00
    7572   1.0000000000E+00
    7573   1.0000000000E+00
    7574   1.0000000000E+00
    7575   1.0000000000E+00
    7576   1.0000000000E+00
    7577   1.0000000000E+00
    7578   1.0000000000E+00
    7579   1.0000000000E+00
    7580   1.0000000000E+00
    7581   1.0000000000E+00
    7582   1.0000000000E+00
    7583   1.0000000000E+00
    7584   1.0000000000E+00
    7585   1.0000000000E+00
    7586   1.0000000000E+00
    7587   1.0000000000E+00
    7588   1.0000000000E+00
    7589   1.0000000000E+00
    7590   1.0000000000E+00
    7591   1.0000000000E+00
    7592   1.0000000000E+00
    7593   1.0000000000E+00
    7594   1.0000000000E+00
    7595   1.0000000000E+00
    7596   1.0000000000E+00
    7597   1.0000000000E+00
    7598   1.0000000000E+00
    7599   1.0000000000E+00
    7600   1.0000000000E+00
    7601   1.0000000000E+00
    7602   1.0000000000E+00
    7603   1.0000000000E+00
    7604   1.0000000000E+00
    7605   1.0000000000E+00
    7606   1.0000000000E+00
    7607   1.0000000000E+00
    7608   1.0000000000E+00
    7609   1.0000000000E+00
    7610   1.0000000000E+00
    7611   1.0000000000E+00
    7612   1.0000000000E+00
    7613   1.0000000000E+00
    7614   1.0000000000E+00
    7615   1.0000000000E+00
    7616   1.0000000000E+00
    7617   1.0000000000E+00
    7618   1.0000000000E+00
    7619   1.0000000000E+00
    7620   1.0000000000E+00
    7621   1.0000000000E+00
    7622   1.0000000000E+00
    7623   1.0000000000E+00
    7624   1.0000000000E+00
    7625   1.0000000000E+00
    7626   1.0000000000E+00
    7627   1.0000000000E+00
    7628   1.0000000000E+00
    7629   1.0000000000E+00
    7630   1.0000000000E+00
    7631   1.0000000000E+00
    7632   1.0000000000E+00
    7633   1.0000000000E+00
    7634   1.0000000000E+00
    7635   1.0000000000E+00
    7636   1.0000000000E+00
    7637   1.0000000000E+00
    7638   1.0000000000E+00
    7639   1.0000000000E+00
    7640   1.0000000000E+00
    7641   1.0000000000E+00
    7642   1.0000000000E+00
    7643   1.0000000000E+00
    7644   1.0000000000E+00
    7645   1.0000000000E+00
    7646   1.0000000000E+00
    7647   1.0000000000E+00
    7648   1.0000000000E+00
    7649   1.0000000000E+00
    7650   1.0000000000E+00
    7651   1.0000000000E+00
    7652   1.0000000000E+00
    7653   1.0000000000E+00
    7654   1.0000000000E+00
    7655   1.0000000000E+00
    7656   1.0000000000E+00
    7657   1.0000000000E+00
    7658   1.0000000000E+00
    7659   1.0000000000E+00
    7660   1.0000000000E+00
    7661   1.0000000000E+00
    7662   1.0000000000E+00
    7663   1.0000000000E+00
    7664   1.0000000000E+00
    7665   1.0000000000E+00
    7666   1.0000000000E+00
    7667   1.0000000000E+00
    7668   1.0000000000E+00
    7669   1.0000000000E+00
    7670   1.0000000000E+00
    7671   1.0000000000E+00
    7672   1.0000000000E+00
    7673   1.0000000000E+00
    7674   1.0000000000E+00
    7675   1.0000000000E+00
    7676   1.0000000000E+00
    7677   1.0000000000E+00
    7678   1.0000000000E+00
    7679   1.0000000000E+00
    7680   1.0000000000E+00
    7681   1.0000000000E+00
    7682   1.0000000000E+00
    7683   1.0000000000E+00
    7684   1.0000000000E+00
    7685   1.0000000000E+00
    7686   1.0000000000E+00
    7687   1.0000000000E+00
    7688   1.0000000000E+00
    7689   1.0000000000E+00
    7690   1.0000000000E+00
    7691   1.0000000000E+00
    7692   1.0000000000E+00
    7693   1.0000000000E+00
    7694   1.0000000000E+00
    7695   1.0000000000E+00
    7696   1.0000000000E+00
    7697   1.0000000000E+00
    7698   1.0000000000E+00
    7699   1.0000000000E+00
    7700   1.0000000000E+00
    7701   1.0000000000E+00
    7702   1.0000000000E+00
    7703   1.0000000000E+00
    7704   1.0000000000E+00
    7705   1.0000000000E+00
    7706   1.0000000000E+00
    7707   1.0000000000E+00
    7708   1.0000000000E+00
    7709   1.0000000000E+00
    7710   1.0000000000E+00
    7711   1.0000000000E+00
    7712   1.0000000000E+00
    7713   1.0000000000E+00
    7714   1.0000000000E+00
    7715   1.0000000000E+00
    7716   1.0000000000E+00
    7717   1.0000000000E+00
    7718   1.0000000000E+00
    7719   1.0000000000E+00
    7720   1.0000000000E+00
    7721   1.0000000000E+00
    7722   1.0000000000E+00
    7723   1.0000000000E+00
    7724   1.0000000000E+00
    7725   1.0000000000E+00
    7726   1.0000000000E+00
    7727   1.0000000000E+00
    7728   1.0000000000E+00
    7729   1.0000000000E+00
    7730   1.0000000000E+00
    7731   1.0000000000E+00
    7732   1.0000000000E+00
    7733   1.0000000000E+00
    7734   1.0000000000E+00
    7735   1.0000000000E+00
    7736   1.0000000000E+00
    7737   1.0000000000E+00
    7738   1.0000000000E+00
    7739   1.0000000000E+00
    7740   1.0000000000E+00
    7741   1.0000000000E+00
    7742   1.0000000000E+00
    7743   1.0000000000E+00
    7744   1.0000000000E+00
    7745   1.0000000000E+00
    7746   1.0000000000E+00
    7747   1.0000000000E+00
    7748   1.0000000000E+00
    7749   1.0000000000E+00
    7750   1.0000000000E+00
    7751   1.0000000000E+00
    7752   1.0000000000E+00
    7753   1.0000000000E+00
    7754   1.0000000000E+00
    7755   1.0000000000E+00
    7756   1.0000000000E+00
    7757   1.0000000000E+00
    7758   1.0000000000E+00
    7759   1.0000000000E+00
    7760   1.0000000000E+00
    7761   1.0000000000E+00
    7762   1.0000000000E+00
    7763   1.0000000000E+00
    7764   1.0000000000E+00
    7765   1.0000000000E+00
    7766   1.0000000000E+00
    7767   1.0000000000E+00
    7768   1.0000000000E+00
    7769   1.0000000000E+00
    7770   1.0000000000E+00
    7771   1.0000000000E+00
    7772   1.0000000000E+00
    7773   1.0000000000E+00
    7774   1.0000000000E+00
    7775   1.0000000000E+00
    7776   1.0000000000E+00
    7777   1.0000000000E+00
    7778   1.0000000000E+00
    7779   1.0000000000E+00
    7780   1.0000000000E+00
    7781   1.0000000000E+00
    7782   1.0000000000E+00
    7783   1.0000000000E+00
    7784   1.0000000000E+00
    7785   1.0000000000E+00
    7786   1.0000000000E+00
    7787   1.0000000000E+00
    7788   1.0000000000E+00
    7789   1.0000000000E+00
    7790   1.0000000000E+00
    7791   1.0000000000E+00
    7792   1.0000000000E+00
    7793   1.0000000000E+00
    7794   1.0000000000E+00
    7795   1.0000000000E+00
    7796   1.0000000000E+00
    7797   1.0000000000E+00
    7798   1.0000000000E+00
    7799   1.0000000000E+00
    7800   1.0000000000E+00
    7801   1.0000000000E+00
    7802   1.0000000000E+00
    7803   1.0000000000E+00
    7804   1.0000000000E+00
    7805   1.0000000000E+00
    7806   1.0000000000E+00
    7807   1.0000000000E+00
    7808   1.0000000000E+00
    7809   1.0000000000E+00
    7810   1.0000000000E+00
    7811   1.0000000000E+00
    7812   1.0000000000E+00
    7813   1.0000000000E+00
    7814   1.0000000000E+00
    7815   1.0000000000E+00
    7816   1.0000000000E+00
    7817   1.0000000000E+00
    7818   1.0000000000E+00
    7819   1.0000000000E+00
    7820   1.0000000000E+00
    7821   1.0000000000E+00
    7822   1.0000000000E+00
    7823   1.0000000000E+00
    7824   1.0000000000E+00
    7825   1.0000000000E+00
    7826   1.0000000000E+00
    7827   1.0000000000E+00
    7828   1.0000000000E+00
    7829   1.0000000000E+00
    7830   1.0000000000E+00
    7831   1.0000000000E+00
    7832   1.0000000000E+00
    7833   1.0000000000E+00
    7834   1.0000000000E+00
    7835   1.0000000000E+00
    7836   1.0000000000E+00
    7837   1.0000000000E+00
    7838   1.0000000000E+00
    7839   1.0000000000E+00
    7840   1.0000000000E+00
    7841   1.0000000000E+00
    7842   1.0000000000E+00
    7843   1.0000000000E+00
    7844   1.0000000000E+00
    7845   1.0000000000E+00
    7846   1.0000000000E+00
    7847   1.0000000000E+00
    7848   1.0000000000E+00
    7849   1.0000000000E+00
    7850   1.0000000000E+00
    7851   1.0000000000E+00
    7852   1.0000000000E+00
    7853   1.0000000000E+00
    7854   1.0000000000E+00
    7855   1.0000000000E+00
    7856   1.0000000000E+00
    7857   1.0000000000E+00
    7858   1.0000000000E+00
    7859   1.0000000000E+00
    7860   1.0000000000E+00
    7861   1.0000000000E+00
    7862   1.0000000000E+00
    7863   1.0000000000E+00
    7864   1.0000000000E+00
    7865   1.0000000000E+00
    7866   1.0000000000E+00
    7867   1.0000000000E+00
    7868   1.0000000000E+00
    7869   1.0000000000E+00
    7870   1.0000000000E+00
    7871   1.0000000000E+00
    7872   1.0000000000E+00
    7873   1.0000000000E+00
    7874   1.0000000000E+00
    7875   1.0000000000E+00
    7876   1.0000000000E+00
    7877   1.0000000000E+00
    7878   1.0000000000E+00
    7879   1.0000000000E+00
    7880   1.0000000000E+00
    7881   1.0000000000E+00
    7882   1.0000000000E+00
    7883   1.0000000000E+00
    7884   1.0000000000E+00
    7885   1.0000000000E+00
    7886   1.0000000000E+00
    7887   1.0000000000E+00
    7888   1.0000000000E+00
    7889   1.0000000000E+00
    7890   1.0000000000E+00
    7891   1.0000000000E+00
    7892   1.0000000000E+00
    7893   1.0000000000E+00
    7894   1.0000000000E+00
    7895   1.0000000000E+00
    7896   1.0000000000E+00
    7897   1.0000000000E+00
    7898   1.0000000000E+00
    7899   1.0000000000E+00
    7900   1.0000000000E+00
    7901   1.0000000000E+00
    7902   1.0000000000E+00
    7903   1.0000000000E+00
    7904   1.0000000000E+00
    7905   1.0000000000E+00
    7906   1.0000000000E+00
    7907   1.0000000000E+00
    7908   1.0000000000E+00
    7909   1.0000000000E+00
    7910   1.0000000000E+00
    7911   1.0000000000E+00
    7912   1.0000000000E+00
    7913   1.0000000000E+00
    7914   1.0000000000E+00
    7915   1.0000000000E+00
    7916   1.0000000000E+00
    7917   1.0000000000E+00
    7918   1.0000000000E+00
    7919   1.0000000000E+00
    7920   1.0000000000E+00
    7921   1.0000000000E+00
    7922   1.0000000000E+00
    7923   1.0000000000E+00
    7924   1.0000000000E+00
    7925   1.0000000000E+00
    7926   1.0000000000E+00
    7927   1.0000000000E+00
    7928   1.0000000000E+00
    7929   1.0000000000E+00
    7930   1.0000000000E+00
    7931   1.0000000000E+00
    7932   1.0000000000E+00
    7933   1.0000000000E+00
    7934   1.0000000000E+00
    7935   1.0000000000E+00
    7936   1.0000000000E+00
    7937   1.0000000000E+00
    7938   1.0000000000E+00
    7939   1.0000000000E+00
    7940   1.0000000000E+00
    7941   1.0000000000E+00
    7942   1.0000000000E+00
    7943   1.0000000000E+00
    7944   1.0000000000E+00
    7945   1.0000000000E+00
    7946   1.0000000000E+00
    7947   1.0000000000E+00
    7948   1.0000000000E+00
    7949   1.0000000000E+00
    7950   1.0000000000E+00
    7951   1.0000000000E+00
    7952   1.0000000000E+00
    7953   1.0000000000E+00
    7954   1.0000000000E+00
    7955   1.0000000000E+00
    7956   1.0000000000E+00
    7957   1.0000000000E+00
    7958   1.0000000000E+00
    7959   1.0000000000E+00
    7960   1.0000000000E+00
    7961   1.0000000000E+00
    7962   1.0000000000E+00
    7963   1.0000000000E+00
    7964   1.0000000000E+00
    7965   1.0000000000E+00
    7966   1.0000000000E+00
    7967   1.0000000000E+00
    7968   1.0000000000E+00
    7969   1.0000000000E+00
    7970   1.0000000000E+00
    7971   1.0000000000E+00
    7972   1.0000000000E+00
    7973   1.0000000000E+00
    7974   1.0000000000E+00
    7975   1.0000000000E+00
    7976   1.0000000000E+00
    7977   1.0000000000E+00
    7978   1.0000000000E+00
    7979   1.0000000000E+00
    7980   1.0000000000E+00
    7981   1.0000000000E+00
    7982   1.0000000000E+00
    7983   1.0000000000E+00
    7984   1.0000000000E+00
    7985   1.0000000000E+00
    7986   1.0000000000E+00
    7987   1.0000000000E+00
    7988   1.0000000000E+00
    7989   1.0000000000E+00
    7990   1.0000000000E+00
    7991   1.0000000000E+00
    7992   1.0000000000E+00
    7993   1.0000000000E+00
    7994   1.0000000000E+00
    7995   1.0000000000E+00
    7996   1.0000000000E+00
    7997   1.0000000000E+00
    7998   1.0000000000E+00
    7999   1.0000000000E+00
    8000   1.0000000000E+00
    8001   1.0000000000E+00
    8002   1.0000000000E+00
    8003   1.0000000000E+00
    8004   1.0000000000E+00
    8005   1.0000000000E+00
    8006   1.0000000000E+00
    8007   1.0000000000E+00
    8008   1.0000000000E+00
    8009   1.0000000000E+00
    8010   1.0000000000E+00
    8011   1.0000000000E+00
    8012   1.0000000000E+00
    8013   1.0000000000E+00
    8014   1.0000000000E+00
    8015   1.0000000000E+00
    8016   1.0000000000E+00
    8017   1.0000000000E+00
    8018   1.0000000000E+00
    8019   1.0000000000E+00
    8020   1.0000000000E+00
    8021   1.0000000000E+00
    8022   1.0000000000E+00
    8023   1.0000000000E+00
    8024   1.0000000000E+00
    8025   1.0000000000E+00
    8026   1.0000000000E+00
    8027   1.0000000000E+00
    8028   1.0000000000E+00
    8029   1.0000000000E+00
    8030   1.0000000000E+00
    8031   1.0000000000E+00
    8032   1.0000000000E+00
    8033   1.0000000000E+00
    8034   1.0000000000E+00
    8035   1.0000000000E+00
    8036   1.0000000000E+00
    8037   1.0000000000E+00
    8038   1.0000000000E+00
    8039   1.0000000000E+00
    8040   1.0000000000E+00
    8041   1.0000000000E+00
    8042   1.0000000000E+00
    8043   1.0000000000E+00
    8044   1.0000000000E+00
    8045   1.0000000000E+00
    8046   1.0000000000E+00
    8047   1.0000000000E+00
    8048   1.0000000000E+00
    8049   1.0000000000E+00
    8050   1.0000000000E+00
    8051   1.0000000000E+00
    8052   1.0000000000E+00
    8053   1.0000000000E+00
    8054   1.0000000000E+00
    8055   1.0000000000E+00
    8056   1.0000000000E+00
    8057   1.0000000000E+00
    8058   1.0000000000E+00
    8059   1.0000000000E+00
    8060   1.0000000000E+00
    8061   1.0000000000E+00
    8062   1.0000000000E+00
    8063   1.0000000000E+00
    8064   1.0000000000E+00
    8065   1.0000000000E+00
    8066   1.0000000000E+00
    8067   1.0000000000E+00
    8068   1.0000000000E+00
    8069   1.0000000000E+00
    8070   1.0000000000E+00
    8071   1.0000000000E+00
    8072   1.0000000000E+00
    8073   1.0000000000E+00
    8074   1.0000000000E+00
    8075   1.0000000000E+00
    8076   1.0000000000E+00
    8077   1.0000000000E+00
    8078   1.0000000000E+00
    8079   1.0000000000E+00
    8080   1.0000000000E+00
    8081   1.0000000000E+00
    8082   1.0000000000E+00
    8083   1.0000000000E+00
    8084   1.0000000000E+00
    8085   1.0000000000E+00
    8086   1.0000000000E+00
    8087   1.0000000000E+00
    8088   1.0000000000E+00
    8089   1.0000000000E+00
    8090   1.0000000000E+00
    8091   1.0000000000E+00
    8092   1.0000000000E+00
    8093   1.0000000000E+00
    8094   1.0000000000E+00
    8095   1.0000000000E+00
    8096   1.0000000000E+00
    8097   1.0000000000E+00
    8098   1.0000000000E+00
    8099   1.0000000000E+00
    8100   1.0000000000E+00
    8101   1.0000000000E+00
    8102   1.0000000000E+00
    8103   1.0000000000E+00
    8104   1.0000000000E+00
    8105   1.0000000000E+00
    8106   1.0000000000E+00
    8107   1.0000000000E+00
    8108   1.0000000000E+00
    8109   1.0000000000E+00
    8110   1.0000000000E+00
    8111   1.0000000000E+00
    8112   1.0000000000E+00
    8113   1.0000000000E+00
    8114   1.0000000000E+00
    8115   1.0000000000E+00
    8116   1.0000000000E+00
    8117   1.0000000000E+00
    8118   1.0000000000E+00
    8119   1.0000000000E+00
    8120   1.0000000000E+00
    8121   1.0000000000E+00
    8122   1.0000000000E+00
    8123   1.0000000000E+00
    8124   1.0000000000E+00
    8125   1.0000000000E+00
    8126   1.0000000000E+00
    8127   1.0000000000E+00
    8128   1.0000000000E+00
    8129   1.0000000000E+00
    8130   1.0000000000E+00
    8131   1.0000000000E+00
    8132   1.0000000000E+00
    8133   1.0000000000E+00
    8134   1.0000000000E+00
    8135   1.0000000000E+00
    8136   1.0000000000E+00
    8137   1.0000000000E+00
    8138   1.0000000000E+00
    8139   1.0000000000E+00
    8140   1.0000000000E+00
    8141   1.0000000000E+00
    8142   1.0000000000E+00
    8143   1.0000000000E+00
    8144   1.0000000000E+00
    8145   1.0000000000E+00
    8146   1.0000000000E+00
    8147   1.0000000000E+00
    8148   1.0000000000E+00
    8149   1.0000000000E+00
    8150   1.0000000000E+00
    8151   1.0000000000E+00
    8152   1.0000000000E+00
    8153   1.0000000000E+00
    8154   1.0000000000E+00
    8155   1.0000000000E+00
    8156   1.0000000000E+00
    8157   1.0000000000E+00
    8158   1.0000000000E+00
    8159   1.0000000000E+00
    8160   1.0000000000E+00
    8161   1.0000000000E+00
    8162   1.0000000000E+00
    8163   1.0000000000E+00
    8164   1.0000000000E+00
    8165   1.0000000000E+00
    8166   1.0000000000E+00
    8167   1.0000000000E+00
    8168   1.0000000000E+00
    8169   1.0000000000E+00
    8170   1.0000000000E+00
    8171   1.0000000000E+00
    8172   1.0000000000E+00
    8173   1.0000000000E+00
    8174   1.0000000000E+00
    8175   1.0000000000E+00
    8176   1.0000000000E+00
    8177   1.0000000000E+00
    8178   1.0000000000E+00
    8179   1.0000000000E+00
    8180   1.0000000000E+00
    8181   1.0000000000E+00
    8182   1.0000000000E+00
    8183   1.0000000000E+00
    8184   1.0000000000E+00
    8185   1.0000000000E+00
    8186   1.0000000000E+00
    8187   1.0000000000E+00
    8188   1.0000000000E+00
    8189   1.0000000000E+00
    8190   1.0000000000E+00
    8191   1.0000000000E+00
    8192   1.0000000000E+00
    8193   1.0000000000E+00
    8194   1.0000000000E+00
    8195   1.0000000000E+00
    8196   1.0000000000E+00
    8197   1.0000000000E+00
    8198   1.0000000000E+00
    8199   1.0000000000E+00
    8200   1.0000000000E+00
    8201   1.0000000000E+00
    8202   1.0000000000E+00
    8203   1.0000000000E+00
    8204   1.0000000000E+00
    8205   1.0000000000E+00
    8206   1.0000000000E+00
    8207   1.0000000000E+00
    8208   1.0000000000E+00
    8209   1.0000000000E+00
    8210   1.0000000000E+00
    8211   1.0000000000E+00
    8212   1.0000000000E+00
    8213   1.0000000000E+00
    8214   1.0000000000E+00
    8215   1.0000000000E+00
    8216   1.0000000000E+00
    8217   1.0000000000E+00
    8218   1.0000000000E+00
    8219   1.0000000000E+00
    8220   1.0000000000E+00
    8221   1.0000000000E+00
    8222   1.0000000000E+00
    8223   1.0000000000E+00
    8224   1.0000000000E+00
    8225   1.0000000000E+00
    8226   1.0000000000E+00
    8227   1.0000000000E+00
    8228   1.0000000000E+00
    8229   1.0000000000E+00
    8230   1.0000000000E+00
    8231   1.0000000000E+00
    8232   1.0000000000E+00
    8233   1.0000000000E+00
    8234   1.0000000000E+00
    8235   1.0000000000E+00
    8236   1.0000000000E+00
    8237   1.0000000000E+00
    8238   1.0000000000E+00
    8239   1.0000000000E+00
    8240   1.0000000000E+00
    8241   1.0000000000E+00
    8242   1.0000000000E+00
    8243   1.0000000000E+00
    8244   1.0000000000E+00
    8245   1.0000000000E+00
    8246   1.0000000000E+00
    8247   1.0000000000E+00
    8248   1.0000000000E+00
    8249   1.0000000000E+00
    8250   1.0000000000E+00
    8251   1.0000000000E+00
    8252   1.0000000000E+00
    8253   1.0000000000E+00
    8254   1.0000000000E+00
    8255   1.0000000000E+00
    8256   1.0000000000E+00
    8257   1.0000000000E+00
    8258   1.0000000000E+00
    8259   1.0000000000E+00
    8260   1.0000000000E+00
    8261   1.0000000000E+00
    8262   1.0000000000E+00
    8263   1.0000000000E+00
    8264   1.0000000000E+00
    8265   1.0000000000E+00
    8266   1.0000000000E+00
    8267   1.0000000000E+00
    8268   1.0000000000E+00
    8269   1.0000000000E+00
    8270   1.0000000000E+00
    8271   1.0000000000E+00
    8272   1.0000000000E+00
    8273   1.0000000000E+00
    8274   1.0000000000E+00
    8275   1.0000000000E+00
    8276   1.0000000000E+00
    8277   1.0000000000E+00
    8278   1.0000000000E+00
    8279   1.0000000000E+00
    8280   1.0000000000E+00
    8281   1.0000000000E+00
    8282   1.0000000000E+00
    8283   1.0000000000E+00
    8284   1.0000000000E+00
    8285   1.0000000000E+00
    8286   1.0000000000E+00
    8287   1.0000000000E+00
    8288   1.0000000000E+00
    8289   1.0000000000E+00
    8290   1.0000000000E+00
    8291   1.0000000000E+00
    8292   1.0000000000E+00
    8293   1.0000000000E+00
    8294   1.0000000000E+00
    8295   1.0000000000E+00
    8296   1.0000000000E+00
    8297   1.0000000000E+00
    8298   1.0000000000E+00
    8299   1.0000000000E+00
    8300   1.0000000000E+00
    8301   1.0000000000E+00
    8302   1.0000000000E+00
    8303   1.0000000000E+00
    8304   1.0000000000E+00
    8305   1.0000000000E+00
    8306   1.0000000000E+00
    8307   1.0000000000E+00
    8308   1.0000000000E+00
    8309   1.0000000000E+00
    8310   1.0000000000E+00
    8311   1.0000000000E+00
    8312   1.0000000000E+00
    8313   1.0000000000E+00
    8314   1.0000000000E+00
    8315   1.0000000000E+00
    8316   1.0000000000E+00
    8317   1.0000000000E+00
    8318   1.0000000000E+00
    8319   1.0000000000E+00
    8320   1.0000000000E+00
    8321   1.0000000000E+00
    8322   1.0000000000E+00
    8323   1.0000000000E+00
    8324   1.0000000000E+00
    8325   1.0000000000E+00
    8326   1.0000000000E+00
    8327   1.0000000000E+00
    8328   1.0000000000E+00
    8329   1.0000000000E+00
    8330   1.0000000000E+00
    8331   1.0000000000E+00
    8332   1.0000000000E+00
    8333   1.0000000000E+00
    8334   1.0000000000E+00
    8335   1.0000000000E+00
    8336   1.0000000000E+00
    8337   1.0000000000E+00
    8338   1.0000000000E+00
    8339   1.0000000000E+00
    8340   1.0000000000E+00
    8341   1.0000000000E+00
    8342   1.0000000000E+00
    8343   1.0000000000E+00
    8344   1.0000000000E+00
    8345   1.0000000000E+00
    8346   1.0000000000E+00
    8347   1.0000000000E+00
    8348   1.0000000000E+00
    8349   1.0000000000E+00
    8350   1.0000000000E+00
    8351   1.0000000000E+00
    8352   1.0000000000E+00
    8353   1.0000000000E+00
    8354   1.0000000000E+00
    8355   1.0000000000E+00
    8356   1.0000000000E+00
    8357   1.0000000000E+00
    8358   1.0000000000E+00
    8359   1.0000000000E+00
    8360   1.0000000000E+00
    8361   1.0000000000E+00
    8362   1.0000000000E+00
    8363   1.0000000000E+00
    8364   1.0000000000E+00
    8365   1.0000000000E+00
    8366   1.0000000000E+00
    8367   1.0000000000E+00
    8368   1.0000000000E+00
    8369   1.0000000000E+00
    8370   1.0000000000E+00
    8371   1.0000000000E+00
    8372   1.0000000000E+00
    8373   1.0000000000E+00
    8374   1.0000000000E+00
    8375   1.0000000000E+00
    8376   1.0000000000E+00
    8377   1.0000000000E+00
    8378   1.0000000000E+00
    8379   1.0000000000E+00
    8380   1.0000000000E+00
    8381   1.0000000000E+00
    8382   1.0000000000E+00
    8383   1.0000000000E+00
    8384   1.0000000000E+00
    8385   1.0000000000E+00
    8386   1.0000000000E+00
    8387   1.0000000000E+00
    8388   1.0000000000E+00
    8389   1.0000000000E+00
    8390   1.0000000000E+00
    8391   1.0000000000E+00
    8392   1.0000000000E+00
    8393   1.0000000000E+00
    8394   1.0000000000E+00
    8395   1.0000000000E+00
    8396   1.0000000000E+00
    8397   1.0000000000E+00
    8398   1.0000000000E+00
    8399   1.0000000000E+00
    8400   1.0000000000E+00
    8401   1.0000000000E+00
    8402   1.0000000000E+00
    8403   1.0000000000E+00
    8404   1.0000000000E+00
    8405   1.0000000000E+00
    8406   1.0000000000E+00
    8407   1.0000000000E+00
    8408   1.0000000000E+00
    8409   1.0000000000E+00
    8410   1.0000000000E+00
    8411   1.0000000000E+00
    8412   1.0000000000E+00
    8413   1.0000000000E+00
    8414   1.0000000000E+00
    8415   1.0000000000E+00
    8416   1.0000000000E+00
    8417   1.0000000000E+00
    8418   1.0000000000E+00
    8419   1.0000000000E+00
    8420   1.0000000000E+00
    8421   1.0000000000E+00
    8422   1.0000000000E+00
    8423   1.0000000000E+00
    8424   1.0000000000E+00
    8425   1.0000000000E+00
    8426   1.0000000000E+00
    8427   1.0000000000E+00
    8428   1.0000000000E+00
    8429   1.0000000000E+00
    8430   1.0000000000E+00
    8431   1.0000000000E+00
    8432   1.0000000000E+00
    8433   1.0000000000E+00
    8434   1.0000000000E+00
    8435   1.0000000000E+00
    8436   1.0000000000E+00
    8437   1.0000000000E+00
    8438   1.0000000000E+00
    8439   1.0000000000E+00
    8440   1.0000000000E+00
    8441   1.0000000000E+00
    8442   1.0000000000E+00
    8443   1.0000000000E+00
    8444   1.0000000000E+00
    8445   1.0000000000E+00
    8446   1.0000000000E+00
    8447   1.0000000000E+00
    8448   1.0000000000E+00
    8449   1.0000000000E+00
    8450   1.0000000000E+00
    8451   1.0000000000E+00
    8452   1.0000000000E+00
    8453   1.0000000000E+00
    8454   1.0000000000E+00
    8455   1.0000000000E+00
    8456   1.0000000000E+00
    8457   1.0000000000E+00
    8458   1.0000000000E+00
    8459   1.0000000000E+00
    8460   1.0000000000E+00
    8461   1.0000000000E+00
    8462   1.0000000000E+00
    8463   1.0000000000E+00
    8464   1.0000000000E+00
    8465   1.0000000000E+00
    8466   1.0000000000E+00
    8467   1.0000000000E+00
    8468   1.0000000000E+00
    8469   1.0000000000E+00
    8470   1.0000000000E+00
    8471   1.0000000000E+00
    8472   1.0000000000E+00
    8473   1.0000000000E+00
    8474   1.0000000000E+00
    8475   1.0000000000E+00
    8476   1.0000000000E+00
    8477   1.0000000000E+00
    8478   1.0000000000E+00
    8479   1.0000000000E+00
    8480   1.0000000000E+00
    8481   1.0000000000E+00
    8482   1.0000000000E+00
    8483   1.0000000000E+00
    8484   1.0000000000E+00
    8485   1.0000000000E+00
    8486   1.0000000000E+00
    8487   1.0000000000E+00
    8488   1.0000000000E+00
    8489   1.0000000000E+00
    8490   1.0000000000E+00
    8491   1.0000000000E+00
    8492   1.0000000000E+00
    8493   1.0000000000E+00
    8494   1.0000000000E+00
    8495   1.0000000000E+00
    8496   1.0000000000E+00
    8497   1.0000000000E+00
    8498   1.0000000000E+00
    8499   1.0000000000E+00
    8500   1.0000000000E+00
    8501   1.0000000000E+00
    8502   1.0000000000E+00
    8503   1.0000000000E+00
    8504   1.0000000000E+00
    8505   1.0000000000E+00
    8506   1.0000000000E+00
    8507   1.0000000000E+00
    8508   1.0000000000E+00
    8509   1.0000000000E+00
    8510   1.0000000000E+00
    8511   1.0000000000E+00
    8512   1.0000000000E+00
    8513   1.0000000000E+00
    8514   1.0000000000E+00
    8515   1.0000000000E+00
    8516   1.0000000000E+00
    8517   1.0000000000E+00
    8518   1.0000000000E+00
    8519   1.0000000000E+00
    8520   1.0000000000E+00
    8521   1.0000000000E+00
    8522   1.0000000000E+00
    8523   1.0000000000E+00
    8524   1.0000000000E+00
    8525   1.0000000000E+00
    8526   1.0000000000E+00
    8527   1.0000000000E+00
    8528   1.0000000000E+00
    8529   1.0000000000E+00
    8530   1.0000000000E+00
    8531   1.0000000000E+00
    8532   1.0000000000E+00
    8533   1.0000000000E+00
    8534   1.0000000000E+00
    8535   1.0000000000E+00
    8536   1.0000000000E+00
    8537   1.0000000000E+00
    8538   1.0000000000E+00
    8539   1.0000000000E+00
    8540   1.0000000000E+00
    8541   1.0000000000E+00
    8542   1.0000000000E+00
    8543   1.0000000000E+00
    8544   1.0000000000E+00
    8545   1.0000000000E+00
    8546   1.0000000000E+00
    8547   1.0000000000E+00
    8548   1.0000000000E+00
    8549   1.0000000000E+00
    8550   1.0000000000E+00
    8551   1.0000000000E+00
    8552   1.0000000000E+00
    8553   1.0000000000E+00
    8554   1.0000000000E+00
    8555   1.0000000000E+00
    8556   1.0000000000E+00
    8557   1.0000000000E+00
    8558   1.0000000000E+00
    8559   1.0000000000E+00
    8560   1.0000000000E+00
    8561   1.0000000000E+00
    8562   1.0000000000E+00
    8563   1.0000000000E+00
    8564   1.0000000000E+00
    8565   1.0000000000E+00
    8566   1.0000000000E+00
    8567   1.0000000000E+00
    8568   1.0000000000E+00
    8569   1.0000000000E+00
    8570   1.0000000000E+00
    8571   1.0000000000E+00
    8572   1.0000000000E+00
    8573   1.0000000000E+00
    8574   1.0000000000E+00
    8575   1.0000000000E+00
    8576   1.0000000000E+00
    8577   1.0000000000E+00
    8578   1.0000000000E+00
    8579   1.0000000000E+00
    8580   1.0000000000E+00
    8581   1.0000000000E+00
    8582   1.0000000000E+00
    8583   1.0000000000E+00
    8584   1.0000000000E+00
    8585   1.0000000000E+00
    8586   1.0000000000E+00
    8587   1.0000000000E+00
    8588   1.0000000000E+00
    8589   1.0000000000E+00
    8590   1.0000000000E+00
    8591   1.0000000000E+00
    8592   1.0000000000E+00
    8593   1.0000000000E+00
    8594   1.0000000000E+00
    8595   1.0000000000E+00
    8596   1.0000000000E+00
    8597   1.0000000000E+00
    8598   1.0000000000E+00
    8599   1.0000000000E+00
    8600   1.0000000000E+00
    8601   1.0000000000E+00
    8602   1.0000000000E+00
    8603   1.0000000000E+00
    8604   1.0000000000E+00
    8605   1.0000000000E+00
    8606   1.0000000000E+00
    8607   1.0000000000E+00
    8608   1.0000000000E+00
    8609   1.0000000000E+00
    8610   1.0000000000E+00
    8611   1.0000000000E+00
    8612   1.0000000000E+00
    8613   1.0000000000E+00
    8614   1.0000000000E+00
    8615   1.0000000000E+00
    8616   1.0000000000E+00
    8617   1.0000000000E+00
    8618   1.0000000000E+00
    8619   1.0000000000E+00
    8620   1.0000000000E+00
    8621   1.0000000000E+00
    8622   1.0000000000E+00
    8623   1.0000000000E+00
    8624   1.0000000000E+00
    8625   1.0000000000E+00
    8626   1.0000000000E+00
    8627   1.0000000000E+00
    8628   1.0000000000E+00
    8629   1.0000000000E+00
    8630   1.0000000000E+00
    8631   1.0000000000E+00
    8632   1.0000000000E+00
    8633   1.0000000000E+00
    8634   1.0000000000E+00
    8635   1.0000000000E+00
    8636   1.0000000000E+00
    8637   1.0000000000E+00
    8638   1.0000000000E+00
    8639   1.0000000000E+00
    8640   1.0000000000E+00
    8641   1.0000000000E+00
    8642   1.0000000000E+00
    8643   1.0000000000E+00
    8644   1.0000000000E+00
    8645   1.0000000000E+00
    8646   1.0000000000E+00
    8647   1.0000000000E+00
    8648   1.0000000000E+00
    8649   1.0000000000E+00
    8650   1.0000000000E+00
    8651   1.0000000000E+00
    8652   1.0000000000E+00
    8653   1.0000000000E+00
    8654   1.0000000000E+00
    8655   1.0000000000E+00
    8656   1.0000000000E+00
    8657   1.0000000000E+00
    8658   1.0000000000E+00
    8659   1.0000000000E+00
    8660   1.0000000000E+00
    8661   1.0000000000E+00
    8662   1.0000000000E+00
    8663   1.0000000000E+00
    8664   1.0000000000E+00
    8665   1.0000000000E+00
    8666   1.0000000000E+00
    8667   1.0000000000E+00
    8668   1.0000000000E+00
    8669   1.0000000000E+00
    8670   1.0000000000E+00
    8671   1.0000000000E+00
    8672   1.0000000000E+00
    8673   1.0000000000E+00
    8674   1.0000000000E+00
    8675   1.0000000000E+00
    8676   1.0000000000E+00
    8677   1.0000000000E+00
    8678   1.0000000000E+00
    8679   1.0000000000E+00
    8680   1.0000000000E+00
    8681   1.0000000000E+00
    8682   1.0000000000E+00
    8683   1.0000000000E+00
    8684   1.0000000000E+00
    8685   1.0000000000E+00
    8686   1.0000000000E+00
    8687   1.0000000000E+00
    8688   1.0000000000E+00
    8689   1.0000000000E+00
    8690   1.0000000000E+00
    8691   1.0000000000E+00
    8692   1.0000000000E+00
    8693   1.0000000000E+00
    8694   1.0000000000E+00
    8695   1.0000000000E+00
    8696   1.0000000000E+00
    8697   1.0000000000E+00
    8698   1.0000000000E+00
    8699   1.0000000000E+00
    8700   1.0000000000E+00
    8701   1.0000000000E+00
    8702   1.0000000000E+00
    8703   1.0000000000E+00
    8704   1.0000000000E+00
    8705   1.0000000000E+00
    8706   1.0000000000E+00
    8707   1.0000000000E+00
    8708   1.0000000000E+00
    8709   1.0000000000E+00
    8710   1.0000000000E+00
    8711   1.0000000000E+00
    8712   1.0000000000E+00
    8713   1.0000000000E+00
    8714   1.0000000000E+00
    8715   1.0000000000E+00
    8716   1.0000000000E+00
    8717   1.0000000000E+00
    8718   1.0000000000E+00
    8719   1.0000000000E+00
    8720   1.0000000000E+00
    8721   1.0000000000E+00
    8722   1.0000000000E+00
    8723   1.0000000000E+00
    8724   1.0000000000E+00
    8725   1.0000000000E+00
    8726   1.0000000000E+00
    8727   1.0000000000E+00
    8728   1.0000000000E+00
    8729   1.0000000000E+00
    8730   1.0000000000E+00
    8731   1.0000000000E+00
    8732   1.0000000000E+00
    8733   1.0000000000E+00
    8734   1.0000000000E+00
    8735   1.0000000000E+00
    8736   1.0000000000E+00
    8737   1.0000000000E+00
    8738   1.0000000000E+00
    8739   1.0000000000E+00
    8740   1.0000000000E+00
    8741   1.0000000000E+00
    8742   1.0000000000E+00
    8743   1.0000000000E+00
    8744   1.0000000000E+00
    8745   1.0000000000E+00
    8746   1.0000000000E+00
    8747   1.0000000000E+00
    8748   1.0000000000E+00
    8749   1.0000000000E+00
    8750   1.0000000000E+00
    8751   1.0000000000E+00
    8752   1.0000000000E+00
    8753   1.0000000000E+00
    8754   1.0000000000E+00
    8755   1.0000000000E+00
    8756   1.0000000000E+00
    8757   1.0000000000E+00
    8758   1.0000000000E+00
    8759   1.0000000000E+00
    8760   1.0000000000E+00
    8761   1.0000000000E+00
    8762   1.0000000000E+00
    8763   1.0000000000E+00
    8764   1.0000000000E+00
    8765   1.0000000000E+00
    8766   1.0000000000E+00
    8767   1.0000000000E+00
    8768   1.0000000000E+00
    8769   1.0000000000E+00
    8770   1.0000000000E+00
    8771   1.0000000000E+00
    8772   1.0000000000E+00
    8773   1.0000000000E+00
    8774   1.0000000000E+00
    8775   1.0000000000E+00
    8776   1.0000000000E+00
    8777   1.0000000000E+00
    8778   1.0000000000E+00
    8779   1.0000000000E+00
    8780   1.0000000000E+00
    8781   1.0000000000E+00
    8782   1.0000000000E+00
    8783   1.0000000000E+00
    8784   1.0000000000E+00
    8785   1.0000000000E+00
    8786   1.0000000000E+00
    8787   1.0000000000E+00
    8788   1.0000000000E+00
    8789   1.0000000000E+00
    8790   1.0000000000E+00
    8791   1.0000000000E+00
    8792   1.0000000000E+00
    8793   1.0000000000E+00
    8794   1.0000000000E+00
    8795   1.0000000000E+00
    8796   1.0000000000E+00
    8797   1.0000000000E+00
    8798   1.0000000000E+00
    8799   1.0000000000E+00
    8800   1.0000000000E+00
    8801   1.0000000000E+00
    8802   1.0000000000E+00
    8803   1.0000000000E+00
    8804   1.0000000000E+00
    8805   1.0000000000E+00
    8806   1.0000000000E+00
    8807   1.0000000000E+00
    8808   1.0000000000E+00
    8809   1.0000000000E+00
    8810   1.0000000000E+00
    8811   1.0000000000E+00
    8812   1.0000000000E+00
    8813   1.0000000000E+00
    8814   1.0000000000E+00
    8815   1.0000000000E+00
    8816   1.0000000000E+00
    8817   1.0000000000E+00
    8818   1.0000000000E+00
    8819   1.0000000000E+00
    8820   1.0000000000E+00
    8821   1.0000000000E+00
    8822   1.0000000000E+00
    8823   1.0000000000E+00
    8824   1.0000000000E+00
    8825   1.0000000000E+00
    8826   1.0000000000E+00
    8827   1.0000000000E+00
    8828   1.0000000000E+00
    8829   1.0000000000E+00
    8830   1.0000000000E+00
    8831   1.0000000000E+00
    8832   1.0000000000E+00
    8833   1.0000000000E+00
    8834   1.0000000000E+00
    8835   1.0000000000E+00
    8836   1.0000000000E+00
    8837   1.0000000000E+00
    8838   1.0000000000E+00
    8839   1.0000000000E+00
    8840   1.0000000000E+00
    8841   1.0000000000E+00
    8842   1.0000000000E+00
    8843   1.0000000000E+00
    8844   1.0000000000E+00
    8845   1.0000000000E+00
    8846   1.0000000000E+00
    8847   1.0000000000E+00
    8848   1.0000000000E+00
    8849   1.0000000000E+00
    8850   1.0000000000E+00
    8851   1.0000000000E+00
    8852   1.0000000000E+00
    8853   1.0000000000E+00
    8854   1.0000000000E+00
    8855   1.0000000000E+00
    8856   1.0000000000E+00
    8857   1.0000000000E+00
    8858   1.0000000000E+00
    8859   1.0000000000E+00
    8860   1.0000000000E+00
    8861   1.0000000000E+00
    8862   1.0000000000E+00
    8863   1.0000000000E+00
    8864   1.0000000000E+00
    8865   1.0000000000E+00
    8866   1.0000000000E+00
    8867   1.0000000000E+00
    8868   1.0000000000E+00
    8869   1.0000000000E+00
    8870   1.0000000000E+00
    8871   1.0000000000E+00
    8872   1.0000000000E+00
    8873   1.0000000000E+00
    8874   1.0000000000E+00
    8875   1.0000000000E+00
    8876   1.0000000000E+00
    8877   1.0000000000E+00
    8878   1.0000000000E+00
    8879   1.0000000000E+00
    8880   1.0000000000E+00
    8881   1.0000000000E+00
    8882   1.0000000000E+00
    8883   1.0000000000E+00
    8884   1.0000000000E+00
    8885   1.0000000000E+00
    8886   1.0000000000E+00
    8887   1.0000000000E+00
    8888   1.0000000000E+00
    8889   1.0000000000E+00
    8890   1.0000000000E+00
    8891   1.0000000000E+00
    8892   1.0000000000E+00
    8893   1.0000000000E+00
    8894   1.0000000000E+00
    8895   1.0000000000E+00
    8896   1.0000000000E+00
    8897   1.0000000000E+00
    8898   1.0000000000E+00
    8899   1.0000000000E+00
    8900   1.0000000000E+00
    8901   1.0000000000E+00
    8902   1.0000000000E+00
    8903   1.0000000000E+00
    8904   1.0000000000E+00
    8905   1.0000000000E+00
    8906   1.0000000000E+00
    8907   1.0000000000E+00
    8908   1.0000000000E+00
    8909   1.0000000000E+00
    8910   1.0000000000E+00
    8911   1.0000000000E+00
    8912   1.0000000000E+00
    8913   1.0000000000E+00
    8914   1.0000000000E+00
    8915   1.0000000000E+00
    8916   1.0000000000E+00
    8917   1.0000000000E+00
    8918   1.0000000000E+00
    8919   1.0000000000E+00
    8920   1.0000000000E+00
    8921   1.0000000000E+00
    8922   1.0000000000E+00
    8923   1.0000000000E+00
    8924   1.0000000000E+00
    8925   1.0000000000E+00
    8926   1.0000000000E+00
    8927   1.0000000000E+00
    8928   1.0000000000E+00
    8929   1.0000000000E+00
    8930   1.0000000000E+00
    8931   1.0000000000E+00
    8932   1.0000000000E+00
    8933   1.0000000000E+00
    8934   1.0000000000E+00
    8935   1.0000000000E+00
    8936   1.0000000000E+00
    8937   1.0000000000E+00
    8938   1.0000000000E+00
    8939   1.0000000000E+00
    8940   1.0000000000E+00
    8941   1.0000000000E+00
    8942   1.0000000000E+00
    8943   1.0000000000E+00
    8944   1.0000000000E+00
    8945   1.0000000000E+00
    8946   1.0000000000E+00
    8947   1.0000000000E+00
    8948   1.0000000000E+00
    8949   1.0000000000E+00
    8950   1.0000000000E+00
    8951   1.0000000000E+00
    8952   1.0000000000E+00
    8953   1.0000000000E+00
    8954   1.0000000000E+00
    8955   1.0000000000E+00
    8956   1.0000000000E+00
    8957   1.0000000000E+00
    8958   1.0000000000E+00
    8959   1.0000000000E+00
    8960   1.0000000000E+00
    8961   1.0000000000E+00
    8962   1.0000000000E+00
    8963   1.0000000000E+00
    8964   1.0000000000E+00
    8965   1.0000000000E+00
    8966   1.0000000000E+00
    8967   1.0000000000E+00
    8968   1.0000000000E+00
    8969   1.0000000000E+00
    8970   1.0000000000E+00
    8971   1.0000000000E+00
    8972   1.0000000000E+00
    8973   1.0000000000E+00
    8974   1.0000000000E+00
    8975   1.0000000000E+00
    8976   1.0000000000E+00
    8977   1.0000000000E+00
    8978   1.0000000000E+00
    8979   1.0000000000E+00
    8980   1.0000000000E+00
    8981   1.0000000000E+00
    8982   1.0000000000E+00
    8983   1.0000000000E+00
    8984   1.0000000000E+00
    8985   1.0000000000E+00
    8986   1.0000000000E+00
    8987   1.0000000000E+00
    8988   1.0000000000E+00
    8989   1.0000000000E+00
    8990   1.0000000000E+00
    8991   1.0000000000E+00
    8992   1.0000000000E+00
    8993   1.0000000000E+00
    8994   1.0000000000E+00
    8995   1.0000000000E+00
    8996   1.0000000000E+00
    8997   1.0000000000E+00
    8998   1.0000000000E+00
    8999   1.0000000000E+00
    9000   1.0000000000E+00
    9001   1.0000000000E+00
    9002   1.0000000000E+00
    9003   1.0000000000E+00
    9004   1.0000000000E+00
    9005   1.0000000000E+00
    9006   1.0000000000E+00
    9007   1.0000000000E+00
    9008   1.0000000000E+00
    9009   1.0000000000E+00
    9010   1.0000000000E+00
    9011   1.0000000000E+00
    9012   1.0000000000E+00
    9013   1.0000000000E+00
    9014   1.0000000000E+00
    9015   1.0000000000E+00
    9016   1.0000000000E+00
    9017   1.0000000000E+00
    9018   1.0000000000E+00
    9019   1.0000000000E+00
    9020   1.0000000000E+00
    9021   1.0000000000E+00
    9022   1.0000000000E+00
    9023   1.0000000000E+00
    9024   1.0000000000E+00
    9025   1.0000000000E+00
    9026   1.0000000000E+00
    9027   1.0000000000E+00
    9028   1.0000000000E+00
    9029   1.0000000000E+00
    9030   1.0000000000E+00
    9031   1.0000000000E+00
    9032   1.0000000000E+00
    9033   1.0000000000E+00
    9034   1.0000000000E+00
    9035   1.0000000000E+00
    9036   1.0000000000E+00
    9037   1.0000000000E+00
    9038   1.0000000000E+00
    9039   1.0000000000E+00
    9040   1.0000000000E+00
    9041   1.0000000000E+00
    9042   1.0000000000E+00
    9043   1.0000000000E+00
    9044   1.0000000000E+00
    9045   1.0000000000E+00
    9046   1.0000000000E+00
    9047   1.0000000000E+00
    9048   1.0000000000E+00
    9049   1.0000000000E+00
    9050   1.0000000000E+00
    9051   1.0000000000E+00
    9052   1.0000000000E+00
    9053   1.0000000000E+00
    9054   1.0000000000E+00
    9055   1.0000000000E+00
    9056   1.0000000000E+00
    9057   1.0000000000E+00
    9058   1.0000000000E+00
    9059   1.0000000000E+00
    9060   1.0000000000E+00
    9061   1.0000000000E+00
    9062   1.0000000000E+00
    9063   1.0000000000E+00
    9064   1.0000000000E+00
    9065   1.0000000000E+00
    9066   1.0000000000E+00
    9067   1.0000000000E+00
    9068   1.0000000000E+00
    9069   1.0000000000E+00
    9070   1.0000000000E+00
    9071   1.0000000000E+00
    9072   1.0000000000E+00
    9073   1.0000000000E+00
    9074   1.0000000000E+00
    9075   1.0000000000E+00
    9076   1.0000000000E+00
    9077   1.0000000000E+00
    9078   1.0000000000E+00
    9079   1.0000000000E+00
    9080   1.0000000000E+00
    9081   1.0000000000E+00
    9082   1.0000000000E+00
    9083   1.0000000000E+00
    9084   1.0000000000E+00
    9085   1.0000000000E+00
    9086   1.0000000000E+00
    9087   1.0000000000E+00
    9088   1.0000000000E+00
    9089   1.0000000000E+00
    9090   1.0000000000E+00
    9091   1.0000000000E+00
    9092   1.0000000000E+00
    9093   1.0000000000E+00
    9094   1.0000000000E+00
    9095   1.0000000000E+00
    9096   1.0000000000E+00
    9097   1.0000000000E+00
    9098   1.0000000000E+00
    9099   1.0000000000E+00
    9100   1.0000000000E+00
    9101   1.0000000000E+00
    9102   1.0000000000E+00
    9103   1.0000000000E+00
    9104   1.0000000000E+00
    9105   1.0000000000E+00
    9106   1.0000000000E+00
    9107   1.0000000000E+00
    9108   1.0000000000E+00
    9109   1.0000000000E+00
    9110   1.0000000000E+00
    9111   1.0000000000E+00
    9112   1.0000000000E+00
    9113   1.0000000000E+00
    9114   1.0000000000E+00
    9115   1.0000000000E+00
    9116   1.0000000000E+00
    9117   1.0000000000E+00
    9118   1.0000000000E+00
    9119   1.0000000000E+00
    9120   1.0000000000E+00
    9121   1.0000000000E+00
    9122   1.0000000000E+00
    9123   1.0000000000E+00
    9124   1.0000000000E+00
    9125   1.0000000000E+00
    9126   1.0000000000E+00
    9127   1.0000000000E+00
    9128   1.0000000000E+00
    9129   1.0000000000E+00
    9130   1.0000000000E+00
    9131   1.0000000000E+00
    9132   1.0000000000E+00
    9133   1.0000000000E+00
    9134   1.0000000000E+00
    9135   1.0000000000E+00
    9136   1.0000000000E+00
    9137   1.0000000000E+00
    9138   1.0000000000E+00
    9139   1.0000000000E+00
    9140   1.0000000000E+00
    9141   1.0000000000E+00
    9142   1.0000000000E+00
    9143   1.0000000000E+00
    9144   1.0000000000E+00
    9145   1.0000000000E+00
    9146   1.0000000000E+00
    9147   1.0000000000E+00
    9148   1.0000000000E+00
    9149   1.0000000000E+00
    9150   1.0000000000E+00
    9151   1.0000000000E+00
    9152   1.0000000000E+00
    9153   1.0000000000E+00
    9154   1.0000000000E+00
    9155   1.0000000000E+00
    9156   1.0000000000E+00
    9157   1.0000000000E+00
    9158   1.0000000000E+00
    9159   1.0000000000E+00
    9160   1.0000000000E+00
    9161   1.0000000000E+00
    9162   1.0000000000E+00
    9163   1.0000000000E+00
    9164   1.0000000000E+00
    9165   1.0000000000E+00
    9166   1.0000000000E+00
    9167   1.0000000000E+00
    9168   1.0000000000E+00
    9169   1.0000000000E+00
    9170   1.0000000000E+00
    9171   1.0000000000E+00
    9172   1.0000000000E+00
    9173   1.0000000000E+00
    9174   1.0000000000E+00
    9175   1.0000000000E+00
    9176   1.0000000000E+00
    9177   1.0000000000E+00
    9178   1.0000000000E+00
    9179   1.0000000000E+00
    9180   1.0000000000E+00
    9181   1.0000000000E+00
    9182   1.0000000000E+00
    9183   1.0000000000E+00
    9184   1.0000000000E+00
    9185   1.0000000000E+00
    9186   1.0000000000E+00
    9187   1.0000000000E+00
    9188   1.0000000000E+00
    9189   1.0000000000E+00
    9190   1.0000000000E+00
    9191   1.0000000000E+00
    9192   1.0000000000E+00
    9193   1.0000000000E+00
    9194   1.0000000000E+00
    9195   1.0000000000E+00
    9196   1.0000000000E+00
    9197   1.0000000000E+00
    9198   1.0000000000E+00
    9199   1.0000000000E+00
    9200   1.0000000000E+00
    9201   1.0000000000E+00
    9202   1.0000000000E+00
    9203   1.0000000000E+00
    9204   1.0000000000E+00
    9205   1.0000000000E+00
    9206   1.0000000000E+00
    9207   1.0000000000E+00
    9208   1.0000000000E+00
    9209   1.0000000000E+00
    9210   1.0000000000E+00
    9211   1.0000000000E+00
    9212   1.0000000000E+00
    9213   1.0000000000E+00
    9214   1.0000000000E+00
    9215   1.0000000000E+00
    9216   1.0000000000E+00
    9217   1.0000000000E+00
    9218   1.0000000000E+00
    9219   1.0000000000E+00
    9220   1.0000000000E+00
    9221   1.0000000000E+00
    9222   1.0000000000E+00
    9223   1.0000000000E+00
    9224   1.0000000000E+00
    9225   1.0000000000E+00
    9226   1.0000000000E+00
    9227   1.0000000000E+00
    9228   1.0000000000E+00
    9229   1.0000000000E+00
    9230   1.0000000000E+00
    9231   1.0000000000E+00
    9232   1.0000000000E+00
    9233   1.0000000000E+00
    9234   1.0000000000E+00
    9235   1.0000000000E+00
    9236   1.0000000000E+00
    9237   1.0000000000E+00
    9238   1.0000000000E+00
    9239   1.0000000000E+00
    9240   1.0000000000E+00
    9241   1.0000000000E+00
    9242   1.0000000000E+00
    9243   1.0000000000E+00
    9244   1.0000000000E+00
    9245   1.0000000000E+00
    9246   1.0000000000E+00
    9247   1.0000000000E+00
    9248   1.0000000000E+00
    9249   1.0000000000E+00
    9250   1.0000000000E+00
    9251   1.0000000000E+00
    9252   1.0000000000E+00
    9253   1.0000000000E+00
    9254   1.0000000000E+00
    9255   1.0000000000E+00
    9256   1.0000000000E+00
    9257   1.0000000000E+00
    9258   1.0000000000E+00
    9259   1.0000000000E+00
    9260   1.0000000000E+00
    9261   1.0000000000E+00
    9262   1.0000000000E+00
    9263   1.0000000000E+00
    9264   1.0000000000E+00
    9265   1.0000000000E+00
    9266   1.0000000000E+00
    9267   1.0000000000E+00
    9268   1.0000000000E+00
    9269   1.0000000000E+00
    9270   1.0000000000E+00
    9271   1.0000000000E+00
    9272   1.0000000000E+00
    9273   1.0000000000E+00
    9274   1.0000000000E+00
    9275   1.0000000000E+00
    9276   1.0000000000E+00
    9277   1.0000000000E+00
    9278   1.0000000000E+00
    9279   1.0000000000E+00
    9280   1.0000000000E+00
    9281   1.0000000000E+00
    9282   1.0000000000E+00
    9283   1.0000000000E+00
    9284   1.0000000000E+00
    9285   1.0000000000E+00
    9286   1.0000000000E+00
    9287   1.0000000000E+00
    9288   1.0000000000E+00
    9289   1.0000000000E+00
    9290   1.0000000000E+00
    9291   1.0000000000E+00
    9292   1.0000000000E+00
    9293   1.0000000000E+00
    9294   1.0000000000E+00
    9295   1.0000000000E+00
    9296   1.0000000000E+00
    9297   1.0000000000E+00
    9298   1.0000000000E+00
    9299   1.0000000000E+00
    9300   1.0000000000E+00
    9301   1.0000000000E+00
    9302   1.0000000000E+00
    9303   1.0000000000E+00
    9304   1.0000000000E+00
    9305   1.0000000000E+00
    9306   1.0000000000E+00
    9307   1.0000000000E+00
    9308   1.0000000000E+00
    9309   1.0000000000E+00
    9310   1.0000000000E+00
    9311   1.0000000000E+00
    9312   1.0000000000E+00
    9313   1.0000000000E+00
    9314   1.0000000000E+00
    9315   1.0000000000E+00
    9316   1.0000000000E+00
    9317   1.0000000000E+00
    9318   1.0000000000E+00
    9319   1.0000000000E+00
    9320   1.0000000000E+00
    9321   1.0000000000E+00
    9322   1.0000000000E+00
    9323   1.0000000000E+00
    9324   1.0000000000E+00
    9325   1.0000000000E+00
    9326   1.0000000000E+00
    9327   1.0000000000E+00
    9328   1.0000000000E+00
    9329   1.0000000000E+00
    9330   1.0000000000E+00
    9331   1.0000000000E+00
    9332   1.0000000000E+00
    9333   1.0000000000E+00
    9334   1.0000000000E+00
    9335   1.0000000000E+00
    9336   1.0000000000E+00
    9337   1.0000000000E+00
    9338   1.0000000000E+00
    9339   1.0000000000E+00
    9340   1.0000000000E+00
    9341   1.0000000000E+00
    9342   1.0000000000E+00
    9343   1.0000000000E+00
    9344   1.0000000000E+00
    9345   1.0000000000E+00
    9346   1.0000000000E+00
    9347   1.0000000000E+00
    9348   1.0000000000E+00
    9349   1.0000000000E+00
    9350   1.0000000000E+00
    9351   1.0000000000E+00
    9352   1.0000000000E+00
    9353   1.0000000000E+00
    9354   1.0000000000E+00
    9355   1.0000000000E+00
    9356   1.0000000000E+00
    9357   1.0000000000E+00
    9358   1.0000000000E+00
    9359   1.0000000000E+00
    9360   1.0000000000E+00
    9361   1.0000000000E+00
    9362   1.0000000000E+00
    9363   1.0000000000E+00
    9364   1.0000000000E+00
    9365   1.0000000000E+00
    9366   1.0000000000E+00
    9367   1.0000000000E+00
    9368   1.0000000000E+00
    9369   1.0000000000E+00
    9370   1.0000000000E+00
    9371   1.0000000000E+00
    9372   1.0000000000E+00
    9373   1.0000000000E+00
    9374   1.0000000000E+00
    9375   1.0000000000E+00
    9376   1.0000000000E+00
    9377   1.0000000000E+00
    9378   1.0000000000E+00
    9379   1.0000000000E+00
    9380   1.0000000000E+00
    9381   1.0000000000E+00
    9382   1.0000000000E+00
    9383   1.0000000000E+00
    9384   1.0000000000E+00
    9385   1.0000000000E+00
    9386   1.0000000000E+00
    9387   1.0000000000E+00
    9388   1.0000000000E+00
    9389   1.0000000000E+00
    9390   1.0000000000E+00
    9391   1.0000000000E+00
    9392   1.0000000000E+00
    9393   1.0000000000E+00
    9394   1.0000000000E+00
    9395   1.0000000000E+00
    9396   1.0000000000E+00
    9397   1.0000000000E+00
    9398   1.0000000000E+00
    9399   1.0000000000E+00
    9400   1.0000000000E+00
    9401   1.0000000000E+00
    9402   1.0000000000E+00
    9403   1.0000000000E+00
    9404   1.0000000000E+00
    9405   1.0000000000E+00
    9406   1.0000000000E+00
    9407   1.0000000000E+00
    9408   1.0000000000E+00
    9409   1.0000000000E+00
    9410   1.0000000000E+00
    9411   1.0000000000E+00
    9412   1.0000000000E+00
    9413   1.0000000000E+00
    9414   1.0000000000E+00
    9415   1.0000000000E+00
    9416   1.0000000000E+00
    9417   1.0000000000E+00
    9418   1.0000000000E+00
    9419   1.0000000000E+00
    9420   1.0000000000E+00
    9421   1.0000000000E+00
    9422   1.0000000000E+00
    9423   1.0000000000E+00
    9424   1.0000000000E+00
    9425   1.0000000000E+00
    9426   1.0000000000E+00
    9427   1.0000000000E+00
    9428   1.0000000000E+00
    9429   1.0000000000E+00
    9430   1.0000000000E+00
    9431   1.0000000000E+00
    9432   1.0000000000E+00
    9433   1.0000000000E+00
    9434   1.0000000000E+00
    9435   1.0000000000E+00
    9436   1.0000000000E+00
    9437   1.0000000000E+00
    9438   1.0000000000E+00
    9439   1.0000000000E+00
    9440   1.0000000000E+00
    9441   1.0000000000E+00
    9442   1.0000000000E+00
    9443   1.0000000000E+00
    9444   1.0000000000E+00
    9445   1.0000000000E+00
    9446   1.0000000000E+00
    9447   1.0000000000E+00
    9448   1.0000000000E+00
    9449   1.0000000000E+00
    9450   1.0000000000E+00
    9451   1.0000000000E+00
    9452   1.0000000000E+00
    9453   1.0000000000E+00
    9454   1.0000000000E+00
    9455   1.0000000000E+00
    9456   1.0000000000E+00
    9457   1.0000000000E+00
    9458   1.0000000000E+00
    9459   1.0000000000E+00
    9460   1.0000000000E+00
    9461   1.0000000000E+00
    9462   1.0000000000E+00
    9463   1.0000000000E+00
    9464   1.0000000000E+00
    9465   1.0000000000E+00
    9466   1.0000000000E+00
    9467   1.0000000000E+00
    9468   1.0000000000E+00
    9469   1.0000000000E+00
    9470   1.0000000000E+00
    9471   1.0000000000E+00
    9472   1.0000000000E+00
    9473   1.0000000000E+00
    9474   1.0000000000E+00
    9475   1.0000000000E+00
    9476   1.0000000000E+00
    9477   1.0000000000E+00
    9478   1.0000000000E+00
    9479   1.0000000000E+00
    9480   1.0000000000E+00
    9481   1.0000000000E+00
    9482   1.0000000000E+00
    9483   1.0000000000E+00
    9484   1.0000000000E+00
    9485   1.0000000000E+00
    9486   1.0000000000E+00
    9487   1.0000000000E+00
    9488   1.0000000000E+00
    9489   1.0000000000E+00
    9490   1.0000000000E+00
    9491   1.0000000000E+00
    9492   1.0000000000E+00
    9493   1.0000000000E+00
    9494   1.0000000000E+00
    9495   1.0000000000E+00
    9496   1.0000000000E+00
    9497   1.0000000000E+00
    9498   1.0000000000E+00
    9499   1.0000000000E+00
    9500   1.0000000000E+00
    9501   1.0000000000E+00
    9502   1.0000000000E+00
    9503   1.0000000000E+00
    9504   1.0000000000E+00
    9505   1.0000000000E+00
    9506   1.0000000000E+00
    9507   1.0000000000E+00
    9508   1.0000000000E+00
    9509   1.0000000000E+00
    9510   1.0000000000E+00
    9511   1.0000000000E+00
    9512   1.0000000000E+00
    9513   1.0000000000E+00
    9514   1.0000000000E+00
    9515   1.0000000000E+00
    9516   1.0000000000E+00
    9517   1.0000000000E+00
    9518   1.0000000000E+00
    9519   1.0000000000E+00
    9520   1.0000000000E+00
    9521   1.0000000000E+00
    9522   1.0000000000E+00
    9523   1.0000000000E+00
    9524   1.0000000000E+00
    9525   1.0000000000E+00
    9526   1.0000000000E+00
    9527   1.0000000000E+00
    9528   1.0000000000E+00
    9529   1.0000000000E+00
    9530   1.0000000000E+00
    9531   1.0000000000E+00
    9532   1.0000000000E+00
    9533   1.0000000000E+00
    9534   1.0000000000E+00
    9535   1.0000000000E+00
    9536   1.0000000000E+00
    9537   1.0000000000E+00
    9538   1.0000000000E+00
    9539   1.0000000000E+00
    9540   1.0000000000E+00
    9541   1.0000000000E+00
    9542   1.0000000000E+00
    9543   1.0000000000E+00
    9544   1.0000000000E+00
    9545   1.0000000000E+00
    9546   1.0000000000E+00
    9547   1.0000000000E+00
    9548   1.0000000000E+00
    9549   1.0000000000E+00
    9550   1.0000000000E+00
    9551   1.0000000000E+00
    9552   1.0000000000E+00
    9553   1.0000000000E+00
    9554   1.0000000000E+00
    9555   1.0000000000E+00
    9556   1.0000000000E+00
    9557   1.0000000000E+00
    9558   1.0000000000E+00
    9559   1.0000000000E+00
    9560   1.0000000000E+00
    9561   1.0000000000E+00
    9562   1.0000000000E+00
    9563   1.0000000000E+00
    9564   1.0000000000E+00
    9565   1.0000000000E+00
    9566   1.0000000000E+00
    9567   1.0000000000E+00
    9568   1.0000000000E+00
    9569   1.0000000000E+00
    9570   1.0000000000E+00
    9571   1.0000000000E+00
    9572   1.0000000000E+00
    9573   1.0000000000E+00
    9574   1.0000000000E+00
    9575   1.0000000000E+00
    9576   1.0000000000E+00
    9577   1.0000000000E+00
    9578   1.0000000000E+00
    9579   1.0000000000E+00
    9580   1.0000000000E+00
    9581   1.0000000000E+00
    9582   1.0000000000E+00
    9583   1.0000000000E+00
    9584   1.0000000000E+00
    9585   1.0000000000E+00
    9586   1.0000000000E+00
    9587   1.0000000000E+00
    9588   1.0000000000E+00
    9589   1.0000000000E+00
    9590   1.0000000000E+00
    9591   1.0000000000E+00
    9592   1.0000000000E+00
    9593   1.0000000000E+00
    9594   1.0000000000E+00
    9595   1.0000000000E+00
    9596   1.0000000000E+00
    9597   1.0000000000E+00
    9598   1.0000000000E+00
    9599   1.0000000000E+00
    9600   1.0000000000E+00
    9601   1.0000000000E+00
    9602   1.0000000000E+00
    9603   1.0000000000E+00
    9604   1.0000000000E+00
    9605   1.0000000000E+00
    9606   1.0000000000E+00
    9607   1.0000000000E+00
    9608   1.0000000000E+00
    9609   1.0000000000E+00
    9610   1.0000000000E+00
    9611   1.0000000000E+00
    9612   1.0000000000E+00
    9613   1.0000000000E+00
    9614   1.0000000000E+00
    9615   1.0000000000E+00
    9616   1.0000000000E+00
    9617   1.0000000000E+00
    9618   1.0000000000E+00
    9619   1.0000000000E+00
    9620   1.0000000000E+00
    9621   1.0000000000E+00
    9622   1.0000000000E+00
    9623   1.0000000000E+00
    9624   1.0000000000E+00
    9625   1.0000000000E+00
    9626   1.0000000000E+00
    9627   1.0000000000E+00
    9628   1.0000000000E+00
    9629   1.0000000000E+00
    9630   1.0000000000E+00
    9631   1.0000000000E+00
    9632   1.0000000000E+00
    9633   1.0000000000E+00
    9634   1.0000000000E+00
    9635   1.0000000000E+00
    9636   1.0000000000E+00
    9637   1.0000000000E+00
    9638   1.0000000000E+00
    9639   1.0000000000E+00
    9640   1.0000000000E+00
    9641   1.0000000000E+00
    9642   1.0000000000E+00
    9643   1.0000000000E+00
    9644   1.0000000000E+00
    9645   1.0000000000E+00
    9646   1.0000000000E+00
    9647   1.0000000000E+00
    9648   1.0000000000E+00
    9649   1.0000000000E+00
    9650   1.0000000000E+00
    9651   1.0000000000E+00
    9652   1.0000000000E+00
    9653   1.0000000000E+00
    9654   1.0000000000E+00
    9655   1.0000000000E+00
    9656   1.0000000000E+00
    9657   1.0000000000E+00
    9658   1.0000000000E+00
    9659   1.0000000000E+00
    9660   1.0000000000E+00
    9661   1.0000000000E+00
    9662   1.0000000000E+00
    9663   1.0000000000E+00
    9664   1.0000000000E+00
    9665   1.0000000000E+00
    9666   1.0000000000E+00
    9667   1.0000000000E+00
    9668   1.0000000000E+00
    9669   1.0000000000E+00
    9670   1.0000000000E+00
    9671   1.0000000000E+00
    9672   1.0000000000E+00
    9673   1.0000000000E+00
    9674   1.0000000000E+00
    9675   1.0000000000E+00
    9676   1.0000000000E+00
    9677   1.0000000000E+00
    9678   1.0000000000E+00
    9679   1.0000000000E+00
    9680   1.0000000000E+00
    9681   1.0000000000E+00
    9682   1.0000000000E+00
    9683   1.0000000000E+00
    9684   1.0000000000E+00
    9685   1.0000000000E+00
    9686   1.0000000000E+00
    9687   1.0000000000E+00
    9688   1.0000000000E+00
    9689   1.0000000000E+00
    9690   1.0000000000E+00
    9691   1.0000000000E+00
    9692   1.0000000000E+00
    9693   1.0000000000E+00
    9694   1.0000000000E+00
    9695   1.0000000000E+00
    9696   1.0000000000E+00
    9697   1.0000000000E+00
    9698   1.0000000000E+00
    9699   1.0000000000E+00
    9700   1.0000000000E+00
    9701   1.0000000000E+00
    9702   1.0000000000E+00
    9703   1.0000000000E+00
    9704   1.0000000000E+00
    9705   1.0000000000E+00
    9706   1.0000000000E+00
    9707   1.0000000000E+00
    9708   1.0000000000E+00
    9709   1.0000000000E+00
    9710   1.0000000000E+00
    9711   1.0000000000E+00
    9712   1.0000000000E+00
    9713   1.0000000000E+00
    9714   1.0000000000E+00
    9715   1.0000000000E+00
    9716   1.0000000000E+00
    9717   1.0000000000E+00
    9718   1.0000000000E+00
    9719   1.0000000000E+00
    9720   1.0000000000E+00
    9721   1.0000000000E+00
    9722   1.0000000000E+00
    9723   1.0000000000E+00
    9724   1.0000000000E+00
    9725   1.0000000000E+00
    9726   1.0000000000E+00
    9727   1.0000000000E+00
    9728   1.0000000000E+00
    9729   1.0000000000E+00
    9730   1.0000000000E+00
    9731   1.0000000000E+00
    9732   1.0000000000E+00
    9733   1.0000000000E+00
    9734   1.0000000000E+00
    9735   1.0000000000E+00
    9736   1.0000000000E+00
    9737   1.0000000000E+00
    9738   1.0000000000E+00
    9739   1.0000000000E+00
    9740   1.0000000000E+00
    9741   1.0000000000E+00
    9742   1.0000000000E+00
    9743   1.0000000000E+00
    9744   1.0000000000E+00
    9745   1.0000000000E+00
    9746   1.0000000000E+00
    9747   1.0000000000E+00
    9748   1.0000000000E+00
    9749   1.0000000000E+00
    9750   1.0000000000E+00
    9751   1.0000000000E+00
    9752   1.0000000000E+00
    9753   1.0000000000E+00
    9754   1.0000000000E+00
    9755   1.0000000000E+00
    9756   1.0000000000E+00
    9757   1.0000000000E+00
    9758   1.0000000000E+00
    9759   1.0000000000E+00
    9760   1.0000000000E+00
    9761   1.0000000000E+00
    9762   1.0000000000E+00
    9763   1.0000000000E+00
    9764   1.0000000000E+00
    9765   1.0000000000E+00
    9766   1.0000000000E+00
    9767   1.0000000000E+00
    9768   1.0000000000E+00
    9769   1.0000000000E+00
    9770   1.0000000000E+00
    9771   1.0000000000E+00
    9772   1.0000000000E+00
    9773   1.0000000000E+00
    9774   1.0000000000E+00
    9775   1.0000000000E+00
    9776   1.0000000000E+00
    9777   1.0000000000E+00
    9778   1.0000000000E+00
    9779   1.0000000000E+00
    9780   1.0000000000E+00
    9781   1.0000000000E+00
    9782   1.0000000000E+00
    9783   1.0000000000E+00
    9784   1.0000000000E+00
    9785   1.0000000000E+00
    9786   1.0000000000E+00
    9787   1.0000000000E+00
    9788   1.0000000000E+00
    9789   1.0000000000E+00
    9790   1.0000000000E+00
    9791   1.0000000000E+00
    9792   1.0000000000E+00
    9793   1.0000000000E+00
    9794   1.0000000000E+00
    9795   1.0000000000E+00
    9796   1.0000000000E+00
    9797   1.0000000000E+00
    9798   1.0000000000E+00
    9799   1.0000000000E+00
    9800   1.0000000000E+00
    9801   1.0000000000E+00
    9802   1.0000000000E+00
    9803   1.0000000000E+00
    9804   1.0000000000E+00
    9805   1.0000000000E+00
    9806   1.0000000000E+00
    9807   1.0000000000E+00
    9808   1.0000000000E+00
    9809   1.0000000000E+00
    9810   1.0000000000E+00
    9811   1.0000000000E+00
    9812   1.0000000000E+00
    9813   1.0000000000E+00
    9814   1.0000000000E+00
    9815   1.0000000000E+00
    9816   1.0000000000E+00
    9817   1.0000000000E+00
    9818   1.0000000000E+00
    9819   1.0000000000E+00
    9820   1.0000000000E+00
    9821   1.0000000000E+00
    9822   1.0000000000E+00
    9823   1.0000000000E+00
    9824   1.0000000000E+00
    9825   1.0000000000E+00
    9826   1.0000000000E+00
    9827   1.0000000000E+00
    9828   1.0000000000E+00
    9829   1.0000000000E+00
    9830   1.0000000000E+00
    9831   1.0000000000E+00
    9832   1.0000000000E+00
    9833   1.0000000000E+00
    9834   1.0000000000E+00
    9835   1.0000000000E+00
    9836   1.0000000000E+00
    9837   1.0000000000E+00
    9838   1.0000000000E+00
    9839   1.0000000000E+00
    9840   1.0000000000E+00
    9841   1.0000000000E+00
    9842   1.0000000000E+00
    9843   1.0000000000E+00
    9844   1.0000000000E+00
    9845   1.0000000000E+00
    9846   1.0000000000E+00
    9847   1.0000000000E+00
    9848   1.0000000000E+00
    9849   1.0000000000E+00
    9850   1.0000000000E+00
    9851   1.0000000000E+00
    9852   1.0000000000E+00
    9853   1.0000000000E+00
    9854   1.0000000000E+00
    9855   1.0000000000E+00
    9856   1.0000000000E+00
    9857   1.0000000000E+00
    9858   1.0000000000E+00
    9859   1.0000000000E+00
    9860   1.0000000000E+00
    9861   1.0000000000E+00
    9862   1.0000000000E+00
    9863   1.0000000000E+00
    9864   1.0000000000E+00
    9865   1.0000000000E+00
    9866   1.0000000000E+00
    9867   1.0000000000E+00
    9868   1.0000000000E+00
    9869   1.0000000000E+00
    9870   1.0000000000E+00
    9871   1.0000000000E+00
    9872   1.0000000000E+00
    9873   1.0000000000E+00
    9874   1.0000000000E+00
    9875   1.0000000000E+00
    9876   1.0000000000E+00
    9877   1.0000000000E+00
    9878   1.0000000000E+00
    9879   1.0000000000E+00
    9880   1.0000000000E+00
    9881   1.0000000000E+00
    9882   1.0000000000E+00
    9883   1.0000000000E+00
    9884   1.0000000000E+00
    9885   1.0000000000E+00
    9886   1.0000000000E+00
    9887   1.0000000000E+00
    9888   1.0000000000E+00
    9889   1.0000000000E+00
    9890   1.0000000000E+00
    9891   1.0000000000E+00
    9892   1.0000000000E+00
    9893   1.0000000000E+00
    9894   1.0000000000E+00
    9895   1.0000000000E+00
    9896   1.0000000000E+00
    9897   1.0000000000E+00
    9898   1.0000000000E+00
    9899   1.0000000000E+00
    9900   1.0000000000E+00
    9901   1.0000000000E+00
    9902   1.0000000000E+00
    9903   1.0000000000E+00
    9904   1.0000000000E+00
    9905   1.0000000000E+00
    9906   1.0000000000E+00
    9907   1.0000000000E+00
    9908   1.0000000000E+00
    9909   1.0000000000E+00
    9910   1.0000000000E+00
    9911   1.0000000000E+00
    9912   1.0000000000E+00
    9913   1.0000000000E+00
    9914   1.0000000000E+00
    9915   1.0000000000E+00
    9916   1.0000000000E+00
    9917   1.0000000000E+00
    9918   1.0000000000E+00
    9919   1.0000000000E+00
    9920   1.0000000000E+00
    9921   1.0000000000E+00
    9922   1.0000000000E+00
    9923   1.0000000000E+00
    9924   1.0000000000E+00
    9925   1.0000000000E+00
    9926   1.0000000000E+00
    9927   1.0000000000E+00
    9928   1.0000000000E+00
    9929   1.0000000000E+00
    9930   1.0000000000E+00
    9931   1.0000000000E+00
    9932   1.0000000000E+00
    9933   1.0000000000E+00
    9934   1.0000000000E+00
    9935   1.0000000000E+00
    9936   1.0000000000E+00
    9937   1.0000000000E+00
    9938   1.0000000000E+00
    9939   1.0000000000E+00
    9940   1.0000000000E+00
    9941   1.0000000000E+00
    9942   1.0000000000E+00
    9943   1.0000000000E+00
    9944   1.0000000000E+00
    9945   1.0000000000E+00
    9946   1.0000000000E+00
    9947   1.0000000000E+00
    9948   1.0000000000E+00
    9949   1.0000000000E+00
    9950   1.0000000000E+00
    9951   1.0000000000E+00
    9952   1.0000000000E+00
    9953   1.0000000000E+00
    9954   1.0000000000E+00
    9955   1.0000000000E+00
    9956   1.0000000000E+00
    9957   1.0000000000E+00
    9958   1.0000000000E+00
    9959   1.0000000000E+00
    9960   1.0000000000E+00
    9961   1.0000000000E+00
    9962   1.0000000000E+00
    9963   1.0000000000E+00
    9964   1.0000000000E+00
    9965   1.0000000000E+00
    9966   1.0000000000E+00
    9967   1.0000000000E+00
    9968   1.0000000000E+00
    9969   1.0000000000E+00
    9970   1.0000000000E+00
    9971   1.0000000000E+00
    9972   1.0000000000E+00
    9973   1.0000000000E+00
    9974   1.0000000000E+00
    9975   1.0000000000E+00
    9976   1.0000000000E+00
    9977   1.0000000000E+00
    9978   1.0000000000E+00
    9979   1.0000000000E+00
    9980   1.0000000000E+00
    9981   1.0000000000E+00
    9982   1.0000000000E+00
    9983   1.0000000000E+00
    9984   1.0000000000E+00
    9985   1.0000000000E+00
    9986   1.0000000000E+00
    9987   1.0000000000E+00
    9988   1.0000000000E+00
    9989   1.0000000000E+00
    9990   1.0000000000E+00
    9991   1.0000000000E+00
    9992   1.0000000000E+00
    9993   1.0000000000E+00
    9994   1.0000000000E+00
    9995   1.0000000000E+00
    9996   1.0000000000E+00
    9997   1.0000000000E+00
    9998   1.0000000000E+00
    9999   1.0000000000E+00
   10000   8.3593750000E-01
   10001   1.6406250000E-01
   10002   0.0000000000E+00
   10003   0.0000000000E+00
