# ic  density_f1
      -2   0.0000000000E+00
      -1   1.5065911729E-01
       0   8.3267092742E-01
       1   1.0056810417E+00
       2   1.0057427867E+00
       3   1.0055417999E+00
       4   1.0051953628E+00
       5   1.0049008240E+00
       6   1.0048305818E+00
       7   1.0050368163E+00
       8   1.0054310801E+00
       9   1.0058479583E+00
      10   1.0061407199E+00
      11   1.0062462037E+00
      12   1.0061900370E+00
      13   1.0060492806E+00
      14   1.0059060530E+00
      15   1.0058185525E+00
      16   1.0058084912E+00
      17   1.0058540163E+00
      18   1.0058959266E+00
      19   1.0058587146E+00
      20   1.0056871969E+00
      21   1.0053903485E+00
      22   1.0050600443E+00
      23   1.0048490065E+00
      24   1.0048905587E+00
      25   1.0052476301E+00
      26   1.0058519517E+00
      27   1.0065292689E+00
      28   1.0070847662E+00
      29   1.0073917432E+00
      30   1.0074420777E+00
      31   1.0073219844E+00
      32   1.0071462198E+00
      33   1.0070026897E+00
      34   1.0069290107E+00
      35   1.0069152626E+00
      36   1.0069115354E+00
      37   1.0068362522E+00
      38   1.0066123932E+00
      39   1.0062306958E+00
      40   1.0058031448E+00
      41   1.0055438329E+00
      42   1.0056659303E+00
      43   1.0062480573E+00
      44   1.0071636787E+00
      45   1.0081313242E+00
      46   1.0088546715E+00
      47   1.0091569430E+00
      48   1.0090276044E+00
      49   1.0085763952E+00
      50   1.0079625771E+00
      51   1.0073535628E+00
      52   1.0069105287E+00
      53   1.0067587446E+00
      54   1.0069361653E+00
      55   1.0073597335E+00
      56   1.0078587560E+00
      57   1.0082712109E+00
      58   1.0085405161E+00
      59   1.0087278138E+00
      60   1.0089350808E+00
      61   1.0092058652E+00
      62   1.0094950772E+00
      63   1.0097194971E+00
      64   1.0098408279E+00
      65   1.0098938679E+00
      66   1.0099528538E+00
      67   1.0099939729E+00
      68   1.0100195048E+00
      69   1.0099742286E+00
      70   1.0098399882E+00
      71   1.0096543324E+00
      72   1.0094755042E+00
      73   1.0093492273E+00
      74   1.0093080275E+00
      75   1.0093846296E+00
      76   1.0096160512E+00
      77   1.0100054010E+00
      78   1.0104774295E+00
      79   1.0108830431E+00
      80   1.0110656362E+00
      81   1.0109531146E+00
      82   1.0106274709E+00
      83   1.0102186133E+00
      84   1.0099132643E+00
      85   1.0098112557E+00
      86   1.0098841246E+00
      87   1.0100533306E+00
      88   1.0102464065E+00
      89   1.0104269187E+00
      90   1.0105885808E+00
      91   1.0107373301E+00
      92   1.0108865880E+00
      93   1.0110627041E+00
      94   1.0113041176E+00
      95   1.0116304363E+00
      96   1.0120049725E+00
      97   1.0123308164E+00
      98   1.0124977548E+00
      99   1.0124503424E+00
     100   1.0122322319E+00
     101   1.0119618509E+00
     102   1.0117624870E+00
     103   1.0116999703E+00
     104   1.0117670389E+00
     105   1.0119161059E+00
     106   1.0121122305E+00
     107   1.0122521722E+00
     108   1.0123537139E+00
     109   1.0123579927E+00
     110   1.0122132448E+00
     111   1.0119059636E+00
     112   1.0114791511E+00
     113   1.0110249930E+00
     114   1.0106561219E+00
     115   1.0104743525E+00
     116   1.0105451269E+00
     117   1.0108831911E+00
     118   1.0114467820E+00
     119   1.0121421684E+00
     120   1.0128418691E+00
     121   1.0134227137E+00
     122   1.0138072509E+00
     123   1.0139864416E+00
     124   1.0140080713E+00
     125   1.0139600457E+00
     126   1.0138596127E+00
     127   1.0136944884E+00
     128   1.0135101111E+00
     129   1.0132735066E+00
     130   1.0130105685E+00
     131   1.0127789003E+00
     132   1.0126415667E+00
     133   1.0126342805E+00
     134   1.0127480612E+00
     135   1.0129366477E+00
     136   1.0131453884E+00
     137   1.0133395697E+00
     138   1.0135084166E+00
     139   1.0136473270E+00
     140   1.0137402548E+00
     141   1.0137663640E+00
     142   1.0137188983E+00
     143   1.0136238581E+00
     144   1.0135273105E+00
     145   1.0134628093E+00
     146   1.0134284944E+00
     147   1.0134008094E+00
     148   1.0133705565E+00
     149   1.0134001402E+00
     150   1.0134897575E+00
     151   1.0136900021E+00
     152   1.0139708737E+00
     153   1.0142169235E+00
     154   1.0143508688E+00
     155   1.0143707683E+00
     156   1.0143349612E+00
     157   1.0143034983E+00
     158   1.0142930140E+00
     159   1.0142784822E+00
     160   1.0142318145E+00
     161   1.0141588805E+00
     162   1.0140990982E+00
     163   1.0139717714E+00
     164   1.0138461159E+00
     165   1.0137059926E+00
     166   1.0135972631E+00
     167   1.0136179258E+00
     168   1.0138390526E+00
     169   1.0142280921E+00
     170   1.0146466725E+00
     171   1.0149307338E+00
     172   1.0149938949E+00
     173   1.0148689446E+00
     174   1.0146663052E+00
     175   1.0144983001E+00
     176   1.0144395994E+00
     177   1.0145272569E+00
     178   1.0147664986E+00
     179   1.0151101535E+00
     180   1.0154604652E+00
     181   1.0156050651E+00
     182   1.0153948771E+00
     183   1.0149159471E+00
     184   1.0143097741E+00
     185   1.0138211577E+00
     186   1.0136312451E+00
     187   1.0137771068E+00
     188   1.0141709312E+00
     189   1.0146725596E+00
     190   1.0151494808E+00
     191   1.0154908371E+00
     192   1.0156017082E+00
     193   1.0154281734E+00
     194   1.0150084656E+00
     195   1.0144932465E+00
     196   1.0140861381E+00
     197   1.0138451057E+00
     198   1.0138786527E+00
     199   1.0141062123E+00
     200   1.0144494938E+00
     201   1.0148581583E+00
     202   1.0152968089E+00
     203   1.0157149085E+00
     204   1.0160420244E+00
     205   1.0162274715E+00
     206   1.0162753958E+00
     207   1.0162324933E+00
     208   1.0161376140E+00
     209   1.0159832514E+00
     210   1.0157331467E+00
     211   1.0153844053E+00
     212   1.0150109404E+00
     213   1.0147448225E+00
     214   1.0147086555E+00
     215   1.0149497227E+00
     216   1.0154583539E+00
     217   1.0160438676E+00
     218   1.0166178353E+00
     219   1.0171065984E+00
     220   1.0174017729E+00
     221   1.0174639098E+00
     222   1.0173104121E+00
     223   1.0170072806E+00
     224   1.0166306342E+00
     225   1.0162304410E+00
     226   1.0158195696E+00
     227   1.0154076454E+00
     228   1.0150433472E+00
     229   1.0147061462E+00
     230   1.0145800680E+00
     231   1.0146925202E+00
     232   1.0150141120E+00
     233   1.0154515494E+00
     234   1.0158765503E+00
     235   1.0161688360E+00
     236   1.0162401329E+00
     237   1.0160468939E+00
     238   1.0156060002E+00
     239   1.0150078568E+00
     240   1.0144046489E+00
     241   1.0139624331E+00
     242   1.0137972213E+00
     243   1.0139344900E+00
     244   1.0143157248E+00
     245   1.0148450932E+00
     246   1.0154402067E+00
     247   1.0159034378E+00
     248   1.0162579881E+00
     249   1.0164271710E+00
     250   1.0163677110E+00
     251   1.0160805544E+00
     252   1.0156118065E+00
     253   1.0150410749E+00
     254   1.0144520409E+00
     255   1.0139137126E+00
     256   1.0134862816E+00
     257   1.0132284016E+00
     258   1.0131967686E+00
     259   1.0134240347E+00
     260   1.0138968362E+00
     261   1.0145003020E+00
     262   1.0150161379E+00
     263   1.0153708698E+00
     264   1.0154546442E+00
     265   1.0152869062E+00
     266   1.0149649267E+00
     267   1.0146102666E+00
     268   1.0143224534E+00
     269   1.0141533842E+00
     270   1.0141119292E+00
     271   1.0141686053E+00
     272   1.0142500852E+00
     273   1.0142560031E+00
     274   1.0141061014E+00
     275   1.0138002710E+00
     276   1.0134488269E+00
     277   1.0132210716E+00
     278   1.0132362333E+00
     279   1.0134833481E+00
     280   1.0138301069E+00
     281   1.0141245629E+00
     282   1.0143153100E+00
     283   1.0143430729E+00
     284   1.0143739637E+00
     285   1.0144532142E+00
     286   1.0145993835E+00
     287   1.0148329810E+00
     288   1.0151761768E+00
     289   1.0155912225E+00
     290   1.0159254016E+00
     291   1.0159493380E+00
     292   1.0154996557E+00
     293   1.0146242382E+00
     294   1.0135838834E+00
     295   1.0126869499E+00
     296   1.0121045870E+00
     297   1.0117384354E+00
     298   1.0115163167E+00
     299   1.0113417466E+00
     300   1.0112408933E+00
     301   1.0112854146E+00
     302   1.0115016767E+00
     303   1.0118633391E+00
     304   1.0123536219E+00
     305   1.0129980925E+00
     306   1.0137933540E+00
     307   1.0145985242E+00
     308   1.0151323186E+00
     309   1.0151275580E+00
     310   1.0145292991E+00
     311   1.0135511734E+00
     312   1.0125260866E+00
     313   1.0116915765E+00
     314   1.0111006733E+00
     315   1.0107066977E+00
     316   1.0105010610E+00
     317   1.0105437858E+00
     318   1.0108803812E+00
     319   1.0113523361E+00
     320   1.0117868391E+00
     321   1.0120331737E+00
     322   1.0120995735E+00
     323   1.0121324657E+00
     324   1.0122476753E+00
     325   1.0124192623E+00
     326   1.0125259943E+00
     327   1.0124991595E+00
     328   1.0124011419E+00
     329   1.0123439519E+00
     330   1.0123392717E+00
     331   1.0122550240E+00
     332   1.0119389848E+00
     333   1.0113795762E+00
     334   1.0107411720E+00
     335   1.0102360573E+00
     336   1.0099638297E+00
     337   1.0098395197E+00
     338   1.0098383593E+00
     339   1.0099702845E+00
     340   1.0103164687E+00
     341   1.0108802449E+00
     342   1.0114988208E+00
     343   1.0119240872E+00
     344   1.0120018863E+00
     345   1.0117726628E+00
     346   1.0113995977E+00
     347   1.0110084507E+00
     348   1.0106096096E+00
     349   1.0101756016E+00
     350   1.0097546184E+00
     351   1.0094758059E+00
     352   1.0094335861E+00
     353   1.0095770638E+00
     354   1.0097388255E+00
     355   1.0097896512E+00
     356   1.0097524442E+00
     357   1.0097605573E+00
     358   1.0099037937E+00
     359   1.0101201902E+00
     360   1.0102427577E+00
     361   1.0101498161E+00
     362   1.0098505366E+00
     363   1.0094390840E+00
     364   1.0089939446E+00
     365   1.0085365239E+00
     366   1.0080687626E+00
     367   1.0077166165E+00
     368   1.0075843850E+00
     369   1.0076931433E+00
     370   1.0079206423E+00
     371   1.0080885010E+00
     372   1.0081138890E+00
     373   1.0080777828E+00
     374   1.0081333009E+00
     375   1.0083503336E+00
     376   1.0086559231E+00
     377   1.0089134524E+00
     378   1.0090424577E+00
     379   1.0090509623E+00
     380   1.0089593031E+00
     381   1.0087310782E+00
     382   1.0083163371E+00
     383   1.0077591765E+00
     384   1.0072326104E+00
     385   1.0069382699E+00
     386   1.0069510024E+00
     387   1.0071695035E+00
     388   1.0074273838E+00
     389   1.0076469839E+00
     390   1.0078768488E+00
     391   1.0081894503E+00
     392   1.0085667003E+00
     393   1.0088492889E+00
     394   1.0089543911E+00
     395   1.0089030212E+00
     396   1.0087798209E+00
     397   1.0086143012E+00
     398   1.0083211889E+00
     399   1.0078038283E+00
     400   1.0071064933E+00
     401   1.0064342009E+00
     402   1.0059989750E+00
     403   1.0058433675E+00
     404   1.0058181318E+00
     405   1.0057419847E+00
     406   1.0055738373E+00
     407   1.0054206032E+00
     408   1.0053851946E+00
     409   1.0054339622E+00
     410   1.0054371788E+00
     411   1.0053387454E+00
     412   1.0052532516E+00
     413   1.0053702682E+00
     414   1.0057533103E+00
     415   1.0062448217E+00
     416   1.0065826961E+00
     417   1.0066086730E+00
     418   1.0063589768E+00
     419   1.0059584245E+00
     420   1.0054592718E+00
     421   1.0048147659E+00
     422   1.0040173094E+00
     423   1.0032271346E+00
     424   1.0027201804E+00
     425   1.0026787784E+00
     426   1.0030318042E+00
     427   1.0035094004E+00
     428   1.0038704194E+00
     429   1.0040743153E+00
     430   1.0042421259E+00
     431   1.0044693418E+00
     432   1.0047034976E+00
     433   1.0048093920E+00
     434   1.0047349710E+00
     435   1.0045682183E+00
     436   1.0044250520E+00
     437   1.0042956974E+00
     438   1.0040415685E+00
     439   1.0035574045E+00
     440   1.0029258573E+00
     441   1.0023784891E+00
     442   1.0020980090E+00
     443   1.0020539452E+00
     444   1.0020427097E+00
     445   1.0018912937E+00
     446   1.0016264155E+00
     447   1.0014410932E+00
     448   1.0015153498E+00
     449   1.0018689589E+00
     450   1.0023837467E+00
     451   1.0029317585E+00
     452   1.0034567882E+00
     453   1.0039212134E+00
     454   1.0042143510E+00
     455   1.0041595745E+00
     456   1.0036530031E+00
     457   1.0027852607E+00
     458   1.0018087410E+00
     459   1.0009655378E+00
     460   1.0003484962E+00
     461   9.9991143850E-01
     462   9.9960354933E-01
     463   9.9946527954E-01
     464   9.9959026560E-01
     465   9.9999861981E-01
     466   1.0005697616E+00
     467   1.0011084489E+00
     468   1.0014879857E+00
     469   1.0017174304E+00
     470   1.0018723781E+00
     471   1.0019778241E+00
     472   1.0019766024E+00
     473   1.0018122517E+00
     474   1.0015311528E+00
     475   1.0012746455E+00
     476   1.0011638117E+00
     477   1.0011934712E+00
     478   1.0012401322E+00
     479   1.0011697050E+00
     480   1.0009404171E+00
     481   1.0006003776E+00
     482   1.0002084251E+00
     483   9.9977990658E-01
     484   9.9932074168E-01
     485   9.9889899435E-01
     486   9.9866303817E-01
     487   9.9876177006E-01
     488   9.9923183264E-01
     489   9.9995833207E-01
     490   1.0007417601E+00
     491   1.0014093548E+00
     492   1.0018819570E+00
     493   1.0021515236E+00
     494   1.0022224249E+00
     495   1.0020955152E+00
     496   1.0018018323E+00
     497   1.0014378178E+00
     498   1.0011469323E+00
     499   1.0010436334E+00
     500   1.0011444290E+00
     501   1.0013684367E+00
     502   1.0016027876E+00
     503   1.0017826756E+00
     504   1.0019189846E+00
     505   1.0020538932E+00
     506   1.0021942236E+00
     507   1.0022873899E+00
     508   1.0022551675E+00
     509   1.0020581975E+00
     510   1.0017343044E+00
     511   1.0013758367E+00
     512   1.0010731206E+00
     513   1.0008732306E+00
     514   1.0007834917E+00
     515   1.0008086608E+00
     516   1.0009715193E+00
     517   1.0012856989E+00
     518   1.0017087223E+00
     519   1.0021311214E+00
     520   1.0024295750E+00
     521   1.0025548822E+00
     522   1.0025713510E+00
     523   1.0026052100E+00
     524   1.0027403640E+00
     525   1.0029555119E+00
     526   1.0031498859E+00
     527   1.0032303761E+00
     528   1.0031677000E+00
     529   1.0029736129E+00
     530   1.0026444752E+00
     531   1.0021541109E+00
     532   1.0015248713E+00
     533   1.0009047563E+00
     534   1.0005451462E+00
     535   1.0006593336E+00
     536   1.0012706365E+00
     537   1.0021815648E+00
     538   1.0030984544E+00
     539   1.0038159736E+00
     540   1.0043117853E+00
     541   1.0046919485E+00
     542   1.0050665687E+00
     543   1.0054812694E+00
     544   1.0059424359E+00
     545   1.0064627797E+00
     546   1.0070387676E+00
     547   1.0075753815E+00
     548   1.0078651359E+00
     549   1.0076954724E+00
     550   1.0069778804E+00
     551   1.0058968509E+00
     552   1.0047712027E+00
     553   1.0038581842E+00
     554   1.0032427292E+00
     555   1.0028577809E+00
     556   1.0026012373E+00
     557   1.0024298137E+00
     558   1.0023416497E+00
     559   1.0023177204E+00
     560   1.0023101979E+00
     561   1.0023029271E+00
     562   1.0023731292E+00
     563   1.0026702134E+00
     564   1.0033020698E+00
     565   1.0042406846E+00
     566   1.0053258526E+00
     567   1.0063585220E+00
     568   1.0071969287E+00
     569   1.0077809601E+00
     570   1.0080886925E+00
     571   1.0081055360E+00
     572   1.0078416691E+00
     573   1.0073645253E+00
     574   1.0067911099E+00
     575   1.0062242386E+00
     576   1.0056937455E+00
     577   1.0051731399E+00
     578   1.0046448215E+00
     579   1.0041477829E+00
     580   1.0037589693E+00
     581   1.0035312987E+00
     582   1.0034580398E+00
     583   1.0034974448E+00
     584   1.0036187312E+00
     585   1.0038133204E+00
     586   1.0040666568E+00
     587   1.0043320667E+00
     588   1.0045480977E+00
     589   1.0046864943E+00
     590   1.0047702887E+00
     591   1.0048386767E+00
     592   1.0048939955E+00
     593   1.0048973576E+00
     594   1.0048288280E+00
     595   1.0047472159E+00
     596   1.0047795216E+00
     597   1.0050342487E+00
     598   1.0055129597E+00
     599   1.0061024093E+00
     600   1.0066503902E+00
     601   1.0070452714E+00
     602   1.0072300296E+00
     603   1.0071619395E+00
     604   1.0067845376E+00
     605   1.0060508739E+00
     606   1.0050501515E+00
     607   1.0039420637E+00
     608   1.0029068992E+00
     609   1.0020392644E+00
     610   1.0013248156E+00
     611   1.0007192643E+00
     612   1.0002456591E+00
     613   1.0000098908E+00
     614   1.0001192603E+00
     615   1.0005813946E+00
     616   1.0012840767E+00
     617   1.0020747431E+00
     618   1.0028498592E+00
     619   1.0035744261E+00
     620   1.0042263280E+00
     621   1.0047508648E+00
     622   1.0050951431E+00
     623   1.0052918806E+00
     624   1.0054906519E+00
     625   1.0058834220E+00
     626   1.0065692738E+00
     627   1.0074729954E+00
     628   1.0083869428E+00
     629   1.0090952604E+00
     630   1.0094763072E+00
     631   1.0095160150E+00
     632   1.0092598149E+00
     633   1.0087700107E+00
     634   1.0081242908E+00
     635   1.0074225694E+00
     636   1.0067653885E+00
     637   1.0062112745E+00
     638   1.0057556944E+00
     639   1.0053506515E+00
     640   1.0049601131E+00
     641   1.0045974540E+00
     642   1.0043200513E+00
     643   1.0041913384E+00
     644   1.0042463863E+00
     645   1.0044846177E+00
     646   1.0048827275E+00
     647   1.0054050163E+00
     648   1.0060041315E+00
     649   1.0066191049E+00
     650   1.0071772526E+00
     651   1.0076037526E+00
     652   1.0078415356E+00
     653   1.0078741182E+00
     654   1.0077438641E+00
     655   1.0075357047E+00
     656   1.0073209949E+00
     657   1.0071611867E+00
     658   1.0070025204E+00
     659   1.0067559626E+00
     660   1.0063646763E+00
     661   1.0058614328E+00
     662   1.0053542149E+00
     663   1.0049545489E+00
     664   1.0047152753E+00
     665   1.0046236635E+00
     666   1.0046470901E+00
     667   1.0047766371E+00
     668   1.0050149357E+00
     669   1.0053299802E+00
     670   1.0056364311E+00
     671   1.0058264691E+00
     672   1.0058231556E+00
     673   1.0055978141E+00
     674   1.0051293588E+00
     675   1.0043669038E+00
     676   1.0032513965E+00
     677   1.0017948989E+00
     678   1.0001398076E+00
     679   9.9852750133E-01
     680   9.9718386668E-01
     681   9.9621559993E-01
     682   9.9560928766E-01
     683   9.9532307116E-01
     684   9.9538163764E-01
     685   9.9587934392E-01
     686   9.9688214908E-01
     687   9.9832411415E-01
     688   9.9999351523E-01
     689   1.0016159696E+00
     690   1.0029607436E+00
     691   1.0038793784E+00
     692   1.0042749678E+00
     693   1.0040779738E+00
     694   1.0032874758E+00
     695   1.0020400882E+00
     696   1.0006173020E+00
     697   9.9935323317E-01
     698   9.9849857867E-01
     699   9.9814742992E-01
     700   9.9826963607E-01
     701   9.9879796042E-01
     702   9.9967752066E-01
     703   1.0008400193E+00
     704   1.0021457777E+00
     705   1.0033778265E+00
     706   1.0043217087E+00
     707   1.0048703233E+00
     708   1.0050626550E+00
     709   1.0050259119E+00
     710   1.0048745969E+00
     711   1.0046584838E+00
     712   1.0043849383E+00
     713   1.0040726652E+00
     714   1.0037711032E+00
     715   1.0035321163E+00
     716   1.0033691713E+00
     717   1.0032534857E+00
     718   1.0031510362E+00
     719   1.0030646722E+00
     720   1.0030427833E+00
     721   1.0031462436E+00
     722   1.0034034731E+00
     723   1.0037909415E+00
     724   1.0042516384E+00
     725   1.0047281340E+00
     726   1.0051791000E+00
     727   1.0055661635E+00
     728   1.0058256017E+00
     729   1.0058588189E+00
     730   1.0055643373E+00
     731   1.0048935668E+00
     732   1.0038898758E+00
     733   1.0026760033E+00
     734   1.0013924182E+00
     735   1.0001332864E+00
     736   9.9892917772E-01
     737   9.9778987606E-01
     738   9.9676527992E-01
     739   9.9596450213E-01
     740   9.9550765435E-01
     741   9.9544864851E-01
     742   9.9573960053E-01
     743   9.9626199821E-01
     744   9.9689152091E-01
     745   9.9753692199E-01
     746   9.9812273015E-01
     747   9.9855358793E-01
     748   9.9871924152E-01
     749   9.9855397703E-01
     750   9.9809872381E-01
     751   9.9750086125E-01
     752   9.9693689718E-01
     753   9.9652244784E-01
     754   9.9628847189E-01
     755   9.9623699798E-01
     756   9.9640530224E-01
     757   9.9686444474E-01
     758   9.9764290801E-01
     759   9.9865644149E-01
     760   9.9972410390E-01
     761   1.0006732212E+00
     762   1.0014394698E+00
     763   1.0020695222E+00
     764   1.0026234719E+00
     765   1.0030718487E+00
     766   1.0032875401E+00
     767   1.0031420539E+00
     768   1.0026160677E+00
     769   1.0018223209E+00
     770   1.0009249934E+00
     771   1.0000329353E+00
     772   9.9915818308E-01
     773   9.9825943721E-01
     774   9.9730748372E-01
     775   9.9630338613E-01
     776   9.9524927411E-01
     777   9.9412712677E-01
     778   9.9293192669E-01
     779   9.9174476487E-01
     780   9.9076398701E-01
     781   9.9023896019E-01
     782   9.9033428550E-01
     783   9.9101964391E-01
     784   9.9206779925E-01
     785   9.9316817498E-01
     786   9.9407941041E-01
     787   9.9471690354E-01
     788   9.9512515435E-01
     789   9.9538559004E-01
     790   9.9554376550E-01
     791   9.9561174307E-01
     792   9.9561419379E-01
     793   9.9560755520E-01
     794   9.9563874235E-01
     795   9.9568650531E-01
     796   9.9565462572E-01
     797   9.9544538778E-01
     798   9.9505165406E-01
     799   9.9457371891E-01
     800   9.9413973443E-01
     801   9.9379428183E-01
     802   9.9345798314E-01
     803   9.9300890847E-01
     804   9.9244823372E-01
     805   9.9188908320E-01
     806   9.9152791651E-01
     807   9.9146733415E-01
     808   9.9161974911E-01
     809   9.9176568210E-01
     810   9.9170029782E-01
     811   9.9134104031E-01
     812   9.9071510672E-01
     813   9.8986470140E-01
     814   9.8878575158E-01
     815   9.8747414523E-01
     816   9.8602004007E-01
     817   9.8464035447E-01
     818   9.8358793129E-01
     819   9.8300776191E-01
     820   9.8287074362E-01
     821   9.8303795890E-01
     822   9.8339443676E-01
     823   9.8392695751E-01
     824   9.8467145141E-01
     825   9.8558980256E-01
     826   9.8651242883E-01
     827   9.8718917882E-01
     828   9.8751798173E-01
     829   9.8755151477E-01
     830   9.8743129231E-01
     831   9.8734249288E-01
     832   9.8732728675E-01
     833   9.8733372212E-01
     834   9.8734005910E-01
     835   9.8743284146E-01
     836   9.8775446229E-01
     837   9.8836408601E-01
     838   9.8914091615E-01
     839   9.8983083169E-01
     840   9.9020017775E-01
     841   9.9016144929E-01
     842   9.8977031062E-01
     843   9.8912237276E-01
     844   9.8827070438E-01
     845   9.8724431560E-01
     846   9.8612815947E-01
     847   9.8509268710E-01
     848   9.8428956474E-01
     849   9.8390729974E-01
     850   9.8375993415E-01
     851   9.8361193741E-01
     852   9.8327789950E-01
     853   9.8269415577E-01
     854   9.8193790508E-01
     855   9.8114364862E-01
     856   9.8042964046E-01
     857   9.7989600441E-01
     858   9.7966618454E-01
     859   9.7987194206E-01
     860   9.8063310208E-01
     861   9.8204519880E-01
     862   9.8370450960E-01
     863   9.8532053546E-01
     864   9.8657737330E-01
     865   9.8730931495E-01
     866   9.8752980551E-01
     867   9.8735171503E-01
     868   9.8688997798E-01
     869   9.8622452419E-01
     870   9.8542815627E-01
     871   9.8460472393E-01
     872   9.8388047505E-01
     873   9.8335280501E-01
     874   9.8304621369E-01
     875   9.8289712635E-01
     876   9.8285394815E-01
     877   9.8297150429E-01
     878   9.8311621442E-01
     879   9.8333328852E-01
     880   9.8361208505E-01
     881   9.8391971070E-01
     882   9.8422297027E-01
     883   9.8451311819E-01
     884   9.8480671263E-01
     885   9.8512444210E-01
     886   9.8546142694E-01
     887   9.8577444251E-01
     888   9.8599575845E-01
     889   9.8606474877E-01
     890   9.8595099456E-01
     891   9.8565156966E-01
     892   9.8516814730E-01
     893   9.8448662556E-01
     894   9.8358591758E-01
     895   9.8244729840E-01
     896   9.8120021843E-01
     897   9.8011072011E-01
     898   9.7927711914E-01
     899   9.7891652027E-01
     900   9.7908516359E-01
     901   9.7970351391E-01
     902   9.8058791516E-01
     903   9.8150961557E-01
     904   9.8225550108E-01
     905   9.8267112223E-01
     906   9.8268779979E-01
     907   9.8233915794E-01
     908   9.8172718666E-01
     909   9.8108940626E-01
     910   9.8068001854E-01
     911   9.8045531339E-01
     912   9.8042308107E-01
     913   9.8045098224E-01
     914   9.8040975339E-01
     915   9.8025393368E-01
     916   9.8003227514E-01
     917   9.7982299446E-01
     918   9.7965085107E-01
     919   9.7939965904E-01
     920   9.7911109978E-01
     921   9.7870523498E-01
     922   9.7814641332E-01
     923   9.7759007550E-01
     924   9.7716837168E-01
     925   9.7700011909E-01
     926   9.7718004733E-01
     927   9.7776721041E-01
     928   9.7874970045E-01
     929   9.7999634693E-01
     930   9.8120520868E-01
     931   9.8220059999E-01
     932   9.8258668571E-01
     933   9.8229458298E-01
     934   9.8147832289E-01
     935   9.8040307159E-01
     936   9.7933631906E-01
     937   9.7844503094E-01
     938   9.7776942993E-01
     939   9.7725653148E-01
     940   9.7680937738E-01
     941   9.7633071458E-01
     942   9.7574732926E-01
     943   9.7502962999E-01
     944   9.7417489528E-01
     945   9.7322221307E-01
     946   9.7260255280E-01
     947   9.7209117010E-01
     948   9.7179298325E-01
     949   9.7166662491E-01
     950   9.7161350641E-01
     951   9.7154783667E-01
     952   9.7143806992E-01
     953   9.7124766250E-01
     954   9.7107280874E-01
     955   9.7122335214E-01
     956   9.7137332079E-01
     957   9.7165057631E-01
     958   9.7203670539E-01
     959   9.7248383879E-01
     960   9.7293126272E-01
     961   9.7322280364E-01
     962   9.7353740768E-01
     963   9.7380806533E-01
     964   9.7391335443E-01
     965   9.7396228037E-01
     966   9.7397574231E-01
     967   9.7395041341E-01
     968   9.7385389648E-01
     969   9.7362391365E-01
     970   9.7310889834E-01
     971   9.7263378222E-01
     972   9.7197781217E-01
     973   9.7121415524E-01
     974   9.7043736570E-01
     975   9.6966532015E-01
     976   9.6889490871E-01
     977   9.6814164209E-01
     978   9.6746569373E-01
     979   9.6695806807E-01
     980   9.6659982127E-01
     981   9.6649825006E-01
     982   9.6686098855E-01
     983   9.6713783149E-01
     984   9.6740528303E-01
     985   9.6760711069E-01
     986   9.6771878330E-01
     987   9.6773457603E-01
     988   9.6750866482E-01
     989   9.6749342513E-01
     990   9.6752168057E-01
     991   9.6756942196E-01
     992   9.6777283205E-01
     993   9.6811480495E-01
     994   9.6850415276E-01
     995   9.6874739951E-01
     996   9.6924985602E-01
     997   9.6961096131E-01
     998   9.6991806717E-01
     999   9.7020633202E-01
    1000   9.7041922800E-01
    1001   9.7047493397E-01
    1002   9.7020360902E-01
    1003   9.6977070710E-01
    1004   9.6928330330E-01
    1005   9.6852312121E-01
    1006   9.6767603889E-01
    1007   9.6682487228E-01
    1008   9.6607895424E-01
    1009   9.6555768966E-01
    1010   9.6535163441E-01
    1011   9.6548115983E-01
    1012   9.6572351304E-01
    1013   9.6630486727E-01
    1014   9.6697244983E-01
    1015   9.6735278613E-01
    1016   9.6752276525E-01
    1017   9.6749630494E-01
    1018   9.6734737804E-01
    1019   9.6715315779E-01
    1020   9.6691706051E-01
    1021   9.6723822852E-01
    1022   9.6766874845E-01
    1023   9.6826659568E-01
    1024   9.6897465587E-01
    1025   9.6967379685E-01
    1026   9.7024014860E-01
    1027   9.7058047654E-01
    1028   9.7112455265E-01
    1029   9.7158294937E-01
    1030   9.7216178599E-01
    1031   9.7292994150E-01
    1032   9.7383066019E-01
    1033   9.7472097820E-01
    1034   9.7542493401E-01
    1035   9.7574469324E-01
    1036   9.7591924220E-01
    1037   9.7577753360E-01
    1038   9.7543848948E-01
    1039   9.7504132155E-01
    1040   9.7468592663E-01
    1041   9.7446162361E-01
    1042   9.7443541914E-01
    1043   9.7462649609E-01
    1044   9.7498485147E-01
    1045   9.7540621008E-01
    1046   9.7579047866E-01
    1047   9.7609757254E-01
    1048   9.7628394220E-01
    1049   9.7657389544E-01
    1050   9.7695698481E-01
    1051   9.7729256148E-01
    1052   9.7762400520E-01
    1053   9.7795468598E-01
    1054   9.7830568058E-01
    1055   9.7866537278E-01
    1056   9.7895194551E-01
    1057   9.7903743164E-01
    1058   9.7882963276E-01
    1059   9.7831084479E-01
    1060   9.7761713443E-01
    1061   9.7706072082E-01
    1062   9.7650719303E-01
    1063   9.7599348971E-01
    1064   9.7543988063E-01
    1065   9.7479701156E-01
    1066   9.7408799403E-01
    1067   9.7338407964E-01
    1068   9.7266365924E-01
    1069   9.7217891016E-01
    1070   9.7204510475E-01
    1071   9.7214892434E-01
    1072   9.7266319019E-01
    1073   9.7353371422E-01
    1074   9.7453104663E-01
    1075   9.7531519901E-01
    1076   9.7554286021E-01
    1077   9.7522688818E-01
    1078   9.7466473317E-01
    1079   9.7395968173E-01
    1080   9.7349431438E-01
    1081   9.7343559970E-01
    1082   9.7382410405E-01
    1083   9.7462035599E-01
    1084   9.7573297365E-01
    1085   9.7701632560E-01
    1086   9.7827280290E-01
    1087   9.7930587109E-01
    1088   9.8001081557E-01
    1089   9.8042801432E-01
    1090   9.8067799424E-01
    1091   9.8089299267E-01
    1092   9.8121830333E-01
    1093   9.8140423123E-01
    1094   9.8140651239E-01
    1095   9.8120637927E-01
    1096   9.8087622905E-01
    1097   9.8052895808E-01
    1098   9.8025074665E-01
    1099   9.8008751362E-01
    1100   9.8007809508E-01
    1101   9.8027993484E-01
    1102   9.8074419717E-01
    1103   9.8142841569E-01
    1104   9.8222617970E-01
    1105   9.8304047931E-01
    1106   9.8359689103E-01
    1107   9.8393243275E-01
    1108   9.8413980356E-01
    1109   9.8432622854E-01
    1110   9.8453544973E-01
    1111   9.8473936851E-01
    1112   9.8489141471E-01
    1113   9.8498247487E-01
    1114   9.8503969168E-01
    1115   9.8507698271E-01
    1116   9.8505517061E-01
    1117   9.8488044767E-01
    1118   9.8452586745E-01
    1119   9.8407183399E-01
    1120   9.8350793162E-01
    1121   9.8294177081E-01
    1122   9.8240276403E-01
    1123   9.8189275633E-01
    1124   9.8143751998E-01
    1125   9.8111246240E-01
    1126   9.8101145573E-01
    1127   9.8117973747E-01
    1128   9.8157374242E-01
    1129   9.8203925390E-01
    1130   9.8258329054E-01
    1131   9.8308264280E-01
    1132   9.8349115309E-01
    1133   9.8383604002E-01
    1134   9.8408310318E-01
    1135   9.8417892049E-01
    1136   9.8409200433E-01
    1137   9.8384080126E-01
    1138   9.8347885555E-01
    1139   9.8305132684E-01
    1140   9.8257507241E-01
    1141   9.8206356703E-01
    1142   9.8157238044E-01
    1143   9.8121847827E-01
    1144   9.8114006684E-01
    1145   9.8142366205E-01
    1146   9.8205073119E-01
    1147   9.8290886795E-01
    1148   9.8384883431E-01
    1149   9.8473744808E-01
    1150   9.8560755301E-01
    1151   9.8630671331E-01
    1152   9.8680785266E-01
    1153   9.8707290521E-01
    1154   9.8709770985E-01
    1155   9.8694003407E-01
    1156   9.8669447712E-01
    1157   9.8643871257E-01
    1158   9.8619298193E-01
    1159   9.8593778286E-01
    1160   9.8566589193E-01
    1161   9.8541681397E-01
    1162   9.8526151412E-01
    1163   9.8525314233E-01
    1164   9.8538960220E-01
    1165   9.8563046976E-01
    1166   9.8594019671E-01
    1167   9.8633185566E-01
    1168   9.8691957679E-01
    1169   9.8761660747E-01
    1170   9.8836745606E-01
    1171   9.8904621768E-01
    1172   9.8955438526E-01
    1173   9.8988490142E-01
    1174   9.9011307091E-01
    1175   9.9032827227E-01
    1176   9.9057311456E-01
    1177   9.9084245751E-01
    1178   9.9113029360E-01
    1179   9.9146888086E-01
    1180   9.9190975883E-01
    1181   9.9246904548E-01
    1182   9.9309890911E-01
    1183   9.9372207750E-01
    1184   9.9430412878E-01
    1185   9.9488952467E-01
    1186   9.9555695394E-01
    1187   9.9633521612E-01
    1188   9.9715380455E-01
    1189   9.9787713494E-01
    1190   9.9839493055E-01
    1191   9.9868482017E-01
    1192   9.9879038517E-01
    1193   9.9874956292E-01
    1194   9.9855069229E-01
    1195   9.9816198504E-01
    1196   9.9760711258E-01
    1197   9.9700357333E-01
    1198   9.9651767377E-01
    1199   9.9627792330E-01
    1200   9.9632672418E-01
    1201   9.9664889890E-01
    1202   9.9724050777E-01
    1203   9.9813605025E-01
    1204   9.9935258214E-01
    1205   1.0008036743E+00
    1206   1.0022738472E+00
    1207   1.0034897008E+00
    1208   1.0042521091E+00
    1209   1.0045234911E+00
    1210   1.0044078576E+00
    1211   1.0040689187E+00
    1212   1.0036653171E+00
    1213   1.0033403401E+00
    1214   1.0032311401E+00
    1215   1.0034360459E+00
    1216   1.0039376091E+00
    1217   1.0045602378E+00
    1218   1.0050240862E+00
    1219   1.0050856866E+00
    1220   1.0046721749E+00
    1221   1.0038994689E+00
    1222   1.0029673011E+00
    1223   1.0020305789E+00
    1224   1.0011447899E+00
    1225   1.0003040235E+00
    1226   9.9950469675E-01
    1227   9.9876139097E-01
    1228   9.9807267952E-01
    1229   9.9740198574E-01
    1230   9.9671044866E-01
    1231   9.9601409441E-01
    1232   9.9540373667E-01
    1233   9.9499036920E-01
    1234   9.9481696412E-01
    1235   9.9482694363E-01
    1236   9.9490847820E-01
    1237   9.9497564501E-01
    1238   9.9501066767E-01
    1239   9.9503337574E-01
    1240   9.9504539684E-01
    1241   9.9501788843E-01
    1242   9.9492822049E-01
    1243   9.9479988137E-01
    1244   9.9471787254E-01
    1245   9.9473883564E-01
    1246   9.9487040712E-01
    1247   9.9508737357E-01
    1248   9.9537972828E-01
    1249   9.9578982371E-01
    1250   9.9638582899E-01
    1251   9.9719923869E-01
    1252   9.9819450929E-01
    1253   9.9929706331E-01
    1254   1.0004416544E+00
    1255   1.0015898424E+00
    1256   1.0026974250E+00
    1257   1.0036755115E+00
    1258   1.0044011748E+00
    1259   1.0047743826E+00
    1260   1.0047643148E+00
    1261   1.0044070061E+00
    1262   1.0037637510E+00
    1263   1.0029008908E+00
    1264   1.0019184001E+00
    1265   1.0009855451E+00
    1266   1.0003198130E+00
    1267   1.0001071188E+00
    1268   1.0004180235E+00
    1269   1.0011943794E+00
    1270   1.0023171690E+00
    1271   1.0036749316E+00
    1272   1.0051893815E+00
    1273   1.0067685453E+00
    1274   1.0082640333E+00
    1275   1.0094963629E+00
    1276   1.0103277596E+00
    1277   1.0107072717E+00
    1278   1.0106469365E+00
    1279   1.0101648558E+00
    1280   1.0092743121E+00
    1281   1.0080418508E+00
    1282   1.0066359135E+00
    1283   1.0052931949E+00
    1284   1.0042113063E+00
    1285   1.0034572175E+00
    1286   1.0029738946E+00
    1287   1.0026745479E+00
    1288   1.0025253932E+00
    1289   1.0025425247E+00
    1290   1.0027233227E+00
    1291   1.0029971909E+00
    1292   1.0032601469E+00
    1293   1.0034643936E+00
    1294   1.0036618701E+00
    1295   1.0039592223E+00
    1296   1.0044331016E+00
    1297   1.0050887040E+00
    1298   1.0058953179E+00
    1299   1.0068431721E+00
    1300   1.0079396633E+00
    1301   1.0091478021E+00
    1302   1.0103429478E+00
    1303   1.0113592350E+00
    1304   1.0121240700E+00
    1305   1.0126340712E+00
    1306   1.0131256799E+00
    1307   1.0137806569E+00
    1308   1.0146759623E+00
    1309   1.0158033238E+00
    1310   1.0171318644E+00
    1311   1.0186471786E+00
    1312   1.0203091722E+00
    1313   1.0219896463E+00
    1314   1.0234781105E+00
    1315   1.0245680742E+00
    1316   1.0251569189E+00
    1317   1.0253399683E+00
    1318   1.0250289111E+00
    1319   1.0242756921E+00
    1320   1.0232861036E+00
    1321   1.0220751542E+00
    1322   1.0208117084E+00
    1323   1.0196825529E+00
    1324   1.0188022971E+00
    1325   1.0181781869E+00
    1326   1.0177650670E+00
    1327   1.0175476262E+00
    1328   1.0175626916E+00
    1329   1.0178435768E+00
    1330   1.0183459287E+00
    1331   1.0189342494E+00
    1332   1.0194508846E+00
    1333   1.0197977942E+00
    1334   1.0199975873E+00
    1335   1.0200062565E+00
    1336   1.0198252857E+00
    1337   1.0196342658E+00
    1338   1.0194879432E+00
    1339   1.0195363416E+00
    1340   1.0198852593E+00
    1341   1.0205060356E+00
    1342   1.0212224711E+00
    1343   1.0218452455E+00
    1344   1.0221978552E+00
    1345   1.0221877594E+00
    1346   1.0221464805E+00
    1347   1.0221420136E+00
    1348   1.0222352648E+00
    1349   1.0224258918E+00
    1350   1.0227043459E+00
    1351   1.0230751823E+00
    1352   1.0235426507E+00
    1353   1.0241143908E+00
    1354   1.0244445535E+00
    1355   1.0247064468E+00
    1356   1.0248949883E+00
    1357   1.0250725334E+00
    1358   1.0252922267E+00
    1359   1.0255195209E+00
    1360   1.0256731914E+00
    1361   1.0257266480E+00
    1362   1.0257745592E+00
    1363   1.0260246474E+00
    1364   1.0262403860E+00
    1365   1.0266109519E+00
    1366   1.0269588610E+00
    1367   1.0271731193E+00
    1368   1.0272729779E+00
    1369   1.0273223429E+00
    1370   1.0273323637E+00
    1371   1.0272316510E+00
    1372   1.0269338055E+00
    1373   1.0264279650E+00
    1374   1.0257909455E+00
    1375   1.0251375195E+00
    1376   1.0245114723E+00
    1377   1.0237049428E+00
    1378   1.0230685781E+00
    1379   1.0227258639E+00
    1380   1.0228946803E+00
    1381   1.0236479500E+00
    1382   1.0248127889E+00
    1383   1.0261428776E+00
    1384   1.0271442503E+00
    1385   1.0276639384E+00
    1386   1.0278876928E+00
    1387   1.0278079810E+00
    1388   1.0274989187E+00
    1389   1.0270618264E+00
    1390   1.0266614602E+00
    1391   1.0265522309E+00
    1392   1.0264689823E+00
    1393   1.0264659343E+00
    1394   1.0263066518E+00
    1395   1.0258187364E+00
    1396   1.0251128879E+00
    1397   1.0244629623E+00
    1398   1.0241159380E+00
    1399   1.0241543452E+00
    1400   1.0245097007E+00
    1401   1.0251511202E+00
    1402   1.0257133544E+00
    1403   1.0261937029E+00
    1404   1.0264485034E+00
    1405   1.0262462611E+00
    1406   1.0255469487E+00
    1407   1.0245243374E+00
    1408   1.0234815538E+00
    1409   1.0226736517E+00
    1410   1.0221868154E+00
    1411   1.0219604372E+00
    1412   1.0219077264E+00
    1413   1.0219991585E+00
    1414   1.0222425000E+00
    1415   1.0226672188E+00
    1416   1.0231182921E+00
    1417   1.0234290225E+00
    1418   1.0237370614E+00
    1419   1.0239804722E+00
    1420   1.0241526878E+00
    1421   1.0242001269E+00
    1422   1.0240766470E+00
    1423   1.0238899461E+00
    1424   1.0235523014E+00
    1425   1.0234759549E+00
    1426   1.0237628308E+00
    1427   1.0243615507E+00
    1428   1.0251411454E+00
    1429   1.0259263304E+00
    1430   1.0265370027E+00
    1431   1.0268650263E+00
    1432   1.0266760645E+00
    1433   1.0258542206E+00
    1434   1.0248300917E+00
    1435   1.0238322268E+00
    1436   1.0231897315E+00
    1437   1.0230825941E+00
    1438   1.0234914789E+00
    1439   1.0242706678E+00
    1440   1.0252554712E+00
    1441   1.0263503059E+00
    1442   1.0275408109E+00
    1443   1.0284377110E+00
    1444   1.0293023729E+00
    1445   1.0300452635E+00
    1446   1.0306262791E+00
    1447   1.0310001580E+00
    1448   1.0311062188E+00
    1449   1.0309385383E+00
    1450   1.0306231665E+00
    1451   1.0304070984E+00
    1452   1.0305478370E+00
    1453   1.0313079274E+00
    1454   1.0322007745E+00
    1455   1.0333094124E+00
    1456   1.0344692573E+00
    1457   1.0354918015E+00
    1458   1.0365107209E+00
    1459   1.0371236929E+00
    1460   1.0375345158E+00
    1461   1.0381229162E+00
    1462   1.0389373910E+00
    1463   1.0401945992E+00
    1464   1.0419397668E+00
    1465   1.0433493696E+00
    1466   1.0449129235E+00
    1467   1.0462462448E+00
    1468   1.0472378726E+00
    1469   1.0481275074E+00
    1470   1.0482323956E+00
    1471   1.0476109446E+00
    1472   1.0468104748E+00
    1473   1.0457682090E+00
    1474   1.0447103656E+00
    1475   1.0437772154E+00
    1476   1.0430694880E+00
    1477   1.0425902807E+00
    1478   1.0416871302E+00
    1479   1.0411777727E+00
    1480   1.0408806170E+00
    1481   1.0409454636E+00
    1482   1.0405790888E+00
    1483   1.0402818408E+00
    1484   1.0399434578E+00
    1485   1.0394447645E+00
    1486   1.0389475723E+00
    1487   1.0379340067E+00
    1488   1.0367418441E+00
    1489   1.0357914378E+00
    1490   1.0352601810E+00
    1491   1.0354037118E+00
    1492   1.0362695932E+00
    1493   1.0378536983E+00
    1494   1.0393383196E+00
    1495   1.0404286082E+00
    1496   1.0411431389E+00
    1497   1.0412615259E+00
    1498   1.0408680981E+00
    1499   1.0401634298E+00
    1500   1.0394172907E+00
    1501   1.0389798091E+00
    1502   1.0390980095E+00
    1503   1.0392607294E+00
    1504   1.0399896704E+00
    1505   1.0409209949E+00
    1506   1.0421468909E+00
    1507   1.0428938223E+00
    1508   1.0436781736E+00
    1509   1.0445206573E+00
    1510   1.0452330179E+00
    1511   1.0457574392E+00
    1512   1.0451068102E+00
    1513   1.0441768218E+00
    1514   1.0429206298E+00
    1515   1.0414949545E+00
    1516   1.0401256387E+00
    1517   1.0390600697E+00
    1518   1.0378361820E+00
    1519   1.0372013675E+00
    1520   1.0370089660E+00
    1521   1.0370944774E+00
    1522   1.0372321146E+00
    1523   1.0372091975E+00
    1524   1.0369348589E+00
    1525   1.0364728709E+00
    1526   1.0360546003E+00
    1527   1.0351858275E+00
    1528   1.0344142084E+00
    1529   1.0337537755E+00
    1530   1.0333202735E+00
    1531   1.0334397826E+00
    1532   1.0337211345E+00
    1533   1.0343583866E+00
    1534   1.0352479691E+00
    1535   1.0362296555E+00
    1536   1.0373416698E+00
    1537   1.0387886729E+00
    1538   1.0397977679E+00
    1539   1.0406655857E+00
    1540   1.0411555824E+00
    1541   1.0411926171E+00
    1542   1.0409469720E+00
    1543   1.0408143616E+00
    1544   1.0404968986E+00
    1545   1.0400257602E+00
    1546   1.0397980052E+00
    1547   1.0396868008E+00
    1548   1.0397299242E+00
    1549   1.0398277303E+00
    1550   1.0397442404E+00
    1551   1.0393056895E+00
    1552   1.0385578742E+00
    1553   1.0370552326E+00
    1554   1.0356523020E+00
    1555   1.0343305734E+00
    1556   1.0331574140E+00
    1557   1.0323240228E+00
    1558   1.0316062745E+00
    1559   1.0316358246E+00
    1560   1.0323287465E+00
    1561   1.0334709195E+00
    1562   1.0347915674E+00
    1563   1.0362924503E+00
    1564   1.0373971306E+00
    1565   1.0383955471E+00
    1566   1.0392992263E+00
    1567   1.0398477066E+00
    1568   1.0399509742E+00
    1569   1.0397410259E+00
    1570   1.0395008434E+00
    1571   1.0387162851E+00
    1572   1.0380173772E+00
    1573   1.0371394225E+00
    1574   1.0360567241E+00
    1575   1.0349438570E+00
    1576   1.0340122186E+00
    1577   1.0333531521E+00
    1578   1.0329094610E+00
    1579   1.0327332221E+00
    1580   1.0325117233E+00
    1581   1.0324259914E+00
    1582   1.0326672879E+00
    1583   1.0329959372E+00
    1584   1.0332957868E+00
    1585   1.0334981276E+00
    1586   1.0333627486E+00
    1587   1.0335384015E+00
    1588   1.0338937858E+00
    1589   1.0342309104E+00
    1590   1.0343301167E+00
    1591   1.0341412380E+00
    1592   1.0332181882E+00
    1593   1.0321709978E+00
    1594   1.0309282393E+00
    1595   1.0294593452E+00
    1596   1.0278425636E+00
    1597   1.0262831638E+00
    1598   1.0249948323E+00
    1599   1.0240186401E+00
    1600   1.0232166983E+00
    1601   1.0220634735E+00
    1602   1.0205895524E+00
    1603   1.0188725118E+00
    1604   1.0171022035E+00
    1605   1.0154400911E+00
    1606   1.0139035756E+00
    1607   1.0124426821E+00
    1608   1.0110707209E+00
    1609   1.0098969894E+00
    1610   1.0090238169E+00
    1611   1.0084398077E+00
    1612   1.0080322803E+00
    1613   1.0077129584E+00
    1614   1.0075147324E+00
    1615   1.0075485888E+00
    1616   1.0078550419E+00
    1617   1.0083145464E+00
    1618   1.0087272160E+00
    1619   1.0090065671E+00
    1620   1.0093001108E+00
    1621   1.0099169046E+00
    1622   1.0111139405E+00
    1623   1.0129258713E+00
    1624   1.0151715948E+00
    1625   1.0176045116E+00
    1626   1.0200607730E+00
    1627   1.0225105071E+00
    1628   1.0246034533E+00
    1629   1.0263587077E+00
    1630   1.0275946651E+00
    1631   1.0282730927E+00
    1632   1.0285350529E+00
    1633   1.0286491880E+00
    1634   1.0285677236E+00
    1635   1.0281319144E+00
    1636   1.0275446453E+00
    1637   1.0267659497E+00
    1638   1.0259929631E+00
    1639   1.0253942921E+00
    1640   1.0249548281E+00
    1641   1.0245406305E+00
    1642   1.0237986797E+00
    1643   1.0226343647E+00
    1644   1.0213074247E+00
    1645   1.0199134999E+00
    1646   1.0185978311E+00
    1647   1.0174661575E+00
    1648   1.0166400556E+00
    1649   1.0162730295E+00
    1650   1.0164748549E+00
    1651   1.0171979450E+00
    1652   1.0182091845E+00
    1653   1.0191989857E+00
    1654   1.0199586070E+00
    1655   1.0205280760E+00
    1656   1.0208564391E+00
    1657   1.0210213767E+00
    1658   1.0209839179E+00
    1659   1.0205002802E+00
    1660   1.0194623249E+00
    1661   1.0179655248E+00
    1662   1.0162658938E+00
    1663   1.0146358682E+00
    1664   1.0132609463E+00
    1665   1.0122454171E+00
    1666   1.0116821858E+00
    1667   1.0116758876E+00
    1668   1.0122870091E+00
    1669   1.0134516851E+00
    1670   1.0149786362E+00
    1671   1.0166411675E+00
    1672   1.0182859064E+00
    1673   1.0198543830E+00
    1674   1.0213133521E+00
    1675   1.0226406593E+00
    1676   1.0234600820E+00
    1677   1.0238220733E+00
    1678   1.0238006696E+00
    1679   1.0235259336E+00
    1680   1.0231214752E+00
    1681   1.0225502672E+00
    1682   1.0216525217E+00
    1683   1.0202929614E+00
    1684   1.0182971189E+00
    1685   1.0159953832E+00
    1686   1.0135199683E+00
    1687   1.0110086384E+00
    1688   1.0085848979E+00
    1689   1.0063936329E+00
    1690   1.0046131532E+00
    1691   1.0034015213E+00
    1692   1.0028155464E+00
    1693   1.0027763887E+00
    1694   1.0031091757E+00
    1695   1.0036143098E+00
    1696   1.0041113628E+00
    1697   1.0044397946E+00
    1698   1.0044497697E+00
    1699   1.0040367462E+00
    1700   1.0032110771E+00
    1701   1.0021308008E+00
    1702   1.0010511002E+00
    1703   1.0002101372E+00
    1704   9.9972270958E-01
    1705   9.9955679318E-01
    1706   9.9959125259E-01
    1707   9.9969529564E-01
    1708   9.9977090723E-01
    1709   9.9974182025E-01
    1710   9.9952422682E-01
    1711   9.9903080368E-01
    1712   9.9821436621E-01
    1713   9.9711207257E-01
    1714   9.9584596682E-01
    1715   9.9457431503E-01
    1716   9.9342451791E-01
    1717   9.9246323606E-01
    1718   9.9171511593E-01
    1719   9.9119490623E-01
    1720   9.9092293502E-01
    1721   9.9090697818E-01
    1722   9.9111308436E-01
    1723   9.9146776939E-01
    1724   9.9189752868E-01
    1725   9.9236986499E-01
    1726   9.9290002470E-01
    1727   9.9351470589E-01
    1728   9.9420277574E-01
    1729   9.9491011449E-01
    1730   9.9558307135E-01
    1731   9.9622836597E-01
    1732   9.9689008105E-01
    1733   9.9761047963E-01
    1734   9.9835671818E-01
    1735   9.9901228783E-01
    1736   9.9945589165E-01
    1737   9.9965930309E-01
    1738   9.9972185835E-01
    1739   9.9980333814E-01
    1740   1.0000165941E+00
    1741   1.0003806502E+00
    1742   1.0008604685E+00
    1743   1.0014293297E+00
    1744   1.0020792488E+00
    1745   1.0027650764E+00
    1746   1.0033571285E+00
    1747   1.0036875766E+00
    1748   1.0036643384E+00
    1749   1.0033770866E+00
    1750   1.0030390399E+00
    1751   1.0028502090E+00
    1752   1.0028852976E+00
    1753   1.0031085674E+00
    1754   1.0034859547E+00
    1755   1.0040553803E+00
    1756   1.0048736137E+00
    1757   1.0058872193E+00
    1758   1.0068721902E+00
    1759   1.0075312600E+00
    1760   1.0076747462E+00
    1761   1.0073100633E+00
    1762   1.0065725273E+00
    1763   1.0055813215E+00
    1764   1.0043802009E+00
    1765   1.0030168107E+00
    1766   1.0016546603E+00
    1767   1.0005584362E+00
    1768   9.9994316751E-01
    1769   9.9982128306E-01
    1770   1.0000000550E+00
    1771   1.0002384072E+00
    1772   1.0004198365E+00
    1773   1.0005757523E+00
    1774   1.0007691833E+00
    1775   1.0009780799E+00
    1776   1.0011111369E+00
    1777   1.0011276623E+00
    1778   1.0011145184E+00
    1779   1.0012050012E+00
    1780   1.0014187038E+00
    1781   1.0015892980E+00
    1782   1.0014787928E+00
    1783   1.0009801962E+00
    1784   1.0002190270E+00
    1785   9.9944389477E-01
    1786   9.9882467335E-01
    1787   9.9834767058E-01
    1788   9.9789409798E-01
    1789   9.9740084271E-01
    1790   9.9694112578E-01
    1791   9.9664860981E-01
    1792   9.9658651008E-01
    1793   9.9670101301E-01
    1794   9.9689835609E-01
    1795   9.9714669650E-01
    1796   9.9749046548E-01
    1797   9.9796159221E-01
    1798   9.9850279258E-01
    1799   9.9899931337E-01
    1800   9.9939558245E-01
    1801   9.9976828888E-01
    1802   1.0002732917E+00
    1803   1.0010004738E+00
    1804   1.0018772610E+00
    1805   1.0027047242E+00
    1806   1.0032830520E+00
    1807   1.0035069699E+00
    1808   1.0033673330E+00
    1809   1.0028872696E+00
    1810   1.0020919842E+00
    1811   1.0010429609E+00
    1812   9.9987402175E-01
    1813   9.9875433942E-01
    1814   9.9780074805E-01
    1815   9.9700969025E-01
    1816   9.9627921110E-01
    1817   9.9550383236E-01
    1818   9.9465598666E-01
    1819   9.9378895095E-01
    1820   9.9298639736E-01
    1821   9.9230932755E-01
    1822   9.9178623928E-01
    1823   9.9142461831E-01
    1824   9.9119999860E-01
    1825   9.9102621678E-01
    1826   9.9075801140E-01
    1827   9.9024362866E-01
    1828   9.8947713198E-01
    1829   9.8851371627E-01
    1830   9.8756449949E-01
    1831   9.8684357370E-01
    1832   9.8649285725E-01
    1833   9.8655779901E-01
    1834   9.8700950872E-01
    1835   9.8776241460E-01
    1836   9.8866291121E-01
    1837   9.8948877231E-01
    1838   9.9000236788E-01
    1839   9.9004156348E-01
    1840   9.8959224550E-01
    1841   9.8877301761E-01
    1842   9.8774419467E-01
    1843   9.8659741152E-01
    1844   9.8548107046E-01
    1845   9.8440960914E-01
    1846   9.8346884765E-01
    1847   9.8278010463E-01
    1848   9.8240233638E-01
    1849   9.8229736791E-01
    1850   9.8234483750E-01
    1851   9.8240148845E-01
    1852   9.8236082200E-01
    1853   9.8217054990E-01
    1854   9.8181583186E-01
    1855   9.8131125663E-01
    1856   9.8071465849E-01
    1857   9.8013699346E-01
    1858   9.7971984135E-01
    1859   9.7957838398E-01
    1860   9.7974455390E-01
    1861   9.8010877970E-01
    1862   9.8073244932E-01
    1863   9.8145046803E-01
    1864   9.8221974962E-01
    1865   9.8309204481E-01
    1866   9.8404573960E-01
    1867   9.8499399479E-01
    1868   9.8580605466E-01
    1869   9.8635952614E-01
    1870   9.8659290832E-01
    1871   9.8653944932E-01
    1872   9.8633204862E-01
    1873   9.8617736769E-01
    1874   9.8629559251E-01
    1875   9.8683702330E-01
    1876   9.8781093944E-01
    1877   9.8906814971E-01
    1878   9.9035625166E-01
    1879   9.9141850558E-01
    1880   9.9208654017E-01
    1881   9.9231390639E-01
    1882   9.9219015830E-01
    1883   9.9187718498E-01
    1884   9.9153803828E-01
    1885   9.9130811247E-01
    1886   9.9119337548E-01
    1887   9.9105319440E-01
    1888   9.9067151611E-01
    1889   9.8989712551E-01
    1890   9.8876234699E-01
    1891   9.8748782854E-01
    1892   9.8636429763E-01
    1893   9.8560709349E-01
    1894   9.8528814962E-01
    1895   9.8537559674E-01
    1896   9.8581435689E-01
    1897   9.8655237533E-01
    1898   9.8749009651E-01
    1899   9.8842810756E-01
    1900   9.8909225672E-01
    1901   9.8928322631E-01
    1902   9.8899744142E-01
    1903   9.8834026286E-01
    1904   9.8754337755E-01
    1905   9.8678167029E-01
    1906   9.8617955678E-01
    1907   9.8587362210E-01
    1908   9.8604349560E-01
    1909   9.8683389513E-01
    1910   9.8822292686E-01
    1911   9.8997174360E-01
    1912   9.9172893233E-01
    1913   9.9322608006E-01
    1914   9.9440599856E-01
    1915   9.9536797020E-01
    1916   9.9620073687E-01
    1917   9.9687807111E-01
    1918   9.9730964146E-01
    1919   9.9748047350E-01
    1920   9.9750935438E-01
    1921   9.9755045910E-01
    1922   9.9763863865E-01
    1923   9.9765185399E-01
    1924   9.9743593625E-01
    1925   9.9697337612E-01
    1926   9.9641925489E-01
    1927   9.9595854631E-01
    1928   9.9562396930E-01
    1929   9.9527429367E-01
    1930   9.9470352659E-01
    1931   9.9384549178E-01
    1932   9.9281551243E-01
    1933   9.9179783285E-01
    1934   9.9090438082E-01
    1935   9.9014968227E-01
    1936   9.8953729771E-01
    1937   9.8914524849E-01
    1938   9.8909664775E-01
    1939   9.8944178351E-01
    1940   9.9008440940E-01
    1941   9.9085090202E-01
    1942   9.9164485255E-01
    1943   9.9254012533E-01
    1944   9.9370434297E-01
    1945   9.9520604537E-01
    1946   9.9688080791E-01
    1947   9.9837311715E-01
    1948   9.9930971962E-01
    1949   9.9946259601E-01
    1950   9.9877106726E-01
    1951   9.9725470445E-01
    1952   9.9495150276E-01
    1953   9.9195235323E-01
    1954   9.8846314180E-01
    1955   9.8479908033E-01
    1956   9.8127485541E-01
    1957   9.7808122595E-01
    1958   9.7525638531E-01
    1959   9.7276313313E-01
    1960   9.7049446418E-01
    1961   9.6860895465E-01
    1962   9.6741485201E-01
    1963   9.6653831775E-01
    1964   9.6601526896E-01
    1965   9.6571164343E-01
    1966   9.6552651409E-01
    1967   9.6542584631E-01
    1968   9.6534454679E-01
    1969   9.6525483195E-01
    1970   9.6560279910E-01
    1971   9.6585370173E-01
    1972   9.6627382900E-01
    1973   9.6704143704E-01
    1974   9.6830844129E-01
    1975   9.7004454559E-01
    1976   9.7242907756E-01
    1977   9.7526698594E-01
    1978   9.7818137806E-01
    1979   9.8112125188E-01
    1980   9.8392937235E-01
    1981   9.8644966446E-01
    1982   9.8853316795E-01
    1983   9.9006850684E-01
    1984   9.9101365367E-01
    1985   9.9140000337E-01
    1986   9.9130668641E-01
    1987   9.9082826560E-01
    1988   9.9004988925E-01
    1989   9.8902791872E-01
    1990   9.8781274985E-01
    1991   9.8650885037E-01
    1992   9.8512952346E-01
    1993   9.8380024609E-01
    1994   9.8265797623E-01
    1995   9.8183361601E-01
    1996   9.8142074780E-01
    1997   9.8146568494E-01
    1998   9.8197767049E-01
    1999   9.8293892263E-01
    2000   9.8428954576E-01
    2001   9.8590095639E-01
    2002   9.8757498004E-01
    2003   9.8909095644E-01
    2004   9.9028785503E-01
    2005   9.9112188615E-01
    2006   9.9164871275E-01
    2007   9.9195266218E-01
    2008   9.9209128258E-01
    2009   9.9210379606E-01
    2010   9.9206224051E-01
    2011   9.9209461614E-01
    2012   9.9233262885E-01
    2013   9.9282738543E-01
    2014   9.9351219842E-01
    2015   9.9424574115E-01
    2016   9.9491447099E-01
    2017   9.9547580439E-01
    2018   9.9590655360E-01
    2019   9.9616584268E-01
    2020   9.9616020883E-01
    2021   9.9582107519E-01
    2022   9.9519757682E-01
    2023   9.9446133339E-01
    2024   9.9379920239E-01
    2025   9.9329731834E-01
    2026   9.9292143904E-01
    2027   9.9261838591E-01
    2028   9.9243675566E-01
    2029   9.9254297881E-01
    2030   9.9311042829E-01
    2031   9.9419180724E-01
    2032   9.9568485752E-01
    2033   9.9741385035E-01
    2034   9.9923142583E-01
    2035   1.0010296801E+00
    2036   1.0026551124E+00
    2037   1.0038472192E+00
    2038   1.0043004006E+00
    2039   1.0038280681E+00
    2040   1.0024836266E+00
    2041   1.0005154776E+00
    2042   9.9819897305E-01
    2043   9.9570795462E-01
    2044   9.9312502374E-01
    2045   9.9054984433E-01
    2046   9.8816638008E-01
    2047   9.8618598022E-01
    2048   9.8472834907E-01
    2049   9.8376207310E-01
    2050   9.8316676662E-01
    2051   9.8285951814E-01
    2052   9.8286198307E-01
    2053   9.8324809552E-01
    2054   9.8403224907E-01
    2055   9.8511623714E-01
    2056   9.8633774132E-01
    2057   9.8762975225E-01
    2058   9.8901739778E-01
    2059   9.9045292683E-01
    2060   9.9187725540E-01
    2061   9.9308974398E-01
    2062   9.9388858931E-01
    2063   9.9420766098E-01
    2064   9.9414937074E-01
    2065   9.9388192871E-01
    2066   9.9351311228E-01
    2067   9.9305992863E-01
    2068   9.9252360638E-01
    2069   9.9196831486E-01
    2070   9.9150653490E-01
    2071   9.9120784816E-01
    2072   9.9104786694E-01
    2073   9.9096709311E-01
    2074   9.9099602931E-01
    2075   9.9131315550E-01
    2076   9.9215457598E-01
    2077   9.9363716063E-01
    2078   9.9564369376E-01
    2079   9.9785611691E-01
    2080   9.9989485723E-01
    2081   1.0014392279E+00
    2082   1.0022420319E+00
    2083   1.0020900954E+00
    2084   1.0008313312E+00
    2085   9.9847791744E-01
    2086   9.9527862132E-01
    2087   9.9165096763E-01
    2088   9.8799295423E-01
    2089   9.8452050544E-01
    2090   9.8122379480E-01
    2091   9.7830700320E-01
    2092   9.7578194902E-01
    2093   9.7384900244E-01
    2094   9.7268262508E-01
    2095   9.7227721956E-01
    2096   9.7247611411E-01
    2097   9.7308187048E-01
    2098   9.7388103665E-01
    2099   9.7493593237E-01
    2100   9.7613472979E-01
    2101   9.7707542702E-01
    2102   9.7762474755E-01
    2103   9.7770804386E-01
    2104   9.7748494694E-01
    2105   9.7725682271E-01
    2106   9.7726258518E-01
    2107   9.7753872932E-01
    2108   9.7796098609E-01
    2109   9.7841232799E-01
    2110   9.7891546750E-01
    2111   9.7957748620E-01
    2112   9.8050235760E-01
    2113   9.8175080673E-01
    2114   9.8299993226E-01
    2115   9.8422381234E-01
    2116   9.8548420028E-01
    2117   9.8690069801E-01
    2118   9.8848278575E-01
    2119   9.9003599827E-01
    2120   9.9125739909E-01
    2121   9.9193668872E-01
    2122   9.9207295225E-01
    2123   9.9179434097E-01
    2124   9.9117756802E-01
    2125   9.9015902080E-01
    2126   9.8863511809E-01
    2127   9.8663053320E-01
    2128   9.8435039757E-01
    2129   9.8204631355E-01
    2130   9.7982993357E-01
    2131   9.7758192210E-01
    2132   9.7513304434E-01
    2133   9.7275647685E-01
    2134   9.7043649181E-01
    2135   9.6855878444E-01
    2136   9.6730987849E-01
    2137   9.6662233614E-01
    2138   9.6622501646E-01
    2139   9.6576966632E-01
    2140   9.6570890324E-01
    2141   9.6555992268E-01
    2142   9.6546232866E-01
    2143   9.6542174260E-01
    2144   9.6537516767E-01
    2145   9.6517259305E-01
    2146   9.6527589892E-01
    2147   9.6581329657E-01
    2148   9.6655069008E-01
    2149   9.6750946721E-01
    2150   9.6845395517E-01
    2151   9.6919318499E-01
    2152   9.6969004346E-01
    2153   9.7003985145E-01
    2154   9.7026832476E-01
    2155   9.7048726980E-01
    2156   9.7078285105E-01
    2157   9.7073960233E-01
    2158   9.7051872040E-01
    2159   9.7025702369E-01
    2160   9.7009846386E-01
    2161   9.7009724314E-01
    2162   9.7019849738E-01
    2163   9.7028286081E-01
    2164   9.7023750982E-01
    2165   9.7048693669E-01
    2166   9.7065766169E-01
    2167   9.7079063938E-01
    2168   9.7076899334E-01
    2169   9.7044222557E-01
    2170   9.6976226727E-01
    2171   9.6869137548E-01
    2172   9.6769615029E-01
    2173   9.6697091518E-01
    2174   9.6638259275E-01
    2175   9.6610980541E-01
    2176   9.6619624423E-01
    2177   9.6669312631E-01
    2178   9.6749573872E-01
    2179   9.6900166581E-01
    2180   9.7076012145E-01
    2181   9.7248268806E-01
    2182   9.7405038305E-01
    2183   9.7535559256E-01
    2184   9.7640613491E-01
    2185   9.7727188589E-01
    2186   9.7802169098E-01
    2187   9.7870574595E-01
    2188   9.7939903044E-01
    2189   9.8024757495E-01
    2190   9.8142759725E-01
    2191   9.8328564724E-01
    2192   9.8574652408E-01
    2193   9.8871572026E-01
    2194   9.9198180806E-01
    2195   9.9528837593E-01
    2196   9.9841746391E-01
    2197   1.0011909776E+00
    2198   1.0034372288E+00
    2199   1.0049814999E+00
    2200   1.0057001445E+00
    2201   1.0055925499E+00
    2202   1.0048008963E+00
    2203   1.0035641178E+00
    2204   1.0021400110E+00
    2205   1.0007563060E+00
    2206   9.9961147692E-01
    2207   9.9888137849E-01
    2208   9.9869210517E-01
    2209   9.9907160976E-01
    2210   9.9992011951E-01
    2211   1.0010352685E+00
    2212   1.0021857244E+00
    2213   1.0031760650E+00
    2214   1.0038616337E+00
    2215   1.0041243312E+00
    2216   1.0038501104E+00
    2217   1.0029371190E+00
    2218   1.0013345999E+00
    2219   9.9908186448E-01
    2220   9.9631914704E-01
    2221   9.9327573625E-01
    2222   9.9024125087E-01
    2223   9.8752936164E-01
    2224   9.8543762711E-01
    2225   9.8420765367E-01
    2226   9.8399451887E-01
    2227   9.8485874133E-01
    2228   9.8677227714E-01
    2229   9.8962091598E-01
    2230   9.9319853132E-01
    2231   9.9720909508E-01
    2232   1.0012997162E+00
    2233   1.0051369234E+00
    2234   1.0084796597E+00
    2235   1.0111903622E+00
    2236   1.0131833723E+00
    2237   1.0143719857E+00
    2238   1.0146818879E+00
    2239   1.0141314304E+00
    2240   1.0128905478E+00
    2241   1.0112369602E+00
    2242   1.0094309261E+00
    2243   1.0076043333E+00
    2244   1.0057473734E+00
    2245   1.0037837851E+00
    2246   1.0016448035E+00
    2247   9.9927819843E-01
    2248   9.9662228855E-01
    2249   9.9361867269E-01
    2250   9.9028681660E-01
    2251   9.8679778603E-01
    2252   9.8345296563E-01
    2253   9.8055451411E-01
    2254   9.7826875790E-01
    2255   9.7659218787E-01
    2256   9.7544064727E-01
    2257   9.7477960586E-01
    2258   9.7468375812E-01
    2259   9.7527805899E-01
    2260   9.7663090672E-01
    2261   9.7868592201E-01
    2262   9.8130321280E-01
    2263   9.8448964898E-01
    2264   9.8796586810E-01
    2265   9.9164288077E-01
    2266   9.9526254212E-01
    2267   9.9843144277E-01
    2268   1.0007592583E+00
    2269   1.0020249750E+00
    2270   1.0022456130E+00
    2271   1.0015934910E+00
    2272   1.0002664828E+00
    2273   9.9843504361E-01
    2274   9.9628777339E-01
    2275   9.9408968946E-01
    2276   9.9215490616E-01
    2277   9.9073354529E-01
    2278   9.8992219817E-01
    2279   9.8968128122E-01
    2280   9.8993265843E-01
    2281   9.9064198509E-01
    2282   9.9180687491E-01
    2283   9.9337399671E-01
    2284   9.9518597172E-01
    2285   9.9702392828E-01
    2286   9.9871137158E-01
    2287   1.0001761253E+00
    2288   1.0014107838E+00
    2289   1.0023709905E+00
    2290   1.0029292892E+00
    2291   1.0029399254E+00
    2292   1.0023532653E+00
    2293   1.0012640980E+00
    2294   9.9985045069E-01
    2295   9.9826432269E-01
    2296   9.9658640153E-01
    2297   9.9487741824E-01
    2298   9.9325426875E-01
    2299   9.9189774265E-01
    2300   9.9098309500E-01
    2301   9.9059725894E-01
    2302   9.9071816839E-01
    2303   9.9126117626E-01
    2304   9.9212127542E-01
    2305   9.9316297049E-01
    2306   9.9418987731E-01
    2307   9.9496194933E-01
    2308   9.9529456970E-01
    2309   9.9517889844E-01
    2310   9.9481502925E-01
    2311   9.9450665534E-01
    2312   9.9446485134E-01
    2313   9.9473999362E-01
    2314   9.9523378109E-01
    2315   9.9581134683E-01
    2316   9.9637202866E-01
    2317   9.9682588879E-01
    2318   9.9703670259E-01
    2319   9.9682593465E-01
    2320   9.9606928787E-01
    2321   9.9480480217E-01
    2322   9.9323726036E-01
    2323   9.9162838948E-01
    2324   9.9017782884E-01
    2325   9.8899186266E-01
    2326   9.8815149194E-01
    2327   9.8778647975E-01
    2328   9.8805081356E-01
    2329   9.8901432706E-01
    2330   9.9057368476E-01
    2331   9.9247500114E-01
    2332   9.9444545688E-01
    2333   9.9631312644E-01
    2334   9.9799970572E-01
    2335   9.9940608397E-01
    2336   1.0003233494E+00
    2337   1.0004831250E+00
    2338   9.9971544324E-01
    2339   9.9806710736E-01
    2340   9.9576766318E-01
    2341   9.9309128439E-01
    2342   9.9025703360E-01
    2343   9.8744940752E-01
    2344   9.8490134305E-01
    2345   9.8291501528E-01
    2346   9.8171569475E-01
    2347   9.8156047460E-01
    2348   9.8227389847E-01
    2349   9.8362253680E-01
    2350   9.8551247309E-01
    2351   9.8796606144E-01
    2352   9.9106953754E-01
    2353   9.9481275246E-01
    2354   9.9900512656E-01
    2355   1.0033446282E+00
    2356   1.0075664720E+00
    2357   1.0115202806E+00
    2358   1.0151007783E+00
    2359   1.0181245490E+00
    2360   1.0203171140E+00
    2361   1.0215105309E+00
    2362   1.0214857863E+00
    2363   1.0204762170E+00
    2364   1.0187611468E+00
    2365   1.0164242651E+00
    2366   1.0135413661E+00
    2367   1.0102722123E+00
    2368   1.0069432831E+00
    2369   1.0039690593E+00
    2370   1.0016744824E+00
    2371   1.0001838116E+00
    2372   9.9946543039E-01
    2373   9.9946445581E-01
    2374   1.0001744247E+00
    2375   1.0015759257E+00
    2376   1.0035151854E+00
    2377   1.0056610896E+00
    2378   1.0076042739E+00
    2379   1.0090136780E+00
    2380   1.0097150854E+00
    2381   1.0096443627E+00
    2382   1.0087617428E+00
    2383   1.0070396845E+00
    2384   1.0045370238E+00
    2385   1.0014623054E+00
    2386   9.9812872655E-01
    2387   9.9482662058E-01
    2388   9.9172548979E-01
    2389   9.8887822407E-01
    2390   9.8630282974E-01
    2391   9.8404904348E-01
    2392   9.8218003040E-01
    2393   9.8070249250E-01
    2394   9.7953331166E-01
    2395   9.7854027410E-01
    2396   9.7762512604E-01
    2397   9.7674701809E-01
    2398   9.7590975439E-01
    2399   9.7539894800E-01
    2400   9.7495573778E-01
    2401   9.7464736215E-01
    2402   9.7453052898E-01
    2403   9.7468813253E-01
    2404   9.7517699505E-01
    2405   9.7596204919E-01
    2406   9.7691292978E-01
    2407   9.7787507117E-01
    2408   9.7873356870E-01
    2409   9.7958344245E-01
    2410   9.8066677717E-01
    2411   9.8201482532E-01
    2412   9.8389228634E-01
    2413   9.8647565713E-01
    2414   9.8989226498E-01
    2415   9.9417247733E-01
    2416   9.9920339321E-01
    2417   1.0047283481E+00
    2418   1.0104104667E+00
    2419   1.0159230041E+00
    2420   1.0209961855E+00
    2421   1.0253979678E+00
    2422   1.0290131069E+00
    2423   1.0311892775E+00
    2424   1.0319032007E+00
    2425   1.0311476182E+00
    2426   1.0289639115E+00
    2427   1.0256012621E+00
    2428   1.0214071255E+00
    2429   1.0167894090E+00
    2430   1.0121772845E+00
    2431   1.0079600473E+00
    2432   1.0044165858E+00
    2433   1.0016734722E+00
    2434   9.9971754433E-01
    2435   9.9845308583E-01
    2436   9.9775331016E-01
    2437   9.9748245810E-01
    2438   9.9750222590E-01
    2439   9.9768540637E-01
    2440   9.9794825160E-01
    2441   9.9828164036E-01
    2442   9.9873402507E-01
    2443   9.9935193309E-01
    2444   1.0001245985E+00
    2445   1.0009762193E+00
    2446   1.0018116163E+00
    2447   1.0025700583E+00
    2448   1.0032312359E+00
    2449   1.0037808618E+00
    2450   1.0041786323E+00
    2451   1.0043574291E+00
    2452   1.0042446598E+00
    2453   1.0037708495E+00
    2454   1.0028532816E+00
    2455   1.0013897483E+00
    2456   9.9929782561E-01
    2457   9.9658933326E-01
    2458   9.9342430282E-01
    2459   9.9009007161E-01
    2460   9.8690448998E-01
    2461   9.8411479209E-01
    2462   9.8185544110E-01
    2463   9.8017082311E-01
    2464   9.7906093176E-01
    2465   9.7850549003E-01
    2466   9.7845154688E-01
    2467   9.7880559378E-01
    2468   9.7945171443E-01
    2469   9.8028865810E-01
    2470   9.8125037637E-01
    2471   9.8229003765E-01
    2472   9.8351598802E-01
    2473   9.8474022872E-01
    2474   9.8594911953E-01
    2475   9.8713541305E-01
    2476   9.8833532113E-01
    2477   9.8961379485E-01
    2478   9.9101028196E-01
    2479   9.9250098489E-01
    2480   9.9400609625E-01
    2481   9.9543558177E-01
    2482   9.9673805829E-01
    2483   9.9791451032E-01
    2484   9.9900229671E-01
    2485   1.0000501119E+00
    2486   1.0011018252E+00
    2487   1.0021879295E+00
    2488   1.0033236286E+00
    2489   1.0045054820E+00
    2490   1.0057212028E+00
    2491   1.0069676763E+00
    2492   1.0082635725E+00
    2493   1.0096391981E+00
    2494   1.0111102855E+00
    2495   1.0126464866E+00
    2496   1.0141618355E+00
    2497   1.0155246551E+00
    2498   1.0165854197E+00
    2499   1.0172291772E+00
    2500   1.0172200651E+00
    2501   1.0166856001E+00
    2502   1.0157537922E+00
    2503   1.0146541599E+00
    2504   1.0136409368E+00
    2505   1.0128946744E+00
    2506   1.0124879977E+00
    2507   1.0124103592E+00
    2508   1.0126117263E+00
    2509   1.0130177344E+00
    2510   1.0135148091E+00
    2511   1.0139598117E+00
    2512   1.0142452476E+00
    2513   1.0143876219E+00
    2514   1.0145527096E+00
    2515   1.0149792795E+00
    2516   1.0158582891E+00
    2517   1.0170622225E+00
    2518   1.0185221578E+00
    2519   1.0200190874E+00
    2520   1.0213595020E+00
    2521   1.0223603139E+00
    2522   1.0227825332E+00
    2523   1.0223510031E+00
    2524   1.0208852259E+00
    2525   1.0184461606E+00
    2526   1.0153663593E+00
    2527   1.0121288065E+00
    2528   1.0092057323E+00
    2529   1.0069846481E+00
    2530   1.0057927878E+00
    2531   1.0059255614E+00
    2532   1.0075854487E+00
    2533   1.0107760375E+00
    2534   1.0151073844E+00
    2535   1.0199885397E+00
    2536   1.0248122044E+00
    2537   1.0291356897E+00
    2538   1.0327626763E+00
    2539   1.0356246649E+00
    2540   1.0377011447E+00
    2541   1.0391455665E+00
    2542   1.0393863398E+00
    2543   1.0392714213E+00
    2544   1.0389603568E+00
    2545   1.0384375700E+00
    2546   1.0375367925E+00
    2547   1.0360826497E+00
    2548   1.0340814256E+00
    2549   1.0312006911E+00
    2550   1.0281056469E+00
    2551   1.0246631885E+00
    2552   1.0207136122E+00
    2553   1.0161629978E+00
    2554   1.0111018452E+00
    2555   1.0057968130E+00
    2556   1.0005473620E+00
    2557   9.9555422992E-01
    2558   9.9091471514E-01
    2559   9.8671417204E-01
    2560   9.8308709848E-01
    2561   9.8017155508E-01
    2562   9.7800545379E-01
    2563   9.7647507352E-01
    2564   9.7538179652E-01
    2565   9.7448791477E-01
    2566   9.7396335351E-01
    2567   9.7389854747E-01
    2568   9.7419108008E-01
    2569   9.7488123876E-01
    2570   9.7583021021E-01
    2571   9.7689118901E-01
    2572   9.7799043471E-01
    2573   9.7912389867E-01
    2574   9.8028609291E-01
    2575   9.8140564644E-01
    2576   9.8235536893E-01
    2577   9.8300706532E-01
    2578   9.8337195280E-01
    2579   9.8360680234E-01
    2580   9.8373053682E-01
    2581   9.8389808926E-01
    2582   9.8418258985E-01
    2583   9.8463235331E-01
    2584   9.8528353280E-01
    2585   9.8614437365E-01
    2586   9.8717351397E-01
    2587   9.8827682273E-01
    2588   9.8934543467E-01
    2589   9.9031109954E-01
    2590   9.9117754497E-01
    2591   9.9200568516E-01
    2592   9.9287118701E-01
    2593   9.9381639341E-01
    2594   9.9482745613E-01
    2595   9.9584025431E-01
    2596   9.9676572617E-01
    2597   9.9752394057E-01
    2598   9.9807873060E-01
    2599   9.9844881174E-01
    2600   9.9869469576E-01
    2601   9.9889250858E-01
    2602   9.9911403678E-01
    2603   9.9943543597E-01
    2604   9.9997020422E-01
    2605   1.0008863100E+00
    2606   1.0023815507E+00
    2607   1.0046258909E+00
    2608   1.0077038716E+00
    2609   1.0115951151E+00
    2610   1.0161948081E+00
    2611   1.0213359406E+00
    2612   1.0267895892E+00
    2613   1.0322591960E+00
    2614   1.0374039942E+00
    2615   1.0420385778E+00
    2616   1.0459280455E+00
    2617   1.0482299468E+00
    2618   1.0497039619E+00
    2619   1.0499730778E+00
    2620   1.0488951319E+00
    2621   1.0466140078E+00
    2622   1.0423615470E+00
    2623   1.0373372995E+00
    2624   1.0318690651E+00
    2625   1.0262559288E+00
    2626   1.0208143182E+00
    2627   1.0157775910E+00
    2628   1.0113055991E+00
    2629   1.0074619039E+00
    2630   1.0041894150E+00
    2631   1.0013395248E+00
    2632   9.9876828010E-01
    2633   9.9644193643E-01
    2634   9.9447305005E-01
    2635   9.9305797521E-01
    2636   9.9236799071E-01
    2637   9.9247352053E-01
    2638   9.9334514575E-01
    2639   9.9490680037E-01
    2640   9.9707792055E-01
    2641   9.9976234581E-01
    2642   1.0028017419E+00
    2643   1.0059481560E+00
    2644   1.0089039606E+00
    2645   1.0114177375E+00
    2646   1.0133752244E+00
    2647   1.0148388042E+00
    2648   1.0160117163E+00
    2649   1.0170275587E+00
    2650   1.0182718717E+00
    2651   1.0200060753E+00
    2652   1.0224856446E+00
    2653   1.0258685466E+00
    2654   1.0301086878E+00
    2655   1.0349030757E+00
    2656   1.0397395258E+00
    2657   1.0442316994E+00
    2658   1.0476510260E+00
    2659   1.0491463410E+00
    2660   1.0493069953E+00
    2661   1.0477862236E+00
    2662   1.0448547325E+00
    2663   1.0399742190E+00
    2664   1.0343022907E+00
    2665   1.0283958996E+00
    2666   1.0226191693E+00
    2667   1.0173031006E+00
    2668   1.0126070154E+00
    2669   1.0085827301E+00
    2670   1.0052360366E+00
    2671   1.0025326384E+00
    2672   1.0003708779E+00
    2673   9.9858169022E-01
    2674   9.9698716306E-01
    2675   9.9548200359E-01
    2676   9.9407404121E-01
    2677   9.9284629036E-01
    2678   9.9188065600E-01
    2679   9.9121093203E-01
    2680   9.9084100612E-01
    2681   9.9079611381E-01
    2682   9.9114576901E-01
    2683   9.9196564446E-01
    2684   9.9326917635E-01
    2685   9.9498113971E-01
    2686   9.9698256006E-01
    2687   9.9919840019E-01
    2688   1.0016547099E+00
    2689   1.0044602326E+00
    2690   1.0077307067E+00
    2691   1.0115204180E+00
    2692   1.0158016816E+00
    2693   1.0204816539E+00
    2694   1.0254128798E+00
    2695   1.0303777599E+00
    2696   1.0351346108E+00
    2697   1.0394527132E+00
    2698   1.0422924358E+00
    2699   1.0440305543E+00
    2700   1.0444450211E+00
    2701   1.0435705067E+00
    2702   1.0417622007E+00
    2703   1.0385236338E+00
    2704   1.0347237065E+00
    2705   1.0306262681E+00
    2706   1.0264091116E+00
    2707   1.0223207108E+00
    2708   1.0185404451E+00
    2709   1.0151573834E+00
    2710   1.0121720358E+00
    2711   1.0095192440E+00
    2712   1.0071095062E+00
    2713   1.0048682251E+00
    2714   1.0027492864E+00
    2715   1.0007198062E+00
    2716   9.9873770240E-01
    2717   9.9674595190E-01
    2718   9.9469104471E-01
    2719   9.9254134923E-01
    2720   9.9028007238E-01
    2721   9.8787992155E-01
    2722   9.8529820400E-01
    2723   9.8251685937E-01
    2724   9.7960787532E-01
    2725   9.7676533093E-01
    2726   9.7425979422E-01
    2727   9.7233790018E-01
    2728   9.7114058926E-01
    2729   9.7067506613E-01
    2730   9.7085247429E-01
    2731   9.7208465349E-01
    2732   9.7404501939E-01
    2733   9.7684863928E-01
    2734   9.8046861052E-01
    2735   9.8473235060E-01
    2736   9.8940133970E-01
    2737   9.9423201890E-01
    2738   9.9897555483E-01
    2739   1.0033166785E+00
    2740   1.0068356305E+00
    2741   1.0090820937E+00
    2742   1.0097494088E+00
    2743   1.0088250642E+00
    2744   1.0065900583E+00
    2745   1.0034762158E+00
    2746   9.9991059610E-01
    2747   9.9626003909E-01
    2748   9.9286795394E-01
    2749   9.9008003749E-01
    2750   9.8818528396E-01
    2751   9.8731171311E-01
    2752   9.8737934070E-01
    2753   9.8816564104E-01
    2754   9.8943724565E-01
    2755   9.9103661812E-01
    2756   9.9285746660E-01
    2757   9.9474833520E-01
    2758   9.9646110965E-01
    2759   9.9770974006E-01
    2760   9.9829152615E-01
    2761   9.9815680174E-01
    2762   9.9736677828E-01
    2763   9.9599727477E-01
    2764   9.9410414473E-01
    2765   9.9178255700E-01
    2766   9.8923422993E-01
    2767   9.8687430020E-01
    2768   9.8503801106E-01
    2769   9.8397788908E-01
    2770   9.8378932222E-01
    2771   9.8446073844E-01
    2772   9.8597208242E-01
    2773   9.8833299459E-01
    2774   9.9154058963E-01
    2775   9.9550958380E-01
    2776   1.0000542512E+00
    2777   1.0049416163E+00
    2778   1.0099617490E+00
    2779   1.0149466263E+00
    2780   1.0197262931E+00
    2781   1.0240845844E+00
    2782   1.0278087661E+00
    2783   1.0308292135E+00
    2784   1.0326268299E+00
    2785   1.0335821056E+00
    2786   1.0336589747E+00
    2787   1.0328050672E+00
    2788   1.0310056151E+00
    2789   1.0283200798E+00
    2790   1.0249507048E+00
    2791   1.0208521182E+00
    2792   1.0164503379E+00
    2793   1.0118722340E+00
    2794   1.0072059957E+00
    2795   1.0025578507E+00
    2796   9.9799811683E-01
    2797   9.9355734941E-01
    2798   9.8925482229E-01
    2799   9.8514845427E-01
    2800   9.8135625900E-01
    2801   9.7796162012E-01
    2802   9.7537348031E-01
    2803   9.7354847008E-01
    2804   9.7250255897E-01
    2805   9.7224974193E-01
    2806   9.7274838259E-01
    2807   9.7391580367E-01
    2808   9.7560163665E-01
    2809   9.7758406024E-01
    2810   9.7956288520E-01
    2811   9.8148749370E-01
    2812   9.8310501842E-01
    2813   9.8436494804E-01
    2814   9.8530572638E-01
    2815   9.8595206854E-01
    2816   9.8635092893E-01
    2817   9.8657906760E-01
    2818   9.8672449990E-01
    2819   9.8684026627E-01
    2820   9.8690563589E-01
    2821   9.8683656936E-01
    2822   9.8653841723E-01
    2823   9.8595777855E-01
    2824   9.8509711922E-01
    2825   9.8399247738E-01
    2826   9.8269195892E-01
    2827   9.8125276409E-01
    2828   9.7976509219E-01
    2829   9.7861720799E-01
    2830   9.7785349647E-01
    2831   9.7768325240E-01
    2832   9.7819519977E-01
    2833   9.7936905187E-01
    2834   9.8110994687E-01
    2835   9.8326551732E-01
    2836   9.8562538331E-01
    2837   9.8791700726E-01
    2838   9.8983577657E-01
    2839   9.9112005789E-01
    2840   9.9163600667E-01
    2841   9.9141905502E-01
    2842   9.9064726605E-01
    2843   9.8955206959E-01
    2844   9.8843868643E-01
    2845   9.8748559700E-01
    2846   9.8682467236E-01
    2847   9.8650387006E-01
    2848   9.8646934393E-01
    2849   9.8660285445E-01
    2850   9.8678758863E-01
    2851   9.8697324726E-01
    2852   9.8720089099E-01
    2853   9.8757608658E-01
    2854   9.8822107916E-01
    2855   9.8924775946E-01
    2856   9.9076546932E-01
    2857   9.9289187059E-01
    2858   9.9573124074E-01
    2859   9.9932033232E-01
    2860   1.0035793858E+00
    2861   1.0083090634E+00
    2862   1.0132362125E+00
    2863   1.0180617040E+00
    2864   1.0224737706E+00
    2865   1.0261354621E+00
    2866   1.0287011195E+00
    2867   1.0298949589E+00
    2868   1.0296932012E+00
    2869   1.0277599216E+00
    2870   1.0245459252E+00
    2871   1.0202581427E+00
    2872   1.0150509203E+00
    2873   1.0092312092E+00
    2874   1.0032443238E+00
    2875   9.9762296370E-01
    2876   9.9286583679E-01
    2877   9.8933998039E-01
    2878   9.8727894407E-01
    2879   9.8684687690E-01
    2880   9.8817780171E-01
    2881   9.9133359327E-01
    2882   9.9620339233E-01
    2883   1.0024307016E+00
    2884   1.0094480245E+00
    2885   1.0166048667E+00
    2886   1.0232941983E+00
    2887   1.0289923516E+00
    2888   1.0332345499E+00
    2889   1.0356225562E+00
    2890   1.0360134887E+00
    2891   1.0342971861E+00
    2892   1.0305408836E+00
    2893   1.0256371174E+00
    2894   1.0197407640E+00
    2895   1.0131103165E+00
    2896   1.0060326708E+00
    2897   9.9890356228E-01
    2898   9.9218380910E-01
    2899   9.8625645976E-01
    2900   9.8131439795E-01
    2901   9.7736284221E-01
    2902   9.7431541149E-01
    2903   9.7202059201E-01
    2904   9.7041837919E-01
    2905   9.6967439197E-01
    2906   9.6919126074E-01
    2907   9.6884634880E-01
    2908   9.6848711573E-01
    2909   9.6810782231E-01
    2910   9.6782181318E-01
    2911   9.6759867947E-01
    2912   9.6784709053E-01
    2913   9.6834763623E-01
    2914   9.6886676045E-01
    2915   9.6950628130E-01
    2916   9.7031921309E-01
    2917   9.7134373144E-01
    2918   9.7253961840E-01
    2919   9.7379802003E-01
    2920   9.7500315125E-01
    2921   9.7609748744E-01
    2922   9.7739740249E-01
    2923   9.7871937914E-01
    2924   9.8015999049E-01
    2925   9.8173273281E-01
    2926   9.8346981788E-01
    2927   9.8550091530E-01
    2928   9.8803022477E-01
    2929   9.9123281399E-01
    2930   9.9514313103E-01
    2931   9.9961052403E-01
    2932   1.0043393930E+00
    2933   1.0089686593E+00
    2934   1.0131337732E+00
    2935   1.0164955047E+00
    2936   1.0187719123E+00
    2937   1.0197971179E+00
    2938   1.0195811289E+00
    2939   1.0183153141E+00
    2940   1.0163001501E+00
    2941   1.0138536915E+00
    2942   1.0111388324E+00
    2943   1.0083328546E+00
    2944   1.0055040527E+00
    2945   1.0026479141E+00
    2946   9.9975570629E-01
    2947   9.9681419992E-01
    2948   9.9383509615E-01
    2949   9.9088232227E-01
    2950   9.8804760246E-01
    2951   9.8554109730E-01
    2952   9.8351573744E-01
    2953   9.8203989103E-01
    2954   9.8117150287E-01
    2955   9.8089175710E-01
    2956   9.8112684801E-01
    2957   9.8176321240E-01
    2958   9.8267106987E-01
    2959   9.8372874744E-01
    2960   9.8483754485E-01
    2961   9.8592243830E-01
    2962   9.8692460628E-01
    2963   9.8780072608E-01
    2964   9.8852386367E-01
    2965   9.8911831326E-01
    2966   9.8965477217E-01
    2967   9.9011907335E-01
    2968   9.9053942786E-01
    2969   9.9090381400E-01
    2970   9.9121398965E-01
    2971   9.9151995885E-01
    2972   9.9191307914E-01
    2973   9.9248134083E-01
    2974   9.9326049217E-01
    2975   9.9422151505E-01
    2976   9.9530231305E-01
    2977   9.9644696304E-01
    2978   9.9760940482E-01
    2979   9.9872189141E-01
    2980   9.9966354974E-01
    2981   1.0002698512E+00
    2982   1.0003844283E+00
    2983   9.9990680935E-01
    2984   9.9879596151E-01
    2985   9.9704297716E-01
    2986   9.9465927638E-01
    2987   9.9171696502E-01
    2988   9.8841658579E-01
    2989   9.8511731404E-01
    2990   9.8228722010E-01
    2991   9.8039571405E-01
    2992   9.7980195442E-01
    2993   9.8068801980E-01
    2994   9.8304103988E-01
    2995   9.8665953524E-01
    2996   9.9116415633E-01
    2997   9.9604633238E-01
    2998   1.0007001222E+00
    2999   1.0046284798E+00
    3000   1.0075048505E+00
    3001   1.0092465272E+00
    3002   1.0099806971E+00
    3003   1.0099153508E+00
    3004   1.0092548970E+00
    3005   1.0081694368E+00
    3006   1.0068089804E+00
    3007   1.0053114197E+00
    3008   1.0037845738E+00
    3009   1.0022765321E+00
    3010   1.0007633374E+00
    3011   9.9917086926E-01
    3012   9.9741463928E-01
    3013   9.9543385927E-01
    3014   9.9321354884E-01
    3015   9.9079462820E-01
    3016   9.8827136778E-01
    3017   9.8577632456E-01
    3018   9.8343700852E-01
    3019   9.8132534498E-01
    3020   9.7968703645E-01
    3021   9.7842840171E-01
    3022   9.7763178282E-01
    3023   9.7739527437E-01
    3024   9.7782131099E-01
    3025   9.7898327877E-01
    3026   9.8088177473E-01
    3027   9.8341837525E-01
    3028   9.8639381382E-01
    3029   9.8952155406E-01
    3030   9.9244970431E-01
    3031   9.9480139837E-01
    3032   9.9624275681E-01
    3033   9.9655630918E-01
    3034   9.9568036185E-01
    3035   9.9368618877E-01
    3036   9.9069987388E-01
    3037   9.8684712032E-01
    3038   9.8237243772E-01
    3039   9.7745366290E-01
    3040   9.7240178391E-01
    3041   9.6753525407E-01
    3042   9.6309915792E-01
    3043   9.5921242728E-01
    3044   9.5588451197E-01
    3045   9.5272654185E-01
    3046   9.5049895603E-01
    3047   9.4906102869E-01
    3048   9.4796308605E-01
    3049   9.4730792291E-01
    3050   9.4684222711E-01
    3051   9.4773179654E-01
    3052   9.4862957468E-01
    3053   9.4989272636E-01
    3054   9.5156758550E-01
    3055   9.5326276311E-01
    3056   9.5572930583E-01
    3057   9.5812317617E-01
    3058   9.6032710512E-01
    3059   9.6259568294E-01
    3060   9.6507021848E-01
    3061   9.6778309383E-01
    3062   9.7085688893E-01
    3063   9.7443551981E-01
    3064   9.7818827831E-01
    3065   9.8238428018E-01
    3066   9.8712757884E-01
    3067   9.9239480762E-01
    3068   9.9800227778E-01
    3069   1.0036960070E+00
    3070   1.0092872550E+00
    3071   1.0146940450E+00
    3072   1.0198392302E+00
    3073   1.0245103755E+00
    3074   1.0284144459E+00
    3075   1.0311626455E+00
    3076   1.0322974205E+00
    3077   1.0323042470E+00
    3078   1.0312379170E+00
    3079   1.0291763164E+00
    3080   1.0261109115E+00
    3081   1.0220936165E+00
    3082   1.0173523568E+00
    3083   1.0122237275E+00
    3084   1.0069654006E+00
    3085   1.0016422542E+00
    3086   9.9620635249E-01
    3087   9.9068904312E-01
    3088   9.8530610555E-01
    3089   9.8037615780E-01
    3090   9.7614579216E-01
    3091   9.7269108932E-01
    3092   9.6997246614E-01
    3093   9.6796777837E-01
    3094   9.6673677315E-01
    3095   9.6630216420E-01
    3096   9.6651615023E-01
    3097   9.6756849742E-01
    3098   9.6851429900E-01
    3099   9.6917229473E-01
    3100   9.6951614188E-01
    3101   9.6972998578E-01
    3102   9.7008130857E-01
    3103   9.7076320819E-01
    3104   9.7182038195E-01
    3105   9.7330066096E-01
    3106   9.7556642364E-01
    3107   9.7838045489E-01
    3108   9.8183443998E-01
    3109   9.8570005821E-01
    3110   9.8957548253E-01
    3111   9.9309378906E-01
    3112   9.9609370536E-01
    3113   9.9861676537E-01
    3114   1.0007422081E+00
    3115   1.0024308971E+00
    3116   1.0035327798E+00
    3117   1.0039400613E+00
    3118   1.0037112164E+00
    3119   1.0030297556E+00
    3120   1.0020392382E+00
    3121   1.0007356510E+00
    3122   9.9903501182E-01
    3123   9.9695420993E-01
    3124   9.9472030773E-01
    3125   9.9269782527E-01
    3126   9.9120102812E-01
    3127   9.9036634109E-01
    3128   9.9018348078E-01
    3129   9.9062893483E-01
    3130   9.9175252365E-01
    3131   9.9362784018E-01
    3132   9.9621469533E-01
    3133   9.9927412032E-01
    3134   1.0024273876E+00
    3135   1.0053136393E+00
    3136   1.0077022730E+00
    3137   1.0094708908E+00
    3138   1.0104990321E+00
    3139   1.0106223006E+00
    3140   1.0097232093E+00
    3141   1.0078759687E+00
    3142   1.0053899906E+00
    3143   1.0026897343E+00
    3144   1.0001245840E+00
    3145   9.9786228140E-01
    3146   9.9593112962E-01
    3147   9.9433742027E-01
    3148   9.9313747661E-01
    3149   9.9241150791E-01
    3150   9.9218722207E-01
    3151   9.9240807914E-01
    3152   9.9298669545E-01
    3153   9.9389437069E-01
    3154   9.9519898148E-01
    3155   9.9701364196E-01
    3156   9.9939314576E-01
    3157   1.0022662990E+00
    3158   1.0054525907E+00
    3159   1.0087357973E+00
    3160   1.0119181568E+00
    3161   1.0148138948E+00
    3162   1.0172027755E+00
    3163   1.0188209739E+00
    3164   1.0194337396E+00
    3165   1.0189469489E+00
    3166   1.0174712541E+00
    3167   1.0152876894E+00
    3168   1.0127547053E+00
    3169   1.0101296394E+00
    3170   1.0077343157E+00
    3171   1.0057836119E+00
    3172   1.0044605858E+00
    3173   1.0038924455E+00
    3174   1.0040708199E+00
    3175   1.0048158014E+00
    3176   1.0058189002E+00
    3177   1.0067513756E+00
    3178   1.0073755359E+00
    3179   1.0075939976E+00
    3180   1.0074233452E+00
    3181   1.0069427259E+00
    3182   1.0062678853E+00
    3183   1.0055534793E+00
    3184   1.0049814528E+00
    3185   1.0046995416E+00
    3186   1.0047323459E+00
    3187   1.0049377050E+00
    3188   1.0050580707E+00
    3189   1.0048430192E+00
    3190   1.0041585871E+00
    3191   1.0030048555E+00
    3192   1.0014477840E+00
    3193   9.9954764781E-01
    3194   9.9735644374E-01
    3195   9.9497515446E-01
    3196   9.9259902697E-01
    3197   9.9048150145E-01
    3198   9.8883166324E-01
    3199   9.8772939720E-01
    3200   9.8712413375E-01
    3201   9.8691097697E-01
    3202   9.8701757305E-01
    3203   9.8743196894E-01
    3204   9.8817111960E-01
    3205   9.8924580531E-01
    3206   9.9066728418E-01
    3207   9.9249314671E-01
    3208   9.9485734902E-01
    3209   9.9783719547E-01
    3210   1.0014390268E+00
    3211   1.0054785271E+00
    3212   1.0096268685E+00
    3213   1.0134224526E+00
    3214   1.0165278832E+00
    3215   1.0186747661E+00
    3216   1.0196609547E+00
    3217   1.0193619707E+00
    3218   1.0177946790E+00
    3219   1.0151906261E+00
    3220   1.0119800695E+00
    3221   1.0086587126E+00
    3222   1.0056165182E+00
    3223   1.0030476736E+00
    3224   1.0009803641E+00
    3225   9.9936985519E-01
    3226   9.9816595692E-01
    3227   9.9731420845E-01
    3228   9.9672307686E-01
    3229   9.9626583732E-01
    3230   9.9583188223E-01
    3231   9.9538429845E-01
    3232   9.9497235376E-01
    3233   9.9468664350E-01
    3234   9.9460091466E-01
    3235   9.9475758342E-01
    3236   9.9519910107E-01
    3237   9.9599645041E-01
    3238   9.9723292979E-01
    3239   9.9894404939E-01
    3240   1.0010597660E+00
    3241   1.0034078019E+00
    3242   1.0057756466E+00
    3243   1.0079812990E+00
    3244   1.0099037294E+00
    3245   1.0114600405E+00
    3246   1.0125648277E+00
    3247   1.0131232052E+00
    3248   1.0130594330E+00
    3249   1.0123483467E+00
    3250   1.0110249604E+00
    3251   1.0091639567E+00
    3252   1.0068508048E+00
    3253   1.0041728767E+00
    3254   1.0012232002E+00
    3255   9.9810078158E-01
    3256   9.9490793602E-01
    3257   9.9174925825E-01
    3258   9.8874089483E-01
    3259   9.8603601085E-01
    3260   9.8384200825E-01
    3261   9.8240800942E-01
    3262   9.8198652448E-01
    3263   9.8277767595E-01
    3264   9.8487080516E-01
    3265   9.8820752180E-01
    3266   9.9256757582E-01
    3267   9.9758447444E-01
    3268   1.0027968286E+00
    3269   1.0077231855E+00
    3270   1.0119401828E+00
    3271   1.0151467903E+00
    3272   1.0171967864E+00
    3273   1.0180992862E+00
    3274   1.0179956926E+00
    3275   1.0171161523E+00
    3276   1.0157188203E+00
    3277   1.0140319046E+00
    3278   1.0122142708E+00
    3279   1.0103469730E+00
    3280   1.0084537142E+00
    3281   1.0065296977E+00
    3282   1.0045544567E+00
    3283   1.0025036843E+00
    3284   1.0003868624E+00
    3285   9.9824997666E-01
    3286   9.9623370990E-01
    3287   9.9459867265E-01
    3288   9.9368501159E-01
    3289   9.9383418780E-01
    3290   9.9533221099E-01
    3291   9.9834159409E-01
    3292   1.0028705591E+00
    3293   1.0087617241E+00
    3294   1.0157615773E+00
    3295   1.0232913531E+00
    3296   1.0306926094E+00
    3297   1.0373755994E+00
    3298   1.0427366778E+00
    3299   1.0463654476E+00
    3300   1.0482031729E+00
    3301   1.0482326723E+00
    3302   1.0459123098E+00
    3303   1.0425859868E+00
    3304   1.0383207454E+00
    3305   1.0334690456E+00
    3306   1.0283510181E+00
    3307   1.0232184268E+00
    3308   1.0182348450E+00
    3309   1.0134368468E+00
    3310   1.0090971527E+00
    3311   1.0052460834E+00
    3312   1.0019501229E+00
    3313   9.9923471973E-01
    3314   9.9706508644E-01
    3315   9.9535580621E-01
    3316   9.9399765192E-01
    3317   9.9288438334E-01
    3318   9.9192587957E-01
    3319   9.9103795649E-01
    3320   9.9016632663E-01
    3321   9.8928492685E-01
    3322   9.8834773781E-01
    3323   9.8741095506E-01
    3324   9.8658220638E-01
    3325   9.8601222153E-01
    3326   9.8585631156E-01
    3327   9.8623643064E-01
    3328   9.8721980849E-01
    3329   9.8881232599E-01
    3330   9.9094841973E-01
    3331   9.9347142087E-01
    3332   9.9611700317E-01
    3333   9.9852640248E-01
    3334   1.0003122780E+00
    3335   1.0011578942E+00
    3336   1.0009045311E+00
    3337   9.9958637545E-01
    3338   9.9740640955E-01
    3339   9.9468416377E-01
    3340   9.9181115487E-01
    3341   9.8921550523E-01
    3342   9.8731811686E-01
    3343   9.8647271613E-01
    3344   9.8690567798E-01
    3345   9.8868464824E-01
    3346   9.9173546064E-01
    3347   9.9588652982E-01
    3348   1.0009051564E+00
    3349   1.0065082210E+00
    3350   1.0123619603E+00
    3351   1.0181077937E+00
    3352   1.0234349135E+00
    3353   1.0281558635E+00
    3354   1.0322210960E+00
    3355   1.0356484181E+00
    3356   1.0384265021E+00
    3357   1.0406826490E+00
    3358   1.0415457208E+00
    3359   1.0412920492E+00
    3360   1.0399726778E+00
    3361   1.0375033061E+00
    3362   1.0339753817E+00
    3363   1.0296161494E+00
    3364   1.0243366354E+00
    3365   1.0187510011E+00
    3366   1.0131944286E+00
    3367   1.0078790008E+00
    3368   1.0029796758E+00
    3369   9.9859812335E-01
    3370   9.9482936622E-01
    3371   9.9179946445E-01
    3372   9.8964178200E-01
    3373   9.8844117463E-01
    3374   9.8819922256E-01
    3375   9.8884894865E-01
    3376   9.9029106533E-01
    3377   9.9241192559E-01
    3378   9.9507239946E-01
    3379   9.9800935533E-01
    3380   1.0009469508E+00
    3381   1.0036134811E+00
    3382   1.0058449301E+00
    3383   1.0076008097E+00
    3384   1.0089384291E+00
    3385   1.0099736097E+00
    3386   1.0107982223E+00
    3387   1.0115170551E+00
    3388   1.0122582089E+00
    3389   1.0131372397E+00
    3390   1.0141832589E+00
    3391   1.0152935256E+00
    3392   1.0162669275E+00
    3393   1.0169033931E+00
    3394   1.0170920652E+00
    3395   1.0168207326E+00
    3396   1.0161235122E+00
    3397   1.0150341676E+00
    3398   1.0135924964E+00
    3399   1.0118845547E+00
    3400   1.0100561765E+00
    3401   1.0082654423E+00
    3402   1.0066157000E+00
    3403   1.0051169027E+00
    3404   1.0037303996E+00
    3405   1.0024301324E+00
    3406   1.0012091930E+00
    3407   1.0000933529E+00
    3408   9.9912145529E-01
    3409   9.9835749411E-01
    3410   9.9791352160E-01
    3411   9.9794365976E-01
    3412   9.9858686348E-01
    3413   9.9988420200E-01
    3414   1.0017359418E+00
    3415   1.0039326842E+00
    3416   1.0062327208E+00
    3417   1.0084247655E+00
    3418   1.0103364324E+00
    3419   1.0118087841E+00
    3420   1.0126957294E+00
    3421   1.0129100649E+00
    3422   1.0124771724E+00
    3423   1.0115402994E+00
    3424   1.0103053038E+00
    3425   1.0089722961E+00
    3426   1.0077116459E+00
    3427   1.0066885098E+00
    3428   1.0060867132E+00
    3429   1.0060879313E+00
    3430   1.0068153809E+00
    3431   1.0082941342E+00
    3432   1.0104665741E+00
    3433   1.0132434048E+00
    3434   1.0165316572E+00
    3435   1.0202064746E+00
    3436   1.0240846936E+00
    3437   1.0279457576E+00
    3438   1.0310747087E+00
    3439   1.0334835016E+00
    3440   1.0349541249E+00
    3441   1.0353991252E+00
    3442   1.0348057061E+00
    3443   1.0332110215E+00
    3444   1.0308282914E+00
    3445   1.0277716724E+00
    3446   1.0243829288E+00
    3447   1.0212872983E+00
    3448   1.0186041896E+00
    3449   1.0164329633E+00
    3450   1.0147614288E+00
    3451   1.0135107408E+00
    3452   1.0125524068E+00
    3453   1.0116996283E+00
    3454   1.0107186823E+00
    3455   1.0093785753E+00
    3456   1.0075191198E+00
    3457   1.0050819228E+00
    3458   1.0020958641E+00
    3459   9.9864612492E-01
    3460   9.9487132770E-01
    3461   9.9098749839E-01
    3462   9.8730321509E-01
    3463   9.8417329359E-01
    3464   9.8190448337E-01
    3465   9.8066295286E-01
    3466   9.8043642393E-01
    3467   9.8106433022E-01
    3468   9.8231307741E-01
    3469   9.8394432177E-01
    3470   9.8575612970E-01
    3471   9.8759208204E-01
    3472   9.8933861894E-01
    3473   9.9092781571E-01
    3474   9.9238171837E-01
    3475   9.9369772702E-01
    3476   9.9494518228E-01
    3477   9.9617161723E-01
    3478   9.9738663679E-01
    3479   9.9855775414E-01
    3480   9.9961630980E-01
    3481   1.0004657277E+00
    3482   1.0009982365E+00
    3483   1.0011213410E+00
    3484   1.0007931588E+00
    3485   1.0000501716E+00
    3486   9.9901384330E-01
    3487   9.9786572724E-01
    3488   9.9680627136E-01
    3489   9.9601095757E-01
    3490   9.9560018498E-01
    3491   9.9562626558E-01
    3492   9.9608083067E-01
    3493   9.9691245253E-01
    3494   9.9805134899E-01
    3495   9.9942884435E-01
    3496   1.0009866952E+00
    3497   1.0026768091E+00
    3498   1.0044619646E+00
    3499   1.0063159350E+00
    3500   1.0082193702E+00
    3501   1.0101368497E+00
    3502   1.0119766221E+00
    3503   1.0135874858E+00
    3504   1.0146258276E+00
    3505   1.0148435942E+00
    3506   1.0140600095E+00
    3507   1.0121967725E+00
    3508   1.0093470789E+00
    3509   1.0057339686E+00
    3510   1.0016757605E+00
    3511   9.9755612526E-01
    3512   9.9379232533E-01
    3513   9.9077963942E-01
    3514   9.8881260411E-01
    3515   9.8801795765E-01
    3516   9.8833451953E-01
    3517   9.8954727595E-01
    3518   9.9135063905E-01
    3519   9.9340853784E-01
    3520   9.9540511342E-01
    3521   9.9702482874E-01
    3522   9.9805814637E-01
    3523   9.9840978190E-01
    3524   9.9812659118E-01
    3525   9.9737097940E-01
    3526   9.9634963867E-01
    3527   9.9524591052E-01
    3528   9.9419634625E-01
    3529   9.9330321850E-01
    3530   9.9265014466E-01
    3531   9.9228703260E-01
    3532   9.9219707723E-01
    3533   9.9228747125E-01
    3534   9.9243040468E-01
    3535   9.9253317235E-01
    3536   9.9258556923E-01
    3537   9.9264527358E-01
    3538   9.9277231369E-01
    3539   9.9296996419E-01
    3540   9.9317193805E-01
    3541   9.9327948079E-01
    3542   9.9320611601E-01
    3543   9.9290342385E-01
    3544   9.9236355307E-01
    3545   9.9163028276E-01
    3546   9.9081996678E-01
    3547   9.9013416752E-01
    3548   9.8982584772E-01
    3549   9.9012234952E-01
    3550   9.9113626769E-01
    3551   9.9281885340E-01
    3552   9.9497164852E-01
    3553   9.9730376515E-01
    3554   9.9949495444E-01
    3555   1.0012503336E+00
    3556   1.0023482998E+00
    3557   1.0026946732E+00
    3558   1.0023601134E+00
    3559   1.0015679287E+00
    3560   1.0006130196E+00
    3561   9.9975106041E-01
    3562   9.9911623015E-01
    3563   9.9871272711E-01
    3564   9.9846085346E-01
    3565   9.9825277638E-01
    3566   9.9797726423E-01
    3567   9.9752467243E-01
    3568   9.9679887383E-01
    3569   9.9575493579E-01
    3570   9.9443161930E-01
    3571   9.9294689906E-01
    3572   9.9144717226E-01
    3573   9.9003208824E-01
    3574   9.8880553884E-01
    3575   9.8778891655E-01
    3576   9.8699215315E-01
    3577   9.8645403366E-01
    3578   9.8618588278E-01
    3579   9.8616884923E-01
    3580   9.8637487004E-01
    3581   9.8681185893E-01
    3582   9.8754464557E-01
    3583   9.8866165303E-01
    3584   9.9020420697E-01
    3585   9.9211247441E-01
    3586   9.9423292869E-01
    3587   9.9637998746E-01
    3588   9.9839429167E-01
    3589   1.0001527372E+00
    3590   1.0015394402E+00
    3591   1.0024261256E+00
    3592   1.0027001086E+00
    3593   1.0023174535E+00
    3594   1.0013208782E+00
    3595   9.9980076660E-01
    3596   9.9783961393E-01
    3597   9.9550061540E-01
    3598   9.9287647795E-01
    3599   9.9014621715E-01
    3600   9.8756724055E-01
    3601   9.8539585476E-01
    3602   9.8379500509E-01
    3603   9.8279922570E-01
    3604   9.8234825142E-01
    3605   9.8235669737E-01
    3606   9.8293093472E-01
    3607   9.8389006462E-01
    3608   9.8517651020E-01
    3609   9.8665252496E-01
    3610   9.8816309596E-01
    3611   9.8960957919E-01
    3612   9.9096149057E-01
    3613   9.9219973192E-01
    3614   9.9325061989E-01
    3615   9.9397619772E-01
    3616   9.9424301303E-01
    3617   9.9400752211E-01
    3618   9.9334519097E-01
    3619   9.9240268066E-01
    3620   9.9133298017E-01
    3621   9.9027009846E-01
    3622   9.8935475218E-01
    3623   9.8875477737E-01
    3624   9.8863056389E-01
    3625   9.8905151070E-01
    3626   9.8993650128E-01
    3627   9.9106966523E-01
    3628   9.9219737819E-01
    3629   9.9313111680E-01
    3630   9.9378480211E-01
    3631   9.9415879810E-01
    3632   9.9425941019E-01
    3633   9.9410015111E-01
    3634   9.9374196545E-01
    3635   9.9329239280E-01
    3636   9.9286791910E-01
    3637   9.9251294045E-01
    3638   9.9215825410E-01
    3639   9.9165764986E-01
    3640   9.9088564377E-01
    3641   9.8981698550E-01
    3642   9.8853351361E-01
    3643   9.8716541810E-01
    3644   9.8583576603E-01
    3645   9.8464758958E-01
    3646   9.8370655558E-01
    3647   9.8312810473E-01
    3648   9.8300450093E-01
    3649   9.8335158804E-01
    3650   9.8409421762E-01
    3651   9.8510634784E-01
    3652   9.8627699747E-01
    3653   9.8767352044E-01
    3654   9.8926314712E-01
    3655   9.9109755343E-01
    3656   9.9316534184E-01
    3657   9.9537987267E-01
    3658   9.9762543679E-01
    3659   9.9978466058E-01
    3660   1.0017386288E+00
    3661   1.0033543128E+00
    3662   1.0045049892E+00
    3663   1.0051255290E+00
    3664   1.0052686960E+00
    3665   1.0051040794E+00
    3666   1.0048562930E+00
    3667   1.0047217754E+00
    3668   1.0048233649E+00
    3669   1.0052072265E+00
    3670   1.0058613460E+00
    3671   1.0066817450E+00
    3672   1.0074753338E+00
    3673   1.0079762803E+00
    3674   1.0079044160E+00
    3675   1.0070976175E+00
    3676   1.0055896353E+00
    3677   1.0036003959E+00
    3678   1.0014547839E+00
    3679   9.9949030564E-01
    3680   9.9800629288E-01
    3681   9.9724868623E-01
    3682   9.9739831137E-01
    3683   9.9853814507E-01
    3684   1.0006190402E+00
    3685   1.0034578192E+00
    3686   1.0067832356E+00
    3687   1.0103009035E+00
    3688   1.0137321542E+00
    3689   1.0168098882E+00
    3690   1.0192632905E+00
    3691   1.0208336697E+00
    3692   1.0213280217E+00
    3693   1.0206667396E+00
    3694   1.0188777395E+00
    3695   1.0160462574E+00
    3696   1.0122737294E+00
    3697   1.0076871307E+00
    3698   1.0024805036E+00
    3699   9.9692977257E-01
    3700   9.9134348955E-01
    3701   9.8598597627E-01
    3702   9.8103162064E-01
    3703   9.7658194443E-01
    3704   9.7271896120E-01
    3705   9.6954173931E-01
    3706   9.6715746781E-01
    3707   9.6564750689E-01
    3708   9.6494809362E-01
    3709   9.6514416296E-01
    3710   9.6653273992E-01
    3711   9.6854049580E-01
    3712   9.7129375578E-01
    3713   9.7468389219E-01
    3714   9.7853945098E-01
    3715   9.8266831093E-01
    3716   9.8691032534E-01
    3717   9.9116170917E-01
    3718   9.9534549324E-01
    3719   9.9935458698E-01
    3720   1.0030238644E+00
    3721   1.0061602812E+00
    3722   1.0086040133E+00
    3723   1.0102644223E+00
    3724   1.0111028099E+00
    3725   1.0110984129E+00
    3726   1.0102531859E+00
    3727   1.0086439044E+00
    3728   1.0064678840E+00
    3729   1.0040226081E+00
    3730   1.0016142451E+00
    3731   9.9946008578E-01
    3732   9.9765380714E-01
    3733   9.9620118076E-01
    3734   9.9507750953E-01
    3735   9.9425301683E-01
    3736   9.9367570167E-01
    3737   9.9325220844E-01
    3738   9.9286724765E-01
    3739   9.9243374151E-01
    3740   9.9192900997E-01
    3741   9.9138292826E-01
    3742   9.9083084584E-01
    3743   9.9028428825E-01
    3744   9.8975232548E-01
    3745   9.8929194895E-01
    3746   9.8902911478E-01
    3747   9.8911289016E-01
    3748   9.8965831876E-01
    3749   9.9070518062E-01
    3750   9.9211507217E-01
    3751   9.9377886765E-01
    3752   9.9557190062E-01
    3753   9.9736801568E-01
    3754   9.9901624457E-01
    3755   1.0003421782E+00
    3756   1.0011982346E+00
    3757   1.0015224857E+00
    3758   1.0013441953E+00
    3759   1.0007253561E+00
    3760   9.9968832057E-01
    3761   9.9819907987E-01
    3762   9.9622581761E-01
    3763   9.9381715192E-01
    3764   9.9112834305E-01
    3765   9.8838121806E-01
    3766   9.8580063954E-01
    3767   9.8358133624E-01
    3768   9.8189634922E-01
    3769   9.8090696343E-01
    3770   9.8073673596E-01
    3771   9.8141984000E-01
    3772   9.8286756002E-01
    3773   9.8488959158E-01
    3774   9.8726380037E-01
    3775   9.8980023170E-01
    3776   9.9235094965E-01
    3777   9.9477466388E-01
    3778   9.9691262585E-01
    3779   9.9862111562E-01
    3780   9.9984345490E-01
    3781   1.0006536634E+00
    3782   1.0012193443E+00
    3783   1.0017108102E+00
    3784   1.0022326698E+00
    3785   1.0028265965E+00
    3786   1.0035206686E+00
    3787   1.0043585588E+00
    3788   1.0053659343E+00
    3789   1.0064903767E+00
    3790   1.0075854998E+00
    3791   1.0084695258E+00
    3792   1.0090149772E+00
    3793   1.0091950042E+00
    3794   1.0090528466E+00
    3795   1.0086431862E+00
    3796   1.0080142959E+00
    3797   1.0072458357E+00
    3798   1.0064864961E+00
    3799   1.0059297609E+00
    3800   1.0057227264E+00
    3801   1.0058812281E+00
    3802   1.0062810957E+00
    3803   1.0067319778E+00
    3804   1.0070677645E+00
    3805   1.0071877841E+00
    3806   1.0070320848E+00
    3807   1.0065479172E+00
    3808   1.0056956189E+00
    3809   1.0044868973E+00
    3810   1.0030007809E+00
    3811   1.0013469409E+00
    3812   9.9959794265E-01
    3813   9.9775715159E-01
    3814   9.9579313064E-01
    3815   9.9370937265E-01
    3816   9.9158738783E-01
    3817   9.8957159540E-01
    3818   9.8781637832E-01
    3819   9.8644992863E-01
    3820   9.8557630802E-01
    3821   9.8529273474E-01
    3822   9.8568396993E-01
    3823   9.8678408662E-01
    3824   9.8853152760E-01
    3825   9.9076215316E-01
    3826   9.9325196058E-01
    3827   9.9578153136E-01
    3828   9.9817725915E-01
    3829   1.0003143209E+00
    3830   1.0020999560E+00
    3831   1.0034728982E+00
    3832   1.0044221154E+00
    3833   1.0049985337E+00
    3834   1.0052907825E+00
    3835   1.0053781395E+00
    3836   1.0052954015E+00
    3837   1.0050407842E+00
    3838   1.0046161635E+00
    3839   1.0040636532E+00
    3840   1.0034679175E+00
    3841   1.0029343920E+00
    3842   1.0025637138E+00
    3843   1.0024384022E+00
    3844   1.0026123207E+00
    3845   1.0030940014E+00
    3846   1.0038272989E+00
    3847   1.0046967231E+00
    3848   1.0055632012E+00
    3849   1.0063122020E+00
    3850   1.0068763910E+00
    3851   1.0072194354E+00
    3852   1.0073014163E+00
    3853   1.0070713778E+00
    3854   1.0064963737E+00
    3855   1.0055986736E+00
    3856   1.0044604675E+00
    3857   1.0031878165E+00
    3858   1.0018619187E+00
    3859   1.0005238506E+00
    3860   9.9919426284E-01
    3861   9.9790112766E-01
    3862   9.9668702268E-01
    3863   9.9560048599E-01
    3864   9.9469628257E-01
    3865   9.9406521550E-01
    3866   9.9386373701E-01
    3867   9.9430098048E-01
    3868   9.9556552993E-01
    3869   9.9772773007E-01
    3870   1.0006772273E+00
    3871   1.0041401752E+00
    3872   1.0077562047E+00
    3873   1.0111609929E+00
    3874   1.0140304414E+00
    3875   1.0160939689E+00
    3876   1.0171562722E+00
    3877   1.0171507743E+00
    3878   1.0161851312E+00
    3879   1.0145425131E+00
    3880   1.0125225376E+00
    3881   1.0104318305E+00
    3882   1.0085301324E+00
    3883   1.0069167566E+00
    3884   1.0056750174E+00
    3885   1.0048525045E+00
    3886   1.0044372830E+00
    3887   1.0043451043E+00
    3888   1.0044548532E+00
    3889   1.0046853178E+00
    3890   1.0050524657E+00
    3891   1.0056567724E+00
    3892   1.0066059663E+00
    3893   1.0079345609E+00
    3894   1.0095741489E+00
    3895   1.0113838434E+00
    3896   1.0131964349E+00
    3897   1.0148348087E+00
    3898   1.0161028223E+00
    3899   1.0167949940E+00
    3900   1.0167507346E+00
    3901   1.0159346454E+00
    3902   1.0144813449E+00
    3903   1.0126633711E+00
    3904   1.0108083743E+00
    3905   1.0092295298E+00
    3906   1.0081392987E+00
    3907   1.0077412954E+00
    3908   1.0081294066E+00
    3909   1.0092780045E+00
    3910   1.0110172231E+00
    3911   1.0130336553E+00
    3912   1.0149318389E+00
    3913   1.0163260500E+00
    3914   1.0169117157E+00
    3915   1.0164894563E+00
    3916   1.0149638824E+00
    3917   1.0123487482E+00
    3918   1.0087891565E+00
    3919   1.0045797134E+00
    3920   1.0001408425E+00
    3921   9.9594402763E-01
    3922   9.9241856043E-01
    3923   9.8987673833E-01
    3924   9.8848235751E-01
    3925   9.8825998844E-01
    3926   9.8912179852E-01
    3927   9.9089218746E-01
    3928   9.9332954108E-01
    3929   9.9614661187E-01
    3930   9.9903935820E-01
    3931   1.0017279041E+00
    3932   1.0039961786E+00
    3933   1.0057151345E+00
    3934   1.0068455639E+00
    3935   1.0074231234E+00
    3936   1.0075439991E+00
    3937   1.0073608449E+00
    3938   1.0070780478E+00
    3939   1.0069279054E+00
    3940   1.0071226957E+00
    3941   1.0077950874E+00
    3942   1.0089632771E+00
    3943   1.0105455174E+00
    3944   1.0124152268E+00
    3945   1.0144589429E+00
    3946   1.0165999283E+00
    3947   1.0188192641E+00
    3948   1.0209949869E+00
    3949   1.0229300702E+00
    3950   1.0246729899E+00
    3951   1.0261161033E+00
    3952   1.0272458796E+00
    3953   1.0280653569E+00
    3954   1.0285677737E+00
    3955   1.0287437693E+00
    3956   1.0286396363E+00
    3957   1.0283615676E+00
    3958   1.0276553328E+00
    3959   1.0269065840E+00
    3960   1.0260059937E+00
    3961   1.0249018317E+00
    3962   1.0236066361E+00
    3963   1.0222011973E+00
    3964   1.0208026480E+00
    3965   1.0195070439E+00
    3966   1.0183610168E+00
    3967   1.0173881219E+00
    3968   1.0166192373E+00
    3969   1.0159523568E+00
    3970   1.0154840617E+00
    3971   1.0151034801E+00
    3972   1.0147050820E+00
    3973   1.0142500794E+00
    3974   1.0138176921E+00
    3975   1.0135930633E+00
    3976   1.0137903413E+00
    3977   1.0145682034E+00
    3978   1.0159959415E+00
    3979   1.0180697773E+00
    3980   1.0207305110E+00
    3981   1.0238483692E+00
    3982   1.0272792288E+00
    3983   1.0306030319E+00
    3984   1.0332694745E+00
    3985   1.0353570998E+00
    3986   1.0367305140E+00
    3987   1.0375438347E+00
    3988   1.0380573628E+00
    3989   1.0387615467E+00
    3990   1.0393564804E+00
    3991   1.0403293895E+00
    3992   1.0419341097E+00
    3993   1.0440055908E+00
    3994   1.0463929074E+00
    3995   1.0490321185E+00
    3996   1.0504997548E+00
    3997   1.0514115149E+00
    3998   1.0514045113E+00
    3999   1.0503202169E+00
    4000   1.0481291954E+00
    4001   1.0439834728E+00
    4002   1.0391179143E+00
    4003   1.0335953708E+00
    4004   1.0278154663E+00
    4005   1.0222108385E+00
    4006   1.0171268842E+00
    4007   1.0128067523E+00
    4008   1.0094035038E+00
    4009   1.0069795741E+00
    4010   1.0054941274E+00
    4011   1.0048040750E+00
    4012   1.0046930371E+00
    4013   1.0049566931E+00
    4014   1.0054238212E+00
    4015   1.0059845881E+00
    4016   1.0065723095E+00
    4017   1.0071519976E+00
    4018   1.0077251800E+00
    4019   1.0083345124E+00
    4020   1.0090442094E+00
    4021   1.0098910386E+00
    4022   1.0108395468E+00
    4023   1.0117834312E+00
    4024   1.0125974268E+00
    4025   1.0132052142E+00
    4026   1.0136172784E+00
    4027   1.0139192325E+00
    4028   1.0142309370E+00
    4029   1.0146733759E+00
    4030   1.0153507182E+00
    4031   1.0163333063E+00
    4032   1.0176292544E+00
    4033   1.0192158067E+00
    4034   1.0207873459E+00
    4035   1.0221626838E+00
    4036   1.0232134591E+00
    4037   1.0237844588E+00
    4038   1.0238236932E+00
    4039   1.0233184528E+00
    4040   1.0222786771E+00
    4041   1.0207511587E+00
    4042   1.0188359503E+00
    4043   1.0166734951E+00
    4044   1.0143970261E+00
    4045   1.0120911143E+00
    4046   1.0097676111E+00
    4047   1.0073998008E+00
    4048   1.0050520858E+00
    4049   1.0027636350E+00
    4050   1.0006175524E+00
    4051   9.9869949753E-01
    4052   9.9709228549E-01
    4053   9.9589411601E-01
    4054   9.9522722747E-01
    4055   9.9521703552E-01
    4056   9.9594567421E-01
    4057   9.9741668541E-01
    4058   9.9952975024E-01
    4059   1.0021170321E+00
    4060   1.0049715286E+00
    4061   1.0078230531E+00
    4062   1.0103727775E+00
    4063   1.0122958279E+00
    4064   1.0133121128E+00
    4065   1.0132761088E+00
    4066   1.0122328184E+00
    4067   1.0104103406E+00
    4068   1.0081617013E+00
    4069   1.0058997720E+00
    4070   1.0040541430E+00
    4071   1.0030429759E+00
    4072   1.0032267452E+00
    4073   1.0048402946E+00
    4074   1.0079291951E+00
    4075   1.0123274597E+00
    4076   1.0176926742E+00
    4077   1.0235769209E+00
    4078   1.0294858763E+00
    4079   1.0350016634E+00
    4080   1.0396483821E+00
    4081   1.0423778977E+00
    4082   1.0435382885E+00
    4083   1.0429145778E+00
    4084   1.0406796576E+00
    4085   1.0372481860E+00
    4086   1.0329882459E+00
    4087   1.0280770196E+00
    4088   1.0234658899E+00
    4089   1.0193819262E+00
    4090   1.0161206655E+00
    4091   1.0137902610E+00
    4092   1.0122705704E+00
    4093   1.0112731378E+00
    4094   1.0104588789E+00
    4095   1.0095422249E+00
    4096   1.0083404765E+00
    4097   1.0067863051E+00
    4098   1.0049420746E+00
    4099   1.0030233835E+00
    4100   1.0013934842E+00
    4101   1.0004826127E+00
    4102   1.0006449991E+00
    4103   1.0020291033E+00
    4104   1.0045363303E+00
    4105   1.0078820434E+00
    4106   1.0117071700E+00
    4107   1.0156698717E+00
    4108   1.0194954792E+00
    4109   1.0226704908E+00
    4110   1.0250539574E+00
    4111   1.0264892121E+00
    4112   1.0270104307E+00
    4113   1.0268253484E+00
    4114   1.0261906417E+00
    4115   1.0253068566E+00
    4116   1.0242973949E+00
    4117   1.0232766546E+00
    4118   1.0223964729E+00
    4119   1.0215672274E+00
    4120   1.0210372621E+00
    4121   1.0206663778E+00
    4122   1.0203029171E+00
    4123   1.0198493302E+00
    4124   1.0192960785E+00
    4125   1.0186776503E+00
    4126   1.0179915298E+00
    4127   1.0171735246E+00
    4128   1.0161567446E+00
    4129   1.0149516393E+00
    4130   1.0136561378E+00
    4131   1.0123762007E+00
    4132   1.0111210510E+00
    4133   1.0097355300E+00
    4134   1.0081376917E+00
    4135   1.0062435528E+00
    4136   1.0040966282E+00
    4137   1.0018059708E+00
    4138   9.9947739474E-01
    4139   9.9720622288E-01
    4140   9.9512739283E-01
    4141   9.9345417622E-01
    4142   9.9244196653E-01
    4143   9.9228614333E-01
    4144   9.9302939961E-01
    4145   9.9458469310E-01
    4146   9.9675671533E-01
    4147   9.9937885704E-01
    4148   1.0023272781E+00
    4149   1.0054585595E+00
    4150   1.0085575963E+00
    4151   1.0112976094E+00
    4152   1.0134322716E+00
    4153   1.0147902586E+00
    4154   1.0153064140E+00
    4155   1.0149577544E+00
    4156   1.0137189217E+00
    4157   1.0115988070E+00
    4158   1.0087233861E+00
    4159   1.0053715834E+00
    4160   1.0019117588E+00
    4161   9.9867695594E-01
    4162   9.9587498654E-01
    4163   9.9359071946E-01
    4164   9.9184705719E-01
    4165   9.9064736265E-01
    4166   9.8995902139E-01
    4167   9.8966408553E-01
    4168   9.8954751675E-01
    4169   9.8936450971E-01
    4170   9.8895072824E-01
    4171   9.8829669939E-01
    4172   9.8753731337E-01
    4173   9.8684875727E-01
    4174   9.8647040990E-01
    4175   9.8655209149E-01
    4176   9.8717798422E-01
    4177   9.8847580720E-01
    4178   9.9048813905E-01
    4179   9.9312695962E-01
    4180   9.9614315476E-01
    4181   9.9917882003E-01
    4182   1.0018826392E+00
    4183   1.0040191940E+00
    4184   1.0055130140E+00
    4185   1.0064220207E+00
    4186   1.0068876614E+00
    4187   1.0071095799E+00
    4188   1.0073363293E+00
    4189   1.0078312067E+00
    4190   1.0087970828E+00
    4191   1.0102973921E+00
    4192   1.0122397703E+00
    4193   1.0143185234E+00
    4194   1.0163429839E+00
    4195   1.0181397334E+00
    4196   1.0196199705E+00
    4197   1.0207300733E+00
    4198   1.0214007252E+00
    4199   1.0215576658E+00
    4200   1.0211712516E+00
    4201   1.0202900656E+00
    4202   1.0190262501E+00
    4203   1.0175123194E+00
    4204   1.0158822148E+00
    4205   1.0143156131E+00
    4206   1.0130177919E+00
    4207   1.0122631932E+00
    4208   1.0123779507E+00
    4209   1.0134750614E+00
    4210   1.0155062954E+00
    4211   1.0182475111E+00
    4212   1.0213666079E+00
    4213   1.0244928393E+00
    4214   1.0272546524E+00
    4215   1.0292982056E+00
    4216   1.0303283334E+00
    4217   1.0302938286E+00
    4218   1.0288885488E+00
    4219   1.0264602923E+00
    4220   1.0233855322E+00
    4221   1.0197869329E+00
    4222   1.0157870623E+00
    4223   1.0114575691E+00
    4224   1.0068913582E+00
    4225   1.0022472317E+00
    4226   9.9774086680E-01
    4227   9.9360523436E-01
    4228   9.9006327740E-01
    4229   9.8732180416E-01
    4230   9.8556164370E-01
    4231   9.8490022820E-01
    4232   9.8533191492E-01
    4233   9.8668001719E-01
    4234   9.8860414149E-01
    4235   9.9067263242E-01
    4236   9.9246621099E-01
    4237   9.9366044760E-01
    4238   9.9405467395E-01
    4239   9.9355618168E-01
    4240   9.9215178723E-01
    4241   9.8996560210E-01
    4242   9.8718364628E-01
    4243   9.8408736561E-01
    4244   9.8098303188E-01
    4245   9.7812216802E-01
    4246   9.7565821202E-01
    4247   9.7364454500E-01
    4248   9.7205855450E-01
    4249   9.7082424361E-01
    4250   9.6981902289E-01
    4251   9.6872537636E-01
    4252   9.6768914678E-01
    4253   9.6643388267E-01
    4254   9.6471177305E-01
    4255   9.6265732872E-01
    4256   9.6039582649E-01
    4257   9.5807786374E-01
    4258   9.5553611003E-01
    4259   9.5380494783E-01
    4260   9.5242058492E-01
    4261   9.5136448204E-01
    4262   9.5082904807E-01
    4263   9.5056929643E-01
    4264   9.5089180556E-01
    4265   9.5201904887E-01
    4266   9.5287799513E-01
    4267   9.5366812609E-01
    4268   9.5421809959E-01
    4269   9.5421205247E-01
    4270   9.5460207937E-01
    4271   9.5453450850E-01
    4272   9.5423628283E-01
    4273   9.5391507062E-01
    4274   9.5347279221E-01
    4275   9.5350725062E-01
    4276   9.5433702184E-01
    4277   9.5533161745E-01
    4278   9.5680198312E-01
    4279   9.5869438969E-01
    4280   9.6071911566E-01
    4281   9.6319341270E-01
    4282   9.6573778315E-01
    4283   9.6783665427E-01
    4284   9.6942681232E-01
    4285   9.7030513292E-01
    4286   9.7036111093E-01
    4287   9.6960229603E-01
    4288   9.6799187746E-01
    4289   9.6600159057E-01
    4290   9.6388791384E-01
    4291   9.6163057234E-01
    4292   9.5958293733E-01
    4293   9.5794270398E-01
    4294   9.5679527795E-01
    4295   9.5607898975E-01
    4296   9.5672146501E-01
    4297   9.5783275069E-01
    4298   9.5958000881E-01
    4299   9.6195680582E-01
    4300   9.6484877367E-01
    4301   9.6795525632E-01
    4302   9.7137206375E-01
    4303   9.7458173647E-01
    4304   9.7720168500E-01
    4305   9.7912749041E-01
    4306   9.8025849932E-01
    4307   9.8062217630E-01
    4308   9.8036380101E-01
    4309   9.7971341057E-01
    4310   9.7893825580E-01
    4311   9.7828811676E-01
    4312   9.7792022635E-01
    4313   9.7788717705E-01
    4314   9.7833584473E-01
    4315   9.7888078102E-01
    4316   9.7937253221E-01
    4317   9.7960866971E-01
    4318   9.7943032672E-01
    4319   9.7876547353E-01
    4320   9.7763803905E-01
    4321   9.7615484488E-01
    4322   9.7447880132E-01
    4323   9.7277881213E-01
    4324   9.7110637406E-01
    4325   9.6998931912E-01
    4326   9.6916383213E-01
    4327   9.6862766819E-01
    4328   9.6833187306E-01
    4329   9.6815430475E-01
    4330   9.6797548952E-01
    4331   9.6769684184E-01
    4332   9.6711550554E-01
    4333   9.6672963592E-01
    4334   9.6623932942E-01
    4335   9.6572563036E-01
    4336   9.6537521912E-01
    4337   9.6530581285E-01
    4338   9.6560311278E-01
    4339   9.6617032345E-01
    4340   9.6719870669E-01
    4341   9.6864835333E-01
    4342   9.7004703961E-01
    4343   9.7142675713E-01
    4344   9.7265765354E-01
    4345   9.7359550368E-01
    4346   9.7407634126E-01
    4347   9.7393937219E-01
    4348   9.7297835753E-01
    4349   9.7133736379E-01
    4350   9.6921319672E-01
    4351   9.6661718321E-01
    4352   9.6394221179E-01
    4353   9.6149986185E-01
    4354   9.5958210941E-01
    4355   9.5828473737E-01
    4356   9.5791613103E-01
    4357   9.5898656438E-01
    4358   9.6063282384E-01
    4359   9.6290548202E-01
    4360   9.6552024415E-01
    4361   9.6816399143E-01
    4362   9.7049505606E-01
    4363   9.7229658459E-01
    4364   9.7359466986E-01
    4365   9.7395170158E-01
    4366   9.7351991964E-01
    4367   9.7246811632E-01
    4368   9.7107479728E-01
    4369   9.6966619838E-01
    4370   9.6853550471E-01
    4371   9.6776381730E-01
    4372   9.6770494908E-01
    4373   9.6843310924E-01
    4374   9.6958384934E-01
    4375   9.7116945168E-01
    4376   9.7298245787E-01
    4377   9.7476214961E-01
    4378   9.7625435326E-01
    4379   9.7728082066E-01
    4380   9.7776010466E-01
    4381   9.7767135640E-01
    4382   9.7730695026E-01
    4383   9.7652731662E-01
    4384   9.7544358796E-01
    4385   9.7413322228E-01
    4386   9.7265236017E-01
    4387   9.7102404750E-01
    4388   9.6921064672E-01
    4389   9.6711443772E-01
    4390   9.6441087619E-01
    4391   9.6158012541E-01
    4392   9.5843395242E-01
    4393   9.5496356812E-01
    4394   9.5142882657E-01
    4395   9.4783412329E-01
    4396   9.4404059740E-01
    4397   9.4160789405E-01
    4398   9.3928922587E-01
    4399   9.3746980574E-01
    4400   9.3573683021E-01
    4401   9.3608748297E-01
    4402   9.3679325306E-01
    4403   9.3784015205E-01
    4404   9.3881287918E-01
    4405   9.4128913256E-01
    4406   9.4392598407E-01
    4407   9.4654827438E-01
    4408   9.4923679676E-01
    4409   9.5169763503E-01
    4410   9.5484775831E-01
    4411   9.5755807575E-01
    4412   9.6011703492E-01
    4413   9.6259430333E-01
    4414   9.6494222316E-01
    4415   9.6694915884E-01
    4416   9.6889803646E-01
    4417   9.7060716841E-01
    4418   9.7190068381E-01
    4419   9.7285892774E-01
    4420   9.7338874303E-01
    4421   9.7337514074E-01
    4422   9.7274699637E-01
    4423   9.7152257717E-01
    4424   9.6965520715E-01
    4425   9.6768454517E-01
    4426   9.6555636324E-01
    4427   9.6330919002E-01
    4428   9.6114753792E-01
    4429   9.5923421371E-01
    4430   9.5770317331E-01
    4431   9.5649577920E-01
    4432   9.5660270179E-01
    4433   9.5720243265E-01
    4434   9.5836798690E-01
    4435   9.6009530803E-01
    4436   9.6228925958E-01
    4437   9.6465889414E-01
    4438   9.6740647179E-01
    4439   9.7001834462E-01
    4440   9.7202928896E-01
    4441   9.7333184767E-01
    4442   9.7379378775E-01
    4443   9.7339318566E-01
    4444   9.7218435943E-01
    4445   9.7025776042E-01
    4446   9.6757758140E-01
    4447   9.6484338027E-01
    4448   9.6203249238E-01
    4449   9.5937957640E-01
    4450   9.5716369512E-01
    4451   9.5549021739E-01
    4452   9.5405158346E-01
    4453   9.5353801943E-01
    4454   9.5366769448E-01
    4455   9.5402372727E-01
    4456   9.5482221127E-01
    4457   9.5599348097E-01
    4458   9.5730826781E-01
    4459   9.5954293932E-01
    4460   9.6184516307E-01
    4461   9.6434308412E-01
    4462   9.6704983799E-01
    4463   9.6982737639E-01
    4464   9.7246142994E-01
    4465   9.7467841930E-01
    4466   9.7628934637E-01
    4467   9.7737809977E-01
    4468   9.7770313986E-01
    4469   9.7743630499E-01
    4470   9.7670052783E-01
    4471   9.7564267282E-01
    4472   9.7444542894E-01
    4473   9.7331332302E-01
    4474   9.7242902169E-01
    4475   9.7187245720E-01
    4476   9.7157998711E-01
    4477   9.7183073055E-01
    4478   9.7213988563E-01
    4479   9.7248425612E-01
    4480   9.7280619389E-01
    4481   9.7303402842E-01
    4482   9.7309286257E-01
    4483   9.7291287496E-01
    4484   9.7243875848E-01
    4485   9.7156417073E-01
    4486   9.7071130578E-01
    4487   9.6962772999E-01
    4488   9.6838377916E-01
    4489   9.6704490350E-01
    4490   9.6564710566E-01
    4491   9.6425425149E-01
    4492   9.6286617963E-01
    4493   9.6155151481E-01
    4494   9.6093131351E-01
    4495   9.6037348905E-01
    4496   9.6009325105E-01
    4497   9.6013165296E-01
    4498   9.6051900990E-01
    4499   9.6107086648E-01
    4500   9.6238442375E-01
    4501   9.6407080651E-01
    4502   9.6589397541E-01
    4503   9.6788225017E-01
    4504   9.6990326904E-01
    4505   9.7180800199E-01
    4506   9.7343682118E-01
    4507   9.7455248402E-01
    4508   9.7527650894E-01
    4509   9.7548626277E-01
    4510   9.7518769377E-01
    4511   9.7459732797E-01
    4512   9.7387761927E-01
    4513   9.7314686839E-01
    4514   9.7244980693E-01
    4515   9.7176164766E-01
    4516   9.7097338699E-01
    4517   9.6996355741E-01
    4518   9.6906705329E-01
    4519   9.6790510615E-01
    4520   9.6668084897E-01
    4521   9.6557616078E-01
    4522   9.6480684052E-01
    4523   9.6460319129E-01
    4524   9.6501460663E-01
    4525   9.6651139402E-01
    4526   9.6903221752E-01
    4527   9.7218002358E-01
    4528   9.7590816708E-01
    4529   9.7995824634E-01
    4530   9.8405127249E-01
    4531   9.8791999117E-01
    4532   9.9133308757E-01
    4533   9.9411327294E-01
    4534   9.9614823705E-01
    4535   9.9739121051E-01
    4536   9.9784789180E-01
    4537   9.9755430216E-01
    4538   9.9655880770E-01
    4539   9.9492288975E-01
    4540   9.9274110286E-01
    4541   9.9016604283E-01
    4542   9.8741800004E-01
    4543   9.8476262477E-01
    4544   9.8243742356E-01
    4545   9.8086765568E-01
    4546   9.8015719190E-01
    4547   9.8044078879E-01
    4548   9.8177214470E-01
    4549   9.8407154154E-01
    4550   9.8712140572E-01
    4551   9.9056861751E-01
    4552   9.9395911987E-01
    4553   9.9680223229E-01
    4554   9.9864569494E-01
    4555   9.9913959217E-01
    4556   9.9807818341E-01
    4557   9.9542368478E-01
    4558   9.9131632886E-01
    4559   9.8606645279E-01
    4560   9.8011900815E-01
    4561   9.7399071984E-01
    4562   9.6811453849E-01
    4563   9.6286175545E-01
    4564   9.5920314178E-01
    4565   9.5678993658E-01
    4566   9.5587103631E-01
    4567   9.5646392663E-01
    4568   9.5838636778E-01
    4569   9.6141932563E-01
    4570   9.6580290133E-01
    4571   9.7043680811E-01
    4572   9.7522668988E-01
    4573   9.7989661233E-01
    4574   9.8419274624E-01
    4575   9.8792362373E-01
    4576   9.9096622492E-01
    4577   9.9326873556E-01
    4578   9.9484536284E-01
    4579   9.9575968449E-01
    4580   9.9610049870E-01
    4581   9.9596163331E-01
    4582   9.9543577933E-01
    4583   9.9462257613E-01
    4584   9.9364230604E-01
    4585   9.9264499348E-01
    4586   9.9180863675E-01
    4587   9.9132614492E-01
    4588   9.9138304368E-01
    4589   9.9212533859E-01
    4590   9.9363475139E-01
    4591   9.9589158307E-01
    4592   9.9872222982E-01
    4593   1.0018702774E+00
    4594   1.0049882693E+00
    4595   1.0076995383E+00
    4596   1.0096112768E+00
    4597   1.0104730629E+00
    4598   1.0101488182E+00
    4599   1.0086632135E+00
    4600   1.0061998021E+00
    4601   1.0030711257E+00
    4602   9.9966921899E-01
    4603   9.9640788954E-01
    4604   9.9366873302E-01
    4605   9.9175782909E-01
    4606   9.9087484915E-01
    4607   9.9109434417E-01
    4608   9.9236063352E-01
    4609   9.9449944894E-01
    4610   9.9724626563E-01
    4611   1.0002852143E+00
    4612   1.0032886092E+00
    4613   1.0059496373E+00
    4614   1.0080087939E+00
    4615   1.0092797488E+00
    4616   1.0096750370E+00
    4617   1.0092218006E+00
    4618   1.0080545553E+00
    4619   1.0063816235E+00
    4620   1.0044375529E+00
    4621   1.0024409635E+00
    4622   1.0005690777E+00
    4623   9.9894615895E-01
    4624   9.9763691265E-01
    4625   9.9664178932E-01
    4626   9.9590119157E-01
    4627   9.9531677860E-01
    4628   9.9478682835E-01
    4629   9.9423904022E-01
    4630   9.9364251083E-01
    4631   9.9299461481E-01
    4632   9.9229750507E-01
    4633   9.9154519744E-01
    4634   9.9072549498E-01
    4635   9.8983550693E-01
    4636   9.8894947106E-01
    4637   9.8806634432E-01
    4638   9.8723821135E-01
    4639   9.8650836612E-01
    4640   9.8593320451E-01
    4641   9.8560630001E-01
    4642   9.8566647505E-01
    4643   9.8628316151E-01
    4644   9.8762823380E-01
    4645   9.8985091583E-01
    4646   9.9306266316E-01
    4647   9.9732254785E-01
    4648   1.0026081036E+00
    4649   1.0087697261E+00
    4650   1.0154909057E+00
    4651   1.0222890594E+00
    4652   1.0285764127E+00
    4653   1.0337729589E+00
    4654   1.0376206391E+00
    4655   1.0392175489E+00
    4656   1.0388199035E+00
    4657   1.0367334750E+00
    4658   1.0332358333E+00
    4659   1.0288769895E+00
    4660   1.0242752016E+00
    4661   1.0199894676E+00
    4662   1.0164378597E+00
    4663   1.0137481226E+00
    4664   1.0119659101E+00
    4665   1.0110310971E+00
    4666   1.0107810435E+00
    4667   1.0110874000E+00
    4668   1.0118489563E+00
    4669   1.0130077729E+00
    4670   1.0145549756E+00
    4671   1.0165115757E+00
    4672   1.0188773848E+00
    4673   1.0215661814E+00
    4674   1.0243662115E+00
    4675   1.0269572277E+00
    4676   1.0290254182E+00
    4677   1.0303103078E+00
    4678   1.0302784750E+00
    4679   1.0293446260E+00
    4680   1.0275901060E+00
    4681   1.0253414142E+00
    4682   1.0230587390E+00
    4683   1.0212440908E+00
    4684   1.0203357318E+00
    4685   1.0206044768E+00
    4686   1.0221248823E+00
    4687   1.0247598335E+00
    4688   1.0279137871E+00
    4689   1.0313785019E+00
    4690   1.0346347442E+00
    4691   1.0372582505E+00
    4692   1.0389270413E+00
    4693   1.0395010409E+00
    4694   1.0390860538E+00
    4695   1.0371742753E+00
    4696   1.0346527419E+00
    4697   1.0316251136E+00
    4698   1.0282587105E+00
    4699   1.0247417771E+00
    4700   1.0212492112E+00
    4701   1.0179503897E+00
    4702   1.0150013351E+00
    4703   1.0125371435E+00
    4704   1.0106594237E+00
    4705   1.0094090584E+00
    4706   1.0088852332E+00
    4707   1.0090730677E+00
    4708   1.0099084222E+00
    4709   1.0112494685E+00
    4710   1.0128908166E+00
    4711   1.0146052426E+00
    4712   1.0161895746E+00
    4713   1.0174929292E+00
    4714   1.0184215364E+00
    4715   1.0189309461E+00
    4716   1.0190178923E+00
    4717   1.0187137344E+00
    4718   1.0180723047E+00
    4719   1.0171490052E+00
    4720   1.0159907898E+00
    4721   1.0146061811E+00
    4722   1.0129249157E+00
    4723   1.0110574187E+00
    4724   1.0090010784E+00
    4725   1.0068015580E+00
    4726   1.0045073054E+00
    4727   1.0021513023E+00
    4728   9.9974773391E-01
    4729   9.9729853025E-01
    4730   9.9480210645E-01
    4731   9.9225977445E-01
    4732   9.8968181110E-01
    4733   9.8709636430E-01
    4734   9.8452645585E-01
    4735   9.8208963537E-01
    4736   9.7997358576E-01
    4737   9.7818805897E-01
    4738   9.7686456530E-01
    4739   9.7606539207E-01
    4740   9.7581405100E-01
    4741   9.7610039715E-01
    4742   9.7688819746E-01
    4743   9.7812160212E-01
    4744   9.7973082218E-01
    4745   9.8163867398E-01
    4746   9.8374109691E-01
    4747   9.8604976549E-01
    4748   9.8845481630E-01
    4749   9.9087376591E-01
    4750   9.9328593450E-01
    4751   9.9563727118E-01
    4752   9.9786823003E-01
    4753   9.9991579729E-01
    4754   1.0017169456E+00
    4755   1.0032118302E+00
    4756   1.0043471441E+00
    4757   1.0050802620E+00
    4758   1.0053841053E+00
    4759   1.0052520162E+00
    4760   1.0047015071E+00
    4761   1.0037760017E+00
    4762   1.0025450241E+00
    4763   1.0011031183E+00
    4764   9.9956795150E-01
    4765   9.9807804334E-01
    4766   9.9678948855E-01
    4767   9.9586952784E-01
    4768   9.9548507559E-01
    4769   9.9578511903E-01
    4770   9.9687905606E-01
    4771   9.9881585061E-01
    4772   1.0015690031E+00
    4773   1.0050300621E+00
    4774   1.0090115964E+00
    4775   1.0132774541E+00
    4776   1.0175563931E+00
    4777   1.0213950199E+00
    4778   1.0246183612E+00
    4779   1.0269910200E+00
    4780   1.0283960389E+00
    4781   1.0288258642E+00
    4782   1.0283642717E+00
    4783   1.0271605172E+00
    4784   1.0254010886E+00
    4785   1.0233396122E+00
    4786   1.0210045198E+00
    4787   1.0185952416E+00
    4788   1.0162714880E+00
    4789   1.0139867632E+00
    4790   1.0117173500E+00
    4791   1.0094282258E+00
    4792   1.0070962598E+00
    4793   1.0047236077E+00
    4794   1.0023435492E+00
    4795   1.0000232165E+00
    4796   9.9786301782E-01
    4797   9.9598769231E-01
    4798   9.9452599626E-01
    4799   9.9358305950E-01
    4800   9.9321643399E-01
    4801   9.9342548798E-01
    4802   9.9415545538E-01
    4803   9.9530939370E-01
    4804   9.9676075989E-01
    4805   9.9836476189E-01
    4806   9.9997351011E-01
    4807   1.0014591359E+00
    4808   1.0027407429E+00
    4809   1.0038032648E+00
    4810   1.0046979533E+00
    4811   1.0055237782E+00
    4812   1.0063996028E+00
    4813   1.0074380145E+00
    4814   1.0087243005E+00
    4815   1.0102972597E+00
    4816   1.0121302549E+00
    4817   1.0141181279E+00
    4818   1.0160809776E+00
    4819   1.0177905405E+00
    4820   1.0190124966E+00
    4821   1.0195492874E+00
    4822   1.0192710917E+00
    4823   1.0181598191E+00
    4824   1.0162036789E+00
    4825   1.0135443229E+00
    4826   1.0105148366E+00
    4827   1.0073699481E+00
    4828   1.0044265193E+00
    4829   1.0019701912E+00
    4830   1.0002197322E+00
    4831   9.9931176206E-01
    4832   9.9930094065E-01
    4833   1.0001658610E+00
    4834   1.0018151576E+00
    4835   1.0040956703E+00
    4836   1.0068074549E+00
    4837   1.0097253536E+00
    4838   1.0126198609E+00
    4839   1.0152693499E+00
    4840   1.0174635949E+00
    4841   1.0190078051E+00
    4842   1.0197376551E+00
    4843   1.0195461301E+00
    4844   1.0184114048E+00
    4845   1.0164119153E+00
    4846   1.0137221329E+00
    4847   1.0105925760E+00
    4848   1.0073215093E+00
    4849   1.0042226778E+00
    4850   1.0015888706E+00
    4851   9.9965919924E-01
    4852   9.9858396768E-01
    4853   9.9841643851E-01
    4854   9.9911254115E-01
    4855   1.0005495658E+00
    4856   1.0025524201E+00
    4857   1.0049142759E+00
    4858   1.0074061631E+00
    4859   1.0098242795E+00
    4860   1.0119955673E+00
    4861   1.0138024738E+00
    4862   1.0151863819E+00
    4863   1.0161351329E+00
    4864   1.0166595696E+00
    4865   1.0167704935E+00
    4866   1.0164654290E+00
    4867   1.0157277936E+00
    4868   1.0145360295E+00
    4869   1.0128793679E+00
    4870   1.0107776506E+00
    4871   1.0083016196E+00
    4872   1.0055868481E+00
    4873   1.0028330231E+00
    4874   1.0002848138E+00
    4875   9.9819840033E-01
    4876   9.9680360911E-01
    4877   9.9627165496E-01
    4878   9.9669348741E-01
    4879   9.9806844532E-01
    4880   1.0003016741E+00
    4881   1.0032102622E+00
    4882   1.0065396800E+00
    4883   1.0099912616E+00
    4884   1.0132577468E+00
    4885   1.0160637553E+00
    4886   1.0182439359E+00
    4887   1.0194999683E+00
    4888   1.0198779212E+00
    4889   1.0194279845E+00
    4890   1.0182317056E+00
    4891   1.0164375968E+00
    4892   1.0142155358E+00
    4893   1.0117331607E+00
    4894   1.0091384395E+00
    4895   1.0065502269E+00
    4896   1.0040559426E+00
    4897   1.0017144548E+00
    4898   9.9956306988E-01
    4899   9.9762751871E-01
    4900   9.9593270547E-01
    4901   9.9451081036E-01
    4902   9.9340332982E-01
    4903   9.9265591142E-01
    4904   9.9230843113E-01
    4905   9.9238457514E-01
    4906   9.9288458681E-01
    4907   9.9378274079E-01
    4908   9.9502871908E-01
    4909   9.9655126486E-01
    4910   9.9826315153E-01
    4911   1.0000669762E+00
    4912   1.0018612186E+00
    4913   1.0035460265E+00
    4914   1.0050283732E+00
    4915   1.0062272633E+00
    4916   1.0070803084E+00
    4917   1.0075518161E+00
    4918   1.0076402299E+00
    4919   1.0073815516E+00
    4920   1.0068460218E+00
    4921   1.0061282130E+00
    4922   1.0053333482E+00
    4923   1.0045630097E+00
    4924   1.0039020551E+00
    4925   1.0034076211E+00
    4926   1.0031011080E+00
    4927   1.0029652475E+00
    4928   1.0029483973E+00
    4929   1.0029758427E+00
    4930   1.0029646271E+00
    4931   1.0028369387E+00
    4932   1.0025282357E+00
    4933   1.0019900314E+00
    4934   1.0011902489E+00
    4935   1.0001141664E+00
    4936   9.9876689465E-01
    4937   9.9717641981E-01
    4938   9.9539545673E-01
    4939   9.9350135768E-01
    4940   9.9159385293E-01
    4941   9.8978982763E-01
    4942   9.8821386822E-01
    4943   9.8698442461E-01
    4944   9.8619757098E-01
    4945   9.8591282344E-01
    4946   9.8614556868E-01
    4947   9.8686814341E-01
    4948   9.8801816736E-01
    4949   9.8951053673E-01
    4950   9.9124928693E-01
    4951   9.9313761010E-01
    4952   9.9508603112E-01
    4953   9.9701874960E-01
    4954   9.9887701975E-01
    4955   1.0006179888E+00
    4956   1.0022087098E+00
    4957   1.0036181298E+00
    4958   1.0048115729E+00
    4959   1.0057507659E+00
    4960   1.0063989010E+00
    4961   1.0067272458E+00
    4962   1.0067195908E+00
    4963   1.0063735894E+00
    4964   1.0057005352E+00
    4965   1.0047250830E+00
    4966   1.0034847233E+00
    4967   1.0020275093E+00
    4968   1.0004072888E+00
    4969   9.9867818224E-01
    4970   9.9689118329E-01
    4971   9.9509419461E-01
    4972   9.9333420806E-01
    4973   9.9165885186E-01
    4974   9.9011553734E-01
    4975   9.8874914383E-01
    4976   9.8760047635E-01
    4977   9.8670616134E-01
    4978   9.8607015739E-01
    4979   9.8578995238E-01
    4980   9.8585766176E-01
    4981   9.8623534836E-01
    4982   9.8691343437E-01
    4983   9.8783414991E-01
    4984   9.8891423803E-01
    4985   9.9005140898E-01
    4986   9.9113285466E-01
    4987   9.9204584478E-01
    4988   9.9269141001E-01
    4989   9.9300047568E-01
    4990   9.9294896895E-01
    4991   9.9256637514E-01
    4992   9.9193373761E-01
    4993   9.9117133192E-01
    4994   9.9042017971E-01
    4995   9.8982202303E-01
    4996   9.8950049966E-01
    4997   9.8954398668E-01
    4998   9.8999092480E-01
    4999   9.9082067592E-01
    5000   9.9195474447E-01
    5001   9.9327134529E-01
    5002   9.9463168267E-01
    5003   9.9591088206E-01
    5004   9.9702460339E-01
    5005   9.9794466035E-01
    5006   9.9870173865E-01
    5007   9.9937650768E-01
    5008   1.0000815716E+00
    5009   1.0009366220E+00
    5010   1.0020405668E+00
    5011   1.0034466145E+00
    5012   1.0051473029E+00
    5013   1.0070735940E+00
    5014   1.0091069530E+00
    5015   1.0110984964E+00
    5016   1.0128886660E+00
    5017   1.0143240197E+00
    5018   1.0152716813E+00
    5019   1.0156327209E+00
    5020   1.0153536193E+00
    5021   1.0144325423E+00
    5022   1.0129179207E+00
    5023   1.0109000721E+00
    5024   1.0084993582E+00
    5025   1.0058538666E+00
    5026   1.0031072726E+00
    5027   1.0003960083E+00
    5028   9.9783628921E-01
    5029   9.9551402269E-01
    5030   9.9348129873E-01
    5031   9.9176047623E-01
    5032   9.9035305589E-01
    5033   9.8924832560E-01
    5034   9.8842826105E-01
    5035   9.8786864455E-01
    5036   9.8753910752E-01
    5037   9.8740464566E-01
    5038   9.8742894570E-01
    5039   9.8757771861E-01
    5040   9.8782043335E-01
    5041   9.8813071678E-01
    5042   9.8848725823E-01
    5043   9.8887646550E-01
    5044   9.8929233761E-01
    5045   9.8973674021E-01
    5046   9.9027178710E-01
    5047   9.9086656735E-01
    5048   9.9154201056E-01
    5049   9.9229493212E-01
    5050   9.9310181224E-01
    5051   9.9392340219E-01
    5052   9.9470800733E-01
    5053   9.9539637287E-01
    5054   9.9592902776E-01
    5055   9.9625643497E-01
    5056   9.9634987678E-01
    5057   9.9620911972E-01
    5058   9.9586348019E-01
    5059   9.9536607054E-01
    5060   9.9478396977E-01
    5061   9.9418794361E-01
    5062   9.9364346981E-01
    5063   9.9320279724E-01
    5064   9.9289747287E-01
    5065   9.9273262062E-01
    5066   9.9268570093E-01
    5067   9.9271197376E-01
    5068   9.9275575807E-01
    5069   9.9276354827E-01
    5070   9.9269418226E-01
    5071   9.9252368553E-01
    5072   9.9224563055E-01
    5073   9.9186980691E-01
    5074   9.9142095320E-01
    5075   9.9093728070E-01
    5076   9.9046729947E-01
    5077   9.9006464385E-01
    5078   9.8978226761E-01
    5079   9.8966763337E-01
    5080   9.8974710180E-01
    5081   9.9009837088E-01
    5082   9.9071654445E-01
    5083   9.9160784874E-01
    5084   9.9277897546E-01
    5085   9.9421210574E-01
    5086   9.9587411811E-01
    5087   9.9771880986E-01
    5088   9.9968860479E-01
    5089   1.0017153648E+00
    5090   1.0037219444E+00
    5091   1.0056270758E+00
    5092   1.0073543687E+00
    5093   1.0088432762E+00
    5094   1.0100577344E+00
    5095   1.0110037212E+00
    5096   1.0116728497E+00
    5097   1.0120772284E+00
    5098   1.0122926964E+00
    5099   1.0123286708E+00
    5100   1.0121953589E+00
    5101   1.0118830556E+00
    5102   1.0113649861E+00
    5103   1.0106082271E+00
    5104   1.0095900655E+00
    5105   1.0083141272E+00
    5106   1.0068200256E+00
    5107   1.0051831692E+00
    5108   1.0035055952E+00
    5109   1.0019016143E+00
    5110   1.0004820956E+00
    5111   9.9933979096E-01
    5112   9.9853684600E-01
    5113   9.9809583587E-01
    5114   9.9799630589E-01
    5115   9.9817852877E-01
    5116   9.9855425164E-01
    5117   9.9902189319E-01
    5118   9.9948229794E-01
    5119   9.9985181269E-01
    5120   1.0000713393E+00
    5121   1.0001115709E+00
    5122   9.9997479854E-01
    5123   9.9969320229E-01
    5124   9.9932336578E-01
    5125   9.9893756589E-01
    5126   9.9861348189E-01
    5127   9.9842411123E-01
    5128   9.9842864382E-01
    5129   9.9866401355E-01
    5130   9.9913691291E-01
    5131   9.9981753817E-01
    5132   1.0006381578E+00
    5133   1.0014998622E+00
    5134   1.0022888144E+00
    5135   1.0028997962E+00
    5136   1.0032615014E+00
    5137   1.0033565810E+00
    5138   1.0032305759E+00
    5139   1.0029866653E+00
    5140   1.0027666889E+00
    5141   1.0027223196E+00
    5142   1.0029828015E+00
    5143   1.0036267265E+00
    5144   1.0046646146E+00
    5145   1.0060362556E+00
    5146   1.0076228259E+00
    5147   1.0092699653E+00
    5148   1.0108155546E+00
    5149   1.0121156910E+00
    5150   1.0130643225E+00
    5151   1.0136047103E+00
    5152   1.0137332432E+00
    5153   1.0135114215E+00
    5154   1.0130113777E+00
    5155   1.0123262895E+00
    5156   1.0116683333E+00
    5157   1.0111574913E+00
    5158   1.0109221111E+00
    5159   1.0110526393E+00
    5160   1.0115825011E+00
    5161   1.0124756948E+00
    5162   1.0136246544E+00
    5163   1.0148614238E+00
    5164   1.0159824987E+00
    5165   1.0167838450E+00
    5166   1.0170987447E+00
    5167   1.0168292587E+00
    5168   1.0159633108E+00
    5169   1.0145733959E+00
    5170   1.0127981311E+00
    5171   1.0108126647E+00
    5172   1.0088005653E+00
    5173   1.0068837159E+00
    5174   1.0051893134E+00
    5175   1.0037552049E+00
    5176   1.0025667638E+00
    5177   1.0015823092E+00
    5178   1.0007507797E+00
    5179   1.0000349285E+00
    5180   9.9942843890E-01
    5181   9.9896349319E-01
    5182   9.9870815811E-01
    5183   9.9875488559E-01
    5184   9.9920213473E-01
    5185   1.0001315488E+00
    5186   1.0015839550E+00
    5187   1.0035388453E+00
    5188   1.0059029757E+00
    5189   1.0085128302E+00
    5190   1.0111525649E+00
    5191   1.0135848664E+00
    5192   1.0155886217E+00
    5193   1.0169958267E+00
    5194   1.0177206779E+00
    5195   1.0177750432E+00
    5196   1.0172662319E+00
    5197   1.0163759983E+00
    5198   1.0153242575E+00
    5199   1.0143259195E+00
    5200   1.0135518366E+00
    5201   1.0131031027E+00
    5202   1.0130028866E+00
    5203   1.0132212910E+00
    5204   1.0136437482E+00
    5205   1.0141115293E+00
    5206   1.0145766790E+00
    5207   1.0149316811E+00
    5208   1.0151420416E+00
    5209   1.0152257480E+00
    5210   1.0152435270E+00
    5211   1.0152801889E+00
    5212   1.0154232081E+00
    5213   1.0157444914E+00
    5214   1.0162882931E+00
    5215   1.0170653141E+00
    5216   1.0180518584E+00
    5217   1.0191934512E+00
    5218   1.0204302051E+00
    5219   1.0217145306E+00
    5220   1.0227507311E+00
    5221   1.0236507372E+00
    5222   1.0242986556E+00
    5223   1.0246232296E+00
    5224   1.0245822272E+00
    5225   1.0241571658E+00
    5226   1.0233595951E+00
    5227   1.0222337167E+00
    5228   1.0208528522E+00
    5229   1.0193294983E+00
    5230   1.0177498978E+00
    5231   1.0161240140E+00
    5232   1.0146695972E+00
    5233   1.0133860385E+00
    5234   1.0122938499E+00
    5235   1.0113898356E+00
    5236   1.0106522051E+00
    5237   1.0100522471E+00
    5238   1.0095645910E+00
    5239   1.0091720419E+00
    5240   1.0088640830E+00
    5241   1.0086315531E+00
    5242   1.0084613124E+00
    5243   1.0083335137E+00
    5244   1.0082220218E+00
    5245   1.0080971640E+00
    5246   1.0079300521E+00
    5247   1.0076982179E+00
    5248   1.0073918480E+00
    5249   1.0070186612E+00
    5250   1.0066048549E+00
    5251   1.0061905066E+00
    5252   1.0058202543E+00
    5253   1.0055323664E+00
    5254   1.0053497325E+00
    5255   1.0052750018E+00
    5256   1.0052903706E+00
    5257   1.0053622008E+00
    5258   1.0054501751E+00
    5259   1.0054976618E+00
    5260   1.0054852166E+00
    5261   1.0053993473E+00
    5262   1.0052511139E+00
    5263   1.0050730852E+00
    5264   1.0049091124E+00
    5265   1.0048026187E+00
    5266   1.0047859038E+00
    5267   1.0048729796E+00
    5268   1.0050569363E+00
    5269   1.0053117463E+00
    5270   1.0055980352E+00
    5271   1.0058719942E+00
    5272   1.0060957409E+00
    5273   1.0062465942E+00
    5274   1.0063226403E+00
    5275   1.0063429387E+00
    5276   1.0063424893E+00
    5277   1.0063636013E+00
    5278   1.0064458793E+00
    5279   1.0066169709E+00
    5280   1.0068859706E+00
    5281   1.0072410962E+00
    5282   1.0076528697E+00
    5283   1.0080829239E+00
    5284   1.0084967285E+00
    5285   1.0088768062E+00
    5286   1.0092323065E+00
    5287   1.0096015493E+00
    5288   1.0100462525E+00
    5289   1.0106385816E+00
    5290   1.0114440425E+00
    5291   1.0125042348E+00
    5292   1.0138410928E+00
    5293   1.0154129239E+00
    5294   1.0170625366E+00
    5295   1.0187659785E+00
    5296   1.0203676904E+00
    5297   1.0217433971E+00
    5298   1.0227921686E+00
    5299   1.0234470555E+00
    5300   1.0236799928E+00
    5301   1.0234993797E+00
    5302   1.0229418954E+00
    5303   1.0220620165E+00
    5304   1.0209747259E+00
    5305   1.0195937166E+00
    5306   1.0180545393E+00
    5307   1.0164603001E+00
    5308   1.0148164227E+00
    5309   1.0131712596E+00
    5310   1.0115733946E+00
    5311   1.0100687512E+00
    5312   1.0086954337E+00
    5313   1.0074779260E+00
    5314   1.0064228141E+00
    5315   1.0055179531E+00
    5316   1.0047359192E+00
    5317   1.0040411379E+00
    5318   1.0033988744E+00
    5319   1.0027837938E+00
    5320   1.0021862603E+00
    5321   1.0016155185E+00
    5322   1.0010997416E+00
    5323   1.0006833653E+00
    5324   1.0004221740E+00
    5325   1.0003765378E+00
    5326   1.0006033234E+00
    5327   1.0011472034E+00
    5328   1.0020321884E+00
    5329   1.0032542296E+00
    5330   1.0047758256E+00
    5331   1.0065238023E+00
    5332   1.0083917247E+00
    5333   1.0102482176E+00
    5334   1.0119513754E+00
    5335   1.0133676118E+00
    5336   1.0143914267E+00
    5337   1.0149840822E+00
    5338   1.0151014086E+00
    5339   1.0147551608E+00
    5340   1.0141139578E+00
    5341   1.0132603117E+00
    5342   1.0123155933E+00
    5343   1.0113909995E+00
    5344   1.0105745159E+00
    5345   1.0099249829E+00
    5346   1.0094726942E+00
    5347   1.0092242802E+00
    5348   1.0091686558E+00
    5349   1.0092813632E+00
    5350   1.0095264085E+00
    5351   1.0098566048E+00
    5352   1.0102145107E+00
    5353   1.0105358821E+00
    5354   1.0107564253E+00
    5355   1.0108212430E+00
    5356   1.0106952598E+00
    5357   1.0103722009E+00
    5358   1.0098795116E+00
    5359   1.0092771096E+00
    5360   1.0086553781E+00
    5361   1.0080992206E+00
    5362   1.0076903418E+00
    5363   1.0075215317E+00
    5364   1.0076228939E+00
    5365   1.0080036286E+00
    5366   1.0086440494E+00
    5367   1.0095013883E+00
    5368   1.0105170509E+00
    5369   1.0116237229E+00
    5370   1.0127516174E+00
    5371   1.0138336356E+00
    5372   1.0148094818E+00
    5373   1.0156289545E+00
    5374   1.0162547601E+00
    5375   1.0166650020E+00
    5376   1.0168550029E+00
    5377   1.0168375873E+00
    5378   1.0166408867E+00
    5379   1.0163040644E+00
    5380   1.0159035951E+00
    5381   1.0153862189E+00
    5382   1.0148340215E+00
    5383   1.0142879990E+00
    5384   1.0137292713E+00
    5385   1.0131521530E+00
    5386   1.0125465834E+00
    5387   1.0119037189E+00
    5388   1.0112210311E+00
    5389   1.0105057025E+00
    5390   1.0097754786E+00
    5391   1.0090568371E+00
    5392   1.0083811171E+00
    5393   1.0077797309E+00
    5394   1.0072795611E+00
    5395   1.0068992948E+00
    5396   1.0066470394E+00
    5397   1.0065193399E+00
    5398   1.0065016437E+00
    5399   1.0065701270E+00
    5400   1.0066945202E+00
    5401   1.0068412797E+00
    5402   1.0069763869E+00
    5403   1.0070673590E+00
    5404   1.0070845948E+00
    5405   1.0070026022E+00
    5406   1.0068019609E+00
    5407   1.0064764433E+00
    5408   1.0060081975E+00
    5409   1.0054231775E+00
    5410   1.0047489306E+00
    5411   1.0040215279E+00
    5412   1.0032892660E+00
    5413   1.0026036849E+00
    5414   1.0020121395E+00
    5415   1.0015502859E+00
    5416   1.0012362573E+00
    5417   1.0010680923E+00
    5418   1.0010251704E+00
    5419   1.0010732884E+00
    5420   1.0011719901E+00
    5421   1.0012822498E+00
    5422   1.0013727528E+00
    5423   1.0014236280E+00
    5424   1.0014272948E+00
    5425   1.0013868252E+00
    5426   1.0013127166E+00
    5427   1.0012191754E+00
    5428   1.0011209130E+00
    5429   1.0010310576E+00
    5430   1.0009602530E+00
    5431   1.0009165808E+00
    5432   1.0009057957E+00
    5433   1.0009315499E+00
    5434   1.0009956420E+00
    5435   1.0010985335E+00
    5436   1.0012403142E+00
    5437   1.0014220034E+00
    5438   1.0016467695E+00
    5439   1.0019205539E+00
    5440   1.0022517479E+00
    5441   1.0026498728E+00
    5442   1.0031235321E+00
    5443   1.0036781531E+00
    5444   1.0043141788E+00
    5445   1.0050263664E+00
    5446   1.0058046038E+00
    5447   1.0066361262E+00
    5448   1.0075083443E+00
    5449   1.0084110128E+00
    5450   1.0093365070E+00
    5451   1.0102776570E+00
    5452   1.0112236504E+00
    5453   1.0121554598E+00
    5454   1.0130426254E+00
    5455   1.0138428830E+00
    5456   1.0145052595E+00
    5457   1.0149762275E+00
    5458   1.0152076523E+00
    5459   1.0151685449E+00
    5460   1.0148691951E+00
    5461   1.0142199215E+00
    5462   1.0133389760E+00
    5463   1.0122631653E+00
    5464   1.0110391908E+00
    5465   1.0097282485E+00
    5466   1.0083894771E+00
    5467   1.0070759705E+00
    5468   1.0058328414E+00
    5469   1.0046968857E+00
    5470   1.0036970542E+00
    5471   1.0028548820E+00
    5472   1.0021842512E+00
    5473   1.0016903156E+00
    5474   1.0013679744E+00
    5475   1.0012007411E+00
    5476   1.0011609929E+00
    5477   1.0012122844E+00
    5478   1.0013137641E+00
    5479   1.0014259738E+00
    5480   1.0015167598E+00
    5481   1.0015658782E+00
    5482   1.0015671551E+00
    5483   1.0015276860E+00
    5484   1.0014643083E+00
    5485   1.0013982787E+00
    5486   1.0013495342E+00
    5487   1.0013319811E+00
    5488   1.0013508883E+00
    5489   1.0014028038E+00
    5490   1.0014776629E+00
    5491   1.0015622134E+00
    5492   1.0016436787E+00
    5493   1.0017127233E+00
    5494   1.0017651225E+00
    5495   1.0018019313E+00
    5496   1.0018282890E+00
    5497   1.0018512662E+00
    5498   1.0018773591E+00
    5499   1.0019103114E+00
    5500   1.0019498495E+00
    5501   1.0019916530E+00
    5502   1.0020285271E+00
    5503   1.0020524235E+00
    5504   1.0020567782E+00
    5505   1.0020386103E+00
    5506   1.0019999176E+00
    5507   1.0019480720E+00
    5508   1.0018951261E+00
    5509   1.0018561902E+00
    5510   1.0018472826E+00
    5511   1.0018831916E+00
    5512   1.0019758383E+00
    5513   1.0021333929E+00
    5514   1.0023600491E+00
    5515   1.0026560943E+00
    5516   1.0030178404E+00
    5517   1.0034371487E+00
    5518   1.0039006272E+00
    5519   1.0043889378E+00
    5520   1.0048768776E+00
    5521   1.0053348671E+00
    5522   1.0057321598E+00
    5523   1.0060415400E+00
    5524   1.0062446684E+00
    5525   1.0063368022E+00
    5526   1.0063295313E+00
    5527   1.0062505300E+00
    5528   1.0061400186E+00
    5529   1.0060483355E+00
    5530   1.0060136697E+00
    5531   1.0060678992E+00
    5532   1.0062405606E+00
    5533   1.0065252810E+00
    5534   1.0069006698E+00
    5535   1.0073289088E+00
    5536   1.0077623266E+00
    5537   1.0081516772E+00
    5538   1.0084543743E+00
    5539   1.0086409656E+00
    5540   1.0086985827E+00
    5541   1.0086308795E+00
    5542   1.0084548408E+00
    5543   1.0081955612E+00
    5544   1.0078804717E+00
    5545   1.0075344489E+00
    5546   1.0071768105E+00
    5547   1.0068205393E+00
    5548   1.0064734013E+00
    5549   1.0061401553E+00
    5550   1.0058249080E+00
    5551   1.0055328503E+00
    5552   1.0052709599E+00
    5553   1.0050476141E+00
    5554   1.0048713110E+00
    5555   1.0047488259E+00
    5556   1.0046831969E+00
    5557   1.0046719749E+00
    5558   1.0047061829E+00
    5559   1.0047703714E+00
    5560   1.0048439855E+00
    5561   1.0049039946E+00
    5562   1.0049284228E+00
    5563   1.0049001525E+00
    5564   1.0048102177E+00
    5565   1.0046598279E+00
    5566   1.0044605822E+00
    5567   1.0042327286E+00
    5568   1.0040017982E+00
    5569   1.0037943626E+00
    5570   1.0036340894E+00
    5571   1.0035397466E+00
    5572   1.0035151848E+00
    5573   1.0035665879E+00
    5574   1.0036884409E+00
    5575   1.0038711032E+00
    5576   1.0041037808E+00
    5577   1.0043756611E+00
    5578   1.0046767025E+00
    5579   1.0049974080E+00
    5580   1.0053278763E+00
    5581   1.0056566705E+00
    5582   1.0059701188E+00
    5583   1.0062525377E+00
    5584   1.0064875756E+00
    5585   1.0066605017E+00
    5586   1.0067609199E+00
    5587   1.0067851669E+00
    5588   1.0067376359E+00
    5589   1.0066304968E+00
    5590   1.0064817209E+00
    5591   1.0063118406E+00
    5592   1.0061402875E+00
    5593   1.0059822814E+00
    5594   1.0058470168E+00
    5595   1.0057374183E+00
    5596   1.0056512216E+00
    5597   1.0055827934E+00
    5598   1.0055250441E+00
    5599   1.0054709552E+00
    5600   1.0054145155E+00
    5601   1.0053511000E+00
    5602   1.0052774701E+00
    5603   1.0051916215E+00
    5604   1.0050926780E+00
    5605   1.0049809406E+00
    5606   1.0048580769E+00
    5607   1.0047273074E+00
    5608   1.0045933851E+00
    5609   1.0044622080E+00
    5610   1.0043400431E+00
    5611   1.0042325035E+00
    5612   1.0041435300E+00
    5613   1.0040746441E+00
    5614   1.0040246707E+00
    5615   1.0039900242E+00
    5616   1.0039655388E+00
    5617   1.0039457027E+00
    5618   1.0039260368E+00
    5619   1.0039044296E+00
    5620   1.0038835719E+00
    5621   1.0038601378E+00
    5622   1.0038439459E+00
    5623   1.0038399554E+00
    5624   1.0038504130E+00
    5625   1.0038755990E+00
    5626   1.0039124417E+00
    5627   1.0039550691E+00
    5628   1.0039962352E+00
    5629   1.0040292240E+00
    5630   1.0040496600E+00
    5631   1.0040566456E+00
    5632   1.0040528335E+00
    5633   1.0040433719E+00
    5634   1.0040340331E+00
    5635   1.0040291078E+00
    5636   1.0040297283E+00
    5637   1.0040331492E+00
    5638   1.0040332196E+00
    5639   1.0040219328E+00
    5640   1.0039916314E+00
    5641   1.0039372678E+00
    5642   1.0038580981E+00
    5643   1.0037583436E+00
    5644   1.0036466411E+00
    5645   1.0035344403E+00
    5646   1.0034337997E+00
    5647   1.0033551726E+00
    5648   1.0033057414E+00
    5649   1.0032886533E+00
    5650   1.0033032368E+00
    5651   1.0033459983E+00
    5652   1.0034120071E+00
    5653   1.0034962076E+00
    5654   1.0035942710E+00
    5655   1.0037027908E+00
    5656   1.0038188880E+00
    5657   1.0039395138E+00
    5658   1.0040608487E+00
    5659   1.0041781302E+00
    5660   1.0042860387E+00
    5661   1.0043795152E+00
    5662   1.0044546935E+00
    5663   1.0045095818E+00
    5664   1.0045442209E+00
    5665   1.0045602440E+00
    5666   1.0045599757E+00
    5667   1.0045453774E+00
    5668   1.0045172151E+00
    5669   1.0044747699E+00
    5670   1.0044162396E+00
    5671   1.0043397366E+00
    5672   1.0042445559E+00
    5673   1.0041322619E+00
    5674   1.0040071835E+00
    5675   1.0038760980E+00
    5676   1.0037471516E+00
    5677   1.0036283118E+00
    5678   1.0035257763E+00
    5679   1.0034427658E+00
    5680   1.0033790018E+00
    5681   1.0033309763E+00
    5682   1.0032929055E+00
    5683   1.0032581684E+00
    5684   1.0032220332E+00
    5685   1.0031754960E+00
    5686   1.0031191644E+00
    5687   1.0030529967E+00
    5688   1.0029775245E+00
    5689   1.0028950088E+00
    5690   1.0028080660E+00
    5691   1.0027192213E+00
    5692   1.0026307350E+00
    5693   1.0025446684E+00
    5694   1.0024630656E+00
    5695   1.0023880891E+00
    5696   1.0023219716E+00
    5697   1.0022667296E+00
    5698   1.0022237109E+00
    5699   1.0021931472E+00
    5700   1.0021739210E+00
    5701   1.0021637023E+00
    5702   1.0021594841E+00
    5703   1.0021584013E+00
    5704   1.0021586068E+00
    5705   1.0021599328E+00
    5706   1.0021641147E+00
    5707   1.0021744639E+00
    5708   1.0021950384E+00
    5709   1.0022295090E+00
    5710   1.0022800175E+00
    5711   1.0023463323E+00
    5712   1.0024255178E+00
    5713   1.0025121960E+00
    5714   1.0025993235E+00
    5715   1.0026793040E+00
    5716   1.0027452049E+00
    5717   1.0027918490E+00
    5718   1.0028165891E+00
    5719   1.0028196346E+00
    5720   1.0028038866E+00
    5721   1.0027743349E+00
    5722   1.0027371654E+00
    5723   1.0026987798E+00
    5724   1.0026649276E+00
    5725   1.0026400973E+00
    5726   1.0026272309E+00
    5727   1.0026277445E+00
    5728   1.0026417712E+00
    5729   1.0026685043E+00
    5730   1.0027065065E+00
    5731   1.0027538841E+00
    5732   1.0028082890E+00
    5733   1.0028668055E+00
    5734   1.0029258507E+00
    5735   1.0029812369E+00
    5736   1.0030284875E+00
    5737   1.0030633989E+00
    5738   1.0030827261E+00
    5739   1.0030848105E+00
    5740   1.0030699639E+00
    5741   1.0030404860E+00
    5742   1.0030002860E+00
    5743   1.0029541763E+00
    5744   1.0029069849E+00
    5745   1.0028626753E+00
    5746   1.0028236527E+00
    5747   1.0027903921E+00
    5748   1.0027614450E+00
    5749   1.0027338102E+00
    5750   1.0027035896E+00
    5751   1.0026668118E+00
    5752   1.0026202873E+00
    5753   1.0025623425E+00
    5754   1.0024932938E+00
    5755   1.0024155496E+00
    5756   1.0023332986E+00
    5757   1.0022518241E+00
    5758   1.0021765686E+00
    5759   1.0021121306E+00
    5760   1.0020613879E+00
    5761   1.0020249231E+00
    5762   1.0020008711E+00
    5763   1.0019852315E+00
    5764   1.0019726001E+00
    5765   1.0019571780E+00
    5766   1.0019338529E+00
    5767   1.0018991239E+00
    5768   1.0018516820E+00
    5769   1.0017925436E+00
    5770   1.0017247428E+00
    5771   1.0016526804E+00
    5772   1.0015812924E+00
    5773   1.0015152192E+00
    5774   1.0014581409E+00
    5775   1.0014123893E+00
    5776   1.0013788733E+00
    5777   1.0013572710E+00
    5778   1.0013463816E+00
    5779   1.0013445048E+00
    5780   1.0013497371E+00
    5781   1.0013601279E+00
    5782   1.0013736974E+00
    5783   1.0013883689E+00
    5784   1.0014018877E+00
    5785   1.0014118052E+00
    5786   1.0014155813E+00
    5787   1.0014108231E+00
    5788   1.0013956270E+00
    5789   1.0013689458E+00
    5790   1.0013308815E+00
    5791   1.0012828142E+00
    5792   1.0012275119E+00
    5793   1.0011680463E+00
    5794   1.0011086658E+00
    5795   1.0010538388E+00
    5796   1.0010073315E+00
    5797   1.0009724613E+00
    5798   1.0009516451E+00
    5799   1.0009461708E+00
    5800   1.0009560246E+00
    5801   1.0009797964E+00
    5802   1.0010146999E+00
    5803   1.0010567536E+00
    5804   1.0011011525E+00
    5805   1.0011428153E+00
    5806   1.0011770417E+00
    5807   1.0012001588E+00
    5808   1.0012100172E+00
    5809   1.0012062142E+00
    5810   1.0011899872E+00
    5811   1.0011638017E+00
    5812   1.0011307415E+00
    5813   1.0010938600E+00
    5814   1.0010556614E+00
    5815   1.0010178400E+00
    5816   1.0009813266E+00
    5817   1.0009465951E+00
    5818   1.0009140986E+00
    5819   1.0008846618E+00
    5820   1.0008596680E+00
    5821   1.0008409549E+00
    5822   1.0008304291E+00
    5823   1.0008295109E+00
    5824   1.0008385800E+00
    5825   1.0008566026E+00
    5826   1.0008810728E+00
    5827   1.0009083160E+00
    5828   1.0009341012E+00
    5829   1.0009544231E+00
    5830   1.0009662657E+00
    5831   1.0009681620E+00
    5832   1.0009604240E+00
    5833   1.0009450002E+00
    5834   1.0009250164E+00
    5835   1.0009041175E+00
    5836   1.0008857664E+00
    5837   1.0008726444E+00
    5838   1.0008662648E+00
    5839   1.0008668591E+00
    5840   1.0008735291E+00
    5841   1.0008846040E+00
    5842   1.0008980901E+00
    5843   1.0009120893E+00
    5844   1.0009250789E+00
    5845   1.0009359967E+00
    5846   1.0009441443E+00
    5847   1.0009489754E+00
    5848   1.0009498694E+00
    5849   1.0009459892E+00
    5850   1.0009362846E+00
    5851   1.0009196551E+00
    5852   1.0008952267E+00
    5853   1.0008626566E+00
    5854   1.0008223668E+00
    5855   1.0007756231E+00
    5856   1.0007244279E+00
    5857   1.0006712482E+00
    5858   1.0006186501E+00
    5859   1.0005689311E+00
    5860   1.0005238368E+00
    5861   1.0004844172E+00
    5862   1.0004510439E+00
    5863   1.0004235665E+00
    5864   1.0004015574E+00
    5865   1.0003845741E+00
    5866   1.0003723640E+00
    5867   1.0003649584E+00
    5868   1.0003626307E+00
    5869   1.0003657391E+00
    5870   1.0003744985E+00
    5871   1.0003887463E+00
    5872   1.0004077606E+00
    5873   1.0004301789E+00
    5874   1.0004540449E+00
    5875   1.0004769859E+00
    5876   1.0004964990E+00
    5877   1.0005102929E+00
    5878   1.0005166176E+00
    5879   1.0005145108E+00
    5880   1.0005039119E+00
    5881   1.0004856282E+00
    5882   1.0004611721E+00
    5883   1.0004325130E+00
    5884   1.0004017962E+00
    5885   1.0003710788E+00
    5886   1.0003421210E+00
    5887   1.0003162538E+00
    5888   1.0002943282E+00
    5889   1.0002767317E+00
    5890   1.0002634484E+00
    5891   1.0002541412E+00
    5892   1.0002482444E+00
    5893   1.0002450651E+00
    5894   1.0002438951E+00
    5895   1.0002441262E+00
    5896   1.0002453509E+00
    5897   1.0002474224E+00
    5898   1.0002504554E+00
    5899   1.0002547633E+00
    5900   1.0002607477E+00
    5901   1.0002687691E+00
    5902   1.0002790304E+00
    5903   1.0002915001E+00
    5904   1.0003058898E+00
    5905   1.0003216799E+00
    5906   1.0003381766E+00
    5907   1.0003545709E+00
    5908   1.0003699797E+00
    5909   1.0003834693E+00
    5910   1.0003940824E+00
    5911   1.0004008993E+00
    5912   1.0004031545E+00
    5913   1.0004003938E+00
    5914   1.0003926286E+00
    5915   1.0003804256E+00
    5916   1.0003648874E+00
    5917   1.0003475110E+00
    5918   1.0003299575E+00
    5919   1.0003137938E+00
    5920   1.0003002779E+00
    5921   1.0002902386E+00
    5922   1.0002840749E+00
    5923   1.0002818536E+00
    5924   1.0002834574E+00
    5925   1.0002887137E+00
    5926   1.0002974493E+00
    5927   1.0003094402E+00
    5928   1.0003242768E+00
    5929   1.0003411966E+00
    5930   1.0003589590E+00
    5931   1.0003758261E+00
    5932   1.0003896834E+00
    5933   1.0003982955E+00
    5934   1.0003996492E+00
    5935   1.0003923139E+00
    5936   1.0003757352E+00
    5937   1.0003503923E+00
    5938   1.0003177765E+00
    5939   1.0002801959E+00
    5940   1.0002404483E+00
    5941   1.0002014393E+00
    5942   1.0001658218E+00
    5943   1.0001357231E+00
    5944   1.0001125916E+00
    5945   1.0000971644E+00
    5946   1.0000895341E+00
    5947   1.0000892783E+00
    5948   1.0000956093E+00
    5949   1.0001075119E+00
    5950   1.0001238469E+00
    5951   1.0001434151E+00
    5952   1.0001649934E+00
    5953   1.0001873603E+00
    5954   1.0002093296E+00
    5955   1.0002297995E+00
    5956   1.0002478164E+00
    5957   1.0002626418E+00
    5958   1.0002738082E+00
    5959   1.0002811471E+00
    5960   1.0002847795E+00
    5961   1.0002850654E+00
    5962   1.0002825220E+00
    5963   1.0002777297E+00
    5964   1.0002712506E+00
    5965   1.0002635786E+00
    5966   1.0002551266E+00
    5967   1.0002462415E+00
    5968   1.0002372270E+00
    5969   1.0002283565E+00
    5970   1.0002198634E+00
    5971   1.0002119118E+00
    5972   1.0002045574E+00
    5973   1.0001977143E+00
    5974   1.0001911449E+00
    5975   1.0001844849E+00
    5976   1.0001773071E+00
    5977   1.0001692160E+00
    5978   1.0001599523E+00
    5979   1.0001494802E+00
    5980   1.0001380372E+00
    5981   1.0001261323E+00
    5982   1.0001144977E+00
    5983   1.0001040041E+00
    5984   1.0000955583E+00
    5985   1.0000899936E+00
    5986   1.0000879674E+00
    5987   1.0000898746E+00
    5988   1.0000957853E+00
    5989   1.0001054161E+00
    5990   1.0001181392E+00
    5991   1.0001330298E+00
    5992   1.0001489524E+00
    5993   1.0001646757E+00
    5994   1.0001790075E+00
    5995   1.0001909282E+00
    5996   1.0001997014E+00
    5997   1.0002049407E+00
    5998   1.0002066234E+00
    5999   1.0002050555E+00
    6000   1.0002008062E+00
    6001   1.0001946276E+00
    6002   1.0001873757E+00
    6003   1.0001799336E+00
    6004   1.0001731359E+00
    6005   1.0001676938E+00
    6006   1.0001641247E+00
    6007   1.0001626947E+00
    6008   1.0001633867E+00
    6009   1.0001659018E+00
    6010   1.0001697022E+00
    6011   1.0001740962E+00
    6012   1.0001783582E+00
    6013   1.0001818681E+00
    6014   1.0001842446E+00
    6015   1.0001854440E+00
    6016   1.0001857981E+00
    6017   1.0001859809E+00
    6018   1.0001869012E+00
    6019   1.0001895353E+00
    6020   1.0001947232E+00
    6021   1.0002029596E+00
    6022   1.0002142211E+00
    6023   1.0002278717E+00
    6024   1.0002426815E+00
    6025   1.0002569746E+00
    6026   1.0002688880E+00
    6027   1.0002766951E+00
    6028   1.0002791242E+00
    6029   1.0002755988E+00
    6030   1.0002663437E+00
    6031   1.0002523298E+00
    6032   1.0002350743E+00
    6033   1.0002163419E+00
    6034   1.0001978245E+00
    6035   1.0001808710E+00
    6036   1.0001663283E+00
    6037   1.0001545148E+00
    6038   1.0001453111E+00
    6039   1.0001383253E+00
    6040   1.0001330753E+00
    6041   1.0001291390E+00
    6042   1.0001262390E+00
    6043   1.0001242532E+00
    6044   1.0001231635E+00
    6045   1.0001229702E+00
    6046   1.0001236069E+00
    6047   1.0001248861E+00
    6048   1.0001264920E+00
    6049   1.0001280207E+00
    6050   1.0001290490E+00
    6051   1.0001292084E+00
    6052   1.0001282423E+00
    6053   1.0001260357E+00
    6054   1.0001226162E+00
    6055   1.0001181324E+00
    6056   1.0001128199E+00
    6057   1.0001069648E+00
    6058   1.0001008710E+00
    6059   1.0000948353E+00
    6060   1.0000891317E+00
    6061   1.0000839979E+00
    6062   1.0000796204E+00
    6063   1.0000761173E+00
    6064   1.0000735214E+00
    6065   1.0000717760E+00
    6066   1.0000707484E+00
    6067   1.0000702626E+00
    6068   1.0000701445E+00
    6069   1.0000702635E+00
    6070   1.0000705600E+00
    6071   1.0000710495E+00
    6072   1.0000718008E+00
    6073   1.0000728948E+00
    6074   1.0000743719E+00
    6075   1.0000761836E+00
    6076   1.0000781626E+00
    6077   1.0000800262E+00
    6078   1.0000814155E+00
    6079   1.0000819656E+00
    6080   1.0000813878E+00
    6081   1.0000795446E+00
    6082   1.0000764957E+00
    6083   1.0000725041E+00
    6084   1.0000679987E+00
    6085   1.0000635016E+00
    6086   1.0000595330E+00
    6087   1.0000565167E+00
    6088   1.0000547076E+00
    6089   1.0000541572E+00
    6090   1.0000547249E+00
    6091   1.0000561277E+00
    6092   1.0000580112E+00
    6093   1.0000600232E+00
    6094   1.0000618726E+00
    6095   1.0000633637E+00
    6096   1.0000644057E+00
    6097   1.0000649992E+00
    6098   1.0000652090E+00
    6099   1.0000651295E+00
    6100   1.0000648540E+00
    6101   1.0000644508E+00
    6102   1.0000639515E+00
    6103   1.0000633479E+00
    6104   1.0000625974E+00
    6105   1.0000616347E+00
    6106   1.0000603902E+00
    6107   1.0000588142E+00
    6108   1.0000569019E+00
    6109   1.0000547148E+00
    6110   1.0000523879E+00
    6111   1.0000501206E+00
    6112   1.0000481506E+00
    6113   1.0000467172E+00
    6114   1.0000460217E+00
    6115   1.0000461937E+00
    6116   1.0000472697E+00
    6117   1.0000491864E+00
    6118   1.0000517907E+00
    6119   1.0000548629E+00
    6120   1.0000581477E+00
    6121   1.0000613846E+00
    6122   1.0000643333E+00
    6123   1.0000667914E+00
    6124   1.0000686039E+00
    6125   1.0000696683E+00
    6126   1.0000699356E+00
    6127   1.0000694073E+00
    6128   1.0000681281E+00
    6129   1.0000661766E+00
    6130   1.0000636545E+00
    6131   1.0000606791E+00
    6132   1.0000573784E+00
    6133   1.0000538882E+00
    6134   1.0000503498E+00
    6135   1.0000469064E+00
    6136   1.0000436972E+00
    6137   1.0000408507E+00
    6138   1.0000384746E+00
    6139   1.0000366437E+00
    6140   1.0000353878E+00
    6141   1.0000346810E+00
    6142   1.0000344392E+00
    6143   1.0000345268E+00
    6144   1.0000347736E+00
    6145   1.0000349978E+00
    6146   1.0000350315E+00
    6147   1.0000347448E+00
    6148   1.0000340663E+00
    6149   1.0000329972E+00
    6150   1.0000316166E+00
    6151   1.0000300753E+00
    6152   1.0000285778E+00
    6153   1.0000273531E+00
    6154   1.0000266211E+00
    6155   1.0000265597E+00
    6156   1.0000272772E+00
    6157   1.0000287949E+00
    6158   1.0000310406E+00
    6159   1.0000338552E+00
    6160   1.0000370107E+00
    6161   1.0000402373E+00
    6162   1.0000432573E+00
    6163   1.0000458186E+00
    6164   1.0000477233E+00
    6165   1.0000488487E+00
    6166   1.0000491568E+00
    6167   1.0000486916E+00
    6168   1.0000475651E+00
    6169   1.0000459325E+00
    6170   1.0000439630E+00
    6171   1.0000418107E+00
    6172   1.0000395941E+00
    6173   1.0000373864E+00
    6174   1.0000352198E+00
    6175   1.0000330989E+00
    6176   1.0000310209E+00
    6177   1.0000289951E+00
    6178   1.0000270592E+00
    6179   1.0000252877E+00
    6180   1.0000237907E+00
    6181   1.0000227053E+00
    6182   1.0000221787E+00
    6183   1.0000223490E+00
    6184   1.0000233234E+00
    6185   1.0000251588E+00
    6186   1.0000278437E+00
    6187   1.0000312855E+00
    6188   1.0000353044E+00
    6189   1.0000396389E+00
    6190   1.0000439643E+00
    6191   1.0000479252E+00
    6192   1.0000511767E+00
    6193   1.0000534283E+00
    6194   1.0000544825E+00
    6195   1.0000542608E+00
    6196   1.0000528113E+00
    6197   1.0000502970E+00
    6198   1.0000469673E+00
    6199   1.0000431178E+00
    6200   1.0000390481E+00
    6201   1.0000350252E+00
    6202   1.0000312596E+00
    6203   1.0000278953E+00
    6204   1.0000250126E+00
    6205   1.0000226378E+00
    6206   1.0000207569E+00
    6207   1.0000193273E+00
    6208   1.0000182874E+00
    6209   1.0000175643E+00
    6210   1.0000170803E+00
    6211   1.0000167622E+00
    6212   1.0000165528E+00
    6213   1.0000164267E+00
    6214   1.0000164066E+00
    6215   1.0000165766E+00
    6216   1.0000170888E+00
    6217   1.0000181584E+00
    6218   1.0000200450E+00
    6219   1.0000230230E+00
    6220   1.0000273397E+00
    6221   1.0000331685E+00
    6222   1.0000405598E+00
    6223   1.0000493980E+00
    6224   1.0000593721E+00
    6225   1.0000699681E+00
    6226   1.0000804917E+00
    6227   1.0000901252E+00
    6228   1.0000980157E+00
    6229   1.0001033851E+00
    6230   1.0001056433E+00
    6231   1.0001044830E+00
    6232   1.0000999346E+00
    6233   1.0000923679E+00
    6234   1.0000824379E+00
    6235   1.0000709867E+00
    6236   1.0000589217E+00
    6237   1.0000470949E+00
    6238   1.0000362078E+00
    6239   1.0000267540E+00
    6240   1.0000190051E+00
    6241   1.0000130347E+00
    6242   1.0000087643E+00
    6243   1.0000060206E+00
    6244   1.0000045852E+00
    6245   1.0000042329E+00
    6246   1.0000047527E+00
    6247   1.0000059541E+00
    6248   1.0000076652E+00
    6249   1.0000097254E+00
    6250   1.0000119808E+00
    6251   1.0000142821E+00
    6252   1.0000164896E+00
    6253   1.0000184821E+00
    6254   1.0000201683E+00
    6255   1.0000214970E+00
    6256   1.0000224616E+00
    6257   1.0000230969E+00
    6258   1.0000234684E+00
    6259   1.0000236554E+00
    6260   1.0000237328E+00
    6261   1.0000237561E+00
    6262   1.0000237525E+00
    6263   1.0000237193E+00
    6264   1.0000236298E+00
    6265   1.0000234437E+00
    6266   1.0000231176E+00
    6267   1.0000226154E+00
    6268   1.0000219131E+00
    6269   1.0000210021E+00
    6270   1.0000198889E+00
    6271   1.0000185956E+00
    6272   1.0000171598E+00
    6273   1.0000156339E+00
    6274   1.0000140841E+00
    6275   1.0000125859E+00
    6276   1.0000112172E+00
    6277   1.0000100505E+00
    6278   1.0000091452E+00
    6279   1.0000085424E+00
    6280   1.0000082630E+00
    6281   1.0000083098E+00
    6282   1.0000086710E+00
    6283   1.0000093240E+00
    6284   1.0000102369E+00
    6285   1.0000113671E+00
    6286   1.0000126576E+00
    6287   1.0000140340E+00
    6288   1.0000154046E+00
    6289   1.0000166660E+00
    6290   1.0000177139E+00
    6291   1.0000184572E+00
    6292   1.0000188323E+00
    6293   1.0000188138E+00
    6294   1.0000184186E+00
    6295   1.0000177031E+00
    6296   1.0000167534E+00
    6297   1.0000156716E+00
    6298   1.0000145604E+00
    6299   1.0000135095E+00
    6300   1.0000125875E+00
    6301   1.0000118388E+00
    6302   1.0000112855E+00
    6303   1.0000109322E+00
    6304   1.0000107711E+00
    6305   1.0000107858E+00
    6306   1.0000109528E+00
    6307   1.0000112419E+00
    6308   1.0000116156E+00
    6309   1.0000120294E+00
    6310   1.0000124352E+00
    6311   1.0000127858E+00
    6312   1.0000130424E+00
    6313   1.0000131815E+00
    6314   1.0000131997E+00
    6315   1.0000131145E+00
    6316   1.0000129611E+00
    6317   1.0000127849E+00
    6318   1.0000126325E+00
    6319   1.0000125435E+00
    6320   1.0000125440E+00
    6321   1.0000126427E+00
    6322   1.0000128292E+00
    6323   1.0000130746E+00
    6324   1.0000133338E+00
    6325   1.0000135493E+00
    6326   1.0000136574E+00
    6327   1.0000135960E+00
    6328   1.0000133143E+00
    6329   1.0000127822E+00
    6330   1.0000119980E+00
    6331   1.0000109920E+00
    6332   1.0000098254E+00
    6333   1.0000085821E+00
    6334   1.0000073576E+00
    6335   1.0000062453E+00
    6336   1.0000053237E+00
    6337   1.0000046466E+00
    6338   1.0000042378E+00
    6339   1.0000040901E+00
    6340   1.0000041693E+00
    6341   1.0000044203E+00
    6342   1.0000047773E+00
    6343   1.0000051729E+00
    6344   1.0000055478E+00
    6345   1.0000058582E+00
    6346   1.0000060806E+00
    6347   1.0000062133E+00
    6348   1.0000062750E+00
    6349   1.0000063004E+00
    6350   1.0000063338E+00
    6351   1.0000064219E+00
    6352   1.0000066059E+00
    6353   1.0000069152E+00
    6354   1.0000073629E+00
    6355   1.0000079429E+00
    6356   1.0000086300E+00
    6357   1.0000093818E+00
    6358   1.0000101426E+00
    6359   1.0000108502E+00
    6360   1.0000114433E+00
    6361   1.0000118695E+00
    6362   1.0000120920E+00
    6363   1.0000120942E+00
    6364   1.0000118803E+00
    6365   1.0000114726E+00
    6366   1.0000109061E+00
    6367   1.0000102223E+00
    6368   1.0000094619E+00
    6369   1.0000086606E+00
    6370   1.0000078462E+00
    6371   1.0000070393E+00
    6372   1.0000062549E+00
    6373   1.0000055061E+00
    6374   1.0000048065E+00
    6375   1.0000041721E+00
    6376   1.0000036211E+00
    6377   1.0000031728E+00
    6378   1.0000028446E+00
    6379   1.0000026497E+00
    6380   1.0000025938E+00
    6381   1.0000026737E+00
    6382   1.0000028759E+00
    6383   1.0000031773E+00
    6384   1.0000035461E+00
    6385   1.0000039443E+00
    6386   1.0000043305E+00
    6387   1.0000046635E+00
    6388   1.0000049065E+00
    6389   1.0000050309E+00
    6390   1.0000050200E+00
    6391   1.0000048704E+00
    6392   1.0000045929E+00
    6393   1.0000042099E+00
    6394   1.0000037520E+00
    6395   1.0000032545E+00
    6396   1.0000027533E+00
    6397   1.0000022821E+00
    6398   1.0000018714E+00
    6399   1.0000015480E+00
    6400   1.0000013357E+00
    6401   1.0000012559E+00
    6402   1.0000013268E+00
    6403   1.0000015617E+00
    6404   1.0000019657E+00
    6405   1.0000025320E+00
    6406   1.0000032385E+00
    6407   1.0000040464E+00
    6408   1.0000049024E+00
    6409   1.0000057442E+00
    6410   1.0000065089E+00
    6411   1.0000071436E+00
    6412   1.0000076151E+00
    6413   1.0000079166E+00
    6414   1.0000080696E+00
    6415   1.0000081198E+00
    6416   1.0000081277E+00
    6417   1.0000081553E+00
    6418   1.0000082522E+00
    6419   1.0000084446E+00
    6420   1.0000087289E+00
    6421   1.0000090727E+00
    6422   1.0000094212E+00
    6423   1.0000097097E+00
    6424   1.0000098765E+00
    6425   1.0000098756E+00
    6426   1.0000096847E+00
    6427   1.0000093085E+00
    6428   1.0000087759E+00
    6429   1.0000081334E+00
    6430   1.0000074353E+00
    6431   1.0000067351E+00
    6432   1.0000060779E+00
    6433   1.0000054957E+00
    6434   1.0000050058E+00
    6435   1.0000046127E+00
    6436   1.0000043105E+00
    6437   1.0000040871E+00
    6438   1.0000039282E+00
    6439   1.0000038200E+00
    6440   1.0000037512E+00
    6441   1.0000037140E+00
    6442   1.0000037033E+00
    6443   1.0000037167E+00
    6444   1.0000037529E+00
    6445   1.0000038107E+00
    6446   1.0000038881E+00
    6447   1.0000039819E+00
    6448   1.0000040869E+00
    6449   1.0000041974E+00
    6450   1.0000043078E+00
    6451   1.0000044147E+00
    6452   1.0000045188E+00
    6453   1.0000046268E+00
    6454   1.0000047517E+00
    6455   1.0000049114E+00
    6456   1.0000051256E+00
    6457   1.0000054102E+00
    6458   1.0000057710E+00
    6459   1.0000061991E+00
    6460   1.0000066680E+00
    6461   1.0000071344E+00
    6462   1.0000075439E+00
    6463   1.0000078394E+00
    6464   1.0000079711E+00
    6465   1.0000079065E+00
    6466   1.0000076364E+00
    6467   1.0000071776E+00
    6468   1.0000065693E+00
    6469   1.0000058669E+00
    6470   1.0000051326E+00
    6471   1.0000044262E+00
    6472   1.0000037980E+00
    6473   1.0000032839E+00
    6474   1.0000029045E+00
    6475   1.0000026657E+00
    6476   1.0000025624E+00
    6477   1.0000025818E+00
    6478   1.0000027062E+00
    6479   1.0000029155E+00
    6480   1.0000031879E+00
    6481   1.0000035004E+00
    6482   1.0000038282E+00
    6483   1.0000041452E+00
    6484   1.0000044250E+00
    6485   1.0000046434E+00
    6486   1.0000047809E+00
    6487   1.0000048253E+00
    6488   1.0000047744E+00
    6489   1.0000046358E+00
    6490   1.0000044258E+00
    6491   1.0000041660E+00
    6492   1.0000038794E+00
    6493   1.0000035867E+00
    6494   1.0000033028E+00
    6495   1.0000030361E+00
    6496   1.0000027890E+00
    6497   1.0000025599E+00
    6498   1.0000023458E+00
    6499   1.0000021448E+00
    6500   1.0000019572E+00
    6501   1.0000017864E+00
    6502   1.0000016382E+00
    6503   1.0000015194E+00
    6504   1.0000014363E+00
    6505   1.0000013932E+00
    6506   1.0000013911E+00
    6507   1.0000014275E+00
    6508   1.0000014961E+00
    6509   1.0000015873E+00
    6510   1.0000016888E+00
    6511   1.0000017870E+00
    6512   1.0000018679E+00
    6513   1.0000019194E+00
    6514   1.0000019323E+00
    6515   1.0000019021E+00
    6516   1.0000018291E+00
    6517   1.0000017185E+00
    6518   1.0000015801E+00
    6519   1.0000014265E+00
    6520   1.0000012715E+00
    6521   1.0000011288E+00
    6522   1.0000010102E+00
    6523   1.0000009246E+00
    6524   1.0000008774E+00
    6525   1.0000008707E+00
    6526   1.0000009030E+00
    6527   1.0000009699E+00
    6528   1.0000010642E+00
    6529   1.0000011763E+00
    6530   1.0000012950E+00
    6531   1.0000014082E+00
    6532   1.0000015041E+00
    6533   1.0000015722E+00
    6534   1.0000016051E+00
    6535   1.0000015989E+00
    6536   1.0000015545E+00
    6537   1.0000014772E+00
    6538   1.0000013765E+00
    6539   1.0000012649E+00
    6540   1.0000011562E+00
    6541   1.0000010638E+00
    6542   1.0000009991E+00
    6543   1.0000009702E+00
    6544   1.0000009806E+00
    6545   1.0000010289E+00
    6546   1.0000011092E+00
    6547   1.0000012119E+00
    6548   1.0000013247E+00
    6549   1.0000014345E+00
    6550   1.0000015289E+00
    6551   1.0000015977E+00
    6552   1.0000016336E+00
    6553   1.0000016332E+00
    6554   1.0000015964E+00
    6555   1.0000015265E+00
    6556   1.0000014295E+00
    6557   1.0000013131E+00
    6558   1.0000011860E+00
    6559   1.0000010570E+00
    6560   1.0000009343E+00
    6561   1.0000008252E+00
    6562   1.0000007353E+00
    6563   1.0000006680E+00
    6564   1.0000006249E+00
    6565   1.0000006056E+00
    6566   1.0000006079E+00
    6567   1.0000006287E+00
    6568   1.0000006641E+00
    6569   1.0000007105E+00
    6570   1.0000007646E+00
    6571   1.0000008243E+00
    6572   1.0000008884E+00
    6573   1.0000009569E+00
    6574   1.0000010303E+00
    6575   1.0000011093E+00
    6576   1.0000011936E+00
    6577   1.0000012821E+00
    6578   1.0000013719E+00
    6579   1.0000014593E+00
    6580   1.0000015398E+00
    6581   1.0000016094E+00
    6582   1.0000016653E+00
    6583   1.0000017063E+00
    6584   1.0000017332E+00
    6585   1.0000017481E+00
    6586   1.0000017534E+00
    6587   1.0000017509E+00
    6588   1.0000017412E+00
    6589   1.0000017230E+00
    6590   1.0000016935E+00
    6591   1.0000016499E+00
    6592   1.0000015893E+00
    6593   1.0000015109E+00
    6594   1.0000014158E+00
    6595   1.0000013074E+00
    6596   1.0000011910E+00
    6597   1.0000010732E+00
    6598   1.0000009602E+00
    6599   1.0000008578E+00
    6600   1.0000007702E+00
    6601   1.0000007002E+00
    6602   1.0000006487E+00
    6603   1.0000006158E+00
    6604   1.0000006003E+00
    6605   1.0000006005E+00
    6606   1.0000006146E+00
    6607   1.0000006402E+00
    6608   1.0000006748E+00
    6609   1.0000007156E+00
    6610   1.0000007597E+00
    6611   1.0000008036E+00
    6612   1.0000008440E+00
    6613   1.0000008781E+00
    6614   1.0000009034E+00
    6615   1.0000009186E+00
    6616   1.0000009234E+00
    6617   1.0000009186E+00
    6618   1.0000009057E+00
    6619   1.0000008864E+00
    6620   1.0000008629E+00
    6621   1.0000008371E+00
    6622   1.0000008103E+00
    6623   1.0000007839E+00
    6624   1.0000007585E+00
    6625   1.0000007346E+00
    6626   1.0000007128E+00
    6627   1.0000006932E+00
    6628   1.0000006761E+00
    6629   1.0000006616E+00
    6630   1.0000006496E+00
    6631   1.0000006398E+00
    6632   1.0000006317E+00
    6633   1.0000006249E+00
    6634   1.0000006190E+00
    6635   1.0000006135E+00
    6636   1.0000006087E+00
    6637   1.0000006050E+00
    6638   1.0000006029E+00
    6639   1.0000006031E+00
    6640   1.0000006062E+00
    6641   1.0000006122E+00
    6642   1.0000006207E+00
    6643   1.0000006304E+00
    6644   1.0000006400E+00
    6645   1.0000006477E+00
    6646   1.0000006516E+00
    6647   1.0000006505E+00
    6648   1.0000006433E+00
    6649   1.0000006298E+00
    6650   1.0000006102E+00
    6651   1.0000005855E+00
    6652   1.0000005566E+00
    6653   1.0000005251E+00
    6654   1.0000004922E+00
    6655   1.0000004596E+00
    6656   1.0000004284E+00
    6657   1.0000004000E+00
    6658   1.0000003751E+00
    6659   1.0000003543E+00
    6660   1.0000003381E+00
    6661   1.0000003263E+00
    6662   1.0000003189E+00
    6663   1.0000003157E+00
    6664   1.0000003168E+00
    6665   1.0000003223E+00
    6666   1.0000003325E+00
    6667   1.0000003481E+00
    6668   1.0000003695E+00
    6669   1.0000003971E+00
    6670   1.0000004312E+00
    6671   1.0000004718E+00
    6672   1.0000005186E+00
    6673   1.0000005712E+00
    6674   1.0000006294E+00
    6675   1.0000006922E+00
    6676   1.0000007587E+00
    6677   1.0000008270E+00
    6678   1.0000008946E+00
    6679   1.0000009580E+00
    6680   1.0000010129E+00
    6681   1.0000010548E+00
    6682   1.0000010793E+00
    6683   1.0000010831E+00
    6684   1.0000010649E+00
    6685   1.0000010251E+00
    6686   1.0000009667E+00
    6687   1.0000008946E+00
    6688   1.0000008151E+00
    6689   1.0000007348E+00
    6690   1.0000006600E+00
    6691   1.0000005953E+00
    6692   1.0000005436E+00
    6693   1.0000005056E+00
    6694   1.0000004800E+00
    6695   1.0000004640E+00
    6696   1.0000004543E+00
    6697   1.0000004472E+00
    6698   1.0000004398E+00
    6699   1.0000004299E+00
    6700   1.0000004167E+00
    6701   1.0000003999E+00
    6702   1.0000003804E+00
    6703   1.0000003595E+00
    6704   1.0000003387E+00
    6705   1.0000003197E+00
    6706   1.0000003041E+00
    6707   1.0000002934E+00
    6708   1.0000002887E+00
    6709   1.0000002907E+00
    6710   1.0000002997E+00
    6711   1.0000003150E+00
    6712   1.0000003353E+00
    6713   1.0000003586E+00
    6714   1.0000003820E+00
    6715   1.0000004027E+00
    6716   1.0000004178E+00
    6717   1.0000004249E+00
    6718   1.0000004227E+00
    6719   1.0000004107E+00
    6720   1.0000003898E+00
    6721   1.0000003616E+00
    6722   1.0000003284E+00
    6723   1.0000002926E+00
    6724   1.0000002567E+00
    6725   1.0000002227E+00
    6726   1.0000001922E+00
    6727   1.0000001662E+00
    6728   1.0000001451E+00
    6729   1.0000001290E+00
    6730   1.0000001175E+00
    6731   1.0000001100E+00
    6732   1.0000001056E+00
    6733   1.0000001034E+00
    6734   1.0000001027E+00
    6735   1.0000001028E+00
    6736   1.0000001032E+00
    6737   1.0000001036E+00
    6738   1.0000001042E+00
    6739   1.0000001051E+00
    6740   1.0000001069E+00
    6741   1.0000001098E+00
    6742   1.0000001142E+00
    6743   1.0000001205E+00
    6744   1.0000001288E+00
    6745   1.0000001391E+00
    6746   1.0000001516E+00
    6747   1.0000001659E+00
    6748   1.0000001821E+00
    6749   1.0000001999E+00
    6750   1.0000002192E+00
    6751   1.0000002402E+00
    6752   1.0000002629E+00
    6753   1.0000002875E+00
    6754   1.0000003140E+00
    6755   1.0000003423E+00
    6756   1.0000003715E+00
    6757   1.0000004005E+00
    6758   1.0000004275E+00
    6759   1.0000004505E+00
    6760   1.0000004675E+00
    6761   1.0000004769E+00
    6762   1.0000004778E+00
    6763   1.0000004705E+00
    6764   1.0000004562E+00
    6765   1.0000004372E+00
    6766   1.0000004162E+00
    6767   1.0000003958E+00
    6768   1.0000003782E+00
    6769   1.0000003646E+00
    6770   1.0000003552E+00
    6771   1.0000003493E+00
    6772   1.0000003452E+00
    6773   1.0000003409E+00
    6774   1.0000003347E+00
    6775   1.0000003250E+00
    6776   1.0000003109E+00
    6777   1.0000002923E+00
    6778   1.0000002695E+00
    6779   1.0000002437E+00
    6780   1.0000002164E+00
    6781   1.0000001892E+00
    6782   1.0000001638E+00
    6783   1.0000001418E+00
    6784   1.0000001244E+00
    6785   1.0000001123E+00
    6786   1.0000001058E+00
    6787   1.0000001046E+00
    6788   1.0000001078E+00
    6789   1.0000001143E+00
    6790   1.0000001229E+00
    6791   1.0000001321E+00
    6792   1.0000001409E+00
    6793   1.0000001485E+00
    6794   1.0000001543E+00
    6795   1.0000001585E+00
    6796   1.0000001613E+00
    6797   1.0000001631E+00
    6798   1.0000001645E+00
    6799   1.0000001660E+00
    6800   1.0000001678E+00
    6801   1.0000001700E+00
    6802   1.0000001724E+00
    6803   1.0000001748E+00
    6804   1.0000001768E+00
    6805   1.0000001781E+00
    6806   1.0000001786E+00
    6807   1.0000001779E+00
    6808   1.0000001761E+00
    6809   1.0000001729E+00
    6810   1.0000001683E+00
    6811   1.0000001621E+00
    6812   1.0000001543E+00
    6813   1.0000001450E+00
    6814   1.0000001345E+00
    6815   1.0000001234E+00
    6816   1.0000001123E+00
    6817   1.0000001021E+00
    6818   1.0000000935E+00
    6819   1.0000000870E+00
    6820   1.0000000830E+00
    6821   1.0000000814E+00
    6822   1.0000000819E+00
    6823   1.0000000838E+00
    6824   1.0000000865E+00
    6825   1.0000000890E+00
    6826   1.0000000907E+00
    6827   1.0000000910E+00
    6828   1.0000000896E+00
    6829   1.0000000867E+00
    6830   1.0000000826E+00
    6831   1.0000000778E+00
    6832   1.0000000730E+00
    6833   1.0000000689E+00
    6834   1.0000000659E+00
    6835   1.0000000643E+00
    6836   1.0000000643E+00
    6837   1.0000000654E+00
    6838   1.0000000673E+00
    6839   1.0000000693E+00
    6840   1.0000000708E+00
    6841   1.0000000713E+00
    6842   1.0000000705E+00
    6843   1.0000000684E+00
    6844   1.0000000650E+00
    6845   1.0000000609E+00
    6846   1.0000000567E+00
    6847   1.0000000530E+00
    6848   1.0000000506E+00
    6849   1.0000000501E+00
    6850   1.0000000520E+00
    6851   1.0000000566E+00
    6852   1.0000000640E+00
    6853   1.0000000739E+00
    6854   1.0000000857E+00
    6855   1.0000000985E+00
    6856   1.0000001113E+00
    6857   1.0000001226E+00
    6858   1.0000001315E+00
    6859   1.0000001370E+00
    6860   1.0000001385E+00
    6861   1.0000001360E+00
    6862   1.0000001300E+00
    6863   1.0000001213E+00
    6864   1.0000001109E+00
    6865   1.0000001001E+00
    6866   1.0000000897E+00
    6867   1.0000000805E+00
    6868   1.0000000730E+00
    6869   1.0000000671E+00
    6870   1.0000000627E+00
    6871   1.0000000595E+00
    6872   1.0000000569E+00
    6873   1.0000000545E+00
    6874   1.0000000521E+00
    6875   1.0000000495E+00
    6876   1.0000000466E+00
    6877   1.0000000434E+00
    6878   1.0000000403E+00
    6879   1.0000000374E+00
    6880   1.0000000350E+00
    6881   1.0000000333E+00
    6882   1.0000000327E+00
    6883   1.0000000333E+00
    6884   1.0000000353E+00
    6885   1.0000000386E+00
    6886   1.0000000432E+00
    6887   1.0000000487E+00
    6888   1.0000000547E+00
    6889   1.0000000609E+00
    6890   1.0000000667E+00
    6891   1.0000000716E+00
    6892   1.0000000753E+00
    6893   1.0000000776E+00
    6894   1.0000000784E+00
    6895   1.0000000780E+00
    6896   1.0000000766E+00
    6897   1.0000000746E+00
    6898   1.0000000724E+00
    6899   1.0000000702E+00
    6900   1.0000000682E+00
    6901   1.0000000664E+00
    6902   1.0000000649E+00
    6903   1.0000000634E+00
    6904   1.0000000619E+00
    6905   1.0000000601E+00
    6906   1.0000000581E+00
    6907   1.0000000558E+00
    6908   1.0000000532E+00
    6909   1.0000000507E+00
    6910   1.0000000483E+00
    6911   1.0000000462E+00
    6912   1.0000000444E+00
    6913   1.0000000429E+00
    6914   1.0000000418E+00
    6915   1.0000000409E+00
    6916   1.0000000401E+00
    6917   1.0000000394E+00
    6918   1.0000000386E+00
    6919   1.0000000378E+00
    6920   1.0000000369E+00
    6921   1.0000000360E+00
    6922   1.0000000349E+00
    6923   1.0000000338E+00
    6924   1.0000000325E+00
    6925   1.0000000310E+00
    6926   1.0000000292E+00
    6927   1.0000000271E+00
    6928   1.0000000247E+00
    6929   1.0000000220E+00
    6930   1.0000000193E+00
    6931   1.0000000166E+00
    6932   1.0000000141E+00
    6933   1.0000000119E+00
    6934   1.0000000103E+00
    6935   1.0000000093E+00
    6936   1.0000000089E+00
    6937   1.0000000090E+00
    6938   1.0000000096E+00
    6939   1.0000000105E+00
    6940   1.0000000115E+00
    6941   1.0000000125E+00
    6942   1.0000000133E+00
    6943   1.0000000137E+00
    6944   1.0000000137E+00
    6945   1.0000000133E+00
    6946   1.0000000125E+00
    6947   1.0000000114E+00
    6948   1.0000000101E+00
    6949   1.0000000087E+00
    6950   1.0000000074E+00
    6951   1.0000000063E+00
    6952   1.0000000053E+00
    6953   1.0000000046E+00
    6954   1.0000000041E+00
    6955   1.0000000038E+00
    6956   1.0000000036E+00
    6957   1.0000000035E+00
    6958   1.0000000035E+00
    6959   1.0000000034E+00
    6960   1.0000000033E+00
    6961   1.0000000032E+00
    6962   1.0000000030E+00
    6963   1.0000000028E+00
    6964   1.0000000027E+00
    6965   1.0000000027E+00
    6966   1.0000000029E+00
    6967   1.0000000033E+00
    6968   1.0000000040E+00
    6969   1.0000000049E+00
    6970   1.0000000060E+00
    6971   1.0000000073E+00
    6972   1.0000000086E+00
    6973   1.0000000099E+00
    6974   1.0000000111E+00
    6975   1.0000000122E+00
    6976   1.0000000130E+00
    6977   1.0000000136E+00
    6978   1.0000000141E+00
    6979   1.0000000145E+00
    6980   1.0000000150E+00
    6981   1.0000000155E+00
    6982   1.0000000161E+00
    6983   1.0000000168E+00
    6984   1.0000000177E+00
    6985   1.0000000186E+00
    6986   1.0000000195E+00
    6987   1.0000000203E+00
    6988   1.0000000208E+00
    6989   1.0000000211E+00
    6990   1.0000000211E+00
    6991   1.0000000208E+00
    6992   1.0000000204E+00
    6993   1.0000000198E+00
    6994   1.0000000191E+00
    6995   1.0000000183E+00
    6996   1.0000000176E+00
    6997   1.0000000169E+00
    6998   1.0000000163E+00
    6999   1.0000000158E+00
    7000   1.0000000155E+00
    7001   1.0000000154E+00
    7002   1.0000000157E+00
    7003   1.0000000163E+00
    7004   1.0000000172E+00
    7005   1.0000000185E+00
    7006   1.0000000200E+00
    7007   1.0000000215E+00
    7008   1.0000000229E+00
    7009   1.0000000240E+00
    7010   1.0000000247E+00
    7011   1.0000000248E+00
    7012   1.0000000242E+00
    7013   1.0000000231E+00
    7014   1.0000000216E+00
    7015   1.0000000197E+00
    7016   1.0000000176E+00
    7017   1.0000000156E+00
    7018   1.0000000137E+00
    7019   1.0000000123E+00
    7020   1.0000000112E+00
    7021   1.0000000107E+00
    7022   1.0000000106E+00
    7023   1.0000000110E+00
    7024   1.0000000116E+00
    7025   1.0000000125E+00
    7026   1.0000000133E+00
    7027   1.0000000141E+00
    7028   1.0000000148E+00
    7029   1.0000000152E+00
    7030   1.0000000155E+00
    7031   1.0000000156E+00
    7032   1.0000000157E+00
    7033   1.0000000158E+00
    7034   1.0000000159E+00
    7035   1.0000000160E+00
    7036   1.0000000161E+00
    7037   1.0000000162E+00
    7038   1.0000000162E+00
    7039   1.0000000161E+00
    7040   1.0000000157E+00
    7041   1.0000000151E+00
    7042   1.0000000143E+00
    7043   1.0000000133E+00
    7044   1.0000000122E+00
    7045   1.0000000111E+00
    7046   1.0000000101E+00
    7047   1.0000000092E+00
    7048   1.0000000086E+00
    7049   1.0000000082E+00
    7050   1.0000000081E+00
    7051   1.0000000082E+00
    7052   1.0000000085E+00
    7053   1.0000000088E+00
    7054   1.0000000091E+00
    7055   1.0000000093E+00
    7056   1.0000000093E+00
    7057   1.0000000091E+00
    7058   1.0000000087E+00
    7059   1.0000000081E+00
    7060   1.0000000074E+00
    7061   1.0000000067E+00
    7062   1.0000000059E+00
    7063   1.0000000052E+00
    7064   1.0000000045E+00
    7065   1.0000000040E+00
    7066   1.0000000035E+00
    7067   1.0000000031E+00
    7068   1.0000000027E+00
    7069   1.0000000025E+00
    7070   1.0000000023E+00
    7071   1.0000000023E+00
    7072   1.0000000023E+00
    7073   1.0000000024E+00
    7074   1.0000000025E+00
    7075   1.0000000027E+00
    7076   1.0000000029E+00
    7077   1.0000000030E+00
    7078   1.0000000031E+00
    7079   1.0000000031E+00
    7080   1.0000000030E+00
    7081   1.0000000029E+00
    7082   1.0000000028E+00
    7083   1.0000000028E+00
    7084   1.0000000028E+00
    7085   1.0000000030E+00
    7086   1.0000000033E+00
    7087   1.0000000039E+00
    7088   1.0000000045E+00
    7089   1.0000000054E+00
    7090   1.0000000063E+00
    7091   1.0000000071E+00
    7092   1.0000000079E+00
    7093   1.0000000085E+00
    7094   1.0000000089E+00
    7095   1.0000000091E+00
    7096   1.0000000089E+00
    7097   1.0000000085E+00
    7098   1.0000000078E+00
    7099   1.0000000070E+00
    7100   1.0000000060E+00
    7101   1.0000000050E+00
    7102   1.0000000040E+00
    7103   1.0000000031E+00
    7104   1.0000000023E+00
    7105   1.0000000017E+00
    7106   1.0000000011E+00
    7107   1.0000000007E+00
    7108   1.0000000004E+00
    7109   1.0000000002E+00
    7110   1.0000000001E+00
    7111   1.0000000000E+00
    7112   9.9999999999E-01
    7113   9.9999999997E-01
    7114   9.9999999999E-01
    7115   1.0000000000E+00
    7116   1.0000000001E+00
    7117   1.0000000002E+00
    7118   1.0000000003E+00
    7119   1.0000000005E+00
    7120   1.0000000007E+00
    7121   1.0000000010E+00
    7122   1.0000000012E+00
    7123   1.0000000015E+00
    7124   1.0000000017E+00
    7125   1.0000000019E+00
    7126   1.0000000020E+00
    7127   1.0000000021E+00
    7128   1.0000000020E+00
    7129   1.0000000019E+00
    7130   1.0000000017E+00
    7131   1.0000000015E+00
    7132   1.0000000013E+00
    7133   1.0000000010E+00
    7134   1.0000000008E+00
    7135   1.0000000006E+00
    7136   1.0000000004E+00
    7137   1.0000000002E+00
    7138   1.0000000001E+00
    7139   1.0000000001E+00
    7140   1.0000000000E+00
    7141   9.9999999998E-01
    7142   9.9999999996E-01
    7143   9.9999999995E-01
    7144   9.9999999994E-01
    7145   9.9999999994E-01
    7146   9.9999999994E-01
    7147   9.9999999994E-01
    7148   9.9999999994E-01
    7149   9.9999999994E-01
    7150   9.9999999994E-01
    7151   9.9999999994E-01
    7152   9.9999999995E-01
    7153   9.9999999995E-01
    7154   9.9999999995E-01
    7155   9.9999999995E-01
    7156   9.9999999995E-01
    7157   9.9999999995E-01
    7158   9.9999999995E-01
    7159   9.9999999995E-01
    7160   9.9999999995E-01
    7161   9.9999999995E-01
    7162   9.9999999996E-01
    7163   9.9999999996E-01
    7164   9.9999999996E-01
    7165   9.9999999996E-01
    7166   9.9999999996E-01
    7167   9.9999999996E-01
    7168   9.9999999996E-01
    7169   9.9999999997E-01
    7170   9.9999999997E-01
    7171   9.9999999997E-01
    7172   9.9999999997E-01
    7173   9.9999999997E-01
    7174   9.9999999997E-01
    7175   9.9999999997E-01
    7176   9.9999999997E-01
    7177   9.9999999997E-01
    7178   9.9999999998E-01
    7179   9.9999999998E-01
    7180   9.9999999998E-01
    7181   9.9999999999E-01
    7182   9.9999999999E-01
    7183   1.0000000000E+00
    7184   1.0000000000E+00
    7185   1.0000000001E+00
    7186   1.0000000001E+00
    7187   1.0000000002E+00
    7188   1.0000000003E+00
    7189   1.0000000005E+00
    7190   1.0000000007E+00
    7191   1.0000000009E+00
    7192   1.0000000012E+00
    7193   1.0000000015E+00
    7194   1.0000000018E+00
    7195   1.0000000022E+00
    7196   1.0000000024E+00
    7197   1.0000000026E+00
    7198   1.0000000027E+00
    7199   1.0000000027E+00
    7200   1.0000000026E+00
    7201   1.0000000024E+00
    7202   1.0000000022E+00
    7203   1.0000000019E+00
    7204   1.0000000015E+00
    7205   1.0000000012E+00
    7206   1.0000000009E+00
    7207   1.0000000007E+00
    7208   1.0000000005E+00
    7209   1.0000000003E+00
    7210   1.0000000002E+00
    7211   1.0000000001E+00
    7212   1.0000000001E+00
    7213   1.0000000000E+00
    7214   1.0000000000E+00
    7215   1.0000000000E+00
    7216   1.0000000000E+00
    7217   1.0000000000E+00
    7218   1.0000000000E+00
    7219   1.0000000000E+00
    7220   1.0000000000E+00
    7221   1.0000000000E+00
    7222   1.0000000000E+00
    7223   1.0000000000E+00
    7224   1.0000000000E+00
    7225   1.0000000000E+00
    7226   1.0000000000E+00
    7227   1.0000000000E+00
    7228   1.0000000000E+00
    7229   1.0000000000E+00
    7230   1.0000000000E+00
    7231   1.0000000000E+00
    7232   1.0000000000E+00
    7233   1.0000000000E+00
    7234   1.0000000000E+00
    7235   1.0000000000E+00
    7236   1.0000000000E+00
    7237   1.0000000000E+00
    7238   1.0000000000E+00
    7239   1.0000000000E+00
    7240   1.0000000000E+00
    7241   1.0000000000E+00
    7242   1.0000000000E+00
    7243   1.0000000000E+00
    7244   1.0000000000E+00
    7245   1.0000000000E+00
    7246   1.0000000000E+00
    7247   1.0000000000E+00
    7248   1.0000000000E+00
    7249   1.0000000000E+00
    7250   1.0000000000E+00
    7251   1.0000000000E+00
    7252   1.0000000000E+00
    7253   1.0000000000E+00
    7254   1.0000000000E+00
    7255   1.0000000000E+00
    7256   1.0000000000E+00
    7257   1.0000000000E+00
    7258   1.0000000000E+00
    7259   1.0000000000E+00
    7260   1.0000000000E+00
    7261   1.0000000000E+00
    7262   1.0000000000E+00
    7263   1.0000000000E+00
    7264   1.0000000000E+00
    7265   1.0000000000E+00
    7266   1.0000000000E+00
    7267   1.0000000000E+00
    7268   1.0000000000E+00
    7269   1.0000000000E+00
    7270   1.0000000000E+00
    7271   1.0000000000E+00
    7272   1.0000000000E+00
    7273   1.0000000000E+00
    7274   1.0000000000E+00
    7275   1.0000000000E+00
    7276   1.0000000000E+00
    7277   1.0000000000E+00
    7278   1.0000000000E+00
    7279   1.0000000000E+00
    7280   1.0000000000E+00
    7281   1.0000000000E+00
    7282   1.0000000000E+00
    7283   1.0000000000E+00
    7284   1.0000000000E+00
    7285   1.0000000000E+00
    7286   1.0000000000E+00
    7287   1.0000000000E+00
    7288   1.0000000000E+00
    7289   1.0000000000E+00
    7290   1.0000000000E+00
    7291   1.0000000000E+00
    7292   1.0000000000E+00
    7293   1.0000000000E+00
    7294   1.0000000000E+00
    7295   1.0000000000E+00
    7296   1.0000000000E+00
    7297   1.0000000000E+00
    7298   1.0000000000E+00
    7299   1.0000000000E+00
    7300   1.0000000000E+00
    7301   1.0000000000E+00
    7302   1.0000000000E+00
    7303   1.0000000000E+00
    7304   1.0000000000E+00
    7305   1.0000000000E+00
    7306   1.0000000000E+00
    7307   1.0000000000E+00
    7308   1.0000000000E+00
    7309   1.0000000000E+00
    7310   1.0000000000E+00
    7311   1.0000000000E+00
    7312   1.0000000000E+00
    7313   1.0000000000E+00
    7314   1.0000000000E+00
    7315   1.0000000000E+00
    7316   1.0000000000E+00
    7317   1.0000000000E+00
    7318   1.0000000000E+00
    7319   1.0000000000E+00
    7320   1.0000000000E+00
    7321   1.0000000000E+00
    7322   1.0000000000E+00
    7323   1.0000000000E+00
    7324   1.0000000000E+00
    7325   1.0000000000E+00
    7326   1.0000000000E+00
    7327   1.0000000000E+00
    7328   1.0000000000E+00
    7329   1.0000000000E+00
    7330   1.0000000000E+00
    7331   1.0000000000E+00
    7332   1.0000000000E+00
    7333   1.0000000000E+00
    7334   1.0000000000E+00
    7335   1.0000000000E+00
    7336   1.0000000000E+00
    7337   1.0000000000E+00
    7338   1.0000000000E+00
    7339   1.0000000000E+00
    7340   1.0000000000E+00
    7341   1.0000000000E+00
    7342   1.0000000000E+00
    7343   1.0000000000E+00
    7344   1.0000000000E+00
    7345   1.0000000000E+00
    7346   1.0000000000E+00
    7347   1.0000000000E+00
    7348   1.0000000000E+00
    7349   1.0000000000E+00
    7350   1.0000000000E+00
    7351   1.0000000000E+00
    7352   1.0000000000E+00
    7353   1.0000000000E+00
    7354   1.0000000000E+00
    7355   1.0000000000E+00
    7356   1.0000000000E+00
    7357   1.0000000000E+00
    7358   1.0000000000E+00
    7359   1.0000000000E+00
    7360   1.0000000000E+00
    7361   1.0000000000E+00
    7362   1.0000000000E+00
    7363   1.0000000000E+00
    7364   1.0000000000E+00
    7365   1.0000000000E+00
    7366   1.0000000000E+00
    7367   1.0000000000E+00
    7368   1.0000000000E+00
    7369   1.0000000000E+00
    7370   1.0000000000E+00
    7371   1.0000000000E+00
    7372   1.0000000000E+00
    7373   1.0000000000E+00
    7374   1.0000000000E+00
    7375   1.0000000000E+00
    7376   1.0000000000E+00
    7377   1.0000000000E+00
    7378   1.0000000000E+00
    7379   1.0000000000E+00
    7380   1.0000000000E+00
    7381   1.0000000000E+00
    7382   1.0000000000E+00
    7383   1.0000000000E+00
    7384   1.0000000000E+00
    7385   1.0000000000E+00
    7386   1.0000000000E+00
    7387   1.0000000000E+00
    7388   1.0000000000E+00
    7389   1.0000000000E+00
    7390   1.0000000000E+00
    7391   1.0000000000E+00
    7392   1.0000000000E+00
    7393   1.0000000000E+00
    7394   1.0000000000E+00
    7395   1.0000000000E+00
    7396   1.0000000000E+00
    7397   1.0000000000E+00
    7398   1.0000000000E+00
    7399   1.0000000000E+00
    7400   1.0000000000E+00
    7401   1.0000000000E+00
    7402   1.0000000000E+00
    7403   1.0000000000E+00
    7404   1.0000000000E+00
    7405   1.0000000000E+00
    7406   1.0000000000E+00
    7407   1.0000000000E+00
    7408   1.0000000000E+00
    7409   1.0000000000E+00
    7410   1.0000000000E+00
    7411   1.0000000000E+00
    7412   1.0000000000E+00
    7413   1.0000000000E+00
    7414   1.0000000000E+00
    7415   1.0000000000E+00
    7416   1.0000000000E+00
    7417   1.0000000000E+00
    7418   1.0000000000E+00
    7419   1.0000000000E+00
    7420   1.0000000000E+00
    7421   1.0000000000E+00
    7422   1.0000000000E+00
    7423   1.0000000000E+00
    7424   1.0000000000E+00
    7425   1.0000000000E+00
    7426   1.0000000000E+00
    7427   1.0000000000E+00
    7428   1.0000000000E+00
    7429   1.0000000000E+00
    7430   1.0000000000E+00
    7431   1.0000000000E+00
    7432   1.0000000000E+00
    7433   1.0000000000E+00
    7434   1.0000000000E+00
    7435   1.0000000000E+00
    7436   1.0000000000E+00
    7437   1.0000000000E+00
    7438   1.0000000000E+00
    7439   1.0000000000E+00
    7440   1.0000000000E+00
    7441   1.0000000000E+00
    7442   1.0000000000E+00
    7443   1.0000000000E+00
    7444   1.0000000000E+00
    7445   1.0000000000E+00
    7446   1.0000000000E+00
    7447   1.0000000000E+00
    7448   1.0000000000E+00
    7449   1.0000000000E+00
    7450   1.0000000000E+00
    7451   1.0000000000E+00
    7452   1.0000000000E+00
    7453   1.0000000000E+00
    7454   1.0000000000E+00
    7455   1.0000000000E+00
    7456   1.0000000000E+00
    7457   1.0000000000E+00
    7458   1.0000000000E+00
    7459   1.0000000000E+00
    7460   1.0000000000E+00
    7461   1.0000000000E+00
    7462   1.0000000000E+00
    7463   1.0000000000E+00
    7464   1.0000000000E+00
    7465   1.0000000000E+00
    7466   1.0000000000E+00
    7467   1.0000000000E+00
    7468   1.0000000000E+00
    7469   1.0000000000E+00
    7470   1.0000000000E+00
    7471   1.0000000000E+00
    7472   1.0000000000E+00
    7473   1.0000000000E+00
    7474   1.0000000000E+00
    7475   1.0000000000E+00
    7476   1.0000000000E+00
    7477   1.0000000000E+00
    7478   1.0000000000E+00
    7479   1.0000000000E+00
    7480   1.0000000000E+00
    7481   1.0000000000E+00
    7482   1.0000000000E+00
    7483   1.0000000000E+00
    7484   1.0000000000E+00
    7485   1.0000000000E+00
    7486   1.0000000000E+00
    7487   1.0000000000E+00
    7488   1.0000000000E+00
    7489   1.0000000000E+00
    7490   1.0000000000E+00
    7491   1.0000000000E+00
    7492   1.0000000000E+00
    7493   1.0000000000E+00
    7494   1.0000000000E+00
    7495   1.0000000000E+00
    7496   1.0000000000E+00
    7497   1.0000000000E+00
    7498   1.0000000000E+00
    7499   1.0000000000E+00
    7500   1.0000000000E+00
    7501   1.0000000000E+00
    7502   1.0000000000E+00
    7503   1.0000000000E+00
    7504   1.0000000000E+00
    7505   1.0000000000E+00
    7506   1.0000000000E+00
    7507   1.0000000000E+00
    7508   1.0000000000E+00
    7509   1.0000000000E+00
    7510   1.0000000000E+00
    7511   1.0000000000E+00
    7512   1.0000000000E+00
    7513   1.0000000000E+00
    7514   1.0000000000E+00
    7515   1.0000000000E+00
    7516   1.0000000000E+00
    7517   1.0000000000E+00
    7518   1.0000000000E+00
    7519   1.0000000000E+00
    7520   1.0000000000E+00
    7521   1.0000000000E+00
    7522   1.0000000000E+00
    7523   1.0000000000E+00
    7524   1.0000000000E+00
    7525   1.0000000000E+00
    7526   1.0000000000E+00
    7527   1.0000000000E+00
    7528   1.0000000000E+00
    7529   1.0000000000E+00
    7530   1.0000000000E+00
    7531   1.0000000000E+00
    7532   1.0000000000E+00
    7533   1.0000000000E+00
    7534   1.0000000000E+00
    7535   1.0000000000E+00
    7536   1.0000000000E+00
    7537   1.0000000000E+00
    7538   1.0000000000E+00
    7539   1.0000000000E+00
    7540   1.0000000000E+00
    7541   1.0000000000E+00
    7542   1.0000000000E+00
    7543   1.0000000000E+00
    7544   1.0000000000E+00
    7545   1.0000000000E+00
    7546   1.0000000000E+00
    7547   1.0000000000E+00
    7548   1.0000000000E+00
    7549   1.0000000000E+00
    7550   1.0000000000E+00
    7551   1.0000000000E+00
    7552   1.0000000000E+00
    7553   1.0000000000E+00
    7554   1.0000000000E+00
    7555   1.0000000000E+00
    7556   1.0000000000E+00
    7557   1.0000000000E+00
    7558   1.0000000000E+00
    7559   1.0000000000E+00
    7560   1.0000000000E+00
    7561   1.0000000000E+00
    7562   1.0000000000E+00
    7563   1.0000000000E+00
    7564   1.0000000000E+00
    7565   1.0000000000E+00
    7566   1.0000000000E+00
    7567   1.0000000000E+00
    7568   1.0000000000E+00
    7569   1.0000000000E+00
    7570   1.0000000000E+00
    7571   1.0000000000E+00
    7572   1.0000000000E+00
    7573   1.0000000000E+00
    7574   1.0000000000E+00
    7575   1.0000000000E+00
    7576   1.0000000000E+00
    7577   1.0000000000E+00
    7578   1.0000000000E+00
    7579   1.0000000000E+00
    7580   1.0000000000E+00
    7581   1.0000000000E+00
    7582   1.0000000000E+00
    7583   1.0000000000E+00
    7584   1.0000000000E+00
    7585   1.0000000000E+00
    7586   1.0000000000E+00
    7587   1.0000000000E+00
    7588   1.0000000000E+00
    7589   1.0000000000E+00
    7590   1.0000000000E+00
    7591   1.0000000000E+00
    7592   1.0000000000E+00
    7593   1.0000000000E+00
    7594   1.0000000000E+00
    7595   1.0000000000E+00
    7596   1.0000000000E+00
    7597   1.0000000000E+00
    7598   1.0000000000E+00
    7599   1.0000000000E+00
    7600   1.0000000000E+00
    7601   1.0000000000E+00
    7602   1.0000000000E+00
    7603   1.0000000000E+00
    7604   1.0000000000E+00
    7605   1.0000000000E+00
    7606   1.0000000000E+00
    7607   1.0000000000E+00
    7608   1.0000000000E+00
    7609   1.0000000000E+00
    7610   1.0000000000E+00
    7611   1.0000000000E+00
    7612   1.0000000000E+00
    7613   1.0000000000E+00
    7614   1.0000000000E+00
    7615   1.0000000000E+00
    7616   1.0000000000E+00
    7617   1.0000000000E+00
    7618   1.0000000000E+00
    7619   1.0000000000E+00
    7620   1.0000000000E+00
    7621   1.0000000000E+00
    7622   1.0000000000E+00
    7623   1.0000000000E+00
    7624   1.0000000000E+00
    7625   1.0000000000E+00
    7626   1.0000000000E+00
    7627   1.0000000000E+00
    7628   1.0000000000E+00
    7629   1.0000000000E+00
    7630   1.0000000000E+00
    7631   1.0000000000E+00
    7632   1.0000000000E+00
    7633   1.0000000000E+00
    7634   1.0000000000E+00
    7635   1.0000000000E+00
    7636   1.0000000000E+00
    7637   1.0000000000E+00
    7638   1.0000000000E+00
    7639   1.0000000000E+00
    7640   1.0000000000E+00
    7641   1.0000000000E+00
    7642   1.0000000000E+00
    7643   1.0000000000E+00
    7644   1.0000000000E+00
    7645   1.0000000000E+00
    7646   1.0000000000E+00
    7647   1.0000000000E+00
    7648   1.0000000000E+00
    7649   1.0000000000E+00
    7650   1.0000000000E+00
    7651   1.0000000000E+00
    7652   1.0000000000E+00
    7653   1.0000000000E+00
    7654   1.0000000000E+00
    7655   1.0000000000E+00
    7656   1.0000000000E+00
    7657   1.0000000000E+00
    7658   1.0000000000E+00
    7659   1.0000000000E+00
    7660   1.0000000000E+00
    7661   1.0000000000E+00
    7662   1.0000000000E+00
    7663   1.0000000000E+00
    7664   1.0000000000E+00
    7665   1.0000000000E+00
    7666   1.0000000000E+00
    7667   1.0000000000E+00
    7668   1.0000000000E+00
    7669   1.0000000000E+00
    7670   1.0000000000E+00
    7671   1.0000000000E+00
    7672   1.0000000000E+00
    7673   1.0000000000E+00
    7674   1.0000000000E+00
    7675   1.0000000000E+00
    7676   1.0000000000E+00
    7677   1.0000000000E+00
    7678   1.0000000000E+00
    7679   1.0000000000E+00
    7680   1.0000000000E+00
    7681   1.0000000000E+00
    7682   1.0000000000E+00
    7683   1.0000000000E+00
    7684   1.0000000000E+00
    7685   1.0000000000E+00
    7686   1.0000000000E+00
    7687   1.0000000000E+00
    7688   1.0000000000E+00
    7689   1.0000000000E+00
    7690   1.0000000000E+00
    7691   1.0000000000E+00
    7692   1.0000000000E+00
    7693   1.0000000000E+00
    7694   1.0000000000E+00
    7695   1.0000000000E+00
    7696   1.0000000000E+00
    7697   1.0000000000E+00
    7698   1.0000000000E+00
    7699   1.0000000000E+00
    7700   1.0000000000E+00
    7701   1.0000000000E+00
    7702   1.0000000000E+00
    7703   1.0000000000E+00
    7704   1.0000000000E+00
    7705   1.0000000000E+00
    7706   1.0000000000E+00
    7707   1.0000000000E+00
    7708   1.0000000000E+00
    7709   1.0000000000E+00
    7710   1.0000000000E+00
    7711   1.0000000000E+00
    7712   1.0000000000E+00
    7713   1.0000000000E+00
    7714   1.0000000000E+00
    7715   1.0000000000E+00
    7716   1.0000000000E+00
    7717   1.0000000000E+00
    7718   1.0000000000E+00
    7719   1.0000000000E+00
    7720   1.0000000000E+00
    7721   1.0000000000E+00
    7722   1.0000000000E+00
    7723   1.0000000000E+00
    7724   1.0000000000E+00
    7725   1.0000000000E+00
    7726   1.0000000000E+00
    7727   1.0000000000E+00
    7728   1.0000000000E+00
    7729   1.0000000000E+00
    7730   1.0000000000E+00
    7731   1.0000000000E+00
    7732   1.0000000000E+00
    7733   1.0000000000E+00
    7734   1.0000000000E+00
    7735   1.0000000000E+00
    7736   1.0000000000E+00
    7737   1.0000000000E+00
    7738   1.0000000000E+00
    7739   1.0000000000E+00
    7740   1.0000000000E+00
    7741   1.0000000000E+00
    7742   1.0000000000E+00
    7743   1.0000000000E+00
    7744   1.0000000000E+00
    7745   1.0000000000E+00
    7746   1.0000000000E+00
    7747   1.0000000000E+00
    7748   1.0000000000E+00
    7749   1.0000000000E+00
    7750   1.0000000000E+00
    7751   1.0000000000E+00
    7752   1.0000000000E+00
    7753   1.0000000000E+00
    7754   1.0000000000E+00
    7755   1.0000000000E+00
    7756   1.0000000000E+00
    7757   1.0000000000E+00
    7758   1.0000000000E+00
    7759   1.0000000000E+00
    7760   1.0000000000E+00
    7761   1.0000000000E+00
    7762   1.0000000000E+00
    7763   1.0000000000E+00
    7764   1.0000000000E+00
    7765   1.0000000000E+00
    7766   1.0000000000E+00
    7767   1.0000000000E+00
    7768   1.0000000000E+00
    7769   1.0000000000E+00
    7770   1.0000000000E+00
    7771   1.0000000000E+00
    7772   1.0000000000E+00
    7773   1.0000000000E+00
    7774   1.0000000000E+00
    7775   1.0000000000E+00
    7776   1.0000000000E+00
    7777   1.0000000000E+00
    7778   1.0000000000E+00
    7779   1.0000000000E+00
    7780   1.0000000000E+00
    7781   1.0000000000E+00
    7782   1.0000000000E+00
    7783   1.0000000000E+00
    7784   1.0000000000E+00
    7785   1.0000000000E+00
    7786   1.0000000000E+00
    7787   1.0000000000E+00
    7788   1.0000000000E+00
    7789   1.0000000000E+00
    7790   1.0000000000E+00
    7791   1.0000000000E+00
    7792   1.0000000000E+00
    7793   1.0000000000E+00
    7794   1.0000000000E+00
    7795   1.0000000000E+00
    7796   1.0000000000E+00
    7797   1.0000000000E+00
    7798   1.0000000000E+00
    7799   1.0000000000E+00
    7800   1.0000000000E+00
    7801   1.0000000000E+00
    7802   1.0000000000E+00
    7803   1.0000000000E+00
    7804   1.0000000000E+00
    7805   1.0000000000E+00
    7806   1.0000000000E+00
    7807   1.0000000000E+00
    7808   1.0000000000E+00
    7809   1.0000000000E+00
    7810   1.0000000000E+00
    7811   1.0000000000E+00
    7812   1.0000000000E+00
    7813   1.0000000000E+00
    7814   1.0000000000E+00
    7815   1.0000000000E+00
    7816   1.0000000000E+00
    7817   1.0000000000E+00
    7818   1.0000000000E+00
    7819   1.0000000000E+00
    7820   1.0000000000E+00
    7821   1.0000000000E+00
    7822   1.0000000000E+00
    7823   1.0000000000E+00
    7824   1.0000000000E+00
    7825   1.0000000000E+00
    7826   1.0000000000E+00
    7827   1.0000000000E+00
    7828   1.0000000000E+00
    7829   1.0000000000E+00
    7830   1.0000000000E+00
    7831   1.0000000000E+00
    7832   1.0000000000E+00
    7833   1.0000000000E+00
    7834   1.0000000000E+00
    7835   1.0000000000E+00
    7836   1.0000000000E+00
    7837   1.0000000000E+00
    7838   1.0000000000E+00
    7839   1.0000000000E+00
    7840   1.0000000000E+00
    7841   1.0000000000E+00
    7842   1.0000000000E+00
    7843   1.0000000000E+00
    7844   1.0000000000E+00
    7845   1.0000000000E+00
    7846   1.0000000000E+00
    7847   1.0000000000E+00
    7848   1.0000000000E+00
    7849   1.0000000000E+00
    7850   1.0000000000E+00
    7851   1.0000000000E+00
    7852   1.0000000000E+00
    7853   1.0000000000E+00
    7854   1.0000000000E+00
    7855   1.0000000000E+00
    7856   1.0000000000E+00
    7857   1.0000000000E+00
    7858   1.0000000000E+00
    7859   1.0000000000E+00
    7860   1.0000000000E+00
    7861   1.0000000000E+00
    7862   1.0000000000E+00
    7863   1.0000000000E+00
    7864   1.0000000000E+00
    7865   1.0000000000E+00
    7866   1.0000000000E+00
    7867   1.0000000000E+00
    7868   1.0000000000E+00
    7869   1.0000000000E+00
    7870   1.0000000000E+00
    7871   1.0000000000E+00
    7872   1.0000000000E+00
    7873   1.0000000000E+00
    7874   1.0000000000E+00
    7875   1.0000000000E+00
    7876   1.0000000000E+00
    7877   1.0000000000E+00
    7878   1.0000000000E+00
    7879   1.0000000000E+00
    7880   1.0000000000E+00
    7881   1.0000000000E+00
    7882   1.0000000000E+00
    7883   1.0000000000E+00
    7884   1.0000000000E+00
    7885   1.0000000000E+00
    7886   1.0000000000E+00
    7887   1.0000000000E+00
    7888   1.0000000000E+00
    7889   1.0000000000E+00
    7890   1.0000000000E+00
    7891   1.0000000000E+00
    7892   1.0000000000E+00
    7893   1.0000000000E+00
    7894   1.0000000000E+00
    7895   1.0000000000E+00
    7896   1.0000000000E+00
    7897   1.0000000000E+00
    7898   1.0000000000E+00
    7899   1.0000000000E+00
    7900   1.0000000000E+00
    7901   1.0000000000E+00
    7902   1.0000000000E+00
    7903   1.0000000000E+00
    7904   1.0000000000E+00
    7905   1.0000000000E+00
    7906   1.0000000000E+00
    7907   1.0000000000E+00
    7908   1.0000000000E+00
    7909   1.0000000000E+00
    7910   1.0000000000E+00
    7911   1.0000000000E+00
    7912   1.0000000000E+00
    7913   1.0000000000E+00
    7914   1.0000000000E+00
    7915   1.0000000000E+00
    7916   1.0000000000E+00
    7917   1.0000000000E+00
    7918   1.0000000000E+00
    7919   1.0000000000E+00
    7920   1.0000000000E+00
    7921   1.0000000000E+00
    7922   1.0000000000E+00
    7923   1.0000000000E+00
    7924   1.0000000000E+00
    7925   1.0000000000E+00
    7926   1.0000000000E+00
    7927   1.0000000000E+00
    7928   1.0000000000E+00
    7929   1.0000000000E+00
    7930   1.0000000000E+00
    7931   1.0000000000E+00
    7932   1.0000000000E+00
    7933   1.0000000000E+00
    7934   1.0000000000E+00
    7935   1.0000000000E+00
    7936   1.0000000000E+00
    7937   1.0000000000E+00
    7938   1.0000000000E+00
    7939   1.0000000000E+00
    7940   1.0000000000E+00
    7941   1.0000000000E+00
    7942   1.0000000000E+00
    7943   1.0000000000E+00
    7944   1.0000000000E+00
    7945   1.0000000000E+00
    7946   1.0000000000E+00
    7947   1.0000000000E+00
    7948   1.0000000000E+00
    7949   1.0000000000E+00
    7950   1.0000000000E+00
    7951   1.0000000000E+00
    7952   1.0000000000E+00
    7953   1.0000000000E+00
    7954   1.0000000000E+00
    7955   1.0000000000E+00
    7956   1.0000000000E+00
    7957   1.0000000000E+00
    7958   1.0000000000E+00
    7959   1.0000000000E+00
    7960   1.0000000000E+00
    7961   1.0000000000E+00
    7962   1.0000000000E+00
    7963   1.0000000000E+00
    7964   1.0000000000E+00
    7965   1.0000000000E+00
    7966   1.0000000000E+00
    7967   1.0000000000E+00
    7968   1.0000000000E+00
    7969   1.0000000000E+00
    7970   1.0000000000E+00
    7971   1.0000000000E+00
    7972   1.0000000000E+00
    7973   1.0000000000E+00
    7974   1.0000000000E+00
    7975   1.0000000000E+00
    7976   1.0000000000E+00
    7977   1.0000000000E+00
    7978   1.0000000000E+00
    7979   1.0000000000E+00
    7980   1.0000000000E+00
    7981   1.0000000000E+00
    7982   1.0000000000E+00
    7983   1.0000000000E+00
    7984   1.0000000000E+00
    7985   1.0000000000E+00
    7986   1.0000000000E+00
    7987   1.0000000000E+00
    7988   1.0000000000E+00
    7989   1.0000000000E+00
    7990   1.0000000000E+00
    7991   1.0000000000E+00
    7992   1.0000000000E+00
    7993   1.0000000000E+00
    7994   1.0000000000E+00
    7995   1.0000000000E+00
    7996   1.0000000000E+00
    7997   1.0000000000E+00
    7998   1.0000000000E+00
    7999   1.0000000000E+00
    8000   1.0000000000E+00
    8001   1.0000000000E+00
    8002   1.0000000000E+00
    8003   1.0000000000E+00
    8004   1.0000000000E+00
    8005   1.0000000000E+00
    8006   1.0000000000E+00
    8007   1.0000000000E+00
    8008   1.0000000000E+00
    8009   1.0000000000E+00
    8010   1.0000000000E+00
    8011   1.0000000000E+00
    8012   1.0000000000E+00
    8013   1.0000000000E+00
    8014   1.0000000000E+00
    8015   1.0000000000E+00
    8016   1.0000000000E+00
    8017   1.0000000000E+00
    8018   1.0000000000E+00
    8019   1.0000000000E+00
    8020   1.0000000000E+00
    8021   1.0000000000E+00
    8022   1.0000000000E+00
    8023   1.0000000000E+00
    8024   1.0000000000E+00
    8025   1.0000000000E+00
    8026   1.0000000000E+00
    8027   1.0000000000E+00
    8028   1.0000000000E+00
    8029   1.0000000000E+00
    8030   1.0000000000E+00
    8031   1.0000000000E+00
    8032   1.0000000000E+00
    8033   1.0000000000E+00
    8034   1.0000000000E+00
    8035   1.0000000000E+00
    8036   1.0000000000E+00
    8037   1.0000000000E+00
    8038   1.0000000000E+00
    8039   1.0000000000E+00
    8040   1.0000000000E+00
    8041   1.0000000000E+00
    8042   1.0000000000E+00
    8043   1.0000000000E+00
    8044   1.0000000000E+00
    8045   1.0000000000E+00
    8046   1.0000000000E+00
    8047   1.0000000000E+00
    8048   1.0000000000E+00
    8049   1.0000000000E+00
    8050   1.0000000000E+00
    8051   1.0000000000E+00
    8052   1.0000000000E+00
    8053   1.0000000000E+00
    8054   1.0000000000E+00
    8055   1.0000000000E+00
    8056   1.0000000000E+00
    8057   1.0000000000E+00
    8058   1.0000000000E+00
    8059   1.0000000000E+00
    8060   1.0000000000E+00
    8061   1.0000000000E+00
    8062   1.0000000000E+00
    8063   1.0000000000E+00
    8064   1.0000000000E+00
    8065   1.0000000000E+00
    8066   1.0000000000E+00
    8067   1.0000000000E+00
    8068   1.0000000000E+00
    8069   1.0000000000E+00
    8070   1.0000000000E+00
    8071   1.0000000000E+00
    8072   1.0000000000E+00
    8073   1.0000000000E+00
    8074   1.0000000000E+00
    8075   1.0000000000E+00
    8076   1.0000000000E+00
    8077   1.0000000000E+00
    8078   1.0000000000E+00
    8079   1.0000000000E+00
    8080   1.0000000000E+00
    8081   1.0000000000E+00
    8082   1.0000000000E+00
    8083   1.0000000000E+00
    8084   1.0000000000E+00
    8085   1.0000000000E+00
    8086   1.0000000000E+00
    8087   1.0000000000E+00
    8088   1.0000000000E+00
    8089   1.0000000000E+00
    8090   1.0000000000E+00
    8091   1.0000000000E+00
    8092   1.0000000000E+00
    8093   1.0000000000E+00
    8094   1.0000000000E+00
    8095   1.0000000000E+00
    8096   1.0000000000E+00
    8097   1.0000000000E+00
    8098   1.0000000000E+00
    8099   1.0000000000E+00
    8100   1.0000000000E+00
    8101   1.0000000000E+00
    8102   1.0000000000E+00
    8103   1.0000000000E+00
    8104   1.0000000000E+00
    8105   1.0000000000E+00
    8106   1.0000000000E+00
    8107   1.0000000000E+00
    8108   1.0000000000E+00
    8109   1.0000000000E+00
    8110   1.0000000000E+00
    8111   1.0000000000E+00
    8112   1.0000000000E+00
    8113   1.0000000000E+00
    8114   1.0000000000E+00
    8115   1.0000000000E+00
    8116   1.0000000000E+00
    8117   1.0000000000E+00
    8118   1.0000000000E+00
    8119   1.0000000000E+00
    8120   1.0000000000E+00
    8121   1.0000000000E+00
    8122   1.0000000000E+00
    8123   1.0000000000E+00
    8124   1.0000000000E+00
    8125   1.0000000000E+00
    8126   1.0000000000E+00
    8127   1.0000000000E+00
    8128   1.0000000000E+00
    8129   1.0000000000E+00
    8130   1.0000000000E+00
    8131   1.0000000000E+00
    8132   1.0000000000E+00
    8133   1.0000000000E+00
    8134   1.0000000000E+00
    8135   1.0000000000E+00
    8136   1.0000000000E+00
    8137   1.0000000000E+00
    8138   1.0000000000E+00
    8139   1.0000000000E+00
    8140   1.0000000000E+00
    8141   1.0000000000E+00
    8142   1.0000000000E+00
    8143   1.0000000000E+00
    8144   1.0000000000E+00
    8145   1.0000000000E+00
    8146   1.0000000000E+00
    8147   1.0000000000E+00
    8148   1.0000000000E+00
    8149   1.0000000000E+00
    8150   1.0000000000E+00
    8151   1.0000000000E+00
    8152   1.0000000000E+00
    8153   1.0000000000E+00
    8154   1.0000000000E+00
    8155   1.0000000000E+00
    8156   1.0000000000E+00
    8157   1.0000000000E+00
    8158   1.0000000000E+00
    8159   1.0000000000E+00
    8160   1.0000000000E+00
    8161   1.0000000000E+00
    8162   1.0000000000E+00
    8163   1.0000000000E+00
    8164   1.0000000000E+00
    8165   1.0000000000E+00
    8166   1.0000000000E+00
    8167   1.0000000000E+00
    8168   1.0000000000E+00
    8169   1.0000000000E+00
    8170   1.0000000000E+00
    8171   1.0000000000E+00
    8172   1.0000000000E+00
    8173   1.0000000000E+00
    8174   1.0000000000E+00
    8175   1.0000000000E+00
    8176   1.0000000000E+00
    8177   1.0000000000E+00
    8178   1.0000000000E+00
    8179   1.0000000000E+00
    8180   1.0000000000E+00
    8181   1.0000000000E+00
    8182   1.0000000000E+00
    8183   1.0000000000E+00
    8184   1.0000000000E+00
    8185   1.0000000000E+00
    8186   1.0000000000E+00
    8187   1.0000000000E+00
    8188   1.0000000000E+00
    8189   1.0000000000E+00
    8190   1.0000000000E+00
    8191   1.0000000000E+00
    8192   1.0000000000E+00
    8193   1.0000000000E+00
    8194   1.0000000000E+00
    8195   1.0000000000E+00
    8196   1.0000000000E+00
    8197   1.0000000000E+00
    8198   1.0000000000E+00
    8199   1.0000000000E+00
    8200   1.0000000000E+00
    8201   1.0000000000E+00
    8202   1.0000000000E+00
    8203   1.0000000000E+00
    8204   1.0000000000E+00
    8205   1.0000000000E+00
    8206   1.0000000000E+00
    8207   1.0000000000E+00
    8208   1.0000000000E+00
    8209   1.0000000000E+00
    8210   1.0000000000E+00
    8211   1.0000000000E+00
    8212   1.0000000000E+00
    8213   1.0000000000E+00
    8214   1.0000000000E+00
    8215   1.0000000000E+00
    8216   1.0000000000E+00
    8217   1.0000000000E+00
    8218   1.0000000000E+00
    8219   1.0000000000E+00
    8220   1.0000000000E+00
    8221   1.0000000000E+00
    8222   1.0000000000E+00
    8223   1.0000000000E+00
    8224   1.0000000000E+00
    8225   1.0000000000E+00
    8226   1.0000000000E+00
    8227   1.0000000000E+00
    8228   1.0000000000E+00
    8229   1.0000000000E+00
    8230   1.0000000000E+00
    8231   1.0000000000E+00
    8232   1.0000000000E+00
    8233   1.0000000000E+00
    8234   1.0000000000E+00
    8235   1.0000000000E+00
    8236   1.0000000000E+00
    8237   1.0000000000E+00
    8238   1.0000000000E+00
    8239   1.0000000000E+00
    8240   1.0000000000E+00
    8241   1.0000000000E+00
    8242   1.0000000000E+00
    8243   1.0000000000E+00
    8244   1.0000000000E+00
    8245   1.0000000000E+00
    8246   1.0000000000E+00
    8247   1.0000000000E+00
    8248   1.0000000000E+00
    8249   1.0000000000E+00
    8250   1.0000000000E+00
    8251   1.0000000000E+00
    8252   1.0000000000E+00
    8253   1.0000000000E+00
    8254   1.0000000000E+00
    8255   1.0000000000E+00
    8256   1.0000000000E+00
    8257   1.0000000000E+00
    8258   1.0000000000E+00
    8259   1.0000000000E+00
    8260   1.0000000000E+00
    8261   1.0000000000E+00
    8262   1.0000000000E+00
    8263   1.0000000000E+00
    8264   1.0000000000E+00
    8265   1.0000000000E+00
    8266   1.0000000000E+00
    8267   1.0000000000E+00
    8268   1.0000000000E+00
    8269   1.0000000000E+00
    8270   1.0000000000E+00
    8271   1.0000000000E+00
    8272   1.0000000000E+00
    8273   1.0000000000E+00
    8274   1.0000000000E+00
    8275   1.0000000000E+00
    8276   1.0000000000E+00
    8277   1.0000000000E+00
    8278   1.0000000000E+00
    8279   1.0000000000E+00
    8280   1.0000000000E+00
    8281   1.0000000000E+00
    8282   1.0000000000E+00
    8283   1.0000000000E+00
    8284   1.0000000000E+00
    8285   1.0000000000E+00
    8286   1.0000000000E+00
    8287   1.0000000000E+00
    8288   1.0000000000E+00
    8289   1.0000000000E+00
    8290   1.0000000000E+00
    8291   1.0000000000E+00
    8292   1.0000000000E+00
    8293   1.0000000000E+00
    8294   1.0000000000E+00
    8295   1.0000000000E+00
    8296   1.0000000000E+00
    8297   1.0000000000E+00
    8298   1.0000000000E+00
    8299   1.0000000000E+00
    8300   1.0000000000E+00
    8301   1.0000000000E+00
    8302   1.0000000000E+00
    8303   1.0000000000E+00
    8304   1.0000000000E+00
    8305   1.0000000000E+00
    8306   1.0000000000E+00
    8307   1.0000000000E+00
    8308   1.0000000000E+00
    8309   1.0000000000E+00
    8310   1.0000000000E+00
    8311   1.0000000000E+00
    8312   1.0000000000E+00
    8313   1.0000000000E+00
    8314   1.0000000000E+00
    8315   1.0000000000E+00
    8316   1.0000000000E+00
    8317   1.0000000000E+00
    8318   1.0000000000E+00
    8319   1.0000000000E+00
    8320   1.0000000000E+00
    8321   1.0000000000E+00
    8322   1.0000000000E+00
    8323   1.0000000000E+00
    8324   1.0000000000E+00
    8325   1.0000000000E+00
    8326   1.0000000000E+00
    8327   1.0000000000E+00
    8328   1.0000000000E+00
    8329   1.0000000000E+00
    8330   1.0000000000E+00
    8331   1.0000000000E+00
    8332   1.0000000000E+00
    8333   1.0000000000E+00
    8334   1.0000000000E+00
    8335   1.0000000000E+00
    8336   1.0000000000E+00
    8337   1.0000000000E+00
    8338   1.0000000000E+00
    8339   1.0000000000E+00
    8340   1.0000000000E+00
    8341   1.0000000000E+00
    8342   1.0000000000E+00
    8343   1.0000000000E+00
    8344   1.0000000000E+00
    8345   1.0000000000E+00
    8346   1.0000000000E+00
    8347   1.0000000000E+00
    8348   1.0000000000E+00
    8349   1.0000000000E+00
    8350   1.0000000000E+00
    8351   1.0000000000E+00
    8352   1.0000000000E+00
    8353   1.0000000000E+00
    8354   1.0000000000E+00
    8355   1.0000000000E+00
    8356   1.0000000000E+00
    8357   1.0000000000E+00
    8358   1.0000000000E+00
    8359   1.0000000000E+00
    8360   1.0000000000E+00
    8361   1.0000000000E+00
    8362   1.0000000000E+00
    8363   1.0000000000E+00
    8364   1.0000000000E+00
    8365   1.0000000000E+00
    8366   1.0000000000E+00
    8367   1.0000000000E+00
    8368   1.0000000000E+00
    8369   1.0000000000E+00
    8370   1.0000000000E+00
    8371   1.0000000000E+00
    8372   1.0000000000E+00
    8373   1.0000000000E+00
    8374   1.0000000000E+00
    8375   1.0000000000E+00
    8376   1.0000000000E+00
    8377   1.0000000000E+00
    8378   1.0000000000E+00
    8379   1.0000000000E+00
    8380   1.0000000000E+00
    8381   1.0000000000E+00
    8382   1.0000000000E+00
    8383   1.0000000000E+00
    8384   1.0000000000E+00
    8385   1.0000000000E+00
    8386   1.0000000000E+00
    8387   1.0000000000E+00
    8388   1.0000000000E+00
    8389   1.0000000000E+00
    8390   1.0000000000E+00
    8391   1.0000000000E+00
    8392   1.0000000000E+00
    8393   1.0000000000E+00
    8394   1.0000000000E+00
    8395   1.0000000000E+00
    8396   1.0000000000E+00
    8397   1.0000000000E+00
    8398   1.0000000000E+00
    8399   1.0000000000E+00
    8400   1.0000000000E+00
    8401   1.0000000000E+00
    8402   1.0000000000E+00
    8403   1.0000000000E+00
    8404   1.0000000000E+00
    8405   1.0000000000E+00
    8406   1.0000000000E+00
    8407   1.0000000000E+00
    8408   1.0000000000E+00
    8409   1.0000000000E+00
    8410   1.0000000000E+00
    8411   1.0000000000E+00
    8412   1.0000000000E+00
    8413   1.0000000000E+00
    8414   1.0000000000E+00
    8415   1.0000000000E+00
    8416   1.0000000000E+00
    8417   1.0000000000E+00
    8418   1.0000000000E+00
    8419   1.0000000000E+00
    8420   1.0000000000E+00
    8421   1.0000000000E+00
    8422   1.0000000000E+00
    8423   1.0000000000E+00
    8424   1.0000000000E+00
    8425   1.0000000000E+00
    8426   1.0000000000E+00
    8427   1.0000000000E+00
    8428   1.0000000000E+00
    8429   1.0000000000E+00
    8430   1.0000000000E+00
    8431   1.0000000000E+00
    8432   1.0000000000E+00
    8433   1.0000000000E+00
    8434   1.0000000000E+00
    8435   1.0000000000E+00
    8436   1.0000000000E+00
    8437   1.0000000000E+00
    8438   1.0000000000E+00
    8439   1.0000000000E+00
    8440   1.0000000000E+00
    8441   1.0000000000E+00
    8442   1.0000000000E+00
    8443   1.0000000000E+00
    8444   1.0000000000E+00
    8445   1.0000000000E+00
    8446   1.0000000000E+00
    8447   1.0000000000E+00
    8448   1.0000000000E+00
    8449   1.0000000000E+00
    8450   1.0000000000E+00
    8451   1.0000000000E+00
    8452   1.0000000000E+00
    8453   1.0000000000E+00
    8454   1.0000000000E+00
    8455   1.0000000000E+00
    8456   1.0000000000E+00
    8457   1.0000000000E+00
    8458   1.0000000000E+00
    8459   1.0000000000E+00
    8460   1.0000000000E+00
    8461   1.0000000000E+00
    8462   1.0000000000E+00
    8463   1.0000000000E+00
    8464   1.0000000000E+00
    8465   1.0000000000E+00
    8466   1.0000000000E+00
    8467   1.0000000000E+00
    8468   1.0000000000E+00
    8469   1.0000000000E+00
    8470   1.0000000000E+00
    8471   1.0000000000E+00
    8472   1.0000000000E+00
    8473   1.0000000000E+00
    8474   1.0000000000E+00
    8475   1.0000000000E+00
    8476   1.0000000000E+00
    8477   1.0000000000E+00
    8478   1.0000000000E+00
    8479   1.0000000000E+00
    8480   1.0000000000E+00
    8481   1.0000000000E+00
    8482   1.0000000000E+00
    8483   1.0000000000E+00
    8484   1.0000000000E+00
    8485   1.0000000000E+00
    8486   1.0000000000E+00
    8487   1.0000000000E+00
    8488   1.0000000000E+00
    8489   1.0000000000E+00
    8490   1.0000000000E+00
    8491   1.0000000000E+00
    8492   1.0000000000E+00
    8493   1.0000000000E+00
    8494   1.0000000000E+00
    8495   1.0000000000E+00
    8496   1.0000000000E+00
    8497   1.0000000000E+00
    8498   1.0000000000E+00
    8499   1.0000000000E+00
    8500   1.0000000000E+00
    8501   1.0000000000E+00
    8502   1.0000000000E+00
    8503   1.0000000000E+00
    8504   1.0000000000E+00
    8505   1.0000000000E+00
    8506   1.0000000000E+00
    8507   1.0000000000E+00
    8508   1.0000000000E+00
    8509   1.0000000000E+00
    8510   1.0000000000E+00
    8511   1.0000000000E+00
    8512   1.0000000000E+00
    8513   1.0000000000E+00
    8514   1.0000000000E+00
    8515   1.0000000000E+00
    8516   1.0000000000E+00
    8517   1.0000000000E+00
    8518   1.0000000000E+00
    8519   1.0000000000E+00
    8520   1.0000000000E+00
    8521   1.0000000000E+00
    8522   1.0000000000E+00
    8523   1.0000000000E+00
    8524   1.0000000000E+00
    8525   1.0000000000E+00
    8526   1.0000000000E+00
    8527   1.0000000000E+00
    8528   1.0000000000E+00
    8529   1.0000000000E+00
    8530   1.0000000000E+00
    8531   1.0000000000E+00
    8532   1.0000000000E+00
    8533   1.0000000000E+00
    8534   1.0000000000E+00
    8535   1.0000000000E+00
    8536   1.0000000000E+00
    8537   1.0000000000E+00
    8538   1.0000000000E+00
    8539   1.0000000000E+00
    8540   1.0000000000E+00
    8541   1.0000000000E+00
    8542   1.0000000000E+00
    8543   1.0000000000E+00
    8544   1.0000000000E+00
    8545   1.0000000000E+00
    8546   1.0000000000E+00
    8547   1.0000000000E+00
    8548   1.0000000000E+00
    8549   1.0000000000E+00
    8550   1.0000000000E+00
    8551   1.0000000000E+00
    8552   1.0000000000E+00
    8553   1.0000000000E+00
    8554   1.0000000000E+00
    8555   1.0000000000E+00
    8556   1.0000000000E+00
    8557   1.0000000000E+00
    8558   1.0000000000E+00
    8559   1.0000000000E+00
    8560   1.0000000000E+00
    8561   1.0000000000E+00
    8562   1.0000000000E+00
    8563   1.0000000000E+00
    8564   1.0000000000E+00
    8565   1.0000000000E+00
    8566   1.0000000000E+00
    8567   1.0000000000E+00
    8568   1.0000000000E+00
    8569   1.0000000000E+00
    8570   1.0000000000E+00
    8571   1.0000000000E+00
    8572   1.0000000000E+00
    8573   1.0000000000E+00
    8574   1.0000000000E+00
    8575   1.0000000000E+00
    8576   1.0000000000E+00
    8577   1.0000000000E+00
    8578   1.0000000000E+00
    8579   1.0000000000E+00
    8580   1.0000000000E+00
    8581   1.0000000000E+00
    8582   1.0000000000E+00
    8583   1.0000000000E+00
    8584   1.0000000000E+00
    8585   1.0000000000E+00
    8586   1.0000000000E+00
    8587   1.0000000000E+00
    8588   1.0000000000E+00
    8589   1.0000000000E+00
    8590   1.0000000000E+00
    8591   1.0000000000E+00
    8592   1.0000000000E+00
    8593   1.0000000000E+00
    8594   1.0000000000E+00
    8595   1.0000000000E+00
    8596   1.0000000000E+00
    8597   1.0000000000E+00
    8598   1.0000000000E+00
    8599   1.0000000000E+00
    8600   1.0000000000E+00
    8601   1.0000000000E+00
    8602   1.0000000000E+00
    8603   1.0000000000E+00
    8604   1.0000000000E+00
    8605   1.0000000000E+00
    8606   1.0000000000E+00
    8607   1.0000000000E+00
    8608   1.0000000000E+00
    8609   1.0000000000E+00
    8610   1.0000000000E+00
    8611   1.0000000000E+00
    8612   1.0000000000E+00
    8613   1.0000000000E+00
    8614   1.0000000000E+00
    8615   1.0000000000E+00
    8616   1.0000000000E+00
    8617   1.0000000000E+00
    8618   1.0000000000E+00
    8619   1.0000000000E+00
    8620   1.0000000000E+00
    8621   1.0000000000E+00
    8622   1.0000000000E+00
    8623   1.0000000000E+00
    8624   1.0000000000E+00
    8625   1.0000000000E+00
    8626   1.0000000000E+00
    8627   1.0000000000E+00
    8628   1.0000000000E+00
    8629   1.0000000000E+00
    8630   1.0000000000E+00
    8631   1.0000000000E+00
    8632   1.0000000000E+00
    8633   1.0000000000E+00
    8634   1.0000000000E+00
    8635   1.0000000000E+00
    8636   1.0000000000E+00
    8637   1.0000000000E+00
    8638   1.0000000000E+00
    8639   1.0000000000E+00
    8640   1.0000000000E+00
    8641   1.0000000000E+00
    8642   1.0000000000E+00
    8643   1.0000000000E+00
    8644   1.0000000000E+00
    8645   1.0000000000E+00
    8646   1.0000000000E+00
    8647   1.0000000000E+00
    8648   1.0000000000E+00
    8649   1.0000000000E+00
    8650   1.0000000000E+00
    8651   1.0000000000E+00
    8652   1.0000000000E+00
    8653   1.0000000000E+00
    8654   1.0000000000E+00
    8655   1.0000000000E+00
    8656   1.0000000000E+00
    8657   1.0000000000E+00
    8658   1.0000000000E+00
    8659   1.0000000000E+00
    8660   1.0000000000E+00
    8661   1.0000000000E+00
    8662   1.0000000000E+00
    8663   1.0000000000E+00
    8664   1.0000000000E+00
    8665   1.0000000000E+00
    8666   1.0000000000E+00
    8667   1.0000000000E+00
    8668   1.0000000000E+00
    8669   1.0000000000E+00
    8670   1.0000000000E+00
    8671   1.0000000000E+00
    8672   1.0000000000E+00
    8673   1.0000000000E+00
    8674   1.0000000000E+00
    8675   1.0000000000E+00
    8676   1.0000000000E+00
    8677   1.0000000000E+00
    8678   1.0000000000E+00
    8679   1.0000000000E+00
    8680   1.0000000000E+00
    8681   1.0000000000E+00
    8682   1.0000000000E+00
    8683   1.0000000000E+00
    8684   1.0000000000E+00
    8685   1.0000000000E+00
    8686   1.0000000000E+00
    8687   1.0000000000E+00
    8688   1.0000000000E+00
    8689   1.0000000000E+00
    8690   1.0000000000E+00
    8691   1.0000000000E+00
    8692   1.0000000000E+00
    8693   1.0000000000E+00
    8694   1.0000000000E+00
    8695   1.0000000000E+00
    8696   1.0000000000E+00
    8697   1.0000000000E+00
    8698   1.0000000000E+00
    8699   1.0000000000E+00
    8700   1.0000000000E+00
    8701   1.0000000000E+00
    8702   1.0000000000E+00
    8703   1.0000000000E+00
    8704   1.0000000000E+00
    8705   1.0000000000E+00
    8706   1.0000000000E+00
    8707   1.0000000000E+00
    8708   1.0000000000E+00
    8709   1.0000000000E+00
    8710   1.0000000000E+00
    8711   1.0000000000E+00
    8712   1.0000000000E+00
    8713   1.0000000000E+00
    8714   1.0000000000E+00
    8715   1.0000000000E+00
    8716   1.0000000000E+00
    8717   1.0000000000E+00
    8718   1.0000000000E+00
    8719   1.0000000000E+00
    8720   1.0000000000E+00
    8721   1.0000000000E+00
    8722   1.0000000000E+00
    8723   1.0000000000E+00
    8724   1.0000000000E+00
    8725   1.0000000000E+00
    8726   1.0000000000E+00
    8727   1.0000000000E+00
    8728   1.0000000000E+00
    8729   1.0000000000E+00
    8730   1.0000000000E+00
    8731   1.0000000000E+00
    8732   1.0000000000E+00
    8733   1.0000000000E+00
    8734   1.0000000000E+00
    8735   1.0000000000E+00
    8736   1.0000000000E+00
    8737   1.0000000000E+00
    8738   1.0000000000E+00
    8739   1.0000000000E+00
    8740   1.0000000000E+00
    8741   1.0000000000E+00
    8742   1.0000000000E+00
    8743   1.0000000000E+00
    8744   1.0000000000E+00
    8745   1.0000000000E+00
    8746   1.0000000000E+00
    8747   1.0000000000E+00
    8748   1.0000000000E+00
    8749   1.0000000000E+00
    8750   1.0000000000E+00
    8751   1.0000000000E+00
    8752   1.0000000000E+00
    8753   1.0000000000E+00
    8754   1.0000000000E+00
    8755   1.0000000000E+00
    8756   1.0000000000E+00
    8757   1.0000000000E+00
    8758   1.0000000000E+00
    8759   1.0000000000E+00
    8760   1.0000000000E+00
    8761   1.0000000000E+00
    8762   1.0000000000E+00
    8763   1.0000000000E+00
    8764   1.0000000000E+00
    8765   1.0000000000E+00
    8766   1.0000000000E+00
    8767   1.0000000000E+00
    8768   1.0000000000E+00
    8769   1.0000000000E+00
    8770   1.0000000000E+00
    8771   1.0000000000E+00
    8772   1.0000000000E+00
    8773   1.0000000000E+00
    8774   1.0000000000E+00
    8775   1.0000000000E+00
    8776   1.0000000000E+00
    8777   1.0000000000E+00
    8778   1.0000000000E+00
    8779   1.0000000000E+00
    8780   1.0000000000E+00
    8781   1.0000000000E+00
    8782   1.0000000000E+00
    8783   1.0000000000E+00
    8784   1.0000000000E+00
    8785   1.0000000000E+00
    8786   1.0000000000E+00
    8787   1.0000000000E+00
    8788   1.0000000000E+00
    8789   1.0000000000E+00
    8790   1.0000000000E+00
    8791   1.0000000000E+00
    8792   1.0000000000E+00
    8793   1.0000000000E+00
    8794   1.0000000000E+00
    8795   1.0000000000E+00
    8796   1.0000000000E+00
    8797   1.0000000000E+00
    8798   1.0000000000E+00
    8799   1.0000000000E+00
    8800   1.0000000000E+00
    8801   1.0000000000E+00
    8802   1.0000000000E+00
    8803   1.0000000000E+00
    8804   1.0000000000E+00
    8805   1.0000000000E+00
    8806   1.0000000000E+00
    8807   1.0000000000E+00
    8808   1.0000000000E+00
    8809   1.0000000000E+00
    8810   1.0000000000E+00
    8811   1.0000000000E+00
    8812   1.0000000000E+00
    8813   1.0000000000E+00
    8814   1.0000000000E+00
    8815   1.0000000000E+00
    8816   1.0000000000E+00
    8817   1.0000000000E+00
    8818   1.0000000000E+00
    8819   1.0000000000E+00
    8820   1.0000000000E+00
    8821   1.0000000000E+00
    8822   1.0000000000E+00
    8823   1.0000000000E+00
    8824   1.0000000000E+00
    8825   1.0000000000E+00
    8826   1.0000000000E+00
    8827   1.0000000000E+00
    8828   1.0000000000E+00
    8829   1.0000000000E+00
    8830   1.0000000000E+00
    8831   1.0000000000E+00
    8832   1.0000000000E+00
    8833   1.0000000000E+00
    8834   1.0000000000E+00
    8835   1.0000000000E+00
    8836   1.0000000000E+00
    8837   1.0000000000E+00
    8838   1.0000000000E+00
    8839   1.0000000000E+00
    8840   1.0000000000E+00
    8841   1.0000000000E+00
    8842   1.0000000000E+00
    8843   1.0000000000E+00
    8844   1.0000000000E+00
    8845   1.0000000000E+00
    8846   1.0000000000E+00
    8847   1.0000000000E+00
    8848   1.0000000000E+00
    8849   1.0000000000E+00
    8850   1.0000000000E+00
    8851   1.0000000000E+00
    8852   1.0000000000E+00
    8853   1.0000000000E+00
    8854   1.0000000000E+00
    8855   1.0000000000E+00
    8856   1.0000000000E+00
    8857   1.0000000000E+00
    8858   1.0000000000E+00
    8859   1.0000000000E+00
    8860   1.0000000000E+00
    8861   1.0000000000E+00
    8862   1.0000000000E+00
    8863   1.0000000000E+00
    8864   1.0000000000E+00
    8865   1.0000000000E+00
    8866   1.0000000000E+00
    8867   1.0000000000E+00
    8868   1.0000000000E+00
    8869   1.0000000000E+00
    8870   1.0000000000E+00
    8871   1.0000000000E+00
    8872   1.0000000000E+00
    8873   1.0000000000E+00
    8874   1.0000000000E+00
    8875   1.0000000000E+00
    8876   1.0000000000E+00
    8877   1.0000000000E+00
    8878   1.0000000000E+00
    8879   1.0000000000E+00
    8880   1.0000000000E+00
    8881   1.0000000000E+00
    8882   1.0000000000E+00
    8883   1.0000000000E+00
    8884   1.0000000000E+00
    8885   1.0000000000E+00
    8886   1.0000000000E+00
    8887   1.0000000000E+00
    8888   1.0000000000E+00
    8889   1.0000000000E+00
    8890   1.0000000000E+00
    8891   1.0000000000E+00
    8892   1.0000000000E+00
    8893   1.0000000000E+00
    8894   1.0000000000E+00
    8895   1.0000000000E+00
    8896   1.0000000000E+00
    8897   1.0000000000E+00
    8898   1.0000000000E+00
    8899   1.0000000000E+00
    8900   1.0000000000E+00
    8901   1.0000000000E+00
    8902   1.0000000000E+00
    8903   1.0000000000E+00
    8904   1.0000000000E+00
    8905   1.0000000000E+00
    8906   1.0000000000E+00
    8907   1.0000000000E+00
    8908   1.0000000000E+00
    8909   1.0000000000E+00
    8910   1.0000000000E+00
    8911   1.0000000000E+00
    8912   1.0000000000E+00
    8913   1.0000000000E+00
    8914   1.0000000000E+00
    8915   1.0000000000E+00
    8916   1.0000000000E+00
    8917   1.0000000000E+00
    8918   1.0000000000E+00
    8919   1.0000000000E+00
    8920   1.0000000000E+00
    8921   1.0000000000E+00
    8922   1.0000000000E+00
    8923   1.0000000000E+00
    8924   1.0000000000E+00
    8925   1.0000000000E+00
    8926   1.0000000000E+00
    8927   1.0000000000E+00
    8928   1.0000000000E+00
    8929   1.0000000000E+00
    8930   1.0000000000E+00
    8931   1.0000000000E+00
    8932   1.0000000000E+00
    8933   1.0000000000E+00
    8934   1.0000000000E+00
    8935   1.0000000000E+00
    8936   1.0000000000E+00
    8937   1.0000000000E+00
    8938   1.0000000000E+00
    8939   1.0000000000E+00
    8940   1.0000000000E+00
    8941   1.0000000000E+00
    8942   1.0000000000E+00
    8943   1.0000000000E+00
    8944   1.0000000000E+00
    8945   1.0000000000E+00
    8946   1.0000000000E+00
    8947   1.0000000000E+00
    8948   1.0000000000E+00
    8949   1.0000000000E+00
    8950   1.0000000000E+00
    8951   1.0000000000E+00
    8952   1.0000000000E+00
    8953   1.0000000000E+00
    8954   1.0000000000E+00
    8955   1.0000000000E+00
    8956   1.0000000000E+00
    8957   1.0000000000E+00
    8958   1.0000000000E+00
    8959   1.0000000000E+00
    8960   1.0000000000E+00
    8961   1.0000000000E+00
    8962   1.0000000000E+00
    8963   1.0000000000E+00
    8964   1.0000000000E+00
    8965   1.0000000000E+00
    8966   1.0000000000E+00
    8967   1.0000000000E+00
    8968   1.0000000000E+00
    8969   1.0000000000E+00
    8970   1.0000000000E+00
    8971   1.0000000000E+00
    8972   1.0000000000E+00
    8973   1.0000000000E+00
    8974   1.0000000000E+00
    8975   1.0000000000E+00
    8976   1.0000000000E+00
    8977   1.0000000000E+00
    8978   1.0000000000E+00
    8979   1.0000000000E+00
    8980   1.0000000000E+00
    8981   1.0000000000E+00
    8982   1.0000000000E+00
    8983   1.0000000000E+00
    8984   1.0000000000E+00
    8985   1.0000000000E+00
    8986   1.0000000000E+00
    8987   1.0000000000E+00
    8988   1.0000000000E+00
    8989   1.0000000000E+00
    8990   1.0000000000E+00
    8991   1.0000000000E+00
    8992   1.0000000000E+00
    8993   1.0000000000E+00
    8994   1.0000000000E+00
    8995   1.0000000000E+00
    8996   1.0000000000E+00
    8997   1.0000000000E+00
    8998   1.0000000000E+00
    8999   1.0000000000E+00
    9000   1.0000000000E+00
    9001   1.0000000000E+00
    9002   1.0000000000E+00
    9003   1.0000000000E+00
    9004   1.0000000000E+00
    9005   1.0000000000E+00
    9006   1.0000000000E+00
    9007   1.0000000000E+00
    9008   1.0000000000E+00
    9009   1.0000000000E+00
    9010   1.0000000000E+00
    9011   1.0000000000E+00
    9012   1.0000000000E+00
    9013   1.0000000000E+00
    9014   1.0000000000E+00
    9015   1.0000000000E+00
    9016   1.0000000000E+00
    9017   1.0000000000E+00
    9018   1.0000000000E+00
    9019   1.0000000000E+00
    9020   1.0000000000E+00
    9021   1.0000000000E+00
    9022   1.0000000000E+00
    9023   1.0000000000E+00
    9024   1.0000000000E+00
    9025   1.0000000000E+00
    9026   1.0000000000E+00
    9027   1.0000000000E+00
    9028   1.0000000000E+00
    9029   1.0000000000E+00
    9030   1.0000000000E+00
    9031   1.0000000000E+00
    9032   1.0000000000E+00
    9033   1.0000000000E+00
    9034   1.0000000000E+00
    9035   1.0000000000E+00
    9036   1.0000000000E+00
    9037   1.0000000000E+00
    9038   1.0000000000E+00
    9039   1.0000000000E+00
    9040   1.0000000000E+00
    9041   1.0000000000E+00
    9042   1.0000000000E+00
    9043   1.0000000000E+00
    9044   1.0000000000E+00
    9045   1.0000000000E+00
    9046   1.0000000000E+00
    9047   1.0000000000E+00
    9048   1.0000000000E+00
    9049   1.0000000000E+00
    9050   1.0000000000E+00
    9051   1.0000000000E+00
    9052   1.0000000000E+00
    9053   1.0000000000E+00
    9054   1.0000000000E+00
    9055   1.0000000000E+00
    9056   1.0000000000E+00
    9057   1.0000000000E+00
    9058   1.0000000000E+00
    9059   1.0000000000E+00
    9060   1.0000000000E+00
    9061   1.0000000000E+00
    9062   1.0000000000E+00
    9063   1.0000000000E+00
    9064   1.0000000000E+00
    9065   1.0000000000E+00
    9066   1.0000000000E+00
    9067   1.0000000000E+00
    9068   1.0000000000E+00
    9069   1.0000000000E+00
    9070   1.0000000000E+00
    9071   1.0000000000E+00
    9072   1.0000000000E+00
    9073   1.0000000000E+00
    9074   1.0000000000E+00
    9075   1.0000000000E+00
    9076   1.0000000000E+00
    9077   1.0000000000E+00
    9078   1.0000000000E+00
    9079   1.0000000000E+00
    9080   1.0000000000E+00
    9081   1.0000000000E+00
    9082   1.0000000000E+00
    9083   1.0000000000E+00
    9084   1.0000000000E+00
    9085   1.0000000000E+00
    9086   1.0000000000E+00
    9087   1.0000000000E+00
    9088   1.0000000000E+00
    9089   1.0000000000E+00
    9090   1.0000000000E+00
    9091   1.0000000000E+00
    9092   1.0000000000E+00
    9093   1.0000000000E+00
    9094   1.0000000000E+00
    9095   1.0000000000E+00
    9096   1.0000000000E+00
    9097   1.0000000000E+00
    9098   1.0000000000E+00
    9099   1.0000000000E+00
    9100   1.0000000000E+00
    9101   1.0000000000E+00
    9102   1.0000000000E+00
    9103   1.0000000000E+00
    9104   1.0000000000E+00
    9105   1.0000000000E+00
    9106   1.0000000000E+00
    9107   1.0000000000E+00
    9108   1.0000000000E+00
    9109   1.0000000000E+00
    9110   1.0000000000E+00
    9111   1.0000000000E+00
    9112   1.0000000000E+00
    9113   1.0000000000E+00
    9114   1.0000000000E+00
    9115   1.0000000000E+00
    9116   1.0000000000E+00
    9117   1.0000000000E+00
    9118   1.0000000000E+00
    9119   1.0000000000E+00
    9120   1.0000000000E+00
    9121   1.0000000000E+00
    9122   1.0000000000E+00
    9123   1.0000000000E+00
    9124   1.0000000000E+00
    9125   1.0000000000E+00
    9126   1.0000000000E+00
    9127   1.0000000000E+00
    9128   1.0000000000E+00
    9129   1.0000000000E+00
    9130   1.0000000000E+00
    9131   1.0000000000E+00
    9132   1.0000000000E+00
    9133   1.0000000000E+00
    9134   1.0000000000E+00
    9135   1.0000000000E+00
    9136   1.0000000000E+00
    9137   1.0000000000E+00
    9138   1.0000000000E+00
    9139   1.0000000000E+00
    9140   1.0000000000E+00
    9141   1.0000000000E+00
    9142   1.0000000000E+00
    9143   1.0000000000E+00
    9144   1.0000000000E+00
    9145   1.0000000000E+00
    9146   1.0000000000E+00
    9147   1.0000000000E+00
    9148   1.0000000000E+00
    9149   1.0000000000E+00
    9150   1.0000000000E+00
    9151   1.0000000000E+00
    9152   1.0000000000E+00
    9153   1.0000000000E+00
    9154   1.0000000000E+00
    9155   1.0000000000E+00
    9156   1.0000000000E+00
    9157   1.0000000000E+00
    9158   1.0000000000E+00
    9159   1.0000000000E+00
    9160   1.0000000000E+00
    9161   1.0000000000E+00
    9162   1.0000000000E+00
    9163   1.0000000000E+00
    9164   1.0000000000E+00
    9165   1.0000000000E+00
    9166   1.0000000000E+00
    9167   1.0000000000E+00
    9168   1.0000000000E+00
    9169   1.0000000000E+00
    9170   1.0000000000E+00
    9171   1.0000000000E+00
    9172   1.0000000000E+00
    9173   1.0000000000E+00
    9174   1.0000000000E+00
    9175   1.0000000000E+00
    9176   1.0000000000E+00
    9177   1.0000000000E+00
    9178   1.0000000000E+00
    9179   1.0000000000E+00
    9180   1.0000000000E+00
    9181   1.0000000000E+00
    9182   1.0000000000E+00
    9183   1.0000000000E+00
    9184   1.0000000000E+00
    9185   1.0000000000E+00
    9186   1.0000000000E+00
    9187   1.0000000000E+00
    9188   1.0000000000E+00
    9189   1.0000000000E+00
    9190   1.0000000000E+00
    9191   1.0000000000E+00
    9192   1.0000000000E+00
    9193   1.0000000000E+00
    9194   1.0000000000E+00
    9195   1.0000000000E+00
    9196   1.0000000000E+00
    9197   1.0000000000E+00
    9198   1.0000000000E+00
    9199   1.0000000000E+00
    9200   1.0000000000E+00
    9201   1.0000000000E+00
    9202   1.0000000000E+00
    9203   1.0000000000E+00
    9204   1.0000000000E+00
    9205   1.0000000000E+00
    9206   1.0000000000E+00
    9207   1.0000000000E+00
    9208   1.0000000000E+00
    9209   1.0000000000E+00
    9210   1.0000000000E+00
    9211   1.0000000000E+00
    9212   1.0000000000E+00
    9213   1.0000000000E+00
    9214   1.0000000000E+00
    9215   1.0000000000E+00
    9216   1.0000000000E+00
    9217   1.0000000000E+00
    9218   1.0000000000E+00
    9219   1.0000000000E+00
    9220   1.0000000000E+00
    9221   1.0000000000E+00
    9222   1.0000000000E+00
    9223   1.0000000000E+00
    9224   1.0000000000E+00
    9225   1.0000000000E+00
    9226   1.0000000000E+00
    9227   1.0000000000E+00
    9228   1.0000000000E+00
    9229   1.0000000000E+00
    9230   1.0000000000E+00
    9231   1.0000000000E+00
    9232   1.0000000000E+00
    9233   1.0000000000E+00
    9234   1.0000000000E+00
    9235   1.0000000000E+00
    9236   1.0000000000E+00
    9237   1.0000000000E+00
    9238   1.0000000000E+00
    9239   1.0000000000E+00
    9240   1.0000000000E+00
    9241   1.0000000000E+00
    9242   1.0000000000E+00
    9243   1.0000000000E+00
    9244   1.0000000000E+00
    9245   1.0000000000E+00
    9246   1.0000000000E+00
    9247   1.0000000000E+00
    9248   1.0000000000E+00
    9249   1.0000000000E+00
    9250   1.0000000000E+00
    9251   1.0000000000E+00
    9252   1.0000000000E+00
    9253   1.0000000000E+00
    9254   1.0000000000E+00
    9255   1.0000000000E+00
    9256   1.0000000000E+00
    9257   1.0000000000E+00
    9258   1.0000000000E+00
    9259   1.0000000000E+00
    9260   1.0000000000E+00
    9261   1.0000000000E+00
    9262   1.0000000000E+00
    9263   1.0000000000E+00
    9264   1.0000000000E+00
    9265   1.0000000000E+00
    9266   1.0000000000E+00
    9267   1.0000000000E+00
    9268   1.0000000000E+00
    9269   1.0000000000E+00
    9270   1.0000000000E+00
    9271   1.0000000000E+00
    9272   1.0000000000E+00
    9273   1.0000000000E+00
    9274   1.0000000000E+00
    9275   1.0000000000E+00
    9276   1.0000000000E+00
    9277   1.0000000000E+00
    9278   1.0000000000E+00
    9279   1.0000000000E+00
    9280   1.0000000000E+00
    9281   1.0000000000E+00
    9282   1.0000000000E+00
    9283   1.0000000000E+00
    9284   1.0000000000E+00
    9285   1.0000000000E+00
    9286   1.0000000000E+00
    9287   1.0000000000E+00
    9288   1.0000000000E+00
    9289   1.0000000000E+00
    9290   1.0000000000E+00
    9291   1.0000000000E+00
    9292   1.0000000000E+00
    9293   1.0000000000E+00
    9294   1.0000000000E+00
    9295   1.0000000000E+00
    9296   1.0000000000E+00
    9297   1.0000000000E+00
    9298   1.0000000000E+00
    9299   1.0000000000E+00
    9300   1.0000000000E+00
    9301   1.0000000000E+00
    9302   1.0000000000E+00
    9303   1.0000000000E+00
    9304   1.0000000000E+00
    9305   1.0000000000E+00
    9306   1.0000000000E+00
    9307   1.0000000000E+00
    9308   1.0000000000E+00
    9309   1.0000000000E+00
    9310   1.0000000000E+00
    9311   1.0000000000E+00
    9312   1.0000000000E+00
    9313   1.0000000000E+00
    9314   1.0000000000E+00
    9315   1.0000000000E+00
    9316   1.0000000000E+00
    9317   1.0000000000E+00
    9318   1.0000000000E+00
    9319   1.0000000000E+00
    9320   1.0000000000E+00
    9321   1.0000000000E+00
    9322   1.0000000000E+00
    9323   1.0000000000E+00
    9324   1.0000000000E+00
    9325   1.0000000000E+00
    9326   1.0000000000E+00
    9327   1.0000000000E+00
    9328   1.0000000000E+00
    9329   1.0000000000E+00
    9330   1.0000000000E+00
    9331   1.0000000000E+00
    9332   1.0000000000E+00
    9333   1.0000000000E+00
    9334   1.0000000000E+00
    9335   1.0000000000E+00
    9336   1.0000000000E+00
    9337   1.0000000000E+00
    9338   1.0000000000E+00
    9339   1.0000000000E+00
    9340   1.0000000000E+00
    9341   1.0000000000E+00
    9342   1.0000000000E+00
    9343   1.0000000000E+00
    9344   1.0000000000E+00
    9345   1.0000000000E+00
    9346   1.0000000000E+00
    9347   1.0000000000E+00
    9348   1.0000000000E+00
    9349   1.0000000000E+00
    9350   1.0000000000E+00
    9351   1.0000000000E+00
    9352   1.0000000000E+00
    9353   1.0000000000E+00
    9354   1.0000000000E+00
    9355   1.0000000000E+00
    9356   1.0000000000E+00
    9357   1.0000000000E+00
    9358   1.0000000000E+00
    9359   1.0000000000E+00
    9360   1.0000000000E+00
    9361   1.0000000000E+00
    9362   1.0000000000E+00
    9363   1.0000000000E+00
    9364   1.0000000000E+00
    9365   1.0000000000E+00
    9366   1.0000000000E+00
    9367   1.0000000000E+00
    9368   1.0000000000E+00
    9369   1.0000000000E+00
    9370   1.0000000000E+00
    9371   1.0000000000E+00
    9372   1.0000000000E+00
    9373   1.0000000000E+00
    9374   1.0000000000E+00
    9375   1.0000000000E+00
    9376   1.0000000000E+00
    9377   1.0000000000E+00
    9378   1.0000000000E+00
    9379   1.0000000000E+00
    9380   1.0000000000E+00
    9381   1.0000000000E+00
    9382   1.0000000000E+00
    9383   1.0000000000E+00
    9384   1.0000000000E+00
    9385   1.0000000000E+00
    9386   1.0000000000E+00
    9387   1.0000000000E+00
    9388   1.0000000000E+00
    9389   1.0000000000E+00
    9390   1.0000000000E+00
    9391   1.0000000000E+00
    9392   1.0000000000E+00
    9393   1.0000000000E+00
    9394   1.0000000000E+00
    9395   1.0000000000E+00
    9396   1.0000000000E+00
    9397   1.0000000000E+00
    9398   1.0000000000E+00
    9399   1.0000000000E+00
    9400   1.0000000000E+00
    9401   1.0000000000E+00
    9402   1.0000000000E+00
    9403   1.0000000000E+00
    9404   1.0000000000E+00
    9405   1.0000000000E+00
    9406   1.0000000000E+00
    9407   1.0000000000E+00
    9408   1.0000000000E+00
    9409   1.0000000000E+00
    9410   1.0000000000E+00
    9411   1.0000000000E+00
    9412   1.0000000000E+00
    9413   1.0000000000E+00
    9414   1.0000000000E+00
    9415   1.0000000000E+00
    9416   1.0000000000E+00
    9417   1.0000000000E+00
    9418   1.0000000000E+00
    9419   1.0000000000E+00
    9420   1.0000000000E+00
    9421   1.0000000000E+00
    9422   1.0000000000E+00
    9423   1.0000000000E+00
    9424   1.0000000000E+00
    9425   1.0000000000E+00
    9426   1.0000000000E+00
    9427   1.0000000000E+00
    9428   1.0000000000E+00
    9429   1.0000000000E+00
    9430   1.0000000000E+00
    9431   1.0000000000E+00
    9432   1.0000000000E+00
    9433   1.0000000000E+00
    9434   1.0000000000E+00
    9435   1.0000000000E+00
    9436   1.0000000000E+00
    9437   1.0000000000E+00
    9438   1.0000000000E+00
    9439   1.0000000000E+00
    9440   1.0000000000E+00
    9441   1.0000000000E+00
    9442   1.0000000000E+00
    9443   1.0000000000E+00
    9444   1.0000000000E+00
    9445   1.0000000000E+00
    9446   1.0000000000E+00
    9447   1.0000000000E+00
    9448   1.0000000000E+00
    9449   1.0000000000E+00
    9450   1.0000000000E+00
    9451   1.0000000000E+00
    9452   1.0000000000E+00
    9453   1.0000000000E+00
    9454   1.0000000000E+00
    9455   1.0000000000E+00
    9456   1.0000000000E+00
    9457   1.0000000000E+00
    9458   1.0000000000E+00
    9459   1.0000000000E+00
    9460   1.0000000000E+00
    9461   1.0000000000E+00
    9462   1.0000000000E+00
    9463   1.0000000000E+00
    9464   1.0000000000E+00
    9465   1.0000000000E+00
    9466   1.0000000000E+00
    9467   1.0000000000E+00
    9468   1.0000000000E+00
    9469   1.0000000000E+00
    9470   1.0000000000E+00
    9471   1.0000000000E+00
    9472   1.0000000000E+00
    9473   1.0000000000E+00
    9474   1.0000000000E+00
    9475   1.0000000000E+00
    9476   1.0000000000E+00
    9477   1.0000000000E+00
    9478   1.0000000000E+00
    9479   1.0000000000E+00
    9480   1.0000000000E+00
    9481   1.0000000000E+00
    9482   1.0000000000E+00
    9483   1.0000000000E+00
    9484   1.0000000000E+00
    9485   1.0000000000E+00
    9486   1.0000000000E+00
    9487   1.0000000000E+00
    9488   1.0000000000E+00
    9489   1.0000000000E+00
    9490   1.0000000000E+00
    9491   1.0000000000E+00
    9492   1.0000000000E+00
    9493   1.0000000000E+00
    9494   1.0000000000E+00
    9495   1.0000000000E+00
    9496   1.0000000000E+00
    9497   1.0000000000E+00
    9498   1.0000000000E+00
    9499   1.0000000000E+00
    9500   1.0000000000E+00
    9501   1.0000000000E+00
    9502   1.0000000000E+00
    9503   1.0000000000E+00
    9504   1.0000000000E+00
    9505   1.0000000000E+00
    9506   1.0000000000E+00
    9507   1.0000000000E+00
    9508   1.0000000000E+00
    9509   1.0000000000E+00
    9510   1.0000000000E+00
    9511   1.0000000000E+00
    9512   1.0000000000E+00
    9513   1.0000000000E+00
    9514   1.0000000000E+00
    9515   1.0000000000E+00
    9516   1.0000000000E+00
    9517   1.0000000000E+00
    9518   1.0000000000E+00
    9519   1.0000000000E+00
    9520   1.0000000000E+00
    9521   1.0000000000E+00
    9522   1.0000000000E+00
    9523   1.0000000000E+00
    9524   1.0000000000E+00
    9525   1.0000000000E+00
    9526   1.0000000000E+00
    9527   1.0000000000E+00
    9528   1.0000000000E+00
    9529   1.0000000000E+00
    9530   1.0000000000E+00
    9531   1.0000000000E+00
    9532   1.0000000000E+00
    9533   1.0000000000E+00
    9534   1.0000000000E+00
    9535   1.0000000000E+00
    9536   1.0000000000E+00
    9537   1.0000000000E+00
    9538   1.0000000000E+00
    9539   1.0000000000E+00
    9540   1.0000000000E+00
    9541   1.0000000000E+00
    9542   1.0000000000E+00
    9543   1.0000000000E+00
    9544   1.0000000000E+00
    9545   1.0000000000E+00
    9546   1.0000000000E+00
    9547   1.0000000000E+00
    9548   1.0000000000E+00
    9549   1.0000000000E+00
    9550   1.0000000000E+00
    9551   1.0000000000E+00
    9552   1.0000000000E+00
    9553   1.0000000000E+00
    9554   1.0000000000E+00
    9555   1.0000000000E+00
    9556   1.0000000000E+00
    9557   1.0000000000E+00
    9558   1.0000000000E+00
    9559   1.0000000000E+00
    9560   1.0000000000E+00
    9561   1.0000000000E+00
    9562   1.0000000000E+00
    9563   1.0000000000E+00
    9564   1.0000000000E+00
    9565   1.0000000000E+00
    9566   1.0000000000E+00
    9567   1.0000000000E+00
    9568   1.0000000000E+00
    9569   1.0000000000E+00
    9570   1.0000000000E+00
    9571   1.0000000000E+00
    9572   1.0000000000E+00
    9573   1.0000000000E+00
    9574   1.0000000000E+00
    9575   1.0000000000E+00
    9576   1.0000000000E+00
    9577   1.0000000000E+00
    9578   1.0000000000E+00
    9579   1.0000000000E+00
    9580   1.0000000000E+00
    9581   1.0000000000E+00
    9582   1.0000000000E+00
    9583   1.0000000000E+00
    9584   1.0000000000E+00
    9585   1.0000000000E+00
    9586   1.0000000000E+00
    9587   1.0000000000E+00
    9588   1.0000000000E+00
    9589   1.0000000000E+00
    9590   1.0000000000E+00
    9591   1.0000000000E+00
    9592   1.0000000000E+00
    9593   1.0000000000E+00
    9594   1.0000000000E+00
    9595   1.0000000000E+00
    9596   1.0000000000E+00
    9597   1.0000000000E+00
    9598   1.0000000000E+00
    9599   1.0000000000E+00
    9600   1.0000000000E+00
    9601   1.0000000000E+00
    9602   1.0000000000E+00
    9603   1.0000000000E+00
    9604   1.0000000000E+00
    9605   1.0000000000E+00
    9606   1.0000000000E+00
    9607   1.0000000000E+00
    9608   1.0000000000E+00
    9609   1.0000000000E+00
    9610   1.0000000000E+00
    9611   1.0000000000E+00
    9612   1.0000000000E+00
    9613   1.0000000000E+00
    9614   1.0000000000E+00
    9615   1.0000000000E+00
    9616   1.0000000000E+00
    9617   1.0000000000E+00
    9618   1.0000000000E+00
    9619   1.0000000000E+00
    9620   1.0000000000E+00
    9621   1.0000000000E+00
    9622   1.0000000000E+00
    9623   1.0000000000E+00
    9624   1.0000000000E+00
    9625   1.0000000000E+00
    9626   1.0000000000E+00
    9627   1.0000000000E+00
    9628   1.0000000000E+00
    9629   1.0000000000E+00
    9630   1.0000000000E+00
    9631   1.0000000000E+00
    9632   1.0000000000E+00
    9633   1.0000000000E+00
    9634   1.0000000000E+00
    9635   1.0000000000E+00
    9636   1.0000000000E+00
    9637   1.0000000000E+00
    9638   1.0000000000E+00
    9639   1.0000000000E+00
    9640   1.0000000000E+00
    9641   1.0000000000E+00
    9642   1.0000000000E+00
    9643   1.0000000000E+00
    9644   1.0000000000E+00
    9645   1.0000000000E+00
    9646   1.0000000000E+00
    9647   1.0000000000E+00
    9648   1.0000000000E+00
    9649   1.0000000000E+00
    9650   1.0000000000E+00
    9651   1.0000000000E+00
    9652   1.0000000000E+00
    9653   1.0000000000E+00
    9654   1.0000000000E+00
    9655   1.0000000000E+00
    9656   1.0000000000E+00
    9657   1.0000000000E+00
    9658   1.0000000000E+00
    9659   1.0000000000E+00
    9660   1.0000000000E+00
    9661   1.0000000000E+00
    9662   1.0000000000E+00
    9663   1.0000000000E+00
    9664   1.0000000000E+00
    9665   1.0000000000E+00
    9666   1.0000000000E+00
    9667   1.0000000000E+00
    9668   1.0000000000E+00
    9669   1.0000000000E+00
    9670   1.0000000000E+00
    9671   1.0000000000E+00
    9672   1.0000000000E+00
    9673   1.0000000000E+00
    9674   1.0000000000E+00
    9675   1.0000000000E+00
    9676   1.0000000000E+00
    9677   1.0000000000E+00
    9678   1.0000000000E+00
    9679   1.0000000000E+00
    9680   1.0000000000E+00
    9681   1.0000000000E+00
    9682   1.0000000000E+00
    9683   1.0000000000E+00
    9684   1.0000000000E+00
    9685   1.0000000000E+00
    9686   1.0000000000E+00
    9687   1.0000000000E+00
    9688   1.0000000000E+00
    9689   1.0000000000E+00
    9690   1.0000000000E+00
    9691   1.0000000000E+00
    9692   1.0000000000E+00
    9693   1.0000000000E+00
    9694   1.0000000000E+00
    9695   1.0000000000E+00
    9696   1.0000000000E+00
    9697   1.0000000000E+00
    9698   1.0000000000E+00
    9699   1.0000000000E+00
    9700   1.0000000000E+00
    9701   1.0000000000E+00
    9702   1.0000000000E+00
    9703   1.0000000000E+00
    9704   1.0000000000E+00
    9705   1.0000000000E+00
    9706   1.0000000000E+00
    9707   1.0000000000E+00
    9708   1.0000000000E+00
    9709   1.0000000000E+00
    9710   1.0000000000E+00
    9711   1.0000000000E+00
    9712   1.0000000000E+00
    9713   1.0000000000E+00
    9714   1.0000000000E+00
    9715   1.0000000000E+00
    9716   1.0000000000E+00
    9717   1.0000000000E+00
    9718   1.0000000000E+00
    9719   1.0000000000E+00
    9720   1.0000000000E+00
    9721   1.0000000000E+00
    9722   1.0000000000E+00
    9723   1.0000000000E+00
    9724   1.0000000000E+00
    9725   1.0000000000E+00
    9726   1.0000000000E+00
    9727   1.0000000000E+00
    9728   1.0000000000E+00
    9729   1.0000000000E+00
    9730   1.0000000000E+00
    9731   1.0000000000E+00
    9732   1.0000000000E+00
    9733   1.0000000000E+00
    9734   1.0000000000E+00
    9735   1.0000000000E+00
    9736   1.0000000000E+00
    9737   1.0000000000E+00
    9738   1.0000000000E+00
    9739   1.0000000000E+00
    9740   1.0000000000E+00
    9741   1.0000000000E+00
    9742   1.0000000000E+00
    9743   1.0000000000E+00
    9744   1.0000000000E+00
    9745   1.0000000000E+00
    9746   1.0000000000E+00
    9747   1.0000000000E+00
    9748   1.0000000000E+00
    9749   1.0000000000E+00
    9750   1.0000000000E+00
    9751   1.0000000000E+00
    9752   1.0000000000E+00
    9753   1.0000000000E+00
    9754   1.0000000000E+00
    9755   1.0000000000E+00
    9756   1.0000000000E+00
    9757   1.0000000000E+00
    9758   1.0000000000E+00
    9759   1.0000000000E+00
    9760   1.0000000000E+00
    9761   1.0000000000E+00
    9762   1.0000000000E+00
    9763   1.0000000000E+00
    9764   1.0000000000E+00
    9765   1.0000000000E+00
    9766   1.0000000000E+00
    9767   1.0000000000E+00
    9768   1.0000000000E+00
    9769   1.0000000000E+00
    9770   1.0000000000E+00
    9771   1.0000000000E+00
    9772   1.0000000000E+00
    9773   1.0000000000E+00
    9774   1.0000000000E+00
    9775   1.0000000000E+00
    9776   1.0000000000E+00
    9777   1.0000000000E+00
    9778   1.0000000000E+00
    9779   1.0000000000E+00
    9780   1.0000000000E+00
    9781   1.0000000000E+00
    9782   1.0000000000E+00
    9783   1.0000000000E+00
    9784   1.0000000000E+00
    9785   1.0000000000E+00
    9786   1.0000000000E+00
    9787   1.0000000000E+00
    9788   1.0000000000E+00
    9789   1.0000000000E+00
    9790   1.0000000000E+00
    9791   1.0000000000E+00
    9792   1.0000000000E+00
    9793   1.0000000000E+00
    9794   1.0000000000E+00
    9795   1.0000000000E+00
    9796   1.0000000000E+00
    9797   1.0000000000E+00
    9798   1.0000000000E+00
    9799   1.0000000000E+00
    9800   1.0000000000E+00
    9801   1.0000000000E+00
    9802   1.0000000000E+00
    9803   1.0000000000E+00
    9804   1.0000000000E+00
    9805   1.0000000000E+00
    9806   1.0000000000E+00
    9807   1.0000000000E+00
    9808   1.0000000000E+00
    9809   1.0000000000E+00
    9810   1.0000000000E+00
    9811   1.0000000000E+00
    9812   1.0000000000E+00
    9813   1.0000000000E+00
    9814   1.0000000000E+00
    9815   1.0000000000E+00
    9816   1.0000000000E+00
    9817   1.0000000000E+00
    9818   1.0000000000E+00
    9819   1.0000000000E+00
    9820   1.0000000000E+00
    9821   1.0000000000E+00
    9822   1.0000000000E+00
    9823   1.0000000000E+00
    9824   1.0000000000E+00
    9825   1.0000000000E+00
    9826   1.0000000000E+00
    9827   1.0000000000E+00
    9828   1.0000000000E+00
    9829   1.0000000000E+00
    9830   1.0000000000E+00
    9831   1.0000000000E+00
    9832   1.0000000000E+00
    9833   1.0000000000E+00
    9834   1.0000000000E+00
    9835   1.0000000000E+00
    9836   1.0000000000E+00
    9837   1.0000000000E+00
    9838   1.0000000000E+00
    9839   1.0000000000E+00
    9840   1.0000000000E+00
    9841   1.0000000000E+00
    9842   1.0000000000E+00
    9843   1.0000000000E+00
    9844   1.0000000000E+00
    9845   1.0000000000E+00
    9846   1.0000000000E+00
    9847   1.0000000000E+00
    9848   1.0000000000E+00
    9849   1.0000000000E+00
    9850   1.0000000000E+00
    9851   1.0000000000E+00
    9852   1.0000000000E+00
    9853   1.0000000000E+00
    9854   1.0000000000E+00
    9855   1.0000000000E+00
    9856   1.0000000000E+00
    9857   1.0000000000E+00
    9858   1.0000000000E+00
    9859   1.0000000000E+00
    9860   1.0000000000E+00
    9861   1.0000000000E+00
    9862   1.0000000000E+00
    9863   1.0000000000E+00
    9864   1.0000000000E+00
    9865   1.0000000000E+00
    9866   1.0000000000E+00
    9867   1.0000000000E+00
    9868   1.0000000000E+00
    9869   1.0000000000E+00
    9870   1.0000000000E+00
    9871   1.0000000000E+00
    9872   1.0000000000E+00
    9873   1.0000000000E+00
    9874   1.0000000000E+00
    9875   1.0000000000E+00
    9876   1.0000000000E+00
    9877   1.0000000000E+00
    9878   1.0000000000E+00
    9879   1.0000000000E+00
    9880   1.0000000000E+00
    9881   1.0000000000E+00
    9882   1.0000000000E+00
    9883   1.0000000000E+00
    9884   1.0000000000E+00
    9885   1.0000000000E+00
    9886   1.0000000000E+00
    9887   1.0000000000E+00
    9888   1.0000000000E+00
    9889   1.0000000000E+00
    9890   1.0000000000E+00
    9891   1.0000000000E+00
    9892   1.0000000000E+00
    9893   1.0000000000E+00
    9894   1.0000000000E+00
    9895   1.0000000000E+00
    9896   1.0000000000E+00
    9897   1.0000000000E+00
    9898   1.0000000000E+00
    9899   1.0000000000E+00
    9900   1.0000000000E+00
    9901   1.0000000000E+00
    9902   1.0000000000E+00
    9903   1.0000000000E+00
    9904   1.0000000000E+00
    9905   1.0000000000E+00
    9906   1.0000000000E+00
    9907   1.0000000000E+00
    9908   1.0000000000E+00
    9909   1.0000000000E+00
    9910   1.0000000000E+00
    9911   1.0000000000E+00
    9912   1.0000000000E+00
    9913   1.0000000000E+00
    9914   1.0000000000E+00
    9915   1.0000000000E+00
    9916   1.0000000000E+00
    9917   1.0000000000E+00
    9918   1.0000000000E+00
    9919   1.0000000000E+00
    9920   1.0000000000E+00
    9921   1.0000000000E+00
    9922   1.0000000000E+00
    9923   1.0000000000E+00
    9924   1.0000000000E+00
    9925   1.0000000000E+00
    9926   1.0000000000E+00
    9927   1.0000000000E+00
    9928   1.0000000000E+00
    9929   1.0000000000E+00
    9930   1.0000000000E+00
    9931   1.0000000000E+00
    9932   1.0000000000E+00
    9933   1.0000000000E+00
    9934   1.0000000000E+00
    9935   1.0000000000E+00
    9936   1.0000000000E+00
    9937   1.0000000000E+00
    9938   1.0000000000E+00
    9939   1.0000000000E+00
    9940   1.0000000000E+00
    9941   1.0000000000E+00
    9942   1.0000000000E+00
    9943   1.0000000000E+00
    9944   1.0000000000E+00
    9945   1.0000000000E+00
    9946   1.0000000000E+00
    9947   1.0000000000E+00
    9948   1.0000000000E+00
    9949   1.0000000000E+00
    9950   1.0000000000E+00
    9951   1.0000000000E+00
    9952   1.0000000000E+00
    9953   1.0000000000E+00
    9954   1.0000000000E+00
    9955   1.0000000000E+00
    9956   1.0000000000E+00
    9957   1.0000000000E+00
    9958   1.0000000000E+00
    9959   1.0000000000E+00
    9960   1.0000000000E+00
    9961   1.0000000000E+00
    9962   1.0000000000E+00
    9963   1.0000000000E+00
    9964   1.0000000000E+00
    9965   1.0000000000E+00
    9966   1.0000000000E+00
    9967   1.0000000000E+00
    9968   1.0000000000E+00
    9969   1.0000000000E+00
    9970   1.0000000000E+00
    9971   1.0000000000E+00
    9972   1.0000000000E+00
    9973   1.0000000000E+00
    9974   1.0000000000E+00
    9975   1.0000000000E+00
    9976   1.0000000000E+00
    9977   1.0000000000E+00
    9978   1.0000000000E+00
    9979   1.0000000000E+00
    9980   1.0000000000E+00
    9981   1.0000000000E+00
    9982   1.0000000000E+00
    9983   1.0000000000E+00
    9984   1.0000000000E+00
    9985   1.0000000000E+00
    9986   1.0000000000E+00
    9987   1.0000000000E+00
    9988   1.0000000000E+00
    9989   1.0000000000E+00
    9990   1.0000000000E+00
    9991   1.0000000000E+00
    9992   1.0000000000E+00
    9993   1.0000000000E+00
    9994   1.0000000000E+00
    9995   1.0000000000E+00
    9996   1.0000000000E+00
    9997   1.0000000000E+00
    9998   1.0000000000E+00
    9999   1.0000000000E+00
   10000   8.3593750000E-01
   10001   1.6406250000E-01
   10002   0.0000000000E+00
   10003   0.0000000000E+00
