# ic  density_f1
      -2   0.0000000000E+00
      -1   1.3935252296E-01
       0   8.0774742194E-01
       1   9.9995383065E-01
       2   1.0027483750E+00
       3   1.0053504372E+00
       4   1.0073486727E+00
       5   1.0084460866E+00
       6   1.0085158696E+00
       7   1.0076099664E+00
       8   1.0059322954E+00
       9   1.0037958120E+00
      10   1.0015718802E+00
      11   9.9962979149E-01
      12   9.9826985661E-01
      13   9.9766595776E-01
      14   9.9783892520E-01
      15   9.9866993877E-01
      16   9.9994315937E-01
      17   1.0013956191E+00
      18   1.0027588445E+00
      19   1.0037923444E+00
      20   1.0043191965E+00
      21   1.0042647452E+00
      22   1.0036824848E+00
      23   1.0027464134E+00
      24   1.0017062577E+00
      25   1.0008248048E+00
      26   1.0003247506E+00
      27   1.0003583096E+00
      28   1.0009931796E+00
      29   1.0022020898E+00
      30   1.0038552320E+00
      31   1.0057281113E+00
      32   1.0075381259E+00
      33   1.0090060814E+00
      34   1.0099196174E+00
      35   1.0101729750E+00
      36   1.0097754034E+00
      37   1.0088390545E+00
      38   1.0075604062E+00
      39   1.0061965587E+00
      40   1.0050285542E+00
      41   1.0043119941E+00
      42   1.0042316768E+00
      43   1.0048797781E+00
      44   1.0062663573E+00
      45   1.0083375333E+00
      46   1.0109410782E+00
      47   1.0139045917E+00
      48   1.0169552043E+00
      49   1.0197771850E+00
      50   1.0220669367E+00
      51   1.0235972604E+00
      52   1.0242550558E+00
      53   1.0240408735E+00
      54   1.0230478704E+00
      55   1.0214423608E+00
      56   1.0194482655E+00
      57   1.0173317415E+00
      58   1.0153218773E+00
      59   1.0135095310E+00
      60   1.0120522054E+00
      61   1.0108625003E+00
      62   1.0098363232E+00
      63   1.0088597902E+00
      64   1.0078306227E+00
      65   1.0066721037E+00
      66   1.0053524689E+00
      67   1.0039118336E+00
      68   1.0024773387E+00
      69   1.0012446500E+00
      70   1.0004268959E+00
      71   1.0001989632E+00
      72   1.0006678450E+00
      73   1.0018750126E+00
      74   1.0038095979E+00
      75   1.0064058638E+00
      76   1.0095219764E+00
      77   1.0129254248E+00
      78   1.0163154408E+00
      79   1.0193835146E+00
      80   1.0218792178E+00
      81   1.0236422332E+00
      82   1.0246256783E+00
      83   1.0248197235E+00
      84   1.0240495674E+00
      85   1.0227310104E+00
      86   1.0210080365E+00
      87   1.0191414013E+00
      88   1.0173730494E+00
      89   1.0158590842E+00
      90   1.0146587081E+00
      91   1.0137599020E+00
      92   1.0131052694E+00
      93   1.0125943048E+00
      94   1.0120752978E+00
      95   1.0113610421E+00
      96   1.0102838550E+00
      97   1.0087632087E+00
      98   1.0068404587E+00
      99   1.0046592409E+00
     100   1.0024146909E+00
     101   1.0003145267E+00
     102   9.9857195531E-01
     103   9.9740825932E-01
     104   9.9703050591E-01
     105   9.9757633069E-01
     106   9.9905569683E-01
     107   1.0013309983E+00
     108   1.0041514837E+00
     109   1.0072239637E+00
     110   1.0102643004E+00
     111   1.0129536644E+00
     112   1.0150970427E+00
     113   1.0165241096E+00
     114   1.0171853581E+00
     115   1.0171800257E+00
     116   1.0167302726E+00
     117   1.0161016136E+00
     118   1.0155161596E+00
     119   1.0151094069E+00
     120   1.0149395168E+00
     121   1.0150140699E+00
     122   1.0152972612E+00
     123   1.0156972525E+00
     124   1.0160666231E+00
     125   1.0162577866E+00
     126   1.0161527187E+00
     127   1.0156407406E+00
     128   1.0148912590E+00
     129   1.0139430301E+00
     130   1.0128519384E+00
     131   1.0116639532E+00
     132   1.0104435275E+00
     133   1.0092885505E+00
     134   1.0083061218E+00
     135   1.0075702936E+00
     136   1.0071020788E+00
     137   1.0068886489E+00
     138   1.0069170085E+00
     139   1.0071834702E+00
     140   1.0076682745E+00
     141   1.0083057401E+00
     142   1.0089901454E+00
     143   1.0096250703E+00
     144   1.0101781315E+00
     145   1.0106928732E+00
     146   1.0112467799E+00
     147   1.0118929608E+00
     148   1.0126336997E+00
     149   1.0134612740E+00
     150   1.0143109619E+00
     151   1.0151286163E+00
     152   1.0159199126E+00
     153   1.0165610962E+00
     154   1.0169331102E+00
     155   1.0169592812E+00
     156   1.0166553078E+00
     157   1.0161233166E+00
     158   1.0154950773E+00
     159   1.0148730343E+00
     160   1.0143127509E+00
     161   1.0138454547E+00
     162   1.0135017289E+00
     163   1.0133045306E+00
     164   1.0132406457E+00
     165   1.0132596279E+00
     166   1.0132748126E+00
     167   1.0131747165E+00
     168   1.0130320964E+00
     169   1.0128493398E+00
     170   1.0126352771E+00
     171   1.0123564754E+00
     172   1.0119526723E+00
     173   1.0113769452E+00
     174   1.0106175721E+00
     175   1.0096818081E+00
     176   1.0085634223E+00
     177   1.0072320094E+00
     178   1.0056583719E+00
     179   1.0038521336E+00
     180   1.0018767620E+00
     181   9.9983066526E-01
     182   9.9781651642E-01
     183   9.9592782848E-01
     184   9.9425766536E-01
     185   9.9290705232E-01
     186   9.9197037195E-01
     187   9.9149999911E-01
     188   9.9147830057E-01
     189   9.9182371969E-01
     190   9.9243040477E-01
     191   9.9321254709E-01
     192   9.9412264830E-01
     193   9.9513759793E-01
     194   9.9623610527E-01
     195   9.9739448572E-01
     196   9.9860389410E-01
     197   9.9988573838E-01
     198   1.0012819408E+00
     199   1.0028216490E+00
     200   1.0044924957E+00
     201   1.0062421092E+00
     202   1.0080068776E+00
     203   1.0097380732E+00
     204   1.0113987220E+00
     205   1.0129344918E+00
     206   1.0142501140E+00
     207   1.0152187164E+00
     208   1.0157198244E+00
     209   1.0156743388E+00
     210   1.0150503737E+00
     211   1.0138447026E+00
     212   1.0120687026E+00
     213   1.0097583038E+00
     214   1.0069966015E+00
     215   1.0039192536E+00
     216   1.0006873413E+00
     217   9.9744430602E-01
     218   9.9428962591E-01
     219   9.9128597907E-01
     220   9.8848632275E-01
     221   9.8595223689E-01
     222   9.8374813227E-01
     223   9.8192088584E-01
     224   9.8048720917E-01
     225   9.7944080620E-01
     226   9.7877085720E-01
     227   9.7847301095E-01
     228   9.7854333337E-01
     229   9.7896303419E-01
     230   9.7969159948E-01
     231   9.8064243337E-01
     232   9.8184669559E-01
     233   9.8330209028E-01
     234   9.8488373585E-01
     235   9.8660776961E-01
     236   9.8839627173E-01
     237   9.9013779060E-01
     238   9.9171756899E-01
     239   9.9304902031E-01
     240   9.9408778735E-01
     241   9.9482663672E-01
     242   9.9528608053E-01
     243   9.9551417812E-01
     244   9.9559221813E-01
     245   9.9563058439E-01
     246   9.9574486188E-01
     247   9.9601911875E-01
     248   9.9647698889E-01
     249   9.9707665754E-01
     250   9.9772758551E-01
     251   9.9831258630E-01
     252   9.9870182093E-01
     253   9.9875995646E-01
     254   9.9836079818E-01
     255   9.9741839503E-01
     256   9.9592421821E-01
     257   9.9396611885E-01
     258   9.9171279294E-01
     259   9.8937005204E-01
     260   9.8713426105E-01
     261   9.8516591847E-01
     262   9.8358656062E-01
     263   9.8245677046E-01
     264   9.8186010316E-01
     265   9.8189223624E-01
     266   9.8237358194E-01
     267   9.8326258637E-01
     268   9.8445330446E-01
     269   9.8584530606E-01
     270   9.8735404074E-01
     271   9.8889900804E-01
     272   9.9038582622E-01
     273   9.9170355863E-01
     274   9.9274463382E-01
     275   9.9343406012E-01
     276   9.9374593518E-01
     277   9.9369697164E-01
     278   9.9332834310E-01
     279   9.9269744382E-01
     280   9.9188772342E-01
     281   9.9102381687E-01
     282   9.9026972342E-01
     283   9.8980009284E-01
     284   9.8975699996E-01
     285   9.9021745896E-01
     286   9.9118654809E-01
     287   9.9260660196E-01
     288   9.9439845762E-01
     289   9.9641621610E-01
     290   9.9849236733E-01
     291   1.0004562303E+00
     292   1.0021575639E+00
     293   1.0035178761E+00
     294   1.0045539703E+00
     295   1.0053468630E+00
     296   1.0059949594E+00
     297   1.0065853242E+00
     298   1.0071519299E+00
     299   1.0077036311E+00
     300   1.0082375826E+00
     301   1.0087410586E+00
     302   1.0091839329E+00
     303   1.0095229127E+00
     304   1.0097256257E+00
     305   1.0097986284E+00
     306   1.0097911422E+00
     307   1.0097641287E+00
     308   1.0097453301E+00
     309   1.0097071445E+00
     310   1.0095849262E+00
     311   1.0093203271E+00
     312   1.0088946805E+00
     313   1.0083308123E+00
     314   1.0076719569E+00
     315   1.0069650511E+00
     316   1.0062626238E+00
     317   1.0056323462E+00
     318   1.0051508613E+00
     319   1.0048742693E+00
     320   1.0048040723E+00
     321   1.0048785164E+00
     322   1.0050000451E+00
     323   1.0050806824E+00
     324   1.0050724272E+00
     325   1.0049646628E+00
     326   1.0047586543E+00
     327   1.0044452119E+00
     328   1.0040009489E+00
     329   1.0033978871E+00
     330   1.0026103500E+00
     331   1.0016135751E+00
     332   1.0003865588E+00
     333   9.9893242510E-01
     334   9.9730636052E-01
     335   9.9564455762E-01
     336   9.9414458829E-01
     337   9.9302047046E-01
     338   9.9244040496E-01
     339   9.9248330177E-01
     340   9.9312642553E-01
     341   9.9425711766E-01
     342   9.9569191509E-01
     343   9.9719542954E-01
     344   9.9850519219E-01
     345   9.9937237944E-01
     346   9.9961461426E-01
     347   9.9916044982E-01
     348   9.9806157337E-01
     349   9.9646653671E-01
     350   9.9457247964E-01
     351   9.9258041730E-01
     352   9.9066858901E-01
     353   9.8898139064E-01
     354   9.8762256684E-01
     355   9.8664769287E-01
     356   9.8606118107E-01
     357   9.8582624390E-01
     358   9.8588855419E-01
     359   9.8620358971E-01
     360   9.8675273021E-01
     361   9.8753964559E-01
     362   9.8857012640E-01
     363   9.8982698568E-01
     364   9.9125134282E-01
     365   9.9273501775E-01
     366   9.9412308189E-01
     367   9.9522299264E-01
     368   9.9583760903E-01
     369   9.9577310798E-01
     370   9.9490184579E-01
     371   9.9319269130E-01
     372   9.9073152799E-01
     373   9.8771956012E-01
     374   9.8444220508E-01
     375   9.8121959223E-01
     376   9.7835383767E-01
     377   9.7608645524E-01
     378   9.7457290857E-01
     379   9.7387366401E-01
     380   9.7395770461E-01
     381   9.7471499532E-01
     382   9.7592710233E-01
     383   9.7748155353E-01
     384   9.7923780438E-01
     385   9.8084416374E-01
     386   9.8228149918E-01
     387   9.8350454829E-01
     388   9.8451565697E-01
     389   9.8534964446E-01
     390   9.8606202121E-01
     391   9.8672285539E-01
     392   9.8741075624E-01
     393   9.8820090545E-01
     394   9.8914876704E-01
     395   9.9027860323E-01
     396   9.9158593328E-01
     397   9.9305194387E-01
     398   9.9465744979E-01
     399   9.9638332731E-01
     400   9.9819522614E-01
     401   1.0000243474E+00
     402   1.0017607080E+00
     403   1.0032641860E+00
     404   1.0043850452E+00
     405   1.0049818774E+00
     406   1.0049336216E+00
     407   1.0041537722E+00
     408   1.0026149479E+00
     409   1.0003767077E+00
     410   9.9759704464E-01
     411   9.9451231251E-01
     412   9.9138915183E-01
     413   9.8847028062E-01
     414   9.8593750147E-01
     415   9.8386719742E-01
     416   9.8233834914E-01
     417   9.8138943199E-01
     418   9.8083159663E-01
     419   9.8058554799E-01
     420   9.8052590567E-01
     421   9.8055428937E-01
     422   9.8062370004E-01
     423   9.8073738003E-01
     424   9.8092478588E-01
     425   9.8121306264E-01
     426   9.8161374279E-01
     427   9.8212789138E-01
     428   9.8274314382E-01
     429   9.8344837699E-01
     430   9.8432681498E-01
     431   9.8519419307E-01
     432   9.8601081932E-01
     433   9.8670929473E-01
     434   9.8725608597E-01
     435   9.8767047201E-01
     436   9.8800996553E-01
     437   9.8834201885E-01
     438   9.8872488781E-01
     439   9.8920677230E-01
     440   9.8983185218E-01
     441   9.9063558636E-01
     442   9.9162477598E-01
     443   9.9275755687E-01
     444   9.9394521488E-01
     445   9.9508220044E-01
     446   9.9608659985E-01
     447   9.9692328077E-01
     448   9.9759611492E-01
     449   9.9812064906E-01
     450   9.9850214582E-01
     451   9.9873294464E-01
     452   9.9880072785E-01
     453   9.9868959858E-01
     454   9.9836817812E-01
     455   9.9777881290E-01
     456   9.9684863789E-01
     457   9.9552639862E-01
     458   9.9382407007E-01
     459   9.9183455755E-01
     460   9.8971429289E-01
     461   9.8762635743E-01
     462   9.8576032470E-01
     463   9.8432945754E-01
     464   9.8339462409E-01
     465   9.8308092260E-01
     466   9.8343724081E-01
     467   9.8443371200E-01
     468   9.8595453903E-01
     469   9.8781684785E-01
     470   9.8980684738E-01
     471   9.9171321642E-01
     472   9.9334492561E-01
     473   9.9453770426E-01
     474   9.9516508388E-01
     475   9.9516285691E-01
     476   9.9455582441E-01
     477   9.9346416423E-01
     478   9.9207788162E-01
     479   9.9060976361E-01
     480   9.8925155819E-01
     481   9.8815185405E-01
     482   9.8741431381E-01
     483   9.8710126537E-01
     484   9.8721547880E-01
     485   9.8776100342E-01
     486   9.8867105014E-01
     487   9.8978993984E-01
     488   9.9103108006E-01
     489   9.9229505624E-01
     490   9.9348993342E-01
     491   9.9451847274E-01
     492   9.9527316365E-01
     493   9.9565202134E-01
     494   9.9558866989E-01
     495   9.9507559340E-01
     496   9.9416483180E-01
     497   9.9294810648E-01
     498   9.9153362089E-01
     499   9.9003587307E-01
     500   9.8857883253E-01
     501   9.8729937925E-01
     502   9.8634048328E-01
     503   9.8583474899E-01
     504   9.8588850024E-01
     505   9.8657511590E-01
     506   9.8793512647E-01
     507   9.8997187545E-01
     508   9.9263623429E-01
     509   9.9580540151E-01
     510   9.9927127639E-01
     511   1.0027529953E+00
     512   1.0059335677E+00
     513   1.0085051080E+00
     514   1.0102064760E+00
     515   1.0108483578E+00
     516   1.0103325626E+00
     517   1.0086712138E+00
     518   1.0059980266E+00
     519   1.0025559112E+00
     520   9.9865599956E-01
     521   9.9462173232E-01
     522   9.9074101095E-01
     523   9.8724145759E-01
     524   9.8428615863E-01
     525   9.8197694710E-01
     526   9.8035244812E-01
     527   9.7934094983E-01
     528   9.7909896302E-01
     529   9.7942203103E-01
     530   9.8026197696E-01
     531   9.8162536854E-01
     532   9.8349548186E-01
     533   9.8582485067E-01
     534   9.8850850207E-01
     535   9.9138066933E-01
     536   9.9423540291E-01
     537   9.9685609467E-01
     538   9.9903874657E-01
     539   1.0006073091E+00
     540   1.0014310736E+00
     541   1.0014509727E+00
     542   1.0007058373E+00
     543   9.9933876646E-01
     544   9.9757272294E-01
     545   9.9566550479E-01
     546   9.9386644876E-01
     547   9.9239039210E-01
     548   9.9140640110E-01
     549   9.9102754058E-01
     550   9.9129421637E-01
     551   9.9215929995E-01
     552   9.9349145213E-01
     553   9.9510536815E-01
     554   9.9680915203E-01
     555   9.9844539387E-01
     556   9.9990799980E-01
     557   1.0011370790E+00
     558   1.0021086327E+00
     559   1.0028314128E+00
     560   1.0033461724E+00
     561   1.0037125169E+00
     562   1.0039789983E+00
     563   1.0041532128E+00
     564   1.0041958585E+00
     565   1.0040468545E+00
     566   1.0036653546E+00
     567   1.0030539886E+00
     568   1.0022529542E+00
     569   1.0013178564E+00
     570   1.0003065842E+00
     571   9.9928591578E-01
     572   9.9834311579E-01
     573   9.9757873265E-01
     574   9.9707384715E-01
     575   9.9685280495E-01
     576   9.9687113600E-01
     577   9.9704060790E-01
     578   9.9727434202E-01
     579   9.9752158500E-01
     580   9.9777513093E-01
     581   9.9806146345E-01
     582   9.9843439043E-01
     583   9.9897891546E-01
     584   9.9980895450E-01
     585   1.0010376092E+00
     586   1.0027202253E+00
     587   1.0048004585E+00
     588   1.0070965179E+00
     589   1.0093400792E+00
     590   1.0112431513E+00
     591   1.0125519630E+00
     592   1.0130673162E+00
     593   1.0126475441E+00
     594   1.0112233331E+00
     595   1.0088295363E+00
     596   1.0056255726E+00
     597   1.0018719078E+00
     598   9.9786386486E-01
     599   9.9386132799E-01
     600   9.9005530159E-01
     601   9.8657791405E-01
     602   9.8352758317E-01
     603   9.8097731868E-01
     604   9.7896087824E-01
     605   9.7745980978E-01
     606   9.7640616090E-01
     607   9.7566012045E-01
     608   9.7548052936E-01
     609   9.7566122945E-01
     610   9.7624841239E-01
     611   9.7726714761E-01
     612   9.7865507920E-01
     613   9.8031062066E-01
     614   9.8212961059E-01
     615   9.8402558516E-01
     616   9.8591705065E-01
     617   9.8770051783E-01
     618   9.8924527912E-01
     619   9.9042619992E-01
     620   9.9117229791E-01
     621   9.9148988358E-01
     622   9.9143211578E-01
     623   9.9108855936E-01
     624   9.9053370662E-01
     625   9.8982185656E-01
     626   9.8908012299E-01
     627   9.8847086332E-01
     628   9.8816148849E-01
     629   9.8826734437E-01
     630   9.8882262578E-01
     631   9.8980030203E-01
     632   9.9115966317E-01
     633   9.9287821356E-01
     634   9.9494361924E-01
     635   9.9732226624E-01
     636   9.9994461647E-01
     637   1.0027291997E+00
     638   1.0056244338E+00
     639   1.0086229308E+00
     640   1.0117249872E+00
     641   1.0148770600E+00
     642   1.0179392845E+00
     643   1.0207123001E+00
     644   1.0230184389E+00
     645   1.0247735046E+00
     646   1.0255916824E+00
     647   1.0256439584E+00
     648   1.0248302754E+00
     649   1.0231458215E+00
     650   1.0207243813E+00
     651   1.0178094246E+00
     652   1.0146797373E+00
     653   1.0115630808E+00
     654   1.0086001833E+00
     655   1.0058721884E+00
     656   1.0034486876E+00
     657   1.0014031330E+00
     658   9.9978450762E-01
     659   9.9858152069E-01
     660   9.9772288776E-01
     661   9.9711921749E-01
     662   9.9671027658E-01
     663   9.9647587690E-01
     664   9.9640592676E-01
     665   9.9646595747E-01
     666   9.9659866053E-01
     667   9.9676397772E-01
     668   9.9697904978E-01
     669   9.9731508700E-01
     670   9.9784811292E-01
     671   9.9860428636E-01
     672   9.9954643023E-01
     673   1.0006102328E+00
     674   1.0017540336E+00
     675   1.0029763754E+00
     676   1.0042904616E+00
     677   1.0056872760E+00
     678   1.0071274971E+00
     679   1.0085684390E+00
     680   1.0099924924E+00
     681   1.0113993014E+00
     682   1.0127621970E+00
     683   1.0139932917E+00
     684   1.0149790349E+00
     685   1.0154692437E+00
     686   1.0154583347E+00
     687   1.0149439959E+00
     688   1.0139615453E+00
     689   1.0125751996E+00
     690   1.0108626751E+00
     691   1.0089363035E+00
     692   1.0069509327E+00
     693   1.0050710467E+00
     694   1.0034119549E+00
     695   1.0019994427E+00
     696   1.0007793570E+00
     697   9.9966641613E-01
     698   9.9859173813E-01
     699   9.9751618527E-01
     700   9.9641295505E-01
     701   9.9525067282E-01
     702   9.9400121679E-01
     703   9.9266514684E-01
     704   9.9128617538E-01
     705   9.8993515554E-01
     706   9.8867500242E-01
     707   9.8753816332E-01
     708   9.8653746086E-01
     709   9.8570030191E-01
     710   9.8508430092E-01
     711   9.8478562203E-01
     712   9.8500836760E-01
     713   9.8571833721E-01
     714   9.8697008892E-01
     715   9.8875475676E-01
     716   9.9103185670E-01
     717   9.9373141234E-01
     718   9.9673958663E-01
     719   9.9989188384E-01
     720   1.0029913988E+00
     721   1.0058487985E+00
     722   1.0083209538E+00
     723   1.0103256531E+00
     724   1.0118310351E+00
     725   1.0128397920E+00
     726   1.0133869994E+00
     727   1.0135673515E+00
     728   1.0134731200E+00
     729   1.0132210552E+00
     730   1.0129943700E+00
     731   1.0128308160E+00
     732   1.0127301907E+00
     733   1.0126464684E+00
     734   1.0125140303E+00
     735   1.0122652424E+00
     736   1.0118359506E+00
     737   1.0111689045E+00
     738   1.0102236787E+00
     739   1.0089897120E+00
     740   1.0074916363E+00
     741   1.0057801904E+00
     742   1.0039144164E+00
     743   1.0019492651E+00
     744   9.9993756961E-01
     745   9.9794231909E-01
     746   9.9604689767E-01
     747   9.9435290828E-01
     748   9.9296521929E-01
     749   9.9197339748E-01
     750   9.9143926117E-01
     751   9.9139350354E-01
     752   9.9183780034E-01
     753   9.9274650999E-01
     754   9.9406576433E-01
     755   9.9571370927E-01
     756   9.9758720822E-01
     757   9.9957562810E-01
     758   1.0015765198E+00
     759   1.0035046052E+00
     760   1.0052893896E+00
     761   1.0068661436E+00
     762   1.0081715089E+00
     763   1.0091519089E+00
     764   1.0097828333E+00
     765   1.0100861729E+00
     766   1.0101318776E+00
     767   1.0100208996E+00
     768   1.0098594161E+00
     769   1.0097377304E+00
     770   1.0097203160E+00
     771   1.0098422399E+00
     772   1.0101040561E+00
     773   1.0104653278E+00
     774   1.0108475450E+00
     775   1.0111733840E+00
     776   1.0113328100E+00
     777   1.0113186613E+00
     778   1.0112095230E+00
     779   1.0110863445E+00
     780   1.0110473127E+00
     781   1.0111615347E+00
     782   1.0114557660E+00
     783   1.0119136146E+00
     784   1.0124736704E+00
     785   1.0130240482E+00
     786   1.0134073893E+00
     787   1.0134509053E+00
     788   1.0130183457E+00
     789   1.0120583671E+00
     790   1.0106206663E+00
     791   1.0088325274E+00
     792   1.0068566756E+00
     793   1.0048576174E+00
     794   1.0029869925E+00
     795   1.0013758730E+00
     796   1.0001181618E+00
     797   9.9924615554E-01
     798   9.9871906067E-01
     799   9.9844255585E-01
     800   9.9831587559E-01
     801   9.9827862556E-01
     802   9.9832760729E-01
     803   9.9849648457E-01
     804   9.9882019564E-01
     805   9.9931205599E-01
     806   9.9996362256E-01
     807   1.0007525842E+00
     808   1.0016390312E+00
     809   1.0025488846E+00
     810   1.0033671205E+00
     811   1.0039626080E+00
     812   1.0042406383E+00
     813   1.0041895284E+00
     814   1.0038858442E+00
     815   1.0034532397E+00
     816   1.0030077009E+00
     817   1.0026283369E+00
     818   1.0023657833E+00
     819   1.0022651417E+00
     820   1.0023718242E+00
     821   1.0027120385E+00
     822   1.0032715995E+00
     823   1.0040011131E+00
     824   1.0048506598E+00
     825   1.0058101805E+00
     826   1.0068828649E+00
     827   1.0080966680E+00
     828   1.0094333520E+00
     829   1.0108251019E+00
     830   1.0121908441E+00
     831   1.0134715599E+00
     832   1.0146356687E+00
     833   1.0156473930E+00
     834   1.0164327695E+00
     835   1.0168826006E+00
     836   1.0168968232E+00
     837   1.0164349066E+00
     838   1.0155319845E+00
     839   1.0142751552E+00
     840   1.0127721492E+00
     841   1.0111450459E+00
     842   1.0095466184E+00
     843   1.0081656080E+00
     844   1.0071936727E+00
     845   1.0067677989E+00
     846   1.0069238925E+00
     847   1.0075797116E+00
     848   1.0086375846E+00
     849   1.0099711948E+00
     850   1.0114677399E+00
     851   1.0130041217E+00
     852   1.0144322175E+00
     853   1.0156014202E+00
     854   1.0164088913E+00
     855   1.0168357046E+00
     856   1.0169356405E+00
     857   1.0167869296E+00
     858   1.0164508658E+00
     859   1.0159696182E+00
     860   1.0153923399E+00
     861   1.0147889209E+00
     862   1.0142252408E+00
     863   1.0137247251E+00
     864   1.0132426453E+00
     865   1.0126156695E+00
     866   1.0118504553E+00
     867   1.0109149074E+00
     868   1.0098510224E+00
     869   1.0087241968E+00
     870   1.0075954889E+00
     871   1.0065341253E+00
     872   1.0056465736E+00
     873   1.0050811982E+00
     874   1.0049896196E+00
     875   1.0054686711E+00
     876   1.0065276188E+00
     877   1.0081032082E+00
     878   1.0101021490E+00
     879   1.0124275552E+00
     880   1.0149648993E+00
     881   1.0175467957E+00
     882   1.0199415345E+00
     883   1.0218904408E+00
     884   1.0231829924E+00
     885   1.0237513303E+00
     886   1.0232870866E+00
     887   1.0220175575E+00
     888   1.0199772780E+00
     889   1.0172589143E+00
     890   1.0140738705E+00
     891   1.0107138519E+00
     892   1.0074945368E+00
     893   1.0046907197E+00
     894   1.0025066417E+00
     895   1.0010906650E+00
     896   1.0005630238E+00
     897   1.0010175330E+00
     898   1.0024867909E+00
     899   1.0048978418E+00
     900   1.0080572694E+00
     901   1.0116809067E+00
     902   1.0154472274E+00
     903   1.0190386483E+00
     904   1.0221547796E+00
     905   1.0245565077E+00
     906   1.0260180885E+00
     907   1.0261695356E+00
     908   1.0253460705E+00
     909   1.0236588567E+00
     910   1.0213920391E+00
     911   1.0188636144E+00
     912   1.0163716853E+00
     913   1.0141814999E+00
     914   1.0125184880E+00
     915   1.0115407073E+00
     916   1.0112945486E+00
     917   1.0116858410E+00
     918   1.0124959231E+00
     919   1.0134426294E+00
     920   1.0142762631E+00
     921   1.0146717142E+00
     922   1.0145220368E+00
     923   1.0137340631E+00
     924   1.0122763699E+00
     925   1.0102324384E+00
     926   1.0077850031E+00
     927   1.0051734988E+00
     928   1.0026273437E+00
     929   1.0003131940E+00
     930   9.9832412660E-01
     931   9.9670551456E-01
     932   9.9548703006E-01
     933   9.9469425569E-01
     934   9.9433777567E-01
     935   9.9439894468E-01
     936   9.9483050510E-01
     937   9.9557070502E-01
     938   9.9655287544E-01
     939   9.9769748115E-01
     940   9.9889396808E-01
     941   9.9999555029E-01
     942   1.0008437880E+00
     943   1.0013146184E+00
     944   1.0013569001E+00
     945   1.0010004842E+00
     946   1.0003355570E+00
     947   9.9948558766E-01
     948   9.9859336805E-01
     949   9.9781807850E-01
     950   9.9732466652E-01
     951   9.9725332710E-01
     952   9.9767746420E-01
     953   9.9857364071E-01
     954   9.9982268853E-01
     955   1.0012407987E+00
     956   1.0026211469E+00
     957   1.0037677000E+00
     958   1.0045179063E+00
     959   1.0047636353E+00
     960   1.0044763851E+00
     961   1.0037264783E+00
     962   1.0026767741E+00
     963   1.0015436586E+00
     964   1.0005398569E+00
     965   9.9982562798E-01
     966   9.9948639265E-01
     967   9.9953435357E-01
     968   9.9991861564E-01
     969   1.0005338196E+00
     970   1.0012315743E+00
     971   1.0018459374E+00
     972   1.0022351898E+00
     973   1.0023244743E+00
     974   1.0021255724E+00
     975   1.0017228572E+00
     976   1.0012361849E+00
     977   1.0007829942E+00
     978   1.0004551866E+00
     979   1.0003096936E+00
     980   1.0003625016E+00
     981   1.0005826001E+00
     982   1.0008933565E+00
     983   1.0011903771E+00
     984   1.0013739944E+00
     985   1.0013806380E+00
     986   1.0011954791E+00
     987   1.0008432180E+00
     988   1.0003700924E+00
     989   9.9983288713E-01
     990   9.9929922133E-01
     991   9.9884952990E-01
     992   9.9856915137E-01
     993   9.9853058905E-01
     994   9.9877704691E-01
     995   9.9931687048E-01
     996   1.0001275993E+00
     997   1.0011594048E+00
     998   1.0023304619E+00
     999   1.0035203069E+00
    1000   1.0045758706E+00
    1001   1.0053380880E+00
    1002   1.0056806191E+00
    1003   1.0055405350E+00
    1004   1.0049257327E+00
    1005   1.0039019767E+00
    1006   1.0025747857E+00
    1007   1.0010769881E+00
    1008   9.9955953672E-01
    1009   9.9817635965E-01
    1010   9.9706073982E-01
    1011   9.9630373185E-01
    1012   9.9594823008E-01
    1013   9.9600080883E-01
    1014   9.9644876384E-01
    1015   9.9726578078E-01
    1016   9.9840031543E-01
    1017   9.9975811991E-01
    1018   1.0011972280E+00
    1019   1.0025435288E+00
    1020   1.0036187571E+00
    1021   1.0042657316E+00
    1022   1.0043638584E+00
    1023   1.0038423541E+00
    1024   1.0027004445E+00
    1025   1.0010291890E+00
    1026   9.9901506767E-01
    1027   9.9690950788E-01
    1028   9.9497052169E-01
    1029   9.9340421398E-01
    1030   9.9233366359E-01
    1031   9.9180127005E-01
    1032   9.9178855472E-01
    1033   9.9223325880E-01
    1034   9.9303713403E-01
    1035   9.9407517996E-01
    1036   9.9521898675E-01
    1037   9.9637054283E-01
    1038   9.9748595231E-01
    1039   9.9856990579E-01
    1040   9.9964241434E-01
    1041   1.0007023673E+00
    1042   1.0017146575E+00
    1043   1.0026257800E+00
    1044   1.0033887112E+00
    1045   1.0039740137E+00
    1046   1.0043620229E+00
    1047   1.0045327323E+00
    1048   1.0044718033E+00
    1049   1.0041913558E+00
    1050   1.0037453605E+00
    1051   1.0032223146E+00
    1052   1.0027188615E+00
    1053   1.0023167092E+00
    1054   1.0020808718E+00
    1055   1.0020738772E+00
    1056   1.0023628512E+00
    1057   1.0030029002E+00
    1058   1.0040038462E+00
    1059   1.0053066554E+00
    1060   1.0067909494E+00
    1061   1.0083096459E+00
    1062   1.0097255545E+00
    1063   1.0109273619E+00
    1064   1.0118241190E+00
    1065   1.0123374193E+00
    1066   1.0124079638E+00
    1067   1.0120127259E+00
    1068   1.0111740971E+00
    1069   1.0099497764E+00
    1070   1.0084122016E+00
    1071   1.0066379763E+00
    1072   1.0047164846E+00
    1073   1.0027648264E+00
    1074   1.0009269036E+00
    1075   9.9934816642E-01
    1076   9.9813969487E-01
    1077   9.9735563803E-01
    1078   9.9699603795E-01
    1079   9.9702603118E-01
    1080   9.9739184776E-01
    1081   9.9802267212E-01
    1082   9.9882432222E-01
    1083   9.9967995325E-01
    1084   1.0004650104E+00
    1085   1.0010679902E+00
    1086   1.0014016730E+00
    1087   1.0013993225E+00
    1088   1.0010061411E+00
    1089   1.0001820951E+00
    1090   9.9892055833E-01
    1091   9.9726907504E-01
    1092   9.9533287107E-01
    1093   9.9325430971E-01
    1094   9.9118022773E-01
    1095   9.8923683235E-01
    1096   9.8752253437E-01
    1097   9.8611288402E-01
    1098   9.8506454585E-01
    1099   9.8441146512E-01
    1100   9.8415814379E-01
    1101   9.8427979652E-01
    1102   9.8473354185E-01
    1103   9.8547365906E-01
    1104   9.8645928563E-01
    1105   9.8764954400E-01
    1106   9.8899248776E-01
    1107   9.9041965607E-01
    1108   9.9185354852E-01
    1109   9.9322321801E-01
    1110   9.9447652950E-01
    1111   9.9558212797E-01
    1112   9.9652468402E-01
    1113   9.9730761622E-01
    1114   9.9794250568E-01
    1115   9.9847042153E-01
    1116   9.9894800361E-01
    1117   9.9943008304E-01
    1118   9.9994699865E-01
    1119   1.0004891132E+00
    1120   1.0010077699E+00
    1121   1.0014300608E+00
    1122   1.0016772912E+00
    1123   1.0016792104E+00
    1124   1.0013835990E+00
    1125   1.0007649329E+00
    1126   9.9983492485E-01
    1127   9.9865120405E-01
    1128   9.9731693009E-01
    1129   9.9596786178E-01
    1130   9.9475059248E-01
    1131   9.9379926756E-01
    1132   9.9321770049E-01
    1133   9.9306848929E-01
    1134   9.9336683888E-01
    1135   9.9407737762E-01
    1136   9.9511497030E-01
    1137   9.9635104032E-01
    1138   9.9762665190E-01
    1139   9.9877087412E-01
    1140   9.9962081033E-01
    1141   1.0000402901E+00
    1142   9.9993570604E-01
    1143   9.9926716836E-01
    1144   9.9805375884E-01
    1145   9.9637159286E-01
    1146   9.9434390468E-01
    1147   9.9212473466E-01
    1148   9.8987987650E-01
    1149   9.8776812274E-01
    1150   9.8592558749E-01
    1151   9.8445459061E-01
    1152   9.8341669707E-01
    1153   9.8282962217E-01
    1154   9.8266841316E-01
    1155   9.8287068245E-01
    1156   9.8334661573E-01
    1157   9.8399441561E-01
    1158   9.8470482487E-01
    1159   9.8542147104E-01
    1160   9.8617705784E-01
    1161   9.8689735929E-01
    1162   9.8767189327E-01
    1163   9.8857209590E-01
    1164   9.8965882684E-01
    1165   9.9096215990E-01
    1166   9.9246649747E-01
    1167   9.9410492361E-01
    1168   9.9576417188E-01
    1169   9.9730109532E-01
    1170   9.9856802176E-01
    1171   9.9944122523E-01
    1172   9.9984443172E-01
    1173   9.9976034150E-01
    1174   9.9922839719E-01
    1175   9.9833310556E-01
    1176   9.9718775420E-01
    1177   9.9591682305E-01
    1178   9.9463862114E-01
    1179   9.9344958460E-01
    1180   9.9241359454E-01
    1181   9.9156116597E-01
    1182   9.9089885582E-01
    1183   9.9042398280E-01
    1184   9.9013699214E-01
    1185   9.9004483183E-01
    1186   9.9015424717E-01
    1187   9.9046023419E-01
    1188   9.9093496350E-01
    1189   9.9152047971E-01
    1190   9.9212679842E-01
    1191   9.9263675596E-01
    1192   9.9291999903E-01
    1193   9.9285826017E-01
    1194   9.9236687336E-01
    1195   9.9145852429E-01
    1196   9.9020768665E-01
    1197   9.8874607120E-01
    1198   9.8726129481E-01
    1199   9.8593906764E-01
    1200   9.8494051943E-01
    1201   9.8438079988E-01
    1202   9.8431366117E-01
    1203   9.8472165052E-01
    1204   9.8551513058E-01
    1205   9.8654528754E-01
    1206   9.8763059534E-01
    1207   9.8858903159E-01
    1208   9.8926573880E-01
    1209   9.8955033309E-01
    1210   9.8938530293E-01
    1211   9.8877125665E-01
    1212   9.8777002200E-01
    1213   9.8649750926E-01
    1214   9.8506836585E-01
    1215   9.8374331620E-01
    1216   9.8259425796E-01
    1217   9.8168378308E-01
    1218   9.8105120774E-01
    1219   9.8068101269E-01
    1220   9.8053400333E-01
    1221   9.8056000050E-01
    1222   9.8070774986E-01
    1223   9.8093700345E-01
    1224   9.8123350266E-01
    1225   9.8161989860E-01
    1226   9.8215361963E-01
    1227   9.8290413654E-01
    1228   9.8391958184E-01
    1229   9.8536152426E-01
    1230   9.8713140000E-01
    1231   9.8924669007E-01
    1232   9.9167834498E-01
    1233   9.9433826440E-01
    1234   9.9707534725E-01
    1235   9.9967805494E-01
    1236   1.0019039599E+00
    1237   1.0035289189E+00
    1238   1.0043947652E+00
    1239   1.0044378439E+00
    1240   1.0036946849E+00
    1241   1.0022928021E+00
    1242   1.0004334647E+00
    1243   9.9836389581E-01
    1244   9.9633332171E-01
    1245   9.9453938712E-01
    1246   9.9308473130E-01
    1247   9.9196483987E-01
    1248   9.9109338993E-01
    1249   9.9035074575E-01
    1250   9.8963028405E-01
    1251   9.8886503242E-01
    1252   9.8803362236E-01
    1253   9.8715595667E-01
    1254   9.8628761166E-01
    1255   9.8551191272E-01
    1256   9.8492249509E-01
    1257   9.8459631807E-01
    1258   9.8456871472E-01
    1259   9.8482566560E-01
    1260   9.8531972523E-01
    1261   9.8598157493E-01
    1262   9.8682129642E-01
    1263   9.8784698844E-01
    1264   9.8901463539E-01
    1265   9.9035956696E-01
    1266   9.9187286723E-01
    1267   9.9352525486E-01
    1268   9.9526217213E-01
    1269   9.9699269676E-01
    1270   9.9858057189E-01
    1271   9.9985303582E-01
    1272   1.0006363696E+00
    1273   1.0008082798E+00
    1274   1.0003409439E+00
    1275   9.9931303304E-01
    1276   9.9788913183E-01
    1277   9.9628266520E-01
    1278   9.9472102979E-01
    1279   9.9341978947E-01
    1280   9.9255932750E-01
    1281   9.9225840929E-01
    1282   9.9254933942E-01
    1283   9.9336656434E-01
    1284   9.9455823245E-01
    1285   9.9591867917E-01
    1286   9.9722739209E-01
    1287   9.9828042151E-01
    1288   9.9891095128E-01
    1289   9.9900566443E-01
    1290   9.9852381175E-01
    1291   9.9751534062E-01
    1292   9.9612339403E-01
    1293   9.9456036154E-01
    1294   9.9306272917E-01
    1295   9.9184279316E-01
    1296   9.9105598822E-01
    1297   9.9079069085E-01
    1298   9.9107218552E-01
    1299   9.9186857785E-01
    1300   9.9309385411E-01
    1301   9.9461204317E-01
    1302   9.9625048017E-01
    1303   9.9782467707E-01
    1304   9.9916617046E-01
    1305   1.0001414474E+00
    1306   1.0006574782E+00
    1307   1.0006591044E+00
    1308   1.0001285137E+00
    1309   9.9909130410E-01
    1310   9.9762190759E-01
    1311   9.9583795814E-01
    1312   9.9388091676E-01
    1313   9.9189058608E-01
    1314   9.8998534376E-01
    1315   9.8823360539E-01
    1316   9.8677600924E-01
    1317   9.8564637652E-01
    1318   9.8487969477E-01
    1319   9.8451162378E-01
    1320   9.8453838817E-01
    1321   9.8492953664E-01
    1322   9.8563875611E-01
    1323   9.8661386511E-01
    1324   9.8779853164E-01
    1325   9.8912555359E-01
    1326   9.9051084018E-01
    1327   9.9185905938E-01
    1328   9.9308277430E-01
    1329   9.9412537842E-01
    1330   9.9497338800E-01
    1331   9.9564971161E-01
    1332   9.9619295260E-01
    1333   9.9663666847E-01
    1334   9.9699886087E-01
    1335   9.9728124576E-01
    1336   9.9746966655E-01
    1337   9.9752927302E-01
    1338   9.9739848170E-01
    1339   9.9699322850E-01
    1340   9.9622849088E-01
    1341   9.9505088906E-01
    1342   9.9346588075E-01
    1343   9.9154562914E-01
    1344   9.8941615046E-01
    1345   9.8720684796E-01
    1346   9.8517588358E-01
    1347   9.8349153364E-01
    1348   9.8232344400E-01
    1349   9.8184009529E-01
    1350   9.8212908045E-01
    1351   9.8318331076E-01
    1352   9.8489873147E-01
    1353   9.8709763811E-01
    1354   9.8956527301E-01
    1355   9.9208263777E-01
    1356   9.9444687037E-01
    1357   9.9648493254E-01
    1358   9.9807213875E-01
    1359   9.9915713530E-01
    1360   9.9977893004E-01
    1361   1.0000576532E+00
    1362   1.0001557586E+00
    1363   1.0002283348E+00
    1364   1.0003888630E+00
    1365   1.0007022114E+00
    1366   1.0011939573E+00
    1367   1.0018553975E+00
    1368   1.0026352470E+00
    1369   1.0034301082E+00
    1370   1.0040943551E+00
    1371   1.0044760198E+00
    1372   1.0044614758E+00
    1373   1.0040014404E+00
    1374   1.0031058748E+00
    1375   1.0018218680E+00
    1376   1.0002203803E+00
    1377   9.9840295060E-01
    1378   9.9651400687E-01
    1379   9.9473455860E-01
    1380   9.9324914039E-01
    1381   9.9220340740E-01
    1382   9.9167937886E-01
    1383   9.9169984416E-01
    1384   9.9224849508E-01
    1385   9.9328121122E-01
    1386   9.9471650306E-01
    1387   9.9641760759E-01
    1388   9.9819239128E-01
    1389   9.9982539646E-01
    1390   1.0011292578E+00
    1391   1.0019849586E+00
    1392   1.0023496774E+00
    1393   1.0022385994E+00
    1394   1.0017054695E+00
    1395   1.0008375203E+00
    1396   9.9975624402E-01
    1397   9.9860316874E-01
    1398   9.9750389362E-01
    1399   9.9652967346E-01
    1400   9.9568595826E-01
    1401   9.9493893268E-01
    1402   9.9426068053E-01
    1403   9.9365847995E-01
    1404   9.9316852302E-01
    1405   9.9282535912E-01
    1406   9.9263726500E-01
    1407   9.9258760965E-01
    1408   9.9264883619E-01
    1409   9.9282435099E-01
    1410   9.9310587190E-01
    1411   9.9345565256E-01
    1412   9.9383064592E-01
    1413   9.9417306451E-01
    1414   9.9444901902E-01
    1415   9.9466658884E-01
    1416   9.9486293564E-01
    1417   9.9507183650E-01
    1418   9.9530156255E-01
    1419   9.9554218048E-01
    1420   9.9579254861E-01
    1421   9.9607764602E-01
    1422   9.9643544353E-01
    1423   9.9688186474E-01
    1424   9.9738389663E-01
    1425   9.9786345596E-01
    1426   9.9822708475E-01
    1427   9.9839489969E-01
    1428   9.9830701355E-01
    1429   9.9791212014E-01
    1430   9.9716307993E-01
    1431   9.9603659471E-01
    1432   9.9456684805E-01
    1433   9.9286365026E-01
    1434   9.9109472298E-01
    1435   9.8944129459E-01
    1436   9.8805720151E-01
    1437   9.8705396465E-01
    1438   9.8650871052E-01
    1439   9.8647295227E-01
    1440   9.8696480404E-01
    1441   9.8794966580E-01
    1442   9.8933212913E-01
    1443   9.9097681924E-01
    1444   9.9275231835E-01
    1445   9.9457038447E-01
    1446   9.9639348450E-01
    1447   9.9820896928E-01
    1448   9.9999514590E-01
    1449   1.0017077912E+00
    1450   1.0032940276E+00
    1451   1.0047153613E+00
    1452   1.0059569882E+00
    1453   1.0070194953E+00
    1454   1.0079098473E+00
    1455   1.0086475062E+00
    1456   1.0092804112E+00
    1457   1.0098872010E+00
    1458   1.0105479718E+00
    1459   1.0112935675E+00
    1460   1.0120668159E+00
    1461   1.0127245953E+00
    1462   1.0130817049E+00
    1463   1.0129699690E+00
    1464   1.0122821670E+00
    1465   1.0109907272E+00
    1466   1.0091523743E+00
    1467   1.0069100600E+00
    1468   1.0044875406E+00
    1469   1.0021615515E+00
    1470   1.0002066132E+00
    1471   9.9883053941E-01
    1472   9.9813083701E-01
    1473   9.9809004256E-01
    1474   9.9860393191E-01
    1475   9.9951994877E-01
    1476   1.0006657998E+00
    1477   1.0018658212E+00
    1478   1.0029570002E+00
    1479   1.0038130871E+00
    1480   1.0043700473E+00
    1481   1.0046348974E+00
    1482   1.0046664368E+00
    1483   1.0045364972E+00
    1484   1.0042948455E+00
    1485   1.0039554408E+00
    1486   1.0035037104E+00
    1487   1.0029108705E+00
    1488   1.0021430209E+00
    1489   1.0011661500E+00
    1490   9.9995691313E-01
    1491   9.9852265997E-01
    1492   9.9692076031E-01
    1493   9.9526159704E-01
    1494   9.9368817624E-01
    1495   9.9234221888E-01
    1496   9.9133551285E-01
    1497   9.9073817479E-01
    1498   9.9058096805E-01
    1499   9.9086040017E-01
    1500   9.9153803146E-01
    1501   9.9253621845E-01
    1502   9.9373974639E-01
    1503   9.9500924156E-01
    1504   9.9620277396E-01
    1505   9.9719599813E-01
    1506   9.9789344118E-01
    1507   9.9823272112E-01
    1508   9.9818948142E-01
    1509   9.9778664694E-01
    1510   9.9710270048E-01
    1511   9.9626937451E-01
    1512   9.9545361514E-01
    1513   9.9482900001E-01
    1514   9.9454786477E-01
    1515   9.9472175419E-01
    1516   9.9541023096E-01
    1517   9.9661393218E-01
    1518   9.9826970190E-01
    1519   1.0002520320E+00
    1520   1.0023878372E+00
    1521   1.0044865010E+00
    1522   1.0063781587E+00
    1523   1.0079471723E+00
    1524   1.0091489220E+00
    1525   1.0100064512E+00
    1526   1.0105915794E+00
    1527   1.0109978724E+00
    1528   1.0113116668E+00
    1529   1.0115864749E+00
    1530   1.0118262594E+00
    1531   1.0119834462E+00
    1532   1.0119744774E+00
    1533   1.0117086466E+00
    1534   1.0111195073E+00
    1535   1.0101877226E+00
    1536   1.0089563628E+00
    1537   1.0074823421E+00
    1538   1.0058986400E+00
    1539   1.0043392358E+00
    1540   1.0029202367E+00
    1541   1.0017518451E+00
    1542   1.0009230013E+00
    1543   1.0004979030E+00
    1544   1.0005150396E+00
    1545   1.0009865268E+00
    1546   1.0018960060E+00
    1547   1.0031959963E+00
    1548   1.0048068274E+00
    1549   1.0066194123E+00
    1550   1.0085032562E+00
    1551   1.0103190734E+00
    1552   1.0119342621E+00
    1553   1.0132393970E+00
    1554   1.0141622186E+00
    1555   1.0146742477E+00
    1556   1.0147864257E+00
    1557   1.0145340707E+00
    1558   1.0139571563E+00
    1559   1.0130851820E+00
    1560   1.0119332312E+00
    1561   1.0105090430E+00
    1562   1.0088260357E+00
    1563   1.0069161523E+00
    1564   1.0048390704E+00
    1565   1.0026864783E+00
    1566   1.0005798479E+00
    1567   9.9865874766E-01
    1568   9.9705940288E-01
    1569   9.9588883504E-01
    1570   9.9520449785E-01
    1571   9.9500830430E-01
    1572   9.9525686947E-01
    1573   9.9588076835E-01
    1574   9.9680257318E-01
    1575   9.9794703440E-01
    1576   9.9924388981E-01
    1577   1.0006282166E+00
    1578   1.0020416571E+00
    1579   1.0034327823E+00
    1580   1.0047538617E+00
    1581   1.0059554819E+00
    1582   1.0069856716E+00
    1583   1.0077994606E+00
    1584   1.0083766931E+00
    1585   1.0087365457E+00
    1586   1.0089379908E+00
    1587   1.0090735261E+00
    1588   1.0091877318E+00
    1589   1.0093704907E+00
    1590   1.0096668912E+00
    1591   1.0100968612E+00
    1592   1.0106645698E+00
    1593   1.0113457255E+00
    1594   1.0120836523E+00
    1595   1.0127976495E+00
    1596   1.0134022671E+00
    1597   1.0138252124E+00
    1598   1.0140123730E+00
    1599   1.0139209404E+00
    1600   1.0135138352E+00
    1601   1.0127675122E+00
    1602   1.0116912497E+00
    1603   1.0103423004E+00
    1604   1.0088218045E+00
    1605   1.0072514471E+00
    1606   1.0057457680E+00
    1607   1.0043957197E+00
    1608   1.0032667474E+00
    1609   1.0024022068E+00
    1610   1.0018219588E+00
    1611   1.0015170485E+00
    1612   1.0014506483E+00
    1613   1.0015723080E+00
    1614   1.0018395323E+00
    1615   1.0022305779E+00
    1616   1.0027360187E+00
    1617   1.0033337077E+00
    1618   1.0039664222E+00
    1619   1.0045433567E+00
    1620   1.0049455640E+00
    1621   1.0050724470E+00
    1622   1.0048532856E+00
    1623   1.0042385569E+00
    1624   1.0032073633E+00
    1625   1.0017719906E+00
    1626   9.9999051801E-01
    1627   9.9797137654E-01
    1628   9.9585848796E-01
    1629   9.9380201617E-01
    1630   9.9192882817E-01
    1631   9.9032939756E-01
    1632   9.8913207817E-01
    1633   9.8836557654E-01
    1634   9.8807891499E-01
    1635   9.8827633475E-01
    1636   9.8890132836E-01
    1637   9.8984168433E-01
    1638   9.9095321694E-01
    1639   9.9209182784E-01
    1640   9.9313753411E-01
    1641   9.9400501552E-01
    1642   9.9464854184E-01
    1643   9.9507064163E-01
    1644   9.9533239607E-01
    1645   9.9555127356E-01
    1646   9.9587434627E-01
    1647   9.9643202718E-01
    1648   9.9729473881E-01
    1649   9.9845516428E-01
    1650   9.9984200687E-01
    1651   1.0013508138E+00
    1652   1.0028706888E+00
    1653   1.0042971192E+00
    1654   1.0055390123E+00
    1655   1.0065326444E+00
    1656   1.0072631329E+00
    1657   1.0077775227E+00
    1658   1.0081718120E+00
    1659   1.0085517100E+00
    1660   1.0089886466E+00
    1661   1.0094965529E+00
    1662   1.0100384015E+00
    1663   1.0105492658E+00
    1664   1.0109552806E+00
    1665   1.0111804216E+00
    1666   1.0111526347E+00
    1667   1.0108351504E+00
    1668   1.0101773717E+00
    1669   1.0092858791E+00
    1670   1.0082944125E+00
    1671   1.0073458647E+00
    1672   1.0065667292E+00
    1673   1.0060307505E+00
    1674   1.0057583177E+00
    1675   1.0057305694E+00
    1676   1.0058999362E+00
    1677   1.0061912100E+00
    1678   1.0065046917E+00
    1679   1.0067346231E+00
    1680   1.0068013268E+00
    1681   1.0066775684E+00
    1682   1.0063890154E+00
    1683   1.0059869609E+00
    1684   1.0055140933E+00
    1685   1.0049876916E+00
    1686   1.0044083381E+00
    1687   1.0037802337E+00
    1688   1.0031229870E+00
    1689   1.0024672288E+00
    1690   1.0018451089E+00
    1691   1.0012902168E+00
    1692   1.0008488742E+00
    1693   1.0005883702E+00
    1694   1.0005864530E+00
    1695   1.0009018001E+00
    1696   1.0015442766E+00
    1697   1.0024661736E+00
    1698   1.0035802888E+00
    1699   1.0047895494E+00
    1700   1.0060062324E+00
    1701   1.0071514479E+00
    1702   1.0081468477E+00
    1703   1.0089177014E+00
    1704   1.0094145299E+00
    1705   1.0096394131E+00
    1706   1.0096552211E+00
    1707   1.0095682189E+00
    1708   1.0094960820E+00
    1709   1.0095428258E+00
    1710   1.0098004954E+00
    1711   1.0102769202E+00
    1712   1.0110158439E+00
    1713   1.0119764569E+00
    1714   1.0130510540E+00
    1715   1.0140924834E+00
    1716   1.0149528958E+00
    1717   1.0155336677E+00
    1718   1.0158125997E+00
    1719   1.0158353937E+00
    1720   1.0156835501E+00
    1721   1.0154423600E+00
    1722   1.0151830354E+00
    1723   1.0149545096E+00
    1724   1.0147725899E+00
    1725   1.0146045601E+00
    1726   1.0143629168E+00
    1727   1.0139364458E+00
    1728   1.0131951866E+00
    1729   1.0120346803E+00
    1730   1.0105539264E+00
    1731   1.0088230327E+00
    1732   1.0069897677E+00
    1733   1.0052289360E+00
    1734   1.0037256627E+00
    1735   1.0026605605E+00
    1736   1.0021829803E+00
    1737   1.0023727122E+00
    1738   1.0032073248E+00
    1739   1.0045557530E+00
    1740   1.0062055842E+00
    1741   1.0079118307E+00
    1742   1.0094446515E+00
    1743   1.0106211377E+00
    1744   1.0113225909E+00
    1745   1.0115065172E+00
    1746   1.0112153335E+00
    1747   1.0105715521E+00
    1748   1.0097482392E+00
    1749   1.0089189725E+00
    1750   1.0082094367E+00
    1751   1.0076743460E+00
    1752   1.0073065378E+00
    1753   1.0070636770E+00
    1754   1.0068901989E+00
    1755   1.0067235789E+00
    1756   1.0064930067E+00
    1757   1.0061255968E+00
    1758   1.0055659879E+00
    1759   1.0047989972E+00
    1760   1.0038588739E+00
    1761   1.0028187420E+00
    1762   1.0017706402E+00
    1763   1.0008115156E+00
    1764   1.0000410248E+00
    1765   9.9956207036E-01
    1766   9.9947057788E-01
    1767   9.9983109468E-01
    1768   1.0006508316E+00
    1769   1.0018690371E+00
    1770   1.0033723505E+00
    1771   1.0050080761E+00
    1772   1.0066218450E+00
    1773   1.0080664922E+00
    1774   1.0092038017E+00
    1775   1.0099191452E+00
    1776   1.0101428691E+00
    1777   1.0098724127E+00
    1778   1.0091777833E+00
    1779   1.0081831916E+00
    1780   1.0070354615E+00
    1781   1.0058769765E+00
    1782   1.0048335358E+00
    1783   1.0040124164E+00
    1784   1.0034984168E+00
    1785   1.0033416046E+00
    1786   1.0035435882E+00
    1787   1.0040540998E+00
    1788   1.0047835288E+00
    1789   1.0056245724E+00
    1790   1.0064699634E+00
    1791   1.0072190831E+00
    1792   1.0077788167E+00
    1793   1.0080692016E+00
    1794   1.0080382959E+00
    1795   1.0076784640E+00
    1796   1.0070308564E+00
    1797   1.0061725647E+00
    1798   1.0051949767E+00
    1799   1.0041876957E+00
    1800   1.0032360265E+00
    1801   1.0024272518E+00
    1802   1.0018539769E+00
    1803   1.0016076239E+00
    1804   1.0017657587E+00
    1805   1.0023818837E+00
    1806   1.0034822785E+00
    1807   1.0050662338E+00
    1808   1.0071020398E+00
    1809   1.0095166739E+00
    1810   1.0121959206E+00
    1811   1.0149954539E+00
    1812   1.0176060368E+00
    1813   1.0199098204E+00
    1814   1.0217227620E+00
    1815   1.0229207515E+00
    1816   1.0234440852E+00
    1817   1.0232976498E+00
    1818   1.0225526988E+00
    1819   1.0213402481E+00
    1820   1.0198290978E+00
    1821   1.0181903754E+00
    1822   1.0165619512E+00
    1823   1.0150471194E+00
    1824   1.0135707468E+00
    1825   1.0121717844E+00
    1826   1.0107831841E+00
    1827   1.0093180639E+00
    1828   1.0077198574E+00
    1829   1.0059651176E+00
    1830   1.0040771406E+00
    1831   1.0021304529E+00
    1832   1.0002421340E+00
    1833   9.9855201195E-01
    1834   9.9719790836E-01
    1835   9.9629375294E-01
    1836   9.9591447103E-01
    1837   9.9608777715E-01
    1838   9.9679018286E-01
    1839   9.9794685905E-01
    1840   9.9943657240E-01
    1841   1.0011041524E+00
    1842   1.0027802509E+00
    1843   1.0043055441E+00
    1844   1.0055534944E+00
    1845   1.0064472479E+00
    1846   1.0069675955E+00
    1847   1.0071517516E+00
    1848   1.0070834406E+00
    1849   1.0068761209E+00
    1850   1.0066511663E+00
    1851   1.0065149739E+00
    1852   1.0065389870E+00
    1853   1.0067468794E+00
    1854   1.0071111805E+00
    1855   1.0075601043E+00
    1856   1.0079921583E+00
    1857   1.0082950763E+00
    1858   1.0083642337E+00
    1859   1.0081170744E+00
    1860   1.0075020292E+00
    1861   1.0065031829E+00
    1862   1.0051419293E+00
    1863   1.0034761899E+00
    1864   1.0015954417E+00
    1865   9.9961035750E-01
    1866   9.9763798678E-01
    1867   9.9578666765E-01
    1868   9.9414453651E-01
    1869   9.9277361428E-01
    1870   9.9170788350E-01
    1871   9.9095314895E-01
    1872   9.9048813662E-01
    1873   9.9026892660E-01
    1874   9.9023809561E-01
    1875   9.9033727488E-01
    1876   9.9051777150E-01
    1877   9.9074396892E-01
    1878   9.9098852637E-01
    1879   9.9122451654E-01
    1880   9.9142176825E-01
    1881   9.9155125274E-01
    1882   9.9159478220E-01
    1883   9.9155288869E-01
    1884   9.9144576217E-01
    1885   9.9130778896E-01
    1886   9.9118042207E-01
    1887   9.9110682511E-01
    1888   9.9112651434E-01
    1889   9.9126182434E-01
    1890   9.9156033229E-01
    1891   9.9197720216E-01
    1892   9.9247294189E-01
    1893   9.9299136569E-01
    1894   9.9347003996E-01
    1895   9.9385643734E-01
    1896   9.9411094393E-01
    1897   9.9420280452E-01
    1898   9.9410718988E-01
    1899   9.9380906678E-01
    1900   9.9331277254E-01
    1901   9.9264919644E-01
    1902   9.9187458796E-01
    1903   9.9106166329E-01
    1904   9.9028964800E-01
    1905   9.8963785100E-01
    1906   9.8918212978E-01
    1907   9.8898809945E-01
    1908   9.8909834255E-01
    1909   9.8951765649E-01
    1910   9.9020586764E-01
    1911   9.9108438968E-01
    1912   9.9205514159E-01
    1913   9.9302139462E-01
    1914   9.9390103202E-01
    1915   9.9462977604E-01
    1916   9.9516057247E-01
    1917   9.9546565092E-01
    1918   9.9554228009E-01
    1919   9.9541490804E-01
    1920   9.9512741987E-01
    1921   9.9472673631E-01
    1922   9.9424744795E-01
    1923   9.9370179036E-01
    1924   9.9310135736E-01
    1925   9.9246184438E-01
    1926   9.9177947408E-01
    1927   9.9107422659E-01
    1928   9.9035780248E-01
    1929   9.8963926421E-01
    1930   9.8893185281E-01
    1931   9.8826010262E-01
    1932   9.8765991530E-01
    1933   9.8717046710E-01
    1934   9.8682438542E-01
    1935   9.8664362073E-01
    1936   9.8664304263E-01
    1937   9.8683571290E-01
    1938   9.8723219347E-01
    1939   9.8783228557E-01
    1940   9.8861561040E-01
    1941   9.8953973217E-01
    1942   9.9054908992E-01
    1943   9.9158877824E-01
    1944   9.9261296651E-01
    1945   9.9358298328E-01
    1946   9.9445945029E-01
    1947   9.9519804476E-01
    1948   9.9575475868E-01
    1949   9.9609696932E-01
    1950   9.9621151835E-01
    1951   9.9611338485E-01
    1952   9.9582095970E-01
    1953   9.9537073458E-01
    1954   9.9480938225E-01
    1955   9.9419587423E-01
    1956   9.9359683576E-01
    1957   9.9307288728E-01
    1958   9.9266272790E-01
    1959   9.9237540714E-01
    1960   9.9219568601E-01
    1961   9.9209801895E-01
    1962   9.9205827837E-01
    1963   9.9205633469E-01
    1964   9.9207123945E-01
    1965   9.9207747751E-01
    1966   9.9204837828E-01
    1967   9.9196515474E-01
    1968   9.9182334851E-01
    1969   9.9163062933E-01
    1970   9.9139725995E-01
    1971   9.9112710772E-01
    1972   9.9081569338E-01
    1973   9.9045528379E-01
    1974   9.9004065980E-01
    1975   9.8957034593E-01
    1976   9.8904399128E-01
    1977   9.8846181918E-01
    1978   9.8783014495E-01
    1979   9.8717038657E-01
    1980   9.8649807922E-01
    1981   9.8591331120E-01
    1982   9.8547198792E-01
    1983   9.8515274979E-01
    1984   9.8498164067E-01
    1985   9.8494263913E-01
    1986   9.8501450783E-01
    1987   9.8518317774E-01
    1988   9.8544793796E-01
    1989   9.8582245999E-01
    1990   9.8633391781E-01
    1991   9.8702061233E-01
    1992   9.8792509523E-01
    1993   9.8907979320E-01
    1994   9.9048757192E-01
    1995   9.9210523279E-01
    1996   9.9383905821E-01
    1997   9.9555552365E-01
    1998   9.9710277322E-01
    1999   9.9833387345E-01
    2000   9.9912589855E-01
    2001   9.9939457340E-01
    2002   9.9910741578E-01
    2003   9.9829452860E-01
    2004   9.9705154859E-01
    2005   9.9552790038E-01
    2006   9.9390017185E-01
    2007   9.9233854664E-01
    2008   9.9097155741E-01
    2009   9.8988168340E-01
    2010   9.8913904415E-01
    2011   9.8868138232E-01
    2012   9.8846413385E-01
    2013   9.8840910876E-01
    2014   9.8843241415E-01
    2015   9.8846520692E-01
    2016   9.8846912447E-01
    2017   9.8844105504E-01
    2018   9.8840574900E-01
    2019   9.8840109926E-01
    2020   9.8846444233E-01
    2021   9.8862497827E-01
    2022   9.8890194286E-01
    2023   9.8930377039E-01
    2024   9.8982475390E-01
    2025   9.9044001244E-01
    2026   9.9110329484E-01
    2027   9.9175093682E-01
    2028   9.9231161958E-01
    2029   9.9271791449E-01
    2030   9.9291611503E-01
    2031   9.9287373954E-01
    2032   9.9258652549E-01
    2033   9.9208167266E-01
    2034   9.9142049216E-01
    2035   9.9073472911E-01
    2036   9.9010700205E-01
    2037   9.8964713412E-01
    2038   9.8942574582E-01
    2039   9.8946369670E-01
    2040   9.8973019352E-01
    2041   9.9014899146E-01
    2042   9.9061160044E-01
    2043   9.9099621825E-01
    2044   9.9119192460E-01
    2045   9.9112511564E-01
    2046   9.9078132206E-01
    2047   9.9021383643E-01
    2048   9.8953427585E-01
    2049   9.8888750722E-01
    2050   9.8841952795E-01
    2051   9.8824766337E-01
    2052   9.8843896802E-01
    2053   9.8899856222E-01
    2054   9.8986816846E-01
    2055   9.9093579878E-01
    2056   9.9205750424E-01
    2057   9.9308857917E-01
    2058   9.9391649290E-01
    2059   9.9448458602E-01
    2060   9.9479694322E-01
    2061   9.9491039848E-01
    2062   9.9491865310E-01
    2063   9.9489912205E-01
    2064   9.9492566858E-01
    2065   9.9503486812E-01
    2066   9.9522113665E-01
    2067   9.9543762517E-01
    2068   9.9560706323E-01
    2069   9.9564112939E-01
    2070   9.9546270263E-01
    2071   9.9502336354E-01
    2072   9.9431179127E-01
    2073   9.9335392305E-01
    2074   9.9220909220E-01
    2075   9.9096493785E-01
    2076   9.8973041281E-01
    2077   9.8862418515E-01
    2078   9.8775848406E-01
    2079   9.8722236990E-01
    2080   9.8706989194E-01
    2081   9.8731578561E-01
    2082   9.8793698860E-01
    2083   9.8887591550E-01
    2084   9.9004349535E-01
    2085   9.9132444857E-01
    2086   9.9258856385E-01
    2087   9.9370902711E-01
    2088   9.9458305904E-01
    2089   9.9514682376E-01
    2090   9.9537919466E-01
    2091   9.9529620337E-01
    2092   9.9494210444E-01
    2093   9.9438243806E-01
    2094   9.9369918847E-01
    2095   9.9297614017E-01
    2096   9.9232321045E-01
    2097   9.9181777122E-01
    2098   9.9150921419E-01
    2099   9.9143715277E-01
    2100   9.9161084554E-01
    2101   9.9201264285E-01
    2102   9.9259431310E-01
    2103   9.9327634116E-01
    2104   9.9395649881E-01
    2105   9.9453008540E-01
    2106   9.9491571007E-01
    2107   9.9507520714E-01
    2108   9.9501885013E-01
    2109   9.9479652262E-01
    2110   9.9448185529E-01
    2111   9.9415712482E-01
    2112   9.9390089647E-01
    2113   9.9377604012E-01
    2114   9.9381655330E-01
    2115   9.9401799903E-01
    2116   9.9433796870E-01
    2117   9.9470957364E-01
    2118   9.9506234908E-01
    2119   9.9533969149E-01
    2120   9.9550438179E-01
    2121   9.9553417180E-01
    2122   9.9541556603E-01
    2123   9.9514358773E-01
    2124   9.9472729182E-01
    2125   9.9419425337E-01
    2126   9.9358785374E-01
    2127   9.9295966563E-01
    2128   9.9236365324E-01
    2129   9.9185720337E-01
    2130   9.9150574998E-01
    2131   9.9138204957E-01
    2132   9.9155328753E-01
    2133   9.9205966747E-01
    2134   9.9289016564E-01
    2135   9.9400443302E-01
    2136   9.9528664723E-01
    2137   9.9660613365E-01
    2138   9.9783275529E-01
    2139   9.9883876106E-01
    2140   9.9952039221E-01
    2141   9.9981821620E-01
    2142   9.9973557076E-01
    2143   9.9934351638E-01
    2144   9.9876391669E-01
    2145   9.9813579401E-01
    2146   9.9757989457E-01
    2147   9.9717632494E-01
    2148   9.9695949229E-01
    2149   9.9692323339E-01
    2150   9.9702620686E-01
    2151   9.9719547272E-01
    2152   9.9733370426E-01
    2153   9.9733577170E-01
    2154   9.9711262475E-01
    2155   9.9661175184E-01
    2156   9.9582333664E-01
    2157   9.9477179026E-01
    2158   9.9350275093E-01
    2159   9.9207659772E-01
    2160   9.9057075856E-01
    2161   9.8908224260E-01
    2162   9.8771974299E-01
    2163   9.8658403002E-01
    2164   9.8574600767E-01
    2165   9.8523422234E-01
    2166   9.8503681340E-01
    2167   9.8511234319E-01
    2168   9.8539950623E-01
    2169   9.8582130485E-01
    2170   9.8628832478E-01
    2171   9.8670901648E-01
    2172   9.8699584382E-01
    2173   9.8712827458E-01
    2174   9.8715998025E-01
    2175   9.8708274764E-01
    2176   9.8699933462E-01
    2177   9.8698869443E-01
    2178   9.8712046244E-01
    2179   9.8745385594E-01
    2180   9.8803432476E-01
    2181   9.8888271942E-01
    2182   9.8998123734E-01
    2183   9.9126692142E-01
    2184   9.9264037451E-01
    2185   9.9398669212E-01
    2186   9.9519666998E-01
    2187   9.9617812908E-01
    2188   9.9685793544E-01
    2189   9.9718384668E-01
    2190   9.9713360479E-01
    2191   9.9672817428E-01
    2192   9.9603697560E-01
    2193   9.9516597832E-01
    2194   9.9423223497E-01
    2195   9.9333861470E-01
    2196   9.9256111532E-01
    2197   9.9195019129E-01
    2198   9.9153687088E-01
    2199   9.9133386157E-01
    2200   9.9133106207E-01
    2201   9.9149376105E-01
    2202   9.9177138486E-01
    2203   9.9210917488E-01
    2204   9.9249339809E-01
    2205   9.9292073762E-01
    2206   9.9338760511E-01
    2207   9.9391482724E-01
    2208   9.9450713818E-01
    2209   9.9516272584E-01
    2210   9.9587790991E-01
    2211   9.9664588233E-01
    2212   9.9744790649E-01
    2213   9.9824523460E-01
    2214   9.9898158800E-01
    2215   9.9959818106E-01
    2216   1.0000522842E+00
    2217   1.0003264210E+00
    2218   1.0004235226E+00
    2219   1.0003554223E+00
    2220   1.0001363802E+00
    2221   9.9978695960E-01
    2222   9.9934233524E-01
    2223   9.9885373461E-01
    2224   9.9837832860E-01
    2225   9.9796398934E-01
    2226   9.9763987318E-01
    2227   9.9741842149E-01
    2228   9.9730382565E-01
    2229   9.9729644711E-01
    2230   9.9738822764E-01
    2231   9.9755452447E-01
    2232   9.9775267666E-01
    2233   9.9793276676E-01
    2234   9.9805529855E-01
    2235   9.9810343574E-01
    2236   9.9808180559E-01
    2237   9.9800482520E-01
    2238   9.9788477176E-01
    2239   9.9772763421E-01
    2240   9.9753596411E-01
    2241   9.9731076303E-01
    2242   9.9704736868E-01
    2243   9.9672899215E-01
    2244   9.9632698776E-01
    2245   9.9581305012E-01
    2246   9.9517855205E-01
    2247   9.9444818887E-01
    2248   9.9367836221E-01
    2249   9.9294173318E-01
    2250   9.9230889451E-01
    2251   9.9183779411E-01
    2252   9.9157331302E-01
    2253   9.9154978546E-01
    2254   9.9178840887E-01
    2255   9.9228831902E-01
    2256   9.9301814130E-01
    2257   9.9391585778E-01
    2258   9.9489926814E-01
    2259   9.9588076340E-01
    2260   9.9677839316E-01
    2261   9.9752077676E-01
    2262   9.9805094080E-01
    2263   9.9833492646E-01
    2264   9.9837496917E-01
    2265   9.9821807352E-01
    2266   9.9795009463E-01
    2267   9.9767394085E-01
    2268   9.9748192169E-01
    2269   9.9743599343E-01
    2270   9.9756385105E-01
    2271   9.9786702194E-01
    2272   9.9833086902E-01
    2273   9.9892909345E-01
    2274   9.9962387018E-01
    2275   1.0003677387E+00
    2276   1.0011113144E+00
    2277   1.0018131768E+00
    2278   1.0024443795E+00
    2279   1.0029840026E+00
    2280   1.0034110551E+00
    2281   1.0037020365E+00
    2282   1.0038392017E+00
    2283   1.0038240743E+00
    2284   1.0036848651E+00
    2285   1.0034708220E+00
    2286   1.0032375640E+00
    2287   1.0030344823E+00
    2288   1.0029027429E+00
    2289   1.0028819458E+00
    2290   1.0030153742E+00
    2291   1.0033454994E+00
    2292   1.0039008306E+00
    2293   1.0046832061E+00
    2294   1.0056644127E+00
    2295   1.0067928580E+00
    2296   1.0080029461E+00
    2297   1.0092200818E+00
    2298   1.0103616907E+00
    2299   1.0113412350E+00
    2300   1.0120809282E+00
    2301   1.0125297841E+00
    2302   1.0126753908E+00
    2303   1.0125402311E+00
    2304   1.0121644164E+00
    2305   1.0115870737E+00
    2306   1.0108387657E+00
    2307   1.0099470670E+00
    2308   1.0089461764E+00
    2309   1.0078802252E+00
    2310   1.0067996576E+00
    2311   1.0057482713E+00
    2312   1.0047588039E+00
    2313   1.0038877595E+00
    2314   1.0031730801E+00
    2315   1.0026577253E+00
    2316   1.0023719154E+00
    2317   1.0023225858E+00
    2318   1.0024938416E+00
    2319   1.0028577360E+00
    2320   1.0033857674E+00
    2321   1.0040511078E+00
    2322   1.0048200472E+00
    2323   1.0056415006E+00
    2324   1.0064458863E+00
    2325   1.0071569286E+00
    2326   1.0077090720E+00
    2327   1.0080598851E+00
    2328   1.0081928454E+00
    2329   1.0081150075E+00
    2330   1.0078569655E+00
    2331   1.0074761607E+00
    2332   1.0070562863E+00
    2333   1.0066953014E+00
    2334   1.0064827514E+00
    2335   1.0064767658E+00
    2336   1.0066929181E+00
    2337   1.0071085243E+00
    2338   1.0076750666E+00
    2339   1.0083281842E+00
    2340   1.0089910278E+00
    2341   1.0095762089E+00
    2342   1.0099948057E+00
    2343   1.0101736842E+00
    2344   1.0100724494E+00
    2345   1.0096888370E+00
    2346   1.0090493512E+00
    2347   1.0081930113E+00
    2348   1.0071622484E+00
    2349   1.0059973604E+00
    2350   1.0047359928E+00
    2351   1.0034491689E+00
    2352   1.0021809448E+00
    2353   1.0009714784E+00
    2354   9.9984920957E-01
    2355   9.9883691062E-01
    2356   9.9795982608E-01
    2357   9.9724630672E-01
    2358   9.9671936290E-01
    2359   9.9638607183E-01
    2360   9.9623508767E-01
    2361   9.9625578324E-01
    2362   9.9643105636E-01
    2363   9.9676456151E-01
    2364   9.9726844823E-01
    2365   9.9795141937E-01
    2366   9.9881092853E-01
    2367   9.9983358657E-01
    2368   1.0010006085E+00
    2369   1.0022897860E+00
    2370   1.0036703231E+00
    2371   1.0050953843E+00
    2372   1.0065098721E+00
    2373   1.0078342719E+00
    2374   1.0090056919E+00
    2375   1.0100020313E+00
    2376   1.0108001507E+00
    2377   1.0113898635E+00
    2378   1.0117633658E+00
    2379   1.0119200941E+00
    2380   1.0118766384E+00
    2381   1.0116703873E+00
    2382   1.0113513966E+00
    2383   1.0109675848E+00
    2384   1.0105544047E+00
    2385   1.0101346737E+00
    2386   1.0097242448E+00
    2387   1.0093343232E+00
    2388   1.0089669724E+00
    2389   1.0086096463E+00
    2390   1.0082383814E+00
    2391   1.0078321916E+00
    2392   1.0073903919E+00
    2393   1.0069401516E+00
    2394   1.0065287265E+00
    2395   1.0062063896E+00
    2396   1.0060121501E+00
    2397   1.0059693378E+00
    2398   1.0060879948E+00
    2399   1.0063660103E+00
    2400   1.0067922063E+00
    2401   1.0073072392E+00
    2402   1.0078608874E+00
    2403   1.0083939544E+00
    2404   1.0088525718E+00
    2405   1.0092105686E+00
    2406   1.0094641454E+00
    2407   1.0096233573E+00
    2408   1.0097065751E+00
    2409   1.0097421465E+00
    2410   1.0097716287E+00
    2411   1.0098454894E+00
    2412   1.0100087581E+00
    2413   1.0102847218E+00
    2414   1.0106685946E+00
    2415   1.0111363985E+00
    2416   1.0116626862E+00
    2417   1.0122350984E+00
    2418   1.0128583386E+00
    2419   1.0135497599E+00
    2420   1.0143336392E+00
    2421   1.0152372069E+00
    2422   1.0162925705E+00
    2423   1.0175450774E+00
    2424   1.0188225959E+00
    2425   1.0201594742E+00
    2426   1.0214087341E+00
    2427   1.0224151777E+00
    2428   1.0230585079E+00
    2429   1.0232742270E+00
    2430   1.0230658080E+00
    2431   1.0224998014E+00
    2432   1.0216926418E+00
    2433   1.0207939477E+00
    2434   1.0200033989E+00
    2435   1.0193926761E+00
    2436   1.0190194045E+00
    2437   1.0190077890E+00
    2438   1.0192395930E+00
    2439   1.0196016880E+00
    2440   1.0199670878E+00
    2441   1.0202236989E+00
    2442   1.0202900826E+00
    2443   1.0201216356E+00
    2444   1.0197144401E+00
    2445   1.0191076830E+00
    2446   1.0183793994E+00
    2447   1.0176684081E+00
    2448   1.0169530953E+00
    2449   1.0163626759E+00
    2450   1.0159484639E+00
    2451   1.0156805060E+00
    2452   1.0155443916E+00
    2453   1.0155224392E+00
    2454   1.0155939102E+00
    2455   1.0157338242E+00
    2456   1.0159175839E+00
    2457   1.0161300421E+00
    2458   1.0163699532E+00
    2459   1.0166420109E+00
    2460   1.0169395523E+00
    2461   1.0172299263E+00
    2462   1.0174853670E+00
    2463   1.0175815230E+00
    2464   1.0174129275E+00
    2465   1.0170301273E+00
    2466   1.0163622867E+00
    2467   1.0154056964E+00
    2468   1.0141903627E+00
    2469   1.0127900389E+00
    2470   1.0113234799E+00
    2471   1.0099391019E+00
    2472   1.0087873125E+00
    2473   1.0079936783E+00
    2474   1.0076442102E+00
    2475   1.0077835567E+00
    2476   1.0084177412E+00
    2477   1.0095134946E+00
    2478   1.0109950229E+00
    2479   1.0127466158E+00
    2480   1.0146280276E+00
    2481   1.0165031768E+00
    2482   1.0183127850E+00
    2483   1.0198231770E+00
    2484   1.0210725907E+00
    2485   1.0220421004E+00
    2486   1.0226902274E+00
    2487   1.0230140143E+00
    2488   1.0230292039E+00
    2489   1.0227622663E+00
    2490   1.0222371701E+00
    2491   1.0214683940E+00
    2492   1.0204681590E+00
    2493   1.0192888323E+00
    2494   1.0179514150E+00
    2495   1.0164751621E+00
    2496   1.0150840769E+00
    2497   1.0138115722E+00
    2498   1.0127287866E+00
    2499   1.0118915052E+00
    2500   1.0113366510E+00
    2501   1.0110751204E+00
    2502   1.0110835515E+00
    2503   1.0113048966E+00
    2504   1.0116631938E+00
    2505   1.0120866960E+00
    2506   1.0125259981E+00
    2507   1.0129575629E+00
    2508   1.0133753600E+00
    2509   1.0137820568E+00
    2510   1.0141887048E+00
    2511   1.0146208766E+00
    2512   1.0151537103E+00
    2513   1.0157652795E+00
    2514   1.0165030417E+00
    2515   1.0174156524E+00
    2516   1.0184493543E+00
    2517   1.0195523091E+00
    2518   1.0206602385E+00
    2519   1.0216997405E+00
    2520   1.0225878721E+00
    2521   1.0232379494E+00
    2522   1.0235771914E+00
    2523   1.0235693586E+00
    2524   1.0232892164E+00
    2525   1.0226638234E+00
    2526   1.0217789067E+00
    2527   1.0208514097E+00
    2528   1.0198957079E+00
    2529   1.0189911592E+00
    2530   1.0182142583E+00
    2531   1.0176291247E+00
    2532   1.0172743816E+00
    2533   1.0171572946E+00
    2534   1.0172608398E+00
    2535   1.0175576003E+00
    2536   1.0180180603E+00
    2537   1.0186426279E+00
    2538   1.0193315750E+00
    2539   1.0199478603E+00
    2540   1.0205320009E+00
    2541   1.0209597557E+00
    2542   1.0211794212E+00
    2543   1.0211659133E+00
    2544   1.0209144319E+00
    2545   1.0204371913E+00
    2546   1.0197683331E+00
    2547   1.0189712123E+00
    2548   1.0181365635E+00
    2549   1.0173714227E+00
    2550   1.0168021268E+00
    2551   1.0163760542E+00
    2552   1.0162411879E+00
    2553   1.0164057665E+00
    2554   1.0168620358E+00
    2555   1.0175934669E+00
    2556   1.0185492505E+00
    2557   1.0196402002E+00
    2558   1.0207491798E+00
    2559   1.0217512712E+00
    2560   1.0225320629E+00
    2561   1.0229973175E+00
    2562   1.0231023326E+00
    2563   1.0228226126E+00
    2564   1.0219751884E+00
    2565   1.0208624350E+00
    2566   1.0195314031E+00
    2567   1.0181116995E+00
    2568   1.0167307994E+00
    2569   1.0154807993E+00
    2570   1.0144118909E+00
    2571   1.0135390879E+00
    2572   1.0128511331E+00
    2573   1.0123155357E+00
    2574   1.0118831442E+00
    2575   1.0114992833E+00
    2576   1.0111223432E+00
    2577   1.0107411648E+00
    2578   1.0103798705E+00
    2579   1.0100933462E+00
    2580   1.0099313414E+00
    2581   1.0099082850E+00
    2582   1.0100924775E+00
    2583   1.0104827519E+00
    2584   1.0110773725E+00
    2585   1.0118545223E+00
    2586   1.0127659437E+00
    2587   1.0137405781E+00
    2588   1.0146990044E+00
    2589   1.0155701768E+00
    2590   1.0162989041E+00
    2591   1.0168401709E+00
    2592   1.0171482404E+00
    2593   1.0171729611E+00
    2594   1.0168689577E+00
    2595   1.0162115746E+00
    2596   1.0152078413E+00
    2597   1.0139122280E+00
    2598   1.0123506740E+00
    2599   1.0106022866E+00
    2600   1.0088141744E+00
    2601   1.0070729481E+00
    2602   1.0054985718E+00
    2603   1.0042003344E+00
    2604   1.0032579812E+00
    2605   1.0027121692E+00
    2606   1.0025679169E+00
    2607   1.0028053018E+00
    2608   1.0033878794E+00
    2609   1.0042642643E+00
    2610   1.0053668714E+00
    2611   1.0066153720E+00
    2612   1.0079277358E+00
    2613   1.0092331164E+00
    2614   1.0104772489E+00
    2615   1.0116166611E+00
    2616   1.0126078260E+00
    2617   1.0134019105E+00
    2618   1.0139506773E+00
    2619   1.0142188781E+00
    2620   1.0141929871E+00
    2621   1.0138804181E+00
    2622   1.0133026072E+00
    2623   1.0124902890E+00
    2624   1.0114854468E+00
    2625   1.0103548634E+00
    2626   1.0091537361E+00
    2627   1.0079629107E+00
    2628   1.0068871949E+00
    2629   1.0059760314E+00
    2630   1.0052781606E+00
    2631   1.0048273283E+00
    2632   1.0046391498E+00
    2633   1.0047034098E+00
    2634   1.0049774012E+00
    2635   1.0053882199E+00
    2636   1.0058466454E+00
    2637   1.0062669125E+00
    2638   1.0065824786E+00
    2639   1.0067517284E+00
    2640   1.0067555051E+00
    2641   1.0065934107E+00
    2642   1.0062836109E+00
    2643   1.0058645010E+00
    2644   1.0053925466E+00
    2645   1.0049330391E+00
    2646   1.0045465871E+00
    2647   1.0042779127E+00
    2648   1.0041513019E+00
    2649   1.0041714799E+00
    2650   1.0043251135E+00
    2651   1.0045801279E+00
    2652   1.0048850746E+00
    2653   1.0051735428E+00
    2654   1.0053757220E+00
    2655   1.0054331281E+00
    2656   1.0053087974E+00
    2657   1.0049879678E+00
    2658   1.0044712246E+00
    2659   1.0037671696E+00
    2660   1.0028904152E+00
    2661   1.0018647849E+00
    2662   1.0007265122E+00
    2663   9.9952261344E-01
    2664   9.9830444963E-01
    2665   9.9712060841E-01
    2666   9.9601298025E-01
    2667   9.9501603354E-01
    2668   9.9415604861E-01
    2669   9.9344781556E-01
    2670   9.9289013762E-01
    2671   9.9246432100E-01
    2672   9.9213884067E-01
    2673   9.9187918342E-01
    2674   9.9165811322E-01
    2675   9.9146146931E-01
    2676   9.9128807828E-01
    2677   9.9114601605E-01
    2678   9.9104839650E-01
    2679   9.9100991302E-01
    2680   9.9104312709E-01
    2681   9.9115346912E-01
    2682   9.9133440863E-01
    2683   9.9156625981E-01
    2684   9.9182128634E-01
    2685   9.9207412711E-01
    2686   9.9231276866E-01
    2687   9.9254435669E-01
    2688   9.9279314707E-01
    2689   9.9309027093E-01
    2690   9.9346620576E-01
    2691   9.9395833929E-01
    2692   9.9455158338E-01
    2693   9.9523929880E-01
    2694   9.9599148788E-01
    2695   9.9676286782E-01
    2696   9.9750123127E-01
    2697   9.9815749373E-01
    2698   9.9869473328E-01
    2699   9.9909214176E-01
    2700   9.9934242677E-01
    2701   9.9944512802E-01
    2702   9.9940077799E-01
    2703   9.9920986700E-01
    2704   9.9887691466E-01
    2705   9.9841622012E-01
    2706   9.9785507936E-01
    2707   9.9723228836E-01
    2708   9.9659278401E-01
    2709   9.9598089774E-01
    2710   9.9543421366E-01
    2711   9.9497848282E-01
    2712   9.9462356102E-01
    2713   9.9436103049E-01
    2714   9.9416511275E-01
    2715   9.9399812450E-01
    2716   9.9381979320E-01
    2717   9.9359725535E-01
    2718   9.9331177306E-01
    2719   9.9295969696E-01
    2720   9.9254822695E-01
    2721   9.9208900146E-01
    2722   9.9159300865E-01
    2723   9.9106858144E-01
    2724   9.9052212976E-01
    2725   9.8996006327E-01
    2726   9.8939057943E-01
    2727   9.8882490224E-01
    2728   9.8827810326E-01
    2729   9.8776924044E-01
    2730   9.8732015106E-01
    2731   9.8695246112E-01
    2732   9.8667107282E-01
    2733   9.8649035434E-01
    2734   9.8646978320E-01
    2735   9.8652380290E-01
    2736   9.8666881354E-01
    2737   9.8689453368E-01
    2738   9.8718647228E-01
    2739   9.8752517214E-01
    2740   9.8788458446E-01
    2741   9.8823323525E-01
    2742   9.8853824459E-01
    2743   9.8877037511E-01
    2744   9.8890815918E-01
    2745   9.8894053846E-01
    2746   9.8886895038E-01
    2747   9.8870955265E-01
    2748   9.8849450298E-01
    2749   9.8826972269E-01
    2750   9.8808738483E-01
    2751   9.8799427903E-01
    2752   9.8802030325E-01
    2753   9.8815686350E-01
    2754   9.8841503551E-01
    2755   9.8876939895E-01
    2756   9.8913248722E-01
    2757   9.8947322765E-01
    2758   9.8973885399E-01
    2759   9.8987745340E-01
    2760   9.8984277369E-01
    2761   9.8960006053E-01
    2762   9.8913107289E-01
    2763   9.8843684888E-01
    2764   9.8753859486E-01
    2765   9.8647792705E-01
    2766   9.8531652080E-01
    2767   9.8413317087E-01
    2768   9.8301593527E-01
    2769   9.8204925877E-01
    2770   9.8129950659E-01
    2771   9.8080250115E-01
    2772   9.8050622317E-01
    2773   9.8054438081E-01
    2774   9.8078538416E-01
    2775   9.8115155550E-01
    2776   9.8163449692E-01
    2777   9.8220463398E-01
    2778   9.8284777277E-01
    2779   9.8356693672E-01
    2780   9.8437902897E-01
    2781   9.8530528019E-01
    2782   9.8635759824E-01
    2783   9.8752599437E-01
    2784   9.8877252366E-01
    2785   9.9003399679E-01
    2786   9.9123139990E-01
    2787   9.9228149137E-01
    2788   9.9310697583E-01
    2789   9.9364463259E-01
    2790   9.9385259964E-01
    2791   9.9371288195E-01
    2792   9.9324625894E-01
    2793   9.9251149690E-01
    2794   9.9156327271E-01
    2795   9.9048772303E-01
    2796   9.8936471564E-01
    2797   9.8826608713E-01
    2798   9.8725086660E-01
    2799   9.8636040248E-01
    2800   9.8561288130E-01
    2801   9.8499996485E-01
    2802   9.8448968040E-01
    2803   9.8403717266E-01
    2804   9.8360018413E-01
    2805   9.8315274517E-01
    2806   9.8269136403E-01
    2807   9.8223247656E-01
    2808   9.8180453189E-01
    2809   9.8141803539E-01
    2810   9.8109997458E-01
    2811   9.8099998152E-01
    2812   9.8096709207E-01
    2813   9.8104375357E-01
    2814   9.8121223048E-01
    2815   9.8144114359E-01
    2816   9.8169916998E-01
    2817   9.8196341288E-01
    2818   9.8222262578E-01
    2819   9.8247473977E-01
    2820   9.8272233956E-01
    2821   9.8297077636E-01
    2822   9.8323063414E-01
    2823   9.8350781597E-01
    2824   9.8383055564E-01
    2825   9.8433223954E-01
    2826   9.8492955413E-01
    2827   9.8568918874E-01
    2828   9.8663010779E-01
    2829   9.8774981582E-01
    2830   9.8902342448E-01
    2831   9.9039766848E-01
    2832   9.9178765321E-01
    2833   9.9308176463E-01
    2834   9.9415724490E-01
    2835   9.9490298680E-01
    2836   9.9524153688E-01
    2837   9.9514271770E-01
    2838   9.9462613643E-01
    2839   9.9375497237E-01
    2840   9.9262506372E-01
    2841   9.9135146928E-01
    2842   9.9005269097E-01
    2843   9.8883340819E-01
    2844   9.8776925189E-01
    2845   9.8689860342E-01
    2846   9.8622434294E-01
    2847   9.8572291200E-01
    2848   9.8532483974E-01
    2849   9.8507674374E-01
    2850   9.8489240038E-01
    2851   9.8471389265E-01
    2852   9.8452813537E-01
    2853   9.8431139430E-01
    2854   9.8405020849E-01
    2855   9.8374066542E-01
    2856   9.8338429880E-01
    2857   9.8298381997E-01
    2858   9.8254246006E-01
    2859   9.8206767428E-01
    2860   9.8157597415E-01
    2861   9.8109433254E-01
    2862   9.8065344643E-01
    2863   9.8022574440E-01
    2864   9.8000690946E-01
    2865   9.7990775515E-01
    2866   9.7992304066E-01
    2867   9.8009470621E-01
    2868   9.8042938084E-01
    2869   9.8092199646E-01
    2870   9.8155275832E-01
    2871   9.8228943918E-01
    2872   9.8309417085E-01
    2873   9.8393043176E-01
    2874   9.8476614235E-01
    2875   9.8557243332E-01
    2876   9.8632135788E-01
    2877   9.8697514777E-01
    2878   9.8751945297E-01
    2879   9.8798080518E-01
    2880   9.8828209484E-01
    2881   9.8843937461E-01
    2882   9.8844203657E-01
    2883   9.8827799926E-01
    2884   9.8794231057E-01
    2885   9.8744476780E-01
    2886   9.8681208543E-01
    2887   9.8608305339E-01
    2888   9.8530044783E-01
    2889   9.8450523393E-01
    2890   9.8373549927E-01
    2891   9.8302778104E-01
    2892   9.8241647193E-01
    2893   9.8192953129E-01
    2894   9.8158118366E-01
    2895   9.8132054809E-01
    2896   9.8128530165E-01
    2897   9.8137485473E-01
    2898   9.8155746182E-01
    2899   9.8185796690E-01
    2900   9.8227185816E-01
    2901   9.8278792225E-01
    2902   9.8338657364E-01
    2903   9.8404121764E-01
    2904   9.8471937451E-01
    2905   9.8538125921E-01
    2906   9.8597761895E-01
    2907   9.8645178955E-01
    2908   9.8674950990E-01
    2909   9.8683435051E-01
    2910   9.8669913858E-01
    2911   9.8634459258E-01
    2912   9.8591037919E-01
    2913   9.8540690234E-01
    2914   9.8489667102E-01
    2915   9.8444594932E-01
    2916   9.8409401774E-01
    2917   9.8386258686E-01
    2918   9.8375363717E-01
    2919   9.8374931841E-01
    2920   9.8381689869E-01
    2921   9.8391864978E-01
    2922   9.8402207652E-01
    2923   9.8410453595E-01
    2924   9.8415008185E-01
    2925   9.8414248150E-01
    2926   9.8405959880E-01
    2927   9.8384098256E-01
    2928   9.8358804136E-01
    2929   9.8323680109E-01
    2930   9.8280768562E-01
    2931   9.8236908973E-01
    2932   9.8198056141E-01
    2933   9.8170649633E-01
    2934   9.8161325577E-01
    2935   9.8176452386E-01
    2936   9.8221172934E-01
    2937   9.8298115976E-01
    2938   9.8406385026E-01
    2939   9.8541415284E-01
    2940   9.8695780661E-01
    2941   9.8860438425E-01
    2942   9.9025718705E-01
    2943   9.9181133700E-01
    2944   9.9318963210E-01
    2945   9.9428689119E-01
    2946   9.9502812238E-01
    2947   9.9538099504E-01
    2948   9.9534439676E-01
    2949   9.9495349325E-01
    2950   9.9427250127E-01
    2951   9.9338805423E-01
    2952   9.9240544040E-01
    2953   9.9144402200E-01
    2954   9.9062627594E-01
    2955   9.9005950805E-01
    2956   9.8981625775E-01
    2957   9.8992226263E-01
    2958   9.9035684597E-01
    2959   9.9106307125E-01
    2960   9.9196025519E-01
    2961   9.9295315301E-01
    2962   9.9393819104E-01
    2963   9.9481152963E-01
    2964   9.9548206494E-01
    2965   9.9588621959E-01
    2966   9.9599687189E-01
    2967   9.9582123304E-01
    2968   9.9539034157E-01
    2969   9.9474898600E-01
    2970   9.9395339277E-01
    2971   9.9307607530E-01
    2972   9.9221006602E-01
    2973   9.9146481925E-01
    2974   9.9095294820E-01
    2975   9.9077410857E-01
    2976   9.9100351433E-01
    2977   9.9168740779E-01
    2978   9.9284169275E-01
    2979   9.9444793772E-01
    2980   9.9645286945E-01
    2981   9.9875695988E-01
    2982   1.0012235185E+00
    2983   1.0037163184E+00
    2984   1.0060837430E+00
    2985   1.0081908766E+00
    2986   1.0099236901E+00
    2987   1.0111776345E+00
    2988   1.0118666644E+00
    2989   1.0119356965E+00
    2990   1.0113767083E+00
    2991   1.0102374779E+00
    2992   1.0086181581E+00
    2993   1.0066596196E+00
    2994   1.0045309916E+00
    2995   1.0024193795E+00
    2996   1.0005179560E+00
    2997   9.9900728337E-01
    2998   9.9803055390E-01
    2999   9.9767067481E-01
    3000   9.9793875132E-01
    3001   9.9877782411E-01
    3002   1.0000775191E+00
    3003   1.0016914152E+00
    3004   1.0034522066E+00
    3005   1.0051863022E+00
    3006   1.0067324231E+00
    3007   1.0079643909E+00
    3008   1.0088105191E+00
    3009   1.0092590845E+00
    3010   1.0093457109E+00
    3011   1.0091295335E+00
    3012   1.0086712439E+00
    3013   1.0080222332E+00
    3014   1.0072240889E+00
    3015   1.0063110246E+00
    3016   1.0053098552E+00
    3017   1.0042393312E+00
    3018   1.0031146001E+00
    3019   1.0019585540E+00
    3020   1.0008136312E+00
    3021   9.9974387265E-01
    3022   9.9882242917E-01
    3023   9.9811020871E-01
    3024   9.9763786204E-01
    3025   9.9740031437E-01
    3026   9.9736358576E-01
    3027   9.9747615265E-01
    3028   9.9767765974E-01
    3029   9.9790462822E-01
    3030   9.9809838993E-01
    3031   9.9821881169E-01
    3032   9.9825983047E-01
    3033   9.9825703162E-01
    3034   9.9828002443E-01
    3035   9.9841184316E-01
    3036   9.9872584856E-01
    3037   9.9927050421E-01
    3038   1.0000646107E+00
    3039   1.0010976981E+00
    3040   1.0023294467E+00
    3041   1.0036881433E+00
    3042   1.0050742965E+00
    3043   1.0063746554E+00
    3044   1.0074839120E+00
    3045   1.0083237336E+00
    3046   1.0088494694E+00
    3047   1.0090442601E+00
    3048   1.0089099472E+00
    3049   1.0084655584E+00
    3050   1.0077592895E+00
    3051   1.0068376727E+00
    3052   1.0058196543E+00
    3053   1.0048088141E+00
    3054   1.0038935404E+00
    3055   1.0031394839E+00
    3056   1.0025804097E+00
    3057   1.0022186046E+00
    3058   1.0020254422E+00
    3059   1.0019423082E+00
    3060   1.0018879906E+00
    3061   1.0017774945E+00
    3062   1.0015486275E+00
    3063   1.0011840076E+00
    3064   1.0007160515E+00
    3065   1.0002122926E+00
    3066   9.9975026675E-01
    3067   9.9939551572E-01
    3068   9.9919042247E-01
    3069   9.9915195131E-01
    3070   9.9927179442E-01
    3071   9.9951603214E-01
    3072   9.9982806548E-01
    3073   1.0001403801E+00
    3074   1.0003948416E+00
    3075   1.0005628496E+00
    3076   1.0006541463E+00
    3077   1.0007096939E+00
    3078   1.0007843520E+00
    3079   1.0009300993E+00
    3080   1.0011863803E+00
    3081   1.0015756759E+00
    3082   1.0020982238E+00
    3083   1.0027239307E+00
    3084   1.0033873533E+00
    3085   1.0039945485E+00
    3086   1.0044444131E+00
    3087   1.0046564609E+00
    3088   1.0045913127E+00
    3089   1.0042550167E+00
    3090   1.0036894858E+00
    3091   1.0029589028E+00
    3092   1.0021398803E+00
    3093   1.0013149697E+00
    3094   1.0005637199E+00
    3095   9.9994831190E-01
    3096   9.9949847743E-01
    3097   9.9920474860E-01
    3098   9.9902527558E-01
    3099   9.9890267572E-01
    3100   9.9878143952E-01
    3101   9.9861854758E-01
    3102   9.9838758724E-01
    3103   9.9808209221E-01
    3104   9.9772170939E-01
    3105   9.9735756172E-01
    3106   9.9706860463E-01
    3107   9.9694441787E-01
    3108   9.9705926876E-01
    3109   9.9744925122E-01
    3110   9.9810271716E-01
    3111   9.9896558458E-01
    3112   9.9995481571E-01
    3113   1.0009720614E+00
    3114   1.0019150768E+00
    3115   1.0026904160E+00
    3116   1.0032304320E+00
    3117   1.0035108394E+00
    3118   1.0035591048E+00
    3119   1.0034458672E+00
    3120   1.0032612010E+00
    3121   1.0030868531E+00
    3122   1.0029766938E+00
    3123   1.0029502377E+00
    3124   1.0029953369E+00
    3125   1.0030735024E+00
    3126   1.0031257106E+00
    3127   1.0030818917E+00
    3128   1.0028769997E+00
    3129   1.0024703181E+00
    3130   1.0018588569E+00
    3131   1.0010770295E+00
    3132   1.0001833148E+00
    3133   9.9924304128E-01
    3134   9.9831734118E-01
    3135   9.9746131338E-01
    3136   9.9672625877E-01
    3137   9.9615875384E-01
    3138   9.9579445693E-01
    3139   9.9565121350E-01
    3140   9.9572766604E-01
    3141   9.9600892615E-01
    3142   9.9647472201E-01
    3143   9.9710375137E-01
    3144   9.9787229388E-01
    3145   9.9875103017E-01
    3146   9.9970554989E-01
    3147   1.0007017103E+00
    3148   1.0017112276E+00
    3149   1.0027117010E+00
    3150   1.0036804165E+00
    3151   1.0045880038E+00
    3152   1.0053995173E+00
    3153   1.0060847027E+00
    3154   1.0066309059E+00
    3155   1.0070487454E+00
    3156   1.0073654940E+00
    3157   1.0076099610E+00
    3158   1.0077979706E+00
    3159   1.0079254691E+00
    3160   1.0079698390E+00
    3161   1.0078953867E+00
    3162   1.0076596925E+00
    3163   1.0072211617E+00
    3164   1.0065495354E+00
    3165   1.0056380660E+00
    3166   1.0045117519E+00
    3167   1.0032256667E+00
    3168   1.0018527701E+00
    3169   1.0004675618E+00
    3170   9.9913443882E-01
    3171   9.9790543253E-01
    3172   9.9682490836E-01
    3173   9.9593477004E-01
    3174   9.9527547442E-01
    3175   9.9488317559E-01
    3176   9.9478647785E-01
    3177   9.9500502697E-01
    3178   9.9554856591E-01
    3179   9.9641336802E-01
    3180   9.9757534918E-01
    3181   9.9898366686E-01
    3182   1.0005607632E+00
    3183   1.0022119953E+00
    3184   1.0038420279E+00
    3185   1.0053708108E+00
    3186   1.0067427526E+00
    3187   1.0079276860E+00
    3188   1.0089167147E+00
    3189   1.0097163366E+00
    3190   1.0103412720E+00
    3191   1.0108044224E+00
    3192   1.0111043420E+00
    3193   1.0112157986E+00
    3194   1.0111038666E+00
    3195   1.0106510042E+00
    3196   1.0098352696E+00
    3197   1.0086330867E+00
    3198   1.0070493182E+00
    3199   1.0051452751E+00
    3200   1.0030250588E+00
    3201   1.0008255053E+00
    3202   9.9870232011E-01
    3203   9.9681283142E-01
    3204   9.9529674401E-01
    3205   9.9425832574E-01
    3206   9.9375400024E-01
    3207   9.9378729268E-01
    3208   9.9431008218E-01
    3209   9.9522773785E-01
    3210   9.9640705735E-01
    3211   9.9768854407E-01
    3212   9.9890543480E-01
    3213   9.9990921442E-01
    3214   1.0005965294E+00
    3215   1.0009291851E+00
    3216   1.0009401928E+00
    3217   1.0007240967E+00
    3218   1.0004154505E+00
    3219   1.0001618994E+00
    3220   1.0000974830E+00
    3221   1.0003196953E+00
    3222   1.0008727412E+00
    3223   1.0017395376E+00
    3224   1.0028447317E+00
    3225   1.0040689146E+00
    3226   1.0052707976E+00
    3227   1.0063116003E+00
    3228   1.0070761195E+00
    3229   1.0074876127E+00
    3230   1.0075164230E+00
    3231   1.0071830029E+00
    3232   1.0065549412E+00
    3233   1.0057369816E+00
    3234   1.0048545251E+00
    3235   1.0040339672E+00
    3236   1.0033849607E+00
    3237   1.0029885094E+00
    3238   1.0028915407E+00
    3239   1.0031058614E+00
    3240   1.0036091165E+00
    3241   1.0043472313E+00
    3242   1.0052397383E+00
    3243   1.0061893524E+00
    3244   1.0070952411E+00
    3245   1.0078674117E+00
    3246   1.0084392937E+00
    3247   1.0087768970E+00
    3248   1.0088842383E+00
    3249   1.0088044899E+00
    3250   1.0086150617E+00
    3251   1.0084146646E+00
    3252   1.0083027689E+00
    3253   1.0083557811E+00
    3254   1.0086069987E+00
    3255   1.0090367402E+00
    3256   1.0095753617E+00
    3257   1.0101175299E+00
    3258   1.0105451136E+00
    3259   1.0107626998E+00
    3260   1.0106369591E+00
    3261   1.0101767841E+00
    3262   1.0093994098E+00
    3263   1.0083632652E+00
    3264   1.0071636007E+00
    3265   1.0059057614E+00
    3266   1.0046864947E+00
    3267   1.0035817375E+00
    3268   1.0026416357E+00
    3269   1.0018903969E+00
    3270   1.0013281661E+00
    3271   1.0009339287E+00
    3272   1.0006703184E+00
    3273   1.0004912079E+00
    3274   1.0003511942E+00
    3275   1.0002143259E+00
    3276   1.0000594307E+00
    3277   9.9988120923E-01
    3278   9.9968829643E-01
    3279   9.9950007016E-01
    3280   9.9934298616E-01
    3281   9.9924601074E-01
    3282   9.9923475560E-01
    3283   9.9932518030E-01
    3284   9.9951890002E-01
    3285   9.9980185434E-01
    3286   1.0001464260E+00
    3287   1.0005154351E+00
    3288   1.0008662317E+00
    3289   1.0011544151E+00
    3290   1.0013381454E+00
    3291   1.0013840344E+00
    3292   1.0012740298E+00
    3293   1.0010109246E+00
    3294   1.0006198709E+00
    3295   1.0001449076E+00
    3296   9.9964174761E-01
    3297   9.9916919186E-01
    3298   9.9878094687E-01
    3299   9.9851834723E-01
    3300   9.9840398374E-01
    3301   9.9843695838E-01
    3302   9.9859145894E-01
    3303   9.9882020032E-01
    3304   9.9906259831E-01
    3305   9.9925544026E-01
    3306   9.9934291354E-01
    3307   9.9928385394E-01
    3308   9.9905599814E-01
    3309   9.9865818279E-01
    3310   9.9811096660E-01
    3311   9.9745492867E-01
    3312   9.9674553222E-01
    3313   9.9604471976E-01
    3314   9.9541137085E-01
    3315   9.9489371274E-01
    3316   9.9452580240E-01
    3317   9.9432805542E-01
    3318   9.9431008742E-01
    3319   9.9447394705E-01
    3320   9.9481678777E-01
    3321   9.9533294847E-01
    3322   9.9601538993E-01
    3323   9.9685556221E-01
    3324   9.9784234074E-01
    3325   9.9895636587E-01
    3326   1.0001625048E+00
    3327   1.0014142542E+00
    3328   1.0026496450E+00
    3329   1.0037911012E+00
    3330   1.0047639984E+00
    3331   1.0054978121E+00
    3332   1.0059359194E+00
    3333   1.0060425192E+00
    3334   1.0058080015E+00
    3335   1.0052518672E+00
    3336   1.0044216477E+00
    3337   1.0033872119E+00
    3338   1.0022315658E+00
    3339   1.0010406120E+00
    3340   9.9989430187E-01
    3341   9.9886035934E-01
    3342   9.9799035340E-01
    3343   9.9731739613E-01
    3344   9.9685519791E-01
    3345   9.9659880601E-01
    3346   9.9652728309E-01
    3347   9.9660782300E-01
    3348   9.9680010273E-01
    3349   9.9705981735E-01
    3350   9.9734133721E-01
    3351   9.9760038451E-01
    3352   9.9779763584E-01
    3353   9.9790310114E-01
    3354   9.9789991574E-01
    3355   9.9778591159E-01
    3356   9.9757231822E-01
    3357   9.9728035246E-01
    3358   9.9693714908E-01
    3359   9.9657012272E-01
    3360   9.9621271366E-01
    3361   9.9588959826E-01
    3362   9.9561978272E-01
    3363   9.9541983841E-01
    3364   9.9530096537E-01
    3365   9.9527271815E-01
    3366   9.9534545668E-01
    3367   9.9553079971E-01
    3368   9.9583928256E-01
    3369   9.9627597814E-01
    3370   9.9683588828E-01
    3371   9.9750085039E-01
    3372   9.9823884732E-01
    3373   9.9900573851E-01
    3374   9.9974909208E-01
    3375   1.0004137903E+00
    3376   1.0009489169E+00
    3377   1.0013148948E+00
    3378   1.0014893352E+00
    3379   1.0014701773E+00
    3380   1.0012756264E+00
    3381   1.0009415297E+00
    3382   1.0005173411E+00
    3383   1.0000614147E+00
    3384   9.9963556588E-01
    3385   9.9929850178E-01
    3386   9.9909831158E-01
    3387   9.9906527745E-01
    3388   9.9920694855E-01
    3389   9.9950712777E-01
    3390   9.9992929058E-01
    3391   1.0004236778E+00
    3392   1.0009365146E+00
    3393   1.0014196307E+00
    3394   1.0018388588E+00
    3395   1.0021796860E+00
    3396   1.0024488301E+00
    3397   1.0026710822E+00
    3398   1.0028820521E+00
    3399   1.0031189015E+00
    3400   1.0034118669E+00
    3401   1.0037788426E+00
    3402   1.0042237680E+00
    3403   1.0047379787E+00
    3404   1.0053029075E+00
    3405   1.0058944109E+00
    3406   1.0064859535E+00
    3407   1.0070240241E+00
    3408   1.0074894385E+00
    3409   1.0078415498E+00
    3410   1.0080432910E+00
    3411   1.0080625117E+00
    3412   1.0078747126E+00
    3413   1.0074673126E+00
    3414   1.0068432092E+00
    3415   1.0060223211E+00
    3416   1.0050404879E+00
    3417   1.0039461391E+00
    3418   1.0027957485E+00
    3419   1.0016489626E+00
    3420   1.0005637938E+00
    3421   9.9959203932E-01
    3422   9.9877532511E-01
    3423   9.9814252409E-01
    3424   9.9770913939E-01
    3425   9.9747847806E-01
    3426   9.9744357555E-01
    3427   9.9758860324E-01
    3428   9.9788916857E-01
    3429   9.9831207164E-01
    3430   9.9881585322E-01
    3431   9.9935330891E-01
    3432   9.9987619369E-01
    3433   1.0003412912E+00
    3434   1.0007164857E+00
    3435   1.0009855967E+00
    3436   1.0011511420E+00
    3437   1.0012345101E+00
    3438   1.0012732344E+00
    3439   1.0013154445E+00
    3440   1.0014122823E+00
    3441   1.0016098486E+00
    3442   1.0019425685E+00
    3443   1.0024293703E+00
    3444   1.0030729702E+00
    3445   1.0038614548E+00
    3446   1.0047708097E+00
    3447   1.0057672100E+00
    3448   1.0068084703E+00
    3449   1.0078446644E+00
    3450   1.0088184360E+00
    3451   1.0096659861E+00
    3452   1.0103200820E+00
    3453   1.0107162962E+00
    3454   1.0108026520E+00
    3455   1.0105510326E+00
    3456   1.0099669899E+00
    3457   1.0090941851E+00
    3458   1.0080111255E+00
    3459   1.0068204846E+00
    3460   1.0056336855E+00
    3461   1.0045544471E+00
    3462   1.0036645601E+00
    3463   1.0030140645E+00
    3464   1.0026169995E+00
    3465   1.0024531481E+00
    3466   1.0024753869E+00
    3467   1.0026211293E+00
    3468   1.0028252757E+00
    3469   1.0030317070E+00
    3470   1.0032010796E+00
    3471   1.0033141626E+00
    3472   1.0033729067E+00
    3473   1.0033901713E+00
    3474   1.0033954421E+00
    3475   1.0034238171E+00
    3476   1.0035055659E+00
    3477   1.0036638591E+00
    3478   1.0039086205E+00
    3479   1.0042342568E+00
    3480   1.0046205513E+00
    3481   1.0050363737E+00
    3482   1.0054452854E+00
    3483   1.0058118307E+00
    3484   1.0061071520E+00
    3485   1.0063125297E+00
    3486   1.0064197836E+00
    3487   1.0064284605E+00
    3488   1.0063411840E+00
    3489   1.0061596715E+00
    3490   1.0058838669E+00
    3491   1.0055151244E+00
    3492   1.0050621256E+00
    3493   1.0045465220E+00
    3494   1.0040051793E+00
    3495   1.0034873421E+00
    3496   1.0030471552E+00
    3497   1.0027336177E+00
    3498   1.0025806586E+00
    3499   1.0025997477E+00
    3500   1.0027767947E+00
    3501   1.0030742737E+00
    3502   1.0034384782E+00
    3503   1.0038104977E+00
    3504   1.0041382167E+00
    3505   1.0043860650E+00
    3506   1.0045399229E+00
    3507   1.0046063501E+00
    3508   1.0046073192E+00
    3509   1.0045728880E+00
    3510   1.0045342725E+00
    3511   1.0045188810E+00
    3512   1.0045477304E+00
    3513   1.0046347944E+00
    3514   1.0047873753E+00
    3515   1.0050064499E+00
    3516   1.0052861076E+00
    3517   1.0056117446E+00
    3518   1.0059575941E+00
    3519   1.0062850627E+00
    3520   1.0065436589E+00
    3521   1.0066756872E+00
    3522   1.0066245352E+00
    3523   1.0063449478E+00
    3524   1.0058138885E+00
    3525   1.0050354388E+00
    3526   1.0040362034E+00
    3527   1.0028927418E+00
    3528   1.0016842222E+00
    3529   1.0005026555E+00
    3530   9.9943688721E-01
    3531   9.9856021105E-01
    3532   9.9792191705E-01
    3533   9.9754347549E-01
    3534   9.9741928622E-01
    3535   9.9752034912E-01
    3536   9.9780212624E-01
    3537   9.9820883917E-01
    3538   9.9867827306E-01
    3539   9.9915311019E-01
    3540   9.9958240371E-01
    3541   9.9992667057E-01
    3542   1.0001604216E+00
    3543   1.0002726918E+00
    3544   1.0002657013E+00
    3545   1.0001520935E+00
    3546   9.9995131259E-01
    3547   9.9968569187E-01
    3548   9.9937689220E-01
    3549   9.9904342394E-01
    3550   9.9869987564E-01
    3551   9.9835801660E-01
    3552   9.9802925493E-01
    3553   9.9772738228E-01
    3554   9.9747044430E-01
    3555   9.9728096371E-01
    3556   9.9718428812E-01
    3557   9.9720524111E-01
    3558   9.9736344984E-01
    3559   9.9766791494E-01
    3560   9.9811177546E-01
    3561   9.9866871944E-01
    3562   9.9929266750E-01
    3563   9.9992185147E-01
    3564   1.0004871887E+00
    3565   1.0009233983E+00
    3566   1.0011802870E+00
    3567   1.0012315180E+00
    3568   1.0010789041E+00
    3569   1.0007514388E+00
    3570   1.0002994616E+00
    3571   9.9978531769E-01
    3572   9.9927256163E-01
    3573   9.9881607219E-01
    3574   9.9845518888E-01
    3575   9.9821108684E-01
    3576   9.9808830320E-01
    3577   9.9807913391E-01
    3578   9.9816903286E-01
    3579   9.9834133543E-01
    3580   9.9858030701E-01
    3581   9.9887225233E-01
    3582   9.9920492585E-01
    3583   9.9956578699E-01
    3584   9.9993991640E-01
    3585   1.0003086802E+00
    3586   1.0006502411E+00
    3587   1.0009424962E+00
    3588   1.0011679987E+00
    3589   1.0013193594E+00
    3590   1.0014031241E+00
    3591   1.0014405395E+00
    3592   1.0014647075E+00
    3593   1.0015148098E+00
    3594   1.0016288571E+00
    3595   1.0018366304E+00
    3596   1.0021543026E+00
    3597   1.0025818414E+00
    3598   1.0031037029E+00
    3599   1.0036924742E+00
    3600   1.0043141941E+00
    3601   1.0049335063E+00
    3602   1.0055171370E+00
    3603   1.0060407852E+00
    3604   1.0064616263E+00
    3605   1.0067589237E+00
    3606   1.0069128582E+00
    3607   1.0068996080E+00
    3608   1.0067058611E+00
    3609   1.0063287139E+00
    3610   1.0057776143E+00
    3611   1.0050747540E+00
    3612   1.0042538586E+00
    3613   1.0033574600E+00
    3614   1.0024328295E+00
    3615   1.0015269916E+00
    3616   1.0006816066E+00
    3617   9.9992866989E-01
    3618   9.9928777670E-01
    3619   9.9876522245E-01
    3620   9.9835477551E-01
    3621   9.9803981491E-01
    3622   9.9779660403E-01
    3623   9.9759846764E-01
    3624   9.9742038966E-01
    3625   9.9724317934E-01
    3626   9.9705623575E-01
    3627   9.9685832592E-01
    3628   9.9665654291E-01
    3629   9.9646423828E-01
    3630   9.9629883056E-01
    3631   9.9617997439E-01
    3632   9.9612802036E-01
    3633   9.9616245022E-01
    3634   9.9630014237E-01
    3635   9.9655362032E-01
    3636   9.9692951684E-01
    3637   9.9742730331E-01
    3638   9.9803817476E-01
    3639   9.9874418066E-01
    3640   9.9951821116E-01
    3641   1.0003258005E+00
    3642   1.0011293465E+00
    3643   1.0018942201E+00
    3644   1.0025949418E+00
    3645   1.0032190429E+00
    3646   1.0037669056E+00
    3647   1.0042474876E+00
    3648   1.0046714708E+00
    3649   1.0050442454E+00
    3650   1.0053610057E+00
    3651   1.0056054359E+00
    3652   1.0057524492E+00
    3653   1.0057744080E+00
    3654   1.0056492280E+00
    3655   1.0053679567E+00
    3656   1.0049392670E+00
    3657   1.0043892097E+00
    3658   1.0037563290E+00
    3659   1.0030840341E+00
    3660   1.0024129111E+00
    3661   1.0017751243E+00
    3662   1.0011916778E+00
    3663   1.0006720905E+00
    3664   1.0002156183E+00
    3665   9.9981346205E-01
    3666   9.9945177274E-01
    3667   9.9911523628E-01
    3668   9.9879062367E-01
    3669   9.9846942009E-01
    3670   9.9814890797E-01
    3671   9.9783177209E-01
    3672   9.9752488153E-01
    3673   9.9723795984E-01
    3674   9.9698241637E-01
    3675   9.9677014800E-01
    3676   9.9661207621E-01
    3677   9.9651655355E-01
    3678   9.9648811751E-01
    3679   9.9652700684E-01
    3680   9.9662940530E-01
    3681   9.9678796687E-01
    3682   9.9699221477E-01
    3683   9.9722886742E-01
    3684   9.9748254962E-01
    3685   9.9773724976E-01
    3686   9.9797829967E-01
    3687   9.9819408418E-01
    3688   9.9837668231E-01
    3689   9.9852127568E-01
    3690   9.9862491931E-01
    3691   9.9868553644E-01
    3692   9.9870161044E-01
    3693   9.9867240950E-01
    3694   9.9859828676E-01
    3695   9.9848085085E-01
    3696   9.9832322729E-01
    3697   9.9813069044E-01
    3698   9.9791152118E-01
    3699   9.9767745182E-01
    3700   9.9744307344E-01
    3701   9.9722423403E-01
    3702   9.9703624897E-01
    3703   9.9689278099E-01
    3704   9.9680520549E-01
    3705   9.9679106034E-01
    3706   9.9685991825E-01
    3707   9.9702587590E-01
    3708   9.9730161259E-01
    3709   9.9769479416E-01
    3710   9.9820534996E-01
    3711   9.9882231375E-01
    3712   9.9952113454E-01
    3713   1.0002622998E+00
    3714   1.0009926110E+00
    3715   1.0016502798E+00
    3716   1.0021738408E+00
    3717   1.0025131468E+00
    3718   1.0026394649E+00
    3719   1.0025517239E+00
    3720   1.0022772683E+00
    3721   1.0018671650E+00
    3722   1.0013873596E+00
    3723   1.0009074169E+00
    3724   1.0004886308E+00
    3725   1.0001745543E+00
    3726   9.9998332516E-01
    3727   9.9990711902E-01
    3728   9.9991612555E-01
    3729   9.9996685489E-01
    3730   1.0000122482E+00
    3731   1.0000109340E+00
    3732   9.9993387421E-01
    3733   9.9976779895E-01
    3734   9.9951551471E-01
    3735   9.9919383310E-01
    3736   9.9882924044E-01
    3737   9.9845189337E-01
    3738   9.9809037800E-01
    3739   9.9776757300E-01
    3740   9.9749924422E-01
    3741   9.9729500756E-01
    3742   9.9716060845E-01
    3743   9.9710026431E-01
    3744   9.9711834946E-01
    3745   9.9722034546E-01
    3746   9.9741313606E-01
    3747   9.9770438940E-01
    3748   9.9810047049E-01
    3749   9.9860264054E-01
    3750   9.9920224807E-01
    3751   9.9987658799E-01
    3752   1.0005873334E+00
    3753   1.0012827012E+00
    3754   1.0019032317E+00
    3755   1.0023899867E+00
    3756   1.0026935434E+00
    3757   1.0027822272E+00
    3758   1.0026481608E+00
    3759   1.0023097711E+00
    3760   1.0018097125E+00
    3761   1.0012081154E+00
    3762   1.0005725331E+00
    3763   9.9996718389E-01
    3764   9.9944421410E-01
    3765   9.9903862150E-01
    3766   9.9876688407E-01
    3767   9.9862824848E-01
    3768   9.9860755799E-01
    3769   9.9867909735E-01
    3770   9.9881138574E-01
    3771   9.9897266187E-01
    3772   9.9913617680E-01
    3773   9.9928400880E-01
    3774   9.9940842962E-01
    3775   9.9951073527E-01
    3776   9.9959826639E-01
    3777   9.9968059865E-01
    3778   9.9976565590E-01
    3779   9.9985626464E-01
    3780   9.9994776536E-01
    3781   1.0000275292E+00
    3782   1.0000770550E+00
    3783   1.0000764693E+00
    3784   1.0000100955E+00
    3785   9.9987108782E-01
    3786   9.9966348951E-01
    3787   9.9940127844E-01
    3788   9.9910520277E-01
    3789   9.9879874190E-01
    3790   9.9850427283E-01
    3791   9.9823997784E-01
    3792   9.9801773945E-01
    3793   9.9784230626E-01
    3794   9.9771200422E-01
    3795   9.9762087509E-01
    3796   9.9756150346E-01
    3797   9.9752745570E-01
    3798   9.9751458149E-01
    3799   9.9752124408E-01
    3800   9.9754820554E-01
    3801   9.9759884430E-01
    3802   9.9767970284E-01
    3803   9.9780067036E-01
    3804   9.9797402121E-01
    3805   9.9821212501E-01
    3806   9.9852440334E-01
    3807   9.9891441276E-01
    3808   9.9937766699E-01
    3809   9.9990037887E-01
    3810   1.0004591958E+00
    3811   1.0010222815E+00
    3812   1.0015523012E+00
    3813   1.0020114593E+00
    3814   1.0023677459E+00
    3815   1.0026005915E+00
    3816   1.0027040056E+00
    3817   1.0026862099E+00
    3818   1.0025662344E+00
    3819   1.0023689951E+00
    3820   1.0021204994E+00
    3821   1.0018442361E+00
    3822   1.0015591160E+00
    3823   1.0012789548E+00
    3824   1.0010133629E+00
    3825   1.0007696493E+00
    3826   1.0005548826E+00
    3827   1.0003769353E+00
    3828   1.0002436429E+00
    3829   1.0001601981E+00
    3830   1.0001260278E+00
    3831   1.0001328626E+00
    3832   1.0001651556E+00
    3833   1.0002028189E+00
    3834   1.0002252382E+00
    3835   1.0002152816E+00
    3836   1.0001624628E+00
    3837   1.0000649714E+00
    3838   9.9993045667E-01
    3839   9.9977531394E-01
    3840   9.9962221492E-01
    3841   9.9949607909E-01
    3842   9.9941940168E-01
    3843   9.9940826373E-01
    3844   9.9947005014E-01
    3845   9.9960308497E-01
    3846   9.9979765870E-01
    3847   1.0000377516E+00
    3848   1.0003030956E+00
    3849   1.0005715684E+00
    3850   1.0008218492E+00
    3851   1.0010358711E+00
    3852   1.0012003826E+00
    3853   1.0013072576E+00
    3854   1.0013529305E+00
    3855   1.0013378639E+00
    3856   1.0012667682E+00
    3857   1.0011494894E+00
    3858   1.0010017046E+00
    3859   1.0008444526E+00
    3860   1.0007021293E+00
    3861   1.0005993875E+00
    3862   1.0005577516E+00
    3863   1.0005925771E+00
    3864   1.0007106013E+00
    3865   1.0009082364E+00
    3866   1.0011709983E+00
    3867   1.0014746560E+00
    3868   1.0017883864E+00
    3869   1.0020794264E+00
    3870   1.0023179752E+00
    3871   1.0024809905E+00
    3872   1.0025541910E+00
    3873   1.0025325197E+00
    3874   1.0024198355E+00
    3875   1.0022283919E+00
    3876   1.0019784517E+00
    3877   1.0016949388E+00
    3878   1.0014084083E+00
    3879   1.0011500282E+00
    3880   1.0009476287E+00
    3881   1.0008241702E+00
    3882   1.0007946017E+00
    3883   1.0008633782E+00
    3884   1.0010225489E+00
    3885   1.0012512377E+00
    3886   1.0015173861E+00
    3887   1.0017819933E+00
    3888   1.0020051044E+00
    3889   1.0021520982E+00
    3890   1.0021988324E+00
    3891   1.0021348124E+00
    3892   1.0019642328E+00
    3893   1.0017050766E+00
    3894   1.0013864657E+00
    3895   1.0010444969E+00
    3896   1.0007171163E+00
    3897   1.0004390200E+00
    3898   1.0002377018E+00
    3899   1.0001313320E+00
    3900   1.0001283718E+00
    3901   1.0002282323E+00
    3902   1.0004222744E+00
    3903   1.0006949218E+00
    3904   1.0010251320E+00
    3905   1.0013884931E+00
    3906   1.0017597880E+00
    3907   1.0021154195E+00
    3908   1.0024350663E+00
    3909   1.0027023844E+00
    3910   1.0029050952E+00
    3911   1.0030349645E+00
    3912   1.0030879072E+00
    3913   1.0030640832E+00
    3914   1.0029677823E+00
    3915   1.0028071417E+00
    3916   1.0025939852E+00
    3917   1.0023439287E+00
    3918   1.0020764134E+00
    3919   1.0018139356E+00
    3920   1.0015798763E+00
    3921   1.0013950307E+00
    3922   1.0012737404E+00
    3923   1.0012208732E+00
    3924   1.0012305919E+00
    3925   1.0012871731E+00
    3926   1.0013675581E+00
    3927   1.0014451007E+00
    3928   1.0014939954E+00
    3929   1.0014938310E+00
    3930   1.0014335057E+00
    3931   1.0013135818E+00
    3932   1.0011463583E+00
    3933   1.0009535832E+00
    3934   1.0007624937E+00
    3935   1.0006012962E+00
    3936   1.0004950510E+00
    3937   1.0004624087E+00
    3938   1.0005132042E+00
    3939   1.0006468570E+00
    3940   1.0008517814E+00
    3941   1.0011062228E+00
    3942   1.0013808031E+00
    3943   1.0016425938E+00
    3944   1.0018600253E+00
    3945   1.0020076968E+00
    3946   1.0020702371E+00
    3947   1.0020446219E+00
    3948   1.0019405673E+00
    3949   1.0017787924E+00
    3950   1.0015872170E+00
    3951   1.0013956461E+00
    3952   1.0012300383E+00
    3953   1.0011077502E+00
    3954   1.0010349264E+00
    3955   1.0010065217E+00
    3956   1.0010086334E+00
    3957   1.0010222767E+00
    3958   1.0010276057E+00
    3959   1.0010077640E+00
    3960   1.0009517846E+00
    3961   1.0008561361E+00
    3962   1.0007246896E+00
    3963   1.0005671727E+00
    3964   1.0003965805E+00
    3965   1.0002263331E+00
    3966   1.0000679899E+00
    3967   9.9993000681E-01
    3968   9.9981756706E-01
    3969   9.9973318558E-01
    3970   9.9967775195E-01
    3971   9.9965182432E-01
    3972   9.9965710303E-01
    3973   9.9969794683E-01
    3974   9.9978259909E-01
    3975   9.9992364943E-01
    3976   1.0001373138E+00
    3977   1.0004413617E+00
    3978   1.0008518201E+00
    3979   1.0013788278E+00
    3980   1.0020222051E+00
    3981   1.0027675047E+00
    3982   1.0035835269E+00
    3983   1.0044223698E+00
    3984   1.0052228260E+00
    3985   1.0059172306E+00
    3986   1.0064408536E+00
    3987   1.0067420072E+00
    3988   1.0067906048E+00
    3989   1.0065831860E+00
    3990   1.0061432911E+00
    3991   1.0055172128E+00
    3992   1.0047661931E+00
    3993   1.0039568329E+00
    3994   1.0031517073E+00
    3995   1.0024019482E+00
    3996   1.0017429255E+00
    3997   1.0011933103E+00
    3998   1.0007569824E+00
    3999   1.0004267072E+00
    4000   1.0001883922E+00
    4001   1.0000249941E+00
    4002   9.9991958960E-01
    4003   9.9985751001E-01
    4004   9.9982765751E-01
    4005   9.9982317555E-01
    4006   9.9984163636E-01
    4007   9.9988489585E-01
    4008   9.9995874248E-01
    4009   1.0000723889E+00
    4010   1.0002377253E+00
    4011   1.0004681389E+00
    4012   1.0007766982E+00
    4013   1.0011736433E+00
    4014   1.0016633694E+00
    4015   1.0022413484E+00
    4016   1.0028916197E+00
    4017   1.0035855511E+00
    4018   1.0042825067E+00
    4019   1.0049328232E+00
    4020   1.0054830740E+00
    4021   1.0058830302E+00
    4022   1.0060931531E+00
    4023   1.0060953228E+00
    4024   1.0058789140E+00
    4025   1.0054652455E+00
    4026   1.0049032078E+00
    4027   1.0042397221E+00
    4028   1.0035310379E+00
    4029   1.0028303790E+00
    4030   1.0021818460E+00
    4031   1.0016168319E+00
    4032   1.0011532312E+00
    4033   1.0007970524E+00
    4034   1.0005455689E+00
    4035   1.0003909538E+00
    4036   1.0003234527E+00
    4037   1.0003334551E+00
    4038   1.0004122137E+00
    4039   1.0005513245E+00
    4040   1.0007413721E+00
    4041   1.0009703325E+00
    4042   1.0012223964E+00
    4043   1.0014777920E+00
    4044   1.0017139342E+00
    4045   1.0019078403E+00
    4046   1.0020393455E+00
    4047   1.0020943584E+00
    4048   1.0020673382E+00
    4049   1.0019623677E+00
    4050   1.0017925730E+00
    4051   1.0015780650E+00
    4052   1.0013429131E+00
    4053   1.0011118301E+00
    4054   1.0009072063E+00
    4055   1.0007469362E+00
    4056   1.0006431843E+00
    4057   1.0006019732E+00
    4058   1.0006233125E+00
    4059   1.0007015971E+00
    4060   1.0008261501E+00
    4061   1.0009819810E+00
    4062   1.0011509517E+00
    4063   1.0013135242E+00
    4064   1.0014510865E+00
    4065   1.0015486157E+00
    4066   1.0015972365E+00
    4067   1.0015961491E+00
    4068   1.0015534649E+00
    4069   1.0014856694E+00
    4070   1.0014156700E+00
    4071   1.0013696328E+00
    4072   1.0013730166E+00
    4073   1.0014463515E+00
    4074   1.0016013737E+00
    4075   1.0018381251E+00
    4076   1.0021435614E+00
    4077   1.0024920805E+00
    4078   1.0028481575E+00
    4079   1.0031709347E+00
    4080   1.0034201847E+00
    4081   1.0035626445E+00
    4082   1.0035774569E+00
    4083   1.0034595169E+00
    4084   1.0032199389E+00
    4085   1.0028835567E+00
    4086   1.0024841122E+00
    4087   1.0020583289E+00
    4088   1.0016402341E+00
    4089   1.0012568606E+00
    4090   1.0009259561E+00
    4091   1.0006557411E+00
    4092   1.0004462851E+00
    4093   1.0002918177E+00
    4094   1.0001832707E+00
    4095   1.0001105098E+00
    4096   1.0000639531E+00
    4097   1.0000355043E+00
    4098   1.0000188994E+00
    4099   1.0000096412E+00
    4100   1.0000047106E+00
    4101   1.0000022029E+00
    4102   1.0000009854E+00
    4103   1.0000004213E+00
    4104   1.0000001720E+00
    4105   1.0000000670E+00
    4106   1.0000000249E+00
    4107   1.0000000088E+00
    4108   1.0000000030E+00
    4109   1.0000000009E+00
    4110   1.0000000003E+00
    4111   1.0000000001E+00
    4112   1.0000000000E+00
    4113   1.0000000000E+00
    4114   1.0000000000E+00
    4115   1.0000000000E+00
    4116   1.0000000000E+00
    4117   1.0000000000E+00
    4118   1.0000000000E+00
    4119   1.0000000000E+00
    4120   1.0000000000E+00
    4121   1.0000000000E+00
    4122   1.0000000000E+00
    4123   1.0000000000E+00
    4124   1.0000000000E+00
    4125   1.0000000000E+00
    4126   1.0000000000E+00
    4127   1.0000000000E+00
    4128   1.0000000000E+00
    4129   1.0000000000E+00
    4130   1.0000000000E+00
    4131   1.0000000000E+00
    4132   1.0000000000E+00
    4133   1.0000000000E+00
    4134   1.0000000000E+00
    4135   1.0000000000E+00
    4136   1.0000000000E+00
    4137   1.0000000000E+00
    4138   1.0000000000E+00
    4139   1.0000000000E+00
    4140   1.0000000000E+00
    4141   1.0000000000E+00
    4142   1.0000000000E+00
    4143   1.0000000000E+00
    4144   1.0000000000E+00
    4145   1.0000000000E+00
    4146   1.0000000000E+00
    4147   1.0000000000E+00
    4148   1.0000000000E+00
    4149   1.0000000000E+00
    4150   1.0000000000E+00
    4151   1.0000000000E+00
    4152   1.0000000000E+00
    4153   1.0000000000E+00
    4154   1.0000000000E+00
    4155   1.0000000000E+00
    4156   1.0000000000E+00
    4157   1.0000000000E+00
    4158   1.0000000000E+00
    4159   1.0000000000E+00
    4160   1.0000000000E+00
    4161   1.0000000000E+00
    4162   1.0000000000E+00
    4163   1.0000000000E+00
    4164   1.0000000000E+00
    4165   1.0000000000E+00
    4166   1.0000000000E+00
    4167   1.0000000000E+00
    4168   1.0000000000E+00
    4169   1.0000000000E+00
    4170   1.0000000000E+00
    4171   1.0000000000E+00
    4172   1.0000000000E+00
    4173   1.0000000000E+00
    4174   1.0000000000E+00
    4175   1.0000000000E+00
    4176   1.0000000000E+00
    4177   1.0000000000E+00
    4178   1.0000000000E+00
    4179   1.0000000000E+00
    4180   1.0000000000E+00
    4181   1.0000000000E+00
    4182   1.0000000000E+00
    4183   1.0000000000E+00
    4184   1.0000000000E+00
    4185   1.0000000000E+00
    4186   1.0000000000E+00
    4187   1.0000000000E+00
    4188   1.0000000000E+00
    4189   1.0000000000E+00
    4190   1.0000000000E+00
    4191   1.0000000000E+00
    4192   1.0000000000E+00
    4193   1.0000000000E+00
    4194   1.0000000000E+00
    4195   1.0000000000E+00
    4196   1.0000000000E+00
    4197   1.0000000000E+00
    4198   1.0000000000E+00
    4199   1.0000000000E+00
    4200   1.0000000000E+00
    4201   1.0000000000E+00
    4202   1.0000000000E+00
    4203   1.0000000000E+00
    4204   1.0000000000E+00
    4205   1.0000000000E+00
    4206   1.0000000000E+00
    4207   1.0000000000E+00
    4208   1.0000000000E+00
    4209   1.0000000000E+00
    4210   1.0000000000E+00
    4211   1.0000000000E+00
    4212   1.0000000000E+00
    4213   1.0000000000E+00
    4214   1.0000000000E+00
    4215   1.0000000000E+00
    4216   1.0000000000E+00
    4217   1.0000000000E+00
    4218   1.0000000000E+00
    4219   1.0000000000E+00
    4220   1.0000000000E+00
    4221   1.0000000000E+00
    4222   1.0000000000E+00
    4223   1.0000000000E+00
    4224   1.0000000000E+00
    4225   1.0000000000E+00
    4226   1.0000000000E+00
    4227   1.0000000000E+00
    4228   1.0000000000E+00
    4229   1.0000000000E+00
    4230   1.0000000000E+00
    4231   1.0000000000E+00
    4232   1.0000000000E+00
    4233   1.0000000000E+00
    4234   1.0000000000E+00
    4235   1.0000000000E+00
    4236   1.0000000000E+00
    4237   1.0000000000E+00
    4238   1.0000000000E+00
    4239   1.0000000000E+00
    4240   1.0000000000E+00
    4241   1.0000000000E+00
    4242   1.0000000000E+00
    4243   1.0000000000E+00
    4244   1.0000000000E+00
    4245   1.0000000000E+00
    4246   1.0000000000E+00
    4247   1.0000000000E+00
    4248   1.0000000000E+00
    4249   1.0000000000E+00
    4250   1.0000000000E+00
    4251   1.0000000000E+00
    4252   1.0000000000E+00
    4253   1.0000000000E+00
    4254   1.0000000000E+00
    4255   1.0000000000E+00
    4256   1.0000000000E+00
    4257   1.0000000000E+00
    4258   1.0000000000E+00
    4259   1.0000000000E+00
    4260   1.0000000000E+00
    4261   1.0000000000E+00
    4262   1.0000000000E+00
    4263   1.0000000000E+00
    4264   1.0000000000E+00
    4265   1.0000000000E+00
    4266   1.0000000000E+00
    4267   1.0000000000E+00
    4268   1.0000000000E+00
    4269   1.0000000000E+00
    4270   1.0000000000E+00
    4271   1.0000000000E+00
    4272   1.0000000000E+00
    4273   1.0000000000E+00
    4274   1.0000000000E+00
    4275   1.0000000000E+00
    4276   1.0000000000E+00
    4277   1.0000000000E+00
    4278   1.0000000000E+00
    4279   1.0000000000E+00
    4280   1.0000000000E+00
    4281   1.0000000000E+00
    4282   1.0000000000E+00
    4283   1.0000000000E+00
    4284   1.0000000000E+00
    4285   1.0000000000E+00
    4286   1.0000000000E+00
    4287   1.0000000000E+00
    4288   1.0000000000E+00
    4289   1.0000000000E+00
    4290   1.0000000000E+00
    4291   1.0000000000E+00
    4292   1.0000000000E+00
    4293   1.0000000000E+00
    4294   1.0000000000E+00
    4295   1.0000000000E+00
    4296   1.0000000000E+00
    4297   1.0000000000E+00
    4298   1.0000000000E+00
    4299   1.0000000000E+00
    4300   1.0000000000E+00
    4301   1.0000000000E+00
    4302   1.0000000000E+00
    4303   1.0000000000E+00
    4304   1.0000000000E+00
    4305   1.0000000000E+00
    4306   1.0000000000E+00
    4307   1.0000000000E+00
    4308   1.0000000000E+00
    4309   1.0000000000E+00
    4310   1.0000000000E+00
    4311   1.0000000000E+00
    4312   1.0000000000E+00
    4313   1.0000000000E+00
    4314   1.0000000000E+00
    4315   1.0000000000E+00
    4316   1.0000000000E+00
    4317   1.0000000000E+00
    4318   1.0000000000E+00
    4319   1.0000000000E+00
    4320   1.0000000000E+00
    4321   1.0000000000E+00
    4322   1.0000000000E+00
    4323   1.0000000000E+00
    4324   1.0000000000E+00
    4325   1.0000000000E+00
    4326   1.0000000000E+00
    4327   1.0000000000E+00
    4328   1.0000000000E+00
    4329   1.0000000000E+00
    4330   1.0000000000E+00
    4331   1.0000000000E+00
    4332   1.0000000000E+00
    4333   1.0000000000E+00
    4334   1.0000000000E+00
    4335   1.0000000000E+00
    4336   1.0000000000E+00
    4337   1.0000000000E+00
    4338   1.0000000000E+00
    4339   1.0000000000E+00
    4340   1.0000000000E+00
    4341   1.0000000000E+00
    4342   1.0000000000E+00
    4343   1.0000000000E+00
    4344   1.0000000000E+00
    4345   1.0000000000E+00
    4346   1.0000000000E+00
    4347   1.0000000000E+00
    4348   1.0000000000E+00
    4349   1.0000000000E+00
    4350   1.0000000000E+00
    4351   1.0000000000E+00
    4352   1.0000000000E+00
    4353   1.0000000000E+00
    4354   1.0000000000E+00
    4355   1.0000000000E+00
    4356   1.0000000000E+00
    4357   1.0000000000E+00
    4358   1.0000000000E+00
    4359   1.0000000000E+00
    4360   1.0000000000E+00
    4361   1.0000000000E+00
    4362   1.0000000000E+00
    4363   1.0000000000E+00
    4364   1.0000000000E+00
    4365   1.0000000000E+00
    4366   1.0000000000E+00
    4367   1.0000000000E+00
    4368   1.0000000000E+00
    4369   1.0000000000E+00
    4370   1.0000000000E+00
    4371   1.0000000000E+00
    4372   1.0000000000E+00
    4373   1.0000000000E+00
    4374   1.0000000000E+00
    4375   1.0000000000E+00
    4376   1.0000000000E+00
    4377   1.0000000000E+00
    4378   1.0000000000E+00
    4379   1.0000000000E+00
    4380   1.0000000000E+00
    4381   1.0000000000E+00
    4382   1.0000000000E+00
    4383   1.0000000000E+00
    4384   1.0000000000E+00
    4385   1.0000000000E+00
    4386   1.0000000000E+00
    4387   1.0000000000E+00
    4388   1.0000000000E+00
    4389   1.0000000000E+00
    4390   1.0000000000E+00
    4391   1.0000000000E+00
    4392   1.0000000000E+00
    4393   1.0000000000E+00
    4394   1.0000000000E+00
    4395   1.0000000000E+00
    4396   1.0000000000E+00
    4397   1.0000000000E+00
    4398   1.0000000000E+00
    4399   1.0000000000E+00
    4400   1.0000000000E+00
    4401   1.0000000000E+00
    4402   1.0000000000E+00
    4403   1.0000000000E+00
    4404   1.0000000000E+00
    4405   1.0000000000E+00
    4406   1.0000000000E+00
    4407   1.0000000000E+00
    4408   1.0000000000E+00
    4409   1.0000000000E+00
    4410   1.0000000000E+00
    4411   1.0000000000E+00
    4412   1.0000000000E+00
    4413   1.0000000000E+00
    4414   1.0000000000E+00
    4415   1.0000000000E+00
    4416   1.0000000000E+00
    4417   1.0000000000E+00
    4418   1.0000000000E+00
    4419   1.0000000000E+00
    4420   1.0000000000E+00
    4421   1.0000000000E+00
    4422   1.0000000000E+00
    4423   1.0000000000E+00
    4424   1.0000000000E+00
    4425   1.0000000000E+00
    4426   1.0000000000E+00
    4427   1.0000000000E+00
    4428   1.0000000000E+00
    4429   1.0000000000E+00
    4430   1.0000000000E+00
    4431   1.0000000000E+00
    4432   1.0000000000E+00
    4433   1.0000000000E+00
    4434   1.0000000000E+00
    4435   1.0000000000E+00
    4436   1.0000000000E+00
    4437   1.0000000000E+00
    4438   1.0000000000E+00
    4439   1.0000000000E+00
    4440   1.0000000000E+00
    4441   1.0000000000E+00
    4442   1.0000000000E+00
    4443   1.0000000000E+00
    4444   1.0000000000E+00
    4445   1.0000000000E+00
    4446   1.0000000000E+00
    4447   1.0000000000E+00
    4448   1.0000000000E+00
    4449   1.0000000000E+00
    4450   1.0000000000E+00
    4451   1.0000000000E+00
    4452   1.0000000000E+00
    4453   1.0000000000E+00
    4454   1.0000000000E+00
    4455   1.0000000000E+00
    4456   1.0000000000E+00
    4457   1.0000000000E+00
    4458   1.0000000000E+00
    4459   1.0000000000E+00
    4460   1.0000000000E+00
    4461   1.0000000000E+00
    4462   1.0000000000E+00
    4463   1.0000000000E+00
    4464   1.0000000000E+00
    4465   1.0000000000E+00
    4466   1.0000000000E+00
    4467   1.0000000000E+00
    4468   1.0000000000E+00
    4469   1.0000000000E+00
    4470   1.0000000000E+00
    4471   1.0000000000E+00
    4472   1.0000000000E+00
    4473   1.0000000000E+00
    4474   1.0000000000E+00
    4475   1.0000000000E+00
    4476   1.0000000000E+00
    4477   1.0000000000E+00
    4478   1.0000000000E+00
    4479   1.0000000000E+00
    4480   1.0000000000E+00
    4481   1.0000000000E+00
    4482   1.0000000000E+00
    4483   1.0000000000E+00
    4484   1.0000000000E+00
    4485   1.0000000000E+00
    4486   1.0000000000E+00
    4487   1.0000000000E+00
    4488   1.0000000000E+00
    4489   1.0000000000E+00
    4490   1.0000000000E+00
    4491   1.0000000000E+00
    4492   1.0000000000E+00
    4493   1.0000000000E+00
    4494   1.0000000000E+00
    4495   1.0000000000E+00
    4496   1.0000000000E+00
    4497   1.0000000000E+00
    4498   1.0000000000E+00
    4499   1.0000000000E+00
    4500   1.0000000000E+00
    4501   1.0000000000E+00
    4502   1.0000000000E+00
    4503   1.0000000000E+00
    4504   1.0000000000E+00
    4505   1.0000000000E+00
    4506   1.0000000000E+00
    4507   1.0000000000E+00
    4508   1.0000000000E+00
    4509   1.0000000000E+00
    4510   1.0000000000E+00
    4511   1.0000000000E+00
    4512   1.0000000000E+00
    4513   1.0000000000E+00
    4514   1.0000000000E+00
    4515   1.0000000000E+00
    4516   1.0000000000E+00
    4517   1.0000000000E+00
    4518   1.0000000000E+00
    4519   1.0000000000E+00
    4520   1.0000000000E+00
    4521   1.0000000000E+00
    4522   1.0000000000E+00
    4523   1.0000000000E+00
    4524   1.0000000000E+00
    4525   1.0000000000E+00
    4526   1.0000000000E+00
    4527   1.0000000000E+00
    4528   1.0000000000E+00
    4529   1.0000000000E+00
    4530   1.0000000000E+00
    4531   1.0000000000E+00
    4532   1.0000000000E+00
    4533   1.0000000000E+00
    4534   1.0000000000E+00
    4535   1.0000000000E+00
    4536   1.0000000000E+00
    4537   1.0000000000E+00
    4538   1.0000000000E+00
    4539   1.0000000000E+00
    4540   1.0000000000E+00
    4541   1.0000000000E+00
    4542   1.0000000000E+00
    4543   1.0000000000E+00
    4544   1.0000000000E+00
    4545   1.0000000000E+00
    4546   1.0000000000E+00
    4547   1.0000000000E+00
    4548   1.0000000000E+00
    4549   1.0000000000E+00
    4550   1.0000000000E+00
    4551   1.0000000000E+00
    4552   1.0000000000E+00
    4553   1.0000000000E+00
    4554   1.0000000000E+00
    4555   1.0000000000E+00
    4556   1.0000000000E+00
    4557   1.0000000000E+00
    4558   1.0000000000E+00
    4559   1.0000000000E+00
    4560   1.0000000000E+00
    4561   1.0000000000E+00
    4562   1.0000000000E+00
    4563   1.0000000000E+00
    4564   1.0000000000E+00
    4565   1.0000000000E+00
    4566   1.0000000000E+00
    4567   1.0000000000E+00
    4568   1.0000000000E+00
    4569   1.0000000000E+00
    4570   1.0000000000E+00
    4571   1.0000000000E+00
    4572   1.0000000000E+00
    4573   1.0000000000E+00
    4574   1.0000000000E+00
    4575   1.0000000000E+00
    4576   1.0000000000E+00
    4577   1.0000000000E+00
    4578   1.0000000000E+00
    4579   1.0000000000E+00
    4580   1.0000000000E+00
    4581   1.0000000000E+00
    4582   1.0000000000E+00
    4583   1.0000000000E+00
    4584   1.0000000000E+00
    4585   1.0000000000E+00
    4586   1.0000000000E+00
    4587   1.0000000000E+00
    4588   1.0000000000E+00
    4589   1.0000000000E+00
    4590   1.0000000000E+00
    4591   1.0000000000E+00
    4592   1.0000000000E+00
    4593   1.0000000000E+00
    4594   1.0000000000E+00
    4595   1.0000000000E+00
    4596   1.0000000000E+00
    4597   1.0000000000E+00
    4598   1.0000000000E+00
    4599   1.0000000000E+00
    4600   1.0000000000E+00
    4601   1.0000000000E+00
    4602   1.0000000000E+00
    4603   1.0000000000E+00
    4604   1.0000000000E+00
    4605   1.0000000000E+00
    4606   1.0000000000E+00
    4607   1.0000000000E+00
    4608   1.0000000000E+00
    4609   1.0000000000E+00
    4610   1.0000000000E+00
    4611   1.0000000000E+00
    4612   1.0000000000E+00
    4613   1.0000000000E+00
    4614   1.0000000000E+00
    4615   1.0000000000E+00
    4616   1.0000000000E+00
    4617   1.0000000000E+00
    4618   1.0000000000E+00
    4619   1.0000000000E+00
    4620   1.0000000000E+00
    4621   1.0000000000E+00
    4622   1.0000000000E+00
    4623   1.0000000000E+00
    4624   1.0000000000E+00
    4625   1.0000000000E+00
    4626   1.0000000000E+00
    4627   1.0000000000E+00
    4628   1.0000000000E+00
    4629   1.0000000000E+00
    4630   1.0000000000E+00
    4631   1.0000000000E+00
    4632   1.0000000000E+00
    4633   1.0000000000E+00
    4634   1.0000000000E+00
    4635   1.0000000000E+00
    4636   1.0000000000E+00
    4637   1.0000000000E+00
    4638   1.0000000000E+00
    4639   1.0000000000E+00
    4640   1.0000000000E+00
    4641   1.0000000000E+00
    4642   1.0000000000E+00
    4643   1.0000000000E+00
    4644   1.0000000000E+00
    4645   1.0000000000E+00
    4646   1.0000000000E+00
    4647   1.0000000000E+00
    4648   1.0000000000E+00
    4649   1.0000000000E+00
    4650   1.0000000000E+00
    4651   1.0000000000E+00
    4652   1.0000000000E+00
    4653   1.0000000000E+00
    4654   1.0000000000E+00
    4655   1.0000000000E+00
    4656   1.0000000000E+00
    4657   1.0000000000E+00
    4658   1.0000000000E+00
    4659   1.0000000000E+00
    4660   1.0000000000E+00
    4661   1.0000000000E+00
    4662   1.0000000000E+00
    4663   1.0000000000E+00
    4664   1.0000000000E+00
    4665   1.0000000000E+00
    4666   1.0000000000E+00
    4667   1.0000000000E+00
    4668   1.0000000000E+00
    4669   1.0000000000E+00
    4670   1.0000000000E+00
    4671   1.0000000000E+00
    4672   1.0000000000E+00
    4673   1.0000000000E+00
    4674   1.0000000000E+00
    4675   1.0000000000E+00
    4676   1.0000000000E+00
    4677   1.0000000000E+00
    4678   1.0000000000E+00
    4679   1.0000000000E+00
    4680   1.0000000000E+00
    4681   1.0000000000E+00
    4682   1.0000000000E+00
    4683   1.0000000000E+00
    4684   1.0000000000E+00
    4685   1.0000000000E+00
    4686   1.0000000000E+00
    4687   1.0000000000E+00
    4688   1.0000000000E+00
    4689   1.0000000000E+00
    4690   1.0000000000E+00
    4691   1.0000000000E+00
    4692   1.0000000000E+00
    4693   1.0000000000E+00
    4694   1.0000000000E+00
    4695   1.0000000000E+00
    4696   1.0000000000E+00
    4697   1.0000000000E+00
    4698   1.0000000000E+00
    4699   1.0000000000E+00
    4700   1.0000000000E+00
    4701   1.0000000000E+00
    4702   1.0000000000E+00
    4703   1.0000000000E+00
    4704   1.0000000000E+00
    4705   1.0000000000E+00
    4706   1.0000000000E+00
    4707   1.0000000000E+00
    4708   1.0000000000E+00
    4709   1.0000000000E+00
    4710   1.0000000000E+00
    4711   1.0000000000E+00
    4712   1.0000000000E+00
    4713   1.0000000000E+00
    4714   1.0000000000E+00
    4715   1.0000000000E+00
    4716   1.0000000000E+00
    4717   1.0000000000E+00
    4718   1.0000000000E+00
    4719   1.0000000000E+00
    4720   1.0000000000E+00
    4721   1.0000000000E+00
    4722   1.0000000000E+00
    4723   1.0000000000E+00
    4724   1.0000000000E+00
    4725   1.0000000000E+00
    4726   1.0000000000E+00
    4727   1.0000000000E+00
    4728   1.0000000000E+00
    4729   1.0000000000E+00
    4730   1.0000000000E+00
    4731   1.0000000000E+00
    4732   1.0000000000E+00
    4733   1.0000000000E+00
    4734   1.0000000000E+00
    4735   1.0000000000E+00
    4736   1.0000000000E+00
    4737   1.0000000000E+00
    4738   1.0000000000E+00
    4739   1.0000000000E+00
    4740   1.0000000000E+00
    4741   1.0000000000E+00
    4742   1.0000000000E+00
    4743   1.0000000000E+00
    4744   1.0000000000E+00
    4745   1.0000000000E+00
    4746   1.0000000000E+00
    4747   1.0000000000E+00
    4748   1.0000000000E+00
    4749   1.0000000000E+00
    4750   1.0000000000E+00
    4751   1.0000000000E+00
    4752   1.0000000000E+00
    4753   1.0000000000E+00
    4754   1.0000000000E+00
    4755   1.0000000000E+00
    4756   1.0000000000E+00
    4757   1.0000000000E+00
    4758   1.0000000000E+00
    4759   1.0000000000E+00
    4760   1.0000000000E+00
    4761   1.0000000000E+00
    4762   1.0000000000E+00
    4763   1.0000000000E+00
    4764   1.0000000000E+00
    4765   1.0000000000E+00
    4766   1.0000000000E+00
    4767   1.0000000000E+00
    4768   1.0000000000E+00
    4769   1.0000000000E+00
    4770   1.0000000000E+00
    4771   1.0000000000E+00
    4772   1.0000000000E+00
    4773   1.0000000000E+00
    4774   1.0000000000E+00
    4775   1.0000000000E+00
    4776   1.0000000000E+00
    4777   1.0000000000E+00
    4778   1.0000000000E+00
    4779   1.0000000000E+00
    4780   1.0000000000E+00
    4781   1.0000000000E+00
    4782   1.0000000000E+00
    4783   1.0000000000E+00
    4784   1.0000000000E+00
    4785   1.0000000000E+00
    4786   1.0000000000E+00
    4787   1.0000000000E+00
    4788   1.0000000000E+00
    4789   1.0000000000E+00
    4790   1.0000000000E+00
    4791   1.0000000000E+00
    4792   1.0000000000E+00
    4793   1.0000000000E+00
    4794   1.0000000000E+00
    4795   1.0000000000E+00
    4796   1.0000000000E+00
    4797   1.0000000000E+00
    4798   1.0000000000E+00
    4799   1.0000000000E+00
    4800   1.0000000000E+00
    4801   1.0000000000E+00
    4802   1.0000000000E+00
    4803   1.0000000000E+00
    4804   1.0000000000E+00
    4805   1.0000000000E+00
    4806   1.0000000000E+00
    4807   1.0000000000E+00
    4808   1.0000000000E+00
    4809   1.0000000000E+00
    4810   1.0000000000E+00
    4811   1.0000000000E+00
    4812   1.0000000000E+00
    4813   1.0000000000E+00
    4814   1.0000000000E+00
    4815   1.0000000000E+00
    4816   1.0000000000E+00
    4817   1.0000000000E+00
    4818   1.0000000000E+00
    4819   1.0000000000E+00
    4820   1.0000000000E+00
    4821   1.0000000000E+00
    4822   1.0000000000E+00
    4823   1.0000000000E+00
    4824   1.0000000000E+00
    4825   1.0000000000E+00
    4826   1.0000000000E+00
    4827   1.0000000000E+00
    4828   1.0000000000E+00
    4829   1.0000000000E+00
    4830   1.0000000000E+00
    4831   1.0000000000E+00
    4832   1.0000000000E+00
    4833   1.0000000000E+00
    4834   1.0000000000E+00
    4835   1.0000000000E+00
    4836   1.0000000000E+00
    4837   1.0000000000E+00
    4838   1.0000000000E+00
    4839   1.0000000000E+00
    4840   1.0000000000E+00
    4841   1.0000000000E+00
    4842   1.0000000000E+00
    4843   1.0000000000E+00
    4844   1.0000000000E+00
    4845   1.0000000000E+00
    4846   1.0000000000E+00
    4847   1.0000000000E+00
    4848   1.0000000000E+00
    4849   1.0000000000E+00
    4850   1.0000000000E+00
    4851   1.0000000000E+00
    4852   1.0000000000E+00
    4853   1.0000000000E+00
    4854   1.0000000000E+00
    4855   1.0000000000E+00
    4856   1.0000000000E+00
    4857   1.0000000000E+00
    4858   1.0000000000E+00
    4859   1.0000000000E+00
    4860   1.0000000000E+00
    4861   1.0000000000E+00
    4862   1.0000000000E+00
    4863   1.0000000000E+00
    4864   1.0000000000E+00
    4865   1.0000000000E+00
    4866   1.0000000000E+00
    4867   1.0000000000E+00
    4868   1.0000000000E+00
    4869   1.0000000000E+00
    4870   1.0000000000E+00
    4871   1.0000000000E+00
    4872   1.0000000000E+00
    4873   1.0000000000E+00
    4874   1.0000000000E+00
    4875   1.0000000000E+00
    4876   1.0000000000E+00
    4877   1.0000000000E+00
    4878   1.0000000000E+00
    4879   1.0000000000E+00
    4880   1.0000000000E+00
    4881   1.0000000000E+00
    4882   1.0000000000E+00
    4883   1.0000000000E+00
    4884   1.0000000000E+00
    4885   1.0000000000E+00
    4886   1.0000000000E+00
    4887   1.0000000000E+00
    4888   1.0000000000E+00
    4889   1.0000000000E+00
    4890   1.0000000000E+00
    4891   1.0000000000E+00
    4892   1.0000000000E+00
    4893   1.0000000000E+00
    4894   1.0000000000E+00
    4895   1.0000000000E+00
    4896   1.0000000000E+00
    4897   1.0000000000E+00
    4898   1.0000000000E+00
    4899   1.0000000000E+00
    4900   1.0000000000E+00
    4901   1.0000000000E+00
    4902   1.0000000000E+00
    4903   1.0000000000E+00
    4904   1.0000000000E+00
    4905   1.0000000000E+00
    4906   1.0000000000E+00
    4907   1.0000000000E+00
    4908   1.0000000000E+00
    4909   1.0000000000E+00
    4910   1.0000000000E+00
    4911   1.0000000000E+00
    4912   1.0000000000E+00
    4913   1.0000000000E+00
    4914   1.0000000000E+00
    4915   1.0000000000E+00
    4916   1.0000000000E+00
    4917   1.0000000000E+00
    4918   1.0000000000E+00
    4919   1.0000000000E+00
    4920   1.0000000000E+00
    4921   1.0000000000E+00
    4922   1.0000000000E+00
    4923   1.0000000000E+00
    4924   1.0000000000E+00
    4925   1.0000000000E+00
    4926   1.0000000000E+00
    4927   1.0000000000E+00
    4928   1.0000000000E+00
    4929   1.0000000000E+00
    4930   1.0000000000E+00
    4931   1.0000000000E+00
    4932   1.0000000000E+00
    4933   1.0000000000E+00
    4934   1.0000000000E+00
    4935   1.0000000000E+00
    4936   1.0000000000E+00
    4937   1.0000000000E+00
    4938   1.0000000000E+00
    4939   1.0000000000E+00
    4940   1.0000000000E+00
    4941   1.0000000000E+00
    4942   1.0000000000E+00
    4943   1.0000000000E+00
    4944   1.0000000000E+00
    4945   1.0000000000E+00
    4946   1.0000000000E+00
    4947   1.0000000000E+00
    4948   1.0000000000E+00
    4949   1.0000000000E+00
    4950   1.0000000000E+00
    4951   1.0000000000E+00
    4952   1.0000000000E+00
    4953   1.0000000000E+00
    4954   1.0000000000E+00
    4955   1.0000000000E+00
    4956   1.0000000000E+00
    4957   1.0000000000E+00
    4958   1.0000000000E+00
    4959   1.0000000000E+00
    4960   1.0000000000E+00
    4961   1.0000000000E+00
    4962   1.0000000000E+00
    4963   1.0000000000E+00
    4964   1.0000000000E+00
    4965   1.0000000000E+00
    4966   1.0000000000E+00
    4967   1.0000000000E+00
    4968   1.0000000000E+00
    4969   1.0000000000E+00
    4970   1.0000000000E+00
    4971   1.0000000000E+00
    4972   1.0000000000E+00
    4973   1.0000000000E+00
    4974   1.0000000000E+00
    4975   1.0000000000E+00
    4976   1.0000000000E+00
    4977   1.0000000000E+00
    4978   1.0000000000E+00
    4979   1.0000000000E+00
    4980   1.0000000000E+00
    4981   1.0000000000E+00
    4982   1.0000000000E+00
    4983   1.0000000000E+00
    4984   1.0000000000E+00
    4985   1.0000000000E+00
    4986   1.0000000000E+00
    4987   1.0000000000E+00
    4988   1.0000000000E+00
    4989   1.0000000000E+00
    4990   1.0000000000E+00
    4991   1.0000000000E+00
    4992   1.0000000000E+00
    4993   1.0000000000E+00
    4994   1.0000000000E+00
    4995   1.0000000000E+00
    4996   1.0000000000E+00
    4997   1.0000000000E+00
    4998   1.0000000000E+00
    4999   1.0000000000E+00
    5000   1.0000000000E+00
    5001   1.0000000000E+00
    5002   1.0000000000E+00
    5003   1.0000000000E+00
    5004   1.0000000000E+00
    5005   1.0000000000E+00
    5006   1.0000000000E+00
    5007   1.0000000000E+00
    5008   1.0000000000E+00
    5009   1.0000000000E+00
    5010   1.0000000000E+00
    5011   1.0000000000E+00
    5012   1.0000000000E+00
    5013   1.0000000000E+00
    5014   1.0000000000E+00
    5015   1.0000000000E+00
    5016   1.0000000000E+00
    5017   1.0000000000E+00
    5018   1.0000000000E+00
    5019   1.0000000000E+00
    5020   1.0000000000E+00
    5021   1.0000000000E+00
    5022   1.0000000000E+00
    5023   1.0000000000E+00
    5024   1.0000000000E+00
    5025   1.0000000000E+00
    5026   1.0000000000E+00
    5027   1.0000000000E+00
    5028   1.0000000000E+00
    5029   1.0000000000E+00
    5030   1.0000000000E+00
    5031   1.0000000000E+00
    5032   1.0000000000E+00
    5033   1.0000000000E+00
    5034   1.0000000000E+00
    5035   1.0000000000E+00
    5036   1.0000000000E+00
    5037   1.0000000000E+00
    5038   1.0000000000E+00
    5039   1.0000000000E+00
    5040   1.0000000000E+00
    5041   1.0000000000E+00
    5042   1.0000000000E+00
    5043   1.0000000000E+00
    5044   1.0000000000E+00
    5045   1.0000000000E+00
    5046   1.0000000000E+00
    5047   1.0000000000E+00
    5048   1.0000000000E+00
    5049   1.0000000000E+00
    5050   1.0000000000E+00
    5051   1.0000000000E+00
    5052   1.0000000000E+00
    5053   1.0000000000E+00
    5054   1.0000000000E+00
    5055   1.0000000000E+00
    5056   1.0000000000E+00
    5057   1.0000000000E+00
    5058   1.0000000000E+00
    5059   1.0000000000E+00
    5060   1.0000000000E+00
    5061   1.0000000000E+00
    5062   1.0000000000E+00
    5063   1.0000000000E+00
    5064   1.0000000000E+00
    5065   1.0000000000E+00
    5066   1.0000000000E+00
    5067   1.0000000000E+00
    5068   1.0000000000E+00
    5069   1.0000000000E+00
    5070   1.0000000000E+00
    5071   1.0000000000E+00
    5072   1.0000000000E+00
    5073   1.0000000000E+00
    5074   1.0000000000E+00
    5075   1.0000000000E+00
    5076   1.0000000000E+00
    5077   1.0000000000E+00
    5078   1.0000000000E+00
    5079   1.0000000000E+00
    5080   1.0000000000E+00
    5081   1.0000000000E+00
    5082   1.0000000000E+00
    5083   1.0000000000E+00
    5084   1.0000000000E+00
    5085   1.0000000000E+00
    5086   1.0000000000E+00
    5087   1.0000000000E+00
    5088   1.0000000000E+00
    5089   1.0000000000E+00
    5090   1.0000000000E+00
    5091   1.0000000000E+00
    5092   1.0000000000E+00
    5093   1.0000000000E+00
    5094   1.0000000000E+00
    5095   1.0000000000E+00
    5096   1.0000000000E+00
    5097   1.0000000000E+00
    5098   1.0000000000E+00
    5099   1.0000000000E+00
    5100   1.0000000000E+00
    5101   1.0000000000E+00
    5102   1.0000000000E+00
    5103   1.0000000000E+00
    5104   1.0000000000E+00
    5105   1.0000000000E+00
    5106   1.0000000000E+00
    5107   1.0000000000E+00
    5108   1.0000000000E+00
    5109   1.0000000000E+00
    5110   1.0000000000E+00
    5111   1.0000000000E+00
    5112   1.0000000000E+00
    5113   1.0000000000E+00
    5114   1.0000000000E+00
    5115   1.0000000000E+00
    5116   1.0000000000E+00
    5117   1.0000000000E+00
    5118   1.0000000000E+00
    5119   1.0000000000E+00
    5120   1.0000000000E+00
    5121   1.0000000000E+00
    5122   1.0000000000E+00
    5123   1.0000000000E+00
    5124   1.0000000000E+00
    5125   1.0000000000E+00
    5126   1.0000000000E+00
    5127   1.0000000000E+00
    5128   1.0000000000E+00
    5129   1.0000000000E+00
    5130   1.0000000000E+00
    5131   1.0000000000E+00
    5132   1.0000000000E+00
    5133   1.0000000000E+00
    5134   1.0000000000E+00
    5135   1.0000000000E+00
    5136   1.0000000000E+00
    5137   1.0000000000E+00
    5138   1.0000000000E+00
    5139   1.0000000000E+00
    5140   1.0000000000E+00
    5141   1.0000000000E+00
    5142   1.0000000000E+00
    5143   1.0000000000E+00
    5144   1.0000000000E+00
    5145   1.0000000000E+00
    5146   1.0000000000E+00
    5147   1.0000000000E+00
    5148   1.0000000000E+00
    5149   1.0000000000E+00
    5150   1.0000000000E+00
    5151   1.0000000000E+00
    5152   1.0000000000E+00
    5153   1.0000000000E+00
    5154   1.0000000000E+00
    5155   1.0000000000E+00
    5156   1.0000000000E+00
    5157   1.0000000000E+00
    5158   1.0000000000E+00
    5159   1.0000000000E+00
    5160   1.0000000000E+00
    5161   1.0000000000E+00
    5162   1.0000000000E+00
    5163   1.0000000000E+00
    5164   1.0000000000E+00
    5165   1.0000000000E+00
    5166   1.0000000000E+00
    5167   1.0000000000E+00
    5168   1.0000000000E+00
    5169   1.0000000000E+00
    5170   1.0000000000E+00
    5171   1.0000000000E+00
    5172   1.0000000000E+00
    5173   1.0000000000E+00
    5174   1.0000000000E+00
    5175   1.0000000000E+00
    5176   1.0000000000E+00
    5177   1.0000000000E+00
    5178   1.0000000000E+00
    5179   1.0000000000E+00
    5180   1.0000000000E+00
    5181   1.0000000000E+00
    5182   1.0000000000E+00
    5183   1.0000000000E+00
    5184   1.0000000000E+00
    5185   1.0000000000E+00
    5186   1.0000000000E+00
    5187   1.0000000000E+00
    5188   1.0000000000E+00
    5189   1.0000000000E+00
    5190   1.0000000000E+00
    5191   1.0000000000E+00
    5192   1.0000000000E+00
    5193   1.0000000000E+00
    5194   1.0000000000E+00
    5195   1.0000000000E+00
    5196   1.0000000000E+00
    5197   1.0000000000E+00
    5198   1.0000000000E+00
    5199   1.0000000000E+00
    5200   1.0000000000E+00
    5201   1.0000000000E+00
    5202   1.0000000000E+00
    5203   1.0000000000E+00
    5204   1.0000000000E+00
    5205   1.0000000000E+00
    5206   1.0000000000E+00
    5207   1.0000000000E+00
    5208   1.0000000000E+00
    5209   1.0000000000E+00
    5210   1.0000000000E+00
    5211   1.0000000000E+00
    5212   1.0000000000E+00
    5213   1.0000000000E+00
    5214   1.0000000000E+00
    5215   1.0000000000E+00
    5216   1.0000000000E+00
    5217   1.0000000000E+00
    5218   1.0000000000E+00
    5219   1.0000000000E+00
    5220   1.0000000000E+00
    5221   1.0000000000E+00
    5222   1.0000000000E+00
    5223   1.0000000000E+00
    5224   1.0000000000E+00
    5225   1.0000000000E+00
    5226   1.0000000000E+00
    5227   1.0000000000E+00
    5228   1.0000000000E+00
    5229   1.0000000000E+00
    5230   1.0000000000E+00
    5231   1.0000000000E+00
    5232   1.0000000000E+00
    5233   1.0000000000E+00
    5234   1.0000000000E+00
    5235   1.0000000000E+00
    5236   1.0000000000E+00
    5237   1.0000000000E+00
    5238   1.0000000000E+00
    5239   1.0000000000E+00
    5240   1.0000000000E+00
    5241   1.0000000000E+00
    5242   1.0000000000E+00
    5243   1.0000000000E+00
    5244   1.0000000000E+00
    5245   1.0000000000E+00
    5246   1.0000000000E+00
    5247   1.0000000000E+00
    5248   1.0000000000E+00
    5249   1.0000000000E+00
    5250   1.0000000000E+00
    5251   1.0000000000E+00
    5252   1.0000000000E+00
    5253   1.0000000000E+00
    5254   1.0000000000E+00
    5255   1.0000000000E+00
    5256   1.0000000000E+00
    5257   1.0000000000E+00
    5258   1.0000000000E+00
    5259   1.0000000000E+00
    5260   1.0000000000E+00
    5261   1.0000000000E+00
    5262   1.0000000000E+00
    5263   1.0000000000E+00
    5264   1.0000000000E+00
    5265   1.0000000000E+00
    5266   1.0000000000E+00
    5267   1.0000000000E+00
    5268   1.0000000000E+00
    5269   1.0000000000E+00
    5270   1.0000000000E+00
    5271   1.0000000000E+00
    5272   1.0000000000E+00
    5273   1.0000000000E+00
    5274   1.0000000000E+00
    5275   1.0000000000E+00
    5276   1.0000000000E+00
    5277   1.0000000000E+00
    5278   1.0000000000E+00
    5279   1.0000000000E+00
    5280   1.0000000000E+00
    5281   1.0000000000E+00
    5282   1.0000000000E+00
    5283   1.0000000000E+00
    5284   1.0000000000E+00
    5285   1.0000000000E+00
    5286   1.0000000000E+00
    5287   1.0000000000E+00
    5288   1.0000000000E+00
    5289   1.0000000000E+00
    5290   1.0000000000E+00
    5291   1.0000000000E+00
    5292   1.0000000000E+00
    5293   1.0000000000E+00
    5294   1.0000000000E+00
    5295   1.0000000000E+00
    5296   1.0000000000E+00
    5297   1.0000000000E+00
    5298   1.0000000000E+00
    5299   1.0000000000E+00
    5300   1.0000000000E+00
    5301   1.0000000000E+00
    5302   1.0000000000E+00
    5303   1.0000000000E+00
    5304   1.0000000000E+00
    5305   1.0000000000E+00
    5306   1.0000000000E+00
    5307   1.0000000000E+00
    5308   1.0000000000E+00
    5309   1.0000000000E+00
    5310   1.0000000000E+00
    5311   1.0000000000E+00
    5312   1.0000000000E+00
    5313   1.0000000000E+00
    5314   1.0000000000E+00
    5315   1.0000000000E+00
    5316   1.0000000000E+00
    5317   1.0000000000E+00
    5318   1.0000000000E+00
    5319   1.0000000000E+00
    5320   1.0000000000E+00
    5321   1.0000000000E+00
    5322   1.0000000000E+00
    5323   1.0000000000E+00
    5324   1.0000000000E+00
    5325   1.0000000000E+00
    5326   1.0000000000E+00
    5327   1.0000000000E+00
    5328   1.0000000000E+00
    5329   1.0000000000E+00
    5330   1.0000000000E+00
    5331   1.0000000000E+00
    5332   1.0000000000E+00
    5333   1.0000000000E+00
    5334   1.0000000000E+00
    5335   1.0000000000E+00
    5336   1.0000000000E+00
    5337   1.0000000000E+00
    5338   1.0000000000E+00
    5339   1.0000000000E+00
    5340   1.0000000000E+00
    5341   1.0000000000E+00
    5342   1.0000000000E+00
    5343   1.0000000000E+00
    5344   1.0000000000E+00
    5345   1.0000000000E+00
    5346   1.0000000000E+00
    5347   1.0000000000E+00
    5348   1.0000000000E+00
    5349   1.0000000000E+00
    5350   1.0000000000E+00
    5351   1.0000000000E+00
    5352   1.0000000000E+00
    5353   1.0000000000E+00
    5354   1.0000000000E+00
    5355   1.0000000000E+00
    5356   1.0000000000E+00
    5357   1.0000000000E+00
    5358   1.0000000000E+00
    5359   1.0000000000E+00
    5360   1.0000000000E+00
    5361   1.0000000000E+00
    5362   1.0000000000E+00
    5363   1.0000000000E+00
    5364   1.0000000000E+00
    5365   1.0000000000E+00
    5366   1.0000000000E+00
    5367   1.0000000000E+00
    5368   1.0000000000E+00
    5369   1.0000000000E+00
    5370   1.0000000000E+00
    5371   1.0000000000E+00
    5372   1.0000000000E+00
    5373   1.0000000000E+00
    5374   1.0000000000E+00
    5375   1.0000000000E+00
    5376   1.0000000000E+00
    5377   1.0000000000E+00
    5378   1.0000000000E+00
    5379   1.0000000000E+00
    5380   1.0000000000E+00
    5381   1.0000000000E+00
    5382   1.0000000000E+00
    5383   1.0000000000E+00
    5384   1.0000000000E+00
    5385   1.0000000000E+00
    5386   1.0000000000E+00
    5387   1.0000000000E+00
    5388   1.0000000000E+00
    5389   1.0000000000E+00
    5390   1.0000000000E+00
    5391   1.0000000000E+00
    5392   1.0000000000E+00
    5393   1.0000000000E+00
    5394   1.0000000000E+00
    5395   1.0000000000E+00
    5396   1.0000000000E+00
    5397   1.0000000000E+00
    5398   1.0000000000E+00
    5399   1.0000000000E+00
    5400   1.0000000000E+00
    5401   1.0000000000E+00
    5402   1.0000000000E+00
    5403   1.0000000000E+00
    5404   1.0000000000E+00
    5405   1.0000000000E+00
    5406   1.0000000000E+00
    5407   1.0000000000E+00
    5408   1.0000000000E+00
    5409   1.0000000000E+00
    5410   1.0000000000E+00
    5411   1.0000000000E+00
    5412   1.0000000000E+00
    5413   1.0000000000E+00
    5414   1.0000000000E+00
    5415   1.0000000000E+00
    5416   1.0000000000E+00
    5417   1.0000000000E+00
    5418   1.0000000000E+00
    5419   1.0000000000E+00
    5420   1.0000000000E+00
    5421   1.0000000000E+00
    5422   1.0000000000E+00
    5423   1.0000000000E+00
    5424   1.0000000000E+00
    5425   1.0000000000E+00
    5426   1.0000000000E+00
    5427   1.0000000000E+00
    5428   1.0000000000E+00
    5429   1.0000000000E+00
    5430   1.0000000000E+00
    5431   1.0000000000E+00
    5432   1.0000000000E+00
    5433   1.0000000000E+00
    5434   1.0000000000E+00
    5435   1.0000000000E+00
    5436   1.0000000000E+00
    5437   1.0000000000E+00
    5438   1.0000000000E+00
    5439   1.0000000000E+00
    5440   1.0000000000E+00
    5441   1.0000000000E+00
    5442   1.0000000000E+00
    5443   1.0000000000E+00
    5444   1.0000000000E+00
    5445   1.0000000000E+00
    5446   1.0000000000E+00
    5447   1.0000000000E+00
    5448   1.0000000000E+00
    5449   1.0000000000E+00
    5450   1.0000000000E+00
    5451   1.0000000000E+00
    5452   1.0000000000E+00
    5453   1.0000000000E+00
    5454   1.0000000000E+00
    5455   1.0000000000E+00
    5456   1.0000000000E+00
    5457   1.0000000000E+00
    5458   1.0000000000E+00
    5459   1.0000000000E+00
    5460   1.0000000000E+00
    5461   1.0000000000E+00
    5462   1.0000000000E+00
    5463   1.0000000000E+00
    5464   1.0000000000E+00
    5465   1.0000000000E+00
    5466   1.0000000000E+00
    5467   1.0000000000E+00
    5468   1.0000000000E+00
    5469   1.0000000000E+00
    5470   1.0000000000E+00
    5471   1.0000000000E+00
    5472   1.0000000000E+00
    5473   1.0000000000E+00
    5474   1.0000000000E+00
    5475   1.0000000000E+00
    5476   1.0000000000E+00
    5477   1.0000000000E+00
    5478   1.0000000000E+00
    5479   1.0000000000E+00
    5480   1.0000000000E+00
    5481   1.0000000000E+00
    5482   1.0000000000E+00
    5483   1.0000000000E+00
    5484   1.0000000000E+00
    5485   1.0000000000E+00
    5486   1.0000000000E+00
    5487   1.0000000000E+00
    5488   1.0000000000E+00
    5489   1.0000000000E+00
    5490   1.0000000000E+00
    5491   1.0000000000E+00
    5492   1.0000000000E+00
    5493   1.0000000000E+00
    5494   1.0000000000E+00
    5495   1.0000000000E+00
    5496   1.0000000000E+00
    5497   1.0000000000E+00
    5498   1.0000000000E+00
    5499   1.0000000000E+00
    5500   1.0000000000E+00
    5501   1.0000000000E+00
    5502   1.0000000000E+00
    5503   1.0000000000E+00
    5504   1.0000000000E+00
    5505   1.0000000000E+00
    5506   1.0000000000E+00
    5507   1.0000000000E+00
    5508   1.0000000000E+00
    5509   1.0000000000E+00
    5510   1.0000000000E+00
    5511   1.0000000000E+00
    5512   1.0000000000E+00
    5513   1.0000000000E+00
    5514   1.0000000000E+00
    5515   1.0000000000E+00
    5516   1.0000000000E+00
    5517   1.0000000000E+00
    5518   1.0000000000E+00
    5519   1.0000000000E+00
    5520   1.0000000000E+00
    5521   1.0000000000E+00
    5522   1.0000000000E+00
    5523   1.0000000000E+00
    5524   1.0000000000E+00
    5525   1.0000000000E+00
    5526   1.0000000000E+00
    5527   1.0000000000E+00
    5528   1.0000000000E+00
    5529   1.0000000000E+00
    5530   1.0000000000E+00
    5531   1.0000000000E+00
    5532   1.0000000000E+00
    5533   1.0000000000E+00
    5534   1.0000000000E+00
    5535   1.0000000000E+00
    5536   1.0000000000E+00
    5537   1.0000000000E+00
    5538   1.0000000000E+00
    5539   1.0000000000E+00
    5540   1.0000000000E+00
    5541   1.0000000000E+00
    5542   1.0000000000E+00
    5543   1.0000000000E+00
    5544   1.0000000000E+00
    5545   1.0000000000E+00
    5546   1.0000000000E+00
    5547   1.0000000000E+00
    5548   1.0000000000E+00
    5549   1.0000000000E+00
    5550   1.0000000000E+00
    5551   1.0000000000E+00
    5552   1.0000000000E+00
    5553   1.0000000000E+00
    5554   1.0000000000E+00
    5555   1.0000000000E+00
    5556   1.0000000000E+00
    5557   1.0000000000E+00
    5558   1.0000000000E+00
    5559   1.0000000000E+00
    5560   1.0000000000E+00
    5561   1.0000000000E+00
    5562   1.0000000000E+00
    5563   1.0000000000E+00
    5564   1.0000000000E+00
    5565   1.0000000000E+00
    5566   1.0000000000E+00
    5567   1.0000000000E+00
    5568   1.0000000000E+00
    5569   1.0000000000E+00
    5570   1.0000000000E+00
    5571   1.0000000000E+00
    5572   1.0000000000E+00
    5573   1.0000000000E+00
    5574   1.0000000000E+00
    5575   1.0000000000E+00
    5576   1.0000000000E+00
    5577   1.0000000000E+00
    5578   1.0000000000E+00
    5579   1.0000000000E+00
    5580   1.0000000000E+00
    5581   1.0000000000E+00
    5582   1.0000000000E+00
    5583   1.0000000000E+00
    5584   1.0000000000E+00
    5585   1.0000000000E+00
    5586   1.0000000000E+00
    5587   1.0000000000E+00
    5588   1.0000000000E+00
    5589   1.0000000000E+00
    5590   1.0000000000E+00
    5591   1.0000000000E+00
    5592   1.0000000000E+00
    5593   1.0000000000E+00
    5594   1.0000000000E+00
    5595   1.0000000000E+00
    5596   1.0000000000E+00
    5597   1.0000000000E+00
    5598   1.0000000000E+00
    5599   1.0000000000E+00
    5600   1.0000000000E+00
    5601   1.0000000000E+00
    5602   1.0000000000E+00
    5603   1.0000000000E+00
    5604   1.0000000000E+00
    5605   1.0000000000E+00
    5606   1.0000000000E+00
    5607   1.0000000000E+00
    5608   1.0000000000E+00
    5609   1.0000000000E+00
    5610   1.0000000000E+00
    5611   1.0000000000E+00
    5612   1.0000000000E+00
    5613   1.0000000000E+00
    5614   1.0000000000E+00
    5615   1.0000000000E+00
    5616   1.0000000000E+00
    5617   1.0000000000E+00
    5618   1.0000000000E+00
    5619   1.0000000000E+00
    5620   1.0000000000E+00
    5621   1.0000000000E+00
    5622   1.0000000000E+00
    5623   1.0000000000E+00
    5624   1.0000000000E+00
    5625   1.0000000000E+00
    5626   1.0000000000E+00
    5627   1.0000000000E+00
    5628   1.0000000000E+00
    5629   1.0000000000E+00
    5630   1.0000000000E+00
    5631   1.0000000000E+00
    5632   1.0000000000E+00
    5633   1.0000000000E+00
    5634   1.0000000000E+00
    5635   1.0000000000E+00
    5636   1.0000000000E+00
    5637   1.0000000000E+00
    5638   1.0000000000E+00
    5639   1.0000000000E+00
    5640   1.0000000000E+00
    5641   1.0000000000E+00
    5642   1.0000000000E+00
    5643   1.0000000000E+00
    5644   1.0000000000E+00
    5645   1.0000000000E+00
    5646   1.0000000000E+00
    5647   1.0000000000E+00
    5648   1.0000000000E+00
    5649   1.0000000000E+00
    5650   1.0000000000E+00
    5651   1.0000000000E+00
    5652   1.0000000000E+00
    5653   1.0000000000E+00
    5654   1.0000000000E+00
    5655   1.0000000000E+00
    5656   1.0000000000E+00
    5657   1.0000000000E+00
    5658   1.0000000000E+00
    5659   1.0000000000E+00
    5660   1.0000000000E+00
    5661   1.0000000000E+00
    5662   1.0000000000E+00
    5663   1.0000000000E+00
    5664   1.0000000000E+00
    5665   1.0000000000E+00
    5666   1.0000000000E+00
    5667   1.0000000000E+00
    5668   1.0000000000E+00
    5669   1.0000000000E+00
    5670   1.0000000000E+00
    5671   1.0000000000E+00
    5672   1.0000000000E+00
    5673   1.0000000000E+00
    5674   1.0000000000E+00
    5675   1.0000000000E+00
    5676   1.0000000000E+00
    5677   1.0000000000E+00
    5678   1.0000000000E+00
    5679   1.0000000000E+00
    5680   1.0000000000E+00
    5681   1.0000000000E+00
    5682   1.0000000000E+00
    5683   1.0000000000E+00
    5684   1.0000000000E+00
    5685   1.0000000000E+00
    5686   1.0000000000E+00
    5687   1.0000000000E+00
    5688   1.0000000000E+00
    5689   1.0000000000E+00
    5690   1.0000000000E+00
    5691   1.0000000000E+00
    5692   1.0000000000E+00
    5693   1.0000000000E+00
    5694   1.0000000000E+00
    5695   1.0000000000E+00
    5696   1.0000000000E+00
    5697   1.0000000000E+00
    5698   1.0000000000E+00
    5699   1.0000000000E+00
    5700   1.0000000000E+00
    5701   1.0000000000E+00
    5702   1.0000000000E+00
    5703   1.0000000000E+00
    5704   1.0000000000E+00
    5705   1.0000000000E+00
    5706   1.0000000000E+00
    5707   1.0000000000E+00
    5708   1.0000000000E+00
    5709   1.0000000000E+00
    5710   1.0000000000E+00
    5711   1.0000000000E+00
    5712   1.0000000000E+00
    5713   1.0000000000E+00
    5714   1.0000000000E+00
    5715   1.0000000000E+00
    5716   1.0000000000E+00
    5717   1.0000000000E+00
    5718   1.0000000000E+00
    5719   1.0000000000E+00
    5720   1.0000000000E+00
    5721   1.0000000000E+00
    5722   1.0000000000E+00
    5723   1.0000000000E+00
    5724   1.0000000000E+00
    5725   1.0000000000E+00
    5726   1.0000000000E+00
    5727   1.0000000000E+00
    5728   1.0000000000E+00
    5729   1.0000000000E+00
    5730   1.0000000000E+00
    5731   1.0000000000E+00
    5732   1.0000000000E+00
    5733   1.0000000000E+00
    5734   1.0000000000E+00
    5735   1.0000000000E+00
    5736   1.0000000000E+00
    5737   1.0000000000E+00
    5738   1.0000000000E+00
    5739   1.0000000000E+00
    5740   1.0000000000E+00
    5741   1.0000000000E+00
    5742   1.0000000000E+00
    5743   1.0000000000E+00
    5744   1.0000000000E+00
    5745   1.0000000000E+00
    5746   1.0000000000E+00
    5747   1.0000000000E+00
    5748   1.0000000000E+00
    5749   1.0000000000E+00
    5750   1.0000000000E+00
    5751   1.0000000000E+00
    5752   1.0000000000E+00
    5753   1.0000000000E+00
    5754   1.0000000000E+00
    5755   1.0000000000E+00
    5756   1.0000000000E+00
    5757   1.0000000000E+00
    5758   1.0000000000E+00
    5759   1.0000000000E+00
    5760   1.0000000000E+00
    5761   1.0000000000E+00
    5762   1.0000000000E+00
    5763   1.0000000000E+00
    5764   1.0000000000E+00
    5765   1.0000000000E+00
    5766   1.0000000000E+00
    5767   1.0000000000E+00
    5768   1.0000000000E+00
    5769   1.0000000000E+00
    5770   1.0000000000E+00
    5771   1.0000000000E+00
    5772   1.0000000000E+00
    5773   1.0000000000E+00
    5774   1.0000000000E+00
    5775   1.0000000000E+00
    5776   1.0000000000E+00
    5777   1.0000000000E+00
    5778   1.0000000000E+00
    5779   1.0000000000E+00
    5780   1.0000000000E+00
    5781   1.0000000000E+00
    5782   1.0000000000E+00
    5783   1.0000000000E+00
    5784   1.0000000000E+00
    5785   1.0000000000E+00
    5786   1.0000000000E+00
    5787   1.0000000000E+00
    5788   1.0000000000E+00
    5789   1.0000000000E+00
    5790   1.0000000000E+00
    5791   1.0000000000E+00
    5792   1.0000000000E+00
    5793   1.0000000000E+00
    5794   1.0000000000E+00
    5795   1.0000000000E+00
    5796   1.0000000000E+00
    5797   1.0000000000E+00
    5798   1.0000000000E+00
    5799   1.0000000000E+00
    5800   1.0000000000E+00
    5801   1.0000000000E+00
    5802   1.0000000000E+00
    5803   1.0000000000E+00
    5804   1.0000000000E+00
    5805   1.0000000000E+00
    5806   1.0000000000E+00
    5807   1.0000000000E+00
    5808   1.0000000000E+00
    5809   1.0000000000E+00
    5810   1.0000000000E+00
    5811   1.0000000000E+00
    5812   1.0000000000E+00
    5813   1.0000000000E+00
    5814   1.0000000000E+00
    5815   1.0000000000E+00
    5816   1.0000000000E+00
    5817   1.0000000000E+00
    5818   1.0000000000E+00
    5819   1.0000000000E+00
    5820   1.0000000000E+00
    5821   1.0000000000E+00
    5822   1.0000000000E+00
    5823   1.0000000000E+00
    5824   1.0000000000E+00
    5825   1.0000000000E+00
    5826   1.0000000000E+00
    5827   1.0000000000E+00
    5828   1.0000000000E+00
    5829   1.0000000000E+00
    5830   1.0000000000E+00
    5831   1.0000000000E+00
    5832   1.0000000000E+00
    5833   1.0000000000E+00
    5834   1.0000000000E+00
    5835   1.0000000000E+00
    5836   1.0000000000E+00
    5837   1.0000000000E+00
    5838   1.0000000000E+00
    5839   1.0000000000E+00
    5840   1.0000000000E+00
    5841   1.0000000000E+00
    5842   1.0000000000E+00
    5843   1.0000000000E+00
    5844   1.0000000000E+00
    5845   1.0000000000E+00
    5846   1.0000000000E+00
    5847   1.0000000000E+00
    5848   1.0000000000E+00
    5849   1.0000000000E+00
    5850   1.0000000000E+00
    5851   1.0000000000E+00
    5852   1.0000000000E+00
    5853   1.0000000000E+00
    5854   1.0000000000E+00
    5855   1.0000000000E+00
    5856   1.0000000000E+00
    5857   1.0000000000E+00
    5858   1.0000000000E+00
    5859   1.0000000000E+00
    5860   1.0000000000E+00
    5861   1.0000000000E+00
    5862   1.0000000000E+00
    5863   1.0000000000E+00
    5864   1.0000000000E+00
    5865   1.0000000000E+00
    5866   1.0000000000E+00
    5867   1.0000000000E+00
    5868   1.0000000000E+00
    5869   1.0000000000E+00
    5870   1.0000000000E+00
    5871   1.0000000000E+00
    5872   1.0000000000E+00
    5873   1.0000000000E+00
    5874   1.0000000000E+00
    5875   1.0000000000E+00
    5876   1.0000000000E+00
    5877   1.0000000000E+00
    5878   1.0000000000E+00
    5879   1.0000000000E+00
    5880   1.0000000000E+00
    5881   1.0000000000E+00
    5882   1.0000000000E+00
    5883   1.0000000000E+00
    5884   1.0000000000E+00
    5885   1.0000000000E+00
    5886   1.0000000000E+00
    5887   1.0000000000E+00
    5888   1.0000000000E+00
    5889   1.0000000000E+00
    5890   1.0000000000E+00
    5891   1.0000000000E+00
    5892   1.0000000000E+00
    5893   1.0000000000E+00
    5894   1.0000000000E+00
    5895   1.0000000000E+00
    5896   1.0000000000E+00
    5897   1.0000000000E+00
    5898   1.0000000000E+00
    5899   1.0000000000E+00
    5900   1.0000000000E+00
    5901   1.0000000000E+00
    5902   1.0000000000E+00
    5903   1.0000000000E+00
    5904   1.0000000000E+00
    5905   1.0000000000E+00
    5906   1.0000000000E+00
    5907   1.0000000000E+00
    5908   1.0000000000E+00
    5909   1.0000000000E+00
    5910   1.0000000000E+00
    5911   1.0000000000E+00
    5912   1.0000000000E+00
    5913   1.0000000000E+00
    5914   1.0000000000E+00
    5915   1.0000000000E+00
    5916   1.0000000000E+00
    5917   1.0000000000E+00
    5918   1.0000000000E+00
    5919   1.0000000000E+00
    5920   1.0000000000E+00
    5921   1.0000000000E+00
    5922   1.0000000000E+00
    5923   1.0000000000E+00
    5924   1.0000000000E+00
    5925   1.0000000000E+00
    5926   1.0000000000E+00
    5927   1.0000000000E+00
    5928   1.0000000000E+00
    5929   1.0000000000E+00
    5930   1.0000000000E+00
    5931   1.0000000000E+00
    5932   1.0000000000E+00
    5933   1.0000000000E+00
    5934   1.0000000000E+00
    5935   1.0000000000E+00
    5936   1.0000000000E+00
    5937   1.0000000000E+00
    5938   1.0000000000E+00
    5939   1.0000000000E+00
    5940   1.0000000000E+00
    5941   1.0000000000E+00
    5942   1.0000000000E+00
    5943   1.0000000000E+00
    5944   1.0000000000E+00
    5945   1.0000000000E+00
    5946   1.0000000000E+00
    5947   1.0000000000E+00
    5948   1.0000000000E+00
    5949   1.0000000000E+00
    5950   1.0000000000E+00
    5951   1.0000000000E+00
    5952   1.0000000000E+00
    5953   1.0000000000E+00
    5954   1.0000000000E+00
    5955   1.0000000000E+00
    5956   1.0000000000E+00
    5957   1.0000000000E+00
    5958   1.0000000000E+00
    5959   1.0000000000E+00
    5960   1.0000000000E+00
    5961   1.0000000000E+00
    5962   1.0000000000E+00
    5963   1.0000000000E+00
    5964   1.0000000000E+00
    5965   1.0000000000E+00
    5966   1.0000000000E+00
    5967   1.0000000000E+00
    5968   1.0000000000E+00
    5969   1.0000000000E+00
    5970   1.0000000000E+00
    5971   1.0000000000E+00
    5972   1.0000000000E+00
    5973   1.0000000000E+00
    5974   1.0000000000E+00
    5975   1.0000000000E+00
    5976   1.0000000000E+00
    5977   1.0000000000E+00
    5978   1.0000000000E+00
    5979   1.0000000000E+00
    5980   1.0000000000E+00
    5981   1.0000000000E+00
    5982   1.0000000000E+00
    5983   1.0000000000E+00
    5984   1.0000000000E+00
    5985   1.0000000000E+00
    5986   1.0000000000E+00
    5987   1.0000000000E+00
    5988   1.0000000000E+00
    5989   1.0000000000E+00
    5990   1.0000000000E+00
    5991   1.0000000000E+00
    5992   1.0000000000E+00
    5993   1.0000000000E+00
    5994   1.0000000000E+00
    5995   1.0000000000E+00
    5996   1.0000000000E+00
    5997   1.0000000000E+00
    5998   1.0000000000E+00
    5999   1.0000000000E+00
    6000   1.0000000000E+00
    6001   1.0000000000E+00
    6002   1.0000000000E+00
    6003   1.0000000000E+00
    6004   1.0000000000E+00
    6005   1.0000000000E+00
    6006   1.0000000000E+00
    6007   1.0000000000E+00
    6008   1.0000000000E+00
    6009   1.0000000000E+00
    6010   1.0000000000E+00
    6011   1.0000000000E+00
    6012   1.0000000000E+00
    6013   1.0000000000E+00
    6014   1.0000000000E+00
    6015   1.0000000000E+00
    6016   1.0000000000E+00
    6017   1.0000000000E+00
    6018   1.0000000000E+00
    6019   1.0000000000E+00
    6020   1.0000000000E+00
    6021   1.0000000000E+00
    6022   1.0000000000E+00
    6023   1.0000000000E+00
    6024   1.0000000000E+00
    6025   1.0000000000E+00
    6026   1.0000000000E+00
    6027   1.0000000000E+00
    6028   1.0000000000E+00
    6029   1.0000000000E+00
    6030   1.0000000000E+00
    6031   1.0000000000E+00
    6032   1.0000000000E+00
    6033   1.0000000000E+00
    6034   1.0000000000E+00
    6035   1.0000000000E+00
    6036   1.0000000000E+00
    6037   1.0000000000E+00
    6038   1.0000000000E+00
    6039   1.0000000000E+00
    6040   1.0000000000E+00
    6041   1.0000000000E+00
    6042   1.0000000000E+00
    6043   1.0000000000E+00
    6044   1.0000000000E+00
    6045   1.0000000000E+00
    6046   1.0000000000E+00
    6047   1.0000000000E+00
    6048   1.0000000000E+00
    6049   1.0000000000E+00
    6050   1.0000000000E+00
    6051   1.0000000000E+00
    6052   1.0000000000E+00
    6053   1.0000000000E+00
    6054   1.0000000000E+00
    6055   1.0000000000E+00
    6056   1.0000000000E+00
    6057   1.0000000000E+00
    6058   1.0000000000E+00
    6059   1.0000000000E+00
    6060   1.0000000000E+00
    6061   1.0000000000E+00
    6062   1.0000000000E+00
    6063   1.0000000000E+00
    6064   1.0000000000E+00
    6065   1.0000000000E+00
    6066   1.0000000000E+00
    6067   1.0000000000E+00
    6068   1.0000000000E+00
    6069   1.0000000000E+00
    6070   1.0000000000E+00
    6071   1.0000000000E+00
    6072   1.0000000000E+00
    6073   1.0000000000E+00
    6074   1.0000000000E+00
    6075   1.0000000000E+00
    6076   1.0000000000E+00
    6077   1.0000000000E+00
    6078   1.0000000000E+00
    6079   1.0000000000E+00
    6080   1.0000000000E+00
    6081   1.0000000000E+00
    6082   1.0000000000E+00
    6083   1.0000000000E+00
    6084   1.0000000000E+00
    6085   1.0000000000E+00
    6086   1.0000000000E+00
    6087   1.0000000000E+00
    6088   1.0000000000E+00
    6089   1.0000000000E+00
    6090   1.0000000000E+00
    6091   1.0000000000E+00
    6092   1.0000000000E+00
    6093   1.0000000000E+00
    6094   1.0000000000E+00
    6095   1.0000000000E+00
    6096   1.0000000000E+00
    6097   1.0000000000E+00
    6098   1.0000000000E+00
    6099   1.0000000000E+00
    6100   1.0000000000E+00
    6101   1.0000000000E+00
    6102   1.0000000000E+00
    6103   1.0000000000E+00
    6104   1.0000000000E+00
    6105   1.0000000000E+00
    6106   1.0000000000E+00
    6107   1.0000000000E+00
    6108   1.0000000000E+00
    6109   1.0000000000E+00
    6110   1.0000000000E+00
    6111   1.0000000000E+00
    6112   1.0000000000E+00
    6113   1.0000000000E+00
    6114   1.0000000000E+00
    6115   1.0000000000E+00
    6116   1.0000000000E+00
    6117   1.0000000000E+00
    6118   1.0000000000E+00
    6119   1.0000000000E+00
    6120   1.0000000000E+00
    6121   1.0000000000E+00
    6122   1.0000000000E+00
    6123   1.0000000000E+00
    6124   1.0000000000E+00
    6125   1.0000000000E+00
    6126   1.0000000000E+00
    6127   1.0000000000E+00
    6128   1.0000000000E+00
    6129   1.0000000000E+00
    6130   1.0000000000E+00
    6131   1.0000000000E+00
    6132   1.0000000000E+00
    6133   1.0000000000E+00
    6134   1.0000000000E+00
    6135   1.0000000000E+00
    6136   1.0000000000E+00
    6137   1.0000000000E+00
    6138   1.0000000000E+00
    6139   1.0000000000E+00
    6140   1.0000000000E+00
    6141   1.0000000000E+00
    6142   1.0000000000E+00
    6143   1.0000000000E+00
    6144   1.0000000000E+00
    6145   1.0000000000E+00
    6146   1.0000000000E+00
    6147   1.0000000000E+00
    6148   1.0000000000E+00
    6149   1.0000000000E+00
    6150   1.0000000000E+00
    6151   1.0000000000E+00
    6152   1.0000000000E+00
    6153   1.0000000000E+00
    6154   1.0000000000E+00
    6155   1.0000000000E+00
    6156   1.0000000000E+00
    6157   1.0000000000E+00
    6158   1.0000000000E+00
    6159   1.0000000000E+00
    6160   1.0000000000E+00
    6161   1.0000000000E+00
    6162   1.0000000000E+00
    6163   1.0000000000E+00
    6164   1.0000000000E+00
    6165   1.0000000000E+00
    6166   1.0000000000E+00
    6167   1.0000000000E+00
    6168   1.0000000000E+00
    6169   1.0000000000E+00
    6170   1.0000000000E+00
    6171   1.0000000000E+00
    6172   1.0000000000E+00
    6173   1.0000000000E+00
    6174   1.0000000000E+00
    6175   1.0000000000E+00
    6176   1.0000000000E+00
    6177   1.0000000000E+00
    6178   1.0000000000E+00
    6179   1.0000000000E+00
    6180   1.0000000000E+00
    6181   1.0000000000E+00
    6182   1.0000000000E+00
    6183   1.0000000000E+00
    6184   1.0000000000E+00
    6185   1.0000000000E+00
    6186   1.0000000000E+00
    6187   1.0000000000E+00
    6188   1.0000000000E+00
    6189   1.0000000000E+00
    6190   1.0000000000E+00
    6191   1.0000000000E+00
    6192   1.0000000000E+00
    6193   1.0000000000E+00
    6194   1.0000000000E+00
    6195   1.0000000000E+00
    6196   1.0000000000E+00
    6197   1.0000000000E+00
    6198   1.0000000000E+00
    6199   1.0000000000E+00
    6200   1.0000000000E+00
    6201   1.0000000000E+00
    6202   1.0000000000E+00
    6203   1.0000000000E+00
    6204   1.0000000000E+00
    6205   1.0000000000E+00
    6206   1.0000000000E+00
    6207   1.0000000000E+00
    6208   1.0000000000E+00
    6209   1.0000000000E+00
    6210   1.0000000000E+00
    6211   1.0000000000E+00
    6212   1.0000000000E+00
    6213   1.0000000000E+00
    6214   1.0000000000E+00
    6215   1.0000000000E+00
    6216   1.0000000000E+00
    6217   1.0000000000E+00
    6218   1.0000000000E+00
    6219   1.0000000000E+00
    6220   1.0000000000E+00
    6221   1.0000000000E+00
    6222   1.0000000000E+00
    6223   1.0000000000E+00
    6224   1.0000000000E+00
    6225   1.0000000000E+00
    6226   1.0000000000E+00
    6227   1.0000000000E+00
    6228   1.0000000000E+00
    6229   1.0000000000E+00
    6230   1.0000000000E+00
    6231   1.0000000000E+00
    6232   1.0000000000E+00
    6233   1.0000000000E+00
    6234   1.0000000000E+00
    6235   1.0000000000E+00
    6236   1.0000000000E+00
    6237   1.0000000000E+00
    6238   1.0000000000E+00
    6239   1.0000000000E+00
    6240   1.0000000000E+00
    6241   1.0000000000E+00
    6242   1.0000000000E+00
    6243   1.0000000000E+00
    6244   1.0000000000E+00
    6245   1.0000000000E+00
    6246   1.0000000000E+00
    6247   1.0000000000E+00
    6248   1.0000000000E+00
    6249   1.0000000000E+00
    6250   1.0000000000E+00
    6251   1.0000000000E+00
    6252   1.0000000000E+00
    6253   1.0000000000E+00
    6254   1.0000000000E+00
    6255   1.0000000000E+00
    6256   1.0000000000E+00
    6257   1.0000000000E+00
    6258   1.0000000000E+00
    6259   1.0000000000E+00
    6260   1.0000000000E+00
    6261   1.0000000000E+00
    6262   1.0000000000E+00
    6263   1.0000000000E+00
    6264   1.0000000000E+00
    6265   1.0000000000E+00
    6266   1.0000000000E+00
    6267   1.0000000000E+00
    6268   1.0000000000E+00
    6269   1.0000000000E+00
    6270   1.0000000000E+00
    6271   1.0000000000E+00
    6272   1.0000000000E+00
    6273   1.0000000000E+00
    6274   1.0000000000E+00
    6275   1.0000000000E+00
    6276   1.0000000000E+00
    6277   1.0000000000E+00
    6278   1.0000000000E+00
    6279   1.0000000000E+00
    6280   1.0000000000E+00
    6281   1.0000000000E+00
    6282   1.0000000000E+00
    6283   1.0000000000E+00
    6284   1.0000000000E+00
    6285   1.0000000000E+00
    6286   1.0000000000E+00
    6287   1.0000000000E+00
    6288   1.0000000000E+00
    6289   1.0000000000E+00
    6290   1.0000000000E+00
    6291   1.0000000000E+00
    6292   1.0000000000E+00
    6293   1.0000000000E+00
    6294   1.0000000000E+00
    6295   1.0000000000E+00
    6296   1.0000000000E+00
    6297   1.0000000000E+00
    6298   1.0000000000E+00
    6299   1.0000000000E+00
    6300   1.0000000000E+00
    6301   1.0000000000E+00
    6302   1.0000000000E+00
    6303   1.0000000000E+00
    6304   1.0000000000E+00
    6305   1.0000000000E+00
    6306   1.0000000000E+00
    6307   1.0000000000E+00
    6308   1.0000000000E+00
    6309   1.0000000000E+00
    6310   1.0000000000E+00
    6311   1.0000000000E+00
    6312   1.0000000000E+00
    6313   1.0000000000E+00
    6314   1.0000000000E+00
    6315   1.0000000000E+00
    6316   1.0000000000E+00
    6317   1.0000000000E+00
    6318   1.0000000000E+00
    6319   1.0000000000E+00
    6320   1.0000000000E+00
    6321   1.0000000000E+00
    6322   1.0000000000E+00
    6323   1.0000000000E+00
    6324   1.0000000000E+00
    6325   1.0000000000E+00
    6326   1.0000000000E+00
    6327   1.0000000000E+00
    6328   1.0000000000E+00
    6329   1.0000000000E+00
    6330   1.0000000000E+00
    6331   1.0000000000E+00
    6332   1.0000000000E+00
    6333   1.0000000000E+00
    6334   1.0000000000E+00
    6335   1.0000000000E+00
    6336   1.0000000000E+00
    6337   1.0000000000E+00
    6338   1.0000000000E+00
    6339   1.0000000000E+00
    6340   1.0000000000E+00
    6341   1.0000000000E+00
    6342   1.0000000000E+00
    6343   1.0000000000E+00
    6344   1.0000000000E+00
    6345   1.0000000000E+00
    6346   1.0000000000E+00
    6347   1.0000000000E+00
    6348   1.0000000000E+00
    6349   1.0000000000E+00
    6350   1.0000000000E+00
    6351   1.0000000000E+00
    6352   1.0000000000E+00
    6353   1.0000000000E+00
    6354   1.0000000000E+00
    6355   1.0000000000E+00
    6356   1.0000000000E+00
    6357   1.0000000000E+00
    6358   1.0000000000E+00
    6359   1.0000000000E+00
    6360   1.0000000000E+00
    6361   1.0000000000E+00
    6362   1.0000000000E+00
    6363   1.0000000000E+00
    6364   1.0000000000E+00
    6365   1.0000000000E+00
    6366   1.0000000000E+00
    6367   1.0000000000E+00
    6368   1.0000000000E+00
    6369   1.0000000000E+00
    6370   1.0000000000E+00
    6371   1.0000000000E+00
    6372   1.0000000000E+00
    6373   1.0000000000E+00
    6374   1.0000000000E+00
    6375   1.0000000000E+00
    6376   1.0000000000E+00
    6377   1.0000000000E+00
    6378   1.0000000000E+00
    6379   1.0000000000E+00
    6380   1.0000000000E+00
    6381   1.0000000000E+00
    6382   1.0000000000E+00
    6383   1.0000000000E+00
    6384   1.0000000000E+00
    6385   1.0000000000E+00
    6386   1.0000000000E+00
    6387   1.0000000000E+00
    6388   1.0000000000E+00
    6389   1.0000000000E+00
    6390   1.0000000000E+00
    6391   1.0000000000E+00
    6392   1.0000000000E+00
    6393   1.0000000000E+00
    6394   1.0000000000E+00
    6395   1.0000000000E+00
    6396   1.0000000000E+00
    6397   1.0000000000E+00
    6398   1.0000000000E+00
    6399   1.0000000000E+00
    6400   1.0000000000E+00
    6401   1.0000000000E+00
    6402   1.0000000000E+00
    6403   1.0000000000E+00
    6404   1.0000000000E+00
    6405   1.0000000000E+00
    6406   1.0000000000E+00
    6407   1.0000000000E+00
    6408   1.0000000000E+00
    6409   1.0000000000E+00
    6410   1.0000000000E+00
    6411   1.0000000000E+00
    6412   1.0000000000E+00
    6413   1.0000000000E+00
    6414   1.0000000000E+00
    6415   1.0000000000E+00
    6416   1.0000000000E+00
    6417   1.0000000000E+00
    6418   1.0000000000E+00
    6419   1.0000000000E+00
    6420   1.0000000000E+00
    6421   1.0000000000E+00
    6422   1.0000000000E+00
    6423   1.0000000000E+00
    6424   1.0000000000E+00
    6425   1.0000000000E+00
    6426   1.0000000000E+00
    6427   1.0000000000E+00
    6428   1.0000000000E+00
    6429   1.0000000000E+00
    6430   1.0000000000E+00
    6431   1.0000000000E+00
    6432   1.0000000000E+00
    6433   1.0000000000E+00
    6434   1.0000000000E+00
    6435   1.0000000000E+00
    6436   1.0000000000E+00
    6437   1.0000000000E+00
    6438   1.0000000000E+00
    6439   1.0000000000E+00
    6440   1.0000000000E+00
    6441   1.0000000000E+00
    6442   1.0000000000E+00
    6443   1.0000000000E+00
    6444   1.0000000000E+00
    6445   1.0000000000E+00
    6446   1.0000000000E+00
    6447   1.0000000000E+00
    6448   1.0000000000E+00
    6449   1.0000000000E+00
    6450   1.0000000000E+00
    6451   1.0000000000E+00
    6452   1.0000000000E+00
    6453   1.0000000000E+00
    6454   1.0000000000E+00
    6455   1.0000000000E+00
    6456   1.0000000000E+00
    6457   1.0000000000E+00
    6458   1.0000000000E+00
    6459   1.0000000000E+00
    6460   1.0000000000E+00
    6461   1.0000000000E+00
    6462   1.0000000000E+00
    6463   1.0000000000E+00
    6464   1.0000000000E+00
    6465   1.0000000000E+00
    6466   1.0000000000E+00
    6467   1.0000000000E+00
    6468   1.0000000000E+00
    6469   1.0000000000E+00
    6470   1.0000000000E+00
    6471   1.0000000000E+00
    6472   1.0000000000E+00
    6473   1.0000000000E+00
    6474   1.0000000000E+00
    6475   1.0000000000E+00
    6476   1.0000000000E+00
    6477   1.0000000000E+00
    6478   1.0000000000E+00
    6479   1.0000000000E+00
    6480   1.0000000000E+00
    6481   1.0000000000E+00
    6482   1.0000000000E+00
    6483   1.0000000000E+00
    6484   1.0000000000E+00
    6485   1.0000000000E+00
    6486   1.0000000000E+00
    6487   1.0000000000E+00
    6488   1.0000000000E+00
    6489   1.0000000000E+00
    6490   1.0000000000E+00
    6491   1.0000000000E+00
    6492   1.0000000000E+00
    6493   1.0000000000E+00
    6494   1.0000000000E+00
    6495   1.0000000000E+00
    6496   1.0000000000E+00
    6497   1.0000000000E+00
    6498   1.0000000000E+00
    6499   1.0000000000E+00
    6500   1.0000000000E+00
    6501   1.0000000000E+00
    6502   1.0000000000E+00
    6503   1.0000000000E+00
    6504   1.0000000000E+00
    6505   1.0000000000E+00
    6506   1.0000000000E+00
    6507   1.0000000000E+00
    6508   1.0000000000E+00
    6509   1.0000000000E+00
    6510   1.0000000000E+00
    6511   1.0000000000E+00
    6512   1.0000000000E+00
    6513   1.0000000000E+00
    6514   1.0000000000E+00
    6515   1.0000000000E+00
    6516   1.0000000000E+00
    6517   1.0000000000E+00
    6518   1.0000000000E+00
    6519   1.0000000000E+00
    6520   1.0000000000E+00
    6521   1.0000000000E+00
    6522   1.0000000000E+00
    6523   1.0000000000E+00
    6524   1.0000000000E+00
    6525   1.0000000000E+00
    6526   1.0000000000E+00
    6527   1.0000000000E+00
    6528   1.0000000000E+00
    6529   1.0000000000E+00
    6530   1.0000000000E+00
    6531   1.0000000000E+00
    6532   1.0000000000E+00
    6533   1.0000000000E+00
    6534   1.0000000000E+00
    6535   1.0000000000E+00
    6536   1.0000000000E+00
    6537   1.0000000000E+00
    6538   1.0000000000E+00
    6539   1.0000000000E+00
    6540   1.0000000000E+00
    6541   1.0000000000E+00
    6542   1.0000000000E+00
    6543   1.0000000000E+00
    6544   1.0000000000E+00
    6545   1.0000000000E+00
    6546   1.0000000000E+00
    6547   1.0000000000E+00
    6548   1.0000000000E+00
    6549   1.0000000000E+00
    6550   1.0000000000E+00
    6551   1.0000000000E+00
    6552   1.0000000000E+00
    6553   1.0000000000E+00
    6554   1.0000000000E+00
    6555   1.0000000000E+00
    6556   1.0000000000E+00
    6557   1.0000000000E+00
    6558   1.0000000000E+00
    6559   1.0000000000E+00
    6560   1.0000000000E+00
    6561   1.0000000000E+00
    6562   1.0000000000E+00
    6563   1.0000000000E+00
    6564   1.0000000000E+00
    6565   1.0000000000E+00
    6566   1.0000000000E+00
    6567   1.0000000000E+00
    6568   1.0000000000E+00
    6569   1.0000000000E+00
    6570   1.0000000000E+00
    6571   1.0000000000E+00
    6572   1.0000000000E+00
    6573   1.0000000000E+00
    6574   1.0000000000E+00
    6575   1.0000000000E+00
    6576   1.0000000000E+00
    6577   1.0000000000E+00
    6578   1.0000000000E+00
    6579   1.0000000000E+00
    6580   1.0000000000E+00
    6581   1.0000000000E+00
    6582   1.0000000000E+00
    6583   1.0000000000E+00
    6584   1.0000000000E+00
    6585   1.0000000000E+00
    6586   1.0000000000E+00
    6587   1.0000000000E+00
    6588   1.0000000000E+00
    6589   1.0000000000E+00
    6590   1.0000000000E+00
    6591   1.0000000000E+00
    6592   1.0000000000E+00
    6593   1.0000000000E+00
    6594   1.0000000000E+00
    6595   1.0000000000E+00
    6596   1.0000000000E+00
    6597   1.0000000000E+00
    6598   1.0000000000E+00
    6599   1.0000000000E+00
    6600   1.0000000000E+00
    6601   1.0000000000E+00
    6602   1.0000000000E+00
    6603   1.0000000000E+00
    6604   1.0000000000E+00
    6605   1.0000000000E+00
    6606   1.0000000000E+00
    6607   1.0000000000E+00
    6608   1.0000000000E+00
    6609   1.0000000000E+00
    6610   1.0000000000E+00
    6611   1.0000000000E+00
    6612   1.0000000000E+00
    6613   1.0000000000E+00
    6614   1.0000000000E+00
    6615   1.0000000000E+00
    6616   1.0000000000E+00
    6617   1.0000000000E+00
    6618   1.0000000000E+00
    6619   1.0000000000E+00
    6620   1.0000000000E+00
    6621   1.0000000000E+00
    6622   1.0000000000E+00
    6623   1.0000000000E+00
    6624   1.0000000000E+00
    6625   1.0000000000E+00
    6626   1.0000000000E+00
    6627   1.0000000000E+00
    6628   1.0000000000E+00
    6629   1.0000000000E+00
    6630   1.0000000000E+00
    6631   1.0000000000E+00
    6632   1.0000000000E+00
    6633   1.0000000000E+00
    6634   1.0000000000E+00
    6635   1.0000000000E+00
    6636   1.0000000000E+00
    6637   1.0000000000E+00
    6638   1.0000000000E+00
    6639   1.0000000000E+00
    6640   1.0000000000E+00
    6641   1.0000000000E+00
    6642   1.0000000000E+00
    6643   1.0000000000E+00
    6644   1.0000000000E+00
    6645   1.0000000000E+00
    6646   1.0000000000E+00
    6647   1.0000000000E+00
    6648   1.0000000000E+00
    6649   1.0000000000E+00
    6650   1.0000000000E+00
    6651   1.0000000000E+00
    6652   1.0000000000E+00
    6653   1.0000000000E+00
    6654   1.0000000000E+00
    6655   1.0000000000E+00
    6656   1.0000000000E+00
    6657   1.0000000000E+00
    6658   1.0000000000E+00
    6659   1.0000000000E+00
    6660   1.0000000000E+00
    6661   1.0000000000E+00
    6662   1.0000000000E+00
    6663   1.0000000000E+00
    6664   1.0000000000E+00
    6665   1.0000000000E+00
    6666   1.0000000000E+00
    6667   1.0000000000E+00
    6668   1.0000000000E+00
    6669   1.0000000000E+00
    6670   1.0000000000E+00
    6671   1.0000000000E+00
    6672   1.0000000000E+00
    6673   1.0000000000E+00
    6674   1.0000000000E+00
    6675   1.0000000000E+00
    6676   1.0000000000E+00
    6677   1.0000000000E+00
    6678   1.0000000000E+00
    6679   1.0000000000E+00
    6680   1.0000000000E+00
    6681   1.0000000000E+00
    6682   1.0000000000E+00
    6683   1.0000000000E+00
    6684   1.0000000000E+00
    6685   1.0000000000E+00
    6686   1.0000000000E+00
    6687   1.0000000000E+00
    6688   1.0000000000E+00
    6689   1.0000000000E+00
    6690   1.0000000000E+00
    6691   1.0000000000E+00
    6692   1.0000000000E+00
    6693   1.0000000000E+00
    6694   1.0000000000E+00
    6695   1.0000000000E+00
    6696   1.0000000000E+00
    6697   1.0000000000E+00
    6698   1.0000000000E+00
    6699   1.0000000000E+00
    6700   1.0000000000E+00
    6701   1.0000000000E+00
    6702   1.0000000000E+00
    6703   1.0000000000E+00
    6704   1.0000000000E+00
    6705   1.0000000000E+00
    6706   1.0000000000E+00
    6707   1.0000000000E+00
    6708   1.0000000000E+00
    6709   1.0000000000E+00
    6710   1.0000000000E+00
    6711   1.0000000000E+00
    6712   1.0000000000E+00
    6713   1.0000000000E+00
    6714   1.0000000000E+00
    6715   1.0000000000E+00
    6716   1.0000000000E+00
    6717   1.0000000000E+00
    6718   1.0000000000E+00
    6719   1.0000000000E+00
    6720   1.0000000000E+00
    6721   1.0000000000E+00
    6722   1.0000000000E+00
    6723   1.0000000000E+00
    6724   1.0000000000E+00
    6725   1.0000000000E+00
    6726   1.0000000000E+00
    6727   1.0000000000E+00
    6728   1.0000000000E+00
    6729   1.0000000000E+00
    6730   1.0000000000E+00
    6731   1.0000000000E+00
    6732   1.0000000000E+00
    6733   1.0000000000E+00
    6734   1.0000000000E+00
    6735   1.0000000000E+00
    6736   1.0000000000E+00
    6737   1.0000000000E+00
    6738   1.0000000000E+00
    6739   1.0000000000E+00
    6740   1.0000000000E+00
    6741   1.0000000000E+00
    6742   1.0000000000E+00
    6743   1.0000000000E+00
    6744   1.0000000000E+00
    6745   1.0000000000E+00
    6746   1.0000000000E+00
    6747   1.0000000000E+00
    6748   1.0000000000E+00
    6749   1.0000000000E+00
    6750   1.0000000000E+00
    6751   1.0000000000E+00
    6752   1.0000000000E+00
    6753   1.0000000000E+00
    6754   1.0000000000E+00
    6755   1.0000000000E+00
    6756   1.0000000000E+00
    6757   1.0000000000E+00
    6758   1.0000000000E+00
    6759   1.0000000000E+00
    6760   1.0000000000E+00
    6761   1.0000000000E+00
    6762   1.0000000000E+00
    6763   1.0000000000E+00
    6764   1.0000000000E+00
    6765   1.0000000000E+00
    6766   1.0000000000E+00
    6767   1.0000000000E+00
    6768   1.0000000000E+00
    6769   1.0000000000E+00
    6770   1.0000000000E+00
    6771   1.0000000000E+00
    6772   1.0000000000E+00
    6773   1.0000000000E+00
    6774   1.0000000000E+00
    6775   1.0000000000E+00
    6776   1.0000000000E+00
    6777   1.0000000000E+00
    6778   1.0000000000E+00
    6779   1.0000000000E+00
    6780   1.0000000000E+00
    6781   1.0000000000E+00
    6782   1.0000000000E+00
    6783   1.0000000000E+00
    6784   1.0000000000E+00
    6785   1.0000000000E+00
    6786   1.0000000000E+00
    6787   1.0000000000E+00
    6788   1.0000000000E+00
    6789   1.0000000000E+00
    6790   1.0000000000E+00
    6791   1.0000000000E+00
    6792   1.0000000000E+00
    6793   1.0000000000E+00
    6794   1.0000000000E+00
    6795   1.0000000000E+00
    6796   1.0000000000E+00
    6797   1.0000000000E+00
    6798   1.0000000000E+00
    6799   1.0000000000E+00
    6800   1.0000000000E+00
    6801   1.0000000000E+00
    6802   1.0000000000E+00
    6803   1.0000000000E+00
    6804   1.0000000000E+00
    6805   1.0000000000E+00
    6806   1.0000000000E+00
    6807   1.0000000000E+00
    6808   1.0000000000E+00
    6809   1.0000000000E+00
    6810   1.0000000000E+00
    6811   1.0000000000E+00
    6812   1.0000000000E+00
    6813   1.0000000000E+00
    6814   1.0000000000E+00
    6815   1.0000000000E+00
    6816   1.0000000000E+00
    6817   1.0000000000E+00
    6818   1.0000000000E+00
    6819   1.0000000000E+00
    6820   1.0000000000E+00
    6821   1.0000000000E+00
    6822   1.0000000000E+00
    6823   1.0000000000E+00
    6824   1.0000000000E+00
    6825   1.0000000000E+00
    6826   1.0000000000E+00
    6827   1.0000000000E+00
    6828   1.0000000000E+00
    6829   1.0000000000E+00
    6830   1.0000000000E+00
    6831   1.0000000000E+00
    6832   1.0000000000E+00
    6833   1.0000000000E+00
    6834   1.0000000000E+00
    6835   1.0000000000E+00
    6836   1.0000000000E+00
    6837   1.0000000000E+00
    6838   1.0000000000E+00
    6839   1.0000000000E+00
    6840   1.0000000000E+00
    6841   1.0000000000E+00
    6842   1.0000000000E+00
    6843   1.0000000000E+00
    6844   1.0000000000E+00
    6845   1.0000000000E+00
    6846   1.0000000000E+00
    6847   1.0000000000E+00
    6848   1.0000000000E+00
    6849   1.0000000000E+00
    6850   1.0000000000E+00
    6851   1.0000000000E+00
    6852   1.0000000000E+00
    6853   1.0000000000E+00
    6854   1.0000000000E+00
    6855   1.0000000000E+00
    6856   1.0000000000E+00
    6857   1.0000000000E+00
    6858   1.0000000000E+00
    6859   1.0000000000E+00
    6860   1.0000000000E+00
    6861   1.0000000000E+00
    6862   1.0000000000E+00
    6863   1.0000000000E+00
    6864   1.0000000000E+00
    6865   1.0000000000E+00
    6866   1.0000000000E+00
    6867   1.0000000000E+00
    6868   1.0000000000E+00
    6869   1.0000000000E+00
    6870   1.0000000000E+00
    6871   1.0000000000E+00
    6872   1.0000000000E+00
    6873   1.0000000000E+00
    6874   1.0000000000E+00
    6875   1.0000000000E+00
    6876   1.0000000000E+00
    6877   1.0000000000E+00
    6878   1.0000000000E+00
    6879   1.0000000000E+00
    6880   1.0000000000E+00
    6881   1.0000000000E+00
    6882   1.0000000000E+00
    6883   1.0000000000E+00
    6884   1.0000000000E+00
    6885   1.0000000000E+00
    6886   1.0000000000E+00
    6887   1.0000000000E+00
    6888   1.0000000000E+00
    6889   1.0000000000E+00
    6890   1.0000000000E+00
    6891   1.0000000000E+00
    6892   1.0000000000E+00
    6893   1.0000000000E+00
    6894   1.0000000000E+00
    6895   1.0000000000E+00
    6896   1.0000000000E+00
    6897   1.0000000000E+00
    6898   1.0000000000E+00
    6899   1.0000000000E+00
    6900   1.0000000000E+00
    6901   1.0000000000E+00
    6902   1.0000000000E+00
    6903   1.0000000000E+00
    6904   1.0000000000E+00
    6905   1.0000000000E+00
    6906   1.0000000000E+00
    6907   1.0000000000E+00
    6908   1.0000000000E+00
    6909   1.0000000000E+00
    6910   1.0000000000E+00
    6911   1.0000000000E+00
    6912   1.0000000000E+00
    6913   1.0000000000E+00
    6914   1.0000000000E+00
    6915   1.0000000000E+00
    6916   1.0000000000E+00
    6917   1.0000000000E+00
    6918   1.0000000000E+00
    6919   1.0000000000E+00
    6920   1.0000000000E+00
    6921   1.0000000000E+00
    6922   1.0000000000E+00
    6923   1.0000000000E+00
    6924   1.0000000000E+00
    6925   1.0000000000E+00
    6926   1.0000000000E+00
    6927   1.0000000000E+00
    6928   1.0000000000E+00
    6929   1.0000000000E+00
    6930   1.0000000000E+00
    6931   1.0000000000E+00
    6932   1.0000000000E+00
    6933   1.0000000000E+00
    6934   1.0000000000E+00
    6935   1.0000000000E+00
    6936   1.0000000000E+00
    6937   1.0000000000E+00
    6938   1.0000000000E+00
    6939   1.0000000000E+00
    6940   1.0000000000E+00
    6941   1.0000000000E+00
    6942   1.0000000000E+00
    6943   1.0000000000E+00
    6944   1.0000000000E+00
    6945   1.0000000000E+00
    6946   1.0000000000E+00
    6947   1.0000000000E+00
    6948   1.0000000000E+00
    6949   1.0000000000E+00
    6950   1.0000000000E+00
    6951   1.0000000000E+00
    6952   1.0000000000E+00
    6953   1.0000000000E+00
    6954   1.0000000000E+00
    6955   1.0000000000E+00
    6956   1.0000000000E+00
    6957   1.0000000000E+00
    6958   1.0000000000E+00
    6959   1.0000000000E+00
    6960   1.0000000000E+00
    6961   1.0000000000E+00
    6962   1.0000000000E+00
    6963   1.0000000000E+00
    6964   1.0000000000E+00
    6965   1.0000000000E+00
    6966   1.0000000000E+00
    6967   1.0000000000E+00
    6968   1.0000000000E+00
    6969   1.0000000000E+00
    6970   1.0000000000E+00
    6971   1.0000000000E+00
    6972   1.0000000000E+00
    6973   1.0000000000E+00
    6974   1.0000000000E+00
    6975   1.0000000000E+00
    6976   1.0000000000E+00
    6977   1.0000000000E+00
    6978   1.0000000000E+00
    6979   1.0000000000E+00
    6980   1.0000000000E+00
    6981   1.0000000000E+00
    6982   1.0000000000E+00
    6983   1.0000000000E+00
    6984   1.0000000000E+00
    6985   1.0000000000E+00
    6986   1.0000000000E+00
    6987   1.0000000000E+00
    6988   1.0000000000E+00
    6989   1.0000000000E+00
    6990   1.0000000000E+00
    6991   1.0000000000E+00
    6992   1.0000000000E+00
    6993   1.0000000000E+00
    6994   1.0000000000E+00
    6995   1.0000000000E+00
    6996   1.0000000000E+00
    6997   1.0000000000E+00
    6998   1.0000000000E+00
    6999   1.0000000000E+00
    7000   1.0000000000E+00
    7001   1.0000000000E+00
    7002   1.0000000000E+00
    7003   1.0000000000E+00
    7004   1.0000000000E+00
    7005   1.0000000000E+00
    7006   1.0000000000E+00
    7007   1.0000000000E+00
    7008   1.0000000000E+00
    7009   1.0000000000E+00
    7010   1.0000000000E+00
    7011   1.0000000000E+00
    7012   1.0000000000E+00
    7013   1.0000000000E+00
    7014   1.0000000000E+00
    7015   1.0000000000E+00
    7016   1.0000000000E+00
    7017   1.0000000000E+00
    7018   1.0000000000E+00
    7019   1.0000000000E+00
    7020   1.0000000000E+00
    7021   1.0000000000E+00
    7022   1.0000000000E+00
    7023   1.0000000000E+00
    7024   1.0000000000E+00
    7025   1.0000000000E+00
    7026   1.0000000000E+00
    7027   1.0000000000E+00
    7028   1.0000000000E+00
    7029   1.0000000000E+00
    7030   1.0000000000E+00
    7031   1.0000000000E+00
    7032   1.0000000000E+00
    7033   1.0000000000E+00
    7034   1.0000000000E+00
    7035   1.0000000000E+00
    7036   1.0000000000E+00
    7037   1.0000000000E+00
    7038   1.0000000000E+00
    7039   1.0000000000E+00
    7040   1.0000000000E+00
    7041   1.0000000000E+00
    7042   1.0000000000E+00
    7043   1.0000000000E+00
    7044   1.0000000000E+00
    7045   1.0000000000E+00
    7046   1.0000000000E+00
    7047   1.0000000000E+00
    7048   1.0000000000E+00
    7049   1.0000000000E+00
    7050   1.0000000000E+00
    7051   1.0000000000E+00
    7052   1.0000000000E+00
    7053   1.0000000000E+00
    7054   1.0000000000E+00
    7055   1.0000000000E+00
    7056   1.0000000000E+00
    7057   1.0000000000E+00
    7058   1.0000000000E+00
    7059   1.0000000000E+00
    7060   1.0000000000E+00
    7061   1.0000000000E+00
    7062   1.0000000000E+00
    7063   1.0000000000E+00
    7064   1.0000000000E+00
    7065   1.0000000000E+00
    7066   1.0000000000E+00
    7067   1.0000000000E+00
    7068   1.0000000000E+00
    7069   1.0000000000E+00
    7070   1.0000000000E+00
    7071   1.0000000000E+00
    7072   1.0000000000E+00
    7073   1.0000000000E+00
    7074   1.0000000000E+00
    7075   1.0000000000E+00
    7076   1.0000000000E+00
    7077   1.0000000000E+00
    7078   1.0000000000E+00
    7079   1.0000000000E+00
    7080   1.0000000000E+00
    7081   1.0000000000E+00
    7082   1.0000000000E+00
    7083   1.0000000000E+00
    7084   1.0000000000E+00
    7085   1.0000000000E+00
    7086   1.0000000000E+00
    7087   1.0000000000E+00
    7088   1.0000000000E+00
    7089   1.0000000000E+00
    7090   1.0000000000E+00
    7091   1.0000000000E+00
    7092   1.0000000000E+00
    7093   1.0000000000E+00
    7094   1.0000000000E+00
    7095   1.0000000000E+00
    7096   1.0000000000E+00
    7097   1.0000000000E+00
    7098   1.0000000000E+00
    7099   1.0000000000E+00
    7100   1.0000000000E+00
    7101   1.0000000000E+00
    7102   1.0000000000E+00
    7103   1.0000000000E+00
    7104   1.0000000000E+00
    7105   1.0000000000E+00
    7106   1.0000000000E+00
    7107   1.0000000000E+00
    7108   1.0000000000E+00
    7109   1.0000000000E+00
    7110   1.0000000000E+00
    7111   1.0000000000E+00
    7112   1.0000000000E+00
    7113   1.0000000000E+00
    7114   1.0000000000E+00
    7115   1.0000000000E+00
    7116   1.0000000000E+00
    7117   1.0000000000E+00
    7118   1.0000000000E+00
    7119   1.0000000000E+00
    7120   1.0000000000E+00
    7121   1.0000000000E+00
    7122   1.0000000000E+00
    7123   1.0000000000E+00
    7124   1.0000000000E+00
    7125   1.0000000000E+00
    7126   1.0000000000E+00
    7127   1.0000000000E+00
    7128   1.0000000000E+00
    7129   1.0000000000E+00
    7130   1.0000000000E+00
    7131   1.0000000000E+00
    7132   1.0000000000E+00
    7133   1.0000000000E+00
    7134   1.0000000000E+00
    7135   1.0000000000E+00
    7136   1.0000000000E+00
    7137   1.0000000000E+00
    7138   1.0000000000E+00
    7139   1.0000000000E+00
    7140   1.0000000000E+00
    7141   1.0000000000E+00
    7142   1.0000000000E+00
    7143   1.0000000000E+00
    7144   1.0000000000E+00
    7145   1.0000000000E+00
    7146   1.0000000000E+00
    7147   1.0000000000E+00
    7148   1.0000000000E+00
    7149   1.0000000000E+00
    7150   1.0000000000E+00
    7151   1.0000000000E+00
    7152   1.0000000000E+00
    7153   1.0000000000E+00
    7154   1.0000000000E+00
    7155   1.0000000000E+00
    7156   1.0000000000E+00
    7157   1.0000000000E+00
    7158   1.0000000000E+00
    7159   1.0000000000E+00
    7160   1.0000000000E+00
    7161   1.0000000000E+00
    7162   1.0000000000E+00
    7163   1.0000000000E+00
    7164   1.0000000000E+00
    7165   1.0000000000E+00
    7166   1.0000000000E+00
    7167   1.0000000000E+00
    7168   1.0000000000E+00
    7169   1.0000000000E+00
    7170   1.0000000000E+00
    7171   1.0000000000E+00
    7172   1.0000000000E+00
    7173   1.0000000000E+00
    7174   1.0000000000E+00
    7175   1.0000000000E+00
    7176   1.0000000000E+00
    7177   1.0000000000E+00
    7178   1.0000000000E+00
    7179   1.0000000000E+00
    7180   1.0000000000E+00
    7181   1.0000000000E+00
    7182   1.0000000000E+00
    7183   1.0000000000E+00
    7184   1.0000000000E+00
    7185   1.0000000000E+00
    7186   1.0000000000E+00
    7187   1.0000000000E+00
    7188   1.0000000000E+00
    7189   1.0000000000E+00
    7190   1.0000000000E+00
    7191   1.0000000000E+00
    7192   1.0000000000E+00
    7193   1.0000000000E+00
    7194   1.0000000000E+00
    7195   1.0000000000E+00
    7196   1.0000000000E+00
    7197   1.0000000000E+00
    7198   1.0000000000E+00
    7199   1.0000000000E+00
    7200   1.0000000000E+00
    7201   1.0000000000E+00
    7202   1.0000000000E+00
    7203   1.0000000000E+00
    7204   1.0000000000E+00
    7205   1.0000000000E+00
    7206   1.0000000000E+00
    7207   1.0000000000E+00
    7208   1.0000000000E+00
    7209   1.0000000000E+00
    7210   1.0000000000E+00
    7211   1.0000000000E+00
    7212   1.0000000000E+00
    7213   1.0000000000E+00
    7214   1.0000000000E+00
    7215   1.0000000000E+00
    7216   1.0000000000E+00
    7217   1.0000000000E+00
    7218   1.0000000000E+00
    7219   1.0000000000E+00
    7220   1.0000000000E+00
    7221   1.0000000000E+00
    7222   1.0000000000E+00
    7223   1.0000000000E+00
    7224   1.0000000000E+00
    7225   1.0000000000E+00
    7226   1.0000000000E+00
    7227   1.0000000000E+00
    7228   1.0000000000E+00
    7229   1.0000000000E+00
    7230   1.0000000000E+00
    7231   1.0000000000E+00
    7232   1.0000000000E+00
    7233   1.0000000000E+00
    7234   1.0000000000E+00
    7235   1.0000000000E+00
    7236   1.0000000000E+00
    7237   1.0000000000E+00
    7238   1.0000000000E+00
    7239   1.0000000000E+00
    7240   1.0000000000E+00
    7241   1.0000000000E+00
    7242   1.0000000000E+00
    7243   1.0000000000E+00
    7244   1.0000000000E+00
    7245   1.0000000000E+00
    7246   1.0000000000E+00
    7247   1.0000000000E+00
    7248   1.0000000000E+00
    7249   1.0000000000E+00
    7250   1.0000000000E+00
    7251   1.0000000000E+00
    7252   1.0000000000E+00
    7253   1.0000000000E+00
    7254   1.0000000000E+00
    7255   1.0000000000E+00
    7256   1.0000000000E+00
    7257   1.0000000000E+00
    7258   1.0000000000E+00
    7259   1.0000000000E+00
    7260   1.0000000000E+00
    7261   1.0000000000E+00
    7262   1.0000000000E+00
    7263   1.0000000000E+00
    7264   1.0000000000E+00
    7265   1.0000000000E+00
    7266   1.0000000000E+00
    7267   1.0000000000E+00
    7268   1.0000000000E+00
    7269   1.0000000000E+00
    7270   1.0000000000E+00
    7271   1.0000000000E+00
    7272   1.0000000000E+00
    7273   1.0000000000E+00
    7274   1.0000000000E+00
    7275   1.0000000000E+00
    7276   1.0000000000E+00
    7277   1.0000000000E+00
    7278   1.0000000000E+00
    7279   1.0000000000E+00
    7280   1.0000000000E+00
    7281   1.0000000000E+00
    7282   1.0000000000E+00
    7283   1.0000000000E+00
    7284   1.0000000000E+00
    7285   1.0000000000E+00
    7286   1.0000000000E+00
    7287   1.0000000000E+00
    7288   1.0000000000E+00
    7289   1.0000000000E+00
    7290   1.0000000000E+00
    7291   1.0000000000E+00
    7292   1.0000000000E+00
    7293   1.0000000000E+00
    7294   1.0000000000E+00
    7295   1.0000000000E+00
    7296   1.0000000000E+00
    7297   1.0000000000E+00
    7298   1.0000000000E+00
    7299   1.0000000000E+00
    7300   1.0000000000E+00
    7301   1.0000000000E+00
    7302   1.0000000000E+00
    7303   1.0000000000E+00
    7304   1.0000000000E+00
    7305   1.0000000000E+00
    7306   1.0000000000E+00
    7307   1.0000000000E+00
    7308   1.0000000000E+00
    7309   1.0000000000E+00
    7310   1.0000000000E+00
    7311   1.0000000000E+00
    7312   1.0000000000E+00
    7313   1.0000000000E+00
    7314   1.0000000000E+00
    7315   1.0000000000E+00
    7316   1.0000000000E+00
    7317   1.0000000000E+00
    7318   1.0000000000E+00
    7319   1.0000000000E+00
    7320   1.0000000000E+00
    7321   1.0000000000E+00
    7322   1.0000000000E+00
    7323   1.0000000000E+00
    7324   1.0000000000E+00
    7325   1.0000000000E+00
    7326   1.0000000000E+00
    7327   1.0000000000E+00
    7328   1.0000000000E+00
    7329   1.0000000000E+00
    7330   1.0000000000E+00
    7331   1.0000000000E+00
    7332   1.0000000000E+00
    7333   1.0000000000E+00
    7334   1.0000000000E+00
    7335   1.0000000000E+00
    7336   1.0000000000E+00
    7337   1.0000000000E+00
    7338   1.0000000000E+00
    7339   1.0000000000E+00
    7340   1.0000000000E+00
    7341   1.0000000000E+00
    7342   1.0000000000E+00
    7343   1.0000000000E+00
    7344   1.0000000000E+00
    7345   1.0000000000E+00
    7346   1.0000000000E+00
    7347   1.0000000000E+00
    7348   1.0000000000E+00
    7349   1.0000000000E+00
    7350   1.0000000000E+00
    7351   1.0000000000E+00
    7352   1.0000000000E+00
    7353   1.0000000000E+00
    7354   1.0000000000E+00
    7355   1.0000000000E+00
    7356   1.0000000000E+00
    7357   1.0000000000E+00
    7358   1.0000000000E+00
    7359   1.0000000000E+00
    7360   1.0000000000E+00
    7361   1.0000000000E+00
    7362   1.0000000000E+00
    7363   1.0000000000E+00
    7364   1.0000000000E+00
    7365   1.0000000000E+00
    7366   1.0000000000E+00
    7367   1.0000000000E+00
    7368   1.0000000000E+00
    7369   1.0000000000E+00
    7370   1.0000000000E+00
    7371   1.0000000000E+00
    7372   1.0000000000E+00
    7373   1.0000000000E+00
    7374   1.0000000000E+00
    7375   1.0000000000E+00
    7376   1.0000000000E+00
    7377   1.0000000000E+00
    7378   1.0000000000E+00
    7379   1.0000000000E+00
    7380   1.0000000000E+00
    7381   1.0000000000E+00
    7382   1.0000000000E+00
    7383   1.0000000000E+00
    7384   1.0000000000E+00
    7385   1.0000000000E+00
    7386   1.0000000000E+00
    7387   1.0000000000E+00
    7388   1.0000000000E+00
    7389   1.0000000000E+00
    7390   1.0000000000E+00
    7391   1.0000000000E+00
    7392   1.0000000000E+00
    7393   1.0000000000E+00
    7394   1.0000000000E+00
    7395   1.0000000000E+00
    7396   1.0000000000E+00
    7397   1.0000000000E+00
    7398   1.0000000000E+00
    7399   1.0000000000E+00
    7400   1.0000000000E+00
    7401   1.0000000000E+00
    7402   1.0000000000E+00
    7403   1.0000000000E+00
    7404   1.0000000000E+00
    7405   1.0000000000E+00
    7406   1.0000000000E+00
    7407   1.0000000000E+00
    7408   1.0000000000E+00
    7409   1.0000000000E+00
    7410   1.0000000000E+00
    7411   1.0000000000E+00
    7412   1.0000000000E+00
    7413   1.0000000000E+00
    7414   1.0000000000E+00
    7415   1.0000000000E+00
    7416   1.0000000000E+00
    7417   1.0000000000E+00
    7418   1.0000000000E+00
    7419   1.0000000000E+00
    7420   1.0000000000E+00
    7421   1.0000000000E+00
    7422   1.0000000000E+00
    7423   1.0000000000E+00
    7424   1.0000000000E+00
    7425   1.0000000000E+00
    7426   1.0000000000E+00
    7427   1.0000000000E+00
    7428   1.0000000000E+00
    7429   1.0000000000E+00
    7430   1.0000000000E+00
    7431   1.0000000000E+00
    7432   1.0000000000E+00
    7433   1.0000000000E+00
    7434   1.0000000000E+00
    7435   1.0000000000E+00
    7436   1.0000000000E+00
    7437   1.0000000000E+00
    7438   1.0000000000E+00
    7439   1.0000000000E+00
    7440   1.0000000000E+00
    7441   1.0000000000E+00
    7442   1.0000000000E+00
    7443   1.0000000000E+00
    7444   1.0000000000E+00
    7445   1.0000000000E+00
    7446   1.0000000000E+00
    7447   1.0000000000E+00
    7448   1.0000000000E+00
    7449   1.0000000000E+00
    7450   1.0000000000E+00
    7451   1.0000000000E+00
    7452   1.0000000000E+00
    7453   1.0000000000E+00
    7454   1.0000000000E+00
    7455   1.0000000000E+00
    7456   1.0000000000E+00
    7457   1.0000000000E+00
    7458   1.0000000000E+00
    7459   1.0000000000E+00
    7460   1.0000000000E+00
    7461   1.0000000000E+00
    7462   1.0000000000E+00
    7463   1.0000000000E+00
    7464   1.0000000000E+00
    7465   1.0000000000E+00
    7466   1.0000000000E+00
    7467   1.0000000000E+00
    7468   1.0000000000E+00
    7469   1.0000000000E+00
    7470   1.0000000000E+00
    7471   1.0000000000E+00
    7472   1.0000000000E+00
    7473   1.0000000000E+00
    7474   1.0000000000E+00
    7475   1.0000000000E+00
    7476   1.0000000000E+00
    7477   1.0000000000E+00
    7478   1.0000000000E+00
    7479   1.0000000000E+00
    7480   1.0000000000E+00
    7481   1.0000000000E+00
    7482   1.0000000000E+00
    7483   1.0000000000E+00
    7484   1.0000000000E+00
    7485   1.0000000000E+00
    7486   1.0000000000E+00
    7487   1.0000000000E+00
    7488   1.0000000000E+00
    7489   1.0000000000E+00
    7490   1.0000000000E+00
    7491   1.0000000000E+00
    7492   1.0000000000E+00
    7493   1.0000000000E+00
    7494   1.0000000000E+00
    7495   1.0000000000E+00
    7496   1.0000000000E+00
    7497   1.0000000000E+00
    7498   1.0000000000E+00
    7499   1.0000000000E+00
    7500   1.0000000000E+00
    7501   1.0000000000E+00
    7502   1.0000000000E+00
    7503   1.0000000000E+00
    7504   1.0000000000E+00
    7505   1.0000000000E+00
    7506   1.0000000000E+00
    7507   1.0000000000E+00
    7508   1.0000000000E+00
    7509   1.0000000000E+00
    7510   1.0000000000E+00
    7511   1.0000000000E+00
    7512   1.0000000000E+00
    7513   1.0000000000E+00
    7514   1.0000000000E+00
    7515   1.0000000000E+00
    7516   1.0000000000E+00
    7517   1.0000000000E+00
    7518   1.0000000000E+00
    7519   1.0000000000E+00
    7520   1.0000000000E+00
    7521   1.0000000000E+00
    7522   1.0000000000E+00
    7523   1.0000000000E+00
    7524   1.0000000000E+00
    7525   1.0000000000E+00
    7526   1.0000000000E+00
    7527   1.0000000000E+00
    7528   1.0000000000E+00
    7529   1.0000000000E+00
    7530   1.0000000000E+00
    7531   1.0000000000E+00
    7532   1.0000000000E+00
    7533   1.0000000000E+00
    7534   1.0000000000E+00
    7535   1.0000000000E+00
    7536   1.0000000000E+00
    7537   1.0000000000E+00
    7538   1.0000000000E+00
    7539   1.0000000000E+00
    7540   1.0000000000E+00
    7541   1.0000000000E+00
    7542   1.0000000000E+00
    7543   1.0000000000E+00
    7544   1.0000000000E+00
    7545   1.0000000000E+00
    7546   1.0000000000E+00
    7547   1.0000000000E+00
    7548   1.0000000000E+00
    7549   1.0000000000E+00
    7550   1.0000000000E+00
    7551   1.0000000000E+00
    7552   1.0000000000E+00
    7553   1.0000000000E+00
    7554   1.0000000000E+00
    7555   1.0000000000E+00
    7556   1.0000000000E+00
    7557   1.0000000000E+00
    7558   1.0000000000E+00
    7559   1.0000000000E+00
    7560   1.0000000000E+00
    7561   1.0000000000E+00
    7562   1.0000000000E+00
    7563   1.0000000000E+00
    7564   1.0000000000E+00
    7565   1.0000000000E+00
    7566   1.0000000000E+00
    7567   1.0000000000E+00
    7568   1.0000000000E+00
    7569   1.0000000000E+00
    7570   1.0000000000E+00
    7571   1.0000000000E+00
    7572   1.0000000000E+00
    7573   1.0000000000E+00
    7574   1.0000000000E+00
    7575   1.0000000000E+00
    7576   1.0000000000E+00
    7577   1.0000000000E+00
    7578   1.0000000000E+00
    7579   1.0000000000E+00
    7580   1.0000000000E+00
    7581   1.0000000000E+00
    7582   1.0000000000E+00
    7583   1.0000000000E+00
    7584   1.0000000000E+00
    7585   1.0000000000E+00
    7586   1.0000000000E+00
    7587   1.0000000000E+00
    7588   1.0000000000E+00
    7589   1.0000000000E+00
    7590   1.0000000000E+00
    7591   1.0000000000E+00
    7592   1.0000000000E+00
    7593   1.0000000000E+00
    7594   1.0000000000E+00
    7595   1.0000000000E+00
    7596   1.0000000000E+00
    7597   1.0000000000E+00
    7598   1.0000000000E+00
    7599   1.0000000000E+00
    7600   1.0000000000E+00
    7601   1.0000000000E+00
    7602   1.0000000000E+00
    7603   1.0000000000E+00
    7604   1.0000000000E+00
    7605   1.0000000000E+00
    7606   1.0000000000E+00
    7607   1.0000000000E+00
    7608   1.0000000000E+00
    7609   1.0000000000E+00
    7610   1.0000000000E+00
    7611   1.0000000000E+00
    7612   1.0000000000E+00
    7613   1.0000000000E+00
    7614   1.0000000000E+00
    7615   1.0000000000E+00
    7616   1.0000000000E+00
    7617   1.0000000000E+00
    7618   1.0000000000E+00
    7619   1.0000000000E+00
    7620   1.0000000000E+00
    7621   1.0000000000E+00
    7622   1.0000000000E+00
    7623   1.0000000000E+00
    7624   1.0000000000E+00
    7625   1.0000000000E+00
    7626   1.0000000000E+00
    7627   1.0000000000E+00
    7628   1.0000000000E+00
    7629   1.0000000000E+00
    7630   1.0000000000E+00
    7631   1.0000000000E+00
    7632   1.0000000000E+00
    7633   1.0000000000E+00
    7634   1.0000000000E+00
    7635   1.0000000000E+00
    7636   1.0000000000E+00
    7637   1.0000000000E+00
    7638   1.0000000000E+00
    7639   1.0000000000E+00
    7640   1.0000000000E+00
    7641   1.0000000000E+00
    7642   1.0000000000E+00
    7643   1.0000000000E+00
    7644   1.0000000000E+00
    7645   1.0000000000E+00
    7646   1.0000000000E+00
    7647   1.0000000000E+00
    7648   1.0000000000E+00
    7649   1.0000000000E+00
    7650   1.0000000000E+00
    7651   1.0000000000E+00
    7652   1.0000000000E+00
    7653   1.0000000000E+00
    7654   1.0000000000E+00
    7655   1.0000000000E+00
    7656   1.0000000000E+00
    7657   1.0000000000E+00
    7658   1.0000000000E+00
    7659   1.0000000000E+00
    7660   1.0000000000E+00
    7661   1.0000000000E+00
    7662   1.0000000000E+00
    7663   1.0000000000E+00
    7664   1.0000000000E+00
    7665   1.0000000000E+00
    7666   1.0000000000E+00
    7667   1.0000000000E+00
    7668   1.0000000000E+00
    7669   1.0000000000E+00
    7670   1.0000000000E+00
    7671   1.0000000000E+00
    7672   1.0000000000E+00
    7673   1.0000000000E+00
    7674   1.0000000000E+00
    7675   1.0000000000E+00
    7676   1.0000000000E+00
    7677   1.0000000000E+00
    7678   1.0000000000E+00
    7679   1.0000000000E+00
    7680   1.0000000000E+00
    7681   1.0000000000E+00
    7682   1.0000000000E+00
    7683   1.0000000000E+00
    7684   1.0000000000E+00
    7685   1.0000000000E+00
    7686   1.0000000000E+00
    7687   1.0000000000E+00
    7688   1.0000000000E+00
    7689   1.0000000000E+00
    7690   1.0000000000E+00
    7691   1.0000000000E+00
    7692   1.0000000000E+00
    7693   1.0000000000E+00
    7694   1.0000000000E+00
    7695   1.0000000000E+00
    7696   1.0000000000E+00
    7697   1.0000000000E+00
    7698   1.0000000000E+00
    7699   1.0000000000E+00
    7700   1.0000000000E+00
    7701   1.0000000000E+00
    7702   1.0000000000E+00
    7703   1.0000000000E+00
    7704   1.0000000000E+00
    7705   1.0000000000E+00
    7706   1.0000000000E+00
    7707   1.0000000000E+00
    7708   1.0000000000E+00
    7709   1.0000000000E+00
    7710   1.0000000000E+00
    7711   1.0000000000E+00
    7712   1.0000000000E+00
    7713   1.0000000000E+00
    7714   1.0000000000E+00
    7715   1.0000000000E+00
    7716   1.0000000000E+00
    7717   1.0000000000E+00
    7718   1.0000000000E+00
    7719   1.0000000000E+00
    7720   1.0000000000E+00
    7721   1.0000000000E+00
    7722   1.0000000000E+00
    7723   1.0000000000E+00
    7724   1.0000000000E+00
    7725   1.0000000000E+00
    7726   1.0000000000E+00
    7727   1.0000000000E+00
    7728   1.0000000000E+00
    7729   1.0000000000E+00
    7730   1.0000000000E+00
    7731   1.0000000000E+00
    7732   1.0000000000E+00
    7733   1.0000000000E+00
    7734   1.0000000000E+00
    7735   1.0000000000E+00
    7736   1.0000000000E+00
    7737   1.0000000000E+00
    7738   1.0000000000E+00
    7739   1.0000000000E+00
    7740   1.0000000000E+00
    7741   1.0000000000E+00
    7742   1.0000000000E+00
    7743   1.0000000000E+00
    7744   1.0000000000E+00
    7745   1.0000000000E+00
    7746   1.0000000000E+00
    7747   1.0000000000E+00
    7748   1.0000000000E+00
    7749   1.0000000000E+00
    7750   1.0000000000E+00
    7751   1.0000000000E+00
    7752   1.0000000000E+00
    7753   1.0000000000E+00
    7754   1.0000000000E+00
    7755   1.0000000000E+00
    7756   1.0000000000E+00
    7757   1.0000000000E+00
    7758   1.0000000000E+00
    7759   1.0000000000E+00
    7760   1.0000000000E+00
    7761   1.0000000000E+00
    7762   1.0000000000E+00
    7763   1.0000000000E+00
    7764   1.0000000000E+00
    7765   1.0000000000E+00
    7766   1.0000000000E+00
    7767   1.0000000000E+00
    7768   1.0000000000E+00
    7769   1.0000000000E+00
    7770   1.0000000000E+00
    7771   1.0000000000E+00
    7772   1.0000000000E+00
    7773   1.0000000000E+00
    7774   1.0000000000E+00
    7775   1.0000000000E+00
    7776   1.0000000000E+00
    7777   1.0000000000E+00
    7778   1.0000000000E+00
    7779   1.0000000000E+00
    7780   1.0000000000E+00
    7781   1.0000000000E+00
    7782   1.0000000000E+00
    7783   1.0000000000E+00
    7784   1.0000000000E+00
    7785   1.0000000000E+00
    7786   1.0000000000E+00
    7787   1.0000000000E+00
    7788   1.0000000000E+00
    7789   1.0000000000E+00
    7790   1.0000000000E+00
    7791   1.0000000000E+00
    7792   1.0000000000E+00
    7793   1.0000000000E+00
    7794   1.0000000000E+00
    7795   1.0000000000E+00
    7796   1.0000000000E+00
    7797   1.0000000000E+00
    7798   1.0000000000E+00
    7799   1.0000000000E+00
    7800   1.0000000000E+00
    7801   1.0000000000E+00
    7802   1.0000000000E+00
    7803   1.0000000000E+00
    7804   1.0000000000E+00
    7805   1.0000000000E+00
    7806   1.0000000000E+00
    7807   1.0000000000E+00
    7808   1.0000000000E+00
    7809   1.0000000000E+00
    7810   1.0000000000E+00
    7811   1.0000000000E+00
    7812   1.0000000000E+00
    7813   1.0000000000E+00
    7814   1.0000000000E+00
    7815   1.0000000000E+00
    7816   1.0000000000E+00
    7817   1.0000000000E+00
    7818   1.0000000000E+00
    7819   1.0000000000E+00
    7820   1.0000000000E+00
    7821   1.0000000000E+00
    7822   1.0000000000E+00
    7823   1.0000000000E+00
    7824   1.0000000000E+00
    7825   1.0000000000E+00
    7826   1.0000000000E+00
    7827   1.0000000000E+00
    7828   1.0000000000E+00
    7829   1.0000000000E+00
    7830   1.0000000000E+00
    7831   1.0000000000E+00
    7832   1.0000000000E+00
    7833   1.0000000000E+00
    7834   1.0000000000E+00
    7835   1.0000000000E+00
    7836   1.0000000000E+00
    7837   1.0000000000E+00
    7838   1.0000000000E+00
    7839   1.0000000000E+00
    7840   1.0000000000E+00
    7841   1.0000000000E+00
    7842   1.0000000000E+00
    7843   1.0000000000E+00
    7844   1.0000000000E+00
    7845   1.0000000000E+00
    7846   1.0000000000E+00
    7847   1.0000000000E+00
    7848   1.0000000000E+00
    7849   1.0000000000E+00
    7850   1.0000000000E+00
    7851   1.0000000000E+00
    7852   1.0000000000E+00
    7853   1.0000000000E+00
    7854   1.0000000000E+00
    7855   1.0000000000E+00
    7856   1.0000000000E+00
    7857   1.0000000000E+00
    7858   1.0000000000E+00
    7859   1.0000000000E+00
    7860   1.0000000000E+00
    7861   1.0000000000E+00
    7862   1.0000000000E+00
    7863   1.0000000000E+00
    7864   1.0000000000E+00
    7865   1.0000000000E+00
    7866   1.0000000000E+00
    7867   1.0000000000E+00
    7868   1.0000000000E+00
    7869   1.0000000000E+00
    7870   1.0000000000E+00
    7871   1.0000000000E+00
    7872   1.0000000000E+00
    7873   1.0000000000E+00
    7874   1.0000000000E+00
    7875   1.0000000000E+00
    7876   1.0000000000E+00
    7877   1.0000000000E+00
    7878   1.0000000000E+00
    7879   1.0000000000E+00
    7880   1.0000000000E+00
    7881   1.0000000000E+00
    7882   1.0000000000E+00
    7883   1.0000000000E+00
    7884   1.0000000000E+00
    7885   1.0000000000E+00
    7886   1.0000000000E+00
    7887   1.0000000000E+00
    7888   1.0000000000E+00
    7889   1.0000000000E+00
    7890   1.0000000000E+00
    7891   1.0000000000E+00
    7892   1.0000000000E+00
    7893   1.0000000000E+00
    7894   1.0000000000E+00
    7895   1.0000000000E+00
    7896   1.0000000000E+00
    7897   1.0000000000E+00
    7898   1.0000000000E+00
    7899   1.0000000000E+00
    7900   1.0000000000E+00
    7901   1.0000000000E+00
    7902   1.0000000000E+00
    7903   1.0000000000E+00
    7904   1.0000000000E+00
    7905   1.0000000000E+00
    7906   1.0000000000E+00
    7907   1.0000000000E+00
    7908   1.0000000000E+00
    7909   1.0000000000E+00
    7910   1.0000000000E+00
    7911   1.0000000000E+00
    7912   1.0000000000E+00
    7913   1.0000000000E+00
    7914   1.0000000000E+00
    7915   1.0000000000E+00
    7916   1.0000000000E+00
    7917   1.0000000000E+00
    7918   1.0000000000E+00
    7919   1.0000000000E+00
    7920   1.0000000000E+00
    7921   1.0000000000E+00
    7922   1.0000000000E+00
    7923   1.0000000000E+00
    7924   1.0000000000E+00
    7925   1.0000000000E+00
    7926   1.0000000000E+00
    7927   1.0000000000E+00
    7928   1.0000000000E+00
    7929   1.0000000000E+00
    7930   1.0000000000E+00
    7931   1.0000000000E+00
    7932   1.0000000000E+00
    7933   1.0000000000E+00
    7934   1.0000000000E+00
    7935   1.0000000000E+00
    7936   1.0000000000E+00
    7937   1.0000000000E+00
    7938   1.0000000000E+00
    7939   1.0000000000E+00
    7940   1.0000000000E+00
    7941   1.0000000000E+00
    7942   1.0000000000E+00
    7943   1.0000000000E+00
    7944   1.0000000000E+00
    7945   1.0000000000E+00
    7946   1.0000000000E+00
    7947   1.0000000000E+00
    7948   1.0000000000E+00
    7949   1.0000000000E+00
    7950   1.0000000000E+00
    7951   1.0000000000E+00
    7952   1.0000000000E+00
    7953   1.0000000000E+00
    7954   1.0000000000E+00
    7955   1.0000000000E+00
    7956   1.0000000000E+00
    7957   1.0000000000E+00
    7958   1.0000000000E+00
    7959   1.0000000000E+00
    7960   1.0000000000E+00
    7961   1.0000000000E+00
    7962   1.0000000000E+00
    7963   1.0000000000E+00
    7964   1.0000000000E+00
    7965   1.0000000000E+00
    7966   1.0000000000E+00
    7967   1.0000000000E+00
    7968   1.0000000000E+00
    7969   1.0000000000E+00
    7970   1.0000000000E+00
    7971   1.0000000000E+00
    7972   1.0000000000E+00
    7973   1.0000000000E+00
    7974   1.0000000000E+00
    7975   1.0000000000E+00
    7976   1.0000000000E+00
    7977   1.0000000000E+00
    7978   1.0000000000E+00
    7979   1.0000000000E+00
    7980   1.0000000000E+00
    7981   1.0000000000E+00
    7982   1.0000000000E+00
    7983   1.0000000000E+00
    7984   1.0000000000E+00
    7985   1.0000000000E+00
    7986   1.0000000000E+00
    7987   1.0000000000E+00
    7988   1.0000000000E+00
    7989   1.0000000000E+00
    7990   1.0000000000E+00
    7991   1.0000000000E+00
    7992   1.0000000000E+00
    7993   1.0000000000E+00
    7994   1.0000000000E+00
    7995   1.0000000000E+00
    7996   1.0000000000E+00
    7997   1.0000000000E+00
    7998   1.0000000000E+00
    7999   1.0000000000E+00
    8000   1.0000000000E+00
    8001   1.0000000000E+00
    8002   1.0000000000E+00
    8003   1.0000000000E+00
    8004   1.0000000000E+00
    8005   1.0000000000E+00
    8006   1.0000000000E+00
    8007   1.0000000000E+00
    8008   1.0000000000E+00
    8009   1.0000000000E+00
    8010   1.0000000000E+00
    8011   1.0000000000E+00
    8012   1.0000000000E+00
    8013   1.0000000000E+00
    8014   1.0000000000E+00
    8015   1.0000000000E+00
    8016   1.0000000000E+00
    8017   1.0000000000E+00
    8018   1.0000000000E+00
    8019   1.0000000000E+00
    8020   1.0000000000E+00
    8021   1.0000000000E+00
    8022   1.0000000000E+00
    8023   1.0000000000E+00
    8024   1.0000000000E+00
    8025   1.0000000000E+00
    8026   1.0000000000E+00
    8027   1.0000000000E+00
    8028   1.0000000000E+00
    8029   1.0000000000E+00
    8030   1.0000000000E+00
    8031   1.0000000000E+00
    8032   1.0000000000E+00
    8033   1.0000000000E+00
    8034   1.0000000000E+00
    8035   1.0000000000E+00
    8036   1.0000000000E+00
    8037   1.0000000000E+00
    8038   1.0000000000E+00
    8039   1.0000000000E+00
    8040   1.0000000000E+00
    8041   1.0000000000E+00
    8042   1.0000000000E+00
    8043   1.0000000000E+00
    8044   1.0000000000E+00
    8045   1.0000000000E+00
    8046   1.0000000000E+00
    8047   1.0000000000E+00
    8048   1.0000000000E+00
    8049   1.0000000000E+00
    8050   1.0000000000E+00
    8051   1.0000000000E+00
    8052   1.0000000000E+00
    8053   1.0000000000E+00
    8054   1.0000000000E+00
    8055   1.0000000000E+00
    8056   1.0000000000E+00
    8057   1.0000000000E+00
    8058   1.0000000000E+00
    8059   1.0000000000E+00
    8060   1.0000000000E+00
    8061   1.0000000000E+00
    8062   1.0000000000E+00
    8063   1.0000000000E+00
    8064   1.0000000000E+00
    8065   1.0000000000E+00
    8066   1.0000000000E+00
    8067   1.0000000000E+00
    8068   1.0000000000E+00
    8069   1.0000000000E+00
    8070   1.0000000000E+00
    8071   1.0000000000E+00
    8072   1.0000000000E+00
    8073   1.0000000000E+00
    8074   1.0000000000E+00
    8075   1.0000000000E+00
    8076   1.0000000000E+00
    8077   1.0000000000E+00
    8078   1.0000000000E+00
    8079   1.0000000000E+00
    8080   1.0000000000E+00
    8081   1.0000000000E+00
    8082   1.0000000000E+00
    8083   1.0000000000E+00
    8084   1.0000000000E+00
    8085   1.0000000000E+00
    8086   1.0000000000E+00
    8087   1.0000000000E+00
    8088   1.0000000000E+00
    8089   1.0000000000E+00
    8090   1.0000000000E+00
    8091   1.0000000000E+00
    8092   1.0000000000E+00
    8093   1.0000000000E+00
    8094   1.0000000000E+00
    8095   1.0000000000E+00
    8096   1.0000000000E+00
    8097   1.0000000000E+00
    8098   1.0000000000E+00
    8099   1.0000000000E+00
    8100   1.0000000000E+00
    8101   1.0000000000E+00
    8102   1.0000000000E+00
    8103   1.0000000000E+00
    8104   1.0000000000E+00
    8105   1.0000000000E+00
    8106   1.0000000000E+00
    8107   1.0000000000E+00
    8108   1.0000000000E+00
    8109   1.0000000000E+00
    8110   1.0000000000E+00
    8111   1.0000000000E+00
    8112   1.0000000000E+00
    8113   1.0000000000E+00
    8114   1.0000000000E+00
    8115   1.0000000000E+00
    8116   1.0000000000E+00
    8117   1.0000000000E+00
    8118   1.0000000000E+00
    8119   1.0000000000E+00
    8120   1.0000000000E+00
    8121   1.0000000000E+00
    8122   1.0000000000E+00
    8123   1.0000000000E+00
    8124   1.0000000000E+00
    8125   1.0000000000E+00
    8126   1.0000000000E+00
    8127   1.0000000000E+00
    8128   1.0000000000E+00
    8129   1.0000000000E+00
    8130   1.0000000000E+00
    8131   1.0000000000E+00
    8132   1.0000000000E+00
    8133   1.0000000000E+00
    8134   1.0000000000E+00
    8135   1.0000000000E+00
    8136   1.0000000000E+00
    8137   1.0000000000E+00
    8138   1.0000000000E+00
    8139   1.0000000000E+00
    8140   1.0000000000E+00
    8141   1.0000000000E+00
    8142   1.0000000000E+00
    8143   1.0000000000E+00
    8144   1.0000000000E+00
    8145   1.0000000000E+00
    8146   1.0000000000E+00
    8147   1.0000000000E+00
    8148   1.0000000000E+00
    8149   1.0000000000E+00
    8150   1.0000000000E+00
    8151   1.0000000000E+00
    8152   1.0000000000E+00
    8153   1.0000000000E+00
    8154   1.0000000000E+00
    8155   1.0000000000E+00
    8156   1.0000000000E+00
    8157   1.0000000000E+00
    8158   1.0000000000E+00
    8159   1.0000000000E+00
    8160   1.0000000000E+00
    8161   1.0000000000E+00
    8162   1.0000000000E+00
    8163   1.0000000000E+00
    8164   1.0000000000E+00
    8165   1.0000000000E+00
    8166   1.0000000000E+00
    8167   1.0000000000E+00
    8168   1.0000000000E+00
    8169   1.0000000000E+00
    8170   1.0000000000E+00
    8171   1.0000000000E+00
    8172   1.0000000000E+00
    8173   1.0000000000E+00
    8174   1.0000000000E+00
    8175   1.0000000000E+00
    8176   1.0000000000E+00
    8177   1.0000000000E+00
    8178   1.0000000000E+00
    8179   1.0000000000E+00
    8180   1.0000000000E+00
    8181   1.0000000000E+00
    8182   1.0000000000E+00
    8183   1.0000000000E+00
    8184   1.0000000000E+00
    8185   1.0000000000E+00
    8186   1.0000000000E+00
    8187   1.0000000000E+00
    8188   1.0000000000E+00
    8189   1.0000000000E+00
    8190   1.0000000000E+00
    8191   1.0000000000E+00
    8192   1.0000000000E+00
    8193   1.0000000000E+00
    8194   1.0000000000E+00
    8195   1.0000000000E+00
    8196   1.0000000000E+00
    8197   1.0000000000E+00
    8198   1.0000000000E+00
    8199   1.0000000000E+00
    8200   1.0000000000E+00
    8201   1.0000000000E+00
    8202   1.0000000000E+00
    8203   1.0000000000E+00
    8204   1.0000000000E+00
    8205   1.0000000000E+00
    8206   1.0000000000E+00
    8207   1.0000000000E+00
    8208   1.0000000000E+00
    8209   1.0000000000E+00
    8210   1.0000000000E+00
    8211   1.0000000000E+00
    8212   1.0000000000E+00
    8213   1.0000000000E+00
    8214   1.0000000000E+00
    8215   1.0000000000E+00
    8216   1.0000000000E+00
    8217   1.0000000000E+00
    8218   1.0000000000E+00
    8219   1.0000000000E+00
    8220   1.0000000000E+00
    8221   1.0000000000E+00
    8222   1.0000000000E+00
    8223   1.0000000000E+00
    8224   1.0000000000E+00
    8225   1.0000000000E+00
    8226   1.0000000000E+00
    8227   1.0000000000E+00
    8228   1.0000000000E+00
    8229   1.0000000000E+00
    8230   1.0000000000E+00
    8231   1.0000000000E+00
    8232   1.0000000000E+00
    8233   1.0000000000E+00
    8234   1.0000000000E+00
    8235   1.0000000000E+00
    8236   1.0000000000E+00
    8237   1.0000000000E+00
    8238   1.0000000000E+00
    8239   1.0000000000E+00
    8240   1.0000000000E+00
    8241   1.0000000000E+00
    8242   1.0000000000E+00
    8243   1.0000000000E+00
    8244   1.0000000000E+00
    8245   1.0000000000E+00
    8246   1.0000000000E+00
    8247   1.0000000000E+00
    8248   1.0000000000E+00
    8249   1.0000000000E+00
    8250   1.0000000000E+00
    8251   1.0000000000E+00
    8252   1.0000000000E+00
    8253   1.0000000000E+00
    8254   1.0000000000E+00
    8255   1.0000000000E+00
    8256   1.0000000000E+00
    8257   1.0000000000E+00
    8258   1.0000000000E+00
    8259   1.0000000000E+00
    8260   1.0000000000E+00
    8261   1.0000000000E+00
    8262   1.0000000000E+00
    8263   1.0000000000E+00
    8264   1.0000000000E+00
    8265   1.0000000000E+00
    8266   1.0000000000E+00
    8267   1.0000000000E+00
    8268   1.0000000000E+00
    8269   1.0000000000E+00
    8270   1.0000000000E+00
    8271   1.0000000000E+00
    8272   1.0000000000E+00
    8273   1.0000000000E+00
    8274   1.0000000000E+00
    8275   1.0000000000E+00
    8276   1.0000000000E+00
    8277   1.0000000000E+00
    8278   1.0000000000E+00
    8279   1.0000000000E+00
    8280   1.0000000000E+00
    8281   1.0000000000E+00
    8282   1.0000000000E+00
    8283   1.0000000000E+00
    8284   1.0000000000E+00
    8285   1.0000000000E+00
    8286   1.0000000000E+00
    8287   1.0000000000E+00
    8288   1.0000000000E+00
    8289   1.0000000000E+00
    8290   1.0000000000E+00
    8291   1.0000000000E+00
    8292   1.0000000000E+00
    8293   1.0000000000E+00
    8294   1.0000000000E+00
    8295   1.0000000000E+00
    8296   1.0000000000E+00
    8297   1.0000000000E+00
    8298   1.0000000000E+00
    8299   1.0000000000E+00
    8300   1.0000000000E+00
    8301   1.0000000000E+00
    8302   1.0000000000E+00
    8303   1.0000000000E+00
    8304   1.0000000000E+00
    8305   1.0000000000E+00
    8306   1.0000000000E+00
    8307   1.0000000000E+00
    8308   1.0000000000E+00
    8309   1.0000000000E+00
    8310   1.0000000000E+00
    8311   1.0000000000E+00
    8312   1.0000000000E+00
    8313   1.0000000000E+00
    8314   1.0000000000E+00
    8315   1.0000000000E+00
    8316   1.0000000000E+00
    8317   1.0000000000E+00
    8318   1.0000000000E+00
    8319   1.0000000000E+00
    8320   1.0000000000E+00
    8321   1.0000000000E+00
    8322   1.0000000000E+00
    8323   1.0000000000E+00
    8324   1.0000000000E+00
    8325   1.0000000000E+00
    8326   1.0000000000E+00
    8327   1.0000000000E+00
    8328   1.0000000000E+00
    8329   1.0000000000E+00
    8330   1.0000000000E+00
    8331   1.0000000000E+00
    8332   1.0000000000E+00
    8333   1.0000000000E+00
    8334   1.0000000000E+00
    8335   1.0000000000E+00
    8336   1.0000000000E+00
    8337   1.0000000000E+00
    8338   1.0000000000E+00
    8339   1.0000000000E+00
    8340   1.0000000000E+00
    8341   1.0000000000E+00
    8342   1.0000000000E+00
    8343   1.0000000000E+00
    8344   1.0000000000E+00
    8345   1.0000000000E+00
    8346   1.0000000000E+00
    8347   1.0000000000E+00
    8348   1.0000000000E+00
    8349   1.0000000000E+00
    8350   1.0000000000E+00
    8351   1.0000000000E+00
    8352   1.0000000000E+00
    8353   1.0000000000E+00
    8354   1.0000000000E+00
    8355   1.0000000000E+00
    8356   1.0000000000E+00
    8357   1.0000000000E+00
    8358   1.0000000000E+00
    8359   1.0000000000E+00
    8360   1.0000000000E+00
    8361   1.0000000000E+00
    8362   1.0000000000E+00
    8363   1.0000000000E+00
    8364   1.0000000000E+00
    8365   1.0000000000E+00
    8366   1.0000000000E+00
    8367   1.0000000000E+00
    8368   1.0000000000E+00
    8369   1.0000000000E+00
    8370   1.0000000000E+00
    8371   1.0000000000E+00
    8372   1.0000000000E+00
    8373   1.0000000000E+00
    8374   1.0000000000E+00
    8375   1.0000000000E+00
    8376   1.0000000000E+00
    8377   1.0000000000E+00
    8378   1.0000000000E+00
    8379   1.0000000000E+00
    8380   1.0000000000E+00
    8381   1.0000000000E+00
    8382   1.0000000000E+00
    8383   1.0000000000E+00
    8384   1.0000000000E+00
    8385   1.0000000000E+00
    8386   1.0000000000E+00
    8387   1.0000000000E+00
    8388   1.0000000000E+00
    8389   1.0000000000E+00
    8390   1.0000000000E+00
    8391   1.0000000000E+00
    8392   1.0000000000E+00
    8393   1.0000000000E+00
    8394   1.0000000000E+00
    8395   1.0000000000E+00
    8396   1.0000000000E+00
    8397   1.0000000000E+00
    8398   1.0000000000E+00
    8399   1.0000000000E+00
    8400   1.0000000000E+00
    8401   1.0000000000E+00
    8402   1.0000000000E+00
    8403   1.0000000000E+00
    8404   1.0000000000E+00
    8405   1.0000000000E+00
    8406   1.0000000000E+00
    8407   1.0000000000E+00
    8408   1.0000000000E+00
    8409   1.0000000000E+00
    8410   1.0000000000E+00
    8411   1.0000000000E+00
    8412   1.0000000000E+00
    8413   1.0000000000E+00
    8414   1.0000000000E+00
    8415   1.0000000000E+00
    8416   1.0000000000E+00
    8417   1.0000000000E+00
    8418   1.0000000000E+00
    8419   1.0000000000E+00
    8420   1.0000000000E+00
    8421   1.0000000000E+00
    8422   1.0000000000E+00
    8423   1.0000000000E+00
    8424   1.0000000000E+00
    8425   1.0000000000E+00
    8426   1.0000000000E+00
    8427   1.0000000000E+00
    8428   1.0000000000E+00
    8429   1.0000000000E+00
    8430   1.0000000000E+00
    8431   1.0000000000E+00
    8432   1.0000000000E+00
    8433   1.0000000000E+00
    8434   1.0000000000E+00
    8435   1.0000000000E+00
    8436   1.0000000000E+00
    8437   1.0000000000E+00
    8438   1.0000000000E+00
    8439   1.0000000000E+00
    8440   1.0000000000E+00
    8441   1.0000000000E+00
    8442   1.0000000000E+00
    8443   1.0000000000E+00
    8444   1.0000000000E+00
    8445   1.0000000000E+00
    8446   1.0000000000E+00
    8447   1.0000000000E+00
    8448   1.0000000000E+00
    8449   1.0000000000E+00
    8450   1.0000000000E+00
    8451   1.0000000000E+00
    8452   1.0000000000E+00
    8453   1.0000000000E+00
    8454   1.0000000000E+00
    8455   1.0000000000E+00
    8456   1.0000000000E+00
    8457   1.0000000000E+00
    8458   1.0000000000E+00
    8459   1.0000000000E+00
    8460   1.0000000000E+00
    8461   1.0000000000E+00
    8462   1.0000000000E+00
    8463   1.0000000000E+00
    8464   1.0000000000E+00
    8465   1.0000000000E+00
    8466   1.0000000000E+00
    8467   1.0000000000E+00
    8468   1.0000000000E+00
    8469   1.0000000000E+00
    8470   1.0000000000E+00
    8471   1.0000000000E+00
    8472   1.0000000000E+00
    8473   1.0000000000E+00
    8474   1.0000000000E+00
    8475   1.0000000000E+00
    8476   1.0000000000E+00
    8477   1.0000000000E+00
    8478   1.0000000000E+00
    8479   1.0000000000E+00
    8480   1.0000000000E+00
    8481   1.0000000000E+00
    8482   1.0000000000E+00
    8483   1.0000000000E+00
    8484   1.0000000000E+00
    8485   1.0000000000E+00
    8486   1.0000000000E+00
    8487   1.0000000000E+00
    8488   1.0000000000E+00
    8489   1.0000000000E+00
    8490   1.0000000000E+00
    8491   1.0000000000E+00
    8492   1.0000000000E+00
    8493   1.0000000000E+00
    8494   1.0000000000E+00
    8495   1.0000000000E+00
    8496   1.0000000000E+00
    8497   1.0000000000E+00
    8498   1.0000000000E+00
    8499   1.0000000000E+00
    8500   1.0000000000E+00
    8501   1.0000000000E+00
    8502   1.0000000000E+00
    8503   1.0000000000E+00
    8504   1.0000000000E+00
    8505   1.0000000000E+00
    8506   1.0000000000E+00
    8507   1.0000000000E+00
    8508   1.0000000000E+00
    8509   1.0000000000E+00
    8510   1.0000000000E+00
    8511   1.0000000000E+00
    8512   1.0000000000E+00
    8513   1.0000000000E+00
    8514   1.0000000000E+00
    8515   1.0000000000E+00
    8516   1.0000000000E+00
    8517   1.0000000000E+00
    8518   1.0000000000E+00
    8519   1.0000000000E+00
    8520   1.0000000000E+00
    8521   1.0000000000E+00
    8522   1.0000000000E+00
    8523   1.0000000000E+00
    8524   1.0000000000E+00
    8525   1.0000000000E+00
    8526   1.0000000000E+00
    8527   1.0000000000E+00
    8528   1.0000000000E+00
    8529   1.0000000000E+00
    8530   1.0000000000E+00
    8531   1.0000000000E+00
    8532   1.0000000000E+00
    8533   1.0000000000E+00
    8534   1.0000000000E+00
    8535   1.0000000000E+00
    8536   1.0000000000E+00
    8537   1.0000000000E+00
    8538   1.0000000000E+00
    8539   1.0000000000E+00
    8540   1.0000000000E+00
    8541   1.0000000000E+00
    8542   1.0000000000E+00
    8543   1.0000000000E+00
    8544   1.0000000000E+00
    8545   1.0000000000E+00
    8546   1.0000000000E+00
    8547   1.0000000000E+00
    8548   1.0000000000E+00
    8549   1.0000000000E+00
    8550   1.0000000000E+00
    8551   1.0000000000E+00
    8552   1.0000000000E+00
    8553   1.0000000000E+00
    8554   1.0000000000E+00
    8555   1.0000000000E+00
    8556   1.0000000000E+00
    8557   1.0000000000E+00
    8558   1.0000000000E+00
    8559   1.0000000000E+00
    8560   1.0000000000E+00
    8561   1.0000000000E+00
    8562   1.0000000000E+00
    8563   1.0000000000E+00
    8564   1.0000000000E+00
    8565   1.0000000000E+00
    8566   1.0000000000E+00
    8567   1.0000000000E+00
    8568   1.0000000000E+00
    8569   1.0000000000E+00
    8570   1.0000000000E+00
    8571   1.0000000000E+00
    8572   1.0000000000E+00
    8573   1.0000000000E+00
    8574   1.0000000000E+00
    8575   1.0000000000E+00
    8576   1.0000000000E+00
    8577   1.0000000000E+00
    8578   1.0000000000E+00
    8579   1.0000000000E+00
    8580   1.0000000000E+00
    8581   1.0000000000E+00
    8582   1.0000000000E+00
    8583   1.0000000000E+00
    8584   1.0000000000E+00
    8585   1.0000000000E+00
    8586   1.0000000000E+00
    8587   1.0000000000E+00
    8588   1.0000000000E+00
    8589   1.0000000000E+00
    8590   1.0000000000E+00
    8591   1.0000000000E+00
    8592   1.0000000000E+00
    8593   1.0000000000E+00
    8594   1.0000000000E+00
    8595   1.0000000000E+00
    8596   1.0000000000E+00
    8597   1.0000000000E+00
    8598   1.0000000000E+00
    8599   1.0000000000E+00
    8600   1.0000000000E+00
    8601   1.0000000000E+00
    8602   1.0000000000E+00
    8603   1.0000000000E+00
    8604   1.0000000000E+00
    8605   1.0000000000E+00
    8606   1.0000000000E+00
    8607   1.0000000000E+00
    8608   1.0000000000E+00
    8609   1.0000000000E+00
    8610   1.0000000000E+00
    8611   1.0000000000E+00
    8612   1.0000000000E+00
    8613   1.0000000000E+00
    8614   1.0000000000E+00
    8615   1.0000000000E+00
    8616   1.0000000000E+00
    8617   1.0000000000E+00
    8618   1.0000000000E+00
    8619   1.0000000000E+00
    8620   1.0000000000E+00
    8621   1.0000000000E+00
    8622   1.0000000000E+00
    8623   1.0000000000E+00
    8624   1.0000000000E+00
    8625   1.0000000000E+00
    8626   1.0000000000E+00
    8627   1.0000000000E+00
    8628   1.0000000000E+00
    8629   1.0000000000E+00
    8630   1.0000000000E+00
    8631   1.0000000000E+00
    8632   1.0000000000E+00
    8633   1.0000000000E+00
    8634   1.0000000000E+00
    8635   1.0000000000E+00
    8636   1.0000000000E+00
    8637   1.0000000000E+00
    8638   1.0000000000E+00
    8639   1.0000000000E+00
    8640   1.0000000000E+00
    8641   1.0000000000E+00
    8642   1.0000000000E+00
    8643   1.0000000000E+00
    8644   1.0000000000E+00
    8645   1.0000000000E+00
    8646   1.0000000000E+00
    8647   1.0000000000E+00
    8648   1.0000000000E+00
    8649   1.0000000000E+00
    8650   1.0000000000E+00
    8651   1.0000000000E+00
    8652   1.0000000000E+00
    8653   1.0000000000E+00
    8654   1.0000000000E+00
    8655   1.0000000000E+00
    8656   1.0000000000E+00
    8657   1.0000000000E+00
    8658   1.0000000000E+00
    8659   1.0000000000E+00
    8660   1.0000000000E+00
    8661   1.0000000000E+00
    8662   1.0000000000E+00
    8663   1.0000000000E+00
    8664   1.0000000000E+00
    8665   1.0000000000E+00
    8666   1.0000000000E+00
    8667   1.0000000000E+00
    8668   1.0000000000E+00
    8669   1.0000000000E+00
    8670   1.0000000000E+00
    8671   1.0000000000E+00
    8672   1.0000000000E+00
    8673   1.0000000000E+00
    8674   1.0000000000E+00
    8675   1.0000000000E+00
    8676   1.0000000000E+00
    8677   1.0000000000E+00
    8678   1.0000000000E+00
    8679   1.0000000000E+00
    8680   1.0000000000E+00
    8681   1.0000000000E+00
    8682   1.0000000000E+00
    8683   1.0000000000E+00
    8684   1.0000000000E+00
    8685   1.0000000000E+00
    8686   1.0000000000E+00
    8687   1.0000000000E+00
    8688   1.0000000000E+00
    8689   1.0000000000E+00
    8690   1.0000000000E+00
    8691   1.0000000000E+00
    8692   1.0000000000E+00
    8693   1.0000000000E+00
    8694   1.0000000000E+00
    8695   1.0000000000E+00
    8696   1.0000000000E+00
    8697   1.0000000000E+00
    8698   1.0000000000E+00
    8699   1.0000000000E+00
    8700   1.0000000000E+00
    8701   1.0000000000E+00
    8702   1.0000000000E+00
    8703   1.0000000000E+00
    8704   1.0000000000E+00
    8705   1.0000000000E+00
    8706   1.0000000000E+00
    8707   1.0000000000E+00
    8708   1.0000000000E+00
    8709   1.0000000000E+00
    8710   1.0000000000E+00
    8711   1.0000000000E+00
    8712   1.0000000000E+00
    8713   1.0000000000E+00
    8714   1.0000000000E+00
    8715   1.0000000000E+00
    8716   1.0000000000E+00
    8717   1.0000000000E+00
    8718   1.0000000000E+00
    8719   1.0000000000E+00
    8720   1.0000000000E+00
    8721   1.0000000000E+00
    8722   1.0000000000E+00
    8723   1.0000000000E+00
    8724   1.0000000000E+00
    8725   1.0000000000E+00
    8726   1.0000000000E+00
    8727   1.0000000000E+00
    8728   1.0000000000E+00
    8729   1.0000000000E+00
    8730   1.0000000000E+00
    8731   1.0000000000E+00
    8732   1.0000000000E+00
    8733   1.0000000000E+00
    8734   1.0000000000E+00
    8735   1.0000000000E+00
    8736   1.0000000000E+00
    8737   1.0000000000E+00
    8738   1.0000000000E+00
    8739   1.0000000000E+00
    8740   1.0000000000E+00
    8741   1.0000000000E+00
    8742   1.0000000000E+00
    8743   1.0000000000E+00
    8744   1.0000000000E+00
    8745   1.0000000000E+00
    8746   1.0000000000E+00
    8747   1.0000000000E+00
    8748   1.0000000000E+00
    8749   1.0000000000E+00
    8750   1.0000000000E+00
    8751   1.0000000000E+00
    8752   1.0000000000E+00
    8753   1.0000000000E+00
    8754   1.0000000000E+00
    8755   1.0000000000E+00
    8756   1.0000000000E+00
    8757   1.0000000000E+00
    8758   1.0000000000E+00
    8759   1.0000000000E+00
    8760   1.0000000000E+00
    8761   1.0000000000E+00
    8762   1.0000000000E+00
    8763   1.0000000000E+00
    8764   1.0000000000E+00
    8765   1.0000000000E+00
    8766   1.0000000000E+00
    8767   1.0000000000E+00
    8768   1.0000000000E+00
    8769   1.0000000000E+00
    8770   1.0000000000E+00
    8771   1.0000000000E+00
    8772   1.0000000000E+00
    8773   1.0000000000E+00
    8774   1.0000000000E+00
    8775   1.0000000000E+00
    8776   1.0000000000E+00
    8777   1.0000000000E+00
    8778   1.0000000000E+00
    8779   1.0000000000E+00
    8780   1.0000000000E+00
    8781   1.0000000000E+00
    8782   1.0000000000E+00
    8783   1.0000000000E+00
    8784   1.0000000000E+00
    8785   1.0000000000E+00
    8786   1.0000000000E+00
    8787   1.0000000000E+00
    8788   1.0000000000E+00
    8789   1.0000000000E+00
    8790   1.0000000000E+00
    8791   1.0000000000E+00
    8792   1.0000000000E+00
    8793   1.0000000000E+00
    8794   1.0000000000E+00
    8795   1.0000000000E+00
    8796   1.0000000000E+00
    8797   1.0000000000E+00
    8798   1.0000000000E+00
    8799   1.0000000000E+00
    8800   1.0000000000E+00
    8801   1.0000000000E+00
    8802   1.0000000000E+00
    8803   1.0000000000E+00
    8804   1.0000000000E+00
    8805   1.0000000000E+00
    8806   1.0000000000E+00
    8807   1.0000000000E+00
    8808   1.0000000000E+00
    8809   1.0000000000E+00
    8810   1.0000000000E+00
    8811   1.0000000000E+00
    8812   1.0000000000E+00
    8813   1.0000000000E+00
    8814   1.0000000000E+00
    8815   1.0000000000E+00
    8816   1.0000000000E+00
    8817   1.0000000000E+00
    8818   1.0000000000E+00
    8819   1.0000000000E+00
    8820   1.0000000000E+00
    8821   1.0000000000E+00
    8822   1.0000000000E+00
    8823   1.0000000000E+00
    8824   1.0000000000E+00
    8825   1.0000000000E+00
    8826   1.0000000000E+00
    8827   1.0000000000E+00
    8828   1.0000000000E+00
    8829   1.0000000000E+00
    8830   1.0000000000E+00
    8831   1.0000000000E+00
    8832   1.0000000000E+00
    8833   1.0000000000E+00
    8834   1.0000000000E+00
    8835   1.0000000000E+00
    8836   1.0000000000E+00
    8837   1.0000000000E+00
    8838   1.0000000000E+00
    8839   1.0000000000E+00
    8840   1.0000000000E+00
    8841   1.0000000000E+00
    8842   1.0000000000E+00
    8843   1.0000000000E+00
    8844   1.0000000000E+00
    8845   1.0000000000E+00
    8846   1.0000000000E+00
    8847   1.0000000000E+00
    8848   1.0000000000E+00
    8849   1.0000000000E+00
    8850   1.0000000000E+00
    8851   1.0000000000E+00
    8852   1.0000000000E+00
    8853   1.0000000000E+00
    8854   1.0000000000E+00
    8855   1.0000000000E+00
    8856   1.0000000000E+00
    8857   1.0000000000E+00
    8858   1.0000000000E+00
    8859   1.0000000000E+00
    8860   1.0000000000E+00
    8861   1.0000000000E+00
    8862   1.0000000000E+00
    8863   1.0000000000E+00
    8864   1.0000000000E+00
    8865   1.0000000000E+00
    8866   1.0000000000E+00
    8867   1.0000000000E+00
    8868   1.0000000000E+00
    8869   1.0000000000E+00
    8870   1.0000000000E+00
    8871   1.0000000000E+00
    8872   1.0000000000E+00
    8873   1.0000000000E+00
    8874   1.0000000000E+00
    8875   1.0000000000E+00
    8876   1.0000000000E+00
    8877   1.0000000000E+00
    8878   1.0000000000E+00
    8879   1.0000000000E+00
    8880   1.0000000000E+00
    8881   1.0000000000E+00
    8882   1.0000000000E+00
    8883   1.0000000000E+00
    8884   1.0000000000E+00
    8885   1.0000000000E+00
    8886   1.0000000000E+00
    8887   1.0000000000E+00
    8888   1.0000000000E+00
    8889   1.0000000000E+00
    8890   1.0000000000E+00
    8891   1.0000000000E+00
    8892   1.0000000000E+00
    8893   1.0000000000E+00
    8894   1.0000000000E+00
    8895   1.0000000000E+00
    8896   1.0000000000E+00
    8897   1.0000000000E+00
    8898   1.0000000000E+00
    8899   1.0000000000E+00
    8900   1.0000000000E+00
    8901   1.0000000000E+00
    8902   1.0000000000E+00
    8903   1.0000000000E+00
    8904   1.0000000000E+00
    8905   1.0000000000E+00
    8906   1.0000000000E+00
    8907   1.0000000000E+00
    8908   1.0000000000E+00
    8909   1.0000000000E+00
    8910   1.0000000000E+00
    8911   1.0000000000E+00
    8912   1.0000000000E+00
    8913   1.0000000000E+00
    8914   1.0000000000E+00
    8915   1.0000000000E+00
    8916   1.0000000000E+00
    8917   1.0000000000E+00
    8918   1.0000000000E+00
    8919   1.0000000000E+00
    8920   1.0000000000E+00
    8921   1.0000000000E+00
    8922   1.0000000000E+00
    8923   1.0000000000E+00
    8924   1.0000000000E+00
    8925   1.0000000000E+00
    8926   1.0000000000E+00
    8927   1.0000000000E+00
    8928   1.0000000000E+00
    8929   1.0000000000E+00
    8930   1.0000000000E+00
    8931   1.0000000000E+00
    8932   1.0000000000E+00
    8933   1.0000000000E+00
    8934   1.0000000000E+00
    8935   1.0000000000E+00
    8936   1.0000000000E+00
    8937   1.0000000000E+00
    8938   1.0000000000E+00
    8939   1.0000000000E+00
    8940   1.0000000000E+00
    8941   1.0000000000E+00
    8942   1.0000000000E+00
    8943   1.0000000000E+00
    8944   1.0000000000E+00
    8945   1.0000000000E+00
    8946   1.0000000000E+00
    8947   1.0000000000E+00
    8948   1.0000000000E+00
    8949   1.0000000000E+00
    8950   1.0000000000E+00
    8951   1.0000000000E+00
    8952   1.0000000000E+00
    8953   1.0000000000E+00
    8954   1.0000000000E+00
    8955   1.0000000000E+00
    8956   1.0000000000E+00
    8957   1.0000000000E+00
    8958   1.0000000000E+00
    8959   1.0000000000E+00
    8960   1.0000000000E+00
    8961   1.0000000000E+00
    8962   1.0000000000E+00
    8963   1.0000000000E+00
    8964   1.0000000000E+00
    8965   1.0000000000E+00
    8966   1.0000000000E+00
    8967   1.0000000000E+00
    8968   1.0000000000E+00
    8969   1.0000000000E+00
    8970   1.0000000000E+00
    8971   1.0000000000E+00
    8972   1.0000000000E+00
    8973   1.0000000000E+00
    8974   1.0000000000E+00
    8975   1.0000000000E+00
    8976   1.0000000000E+00
    8977   1.0000000000E+00
    8978   1.0000000000E+00
    8979   1.0000000000E+00
    8980   1.0000000000E+00
    8981   1.0000000000E+00
    8982   1.0000000000E+00
    8983   1.0000000000E+00
    8984   1.0000000000E+00
    8985   1.0000000000E+00
    8986   1.0000000000E+00
    8987   1.0000000000E+00
    8988   1.0000000000E+00
    8989   1.0000000000E+00
    8990   1.0000000000E+00
    8991   1.0000000000E+00
    8992   1.0000000000E+00
    8993   1.0000000000E+00
    8994   1.0000000000E+00
    8995   1.0000000000E+00
    8996   1.0000000000E+00
    8997   1.0000000000E+00
    8998   1.0000000000E+00
    8999   1.0000000000E+00
    9000   1.0000000000E+00
    9001   1.0000000000E+00
    9002   1.0000000000E+00
    9003   1.0000000000E+00
    9004   1.0000000000E+00
    9005   1.0000000000E+00
    9006   1.0000000000E+00
    9007   1.0000000000E+00
    9008   1.0000000000E+00
    9009   1.0000000000E+00
    9010   1.0000000000E+00
    9011   1.0000000000E+00
    9012   1.0000000000E+00
    9013   1.0000000000E+00
    9014   1.0000000000E+00
    9015   1.0000000000E+00
    9016   1.0000000000E+00
    9017   1.0000000000E+00
    9018   1.0000000000E+00
    9019   1.0000000000E+00
    9020   1.0000000000E+00
    9021   1.0000000000E+00
    9022   1.0000000000E+00
    9023   1.0000000000E+00
    9024   1.0000000000E+00
    9025   1.0000000000E+00
    9026   1.0000000000E+00
    9027   1.0000000000E+00
    9028   1.0000000000E+00
    9029   1.0000000000E+00
    9030   1.0000000000E+00
    9031   1.0000000000E+00
    9032   1.0000000000E+00
    9033   1.0000000000E+00
    9034   1.0000000000E+00
    9035   1.0000000000E+00
    9036   1.0000000000E+00
    9037   1.0000000000E+00
    9038   1.0000000000E+00
    9039   1.0000000000E+00
    9040   1.0000000000E+00
    9041   1.0000000000E+00
    9042   1.0000000000E+00
    9043   1.0000000000E+00
    9044   1.0000000000E+00
    9045   1.0000000000E+00
    9046   1.0000000000E+00
    9047   1.0000000000E+00
    9048   1.0000000000E+00
    9049   1.0000000000E+00
    9050   1.0000000000E+00
    9051   1.0000000000E+00
    9052   1.0000000000E+00
    9053   1.0000000000E+00
    9054   1.0000000000E+00
    9055   1.0000000000E+00
    9056   1.0000000000E+00
    9057   1.0000000000E+00
    9058   1.0000000000E+00
    9059   1.0000000000E+00
    9060   1.0000000000E+00
    9061   1.0000000000E+00
    9062   1.0000000000E+00
    9063   1.0000000000E+00
    9064   1.0000000000E+00
    9065   1.0000000000E+00
    9066   1.0000000000E+00
    9067   1.0000000000E+00
    9068   1.0000000000E+00
    9069   1.0000000000E+00
    9070   1.0000000000E+00
    9071   1.0000000000E+00
    9072   1.0000000000E+00
    9073   1.0000000000E+00
    9074   1.0000000000E+00
    9075   1.0000000000E+00
    9076   1.0000000000E+00
    9077   1.0000000000E+00
    9078   1.0000000000E+00
    9079   1.0000000000E+00
    9080   1.0000000000E+00
    9081   1.0000000000E+00
    9082   1.0000000000E+00
    9083   1.0000000000E+00
    9084   1.0000000000E+00
    9085   1.0000000000E+00
    9086   1.0000000000E+00
    9087   1.0000000000E+00
    9088   1.0000000000E+00
    9089   1.0000000000E+00
    9090   1.0000000000E+00
    9091   1.0000000000E+00
    9092   1.0000000000E+00
    9093   1.0000000000E+00
    9094   1.0000000000E+00
    9095   1.0000000000E+00
    9096   1.0000000000E+00
    9097   1.0000000000E+00
    9098   1.0000000000E+00
    9099   1.0000000000E+00
    9100   1.0000000000E+00
    9101   1.0000000000E+00
    9102   1.0000000000E+00
    9103   1.0000000000E+00
    9104   1.0000000000E+00
    9105   1.0000000000E+00
    9106   1.0000000000E+00
    9107   1.0000000000E+00
    9108   1.0000000000E+00
    9109   1.0000000000E+00
    9110   1.0000000000E+00
    9111   1.0000000000E+00
    9112   1.0000000000E+00
    9113   1.0000000000E+00
    9114   1.0000000000E+00
    9115   1.0000000000E+00
    9116   1.0000000000E+00
    9117   1.0000000000E+00
    9118   1.0000000000E+00
    9119   1.0000000000E+00
    9120   1.0000000000E+00
    9121   1.0000000000E+00
    9122   1.0000000000E+00
    9123   1.0000000000E+00
    9124   1.0000000000E+00
    9125   1.0000000000E+00
    9126   1.0000000000E+00
    9127   1.0000000000E+00
    9128   1.0000000000E+00
    9129   1.0000000000E+00
    9130   1.0000000000E+00
    9131   1.0000000000E+00
    9132   1.0000000000E+00
    9133   1.0000000000E+00
    9134   1.0000000000E+00
    9135   1.0000000000E+00
    9136   1.0000000000E+00
    9137   1.0000000000E+00
    9138   1.0000000000E+00
    9139   1.0000000000E+00
    9140   1.0000000000E+00
    9141   1.0000000000E+00
    9142   1.0000000000E+00
    9143   1.0000000000E+00
    9144   1.0000000000E+00
    9145   1.0000000000E+00
    9146   1.0000000000E+00
    9147   1.0000000000E+00
    9148   1.0000000000E+00
    9149   1.0000000000E+00
    9150   1.0000000000E+00
    9151   1.0000000000E+00
    9152   1.0000000000E+00
    9153   1.0000000000E+00
    9154   1.0000000000E+00
    9155   1.0000000000E+00
    9156   1.0000000000E+00
    9157   1.0000000000E+00
    9158   1.0000000000E+00
    9159   1.0000000000E+00
    9160   1.0000000000E+00
    9161   1.0000000000E+00
    9162   1.0000000000E+00
    9163   1.0000000000E+00
    9164   1.0000000000E+00
    9165   1.0000000000E+00
    9166   1.0000000000E+00
    9167   1.0000000000E+00
    9168   1.0000000000E+00
    9169   1.0000000000E+00
    9170   1.0000000000E+00
    9171   1.0000000000E+00
    9172   1.0000000000E+00
    9173   1.0000000000E+00
    9174   1.0000000000E+00
    9175   1.0000000000E+00
    9176   1.0000000000E+00
    9177   1.0000000000E+00
    9178   1.0000000000E+00
    9179   1.0000000000E+00
    9180   1.0000000000E+00
    9181   1.0000000000E+00
    9182   1.0000000000E+00
    9183   1.0000000000E+00
    9184   1.0000000000E+00
    9185   1.0000000000E+00
    9186   1.0000000000E+00
    9187   1.0000000000E+00
    9188   1.0000000000E+00
    9189   1.0000000000E+00
    9190   1.0000000000E+00
    9191   1.0000000000E+00
    9192   1.0000000000E+00
    9193   1.0000000000E+00
    9194   1.0000000000E+00
    9195   1.0000000000E+00
    9196   1.0000000000E+00
    9197   1.0000000000E+00
    9198   1.0000000000E+00
    9199   1.0000000000E+00
    9200   1.0000000000E+00
    9201   1.0000000000E+00
    9202   1.0000000000E+00
    9203   1.0000000000E+00
    9204   1.0000000000E+00
    9205   1.0000000000E+00
    9206   1.0000000000E+00
    9207   1.0000000000E+00
    9208   1.0000000000E+00
    9209   1.0000000000E+00
    9210   1.0000000000E+00
    9211   1.0000000000E+00
    9212   1.0000000000E+00
    9213   1.0000000000E+00
    9214   1.0000000000E+00
    9215   1.0000000000E+00
    9216   1.0000000000E+00
    9217   1.0000000000E+00
    9218   1.0000000000E+00
    9219   1.0000000000E+00
    9220   1.0000000000E+00
    9221   1.0000000000E+00
    9222   1.0000000000E+00
    9223   1.0000000000E+00
    9224   1.0000000000E+00
    9225   1.0000000000E+00
    9226   1.0000000000E+00
    9227   1.0000000000E+00
    9228   1.0000000000E+00
    9229   1.0000000000E+00
    9230   1.0000000000E+00
    9231   1.0000000000E+00
    9232   1.0000000000E+00
    9233   1.0000000000E+00
    9234   1.0000000000E+00
    9235   1.0000000000E+00
    9236   1.0000000000E+00
    9237   1.0000000000E+00
    9238   1.0000000000E+00
    9239   1.0000000000E+00
    9240   1.0000000000E+00
    9241   1.0000000000E+00
    9242   1.0000000000E+00
    9243   1.0000000000E+00
    9244   1.0000000000E+00
    9245   1.0000000000E+00
    9246   1.0000000000E+00
    9247   1.0000000000E+00
    9248   1.0000000000E+00
    9249   1.0000000000E+00
    9250   1.0000000000E+00
    9251   1.0000000000E+00
    9252   1.0000000000E+00
    9253   1.0000000000E+00
    9254   1.0000000000E+00
    9255   1.0000000000E+00
    9256   1.0000000000E+00
    9257   1.0000000000E+00
    9258   1.0000000000E+00
    9259   1.0000000000E+00
    9260   1.0000000000E+00
    9261   1.0000000000E+00
    9262   1.0000000000E+00
    9263   1.0000000000E+00
    9264   1.0000000000E+00
    9265   1.0000000000E+00
    9266   1.0000000000E+00
    9267   1.0000000000E+00
    9268   1.0000000000E+00
    9269   1.0000000000E+00
    9270   1.0000000000E+00
    9271   1.0000000000E+00
    9272   1.0000000000E+00
    9273   1.0000000000E+00
    9274   1.0000000000E+00
    9275   1.0000000000E+00
    9276   1.0000000000E+00
    9277   1.0000000000E+00
    9278   1.0000000000E+00
    9279   1.0000000000E+00
    9280   1.0000000000E+00
    9281   1.0000000000E+00
    9282   1.0000000000E+00
    9283   1.0000000000E+00
    9284   1.0000000000E+00
    9285   1.0000000000E+00
    9286   1.0000000000E+00
    9287   1.0000000000E+00
    9288   1.0000000000E+00
    9289   1.0000000000E+00
    9290   1.0000000000E+00
    9291   1.0000000000E+00
    9292   1.0000000000E+00
    9293   1.0000000000E+00
    9294   1.0000000000E+00
    9295   1.0000000000E+00
    9296   1.0000000000E+00
    9297   1.0000000000E+00
    9298   1.0000000000E+00
    9299   1.0000000000E+00
    9300   1.0000000000E+00
    9301   1.0000000000E+00
    9302   1.0000000000E+00
    9303   1.0000000000E+00
    9304   1.0000000000E+00
    9305   1.0000000000E+00
    9306   1.0000000000E+00
    9307   1.0000000000E+00
    9308   1.0000000000E+00
    9309   1.0000000000E+00
    9310   1.0000000000E+00
    9311   1.0000000000E+00
    9312   1.0000000000E+00
    9313   1.0000000000E+00
    9314   1.0000000000E+00
    9315   1.0000000000E+00
    9316   1.0000000000E+00
    9317   1.0000000000E+00
    9318   1.0000000000E+00
    9319   1.0000000000E+00
    9320   1.0000000000E+00
    9321   1.0000000000E+00
    9322   1.0000000000E+00
    9323   1.0000000000E+00
    9324   1.0000000000E+00
    9325   1.0000000000E+00
    9326   1.0000000000E+00
    9327   1.0000000000E+00
    9328   1.0000000000E+00
    9329   1.0000000000E+00
    9330   1.0000000000E+00
    9331   1.0000000000E+00
    9332   1.0000000000E+00
    9333   1.0000000000E+00
    9334   1.0000000000E+00
    9335   1.0000000000E+00
    9336   1.0000000000E+00
    9337   1.0000000000E+00
    9338   1.0000000000E+00
    9339   1.0000000000E+00
    9340   1.0000000000E+00
    9341   1.0000000000E+00
    9342   1.0000000000E+00
    9343   1.0000000000E+00
    9344   1.0000000000E+00
    9345   1.0000000000E+00
    9346   1.0000000000E+00
    9347   1.0000000000E+00
    9348   1.0000000000E+00
    9349   1.0000000000E+00
    9350   1.0000000000E+00
    9351   1.0000000000E+00
    9352   1.0000000000E+00
    9353   1.0000000000E+00
    9354   1.0000000000E+00
    9355   1.0000000000E+00
    9356   1.0000000000E+00
    9357   1.0000000000E+00
    9358   1.0000000000E+00
    9359   1.0000000000E+00
    9360   1.0000000000E+00
    9361   1.0000000000E+00
    9362   1.0000000000E+00
    9363   1.0000000000E+00
    9364   1.0000000000E+00
    9365   1.0000000000E+00
    9366   1.0000000000E+00
    9367   1.0000000000E+00
    9368   1.0000000000E+00
    9369   1.0000000000E+00
    9370   1.0000000000E+00
    9371   1.0000000000E+00
    9372   1.0000000000E+00
    9373   1.0000000000E+00
    9374   1.0000000000E+00
    9375   1.0000000000E+00
    9376   1.0000000000E+00
    9377   1.0000000000E+00
    9378   1.0000000000E+00
    9379   1.0000000000E+00
    9380   1.0000000000E+00
    9381   1.0000000000E+00
    9382   1.0000000000E+00
    9383   1.0000000000E+00
    9384   1.0000000000E+00
    9385   1.0000000000E+00
    9386   1.0000000000E+00
    9387   1.0000000000E+00
    9388   1.0000000000E+00
    9389   1.0000000000E+00
    9390   1.0000000000E+00
    9391   1.0000000000E+00
    9392   1.0000000000E+00
    9393   1.0000000000E+00
    9394   1.0000000000E+00
    9395   1.0000000000E+00
    9396   1.0000000000E+00
    9397   1.0000000000E+00
    9398   1.0000000000E+00
    9399   1.0000000000E+00
    9400   1.0000000000E+00
    9401   1.0000000000E+00
    9402   1.0000000000E+00
    9403   1.0000000000E+00
    9404   1.0000000000E+00
    9405   1.0000000000E+00
    9406   1.0000000000E+00
    9407   1.0000000000E+00
    9408   1.0000000000E+00
    9409   1.0000000000E+00
    9410   1.0000000000E+00
    9411   1.0000000000E+00
    9412   1.0000000000E+00
    9413   1.0000000000E+00
    9414   1.0000000000E+00
    9415   1.0000000000E+00
    9416   1.0000000000E+00
    9417   1.0000000000E+00
    9418   1.0000000000E+00
    9419   1.0000000000E+00
    9420   1.0000000000E+00
    9421   1.0000000000E+00
    9422   1.0000000000E+00
    9423   1.0000000000E+00
    9424   1.0000000000E+00
    9425   1.0000000000E+00
    9426   1.0000000000E+00
    9427   1.0000000000E+00
    9428   1.0000000000E+00
    9429   1.0000000000E+00
    9430   1.0000000000E+00
    9431   1.0000000000E+00
    9432   1.0000000000E+00
    9433   1.0000000000E+00
    9434   1.0000000000E+00
    9435   1.0000000000E+00
    9436   1.0000000000E+00
    9437   1.0000000000E+00
    9438   1.0000000000E+00
    9439   1.0000000000E+00
    9440   1.0000000000E+00
    9441   1.0000000000E+00
    9442   1.0000000000E+00
    9443   1.0000000000E+00
    9444   1.0000000000E+00
    9445   1.0000000000E+00
    9446   1.0000000000E+00
    9447   1.0000000000E+00
    9448   1.0000000000E+00
    9449   1.0000000000E+00
    9450   1.0000000000E+00
    9451   1.0000000000E+00
    9452   1.0000000000E+00
    9453   1.0000000000E+00
    9454   1.0000000000E+00
    9455   1.0000000000E+00
    9456   1.0000000000E+00
    9457   1.0000000000E+00
    9458   1.0000000000E+00
    9459   1.0000000000E+00
    9460   1.0000000000E+00
    9461   1.0000000000E+00
    9462   1.0000000000E+00
    9463   1.0000000000E+00
    9464   1.0000000000E+00
    9465   1.0000000000E+00
    9466   1.0000000000E+00
    9467   1.0000000000E+00
    9468   1.0000000000E+00
    9469   1.0000000000E+00
    9470   1.0000000000E+00
    9471   1.0000000000E+00
    9472   1.0000000000E+00
    9473   1.0000000000E+00
    9474   1.0000000000E+00
    9475   1.0000000000E+00
    9476   1.0000000000E+00
    9477   1.0000000000E+00
    9478   1.0000000000E+00
    9479   1.0000000000E+00
    9480   1.0000000000E+00
    9481   1.0000000000E+00
    9482   1.0000000000E+00
    9483   1.0000000000E+00
    9484   1.0000000000E+00
    9485   1.0000000000E+00
    9486   1.0000000000E+00
    9487   1.0000000000E+00
    9488   1.0000000000E+00
    9489   1.0000000000E+00
    9490   1.0000000000E+00
    9491   1.0000000000E+00
    9492   1.0000000000E+00
    9493   1.0000000000E+00
    9494   1.0000000000E+00
    9495   1.0000000000E+00
    9496   1.0000000000E+00
    9497   1.0000000000E+00
    9498   1.0000000000E+00
    9499   1.0000000000E+00
    9500   1.0000000000E+00
    9501   1.0000000000E+00
    9502   1.0000000000E+00
    9503   1.0000000000E+00
    9504   1.0000000000E+00
    9505   1.0000000000E+00
    9506   1.0000000000E+00
    9507   1.0000000000E+00
    9508   1.0000000000E+00
    9509   1.0000000000E+00
    9510   1.0000000000E+00
    9511   1.0000000000E+00
    9512   1.0000000000E+00
    9513   1.0000000000E+00
    9514   1.0000000000E+00
    9515   1.0000000000E+00
    9516   1.0000000000E+00
    9517   1.0000000000E+00
    9518   1.0000000000E+00
    9519   1.0000000000E+00
    9520   1.0000000000E+00
    9521   1.0000000000E+00
    9522   1.0000000000E+00
    9523   1.0000000000E+00
    9524   1.0000000000E+00
    9525   1.0000000000E+00
    9526   1.0000000000E+00
    9527   1.0000000000E+00
    9528   1.0000000000E+00
    9529   1.0000000000E+00
    9530   1.0000000000E+00
    9531   1.0000000000E+00
    9532   1.0000000000E+00
    9533   1.0000000000E+00
    9534   1.0000000000E+00
    9535   1.0000000000E+00
    9536   1.0000000000E+00
    9537   1.0000000000E+00
    9538   1.0000000000E+00
    9539   1.0000000000E+00
    9540   1.0000000000E+00
    9541   1.0000000000E+00
    9542   1.0000000000E+00
    9543   1.0000000000E+00
    9544   1.0000000000E+00
    9545   1.0000000000E+00
    9546   1.0000000000E+00
    9547   1.0000000000E+00
    9548   1.0000000000E+00
    9549   1.0000000000E+00
    9550   1.0000000000E+00
    9551   1.0000000000E+00
    9552   1.0000000000E+00
    9553   1.0000000000E+00
    9554   1.0000000000E+00
    9555   1.0000000000E+00
    9556   1.0000000000E+00
    9557   1.0000000000E+00
    9558   1.0000000000E+00
    9559   1.0000000000E+00
    9560   1.0000000000E+00
    9561   1.0000000000E+00
    9562   1.0000000000E+00
    9563   1.0000000000E+00
    9564   1.0000000000E+00
    9565   1.0000000000E+00
    9566   1.0000000000E+00
    9567   1.0000000000E+00
    9568   1.0000000000E+00
    9569   1.0000000000E+00
    9570   1.0000000000E+00
    9571   1.0000000000E+00
    9572   1.0000000000E+00
    9573   1.0000000000E+00
    9574   1.0000000000E+00
    9575   1.0000000000E+00
    9576   1.0000000000E+00
    9577   1.0000000000E+00
    9578   1.0000000000E+00
    9579   1.0000000000E+00
    9580   1.0000000000E+00
    9581   1.0000000000E+00
    9582   1.0000000000E+00
    9583   1.0000000000E+00
    9584   1.0000000000E+00
    9585   1.0000000000E+00
    9586   1.0000000000E+00
    9587   1.0000000000E+00
    9588   1.0000000000E+00
    9589   1.0000000000E+00
    9590   1.0000000000E+00
    9591   1.0000000000E+00
    9592   1.0000000000E+00
    9593   1.0000000000E+00
    9594   1.0000000000E+00
    9595   1.0000000000E+00
    9596   1.0000000000E+00
    9597   1.0000000000E+00
    9598   1.0000000000E+00
    9599   1.0000000000E+00
    9600   1.0000000000E+00
    9601   1.0000000000E+00
    9602   1.0000000000E+00
    9603   1.0000000000E+00
    9604   1.0000000000E+00
    9605   1.0000000000E+00
    9606   1.0000000000E+00
    9607   1.0000000000E+00
    9608   1.0000000000E+00
    9609   1.0000000000E+00
    9610   1.0000000000E+00
    9611   1.0000000000E+00
    9612   1.0000000000E+00
    9613   1.0000000000E+00
    9614   1.0000000000E+00
    9615   1.0000000000E+00
    9616   1.0000000000E+00
    9617   1.0000000000E+00
    9618   1.0000000000E+00
    9619   1.0000000000E+00
    9620   1.0000000000E+00
    9621   1.0000000000E+00
    9622   1.0000000000E+00
    9623   1.0000000000E+00
    9624   1.0000000000E+00
    9625   1.0000000000E+00
    9626   1.0000000000E+00
    9627   1.0000000000E+00
    9628   1.0000000000E+00
    9629   1.0000000000E+00
    9630   1.0000000000E+00
    9631   1.0000000000E+00
    9632   1.0000000000E+00
    9633   1.0000000000E+00
    9634   1.0000000000E+00
    9635   1.0000000000E+00
    9636   1.0000000000E+00
    9637   1.0000000000E+00
    9638   1.0000000000E+00
    9639   1.0000000000E+00
    9640   1.0000000000E+00
    9641   1.0000000000E+00
    9642   1.0000000000E+00
    9643   1.0000000000E+00
    9644   1.0000000000E+00
    9645   1.0000000000E+00
    9646   1.0000000000E+00
    9647   1.0000000000E+00
    9648   1.0000000000E+00
    9649   1.0000000000E+00
    9650   1.0000000000E+00
    9651   1.0000000000E+00
    9652   1.0000000000E+00
    9653   1.0000000000E+00
    9654   1.0000000000E+00
    9655   1.0000000000E+00
    9656   1.0000000000E+00
    9657   1.0000000000E+00
    9658   1.0000000000E+00
    9659   1.0000000000E+00
    9660   1.0000000000E+00
    9661   1.0000000000E+00
    9662   1.0000000000E+00
    9663   1.0000000000E+00
    9664   1.0000000000E+00
    9665   1.0000000000E+00
    9666   1.0000000000E+00
    9667   1.0000000000E+00
    9668   1.0000000000E+00
    9669   1.0000000000E+00
    9670   1.0000000000E+00
    9671   1.0000000000E+00
    9672   1.0000000000E+00
    9673   1.0000000000E+00
    9674   1.0000000000E+00
    9675   1.0000000000E+00
    9676   1.0000000000E+00
    9677   1.0000000000E+00
    9678   1.0000000000E+00
    9679   1.0000000000E+00
    9680   1.0000000000E+00
    9681   1.0000000000E+00
    9682   1.0000000000E+00
    9683   1.0000000000E+00
    9684   1.0000000000E+00
    9685   1.0000000000E+00
    9686   1.0000000000E+00
    9687   1.0000000000E+00
    9688   1.0000000000E+00
    9689   1.0000000000E+00
    9690   1.0000000000E+00
    9691   1.0000000000E+00
    9692   1.0000000000E+00
    9693   1.0000000000E+00
    9694   1.0000000000E+00
    9695   1.0000000000E+00
    9696   1.0000000000E+00
    9697   1.0000000000E+00
    9698   1.0000000000E+00
    9699   1.0000000000E+00
    9700   1.0000000000E+00
    9701   1.0000000000E+00
    9702   1.0000000000E+00
    9703   1.0000000000E+00
    9704   1.0000000000E+00
    9705   1.0000000000E+00
    9706   1.0000000000E+00
    9707   1.0000000000E+00
    9708   1.0000000000E+00
    9709   1.0000000000E+00
    9710   1.0000000000E+00
    9711   1.0000000000E+00
    9712   1.0000000000E+00
    9713   1.0000000000E+00
    9714   1.0000000000E+00
    9715   1.0000000000E+00
    9716   1.0000000000E+00
    9717   1.0000000000E+00
    9718   1.0000000000E+00
    9719   1.0000000000E+00
    9720   1.0000000000E+00
    9721   1.0000000000E+00
    9722   1.0000000000E+00
    9723   1.0000000000E+00
    9724   1.0000000000E+00
    9725   1.0000000000E+00
    9726   1.0000000000E+00
    9727   1.0000000000E+00
    9728   1.0000000000E+00
    9729   1.0000000000E+00
    9730   1.0000000000E+00
    9731   1.0000000000E+00
    9732   1.0000000000E+00
    9733   1.0000000000E+00
    9734   1.0000000000E+00
    9735   1.0000000000E+00
    9736   1.0000000000E+00
    9737   1.0000000000E+00
    9738   1.0000000000E+00
    9739   1.0000000000E+00
    9740   1.0000000000E+00
    9741   1.0000000000E+00
    9742   1.0000000000E+00
    9743   1.0000000000E+00
    9744   1.0000000000E+00
    9745   1.0000000000E+00
    9746   1.0000000000E+00
    9747   1.0000000000E+00
    9748   1.0000000000E+00
    9749   1.0000000000E+00
    9750   1.0000000000E+00
    9751   1.0000000000E+00
    9752   1.0000000000E+00
    9753   1.0000000000E+00
    9754   1.0000000000E+00
    9755   1.0000000000E+00
    9756   1.0000000000E+00
    9757   1.0000000000E+00
    9758   1.0000000000E+00
    9759   1.0000000000E+00
    9760   1.0000000000E+00
    9761   1.0000000000E+00
    9762   1.0000000000E+00
    9763   1.0000000000E+00
    9764   1.0000000000E+00
    9765   1.0000000000E+00
    9766   1.0000000000E+00
    9767   1.0000000000E+00
    9768   1.0000000000E+00
    9769   1.0000000000E+00
    9770   1.0000000000E+00
    9771   1.0000000000E+00
    9772   1.0000000000E+00
    9773   1.0000000000E+00
    9774   1.0000000000E+00
    9775   1.0000000000E+00
    9776   1.0000000000E+00
    9777   1.0000000000E+00
    9778   1.0000000000E+00
    9779   1.0000000000E+00
    9780   1.0000000000E+00
    9781   1.0000000000E+00
    9782   1.0000000000E+00
    9783   1.0000000000E+00
    9784   1.0000000000E+00
    9785   1.0000000000E+00
    9786   1.0000000000E+00
    9787   1.0000000000E+00
    9788   1.0000000000E+00
    9789   1.0000000000E+00
    9790   1.0000000000E+00
    9791   1.0000000000E+00
    9792   1.0000000000E+00
    9793   1.0000000000E+00
    9794   1.0000000000E+00
    9795   1.0000000000E+00
    9796   1.0000000000E+00
    9797   1.0000000000E+00
    9798   1.0000000000E+00
    9799   1.0000000000E+00
    9800   1.0000000000E+00
    9801   1.0000000000E+00
    9802   1.0000000000E+00
    9803   1.0000000000E+00
    9804   1.0000000000E+00
    9805   1.0000000000E+00
    9806   1.0000000000E+00
    9807   1.0000000000E+00
    9808   1.0000000000E+00
    9809   1.0000000000E+00
    9810   1.0000000000E+00
    9811   1.0000000000E+00
    9812   1.0000000000E+00
    9813   1.0000000000E+00
    9814   1.0000000000E+00
    9815   1.0000000000E+00
    9816   1.0000000000E+00
    9817   1.0000000000E+00
    9818   1.0000000000E+00
    9819   1.0000000000E+00
    9820   1.0000000000E+00
    9821   1.0000000000E+00
    9822   1.0000000000E+00
    9823   1.0000000000E+00
    9824   1.0000000000E+00
    9825   1.0000000000E+00
    9826   1.0000000000E+00
    9827   1.0000000000E+00
    9828   1.0000000000E+00
    9829   1.0000000000E+00
    9830   1.0000000000E+00
    9831   1.0000000000E+00
    9832   1.0000000000E+00
    9833   1.0000000000E+00
    9834   1.0000000000E+00
    9835   1.0000000000E+00
    9836   1.0000000000E+00
    9837   1.0000000000E+00
    9838   1.0000000000E+00
    9839   1.0000000000E+00
    9840   1.0000000000E+00
    9841   1.0000000000E+00
    9842   1.0000000000E+00
    9843   1.0000000000E+00
    9844   1.0000000000E+00
    9845   1.0000000000E+00
    9846   1.0000000000E+00
    9847   1.0000000000E+00
    9848   1.0000000000E+00
    9849   1.0000000000E+00
    9850   1.0000000000E+00
    9851   1.0000000000E+00
    9852   1.0000000000E+00
    9853   1.0000000000E+00
    9854   1.0000000000E+00
    9855   1.0000000000E+00
    9856   1.0000000000E+00
    9857   1.0000000000E+00
    9858   1.0000000000E+00
    9859   1.0000000000E+00
    9860   1.0000000000E+00
    9861   1.0000000000E+00
    9862   1.0000000000E+00
    9863   1.0000000000E+00
    9864   1.0000000000E+00
    9865   1.0000000000E+00
    9866   1.0000000000E+00
    9867   1.0000000000E+00
    9868   1.0000000000E+00
    9869   1.0000000000E+00
    9870   1.0000000000E+00
    9871   1.0000000000E+00
    9872   1.0000000000E+00
    9873   1.0000000000E+00
    9874   1.0000000000E+00
    9875   1.0000000000E+00
    9876   1.0000000000E+00
    9877   1.0000000000E+00
    9878   1.0000000000E+00
    9879   1.0000000000E+00
    9880   1.0000000000E+00
    9881   1.0000000000E+00
    9882   1.0000000000E+00
    9883   1.0000000000E+00
    9884   1.0000000000E+00
    9885   1.0000000000E+00
    9886   1.0000000000E+00
    9887   1.0000000000E+00
    9888   1.0000000000E+00
    9889   1.0000000000E+00
    9890   1.0000000000E+00
    9891   1.0000000000E+00
    9892   1.0000000000E+00
    9893   1.0000000000E+00
    9894   1.0000000000E+00
    9895   1.0000000000E+00
    9896   1.0000000000E+00
    9897   1.0000000000E+00
    9898   1.0000000000E+00
    9899   1.0000000000E+00
    9900   1.0000000000E+00
    9901   1.0000000000E+00
    9902   1.0000000000E+00
    9903   1.0000000000E+00
    9904   1.0000000000E+00
    9905   1.0000000000E+00
    9906   1.0000000000E+00
    9907   1.0000000000E+00
    9908   1.0000000000E+00
    9909   1.0000000000E+00
    9910   1.0000000000E+00
    9911   1.0000000000E+00
    9912   1.0000000000E+00
    9913   1.0000000000E+00
    9914   1.0000000000E+00
    9915   1.0000000000E+00
    9916   1.0000000000E+00
    9917   1.0000000000E+00
    9918   1.0000000000E+00
    9919   1.0000000000E+00
    9920   1.0000000000E+00
    9921   1.0000000000E+00
    9922   1.0000000000E+00
    9923   1.0000000000E+00
    9924   1.0000000000E+00
    9925   1.0000000000E+00
    9926   1.0000000000E+00
    9927   1.0000000000E+00
    9928   1.0000000000E+00
    9929   1.0000000000E+00
    9930   1.0000000000E+00
    9931   1.0000000000E+00
    9932   1.0000000000E+00
    9933   1.0000000000E+00
    9934   1.0000000000E+00
    9935   1.0000000000E+00
    9936   1.0000000000E+00
    9937   1.0000000000E+00
    9938   1.0000000000E+00
    9939   1.0000000000E+00
    9940   1.0000000000E+00
    9941   1.0000000000E+00
    9942   1.0000000000E+00
    9943   1.0000000000E+00
    9944   1.0000000000E+00
    9945   1.0000000000E+00
    9946   1.0000000000E+00
    9947   1.0000000000E+00
    9948   1.0000000000E+00
    9949   1.0000000000E+00
    9950   1.0000000000E+00
    9951   1.0000000000E+00
    9952   1.0000000000E+00
    9953   1.0000000000E+00
    9954   1.0000000000E+00
    9955   1.0000000000E+00
    9956   1.0000000000E+00
    9957   1.0000000000E+00
    9958   1.0000000000E+00
    9959   1.0000000000E+00
    9960   1.0000000000E+00
    9961   1.0000000000E+00
    9962   1.0000000000E+00
    9963   1.0000000000E+00
    9964   1.0000000000E+00
    9965   1.0000000000E+00
    9966   1.0000000000E+00
    9967   1.0000000000E+00
    9968   1.0000000000E+00
    9969   1.0000000000E+00
    9970   1.0000000000E+00
    9971   1.0000000000E+00
    9972   1.0000000000E+00
    9973   1.0000000000E+00
    9974   1.0000000000E+00
    9975   1.0000000000E+00
    9976   1.0000000000E+00
    9977   1.0000000000E+00
    9978   1.0000000000E+00
    9979   1.0000000000E+00
    9980   1.0000000000E+00
    9981   1.0000000000E+00
    9982   1.0000000000E+00
    9983   1.0000000000E+00
    9984   1.0000000000E+00
    9985   1.0000000000E+00
    9986   1.0000000000E+00
    9987   1.0000000000E+00
    9988   1.0000000000E+00
    9989   1.0000000000E+00
    9990   1.0000000000E+00
    9991   1.0000000000E+00
    9992   1.0000000000E+00
    9993   1.0000000000E+00
    9994   1.0000000000E+00
    9995   1.0000000000E+00
    9996   1.0000000000E+00
    9997   1.0000000000E+00
    9998   1.0000000000E+00
    9999   1.0000000000E+00
   10000   8.3593750000E-01
   10001   1.6406250000E-01
   10002   0.0000000000E+00
   10003   0.0000000000E+00
